window_id,domain,pos,kld
conditional-fit-0100,axis1_general,0,0.6872657220601408
conditional-fit-0100,axis1_general,1,1.5526167994289817
conditional-fit-0100,axis1_general,2,1.6805329107496045
conditional-fit-0100,axis1_general,3,0.20637967179614566
conditional-fit-0100,axis1_general,4,1.8168278957651425
conditional-fit-0100,axis1_general,5,1.713518875319016
conditional-fit-0100,axis1_general,6,0.4183989383857336
conditional-fit-0100,axis1_general,7,0.14298760408078298
conditional-fit-0100,axis1_general,8,0.01079929085327858
conditional-fit-0100,axis1_general,9,0.5912692095184688
conditional-fit-0100,axis1_general,10,0.054060371480928626
conditional-fit-0100,axis1_general,11,0.3518333589064684
conditional-fit-0100,axis1_general,12,0.05091226547092306
conditional-fit-0100,axis1_general,13,0.20705095407019788
conditional-fit-0100,axis1_general,14,0.01624699628726543
conditional-fit-0100,axis1_general,15,0.008406298679538803
conditional-fit-0100,axis1_general,16,0.037552023694898844
conditional-fit-0100,axis1_general,17,0.1253411829957503
conditional-fit-0100,axis1_general,18,0.05909991184944236
conditional-fit-0100,axis1_general,19,0.20866704717416448
conditional-fit-0100,axis1_general,20,0.08868530865425597
conditional-fit-0100,axis1_general,21,0.08573730310937303
conditional-fit-0100,axis1_general,22,0.050634444562382405
conditional-fit-0100,axis1_general,23,0.024222330127220738
conditional-fit-0100,axis1_general,24,0.25498402699666434
conditional-fit-0100,axis1_general,25,0.04052187222328184
conditional-fit-0100,axis1_general,26,0.09332929183189227
conditional-fit-0100,axis1_general,27,0.014308593990242225
conditional-fit-0100,axis1_general,28,0.1037217433386047
conditional-fit-0100,axis1_general,29,0.06011880162022544
conditional-fit-0100,axis1_general,30,0.24407520268083527
conditional-fit-0100,axis1_general,31,0.4347774475273351
conditional-fit-0100,axis1_general,32,0.0020822736115031996
conditional-fit-0100,axis1_general,33,0.0005979643823871416
conditional-fit-0100,axis1_general,34,0.11244887121415188
conditional-fit-0100,axis1_general,35,0.19788169107916198
conditional-fit-0100,axis1_general,36,0.1830605181157044
conditional-fit-0100,axis1_general,37,0.08745230096737039
conditional-fit-0100,axis1_general,38,0.01134779624443184
conditional-fit-0100,axis1_general,39,0.11729167654095135
conditional-fit-0100,axis1_general,40,0.3240082874037491
conditional-fit-0100,axis1_general,41,0.4035545524789953
conditional-fit-0100,axis1_general,42,0.00375796915751222
conditional-fit-0100,axis1_general,43,0.16215394134682232
conditional-fit-0100,axis1_general,44,0.0005641883531036309
conditional-fit-0100,axis1_general,45,0.07435774585876807
conditional-fit-0100,axis1_general,46,0.05378159002733556
conditional-fit-0100,axis1_general,47,0.21424429088644936
conditional-fit-0100,axis1_general,48,0.1558580061533169
conditional-fit-0100,axis1_general,49,0.002556790130168566
conditional-fit-0100,axis1_general,50,0.0254493015030961
conditional-fit-0100,axis1_general,51,0.1756823763918438
conditional-fit-0100,axis1_general,52,0.06523755307240897
conditional-fit-0100,axis1_general,53,0.13765924369195373
conditional-fit-0100,axis1_general,54,0.0014376605556310376
conditional-fit-0100,axis1_general,55,0.01935600859994633
conditional-fit-0100,axis1_general,56,0.10831294088572899
conditional-fit-0100,axis1_general,57,0.0005159346788105631
conditional-fit-0100,axis1_general,58,0.21281436689383867
conditional-fit-0100,axis1_general,59,0.01293151591112134
conditional-fit-0100,axis1_general,60,0.22752772280057676
conditional-fit-0100,axis1_general,61,0.0011576017161070036
conditional-fit-0100,axis1_general,62,0.06521313894377652
conditional-fit-0100,axis1_general,63,1.2936299705356333e-05
conditional-fit-0100,axis1_general,64,0.0008238358269796651
conditional-fit-0100,axis1_general,65,0.08639725984141042
conditional-fit-0100,axis1_general,66,4.639403772572249e-05
conditional-fit-0100,axis1_general,67,0.0005074489211473734
conditional-fit-0100,axis1_general,68,0.16639185715579863
conditional-fit-0100,axis1_general,69,0.0009546744111703243
conditional-fit-0100,axis1_general,70,0.082803328137827
conditional-fit-0100,axis1_general,71,0.004683072062938483
conditional-fit-0100,axis1_general,72,0.11767602469162076
conditional-fit-0100,axis1_general,73,0.0008661665166785737
conditional-fit-0100,axis1_general,74,0.003559289251253192
conditional-fit-0100,axis1_general,75,0.2358430006777392
conditional-fit-0100,axis1_general,76,5.829959283065541e-05
conditional-fit-0100,axis1_general,77,0.0006021211811273097
conditional-fit-0100,axis1_general,78,0.0012242472109594866
conditional-fit-0100,axis1_general,79,0.12412579579773544
conditional-fit-0100,axis1_general,80,0.0007257093166005307
conditional-fit-0100,axis1_general,81,0.023190830349146534
conditional-fit-0100,axis1_general,82,7.903923672190284e-06
conditional-fit-0100,axis1_general,83,0.0011745032351181653
conditional-fit-0100,axis1_general,84,0.04045398029291896
conditional-fit-0100,axis1_general,85,0.001164168785522516
conditional-fit-0100,axis1_general,86,0.09271116398841472
conditional-fit-0100,axis1_general,87,0.0003601970015602199
conditional-fit-0100,axis1_general,88,0.000596280601951493
conditional-fit-0100,axis1_general,89,0.0010578192145671722
conditional-fit-0100,axis1_general,90,0.13743891192131236
conditional-fit-0100,axis1_general,91,0.17314070994536296
conditional-fit-0100,axis1_general,92,0.005952392623026687
conditional-fit-0100,axis1_general,93,0.0004247536526647388
conditional-fit-0100,axis1_general,94,0.018881991086399055
conditional-fit-0100,axis1_general,95,0.09515738231257166
conditional-fit-0100,axis1_general,96,0.008471785131275665
conditional-fit-0100,axis1_general,97,3.9690349587254396e-05
conditional-fit-0100,axis1_general,98,0.0010343478910855104
conditional-fit-0100,axis1_general,99,0.07036906799556729
conditional-fit-0100,axis1_general,100,0.2782535862934614
conditional-fit-0100,axis1_general,101,0.05384996431603664
conditional-fit-0100,axis1_general,102,0.050618971547527286
conditional-fit-0100,axis1_general,103,0.03132052091399934
conditional-fit-0100,axis1_general,104,0.00031580262492279646
conditional-fit-0100,axis1_general,105,0.0008993008585739793
conditional-fit-0100,axis1_general,106,0.06080248423470795
conditional-fit-0100,axis1_general,107,2.497473564142057e-05
conditional-fit-0100,axis1_general,108,0.0004237864179162028
conditional-fit-0100,axis1_general,109,7.596712751566202e-05
conditional-fit-0100,axis1_general,110,0.00019561914810958003
conditional-fit-0100,axis1_general,111,0.03989985656516773
conditional-fit-0100,axis1_general,112,0.042895993066471724
conditional-fit-0100,axis1_general,113,0.002648739419657895
conditional-fit-0100,axis1_general,114,0.00013699956090546556
conditional-fit-0100,axis1_general,115,0.0019262288257893133
conditional-fit-0100,axis1_general,116,0.037342347256328956
conditional-fit-0100,axis1_general,117,0.04940829096021063
conditional-fit-0100,axis1_general,118,0.03275719859542998
conditional-fit-0100,axis1_general,119,7.261205694487644e-05
conditional-fit-0100,axis1_general,120,4.5818231608885425e-05
conditional-fit-0100,axis1_general,121,0.028983476116697535
conditional-fit-0100,axis1_general,122,0.04584748984231812
conditional-fit-0100,axis1_general,123,0.07035222829022936
conditional-fit-0100,axis1_general,124,0.07339769570944095
conditional-fit-0100,axis1_general,125,0.00046353603265730813
conditional-fit-0100,axis1_general,126,0.013835830138508375
conditional-fit-0100,axis1_general,127,0.04033383574685343
conditional-fit-0100,axis1_general,128,0.006194236841380839
conditional-fit-0100,axis1_general,129,0.07388173286841271
conditional-fit-0100,axis1_general,130,0.04066779049735264
conditional-fit-0100,axis1_general,131,0.006311935010170529
conditional-fit-0100,axis1_general,132,0.18219039888304242
conditional-fit-0100,axis1_general,133,0.0727753061331376
conditional-fit-0100,axis1_general,134,0.018727502600325043
conditional-fit-0100,axis1_general,135,0.008474817478479734
conditional-fit-0100,axis1_general,136,0.11079666564741805
conditional-fit-0100,axis1_general,137,2.3084870403895827e-05
conditional-fit-0100,axis1_general,138,2.9757270320788464e-06
conditional-fit-0100,axis1_general,139,1.0039682021107453e-05
conditional-fit-0100,axis1_general,140,0.0031293357942708874
conditional-fit-0100,axis1_general,141,0.0693119879634341
conditional-fit-0100,axis1_general,142,0.05410311098068436
conditional-fit-0100,axis1_general,143,0.019733704084622578
conditional-fit-0100,axis1_general,144,0.05841979031379828
conditional-fit-0100,axis1_general,145,0.0016420128986162328
conditional-fit-0100,axis1_general,146,2.8659034698987564e-05
conditional-fit-0100,axis1_general,147,0.04234014486533425
conditional-fit-0100,axis1_general,148,0.04163309338923003
conditional-fit-0100,axis1_general,149,0.07059292578394259
conditional-fit-0100,axis1_general,150,0.08848793095244058
conditional-fit-0100,axis1_general,151,0.04195981956514934
conditional-fit-0100,axis1_general,152,0.07116530495151298
conditional-fit-0100,axis1_general,153,0.004587295812069235
conditional-fit-0100,axis1_general,154,0.005675938806084815
conditional-fit-0100,axis1_general,155,0.023970974548134287
conditional-fit-0100,axis1_general,156,0.05560372757927408
conditional-fit-0100,axis1_general,157,0.004665150871621817
conditional-fit-0100,axis1_general,158,0.01222756065717101
conditional-fit-0100,axis1_general,159,0.03077391683555286
conditional-fit-0100,axis1_general,160,0.06447886681734875
conditional-fit-0100,axis1_general,161,0.009581301614410433
conditional-fit-0100,axis1_general,162,0.06408100139260217
conditional-fit-0100,axis1_general,163,0.00012952638658884704
conditional-fit-0100,axis1_general,164,0.0019965642705338012
conditional-fit-0100,axis1_general,165,0.010005514796551086
conditional-fit-0100,axis1_general,166,1.9525261366849408e-05
conditional-fit-0100,axis1_general,167,0.0019503957530285529
conditional-fit-0100,axis1_general,168,0.0039829852637579075
conditional-fit-0100,axis1_general,169,0.00013761665799597766
conditional-fit-0100,axis1_general,170,5.2059862962305765e-05
conditional-fit-0100,axis1_general,171,0.0001062768796069959
conditional-fit-0100,axis1_general,172,0.00042885255312551216
conditional-fit-0100,axis1_general,173,0.028041679112008985
conditional-fit-0100,axis1_general,174,0.007917827173321684
conditional-fit-0100,axis1_general,175,0.05995685551868142
conditional-fit-0100,axis1_general,176,0.00026861107821249657
conditional-fit-0100,axis1_general,177,0.05424071346883771
conditional-fit-0100,axis1_general,178,0.10796121986860895
conditional-fit-0100,axis1_general,179,0.023005217230177913
conditional-fit-0100,axis1_general,180,0.06320465175569022
conditional-fit-0100,axis1_general,181,0.01662776036132673
conditional-fit-0100,axis1_general,182,0.005514517078562619
conditional-fit-0100,axis1_general,183,0.03954675827978853
conditional-fit-0100,axis1_general,184,0.0026046257378502485
conditional-fit-0100,axis1_general,185,0.04124526178546182
conditional-fit-0100,axis1_general,186,0.029774726669988594
conditional-fit-0100,axis1_general,187,0.04531484129822304
conditional-fit-0100,axis1_general,188,0.06580750898912247
conditional-fit-0100,axis1_general,189,0.06267957997285059
conditional-fit-0100,axis1_general,190,0.0054046640532225305
conditional-fit-0100,axis1_general,191,0.0011564081348589084
conditional-fit-0100,axis1_general,192,2.7937132708252096e-05
conditional-fit-0100,axis1_general,193,0.01888892476310476
conditional-fit-0100,axis1_general,194,3.585381631826374e-05
conditional-fit-0100,axis1_general,195,0.0008007948977237462
conditional-fit-0100,axis1_general,196,0.11917599360883918
conditional-fit-0100,axis1_general,197,0.19676628033917098
conditional-fit-0100,axis1_general,198,0.0001117749220247327
conditional-fit-0100,axis1_general,199,0.021169566523188736
conditional-fit-0100,axis1_general,200,0.0017154954832456519
conditional-fit-0100,axis1_general,201,0.003516867506358376
conditional-fit-0100,axis1_general,202,0.03290422344908346
conditional-fit-0100,axis1_general,203,0.013599163486068397
conditional-fit-0100,axis1_general,204,0.0031273618834664115
conditional-fit-0100,axis1_general,205,5.765116424265622e-06
conditional-fit-0100,axis1_general,206,6.56029454785867e-05
conditional-fit-0100,axis1_general,207,0.04460984966749431
conditional-fit-0100,axis1_general,208,0.017526089331333816
conditional-fit-0100,axis1_general,209,0.0017278545533186626
conditional-fit-0100,axis1_general,210,0.011367779407908472
conditional-fit-0100,axis1_general,211,0.016889122578408106
conditional-fit-0100,axis1_general,212,0.061186183720431844
conditional-fit-0100,axis1_general,213,9.14584171808794e-05
conditional-fit-0100,axis1_general,214,2.504455185866279e-05
conditional-fit-0100,axis1_general,215,1.3125586460360962e-06
conditional-fit-0100,axis1_general,216,4.373147143853671e-06
conditional-fit-0100,axis1_general,217,0.03605540270479854
conditional-fit-0100,axis1_general,218,0.0011812562834688598
conditional-fit-0100,axis1_general,219,0.001093062286334223
conditional-fit-0100,axis1_general,220,0.0010932897339853
conditional-fit-0100,axis1_general,221,0.025599927445202564
conditional-fit-0100,axis1_general,222,0.016964863626651873
conditional-fit-0100,axis1_general,223,0.02461296048912881
conditional-fit-0100,axis1_general,224,0.027627770215548204
conditional-fit-0100,axis1_general,225,0.005464234379693416
conditional-fit-0100,axis1_general,226,0.018400138301111105
conditional-fit-0100,axis1_general,227,0.004883762194892057
conditional-fit-0100,axis1_general,228,0.016022791511895108
conditional-fit-0100,axis1_general,229,4.14826153246556e-05
conditional-fit-0100,axis1_general,230,0.010600227360046614
conditional-fit-0100,axis1_general,231,0.009748979699374556
conditional-fit-0100,axis1_general,232,0.01953192179810062
conditional-fit-0100,axis1_general,233,3.833575481264424e-05
conditional-fit-0100,axis1_general,234,0.058007416962078805
conditional-fit-0100,axis1_general,235,0.0021782766928349767
conditional-fit-0100,axis1_general,236,0.04438872144757436
conditional-fit-0100,axis1_general,237,0.047079374675815744
conditional-fit-0100,axis1_general,238,0.16777159574770384
conditional-fit-0100,axis1_general,239,0.0010658724663136332
conditional-fit-0100,axis1_general,240,0.01329982126971646
conditional-fit-0100,axis1_general,241,0.02078238151463905
conditional-fit-0100,axis1_general,242,0.0062555522128918085
conditional-fit-0100,axis1_general,243,0.07238267369157703
conditional-fit-0100,axis1_general,244,8.743466111815797e-05
conditional-fit-0100,axis1_general,245,0.042778393465991424
conditional-fit-0100,axis1_general,246,0.0010960520478592575
conditional-fit-0100,axis1_general,247,9.547742450333184e-06
conditional-fit-0100,axis1_general,248,0.001234118411413954
conditional-fit-0100,axis1_general,249,1.6827237953824856e-06
conditional-fit-0100,axis1_general,250,0.0011110628190039488
conditional-fit-0100,axis1_general,251,0.018692780757147674
conditional-fit-0100,axis1_general,252,0.02560352181835085
conditional-fit-0100,axis1_general,253,0.009338998504198958
conditional-fit-0100,axis1_general,254,0.04650366711840611
conditional-fit-0100,axis1_general,255,0.05228350945291102
conditional-fit-0100,axis1_general,256,0.005965451598975602
conditional-fit-0100,axis1_general,257,9.579218863151609e-06
conditional-fit-0100,axis1_general,258,0.0007669686635871588
conditional-fit-0100,axis1_general,259,0.036866757958969626
conditional-fit-0100,axis1_general,260,0.00016606666880632017
conditional-fit-0100,axis1_general,261,0.002168716875398026
conditional-fit-0100,axis1_general,262,0.0995001993311149
conditional-fit-0100,axis1_general,263,0.04737826979881131
conditional-fit-0100,axis1_general,264,0.0024563031012679935
conditional-fit-0100,axis1_general,265,0.002431450379603243
conditional-fit-0100,axis1_general,266,0.03909232765359544
conditional-fit-0100,axis1_general,267,0.02895197569465202
conditional-fit-0100,axis1_general,268,0.11504521396649822
conditional-fit-0100,axis1_general,269,0.058356046640106046
conditional-fit-0100,axis1_general,270,0.17467864633079008
conditional-fit-0100,axis1_general,271,0.08195392880727853
conditional-fit-0100,axis1_general,272,0.03732205437327184
conditional-fit-0100,axis1_general,273,0.003583431972059106
conditional-fit-0100,axis1_general,274,0.048813610860799855
conditional-fit-0100,axis1_general,275,0.30066289095812704
conditional-fit-0100,axis1_general,276,0.0006786103649368095
conditional-fit-0100,axis1_general,277,0.003915396632823898
conditional-fit-0100,axis1_general,278,7.906354739701892e-05
conditional-fit-0100,axis1_general,279,0.0024882273362077834
conditional-fit-0100,axis1_general,280,0.008855987568804702
conditional-fit-0100,axis1_general,281,0.08639903557973554
conditional-fit-0100,axis1_general,282,0.0031259428162364843
conditional-fit-0100,axis1_general,283,0.02824352920841401
conditional-fit-0100,axis1_general,284,0.18503602160961463
conditional-fit-0100,axis1_general,285,0.12634469652060593
conditional-fit-0100,axis1_general,286,0.0016246287048858254
conditional-fit-0100,axis1_general,287,0.02957637657425081
conditional-fit-0100,axis1_general,288,0.020223887039699538
conditional-fit-0100,axis1_general,289,0.00014826881119833684
conditional-fit-0100,axis1_general,290,0.015413730929248212
conditional-fit-0100,axis1_general,291,0.028724883143320473
conditional-fit-0100,axis1_general,292,2.189737498150014e-05
conditional-fit-0100,axis1_general,293,0.019239997068985402
conditional-fit-0100,axis1_general,294,0.004594077421333525
conditional-fit-0100,axis1_general,295,0.024260313929109337
conditional-fit-0100,axis1_general,296,0.004973686744108258
conditional-fit-0100,axis1_general,297,0.015947132744675976
conditional-fit-0100,axis1_general,298,0.0686841069956266
conditional-fit-0100,axis1_general,299,0.05457102803574576
conditional-fit-0100,axis1_general,300,0.0002871687355532114
conditional-fit-0100,axis1_general,301,0.02025705885645866
conditional-fit-0100,axis1_general,302,0.0062559020430923255
conditional-fit-0100,axis1_general,303,0.08207511106294833
conditional-fit-0100,axis1_general,304,0.001411249490513908
conditional-fit-0100,axis1_general,305,0.004926802978260931
conditional-fit-0100,axis1_general,306,0.012670511575611887
conditional-fit-0100,axis1_general,307,1.4373881824597846e-05
conditional-fit-0100,axis1_general,308,2.0452519179837017e-05
conditional-fit-0100,axis1_general,309,0.0020576982826852695
conditional-fit-0100,axis1_general,310,2.9319103097509982e-05
conditional-fit-0100,axis1_general,311,0.038240238469822906
conditional-fit-0100,axis1_general,312,0.06484631927842338
conditional-fit-0100,axis1_general,313,0.035502564405954895
conditional-fit-0100,axis1_general,314,0.014016454536200644
conditional-fit-0100,axis1_general,315,6.744342640307603e-05
conditional-fit-0100,axis1_general,316,0.000997632729867203
conditional-fit-0100,axis1_general,317,0.01131388419554465
conditional-fit-0100,axis1_general,318,0.008955191172111944
conditional-fit-0100,axis1_general,319,0.0012497396173439717
conditional-fit-0100,axis1_general,320,0.015016691387468972
conditional-fit-0100,axis1_general,321,0.06218628221112375
conditional-fit-0100,axis1_general,322,7.026973501475635e-06
conditional-fit-0100,axis1_general,323,0.07011344897430447
conditional-fit-0100,axis1_general,324,0.03994413813561866
conditional-fit-0100,axis1_general,325,0.12796938778693923
conditional-fit-0100,axis1_general,326,0.002270970955431241
conditional-fit-0100,axis1_general,327,0.13557808901633464
conditional-fit-0100,axis1_general,328,0.7030706825001009
conditional-fit-0100,axis1_general,329,0.10614831559425733
conditional-fit-0100,axis1_general,330,0.11689555656137979
conditional-fit-0100,axis1_general,331,0.01593183075715768
conditional-fit-0100,axis1_general,332,3.326649480001997e-05
conditional-fit-0100,axis1_general,333,0.00039089374116908044
conditional-fit-0100,axis1_general,334,0.16703804607455927
conditional-fit-0100,axis1_general,335,0.0002614270266060275
conditional-fit-0100,axis1_general,336,0.0029285950057679686
conditional-fit-0100,axis1_general,337,0.02502101092452317
conditional-fit-0100,axis1_general,338,0.11588237889548979
conditional-fit-0100,axis1_general,339,0.000686821869032716
conditional-fit-0100,axis1_general,340,0.00010002956844285563
conditional-fit-0100,axis1_general,341,0.00010890957075425293
conditional-fit-0100,axis1_general,342,0.09611620333522386
conditional-fit-0100,axis1_general,343,0.0038706186542863514
conditional-fit-0100,axis1_general,344,0.06923438086809915
conditional-fit-0100,axis1_general,345,0.004308315814223206
conditional-fit-0100,axis1_general,346,0.008548555212434954
conditional-fit-0100,axis1_general,347,0.03988645671225134
conditional-fit-0100,axis1_general,348,9.20208784115464e-06
conditional-fit-0100,axis1_general,349,9.78346036437316e-06
conditional-fit-0100,axis1_general,350,0.0008735347642492488
conditional-fit-0100,axis1_general,351,0.007014299700825889
conditional-fit-0100,axis1_general,352,0.025715830056854683
conditional-fit-0100,axis1_general,353,0.08160745251553422
conditional-fit-0100,axis1_general,354,0.10166260981262873
conditional-fit-0100,axis1_general,355,0.0011627887550713224
conditional-fit-0100,axis1_general,356,0.011478809494982546
conditional-fit-0100,axis1_general,357,0.035249870631225304
conditional-fit-0100,axis1_general,358,0.011716989588187829
conditional-fit-0100,axis1_general,359,0.09304188059827613
conditional-fit-0100,axis1_general,360,0.015163907405192393
conditional-fit-0100,axis1_general,361,0.030848037624751995
conditional-fit-0100,axis1_general,362,0.0001048974103629647
conditional-fit-0100,axis1_general,363,0.014097699801924319
conditional-fit-0100,axis1_general,364,0.07226467423721059
conditional-fit-0100,axis1_general,365,0.05207678768797482
conditional-fit-0100,axis1_general,366,0.008141234840646558
conditional-fit-0100,axis1_general,367,0.034152143366395236
conditional-fit-0100,axis1_general,368,0.0002485569908594848
conditional-fit-0100,axis1_general,369,0.011156090364788457
conditional-fit-0100,axis1_general,370,0.004876634980033608
conditional-fit-0100,axis1_general,371,0.006409363472834804
conditional-fit-0100,axis1_general,372,0.03984140929650817
conditional-fit-0100,axis1_general,373,0.05232026455272774
conditional-fit-0100,axis1_general,374,0.002179778886483078
conditional-fit-0100,axis1_general,375,0.010045305544425292
conditional-fit-0100,axis1_general,376,0.001863042640914225
conditional-fit-0100,axis1_general,377,0.021267033247817112
conditional-fit-0100,axis1_general,378,0.07947866675972359
conditional-fit-0100,axis1_general,379,0.009228076082118137
conditional-fit-0100,axis1_general,380,0.12798949901532347
conditional-fit-0100,axis1_general,381,0.05700385285506367
conditional-fit-0100,axis1_general,382,0.015874698123478435
conditional-fit-0100,axis1_general,383,0.0004791536448273612
conditional-fit-0100,axis1_general,384,0.03245303583249726
conditional-fit-0100,axis1_general,385,0.03728525122836954
conditional-fit-0100,axis1_general,386,0.011290614752365143
conditional-fit-0100,axis1_general,387,0.005447106548180695
conditional-fit-0100,axis1_general,388,0.02352848486307678
conditional-fit-0100,axis1_general,389,0.0002927151762607796
conditional-fit-0100,axis1_general,390,5.3972184674553716e-05
conditional-fit-0100,axis1_general,391,0.0011294709775374558
conditional-fit-0100,axis1_general,392,0.09016966988545126
conditional-fit-0100,axis1_general,393,0.06720281841310734
conditional-fit-0100,axis1_general,394,0.0019192513533750385
conditional-fit-0100,axis1_general,395,0.038427272727816555
conditional-fit-0100,axis1_general,396,0.04518965415460305
conditional-fit-0100,axis1_general,397,0.013873652008358432
conditional-fit-0100,axis1_general,398,0.0024779515632944466
conditional-fit-0100,axis1_general,399,0.00017522618340937176
conditional-fit-0100,axis1_general,400,0.001764655197453844
conditional-fit-0100,axis1_general,401,0.07622758894846306
conditional-fit-0100,axis1_general,402,0.0029967771982738773
conditional-fit-0100,axis1_general,403,0.007000450812718629
conditional-fit-0100,axis1_general,404,0.031666948243181336
conditional-fit-0100,axis1_general,405,0.007094768887617762
conditional-fit-0100,axis1_general,406,0.0044348235561428705
conditional-fit-0100,axis1_general,407,0.005947103488186332
conditional-fit-0100,axis1_general,408,0.005328572522734349
conditional-fit-0100,axis1_general,409,0.012546721102985957
conditional-fit-0100,axis1_general,410,0.0056492217088147225
conditional-fit-0100,axis1_general,411,0.08480218349366593
conditional-fit-0100,axis1_general,412,0.2304775445975022
conditional-fit-0100,axis1_general,413,0.05415185442019165
conditional-fit-0100,axis1_general,414,0.09343478164527626
conditional-fit-0100,axis1_general,415,0.006944851572274773
conditional-fit-0100,axis1_general,416,6.113197790542829e-05
conditional-fit-0100,axis1_general,417,0.03457661914726053
conditional-fit-0100,axis1_general,418,0.002503088444972018
conditional-fit-0100,axis1_general,419,9.152427051108194e-06
conditional-fit-0100,axis1_general,420,5.9225201519891204e-05
conditional-fit-0100,axis1_general,421,0.03558781379011455
conditional-fit-0100,axis1_general,422,0.0006623042034127382
conditional-fit-0100,axis1_general,423,0.009095376443613974
conditional-fit-0100,axis1_general,424,0.09103911509424789
conditional-fit-0100,axis1_general,425,0.00016735734784830173
conditional-fit-0100,axis1_general,426,0.011756949352392259
conditional-fit-0100,axis1_general,427,7.908987238273134e-05
conditional-fit-0100,axis1_general,428,0.03860258021205267
conditional-fit-0100,axis1_general,429,1.4276718711751819e-05
conditional-fit-0100,axis1_general,430,0.00041783454380147424
conditional-fit-0100,axis1_general,431,2.8864017197674247e-05
conditional-fit-0100,axis1_general,432,0.0007979816849064864
conditional-fit-0100,axis1_general,433,0.09132916695655832
conditional-fit-0100,axis1_general,434,0.05772721667783989
conditional-fit-0100,axis1_general,435,0.12381511198881173
conditional-fit-0100,axis1_general,436,0.0036881483911519047
conditional-fit-0100,axis1_general,437,0.005853280921304473
conditional-fit-0100,axis1_general,438,0.026062042189151306
conditional-fit-0100,axis1_general,439,0.01274001191418888
conditional-fit-0100,axis1_general,440,0.13468606175304487
conditional-fit-0100,axis1_general,441,0.0013811405869675734
conditional-fit-0100,axis1_general,442,0.015206121403215991
conditional-fit-0100,axis1_general,443,0.022569537733757833
conditional-fit-0100,axis1_general,444,0.005876178507128779
conditional-fit-0100,axis1_general,445,0.02569708209459285
conditional-fit-0100,axis1_general,446,0.006140881501016899
conditional-fit-0100,axis1_general,447,0.007495546136776207
conditional-fit-0100,axis1_general,448,0.054286911011562675
conditional-fit-0100,axis1_general,449,0.009589555260351167
conditional-fit-0100,axis1_general,450,9.746627302969124e-06
conditional-fit-0100,axis1_general,451,0.0008545694340102915
conditional-fit-0100,axis1_general,452,0.010854472206094222
conditional-fit-0100,axis1_general,453,0.04821153974131502
conditional-fit-0100,axis1_general,454,0.0011977565471706798
conditional-fit-0100,axis1_general,455,0.0050164343064350485
conditional-fit-0100,axis1_general,456,0.008917998686257235
conditional-fit-0100,axis1_general,457,8.655274691055434e-05
conditional-fit-0100,axis1_general,458,5.327649364859619e-06
conditional-fit-0100,axis1_general,459,4.704720312676777e-05
conditional-fit-0100,axis1_general,460,1.828130980846235e-05
conditional-fit-0100,axis1_general,461,0.0012383220308224427
conditional-fit-0100,axis1_general,462,0.02847155734788369
conditional-fit-0100,axis1_general,463,0.01948157322221994
conditional-fit-0100,axis1_general,464,4.549506907228614e-06
conditional-fit-0100,axis1_general,465,0.03335119283813962
conditional-fit-0100,axis1_general,466,0.008617586228369977
conditional-fit-0100,axis1_general,467,0.005421382945657475
conditional-fit-0100,axis1_general,468,0.0014363621144846406
conditional-fit-0100,axis1_general,469,0.05338087901096338
conditional-fit-0100,axis1_general,470,0.014389386655545535
conditional-fit-0100,axis1_general,471,0.023415545502397397
conditional-fit-0100,axis1_general,472,1.4750857532295701e-05
conditional-fit-0100,axis1_general,473,0.0003062344620635341
conditional-fit-0100,axis1_general,474,7.557482112434551e-05
conditional-fit-0100,axis1_general,475,0.007747376348119464
conditional-fit-0100,axis1_general,476,0.0039761918061745815
conditional-fit-0100,axis1_general,477,0.02674011146482211
conditional-fit-0100,axis1_general,478,0.02638953404175908
conditional-fit-0100,axis1_general,479,0.0006612474855223756
conditional-fit-0100,axis1_general,480,0.000279295796120961
conditional-fit-0100,axis1_general,481,0.0010738583669670466
conditional-fit-0100,axis1_general,482,1.639347042881973e-06
conditional-fit-0100,axis1_general,483,2.1023665774631567e-05
conditional-fit-0100,axis1_general,484,2.957818472750734e-05
conditional-fit-0100,axis1_general,485,0.028346130833990072
conditional-fit-0100,axis1_general,486,2.8111616624823344e-06
conditional-fit-0100,axis1_general,487,0.03996866895102189
conditional-fit-0100,axis1_general,488,0.06327762323394018
conditional-fit-0100,axis1_general,489,0.0010895137145196208
conditional-fit-0100,axis1_general,490,0.011824310745145408
conditional-fit-0100,axis1_general,491,0.0217967203483834
conditional-fit-0100,axis1_general,492,0.02568402898063432
conditional-fit-0100,axis1_general,493,0.02964991100930555
conditional-fit-0100,axis1_general,494,0.024731168612300264
conditional-fit-0100,axis1_general,495,0.048879171106756616
conditional-fit-0100,axis1_general,496,0.025898415118417343
conditional-fit-0100,axis1_general,497,3.756985393672495e-05
conditional-fit-0100,axis1_general,498,0.009570516238699549
conditional-fit-0100,axis1_general,499,0.008954115010640133
conditional-fit-0100,axis1_general,500,1.6042111383845994e-05
conditional-fit-0100,axis1_general,501,0.0006409906473448156
conditional-fit-0100,axis1_general,502,0.005531856038149818
conditional-fit-0100,axis1_general,503,0.11379683932377829
conditional-fit-0100,axis1_general,504,0.023568535124526706
conditional-fit-0100,axis1_general,505,0.010022421478152362
conditional-fit-0100,axis1_general,506,3.0049048665656374e-05
conditional-fit-0100,axis1_general,507,0.00033653033493847217
conditional-fit-0100,axis1_general,508,0.04993659609027821
conditional-fit-0100,axis1_general,509,0.008092589259230796
conditional-fit-0100,axis1_general,510,0.0004532112898635374
conditional-fit-0100,axis1_general,511,0.005382962019671469
conditional-fit-0100,axis1_general,512,0.0008998428065035303
conditional-fit-0100,axis1_general,513,0.0008722167749646595
conditional-fit-0100,axis1_general,514,0.00020765496549590343
conditional-fit-0100,axis1_general,515,0.000194374580916242
conditional-fit-0100,axis1_general,516,9.163458140713549e-05
conditional-fit-0100,axis1_general,517,0.00128967236573035
conditional-fit-0100,axis1_general,518,0.04075130397343597
conditional-fit-0100,axis1_general,519,0.009829458951090064
conditional-fit-0100,axis1_general,520,0.0026880029544034227
conditional-fit-0100,axis1_general,521,0.008591262733617364
conditional-fit-0100,axis1_general,522,7.068644623540974e-05
conditional-fit-0100,axis1_general,523,0.0002346007197911747
conditional-fit-0100,axis1_general,524,0.0007970109916301989
conditional-fit-0100,axis1_general,525,0.0025998228366824958
conditional-fit-0100,axis1_general,526,9.097615747088214e-05
conditional-fit-0100,axis1_general,527,0.0020850083971563466
conditional-fit-0100,axis1_general,528,0.026950743770460025
conditional-fit-0100,axis1_general,529,0.043743778116379466
conditional-fit-0100,axis1_general,530,0.04019683359001722
conditional-fit-0100,axis1_general,531,0.030959981146108036
conditional-fit-0100,axis1_general,532,0.03895185458968853
conditional-fit-0100,axis1_general,533,0.00044596801165402696
conditional-fit-0100,axis1_general,534,0.027249791606923555
conditional-fit-0100,axis1_general,535,0.00021670609535457308
conditional-fit-0100,axis1_general,536,0.004473433705516845
conditional-fit-0100,axis1_general,537,5.1139326621329334e-05
conditional-fit-0100,axis1_general,538,0.0004927340972380174
conditional-fit-0100,axis1_general,539,0.03585455439763045
conditional-fit-0100,axis1_general,540,0.009650872703482916
conditional-fit-0100,axis1_general,541,2.3073090063153383e-06
conditional-fit-0100,axis1_general,542,3.824049412182803e-05
conditional-fit-0100,axis1_general,543,4.574694396437539e-06
conditional-fit-0100,axis1_general,544,0.0029388422554781023
conditional-fit-0100,axis1_general,545,0.0020818239571948763
conditional-fit-0100,axis1_general,546,0.002941092853658956
conditional-fit-0100,axis1_general,547,5.612335019509736e-05
conditional-fit-0100,axis1_general,548,0.005267045886856801
conditional-fit-0100,axis1_general,549,0.05120424238824615
conditional-fit-0100,axis1_general,550,0.009026835637635894
conditional-fit-0100,axis1_general,551,4.3849735571508475e-05
conditional-fit-0100,axis1_general,552,0.0013351839684711975
conditional-fit-0100,axis1_general,553,0.004165263724718676
conditional-fit-0100,axis1_general,554,0.00028137656924067967
conditional-fit-0100,axis1_general,555,0.0077342202945697835
conditional-fit-0100,axis1_general,556,0.03801325979650112
conditional-fit-0100,axis1_general,557,0.014983492088479856
conditional-fit-0100,axis1_general,558,0.00029711904445305635
conditional-fit-0100,axis1_general,559,0.0018363525085050032
conditional-fit-0100,axis1_general,560,0.0076872033985456185
conditional-fit-0100,axis1_general,561,0.008474379965823231
conditional-fit-0100,axis1_general,562,4.7712315553411587e-05
conditional-fit-0100,axis1_general,563,0.025087208428769586
conditional-fit-0100,axis1_general,564,0.010012414712516227
conditional-fit-0100,axis1_general,565,0.0002426402955878543
conditional-fit-0100,axis1_general,566,0.023736543804051796
conditional-fit-0100,axis1_general,567,0.025995384623497996
conditional-fit-0100,axis1_general,568,0.003286284803157266
conditional-fit-0100,axis1_general,569,0.004166690471953773
conditional-fit-0100,axis1_general,570,9.71047555653852e-05
conditional-fit-0100,axis1_general,571,0.004776753503911602
conditional-fit-0100,axis1_general,572,0.03943643417980739
conditional-fit-0100,axis1_general,573,0.053439626769384865
conditional-fit-0100,axis1_general,574,0.0009738709059949782
conditional-fit-0100,axis1_general,575,0.023828351939575193
conditional-fit-0100,axis1_general,576,0.001025812943587153
conditional-fit-0100,axis1_general,577,0.008889951254599557
conditional-fit-0100,axis1_general,578,0.016769337214712063
conditional-fit-0100,axis1_general,579,0.00459397345416471
conditional-fit-0100,axis1_general,580,0.0094225505674537
conditional-fit-0100,axis1_general,581,0.07155149912121753
conditional-fit-0100,axis1_general,582,0.00015364228470679528
conditional-fit-0100,axis1_general,583,0.0037233250533397107
conditional-fit-0100,axis1_general,584,1.0440245038328695e-05
conditional-fit-0100,axis1_general,585,0.0001810612014585836
conditional-fit-0100,axis1_general,586,0.0594834052556793
conditional-fit-0100,axis1_general,587,0.12426387031939568
conditional-fit-0100,axis1_general,588,0.006107170052612052
conditional-fit-0100,axis1_general,589,0.0019680256144074195
conditional-fit-0100,axis1_general,590,9.502262379117158e-05
conditional-fit-0100,axis1_general,591,0.03701723843093837
conditional-fit-0100,axis1_general,592,0.0556995788448832
conditional-fit-0100,axis1_general,593,0.0015348963887204024
conditional-fit-0100,axis1_general,594,0.00012790227265381475
conditional-fit-0100,axis1_general,595,0.04403542497273197
conditional-fit-0100,axis1_general,596,3.2991663214157397e-06
conditional-fit-0100,axis1_general,597,0.00012703245706334964
conditional-fit-0100,axis1_general,598,3.49102849425621e-05
conditional-fit-0100,axis1_general,599,0.0009173257147144337
conditional-fit-0100,axis1_general,600,0.0003326418866069634
conditional-fit-0100,axis1_general,601,0.009626970080366466
conditional-fit-0100,axis1_general,602,0.014008708457069086
conditional-fit-0100,axis1_general,603,0.0025739118704179056
conditional-fit-0100,axis1_general,604,0.0047032263847296175
conditional-fit-0100,axis1_general,605,0.0019728007135330367
conditional-fit-0100,axis1_general,606,0.002887762407850946
conditional-fit-0100,axis1_general,607,0.00027439996769742397
conditional-fit-0100,axis1_general,608,0.0004568910870620744
conditional-fit-0100,axis1_general,609,1.1606251953552155e-05
conditional-fit-0100,axis1_general,610,1.2104530965133361e-05
conditional-fit-0100,axis1_general,611,4.744554779852443e-06
conditional-fit-0100,axis1_general,612,0.013302644961469129
conditional-fit-0100,axis1_general,613,0.0012421863346054164
conditional-fit-0100,axis1_general,614,0.00881983225990976
conditional-fit-0100,axis1_general,615,2.3653797966691678e-05
conditional-fit-0100,axis1_general,616,0.002520901374812534
conditional-fit-0100,axis1_general,617,0.013563264561929222
conditional-fit-0100,axis1_general,618,0.0072610698582892715
conditional-fit-0100,axis1_general,619,0.003645536635931734
conditional-fit-0100,axis1_general,620,0.030139455974360654
conditional-fit-0100,axis1_general,621,0.006570046378960557
conditional-fit-0100,axis1_general,622,0.007081958468892043
conditional-fit-0100,axis1_general,623,0.02116511873433121
conditional-fit-0100,axis1_general,624,0.020328910741878255
conditional-fit-0100,axis1_general,625,0.02169681669728951
conditional-fit-0100,axis1_general,626,0.009031613454136512
conditional-fit-0100,axis1_general,627,0.02114252874785462
conditional-fit-0100,axis1_general,628,0.0034098019867257632
conditional-fit-0100,axis1_general,629,0.000508958290006271
conditional-fit-0100,axis1_general,630,0.0031438967672455546
conditional-fit-0100,axis1_general,631,0.0017085093282957632
conditional-fit-0100,axis1_general,632,0.03146901122665752
conditional-fit-0100,axis1_general,633,0.007666271422482945
conditional-fit-0100,axis1_general,634,0.027370362016377825
conditional-fit-0100,axis1_general,635,0.005556011185794813
conditional-fit-0100,axis1_general,636,0.009342752101088356
conditional-fit-0100,axis1_general,637,0.010251459003201197
conditional-fit-0100,axis1_general,638,6.550707616920893e-06
conditional-fit-0100,axis1_general,639,0.00020721323754093433
conditional-fit-0100,axis1_general,640,0.038958235121789454
conditional-fit-0100,axis1_general,641,5.0735231415221046e-05
conditional-fit-0100,axis1_general,642,0.0006757555473688574
conditional-fit-0100,axis1_general,643,0.014997374985667177
conditional-fit-0100,axis1_general,644,0.11875519979643967
conditional-fit-0100,axis1_general,645,0.0035920295085477214
conditional-fit-0100,axis1_general,646,0.004580210166077684
conditional-fit-0100,axis1_general,647,0.024302610509852725
conditional-fit-0100,axis1_general,648,0.010393507685178641
conditional-fit-0100,axis1_general,649,0.03176399137829948
conditional-fit-0100,axis1_general,650,0.05099145531015095
conditional-fit-0100,axis1_general,651,0.016837106036385656
conditional-fit-0100,axis1_general,652,0.05339646895820297
conditional-fit-0100,axis1_general,653,0.01359987928576321
conditional-fit-0100,axis1_general,654,0.011567577329350622
conditional-fit-0100,axis1_general,655,0.02527219873833122
conditional-fit-0100,axis1_general,656,0.01926300532235602
conditional-fit-0100,axis1_general,657,0.011106574474770127
conditional-fit-0100,axis1_general,658,0.006997871047452437
conditional-fit-0100,axis1_general,659,0.012166499417645839
conditional-fit-0100,axis1_general,660,0.002502195942301677
conditional-fit-0100,axis1_general,661,0.004032666453654965
conditional-fit-0100,axis1_general,662,2.7929401948117e-05
conditional-fit-0100,axis1_general,663,0.002291350111142773
conditional-fit-0100,axis1_general,664,0.003996420746112092
conditional-fit-0100,axis1_general,665,0.0005737548500422935
conditional-fit-0100,axis1_general,666,7.834197329133038e-06
conditional-fit-0100,axis1_general,667,0.0002513431993842421
conditional-fit-0100,axis1_general,668,0.0667630512606371
conditional-fit-0100,axis1_general,669,0.00019521446790815144
conditional-fit-0100,axis1_general,670,0.00011109852309417037
conditional-fit-0100,axis1_general,671,0.019711800539704165
conditional-fit-0100,axis1_general,672,0.016384961962900353
conditional-fit-0100,axis1_general,673,0.0022729376705443085
conditional-fit-0100,axis1_general,674,0.0005793029250263353
conditional-fit-0100,axis1_general,675,0.07321623458708794
conditional-fit-0100,axis1_general,676,0.00035519350920366763
conditional-fit-0100,axis1_general,677,0.07447843755381416
conditional-fit-0100,axis1_general,678,0.0002704841378903504
conditional-fit-0100,axis1_general,679,0.04293457305386739
conditional-fit-0100,axis1_general,680,0.03518989936663269
conditional-fit-0100,axis1_general,681,0.0009327703350813354
conditional-fit-0100,axis1_general,682,0.016529574044517485
conditional-fit-0100,axis1_general,683,0.06759002163799087
conditional-fit-0100,axis1_general,684,0.04227904114547919
conditional-fit-0100,axis1_general,685,0.018825065245349912
conditional-fit-0100,axis1_general,686,0.0436188855360107
conditional-fit-0100,axis1_general,687,0.017256972352579707
conditional-fit-0100,axis1_general,688,0.01580480416945213
conditional-fit-0100,axis1_general,689,0.06093965242423352
conditional-fit-0100,axis1_general,690,0.045236243989122044
conditional-fit-0100,axis1_general,691,0.03320656357555696
conditional-fit-0100,axis1_general,692,0.01578046425977139
conditional-fit-0100,axis1_general,693,0.019035124455074576
conditional-fit-0100,axis1_general,694,0.02504031113827851
conditional-fit-0100,axis1_general,695,0.023989833986108634
conditional-fit-0100,axis1_general,696,0.00538550529088056
conditional-fit-0100,axis1_general,697,0.01864704107431653
conditional-fit-0100,axis1_general,698,0.026814659828447003
conditional-fit-0100,axis1_general,699,0.0011019342904722744
conditional-fit-0100,axis1_general,700,0.03078573435248336
conditional-fit-0100,axis1_general,701,0.002319905413001983
conditional-fit-0100,axis1_general,702,4.7175067648704285e-06
conditional-fit-0100,axis1_general,703,0.0002570214785621805
conditional-fit-0100,axis1_general,704,0.0452626049068859
conditional-fit-0100,axis1_general,705,0.003166147794349223
conditional-fit-0100,axis1_general,706,0.0010309369980903318
conditional-fit-0100,axis1_general,707,0.019826642661882256
conditional-fit-0100,axis1_general,708,4.372675007743709e-06
conditional-fit-0100,axis1_general,709,0.0003268938206790004
conditional-fit-0100,axis1_general,710,9.056497276855512e-05
conditional-fit-0100,axis1_general,711,0.010603036517450808
conditional-fit-0100,axis1_general,712,0.011594165984142018
conditional-fit-0100,axis1_general,713,0.0007950024450983144
conditional-fit-0100,axis1_general,714,0.008158956809917628
conditional-fit-0100,axis1_general,715,0.1244140102498238
conditional-fit-0100,axis1_general,716,0.08730674000834823
conditional-fit-0100,axis1_general,717,0.1828897567165168
conditional-fit-0100,axis1_general,718,0.010334295595833983
conditional-fit-0100,axis1_general,719,0.011604292011207617
conditional-fit-0100,axis1_general,720,7.987923063809933e-06
conditional-fit-0100,axis1_general,721,0.031148893494279448
conditional-fit-0100,axis1_general,722,0.008360776883415176
conditional-fit-0100,axis1_general,723,0.00197977138889752
conditional-fit-0100,axis1_general,724,0.0093326692920994
conditional-fit-0100,axis1_general,725,0.0037932685421624883
conditional-fit-0100,axis1_general,726,1.528365652174503e-05
conditional-fit-0100,axis1_general,727,0.03439513899200076
conditional-fit-0100,axis1_general,728,1.3852979080464194e-06
conditional-fit-0100,axis1_general,729,0.0017153673607918777
conditional-fit-0100,axis1_general,730,0.01768213896606019
conditional-fit-0100,axis1_general,731,0.019739245014077395
conditional-fit-0100,axis1_general,732,0.008130992282014199
conditional-fit-0100,axis1_general,733,0.025124907240790806
conditional-fit-0100,axis1_general,734,0.018586373327183832
conditional-fit-0100,axis1_general,735,0.012389394067639274
conditional-fit-0100,axis1_general,736,0.027544577704218896
conditional-fit-0100,axis1_general,737,7.967941879798157e-05
conditional-fit-0100,axis1_general,738,0.02507683126026928
conditional-fit-0100,axis1_general,739,0.03426358319242026
conditional-fit-0100,axis1_general,740,0.003968293171859961
conditional-fit-0100,axis1_general,741,7.672118659545615e-05
conditional-fit-0100,axis1_general,742,0.00011758240795376551
conditional-fit-0100,axis1_general,743,1.35410888329459e-05
conditional-fit-0100,axis1_general,744,0.019961963006374622
conditional-fit-0100,axis1_general,745,0.0020930243335582147
conditional-fit-0100,axis1_general,746,0.007502953628094791
conditional-fit-0100,axis1_general,747,1.875031700739882e-05
conditional-fit-0100,axis1_general,748,0.03554293931439384
conditional-fit-0100,axis1_general,749,0.0003268657975085984
conditional-fit-0100,axis1_general,750,0.011262126520912637
conditional-fit-0100,axis1_general,751,0.024523820240235524
conditional-fit-0100,axis1_general,752,0.001411402006297904
conditional-fit-0100,axis1_general,753,0.013963677176701515
conditional-fit-0100,axis1_general,754,0.005710379273944846
conditional-fit-0100,axis1_general,755,0.0031799384205837434
conditional-fit-0100,axis1_general,756,0.00534318557207171
conditional-fit-0100,axis1_general,757,0.013576488510251214
conditional-fit-0100,axis1_general,758,0.0042978247335651015
conditional-fit-0100,axis1_general,759,6.107660614861695e-05
conditional-fit-0100,axis1_general,760,7.816894967687945e-05
conditional-fit-0100,axis1_general,761,0.007421668009185877
conditional-fit-0100,axis1_general,762,0.0027314054289097646
conditional-fit-0100,axis1_general,763,0.01284884593317413
conditional-fit-0100,axis1_general,764,0.013987993522422922
conditional-fit-0100,axis1_general,765,0.02198771014884305
conditional-fit-0100,axis1_general,766,0.03122140249928057
conditional-fit-0100,axis1_general,767,2.8116249439548897e-05
conditional-fit-0100,axis1_general,768,0.006399739324777543
conditional-fit-0100,axis1_general,769,6.0961582321301206e-05
conditional-fit-0100,axis1_general,770,0.001079391251912786
conditional-fit-0100,axis1_general,771,0.06598166482030782
conditional-fit-0100,axis1_general,772,0.04396150926518681
conditional-fit-0100,axis1_general,773,0.0008581147987994342
conditional-fit-0100,axis1_general,774,0.042328644215529336
conditional-fit-0100,axis1_general,775,0.00242311542144964
conditional-fit-0100,axis1_general,776,0.03812434265292772
conditional-fit-0100,axis1_general,777,0.09635508527527775
conditional-fit-0100,axis1_general,778,0.0021117826906570055
conditional-fit-0100,axis1_general,779,0.03790150499693193
conditional-fit-0100,axis1_general,780,0.05227304094200984
conditional-fit-0100,axis1_general,781,0.028375219546943845
conditional-fit-0100,axis1_general,782,0.05004102246907254
conditional-fit-0100,axis1_general,783,0.04104712381187839
conditional-fit-0100,axis1_general,784,0.0812396037737014
conditional-fit-0100,axis1_general,785,0.08198770535100133
conditional-fit-0100,axis1_general,786,0.004554694102888539
conditional-fit-0100,axis1_general,787,0.02454254632825105
conditional-fit-0100,axis1_general,788,0.1741098337061921
conditional-fit-0100,axis1_general,789,0.04313197409631398
conditional-fit-0100,axis1_general,790,0.007825906700857742
conditional-fit-0100,axis1_general,791,0.22866772124793666
conditional-fit-0100,axis1_general,792,0.06797686959574323
conditional-fit-0100,axis1_general,793,0.5613998759088761
conditional-fit-0100,axis1_general,794,0.0036174828312403023
conditional-fit-0100,axis1_general,795,0.0019722563085440158
conditional-fit-0100,axis1_general,796,0.3190394825421139
conditional-fit-0100,axis1_general,797,0.011974144846821558
conditional-fit-0100,axis1_general,798,4.127310082006803e-05
conditional-fit-0100,axis1_general,799,0.0028802672219816724
conditional-fit-0100,axis1_general,800,4.509117795807461e-05
conditional-fit-0100,axis1_general,801,0.016455154709878787
conditional-fit-0100,axis1_general,802,0.22832165823881417
conditional-fit-0100,axis1_general,803,0.03598271874744924
conditional-fit-0100,axis1_general,804,0.0036546284404284936
conditional-fit-0100,axis1_general,805,0.015940361492037855
conditional-fit-0100,axis1_general,806,0.05379807101525546
conditional-fit-0100,axis1_general,807,0.18542497499914073
conditional-fit-0100,axis1_general,808,0.0668445440207465
conditional-fit-0100,axis1_general,809,0.0750732779371103
conditional-fit-0100,axis1_general,810,0.010916183479090485
conditional-fit-0100,axis1_general,811,0.0311415151559015
conditional-fit-0100,axis1_general,812,0.07234780045606601
conditional-fit-0100,axis1_general,813,0.12121481235818551
conditional-fit-0100,axis1_general,814,0.0010571611990044152
conditional-fit-0100,axis1_general,815,0.19336896510306592
conditional-fit-0100,axis1_general,816,0.03174213695027039
conditional-fit-0100,axis1_general,817,0.11753027031309218
conditional-fit-0100,axis1_general,818,0.3225615035769115
conditional-fit-0100,axis1_general,819,0.014229686620612109
conditional-fit-0100,axis1_general,820,0.04869996364801654
conditional-fit-0100,axis1_general,821,0.08050213927928926
conditional-fit-0100,axis1_general,822,0.03387605417041791
conditional-fit-0100,axis1_general,823,0.0837660047178298
conditional-fit-0100,axis1_general,824,0.014732742572276875
conditional-fit-0100,axis1_general,825,0.07081616403206621
conditional-fit-0100,axis1_general,826,0.09198778560013574
conditional-fit-0100,axis1_general,827,0.12455106048291475
conditional-fit-0100,axis1_general,828,0.01187318850461238
conditional-fit-0100,axis1_general,829,0.012074669239666443
conditional-fit-0100,axis1_general,830,0.049334705527219
conditional-fit-0100,axis1_general,831,0.04165593811866601
conditional-fit-0100,axis1_general,832,0.09894018099980706
conditional-fit-0100,axis1_general,833,0.07055186833102471
conditional-fit-0100,axis1_general,834,0.20250955196457074
conditional-fit-0100,axis1_general,835,0.05767807263993886
conditional-fit-0100,axis1_general,836,0.003908879566790114
conditional-fit-0100,axis1_general,837,0.029488179514701368
conditional-fit-0100,axis1_general,838,0.006109642014938795
conditional-fit-0100,axis1_general,839,6.252274238954927e-05
conditional-fit-0100,axis1_general,840,0.01155134043205105
conditional-fit-0100,axis1_general,841,0.00019999171932648515
conditional-fit-0100,axis1_general,842,0.026545113346604598
conditional-fit-0100,axis1_general,843,0.011054532740883086
conditional-fit-0100,axis1_general,844,0.00047544979575416197
conditional-fit-0100,axis1_general,845,0.03125807554378411
conditional-fit-0100,axis1_general,846,5.9790845755135944e-05
conditional-fit-0100,axis1_general,847,0.0012683136560178378
conditional-fit-0100,axis1_general,848,0.08527890272150175
conditional-fit-0100,axis1_general,849,0.001088967047852597
conditional-fit-0100,axis1_general,850,0.00016654476625890496
conditional-fit-0100,axis1_general,851,0.0026440718563039154
conditional-fit-0100,axis1_general,852,8.277767802381885e-05
conditional-fit-0100,axis1_general,853,0.05486179597577295
conditional-fit-0100,axis1_general,854,0.30502571964353214
conditional-fit-0100,axis1_general,855,0.0015059700719195785
conditional-fit-0100,axis1_general,856,0.016572014532964967
conditional-fit-0100,axis1_general,857,0.0004942626581385411
conditional-fit-0100,axis1_general,858,7.612764936545188e-05
conditional-fit-0100,axis1_general,859,2.858884116842151e-05
conditional-fit-0100,axis1_general,860,0.0031281033033938293
conditional-fit-0100,axis1_general,861,0.04913550643566391
conditional-fit-0100,axis1_general,862,0.0019275087533803222
conditional-fit-0100,axis1_general,863,0.0008973102044719804
conditional-fit-0100,axis1_general,864,0.01446472137148856
conditional-fit-0100,axis1_general,865,0.09008790498669415
conditional-fit-0100,axis1_general,866,0.012572341288102813
conditional-fit-0100,axis1_general,867,0.017115048137558576
conditional-fit-0100,axis1_general,868,0.07750450931034683
conditional-fit-0100,axis1_general,869,0.011824976546443464
conditional-fit-0100,axis1_general,870,2.6618055070141614e-06
conditional-fit-0100,axis1_general,871,5.817255645939724e-06
conditional-fit-0100,axis1_general,872,3.31720631888047e-06
conditional-fit-0100,axis1_general,873,0.008640450975375831
conditional-fit-0100,axis1_general,874,0.0010060948516107948
conditional-fit-0100,axis1_general,875,6.22398251270452e-05
conditional-fit-0100,axis1_general,876,0.009866909292167334
conditional-fit-0100,axis1_general,877,2.1626688389936877e-05
conditional-fit-0100,axis1_general,878,0.011267237804235289
conditional-fit-0100,axis1_general,879,2.756579033781094e-05
conditional-fit-0100,axis1_general,880,9.20779394767492e-05
conditional-fit-0100,axis1_general,881,0.008361538935739238
conditional-fit-0100,axis1_general,882,0.010657521891514999
conditional-fit-0100,axis1_general,883,0.04740391888837689
conditional-fit-0100,axis1_general,884,0.007750463795177674
conditional-fit-0100,axis1_general,885,0.0030429800102511444
conditional-fit-0100,axis1_general,886,0.004259837828197907
conditional-fit-0100,axis1_general,887,0.01574199224635591
conditional-fit-0100,axis1_general,888,0.017053676961115805
conditional-fit-0100,axis1_general,889,1.9424712435413807e-05
conditional-fit-0100,axis1_general,890,0.0014841007677361814
conditional-fit-0100,axis1_general,891,0.015096925180312457
conditional-fit-0100,axis1_general,892,0.006290572415768674
conditional-fit-0100,axis1_general,893,0.0002917005578924898
conditional-fit-0100,axis1_general,894,0.03381019650893073
conditional-fit-0100,axis1_general,895,0.0028274129325423884
conditional-fit-0100,axis1_general,896,0.02788841563766882
conditional-fit-0100,axis1_general,897,0.09405493868217392
conditional-fit-0100,axis1_general,898,0.008896321349076202
conditional-fit-0100,axis1_general,899,0.013913748673672136
conditional-fit-0100,axis1_general,900,0.07068897349605803
conditional-fit-0100,axis1_general,901,0.009920650732237269
conditional-fit-0100,axis1_general,902,0.012374409565458213
conditional-fit-0100,axis1_general,903,0.01505422171009612
conditional-fit-0100,axis1_general,904,0.020468215774303536
conditional-fit-0100,axis1_general,905,0.010097631790441505
conditional-fit-0100,axis1_general,906,0.023090143385584794
conditional-fit-0100,axis1_general,907,0.00010366289876295722
conditional-fit-0100,axis1_general,908,9.568352314437434e-05
conditional-fit-0100,axis1_general,909,0.020329434473628127
conditional-fit-0100,axis1_general,910,0.009512961887196048
conditional-fit-0100,axis1_general,911,0.0060028163035830895
conditional-fit-0100,axis1_general,912,0.004136709097476161
conditional-fit-0100,axis1_general,913,0.0001255061511910232
conditional-fit-0100,axis1_general,914,0.035606526916003335
conditional-fit-0100,axis1_general,915,0.0007506246757201631
conditional-fit-0100,axis1_general,916,0.017790378546412307
conditional-fit-0100,axis1_general,917,0.00030838599504392724
conditional-fit-0100,axis1_general,918,0.006889913548782278
conditional-fit-0100,axis1_general,919,0.023164291177043023
conditional-fit-0100,axis1_general,920,0.0318206856247846
conditional-fit-0100,axis1_general,921,7.701861772895713e-07
conditional-fit-0100,axis1_general,922,1.709649245558183e-05
conditional-fit-0100,axis1_general,923,0.013291199729078844
conditional-fit-0100,axis1_general,924,4.8476668554772945e-05
conditional-fit-0100,axis1_general,925,0.0017054732088229623
conditional-fit-0100,axis1_general,926,0.026407805789007165
conditional-fit-0100,axis1_general,927,0.05143970579250813
conditional-fit-0100,axis1_general,928,0.007153469425709248
conditional-fit-0100,axis1_general,929,0.16436431277642172
conditional-fit-0100,axis1_general,930,1.3236341451814983e-05
conditional-fit-0100,axis1_general,931,0.0002225733854578321
conditional-fit-0100,axis1_general,932,0.01673933416770321
conditional-fit-0100,axis1_general,933,8.777568984520684e-07
conditional-fit-0100,axis1_general,934,4.222152958440522e-05
conditional-fit-0100,axis1_general,935,7.464213207346616e-05
conditional-fit-0100,axis1_general,936,4.2209118927168517e-05
conditional-fit-0100,axis1_general,937,0.02286114547580991
conditional-fit-0100,axis1_general,938,0.02784117425050818
conditional-fit-0100,axis1_general,939,0.0038075027506817025
conditional-fit-0100,axis1_general,940,0.019588330428926964
conditional-fit-0100,axis1_general,941,0.07249395526563948
conditional-fit-0100,axis1_general,942,0.02791794254814499
conditional-fit-0100,axis1_general,943,0.0019774257367735776
conditional-fit-0100,axis1_general,944,0.00010898247210911198
conditional-fit-0100,axis1_general,945,0.012259119087800655
conditional-fit-0100,axis1_general,946,0.000503576343731152
conditional-fit-0100,axis1_general,947,9.689166042399603e-05
conditional-fit-0100,axis1_general,948,4.8195362034357674e-05
conditional-fit-0100,axis1_general,949,0.006566485000662788
conditional-fit-0100,axis1_general,950,3.278901209130381e-06
conditional-fit-0100,axis1_general,951,5.63069953014351e-05
conditional-fit-0100,axis1_general,952,0.03908552061610214
conditional-fit-0100,axis1_general,953,6.894383034501586e-05
conditional-fit-0100,axis1_general,954,0.0003300832568831017
conditional-fit-0100,axis1_general,955,0.0002266125814325808
conditional-fit-0100,axis1_general,956,0.005284724831189538
conditional-fit-0100,axis1_general,957,0.0005821256583402914
conditional-fit-0100,axis1_general,958,0.02101074895688638
conditional-fit-0100,axis1_general,959,0.062283127200830235
conditional-fit-0100,axis1_general,960,0.005659543263228851
conditional-fit-0100,axis1_general,961,1.3863491388670914e-05
conditional-fit-0100,axis1_general,962,0.023002550089403634
conditional-fit-0100,axis1_general,963,0.01567706014177516
conditional-fit-0100,axis1_general,964,0.023329317214269403
conditional-fit-0100,axis1_general,965,0.026588384902453768
conditional-fit-0100,axis1_general,966,0.008563612697490511
conditional-fit-0100,axis1_general,967,0.012170157717606399
conditional-fit-0100,axis1_general,968,0.00024376576112072974
conditional-fit-0100,axis1_general,969,0.0005856582536708754
conditional-fit-0100,axis1_general,970,0.032897704008687294
conditional-fit-0100,axis1_general,971,0.031555248339408155
conditional-fit-0100,axis1_general,972,0.034885944104985245
conditional-fit-0100,axis1_general,973,0.015855824798491035
conditional-fit-0100,axis1_general,974,0.006139544435483535
conditional-fit-0100,axis1_general,975,0.02893328053714498
conditional-fit-0100,axis1_general,976,3.594829314070045e-05
conditional-fit-0100,axis1_general,977,0.01463677806656119
conditional-fit-0100,axis1_general,978,0.04107208026489982
conditional-fit-0100,axis1_general,979,0.012967419094723761
conditional-fit-0100,axis1_general,980,0.004851715058121812
conditional-fit-0100,axis1_general,981,0.006856173688462075
conditional-fit-0100,axis1_general,982,0.03529795897890902
conditional-fit-0100,axis1_general,983,0.01620129608002481
conditional-fit-0100,axis1_general,984,2.0729694395431886e-05
conditional-fit-0100,axis1_general,985,0.0022908363687318446
conditional-fit-0100,axis1_general,986,0.03474906998750053
conditional-fit-0100,axis1_general,987,0.006512507110601485
conditional-fit-0100,axis1_general,988,1.673984290846172e-05
conditional-fit-0100,axis1_general,989,0.00157733125813685
conditional-fit-0100,axis1_general,990,0.0005988185997974696
conditional-fit-0100,axis1_general,991,0.005140219195473727
conditional-fit-0100,axis1_general,992,0.005070215808317055
conditional-fit-0100,axis1_general,993,0.04075602609668827
conditional-fit-0100,axis1_general,994,3.5635849343454156e-06
conditional-fit-0100,axis1_general,995,0.001007592450266957
conditional-fit-0100,axis1_general,996,0.0011254839224529092
conditional-fit-0100,axis1_general,997,0.00034078174063409167
conditional-fit-0100,axis1_general,998,0.0005620327162975235
conditional-fit-0100,axis1_general,999,0.0010824601610459757
conditional-fit-0100,axis1_general,1000,0.0011550774761505869
conditional-fit-0100,axis1_general,1001,0.0055465451258604635
conditional-fit-0100,axis1_general,1002,7.782939685603364e-07
conditional-fit-0100,axis1_general,1003,1.3564179677173383e-06
conditional-fit-0100,axis1_general,1004,0.025998183784684863
conditional-fit-0100,axis1_general,1005,0.0032336047858962974
conditional-fit-0100,axis1_general,1006,0.0018568517382637553
conditional-fit-0100,axis1_general,1007,0.09857328960399274
conditional-fit-0100,axis1_general,1008,6.0489312506701916e-05
conditional-fit-0100,axis1_general,1009,0.0673374088999956
conditional-fit-0100,axis1_general,1010,0.0002396842452779321
conditional-fit-0100,axis1_general,1011,0.0002593546206880068
conditional-fit-0100,axis1_general,1012,0.03216532955611631
conditional-fit-0100,axis1_general,1013,0.0011721543550784782
conditional-fit-0100,axis1_general,1014,0.011806946160599506
conditional-fit-0100,axis1_general,1015,0.00010098645958521203
conditional-fit-0100,axis1_general,1016,0.002628694269154963
conditional-fit-0100,axis1_general,1017,0.003306110571900217
conditional-fit-0100,axis1_general,1018,0.00012207703727275707
conditional-fit-0100,axis1_general,1019,1.0193969037805045e-05
conditional-fit-0100,axis1_general,1020,0.0004109772927515348
conditional-fit-0100,axis1_general,1021,0.0004995116138606964
conditional-fit-0100,axis1_general,1022,0.0032463223276196903
conditional-fit-0100,axis1_general,1023,3.417251335601201e-05
conditional-fit-0100,axis1_general,1024,1.0480371374897927e-05
conditional-fit-0100,axis1_general,1025,0.012512002148446133
conditional-fit-0100,axis1_general,1026,0.0017003601218661096
conditional-fit-0100,axis1_general,1027,0.05070173251523373
conditional-fit-0100,axis1_general,1028,8.771583727577852e-06
conditional-fit-0100,axis1_general,1029,0.01568844036833028
conditional-fit-0100,axis1_general,1030,0.01520723397061204
conditional-fit-0100,axis1_general,1031,0.00013786883836037526
conditional-fit-0100,axis1_general,1032,8.75525510412185e-05
conditional-fit-0100,axis1_general,1033,0.003110681366225161
conditional-fit-0100,axis1_general,1034,0.0035070705606107698
conditional-fit-0100,axis1_general,1035,0.02294315310626563
conditional-fit-0100,axis1_general,1036,9.705529641992188e-06
conditional-fit-0100,axis1_general,1037,0.002926227122108994
conditional-fit-0100,axis1_general,1038,0.007511706631721817
conditional-fit-0100,axis1_general,1039,0.002684583063114295
conditional-fit-0100,axis1_general,1040,6.008950031858145e-05
conditional-fit-0100,axis1_general,1041,0.005343232299308475
conditional-fit-0100,axis1_general,1042,0.0379670335289663
conditional-fit-0100,axis1_general,1043,0.028422180530527415
conditional-fit-0100,axis1_general,1044,0.021501601240326775
conditional-fit-0100,axis1_general,1045,0.010819231766401923
conditional-fit-0100,axis1_general,1046,0.09064458826045194
conditional-fit-0100,axis1_general,1047,0.00031196164584863735
conditional-fit-0100,axis1_general,1048,0.15409405582743563
conditional-fit-0100,axis1_general,1049,0.36740595511812363
conditional-fit-0100,axis1_general,1050,0.044046828873715374
conditional-fit-0100,axis1_general,1051,0.01718781556647724
conditional-fit-0100,axis1_general,1052,0.018144397547515484
conditional-fit-0100,axis1_general,1053,2.190790365185001e-05
conditional-fit-0100,axis1_general,1054,0.012324671385647655
conditional-fit-0100,axis1_general,1055,0.010225069622585507
conditional-fit-0100,axis1_general,1056,6.674433147543735e-05
conditional-fit-0100,axis1_general,1057,0.00013336794297142177
conditional-fit-0100,axis1_general,1058,0.0005138329488747024
conditional-fit-0100,axis1_general,1059,0.005083827222337175
conditional-fit-0100,axis1_general,1060,0.005660032890391933
conditional-fit-0100,axis1_general,1061,0.02374772429548167
conditional-fit-0100,axis1_general,1062,0.0060419803855856664
conditional-fit-0100,axis1_general,1063,0.00019718301520254823
conditional-fit-0100,axis1_general,1064,3.442034796764701e-05
conditional-fit-0100,axis1_general,1065,3.840374576386561e-06
conditional-fit-0100,axis1_general,1066,6.937840088867418e-05
conditional-fit-0100,axis1_general,1067,0.012199789627806443
conditional-fit-0100,axis1_general,1068,0.001725705284839359
conditional-fit-0100,axis1_general,1069,0.00041536952082303147
conditional-fit-0100,axis1_general,1070,0.013941015634123491
conditional-fit-0100,axis1_general,1071,0.0057397432596960896
conditional-fit-0100,axis1_general,1072,5.5691101624573414e-05
conditional-fit-0100,axis1_general,1073,0.01590720789871209
conditional-fit-0100,axis1_general,1074,0.0016970733734944176
conditional-fit-0100,axis1_general,1075,0.01539272547845951
conditional-fit-0100,axis1_general,1076,0.013819465007659404
conditional-fit-0100,axis1_general,1077,1.107685818234554e-05
conditional-fit-0100,axis1_general,1078,0.04484348207870681
conditional-fit-0100,axis1_general,1079,0.01578927577193374
conditional-fit-0100,axis1_general,1080,0.004471380340033217
conditional-fit-0100,axis1_general,1081,0.0016431227754040284
conditional-fit-0100,axis1_general,1082,4.5859642453931806e-05
conditional-fit-0100,axis1_general,1083,1.2656239964003999e-05
conditional-fit-0100,axis1_general,1084,0.03824799064269735
conditional-fit-0100,axis1_general,1085,0.010145316185621114
conditional-fit-0100,axis1_general,1086,0.0004356623505813242
conditional-fit-0100,axis1_general,1087,0.0007848370219490392
conditional-fit-0100,axis1_general,1088,0.02552995972432842
conditional-fit-0100,axis1_general,1089,0.012735236214826223
conditional-fit-0100,axis1_general,1090,0.013037373508775332
conditional-fit-0100,axis1_general,1091,0.003087056313492131
conditional-fit-0100,axis1_general,1092,4.460031143723559e-05
conditional-fit-0100,axis1_general,1093,0.001254686183129339
conditional-fit-0100,axis1_general,1094,0.0004020622031005636
conditional-fit-0100,axis1_general,1095,0.0014985034603033362
conditional-fit-0100,axis1_general,1096,0.0017710079819987373
conditional-fit-0100,axis1_general,1097,0.031145823453552685
conditional-fit-0100,axis1_general,1098,0.018488027137728166
conditional-fit-0100,axis1_general,1099,3.4649747565184045e-05
conditional-fit-0100,axis1_general,1100,5.487931711338705e-06
conditional-fit-0100,axis1_general,1101,0.0019489669466348143
conditional-fit-0100,axis1_general,1102,0.03646283213754606
conditional-fit-0100,axis1_general,1103,0.019893117162757053
conditional-fit-0100,axis1_general,1104,0.05698378090230806
conditional-fit-0100,axis1_general,1105,0.009719596962649587
conditional-fit-0100,axis1_general,1106,0.020895135159794125
conditional-fit-0100,axis1_general,1107,0.011534324593790633
conditional-fit-0100,axis1_general,1108,0.0025404439733375445
conditional-fit-0100,axis1_general,1109,1.5002965533400575e-05
conditional-fit-0100,axis1_general,1110,0.010067174244384408
conditional-fit-0100,axis1_general,1111,0.004117413094675997
conditional-fit-0100,axis1_general,1112,0.004950189567183557
conditional-fit-0100,axis1_general,1113,0.0014311860134864586
conditional-fit-0100,axis1_general,1114,0.00965408720935237
conditional-fit-0100,axis1_general,1115,0.00900071426482449
conditional-fit-0100,axis1_general,1116,5.22098123904457e-07
conditional-fit-0100,axis1_general,1117,2.2886699354335816e-05
conditional-fit-0100,axis1_general,1118,0.02678496397084043
conditional-fit-0100,axis1_general,1119,0.0002264629176690251
conditional-fit-0100,axis1_general,1120,0.001542001842337222
conditional-fit-0100,axis1_general,1121,0.006009092518417814
conditional-fit-0100,axis1_general,1122,4.036188439570503e-06
conditional-fit-0100,axis1_general,1123,0.005262129868894478
conditional-fit-0100,axis1_general,1124,2.7032615410249353e-05
conditional-fit-0100,axis1_general,1125,0.053714246092737686
conditional-fit-0100,axis1_general,1126,0.004220846623416677
conditional-fit-0100,axis1_general,1127,0.018472657392254725
conditional-fit-0100,axis1_general,1128,0.00022292312294882897
conditional-fit-0100,axis1_general,1129,0.03784400703866897
conditional-fit-0100,axis1_general,1130,0.02576650508185728
conditional-fit-0100,axis1_general,1131,6.418368196661785e-07
conditional-fit-0100,axis1_general,1132,4.243229620170666e-05
conditional-fit-0100,axis1_general,1133,3.3380787665552596e-05
conditional-fit-0100,axis1_general,1134,0.00018524939977143803
conditional-fit-0100,axis1_general,1135,0.047317707751726626
conditional-fit-0100,axis1_general,1136,0.0003050449300142961
conditional-fit-0100,axis1_general,1137,0.014758250240281014
conditional-fit-0100,axis1_general,1138,0.024312454737104323
conditional-fit-0100,axis1_general,1139,0.02807970336070033
conditional-fit-0100,axis1_general,1140,0.04208162574431279
conditional-fit-0100,axis1_general,1141,0.0012889720915341572
conditional-fit-0100,axis1_general,1142,0.00703794859237465
conditional-fit-0100,axis1_general,1143,0.0007300720474241653
conditional-fit-0100,axis1_general,1144,8.654186287423372e-07
conditional-fit-0100,axis1_general,1145,1.4045015614791387e-05
conditional-fit-0100,axis1_general,1146,0.018309413652138236
conditional-fit-0100,axis1_general,1147,0.013121050029662039
conditional-fit-0100,axis1_general,1148,0.054817421057849265
conditional-fit-0100,axis1_general,1149,0.03267078413987696
conditional-fit-0100,axis1_general,1150,0.0013884645404362642
conditional-fit-0100,axis1_general,1151,0.004697428469095093
conditional-fit-0100,axis1_general,1152,0.0005387357979216947
conditional-fit-0100,axis1_general,1153,0.008686938209347676
conditional-fit-0100,axis1_general,1154,0.0049063035990841684
conditional-fit-0100,axis1_general,1155,0.010930343257927244
conditional-fit-0100,axis1_general,1156,0.002946523121077258
conditional-fit-0100,axis1_general,1157,0.0034915700570012573
conditional-fit-0100,axis1_general,1158,0.004863421432787195
conditional-fit-0100,axis1_general,1159,0.00027003394031718266
conditional-fit-0100,axis1_general,1160,1.6953723096589073e-06
conditional-fit-0100,axis1_general,1161,6.196984386901323e-05
conditional-fit-0100,axis1_general,1162,1.571443800582767e-06
conditional-fit-0100,axis1_general,1163,0.005477130437439269
conditional-fit-0100,axis1_general,1164,0.03059357061128718
conditional-fit-0100,axis1_general,1165,0.01376773221167685
conditional-fit-0100,axis1_general,1166,2.6297822818716613e-05
conditional-fit-0100,axis1_general,1167,0.012157450271390197
conditional-fit-0100,axis1_general,1168,0.009597006849322715
conditional-fit-0100,axis1_general,1169,0.020294438363561318
conditional-fit-0100,axis1_general,1170,0.007400414082349895
conditional-fit-0100,axis1_general,1171,0.0045341826955463856
conditional-fit-0100,axis1_general,1172,0.005215719502784218
conditional-fit-0100,axis1_general,1173,0.028809723372805726
conditional-fit-0100,axis1_general,1174,3.370099958590074e-07
conditional-fit-0100,axis1_general,1175,0.0002479173051220912
conditional-fit-0100,axis1_general,1176,4.894333318398528e-06
conditional-fit-0100,axis1_general,1177,0.015017936460488688
conditional-fit-0100,axis1_general,1178,0.01915676407571034
conditional-fit-0100,axis1_general,1179,0.011491832524200957
conditional-fit-0100,axis1_general,1180,9.476445046279822e-05
conditional-fit-0100,axis1_general,1181,4.4121681178898735e-05
conditional-fit-0100,axis1_general,1182,0.013348592243639677
conditional-fit-0100,axis1_general,1183,0.009396068096264936
conditional-fit-0100,axis1_general,1184,0.014607215461886452
conditional-fit-0100,axis1_general,1185,0.014055624286070052
conditional-fit-0100,axis1_general,1186,6.075565869876197e-06
conditional-fit-0100,axis1_general,1187,0.0017976242490493448
conditional-fit-0100,axis1_general,1188,8.170383539514127e-05
conditional-fit-0100,axis1_general,1189,0.028754446061606397
conditional-fit-0100,axis1_general,1190,0.03533341762297916
conditional-fit-0100,axis1_general,1191,2.445672562687567e-06
conditional-fit-0100,axis1_general,1192,1.3458596953159426e-05
conditional-fit-0100,axis1_general,1193,0.014648984778620198
conditional-fit-0100,axis1_general,1194,0.0005420248296403392
conditional-fit-0100,axis1_general,1195,0.0006656085473244431
conditional-fit-0100,axis1_general,1196,0.0002871025925809943
conditional-fit-0100,axis1_general,1197,0.001320120041693143
conditional-fit-0100,axis1_general,1198,0.0006556854307558141
conditional-fit-0100,axis1_general,1199,0.00023513847782478627
conditional-fit-0100,axis1_general,1200,0.0074012301888523105
conditional-fit-0100,axis1_general,1201,2.752580058263105e-05
conditional-fit-0100,axis1_general,1202,0.000389906456441636
conditional-fit-0100,axis1_general,1203,0.007348222259610618
conditional-fit-0100,axis1_general,1204,0.03202650873223861
conditional-fit-0100,axis1_general,1205,0.001262233829918647
conditional-fit-0100,axis1_general,1206,0.13574850268498773
conditional-fit-0100,axis1_general,1207,0.06529439720166036
conditional-fit-0100,axis1_general,1208,5.361349496318699e-05
conditional-fit-0100,axis1_general,1209,5.818784380446273e-06
conditional-fit-0100,axis1_general,1210,0.00020209227939337336
conditional-fit-0100,axis1_general,1211,0.0056410219235769575
conditional-fit-0100,axis1_general,1212,0.0034764299516310167
conditional-fit-0100,axis1_general,1213,0.019636914365435874
conditional-fit-0100,axis1_general,1214,0.010905846484842142
conditional-fit-0100,axis1_general,1215,0.01085635057611717
conditional-fit-0100,axis1_general,1216,0.00857768620565939
conditional-fit-0100,axis1_general,1217,0.030773548850284778
conditional-fit-0100,axis1_general,1218,0.022415838399028602
conditional-fit-0100,axis1_general,1219,0.01599786403609521
conditional-fit-0100,axis1_general,1220,1.8304713639509983e-06
conditional-fit-0100,axis1_general,1221,3.151274075670697e-05
conditional-fit-0100,axis1_general,1222,0.01744910905981229
conditional-fit-0100,axis1_general,1223,3.087316366186389e-06
conditional-fit-0100,axis1_general,1224,0.00010448349124356637
conditional-fit-0100,axis1_general,1225,1.5197383023704564e-05
conditional-fit-0100,axis1_general,1226,0.005136400463276743
conditional-fit-0100,axis1_general,1227,0.0387603033962313
conditional-fit-0100,axis1_general,1228,0.029164653570262572
conditional-fit-0100,axis1_general,1229,1.3740446970039645e-06
conditional-fit-0100,axis1_general,1230,0.001010816871325854
conditional-fit-0100,axis1_general,1231,0.015878630213657992
conditional-fit-0100,axis1_general,1232,0.013999108928272459
conditional-fit-0100,axis1_general,1233,0.0034577039994928838
conditional-fit-0100,axis1_general,1234,0.003630371904522178
conditional-fit-0100,axis1_general,1235,0.016249983072436212
conditional-fit-0100,axis1_general,1236,0.013894236364477047
conditional-fit-0100,axis1_general,1237,4.747925665314921e-05
conditional-fit-0100,axis1_general,1238,0.0007492207964206838
conditional-fit-0100,axis1_general,1239,0.01970657599448753
conditional-fit-0100,axis1_general,1240,0.006064991414387822
conditional-fit-0100,axis1_general,1241,0.00041003590357865287
conditional-fit-0100,axis1_general,1242,0.0047306070699878675
conditional-fit-0100,axis1_general,1243,0.003264214534381701
conditional-fit-0100,axis1_general,1244,0.019726776200190525
conditional-fit-0100,axis1_general,1245,0.004796339779316171
conditional-fit-0100,axis1_general,1246,0.0009861326479913383
conditional-fit-0100,axis1_general,1247,0.00015739410734724897
conditional-fit-0100,axis1_general,1248,0.005743947873581623
conditional-fit-0100,axis1_general,1249,0.01821982505257817
conditional-fit-0100,axis1_general,1250,0.03015854469680966
conditional-fit-0100,axis1_general,1251,0.0569493706200064
conditional-fit-0100,axis1_general,1252,0.036828157490609595
conditional-fit-0100,axis1_general,1253,0.00022157807792738674
conditional-fit-0100,axis1_general,1254,1.9816479134598806e-05
conditional-fit-0100,axis1_general,1255,0.007304272740288863
conditional-fit-0100,axis1_general,1256,0.0054132479648811285
conditional-fit-0100,axis1_general,1257,0.012124078290722715
conditional-fit-0100,axis1_general,1258,7.810347384945723e-06
conditional-fit-0100,axis1_general,1259,2.3436319119270936e-05
conditional-fit-0100,axis1_general,1260,0.014079222314828665
conditional-fit-0100,axis1_general,1261,0.07232899766436515
conditional-fit-0100,axis1_general,1262,0.0005147435580823206
conditional-fit-0100,axis1_general,1263,0.0002713374611997333
conditional-fit-0100,axis1_general,1264,0.005723294602159132
conditional-fit-0100,axis1_general,1265,0.002709739184885699
conditional-fit-0100,axis1_general,1266,1.1365336928456418e-05
conditional-fit-0100,axis1_general,1267,0.009893976330870018
conditional-fit-0100,axis1_general,1268,0.005171630492544384
conditional-fit-0100,axis1_general,1269,0.016115178639931727
conditional-fit-0100,axis1_general,1270,0.005466020684323358
conditional-fit-0100,axis1_general,1271,0.0012749683025237725
conditional-fit-0100,axis1_general,1272,0.00022737041984672722
conditional-fit-0100,axis1_general,1273,3.386368957213867e-05
conditional-fit-0100,axis1_general,1274,0.00018567053781212754
conditional-fit-0100,axis1_general,1275,0.00012320116477837308
conditional-fit-0100,axis1_general,1276,8.406928083778493e-06
conditional-fit-0100,axis1_general,1277,0.030895415008024514
conditional-fit-0100,axis1_general,1278,0.027663704486091956
conditional-fit-0100,axis1_general,1279,0.04897679933983509
conditional-fit-0100,axis1_general,1280,0.00012761820363813147
conditional-fit-0100,axis1_general,1281,0.002817941636830051
conditional-fit-0100,axis1_general,1282,0.00047406488397317966
conditional-fit-0100,axis1_general,1283,2.226518923870004e-05
conditional-fit-0100,axis1_general,1284,0.0037565541187922252
conditional-fit-0100,axis1_general,1285,0.007871587259292226
conditional-fit-0100,axis1_general,1286,0.014304449784530033
conditional-fit-0100,axis1_general,1287,6.872678148067293e-05
conditional-fit-0100,axis1_general,1288,0.029270277001149654
conditional-fit-0100,axis1_general,1289,0.002648604326064948
conditional-fit-0100,axis1_general,1290,0.010848089809079442
conditional-fit-0100,axis1_general,1291,0.001828722016341646
conditional-fit-0100,axis1_general,1292,0.0010266211751970545
conditional-fit-0100,axis1_general,1293,1.0590408896968353e-05
conditional-fit-0100,axis1_general,1294,0.005403571967811878
conditional-fit-0100,axis1_general,1295,4.4903435573027765e-06
conditional-fit-0100,axis1_general,1296,0.006721425865336493
conditional-fit-0100,axis1_general,1297,0.01551855883973293
conditional-fit-0100,axis1_general,1298,0.06676302227309286
conditional-fit-0100,axis1_general,1299,0.00011242642470829316
conditional-fit-0100,axis1_general,1300,0.08450247931435802
conditional-fit-0100,axis1_general,1301,0.11348682046426835
conditional-fit-0100,axis1_general,1302,0.01681761178306149
conditional-fit-0100,axis1_general,1303,3.118528122620533e-05
conditional-fit-0100,axis1_general,1304,0.0003058074622466155
conditional-fit-0100,axis1_general,1305,0.0004236179913121073
conditional-fit-0100,axis1_general,1306,0.022811896331370395
conditional-fit-0100,axis1_general,1307,0.01583558839358402
conditional-fit-0100,axis1_general,1308,0.04858362163054587
conditional-fit-0100,axis1_general,1309,4.388145182584355e-06
conditional-fit-0100,axis1_general,1310,0.004899246095524288
conditional-fit-0100,axis1_general,1311,0.008315885172250872
conditional-fit-0100,axis1_general,1312,0.003243093765702748
conditional-fit-0100,axis1_general,1313,0.029660791467309888
conditional-fit-0100,axis1_general,1314,0.01908979461839197
conditional-fit-0100,axis1_general,1315,0.020652211326446138
conditional-fit-0100,axis1_general,1316,0.043734105829041456
conditional-fit-0100,axis1_general,1317,5.122104598825744e-06
conditional-fit-0100,axis1_general,1318,9.902572850877813e-05
conditional-fit-0100,axis1_general,1319,0.042388893468790906
conditional-fit-0100,axis1_general,1320,8.967876203553449e-05
conditional-fit-0100,axis1_general,1321,0.019522202473320593
conditional-fit-0100,axis1_general,1322,0.00016436599571070717
conditional-fit-0100,axis1_general,1323,1.0367576267166045e-05
conditional-fit-0100,axis1_general,1324,1.7796753787223568e-05
conditional-fit-0100,axis1_general,1325,0.017823043424812043
conditional-fit-0100,axis1_general,1326,0.0412586142012574
conditional-fit-0100,axis1_general,1327,4.5412682802262286e-05
conditional-fit-0100,axis1_general,1328,0.009304660377820528
conditional-fit-0100,axis1_general,1329,2.0049452485124574e-06
conditional-fit-0100,axis1_general,1330,0.00011782494666480841
conditional-fit-0100,axis1_general,1331,2.9744134910717504e-05
conditional-fit-0100,axis1_general,1332,0.0006229382177475023
conditional-fit-0100,axis1_general,1333,0.058982719464996114
conditional-fit-0100,axis1_general,1334,0.005157382629758261
conditional-fit-0100,axis1_general,1335,0.003110682706440029
conditional-fit-0100,axis1_general,1336,0.002973055515476917
conditional-fit-0100,axis1_general,1337,0.058504382342524495
conditional-fit-0100,axis1_general,1338,0.0021864127321649905
conditional-fit-0100,axis1_general,1339,0.02246381240169762
conditional-fit-0100,axis1_general,1340,0.010496176784072657
conditional-fit-0100,axis1_general,1341,0.05434124543150752
conditional-fit-0100,axis1_general,1342,0.015474514604363103
conditional-fit-0100,axis1_general,1343,0.0065894945835078544
conditional-fit-0100,axis1_general,1344,7.895518866061612e-06
conditional-fit-0100,axis1_general,1345,0.0017358371163310946
conditional-fit-0100,axis1_general,1346,0.015067306442747161
conditional-fit-0100,axis1_general,1347,0.0036344445164016616
conditional-fit-0100,axis1_general,1348,0.0066387225917167725
conditional-fit-0100,axis1_general,1349,0.011831065619736372
conditional-fit-0100,axis1_general,1350,0.04744999936796335
conditional-fit-0100,axis1_general,1351,0.014971182448935244
conditional-fit-0100,axis1_general,1352,0.006181487361631001
conditional-fit-0100,axis1_general,1353,0.015891328839277526
conditional-fit-0100,axis1_general,1354,0.0013056987169079203
conditional-fit-0100,axis1_general,1355,0.010418506565457418
conditional-fit-0100,axis1_general,1356,0.007026482632016569
conditional-fit-0100,axis1_general,1357,0.0023143651040050083
conditional-fit-0100,axis1_general,1358,0.003253358442843388
conditional-fit-0100,axis1_general,1359,5.786514775894819e-07
conditional-fit-0100,axis1_general,1360,5.962618456018682e-06
conditional-fit-0100,axis1_general,1361,0.05792406661482454
conditional-fit-0100,axis1_general,1362,0.00017033016790537044
conditional-fit-0100,axis1_general,1363,0.0001051419428530717
conditional-fit-0100,axis1_general,1364,0.005999687255106142
conditional-fit-0100,axis1_general,1365,0.0007546541865357715
conditional-fit-0100,axis1_general,1366,0.018777621668837913
conditional-fit-0100,axis1_general,1367,0.003065334147303383
conditional-fit-0100,axis1_general,1368,0.00010885232758922028
conditional-fit-0100,axis1_general,1369,0.0030940705110011533
conditional-fit-0100,axis1_general,1370,9.681772280971824e-05
conditional-fit-0100,axis1_general,1371,0.00994106084152429
conditional-fit-0100,axis1_general,1372,0.09076592202783829
conditional-fit-0100,axis1_general,1373,0.00017293766805528103
conditional-fit-0100,axis1_general,1374,0.011728337615547882
conditional-fit-0100,axis1_general,1375,0.01214526854293363
conditional-fit-0100,axis1_general,1376,0.07781741525129755
conditional-fit-0100,axis1_general,1377,0.011199135974895148
conditional-fit-0100,axis1_general,1378,0.0026502867326503856
conditional-fit-0100,axis1_general,1379,0.0001453630214040512
conditional-fit-0100,axis1_general,1380,0.0022819673137011746
conditional-fit-0100,axis1_general,1381,0.025894789969563688
conditional-fit-0100,axis1_general,1382,3.548809024878423e-05
conditional-fit-0100,axis1_general,1383,3.11324933141297e-05
conditional-fit-0100,axis1_general,1384,0.004249973284059754
conditional-fit-0100,axis1_general,1385,0.0064386699635156745
conditional-fit-0100,axis1_general,1386,0.04703282590206878
conditional-fit-0100,axis1_general,1387,0.007532219731274971
conditional-fit-0100,axis1_general,1388,0.01062146795188398
conditional-fit-0100,axis1_general,1389,0.014726584476307716
conditional-fit-0100,axis1_general,1390,0.006890766743874524
conditional-fit-0100,axis1_general,1391,0.001951108209262151
conditional-fit-0100,axis1_general,1392,0.01565771456170202
conditional-fit-0100,axis1_general,1393,0.003026613666580743
conditional-fit-0100,axis1_general,1394,0.00011588112051334259
conditional-fit-0100,axis1_general,1395,0.0030476522255158036
conditional-fit-0100,axis1_general,1396,1.8862995445590774e-05
conditional-fit-0100,axis1_general,1397,2.652004619324983e-05
conditional-fit-0100,axis1_general,1398,0.03220052861650107
conditional-fit-0100,axis1_general,1399,0.0016705983446519334
conditional-fit-0100,axis1_general,1400,0.0012698141553387355
conditional-fit-0100,axis1_general,1401,0.008212586896150377
conditional-fit-0100,axis1_general,1402,0.0018953982648632665
conditional-fit-0100,axis1_general,1403,0.0005242650025964455
conditional-fit-0100,axis1_general,1404,7.765904803713282e-06
conditional-fit-0100,axis1_general,1405,0.001865569502093442
conditional-fit-0100,axis1_general,1406,0.001106694730609252
conditional-fit-0100,axis1_general,1407,4.570577441742957e-05
conditional-fit-0100,axis1_general,1408,2.878966561549765e-05
conditional-fit-0100,axis1_general,1409,1.3765576606559125e-05
conditional-fit-0100,axis1_general,1410,1.0337375800021384e-05
conditional-fit-0100,axis1_general,1411,0.01450917682088613
conditional-fit-0100,axis1_general,1412,0.04007191940738277
conditional-fit-0100,axis1_general,1413,0.006709351306795404
conditional-fit-0100,axis1_general,1414,7.831252149356223e-05
conditional-fit-0100,axis1_general,1415,4.887825602668061e-06
conditional-fit-0100,axis1_general,1416,0.013336757201717156
conditional-fit-0100,axis1_general,1417,4.200700918547643e-06
conditional-fit-0100,axis1_general,1418,1.074439721795797e-06
conditional-fit-0100,axis1_general,1419,5.064611689740996e-07
conditional-fit-0100,axis1_general,1420,0.0023744610132251792
conditional-fit-0100,axis1_general,1421,0.038422780109297484
conditional-fit-0100,axis1_general,1422,3.096610154461088e-05
conditional-fit-0100,axis1_general,1423,0.0003093738814433681
conditional-fit-0100,axis1_general,1424,5.6085182557816865e-06
conditional-fit-0100,axis1_general,1425,0.0018135770709057225
conditional-fit-0100,axis1_general,1426,0.005743426495025891
conditional-fit-0100,axis1_general,1427,0.009299968326705873
conditional-fit-0100,axis1_general,1428,0.01873516126942963
conditional-fit-0100,axis1_general,1429,0.014598349901208845
conditional-fit-0100,axis1_general,1430,0.025309888201944068
conditional-fit-0100,axis1_general,1431,0.0022119223478967763
conditional-fit-0100,axis1_general,1432,0.00011061782398753524
conditional-fit-0100,axis1_general,1433,0.008076442273494574
conditional-fit-0100,axis1_general,1434,0.01785690075299841
conditional-fit-0100,axis1_general,1435,0.008496315402628197
conditional-fit-0100,axis1_general,1436,7.408588817180675e-06
conditional-fit-0100,axis1_general,1437,0.00011324355220724698
conditional-fit-0100,axis1_general,1438,0.02904653723030466
conditional-fit-0100,axis1_general,1439,0.0014574546001401853
conditional-fit-0100,axis1_general,1440,0.0019104681704115133
conditional-fit-0100,axis1_general,1441,0.003953359418634841
conditional-fit-0100,axis1_general,1442,0.00017920695923362548
conditional-fit-0100,axis1_general,1443,0.0008502976224789675
conditional-fit-0100,axis1_general,1444,0.005831725041487736
conditional-fit-0100,axis1_general,1445,0.013003175488087399
conditional-fit-0100,axis1_general,1446,0.00045428379578124384
conditional-fit-0100,axis1_general,1447,0.004790925665390267
conditional-fit-0100,axis1_general,1448,0.0019687313754869
conditional-fit-0100,axis1_general,1449,0.03802543476432787
conditional-fit-0100,axis1_general,1450,5.6589702898831624e-05
conditional-fit-0100,axis1_general,1451,5.201862496664022e-06
conditional-fit-0100,axis1_general,1452,2.647504088038623e-05
conditional-fit-0100,axis1_general,1453,0.05421995407018136
conditional-fit-0100,axis1_general,1454,0.00014510298731728737
conditional-fit-0100,axis1_general,1455,0.00012852078361644855
conditional-fit-0100,axis1_general,1456,0.02767224285264577
conditional-fit-0100,axis1_general,1457,0.003981084512290443
conditional-fit-0100,axis1_general,1458,0.001184978151471095
conditional-fit-0100,axis1_general,1459,0.00023662289265817668
conditional-fit-0100,axis1_general,1460,0.0443948915203599
conditional-fit-0100,axis1_general,1461,0.001194656433821699
conditional-fit-0100,axis1_general,1462,0.019604028395009205
conditional-fit-0100,axis1_general,1463,7.552166693821024e-06
conditional-fit-0100,axis1_general,1464,0.004165141298528834
conditional-fit-0100,axis1_general,1465,0.010474376364273959
conditional-fit-0100,axis1_general,1466,3.5488983575462875e-07
conditional-fit-0100,axis1_general,1467,1.9907935203363932e-05
conditional-fit-0100,axis1_general,1468,1.0593850444638839e-06
conditional-fit-0100,axis1_general,1469,0.005712086766032494
conditional-fit-0100,axis1_general,1470,0.030482511594845024
conditional-fit-0100,axis1_general,1471,0.023444932734914867
conditional-fit-0100,axis1_general,1472,0.001468077134457324
conditional-fit-0100,axis1_general,1473,0.006924599659337935
conditional-fit-0100,axis1_general,1474,0.010813218351202612
conditional-fit-0100,axis1_general,1475,7.9076349122212e-06
conditional-fit-0100,axis1_general,1476,7.29914988935558e-05
conditional-fit-0100,axis1_general,1477,5.109995871429122e-07
conditional-fit-0100,axis1_general,1478,1.650623913423811e-05
conditional-fit-0100,axis1_general,1479,0.05027273812338946
conditional-fit-0100,axis1_general,1480,0.0013643000480839428
conditional-fit-0100,axis1_general,1481,0.0015196577990718011
conditional-fit-0100,axis1_general,1482,7.996471871609998e-05
conditional-fit-0100,axis1_general,1483,0.0021118291893522725
conditional-fit-0100,axis1_general,1484,0.0029563308796665853
conditional-fit-0100,axis1_general,1485,0.002278157668740866
conditional-fit-0100,axis1_general,1486,0.0006148206834117432
conditional-fit-0100,axis1_general,1487,0.001695168288202416
conditional-fit-0100,axis1_general,1488,0.0003827839465214431
conditional-fit-0100,axis1_general,1489,0.014570029693525631
conditional-fit-0100,axis1_general,1490,0.0003343379622549462
conditional-fit-0100,axis1_general,1491,0.02131810593647436
conditional-fit-0100,axis1_general,1492,0.0013016553146731236
conditional-fit-0100,axis1_general,1493,0.00028114665470650095
conditional-fit-0100,axis1_general,1494,0.018524451527660073
conditional-fit-0100,axis1_general,1495,0.0032463473282484633
conditional-fit-0100,axis1_general,1496,0.0023282581380961176
conditional-fit-0100,axis1_general,1497,0.018039272494897902
conditional-fit-0100,axis1_general,1498,0.03814832232993742
conditional-fit-0100,axis1_general,1499,0.000951935572592317
conditional-fit-0100,axis1_general,1500,0.013962461775006783
conditional-fit-0100,axis1_general,1501,0.05994493296911696
conditional-fit-0100,axis1_general,1502,7.795486009976629e-06
conditional-fit-0100,axis1_general,1503,7.511220889570483e-05
conditional-fit-0100,axis1_general,1504,0.01402248017181615
conditional-fit-0100,axis1_general,1505,0.030774914339371427
conditional-fit-0100,axis1_general,1506,0.028310548369663596
conditional-fit-0100,axis1_general,1507,0.00019407122251813096
conditional-fit-0100,axis1_general,1508,0.02829335474443116
conditional-fit-0100,axis1_general,1509,0.011351310529670072
conditional-fit-0100,axis1_general,1510,0.00017309517419390004
conditional-fit-0100,axis1_general,1511,0.00224773118036903
conditional-fit-0100,axis1_general,1512,0.0001494362787798502
conditional-fit-0100,axis1_general,1513,7.986450886471372e-05
conditional-fit-0100,axis1_general,1514,0.00019897206401169187
conditional-fit-0100,axis1_general,1515,2.3606558111338216e-05
conditional-fit-0100,axis1_general,1516,1.128580283676555e-06
conditional-fit-0100,axis1_general,1517,0.00431330368543373
conditional-fit-0100,axis1_general,1518,2.1584321429526755e-05
conditional-fit-0100,axis1_general,1519,0.01877679973183042
conditional-fit-0100,axis1_general,1520,0.0015132103325488947
conditional-fit-0100,axis1_general,1521,0.0017862646303456325
conditional-fit-0100,axis1_general,1522,0.017857045781173458
conditional-fit-0100,axis1_general,1523,1.3650833984790915e-05
conditional-fit-0100,axis1_general,1524,0.000356075842597488
conditional-fit-0100,axis1_general,1525,0.022147651053205625
conditional-fit-0100,axis1_general,1526,0.03791030395903454
conditional-fit-0100,axis1_general,1527,2.525045658114178e-05
conditional-fit-0100,axis1_general,1528,0.004775060569031705
conditional-fit-0100,axis1_general,1529,0.002845789580593456
conditional-fit-0100,axis1_general,1530,0.008958312355621667
conditional-fit-0100,axis1_general,1531,0.004312071049555527
conditional-fit-0100,axis1_general,1532,0.0014364873311732528
conditional-fit-0100,axis1_general,1533,8.467877840099054e-06
conditional-fit-0100,axis1_general,1534,0.00012465894063001798
conditional-fit-0100,axis1_general,1535,0.0027949567534522276
conditional-fit-0100,axis1_general,1536,0.08332383117469688
conditional-fit-0100,axis1_general,1537,0.011412169925525784
conditional-fit-0100,axis1_general,1538,6.26454396793293e-05
conditional-fit-0100,axis1_general,1539,0.010103993170579889
conditional-fit-0100,axis1_general,1540,0.010910464575501336
conditional-fit-0100,axis1_general,1541,0.005527889553470871
conditional-fit-0100,axis1_general,1542,0.007645126113150998
conditional-fit-0100,axis1_general,1543,0.025122918647500513
conditional-fit-0100,axis1_general,1544,0.034869445730890875
conditional-fit-0100,axis1_general,1545,0.011201453190850273
conditional-fit-0100,axis1_general,1546,0.026874854504371673
conditional-fit-0100,axis1_general,1547,0.009196223392217682
conditional-fit-0100,axis1_general,1548,6.472483817827288e-06
conditional-fit-0100,axis1_general,1549,0.0013189112562080228
conditional-fit-0100,axis1_general,1550,0.013163003033438137
conditional-fit-0100,axis1_general,1551,4.5659890519936225e-05
conditional-fit-0100,axis1_general,1552,0.007091762050780076
conditional-fit-0100,axis1_general,1553,0.009038829673722016
conditional-fit-0100,axis1_general,1554,0.009904774026732887
conditional-fit-0100,axis1_general,1555,2.9847721201799618e-06
conditional-fit-0100,axis1_general,1556,2.451666831010755e-05
conditional-fit-0100,axis1_general,1557,0.04310133713409614
conditional-fit-0100,axis1_general,1558,0.02780631279607048
conditional-fit-0100,axis1_general,1559,0.029900006710023207
conditional-fit-0100,axis1_general,1560,8.793950921342934e-05
conditional-fit-0100,axis1_general,1561,0.004618931124937975
conditional-fit-0100,axis1_general,1562,0.00018016575932264245
conditional-fit-0100,axis1_general,1563,0.023314128756612523
conditional-fit-0100,axis1_general,1564,3.271606092046529e-05
conditional-fit-0100,axis1_general,1565,0.00026546478824205884
conditional-fit-0100,axis1_general,1566,0.010777171109658819
conditional-fit-0100,axis1_general,1567,0.000516338742144768
conditional-fit-0100,axis1_general,1568,0.012855758082802645
conditional-fit-0100,axis1_general,1569,0.001581100377062359
conditional-fit-0100,axis1_general,1570,0.00011348357643725673
conditional-fit-0100,axis1_general,1571,0.00019375865114123613
conditional-fit-0100,axis1_general,1572,1.2179300018105933e-05
conditional-fit-0100,axis1_general,1573,0.036070151785279295
conditional-fit-0100,axis1_general,1574,7.637850905616324e-05
conditional-fit-0100,axis1_general,1575,0.0035743970826144886
conditional-fit-0100,axis1_general,1576,0.008321035800781468
conditional-fit-0100,axis1_general,1577,0.007417797045411126
conditional-fit-0100,axis1_general,1578,0.000715890992176309
conditional-fit-0100,axis1_general,1579,0.013404828718509156
conditional-fit-0100,axis1_general,1580,0.0001575865939567574
conditional-fit-0100,axis1_general,1581,0.0072495151494251005
conditional-fit-0100,axis1_general,1582,0.0019605200894676766
conditional-fit-0100,axis1_general,1583,0.0009145641365193996
conditional-fit-0100,axis1_general,1584,0.001771586888780267
conditional-fit-0100,axis1_general,1585,0.016241760117059675
conditional-fit-0100,axis1_general,1586,0.0064950020828775865
conditional-fit-0100,axis1_general,1587,0.0010060126701188325
conditional-fit-0100,axis1_general,1588,8.158234328409668e-05
conditional-fit-0100,axis1_general,1589,7.066182793825102e-06
conditional-fit-0100,axis1_general,1590,7.075194213127308e-05
conditional-fit-0100,axis1_general,1591,3.733157350975192e-06
conditional-fit-0100,axis1_general,1592,0.003204053915029745
conditional-fit-0100,axis1_general,1593,0.011486585027918727
conditional-fit-0100,axis1_general,1594,1.9640890719246145e-05
conditional-fit-0100,axis1_general,1595,0.0009540409424636366
conditional-fit-0100,axis1_general,1596,0.0011194242430477694
conditional-fit-0100,axis1_general,1597,0.017323618195607668
conditional-fit-0100,axis1_general,1598,0.022888693075668775
conditional-fit-0100,axis1_general,1599,9.150084182644198e-06
conditional-fit-0100,axis1_general,1600,0.008229708446778878
conditional-fit-0100,axis1_general,1601,1.4643735809898236e-05
conditional-fit-0100,axis1_general,1602,0.0059355486347887456
conditional-fit-0100,axis1_general,1603,0.007858301592847752
conditional-fit-0100,axis1_general,1604,0.005451193913497854
conditional-fit-0100,axis1_general,1605,0.032516396129546994
conditional-fit-0100,axis1_general,1606,0.0003890161034580063
conditional-fit-0100,axis1_general,1607,0.00012467937655141317
conditional-fit-0100,axis1_general,1608,8.62767161752586e-06
conditional-fit-0100,axis1_general,1609,0.1087978777434456
conditional-fit-0100,axis1_general,1610,0.00012749316586837156
conditional-fit-0100,axis1_general,1611,0.00015561127163647498
conditional-fit-0100,axis1_general,1612,0.01066837494729346
conditional-fit-0100,axis1_general,1613,9.469469608586736e-07
conditional-fit-0100,axis1_general,1614,5.355189125381588e-05
conditional-fit-0100,axis1_general,1615,0.0017254967196398995
conditional-fit-0100,axis1_general,1616,1.3467453279282217e-05
conditional-fit-0100,axis1_general,1617,0.011600529157643391
conditional-fit-0100,axis1_general,1618,0.0015324832284369769
conditional-fit-0100,axis1_general,1619,0.0017321922843986405
conditional-fit-0100,axis1_general,1620,6.461291650537696e-05
conditional-fit-0100,axis1_general,1621,0.005278206668308347
conditional-fit-0100,axis1_general,1622,0.01602496921526957
conditional-fit-0100,axis1_general,1623,2.858425889434308e-05
conditional-fit-0100,axis1_general,1624,1.2834361174870972e-05
conditional-fit-0100,axis1_general,1625,2.0807703296069493e-05
conditional-fit-0100,axis1_general,1626,9.061092292933994e-05
conditional-fit-0100,axis1_general,1627,1.9412263610784358e-05
conditional-fit-0100,axis1_general,1628,0.003513521042558551
conditional-fit-0100,axis1_general,1629,0.004909301245886808
conditional-fit-0100,axis1_general,1630,0.00011626756859324444
conditional-fit-0100,axis1_general,1631,0.0018231542630265014
conditional-fit-0100,axis1_general,1632,0.00012627712952476222
conditional-fit-0100,axis1_general,1633,3.828199080165252e-05
conditional-fit-0100,axis1_general,1634,0.019621447523361694
conditional-fit-0100,axis1_general,1635,0.0002819232390442237
conditional-fit-0100,axis1_general,1636,0.0011931650291964213
conditional-fit-0100,axis1_general,1637,0.00010611432268567514
conditional-fit-0100,axis1_general,1638,2.6116087578385985e-05
conditional-fit-0100,axis1_general,1639,0.0002121018313525245
conditional-fit-0100,axis1_general,1640,0.06374363310072706
conditional-fit-0100,axis1_general,1641,0.0032961703202147195
conditional-fit-0100,axis1_general,1642,9.006577621163377e-05
conditional-fit-0100,axis1_general,1643,0.0008252136679101848
conditional-fit-0100,axis1_general,1644,0.00938668005399986
conditional-fit-0100,axis1_general,1645,0.01374642124110579
conditional-fit-0100,axis1_general,1646,0.03412800619514035
conditional-fit-0100,axis1_general,1647,0.029990215485942686
conditional-fit-0100,axis1_general,1648,0.0404164956381417
conditional-fit-0100,axis1_general,1649,0.006407788485587332
conditional-fit-0100,axis1_general,1650,7.749236329127895e-05
conditional-fit-0100,axis1_general,1651,0.03615117399919887
conditional-fit-0100,axis1_general,1652,0.018275948672416414
conditional-fit-0100,axis1_general,1653,0.01924706647920031
conditional-fit-0100,axis1_general,1654,0.06115523025068581
conditional-fit-0100,axis1_general,1655,0.032423019920483014
conditional-fit-0100,axis1_general,1656,0.0022029439540964383
conditional-fit-0100,axis1_general,1657,0.01435728176477539
conditional-fit-0100,axis1_general,1658,0.0005413494168895462
conditional-fit-0100,axis1_general,1659,4.562485349140745e-05
conditional-fit-0100,axis1_general,1660,0.026523154710985132
conditional-fit-0100,axis1_general,1661,0.010112023866842845
conditional-fit-0100,axis1_general,1662,0.0002401864317555911
conditional-fit-0100,axis1_general,1663,0.00018445450966976857
conditional-fit-0100,axis1_general,1664,0.00012415268650623019
conditional-fit-0100,axis1_general,1665,9.975308744498476e-05
conditional-fit-0100,axis1_general,1666,0.026051783686317286
conditional-fit-0100,axis1_general,1667,0.00011701331869899798
conditional-fit-0100,axis1_general,1668,5.361875688423194e-05
conditional-fit-0100,axis1_general,1669,0.000322493081012973
conditional-fit-0100,axis1_general,1670,4.919639752232153e-05
conditional-fit-0100,axis1_general,1671,4.014101641431107e-05
conditional-fit-0100,axis1_general,1672,0.005749032746874628
conditional-fit-0100,axis1_general,1673,7.534808215069433e-05
conditional-fit-0100,axis1_general,1674,0.005689017503601012
conditional-fit-0100,axis1_general,1675,1.2158853538906091e-05
conditional-fit-0100,axis1_general,1676,1.1478212562517532e-05
conditional-fit-0100,axis1_general,1677,1.2203236704324666e-05
conditional-fit-0100,axis1_general,1678,0.0006245948356265611
conditional-fit-0100,axis1_general,1679,0.0422594056841845
conditional-fit-0100,axis1_general,1680,3.454580438107588e-05
conditional-fit-0100,axis1_general,1681,0.002563212137184551
conditional-fit-0100,axis1_general,1682,0.004911537355380189
conditional-fit-0100,axis1_general,1683,0.00010571390045221661
conditional-fit-0100,axis1_general,1684,0.00016805840790425715
conditional-fit-0100,axis1_general,1685,0.0010763743141041417
conditional-fit-0100,axis1_general,1686,0.04295402090766555
conditional-fit-0100,axis1_general,1687,0.0002972847280979597
conditional-fit-0100,axis1_general,1688,2.5065411222036483e-05
conditional-fit-0100,axis1_general,1689,0.010670948584884685
conditional-fit-0100,axis1_general,1690,0.05948455579577745
conditional-fit-0100,axis1_general,1691,0.019776640944141666
conditional-fit-0100,axis1_general,1692,0.00021021232696055107
conditional-fit-0100,axis1_general,1693,0.0015246620459894158
conditional-fit-0100,axis1_general,1694,0.00015914709778988876
conditional-fit-0100,axis1_general,1695,0.0006268507626693946
conditional-fit-0100,axis1_general,1696,2.0011838302404373e-05
conditional-fit-0100,axis1_general,1697,0.0002830538097914281
conditional-fit-0100,axis1_general,1698,0.019423413284866013
conditional-fit-0100,axis1_general,1699,0.055241306386975206
conditional-fit-0100,axis1_general,1700,0.0010625068129712732
conditional-fit-0100,axis1_general,1701,0.009972301501828654
conditional-fit-0100,axis1_general,1702,0.011530472429940288
conditional-fit-0100,axis1_general,1703,0.0007971541899071816
conditional-fit-0100,axis1_general,1704,0.03660281280642361
conditional-fit-0100,axis1_general,1705,0.006961118262267557
conditional-fit-0100,axis1_general,1706,6.825007916116123e-06
conditional-fit-0100,axis1_general,1707,2.559058621199473e-05
conditional-fit-0100,axis1_general,1708,2.8353136098504948e-05
conditional-fit-0100,axis1_general,1709,5.0916040042714175e-06
conditional-fit-0100,axis1_general,1710,0.003491444113181386
conditional-fit-0100,axis1_general,1711,0.0013848911449025514
conditional-fit-0100,axis1_general,1712,0.08687308362960236
conditional-fit-0100,axis1_general,1713,4.578347674363067e-05
conditional-fit-0100,axis1_general,1714,0.029614639841302005
conditional-fit-0100,axis1_general,1715,0.005259843689557861
conditional-fit-0100,axis1_general,1716,4.206291497792468e-05
conditional-fit-0100,axis1_general,1717,0.0016058305009596565
conditional-fit-0100,axis1_general,1718,0.011783733684073082
conditional-fit-0100,axis1_general,1719,0.027667073764294812
conditional-fit-0100,axis1_general,1720,0.01713626912457439
conditional-fit-0100,axis1_general,1721,0.1112872790468159
conditional-fit-0100,axis1_general,1722,0.014687898974059997
conditional-fit-0100,axis1_general,1723,8.523845827276191e-05
conditional-fit-0100,axis1_general,1724,7.135021079599278e-05
conditional-fit-0100,axis1_general,1725,0.01195958026553832
conditional-fit-0100,axis1_general,1726,0.003392650170289872
conditional-fit-0100,axis1_general,1727,1.7570517138837296e-05
conditional-fit-0100,axis1_general,1728,0.011422052562045586
conditional-fit-0100,axis1_general,1729,0.012960140777416643
conditional-fit-0100,axis1_general,1730,0.0012843865065848528
conditional-fit-0100,axis1_general,1731,0.007270648886094986
conditional-fit-0100,axis1_general,1732,0.009647774203609849
conditional-fit-0100,axis1_general,1733,0.007339576852733046
conditional-fit-0100,axis1_general,1734,0.00897854027778229
conditional-fit-0100,axis1_general,1735,0.008934175512680697
conditional-fit-0100,axis1_general,1736,0.010021682299893826
conditional-fit-0100,axis1_general,1737,0.012803464420667912
conditional-fit-0100,axis1_general,1738,0.0018627900747787435
conditional-fit-0100,axis1_general,1739,0.0060303435333211065
conditional-fit-0100,axis1_general,1740,0.007552536183001049
conditional-fit-0100,axis1_general,1741,0.04372008726469495
conditional-fit-0100,axis1_general,1742,0.0006113399603270814
conditional-fit-0100,axis1_general,1743,4.3247223444027405e-06
conditional-fit-0100,axis1_general,1744,0.005514135682229771
conditional-fit-0100,axis1_general,1745,0.0026615350249357024
conditional-fit-0100,axis1_general,1746,0.01593612921260988
conditional-fit-0100,axis1_general,1747,0.006250774021545043
conditional-fit-0100,axis1_general,1748,0.031169908737710375
conditional-fit-0100,axis1_general,1749,0.003363368814150884
conditional-fit-0100,axis1_general,1750,0.0030503925118717896
conditional-fit-0100,axis1_general,1751,0.07384105153046495
conditional-fit-0100,axis1_general,1752,0.010027892435686026
conditional-fit-0100,axis1_general,1753,6.598639726522525e-05
conditional-fit-0100,axis1_general,1754,0.0032784749173186294
conditional-fit-0100,axis1_general,1755,6.684510799049049e-07
conditional-fit-0100,axis1_general,1756,0.00048345607221918696
conditional-fit-0100,axis1_general,1757,0.00544065496774749
conditional-fit-0100,axis1_general,1758,0.012285594298151983
conditional-fit-0100,axis1_general,1759,0.009724127595665426
conditional-fit-0100,axis1_general,1760,0.008459092960164394
conditional-fit-0100,axis1_general,1761,0.048592315642493084
conditional-fit-0100,axis1_general,1762,0.0019475277689530682
conditional-fit-0100,axis1_general,1763,0.022239152019814024
conditional-fit-0100,axis1_general,1764,3.10538584681322e-07
conditional-fit-0100,axis1_general,1765,6.869731579431019e-06
conditional-fit-0100,axis1_general,1766,0.002085379913188336
conditional-fit-0100,axis1_general,1767,1.3564137893551382e-05
conditional-fit-0100,axis1_general,1768,4.778173622733066e-05
conditional-fit-0100,axis1_general,1769,0.016273685647012343
conditional-fit-0100,axis1_general,1770,0.040871539985160674
conditional-fit-0100,axis1_general,1771,0.00026208182611541967
conditional-fit-0100,axis1_general,1772,0.0001793822890898823
conditional-fit-0100,axis1_general,1773,0.004737252429819309
conditional-fit-0100,axis1_general,1774,0.003150929204035518
conditional-fit-0100,axis1_general,1775,0.03256938865786832
conditional-fit-0100,axis1_general,1776,0.016299691790497818
conditional-fit-0100,axis1_general,1777,0.005053109866361358
conditional-fit-0100,axis1_general,1778,0.0026933909924753982
conditional-fit-0100,axis1_general,1779,0.01362327620786384
conditional-fit-0100,axis1_general,1780,0.007399723963355802
conditional-fit-0100,axis1_general,1781,0.0003956515967606783
conditional-fit-0100,axis1_general,1782,0.0006783234142997757
conditional-fit-0100,axis1_general,1783,0.008293077447851866
conditional-fit-0100,axis1_general,1784,0.028140152386677067
conditional-fit-0100,axis1_general,1785,0.025176490344762572
conditional-fit-0100,axis1_general,1786,0.0007048690821609051
conditional-fit-0100,axis1_general,1787,0.007555690617553077
conditional-fit-0100,axis1_general,1788,7.791847431876944e-05
conditional-fit-0100,axis1_general,1789,0.0030384255521712106
conditional-fit-0100,axis1_general,1790,0.009241284697064566
conditional-fit-0100,axis1_general,1791,0.001662802382993626
conditional-fit-0100,axis1_general,1792,0.009385382024587344
conditional-fit-0100,axis1_general,1793,0.033327709380283385
conditional-fit-0100,axis1_general,1794,0.01338948916281659
conditional-fit-0100,axis1_general,1795,0.022893558504285233
conditional-fit-0100,axis1_general,1796,2.4691921854819014e-05
conditional-fit-0100,axis1_general,1797,0.00024223006797361943
conditional-fit-0100,axis1_general,1798,3.2200447418262638e-06
conditional-fit-0100,axis1_general,1799,3.5907863807425524e-06
conditional-fit-0100,axis1_general,1800,0.0006685354215275943
conditional-fit-0100,axis1_general,1801,2.1381216967580821e-07
conditional-fit-0100,axis1_general,1802,2.341652690262687e-06
conditional-fit-0100,axis1_general,1803,0.0011408970456086107
conditional-fit-0100,axis1_general,1804,6.985093520803568e-05
conditional-fit-0100,axis1_general,1805,0.0001690193590442799
conditional-fit-0100,axis1_general,1806,0.019345222673080295
conditional-fit-0100,axis1_general,1807,0.02601921024667752
conditional-fit-0100,axis1_general,1808,0.00016903627558642826
conditional-fit-0100,axis1_general,1809,3.465161401347013e-05
conditional-fit-0100,axis1_general,1810,0.002245837875946788
conditional-fit-0100,axis1_general,1811,2.3405531517111562e-06
conditional-fit-0100,axis1_general,1812,4.321616084996296e-05
conditional-fit-0100,axis1_general,1813,0.22464185888248175
conditional-fit-0100,axis1_general,1814,3.648022746845381e-05
conditional-fit-0100,axis1_general,1815,1.7486895729340853e-05
conditional-fit-0100,axis1_general,1816,9.649258460348817e-05
conditional-fit-0100,axis1_general,1817,0.012841467317509778
conditional-fit-0100,axis1_general,1818,0.012630834622890642
conditional-fit-0100,axis1_general,1819,8.129333452622655e-05
conditional-fit-0100,axis1_general,1820,9.592798083252271e-05
conditional-fit-0100,axis1_general,1821,0.09006742526858602
conditional-fit-0100,axis1_general,1822,0.03753902148789426
conditional-fit-0100,axis1_general,1823,0.0007172987318740966
conditional-fit-0100,axis1_general,1824,0.012149119762382948
conditional-fit-0100,axis1_general,1825,0.036771820471488574
conditional-fit-0100,axis1_general,1826,0.0023616169463644395
conditional-fit-0100,axis1_general,1827,0.007767781280996825
conditional-fit-0100,axis1_general,1828,0.0005276643313860295
conditional-fit-0100,axis1_general,1829,0.023553263036370932
conditional-fit-0100,axis1_general,1830,0.01018243194414625
conditional-fit-0100,axis1_general,1831,0.00604416264066502
conditional-fit-0100,axis1_general,1832,0.04140895918264939
conditional-fit-0100,axis1_general,1833,0.11027227119274134
conditional-fit-0100,axis1_general,1834,2.6310867510175213e-06
conditional-fit-0100,axis1_general,1835,1.549883500834202e-05
conditional-fit-0100,axis1_general,1836,7.547223074259063e-06
conditional-fit-0100,axis1_general,1837,0.01366439899592356
conditional-fit-0100,axis1_general,1838,0.0215867996486417
conditional-fit-0100,axis1_general,1839,0.0008266446793638938
conditional-fit-0100,axis1_general,1840,7.615483573002749e-05
conditional-fit-0100,axis1_general,1841,0.010635069304794955
conditional-fit-0100,axis1_general,1842,0.014613684210114754
conditional-fit-0100,axis1_general,1843,0.0035570304009479112
conditional-fit-0100,axis1_general,1844,0.004649277662436075
conditional-fit-0100,axis1_general,1845,0.002193273482179286
conditional-fit-0100,axis1_general,1846,0.002281695858548671
conditional-fit-0100,axis1_general,1847,0.010707448852690161
conditional-fit-0100,axis1_general,1848,0.016332911505974625
conditional-fit-0100,axis1_general,1849,0.0006115393151030777
conditional-fit-0100,axis1_general,1850,0.012638909448490996
conditional-fit-0100,axis1_general,1851,0.0013955492842527824
conditional-fit-0100,axis1_general,1852,0.0003451351587214369
conditional-fit-0100,axis1_general,1853,0.009529684502162655
conditional-fit-0100,axis1_general,1854,0.03854975940813528
conditional-fit-0100,axis1_general,1855,0.003856759039845518
conditional-fit-0100,axis1_general,1856,0.015028097698561591
conditional-fit-0100,axis1_general,1857,4.910225223396755e-05
conditional-fit-0100,axis1_general,1858,0.003663688598539796
conditional-fit-0100,axis1_general,1859,0.005907583481534053
conditional-fit-0100,axis1_general,1860,9.581065580715405e-07
conditional-fit-0100,axis1_general,1861,7.045681849575682e-07
conditional-fit-0100,axis1_general,1862,0.009143431046553525
conditional-fit-0100,axis1_general,1863,5.6610890416226735e-05
conditional-fit-0100,axis1_general,1864,3.0538215639741276e-06
conditional-fit-0100,axis1_general,1865,0.004368112540836336
conditional-fit-0100,axis1_general,1866,1.4964133426361683e-05
conditional-fit-0100,axis1_general,1867,0.0009080819110717257
conditional-fit-0100,axis1_general,1868,0.0018905886576393392
conditional-fit-0100,axis1_general,1869,0.013700049835104523
conditional-fit-0100,axis1_general,1870,0.001309171174304848
conditional-fit-0100,axis1_general,1871,0.030611650666955058
conditional-fit-0100,axis1_general,1872,0.0045032567697159635
conditional-fit-0100,axis1_general,1873,0.006892648193617747
conditional-fit-0100,axis1_general,1874,6.16702746353082e-05
conditional-fit-0100,axis1_general,1875,0.00040105337725882787
conditional-fit-0100,axis1_general,1876,0.010814174067790205
conditional-fit-0100,axis1_general,1877,1.9747361818998156e-05
conditional-fit-0100,axis1_general,1878,5.464189298533459e-06
conditional-fit-0100,axis1_general,1879,5.28706527324521e-06
conditional-fit-0100,axis1_general,1880,0.00014924040101562536
conditional-fit-0100,axis1_general,1881,3.1579761727979013e-06
conditional-fit-0100,axis1_general,1882,0.0001858880348546374
conditional-fit-0100,axis1_general,1883,0.05703308390904406
conditional-fit-0100,axis1_general,1884,1.684347741853926e-05
conditional-fit-0100,axis1_general,1885,0.01753567769634643
conditional-fit-0100,axis1_general,1886,0.0004792722064387448
conditional-fit-0100,axis1_general,1887,0.023180808619194637
conditional-fit-0100,axis1_general,1888,0.01803877478672297
conditional-fit-0100,axis1_general,1889,0.0026320597368672425
conditional-fit-0100,axis1_general,1890,0.010978340236688776
conditional-fit-0100,axis1_general,1891,0.013150674708473281
conditional-fit-0100,axis1_general,1892,0.003852242656998418
conditional-fit-0100,axis1_general,1893,0.0034453990749712836
conditional-fit-0100,axis1_general,1894,0.0010749415224870112
conditional-fit-0100,axis1_general,1895,0.001947034026625626
conditional-fit-0100,axis1_general,1896,0.004362607053811671
conditional-fit-0100,axis1_general,1897,0.00584004262239896
conditional-fit-0100,axis1_general,1898,0.006824041026026378
conditional-fit-0100,axis1_general,1899,0.01803838815467268
conditional-fit-0100,axis1_general,1900,0.003322646620940681
conditional-fit-0100,axis1_general,1901,0.035664133870500596
conditional-fit-0100,axis1_general,1902,0.01956408316791312
conditional-fit-0100,axis1_general,1903,0.01516154397588687
conditional-fit-0100,axis1_general,1904,0.010283291671818615
conditional-fit-0100,axis1_general,1905,0.011774816414691682
conditional-fit-0100,axis1_general,1906,0.0003577073629195365
conditional-fit-0100,axis1_general,1907,0.0002904025780683505
conditional-fit-0100,axis1_general,1908,0.015560841839537008
conditional-fit-0100,axis1_general,1909,0.009224027675604006
conditional-fit-0100,axis1_general,1910,0.001026393393685798
conditional-fit-0100,axis1_general,1911,0.022075945527892087
conditional-fit-0100,axis1_general,1912,0.01222909569269513
conditional-fit-0100,axis1_general,1913,0.0017207325382999697
conditional-fit-0100,axis1_general,1914,0.007186726244997561
conditional-fit-0100,axis1_general,1915,0.021262766873931013
conditional-fit-0100,axis1_general,1916,0.009223160082944652
conditional-fit-0100,axis1_general,1917,0.005597226083838716
conditional-fit-0100,axis1_general,1918,0.0006361496754616431
conditional-fit-0100,axis1_general,1919,0.021312560578316524
conditional-fit-0100,axis1_general,1920,0.0015191692671671115
conditional-fit-0100,axis1_general,1921,0.010254653559509384
conditional-fit-0100,axis1_general,1922,0.0004011863157748288
conditional-fit-0100,axis1_general,1923,0.013096165363609118
conditional-fit-0100,axis1_general,1924,8.63488305900559e-07
conditional-fit-0100,axis1_general,1925,1.1886100155863313e-05
conditional-fit-0100,axis1_general,1926,0.006927794117144232
conditional-fit-0100,axis1_general,1927,0.00807721420522818
conditional-fit-0100,axis1_general,1928,0.011124589353181478
conditional-fit-0100,axis1_general,1929,0.005512162172021849
conditional-fit-0100,axis1_general,1930,0.02004339996881606
conditional-fit-0100,axis1_general,1931,0.001210160855829064
conditional-fit-0100,axis1_general,1932,2.7083165703991526e-06
conditional-fit-0100,axis1_general,1933,0.00847658438723763
conditional-fit-0100,axis1_general,1934,1.0316467302381646e-05
conditional-fit-0100,axis1_general,1935,0.030123592370629376
conditional-fit-0100,axis1_general,1936,0.0015030304131076824
conditional-fit-0100,axis1_general,1937,0.01787209824609589
conditional-fit-0100,axis1_general,1938,0.031494368222902004
conditional-fit-0100,axis1_general,1939,0.014356520283952609
conditional-fit-0100,axis1_general,1940,0.01613073361303055
conditional-fit-0100,axis1_general,1941,0.0025121114685704334
conditional-fit-0100,axis1_general,1942,0.011676299172611083
conditional-fit-0100,axis1_general,1943,0.003218746774323919
conditional-fit-0100,axis1_general,1944,1.938239455870835e-06
conditional-fit-0100,axis1_general,1945,3.3162954920280936e-06
conditional-fit-0100,axis1_general,1946,0.0005571361498330764
conditional-fit-0100,axis1_general,1947,8.343563874043521e-05
conditional-fit-0100,axis1_general,1948,0.00011488000625494788
conditional-fit-0100,axis1_general,1949,0.010627005813630559
conditional-fit-0100,axis1_general,1950,0.002180152177125867
conditional-fit-0100,axis1_general,1951,0.00010024470842512478
conditional-fit-0100,axis1_general,1952,1.3903151759414503e-05
conditional-fit-0100,axis1_general,1953,0.004576608910520493
conditional-fit-0100,axis1_general,1954,3.5001095196438933e-06
conditional-fit-0100,axis1_general,1955,2.9636529078057067e-06
conditional-fit-0100,axis1_general,1956,0.00011402051010607169
conditional-fit-0100,axis1_general,1957,0.0342087674239164
conditional-fit-0100,axis1_general,1958,0.016655693892993727
conditional-fit-0100,axis1_general,1959,0.0155669287577388
conditional-fit-0100,axis1_general,1960,0.006860462873154706
conditional-fit-0100,axis1_general,1961,0.00506991242719387
conditional-fit-0100,axis1_general,1962,0.016319259690745234
conditional-fit-0100,axis1_general,1963,0.011944272592783573
conditional-fit-0100,axis1_general,1964,0.0031442302152236805
conditional-fit-0100,axis1_general,1965,0.012350385783442101
conditional-fit-0100,axis1_general,1966,1.6295727414814736e-06
conditional-fit-0100,axis1_general,1967,0.002321198060644271
conditional-fit-0100,axis1_general,1968,4.720117579679383e-06
conditional-fit-0100,axis1_general,1969,0.01606772409278574
conditional-fit-0100,axis1_general,1970,0.0012347399595390783
conditional-fit-0100,axis1_general,1971,0.0047899479667943105
conditional-fit-0100,axis1_general,1972,0.010858258802225133
conditional-fit-0100,axis1_general,1973,0.016507554724209506
conditional-fit-0100,axis1_general,1974,0.02415391551917467
conditional-fit-0100,axis1_general,1975,0.01591422276697103
conditional-fit-0100,axis1_general,1976,0.023107362304587473
conditional-fit-0100,axis1_general,1977,0.005681186198731574
conditional-fit-0100,axis1_general,1978,0.00014128083390055015
conditional-fit-0100,axis1_general,1979,0.006883235706756541
conditional-fit-0100,axis1_general,1980,0.015293379567723107
conditional-fit-0100,axis1_general,1981,0.007854010266210777
conditional-fit-0100,axis1_general,1982,0.001768144419165525
conditional-fit-0100,axis1_general,1983,0.01141603563228361
conditional-fit-0100,axis1_general,1984,0.02081095370097062
conditional-fit-0100,axis1_general,1985,0.007559523766297488
conditional-fit-0100,axis1_general,1986,0.018016891954513795
conditional-fit-0100,axis1_general,1987,0.02742742923098142
conditional-fit-0100,axis1_general,1988,0.002278570556706985
conditional-fit-0100,axis1_general,1989,4.2905285975532075e-06
conditional-fit-0100,axis1_general,1990,2.1759959168010645e-06
conditional-fit-0100,axis1_general,1991,0.02826497133364185
conditional-fit-0100,axis1_general,1992,2.0890384440388342e-05
conditional-fit-0100,axis1_general,1993,6.754234688874207e-05
conditional-fit-0100,axis1_general,1994,0.029672362872273525
conditional-fit-0100,axis1_general,1995,0.031322615302502466
conditional-fit-0100,axis1_general,1996,0.00015526760503414743
conditional-fit-0100,axis1_general,1997,0.012361889976847161
conditional-fit-0100,axis1_general,1998,6.239145667493094e-06
conditional-fit-0100,axis1_general,1999,0.00020392964074610173
conditional-fit-0100,axis1_general,2000,0.012228748165217372
conditional-fit-0100,axis1_general,2001,0.019986285704159088
conditional-fit-0100,axis1_general,2002,0.02643146603989246
conditional-fit-0100,axis1_general,2003,0.008049159709052943
conditional-fit-0100,axis1_general,2004,0.009790764948778653
conditional-fit-0100,axis1_general,2005,0.010719268367933285
conditional-fit-0100,axis1_general,2006,6.557158988359168e-05
conditional-fit-0100,axis1_general,2007,1.7225426122968032e-05
conditional-fit-0100,axis1_general,2008,0.0023295503606094647
conditional-fit-0100,axis1_general,2009,0.00943016144544927
conditional-fit-0100,axis1_general,2010,0.01239906918039101
conditional-fit-0100,axis1_general,2011,0.0002653195042955672
conditional-fit-0100,axis1_general,2012,0.0023797428183591094
conditional-fit-0100,axis1_general,2013,4.2940155695916296e-06
conditional-fit-0100,axis1_general,2014,0.004011225158383123
conditional-fit-0100,axis1_general,2015,0.002517979319460808
conditional-fit-0100,axis1_general,2016,0.00023854123458119216
conditional-fit-0100,axis1_general,2017,0.03644218794448331
conditional-fit-0100,axis1_general,2018,0.00712851186699988
conditional-fit-0100,axis1_general,2019,0.008699371348550552
conditional-fit-0100,axis1_general,2020,0.015025548181297583
conditional-fit-0100,axis1_general,2021,0.019200083488490664
conditional-fit-0100,axis1_general,2022,0.000828808168053711
conditional-fit-0100,axis1_general,2023,0.02526839213323101
conditional-fit-0100,axis1_general,2024,0.023887819474119137
conditional-fit-0100,axis1_general,2025,0.023427199211537054
conditional-fit-0100,axis1_general,2026,0.00013890738328223426
conditional-fit-0100,axis1_general,2027,0.03895118435196804
conditional-fit-0100,axis1_general,2028,0.022767673382599916
conditional-fit-0100,axis1_general,2029,0.0013733923485269956
conditional-fit-0100,axis1_general,2030,0.0011067414181191058
conditional-fit-0100,axis1_general,2031,0.020535947861721075
conditional-fit-0100,axis1_general,2032,0.0002871640218817125
conditional-fit-0100,axis1_general,2033,0.003901486351107945
conditional-fit-0100,axis1_general,2034,0.010057094842000323
conditional-fit-0100,axis1_general,2035,0.06728503309317199
conditional-fit-0100,axis1_general,2036,2.9485320315304303e-05
conditional-fit-0100,axis1_general,2037,0.013182365672879138
conditional-fit-0100,axis1_general,2038,0.0015313248289740358
conditional-fit-0100,axis1_general,2039,6.966242117867838e-07
conditional-fit-0100,axis1_general,2040,1.6115210925170583e-05
conditional-fit-0100,axis1_general,2041,0.022115591478243414
conditional-fit-0100,axis1_general,2042,0.014779724598673287
conditional-fit-0100,axis1_general,2043,0.0025594312798523956
conditional-fit-0100,axis1_general,2044,0.006267548512368578
conditional-fit-0100,axis1_general,2045,7.581790597036857e-06
conditional-fit-0100,axis1_general,2046,0.006981048662539332
