window_id,domain,pos,kld
conditional-fit-0063,axis4_reasoning_termination,0,0.9480637977073394
conditional-fit-0063,axis4_reasoning_termination,1,2.4549390234565394
conditional-fit-0063,axis4_reasoning_termination,2,1.1449110094304065
conditional-fit-0063,axis4_reasoning_termination,3,1.1291400487537655
conditional-fit-0063,axis4_reasoning_termination,4,1.7218430790112882
conditional-fit-0063,axis4_reasoning_termination,5,0.469707411543243
conditional-fit-0063,axis4_reasoning_termination,6,0.5223743526885258
conditional-fit-0063,axis4_reasoning_termination,7,0.5371631871804095
conditional-fit-0063,axis4_reasoning_termination,8,0.6766357711658817
conditional-fit-0063,axis4_reasoning_termination,9,1.634951000090511
conditional-fit-0063,axis4_reasoning_termination,10,1.925177643055718
conditional-fit-0063,axis4_reasoning_termination,11,0.8175227691349697
conditional-fit-0063,axis4_reasoning_termination,12,0.7527563359837443
conditional-fit-0063,axis4_reasoning_termination,13,1.0941402796133408
conditional-fit-0063,axis4_reasoning_termination,14,0.8829104520449146
conditional-fit-0063,axis4_reasoning_termination,15,1.7697628286084035
conditional-fit-0063,axis4_reasoning_termination,16,1.112054360491232
conditional-fit-0063,axis4_reasoning_termination,17,0.648633746175187
conditional-fit-0063,axis4_reasoning_termination,18,0.7011075479986077
conditional-fit-0063,axis4_reasoning_termination,19,0.5189016770770557
conditional-fit-0063,axis4_reasoning_termination,20,0.14953867872822596
conditional-fit-0063,axis4_reasoning_termination,21,0.18941413007931637
conditional-fit-0063,axis4_reasoning_termination,22,0.41171300987459786
conditional-fit-0063,axis4_reasoning_termination,23,0.36663144188979324
conditional-fit-0063,axis4_reasoning_termination,24,0.27526485105451487
conditional-fit-0063,axis4_reasoning_termination,25,0.6049367775840069
conditional-fit-0063,axis4_reasoning_termination,26,0.4966261179699685
conditional-fit-0063,axis4_reasoning_termination,27,0.6280305548069828
conditional-fit-0063,axis4_reasoning_termination,28,0.25900372269707705
conditional-fit-0063,axis4_reasoning_termination,29,0.35434296350872263
conditional-fit-0063,axis4_reasoning_termination,30,1.6912991007442173
conditional-fit-0063,axis4_reasoning_termination,31,0.9312649515292705
conditional-fit-0063,axis4_reasoning_termination,32,0.09708327956955284
conditional-fit-0063,axis4_reasoning_termination,33,0.5643634670583354
conditional-fit-0063,axis4_reasoning_termination,34,2.7238913326618404
conditional-fit-0063,axis4_reasoning_termination,35,0.04082220002644477
conditional-fit-0063,axis4_reasoning_termination,36,0.0675747620531168
conditional-fit-0063,axis4_reasoning_termination,37,0.035678154064554136
conditional-fit-0063,axis4_reasoning_termination,38,0.003296737187052249
conditional-fit-0063,axis4_reasoning_termination,39,0.132888462043135
conditional-fit-0063,axis4_reasoning_termination,40,0.03279496049648663
conditional-fit-0063,axis4_reasoning_termination,41,0.3100626488088147
conditional-fit-0063,axis4_reasoning_termination,42,0.0008909232167088229
conditional-fit-0063,axis4_reasoning_termination,43,0.15913508884899538
conditional-fit-0063,axis4_reasoning_termination,44,0.22427208193807524
conditional-fit-0063,axis4_reasoning_termination,45,0.1669030797975451
conditional-fit-0063,axis4_reasoning_termination,46,0.22385017069888263
conditional-fit-0063,axis4_reasoning_termination,47,0.08858887149383543
conditional-fit-0063,axis4_reasoning_termination,48,0.055565407386330215
conditional-fit-0063,axis4_reasoning_termination,49,0.024411609048617597
conditional-fit-0063,axis4_reasoning_termination,50,0.0013833391111666992
conditional-fit-0063,axis4_reasoning_termination,51,0.011580625220730768
conditional-fit-0063,axis4_reasoning_termination,52,0.008737036745155188
conditional-fit-0063,axis4_reasoning_termination,53,0.012947329972215245
conditional-fit-0063,axis4_reasoning_termination,54,0.0006385216383023059
conditional-fit-0063,axis4_reasoning_termination,55,0.0009716366227616322
conditional-fit-0063,axis4_reasoning_termination,56,0.00410942790238864
conditional-fit-0063,axis4_reasoning_termination,57,0.02678910646058517
conditional-fit-0063,axis4_reasoning_termination,58,0.06955336859025626
conditional-fit-0063,axis4_reasoning_termination,59,0.026950172880333592
conditional-fit-0063,axis4_reasoning_termination,60,0.10428565322602885
conditional-fit-0063,axis4_reasoning_termination,61,0.17440963344379556
conditional-fit-0063,axis4_reasoning_termination,62,0.5120332568510211
conditional-fit-0063,axis4_reasoning_termination,63,0.14431798606958424
conditional-fit-0063,axis4_reasoning_termination,64,0.33449662616785375
conditional-fit-0063,axis4_reasoning_termination,65,0.3640191926676755
conditional-fit-0063,axis4_reasoning_termination,66,0.04240358501230217
conditional-fit-0063,axis4_reasoning_termination,67,0.08183273175597844
conditional-fit-0063,axis4_reasoning_termination,68,0.020773339577152976
conditional-fit-0063,axis4_reasoning_termination,69,1.2800381259249571
conditional-fit-0063,axis4_reasoning_termination,70,0.043956001314773605
conditional-fit-0063,axis4_reasoning_termination,71,0.10505853877940291
conditional-fit-0063,axis4_reasoning_termination,72,0.20632754277549747
conditional-fit-0063,axis4_reasoning_termination,73,0.4217814096718469
conditional-fit-0063,axis4_reasoning_termination,74,0.8815874794529587
conditional-fit-0063,axis4_reasoning_termination,75,0.8221264335620238
conditional-fit-0063,axis4_reasoning_termination,76,0.5252893796770043
conditional-fit-0063,axis4_reasoning_termination,77,0.2896773473350137
conditional-fit-0063,axis4_reasoning_termination,78,0.29499824776569483
conditional-fit-0063,axis4_reasoning_termination,79,0.1841937016926873
conditional-fit-0063,axis4_reasoning_termination,80,0.6352798187702114
conditional-fit-0063,axis4_reasoning_termination,81,0.6728510033906068
conditional-fit-0063,axis4_reasoning_termination,82,0.692581321512126
conditional-fit-0063,axis4_reasoning_termination,83,0.4184471779236002
conditional-fit-0063,axis4_reasoning_termination,84,0.1913607965308911
conditional-fit-0063,axis4_reasoning_termination,85,0.11740982455309827
conditional-fit-0063,axis4_reasoning_termination,86,0.10441243692083585
conditional-fit-0063,axis4_reasoning_termination,87,0.13377311543356712
conditional-fit-0063,axis4_reasoning_termination,88,0.15302761212305444
conditional-fit-0063,axis4_reasoning_termination,89,0.03311575432744081
conditional-fit-0063,axis4_reasoning_termination,90,0.0007289142163821368
conditional-fit-0063,axis4_reasoning_termination,91,0.11758275297269866
conditional-fit-0063,axis4_reasoning_termination,92,0.0038218679669479805
conditional-fit-0063,axis4_reasoning_termination,93,0.017314260622636406
conditional-fit-0063,axis4_reasoning_termination,94,0.047520261627951664
conditional-fit-0063,axis4_reasoning_termination,95,9.471833008438464e-05
conditional-fit-0063,axis4_reasoning_termination,96,0.010311592650942353
conditional-fit-0063,axis4_reasoning_termination,97,0.0002748177949086869
conditional-fit-0063,axis4_reasoning_termination,98,0.014654726499710545
conditional-fit-0063,axis4_reasoning_termination,99,0.015848464319926828
conditional-fit-0063,axis4_reasoning_termination,100,0.0895462025129613
conditional-fit-0063,axis4_reasoning_termination,101,0.22970813082695024
conditional-fit-0063,axis4_reasoning_termination,102,0.04235726186992721
conditional-fit-0063,axis4_reasoning_termination,103,0.18062427967922967
conditional-fit-0063,axis4_reasoning_termination,104,0.02660404794042433
conditional-fit-0063,axis4_reasoning_termination,105,0.011495942356451521
conditional-fit-0063,axis4_reasoning_termination,106,0.10571758337469675
conditional-fit-0063,axis4_reasoning_termination,107,0.0005002041008879305
conditional-fit-0063,axis4_reasoning_termination,108,0.0015309441385701816
conditional-fit-0063,axis4_reasoning_termination,109,0.007214143102720486
conditional-fit-0063,axis4_reasoning_termination,110,9.500796755740023e-05
conditional-fit-0063,axis4_reasoning_termination,111,2.5704282584836542e-05
conditional-fit-0063,axis4_reasoning_termination,112,0.00013230671403967323
conditional-fit-0063,axis4_reasoning_termination,113,0.0008574835249614078
conditional-fit-0063,axis4_reasoning_termination,114,0.0009815400958478864
conditional-fit-0063,axis4_reasoning_termination,115,5.2335756178344374e-05
conditional-fit-0063,axis4_reasoning_termination,116,0.0005505490296929513
conditional-fit-0063,axis4_reasoning_termination,117,0.00025258972523230303
conditional-fit-0063,axis4_reasoning_termination,118,0.00017544908898162683
conditional-fit-0063,axis4_reasoning_termination,119,0.05431804759949674
conditional-fit-0063,axis4_reasoning_termination,120,0.03871373889927983
conditional-fit-0063,axis4_reasoning_termination,121,0.0006348850833469461
conditional-fit-0063,axis4_reasoning_termination,122,0.09311627262990024
conditional-fit-0063,axis4_reasoning_termination,123,0.0549486997774612
conditional-fit-0063,axis4_reasoning_termination,124,0.053083629392221846
conditional-fit-0063,axis4_reasoning_termination,125,0.008244782249564896
conditional-fit-0063,axis4_reasoning_termination,126,8.099251186434647e-05
conditional-fit-0063,axis4_reasoning_termination,127,0.00045074766104812025
conditional-fit-0063,axis4_reasoning_termination,128,2.880230141142473e-05
conditional-fit-0063,axis4_reasoning_termination,129,4.4677913897929975e-05
conditional-fit-0063,axis4_reasoning_termination,130,0.04143213916777848
conditional-fit-0063,axis4_reasoning_termination,131,0.042014573570807956
conditional-fit-0063,axis4_reasoning_termination,132,0.08471088897476575
conditional-fit-0063,axis4_reasoning_termination,133,0.006560445704677877
conditional-fit-0063,axis4_reasoning_termination,134,0.002557339810387973
conditional-fit-0063,axis4_reasoning_termination,135,0.05221166045748048
conditional-fit-0063,axis4_reasoning_termination,136,0.00043062957462594576
conditional-fit-0063,axis4_reasoning_termination,137,0.009653922912363742
conditional-fit-0063,axis4_reasoning_termination,138,0.00871505656645712
conditional-fit-0063,axis4_reasoning_termination,139,0.05668448355886325
conditional-fit-0063,axis4_reasoning_termination,140,0.006483362134284318
conditional-fit-0063,axis4_reasoning_termination,141,0.11422644395019026
conditional-fit-0063,axis4_reasoning_termination,142,0.07773698075050875
conditional-fit-0063,axis4_reasoning_termination,143,0.028543417549498247
conditional-fit-0063,axis4_reasoning_termination,144,0.6281194503678269
conditional-fit-0063,axis4_reasoning_termination,145,0.15662607723962635
conditional-fit-0063,axis4_reasoning_termination,146,0.1292618276735117
conditional-fit-0063,axis4_reasoning_termination,147,0.14063388237624574
conditional-fit-0063,axis4_reasoning_termination,148,0.032634421591396894
conditional-fit-0063,axis4_reasoning_termination,149,0.02130443453065813
conditional-fit-0063,axis4_reasoning_termination,150,0.05856835270796827
conditional-fit-0063,axis4_reasoning_termination,151,0.12698498358967542
conditional-fit-0063,axis4_reasoning_termination,152,0.013622308912331297
conditional-fit-0063,axis4_reasoning_termination,153,0.08013526408774127
conditional-fit-0063,axis4_reasoning_termination,154,0.021239331099971157
conditional-fit-0063,axis4_reasoning_termination,155,0.00697890803475449
conditional-fit-0063,axis4_reasoning_termination,156,0.005090929365397447
conditional-fit-0063,axis4_reasoning_termination,157,0.0061400499643211835
conditional-fit-0063,axis4_reasoning_termination,158,0.02843208937961328
conditional-fit-0063,axis4_reasoning_termination,159,0.009080936631797324
conditional-fit-0063,axis4_reasoning_termination,160,0.016850855808559842
conditional-fit-0063,axis4_reasoning_termination,161,0.005921691610823983
conditional-fit-0063,axis4_reasoning_termination,162,0.006269941324842343
conditional-fit-0063,axis4_reasoning_termination,163,0.002348295779036465
conditional-fit-0063,axis4_reasoning_termination,164,0.002167655448818471
conditional-fit-0063,axis4_reasoning_termination,165,0.11056519775989605
conditional-fit-0063,axis4_reasoning_termination,166,0.4852453709829429
conditional-fit-0063,axis4_reasoning_termination,167,0.1331547495395189
conditional-fit-0063,axis4_reasoning_termination,168,0.01151250596823749
conditional-fit-0063,axis4_reasoning_termination,169,0.0014001913196897094
conditional-fit-0063,axis4_reasoning_termination,170,0.004862345219341898
conditional-fit-0063,axis4_reasoning_termination,171,6.230093678524014e-05
conditional-fit-0063,axis4_reasoning_termination,172,0.0005414972933387307
conditional-fit-0063,axis4_reasoning_termination,173,0.0034127692169195005
conditional-fit-0063,axis4_reasoning_termination,174,4.994899468213563e-05
conditional-fit-0063,axis4_reasoning_termination,175,0.0011256881195319162
conditional-fit-0063,axis4_reasoning_termination,176,9.58462607447062e-05
conditional-fit-0063,axis4_reasoning_termination,177,0.0012956703402677483
conditional-fit-0063,axis4_reasoning_termination,178,1.7516044723782505e-05
conditional-fit-0063,axis4_reasoning_termination,179,0.0004178500823036925
conditional-fit-0063,axis4_reasoning_termination,180,0.005414829616612157
conditional-fit-0063,axis4_reasoning_termination,181,0.0033999606092023115
conditional-fit-0063,axis4_reasoning_termination,182,0.008308758736029362
conditional-fit-0063,axis4_reasoning_termination,183,0.002043196470111073
conditional-fit-0063,axis4_reasoning_termination,184,1.605573888065563e-05
conditional-fit-0063,axis4_reasoning_termination,185,8.573766282722787e-05
conditional-fit-0063,axis4_reasoning_termination,186,8.235556358037252e-05
conditional-fit-0063,axis4_reasoning_termination,187,0.00014593529116511486
conditional-fit-0063,axis4_reasoning_termination,188,0.004464351411595751
conditional-fit-0063,axis4_reasoning_termination,189,0.0001302915634483638
conditional-fit-0063,axis4_reasoning_termination,190,0.0015709403949341859
conditional-fit-0063,axis4_reasoning_termination,191,0.00010383284760596648
conditional-fit-0063,axis4_reasoning_termination,192,0.004843310267826834
conditional-fit-0063,axis4_reasoning_termination,193,0.0005980436355217819
conditional-fit-0063,axis4_reasoning_termination,194,0.00035736262373114655
conditional-fit-0063,axis4_reasoning_termination,195,0.0006259102272177926
conditional-fit-0063,axis4_reasoning_termination,196,0.003592436124249986
conditional-fit-0063,axis4_reasoning_termination,197,0.0015779264102908455
conditional-fit-0063,axis4_reasoning_termination,198,0.0003703584807818671
conditional-fit-0063,axis4_reasoning_termination,199,0.0012167257646159648
conditional-fit-0063,axis4_reasoning_termination,200,0.0005730827074081116
conditional-fit-0063,axis4_reasoning_termination,201,0.0015440057085279214
conditional-fit-0063,axis4_reasoning_termination,202,0.00011990834399288945
conditional-fit-0063,axis4_reasoning_termination,203,0.00016529466377041582
conditional-fit-0063,axis4_reasoning_termination,204,0.0009768335947637995
conditional-fit-0063,axis4_reasoning_termination,205,0.029814236848851094
conditional-fit-0063,axis4_reasoning_termination,206,0.0014098043484981231
conditional-fit-0063,axis4_reasoning_termination,207,0.0314574442527558
conditional-fit-0063,axis4_reasoning_termination,208,0.00966545631160029
conditional-fit-0063,axis4_reasoning_termination,209,0.011567231831577787
conditional-fit-0063,axis4_reasoning_termination,210,0.5285796717946963
conditional-fit-0063,axis4_reasoning_termination,211,0.06950249127580892
conditional-fit-0063,axis4_reasoning_termination,212,0.005176550752693508
conditional-fit-0063,axis4_reasoning_termination,213,0.0007780909747668707
conditional-fit-0063,axis4_reasoning_termination,214,0.01670512437715835
conditional-fit-0063,axis4_reasoning_termination,215,0.05589446084913906
conditional-fit-0063,axis4_reasoning_termination,216,0.03420707393528613
conditional-fit-0063,axis4_reasoning_termination,217,0.03409852004702329
conditional-fit-0063,axis4_reasoning_termination,218,0.010406410135179196
conditional-fit-0063,axis4_reasoning_termination,219,0.03552855003731099
conditional-fit-0063,axis4_reasoning_termination,220,0.0007863586437216085
conditional-fit-0063,axis4_reasoning_termination,221,0.00017644238815352344
conditional-fit-0063,axis4_reasoning_termination,222,0.0035169135323555476
conditional-fit-0063,axis4_reasoning_termination,223,0.0002046106369887973
conditional-fit-0063,axis4_reasoning_termination,224,0.0002723182379385237
conditional-fit-0063,axis4_reasoning_termination,225,0.004252441587237794
conditional-fit-0063,axis4_reasoning_termination,226,7.017318738685281e-05
conditional-fit-0063,axis4_reasoning_termination,227,0.0010264598185134087
conditional-fit-0063,axis4_reasoning_termination,228,0.000221612265426007
conditional-fit-0063,axis4_reasoning_termination,229,0.0003038095188965235
conditional-fit-0063,axis4_reasoning_termination,230,0.00020084576863026664
conditional-fit-0063,axis4_reasoning_termination,231,4.1859576620065274e-05
conditional-fit-0063,axis4_reasoning_termination,232,0.0009037794223056657
conditional-fit-0063,axis4_reasoning_termination,233,0.00011212641130874981
conditional-fit-0063,axis4_reasoning_termination,234,4.4887851667855684e-05
conditional-fit-0063,axis4_reasoning_termination,235,3.987444914453174e-05
conditional-fit-0063,axis4_reasoning_termination,236,3.726479495387867e-05
conditional-fit-0063,axis4_reasoning_termination,237,3.9354082312341726e-05
conditional-fit-0063,axis4_reasoning_termination,238,7.945760628266029e-05
conditional-fit-0063,axis4_reasoning_termination,239,0.0005753174046162256
conditional-fit-0063,axis4_reasoning_termination,240,6.308497368112115e-06
conditional-fit-0063,axis4_reasoning_termination,241,8.014592671191566e-05
conditional-fit-0063,axis4_reasoning_termination,242,0.0003143500012274187
conditional-fit-0063,axis4_reasoning_termination,243,1.0991135636652617e-05
conditional-fit-0063,axis4_reasoning_termination,244,1.2061756379575569e-05
conditional-fit-0063,axis4_reasoning_termination,245,2.6989413184875137e-05
conditional-fit-0063,axis4_reasoning_termination,246,0.00015723743542575246
conditional-fit-0063,axis4_reasoning_termination,247,7.877180407228557e-06
conditional-fit-0063,axis4_reasoning_termination,248,7.443278296141625e-06
conditional-fit-0063,axis4_reasoning_termination,249,4.226464685967058e-06
conditional-fit-0063,axis4_reasoning_termination,250,4.120357198248747e-05
conditional-fit-0063,axis4_reasoning_termination,251,9.05609121689406e-06
conditional-fit-0063,axis4_reasoning_termination,252,0.00012423227859193465
conditional-fit-0063,axis4_reasoning_termination,253,1.9031038484280698e-05
conditional-fit-0063,axis4_reasoning_termination,254,9.485532340962613e-05
conditional-fit-0063,axis4_reasoning_termination,255,0.0003428496878422869
conditional-fit-0063,axis4_reasoning_termination,256,0.00013901767253896366
conditional-fit-0063,axis4_reasoning_termination,257,4.102595519282029e-05
conditional-fit-0063,axis4_reasoning_termination,258,0.000501371158259907
conditional-fit-0063,axis4_reasoning_termination,259,7.70305380685748e-06
conditional-fit-0063,axis4_reasoning_termination,260,1.2106977632350446e-05
conditional-fit-0063,axis4_reasoning_termination,261,5.678420723081608e-06
conditional-fit-0063,axis4_reasoning_termination,262,7.280419121436067e-06
conditional-fit-0063,axis4_reasoning_termination,263,0.0023682581443402635
conditional-fit-0063,axis4_reasoning_termination,264,4.484103560325778e-05
conditional-fit-0063,axis4_reasoning_termination,265,8.894299023832317e-06
conditional-fit-0063,axis4_reasoning_termination,266,0.0002784300678538022
conditional-fit-0063,axis4_reasoning_termination,267,8.363681599876336e-05
conditional-fit-0063,axis4_reasoning_termination,268,6.524991000496778e-05
conditional-fit-0063,axis4_reasoning_termination,269,3.200152301071416e-05
conditional-fit-0063,axis4_reasoning_termination,270,0.002083813249252709
conditional-fit-0063,axis4_reasoning_termination,271,1.4839331215354354e-05
conditional-fit-0063,axis4_reasoning_termination,272,0.00027093646678264785
conditional-fit-0063,axis4_reasoning_termination,273,8.038163430640369e-06
conditional-fit-0063,axis4_reasoning_termination,274,5.912938559078453e-05
conditional-fit-0063,axis4_reasoning_termination,275,0.0016857000289632806
conditional-fit-0063,axis4_reasoning_termination,276,0.00037113573573876985
conditional-fit-0063,axis4_reasoning_termination,277,0.009462900345337616
conditional-fit-0063,axis4_reasoning_termination,278,0.003764348967574053
conditional-fit-0063,axis4_reasoning_termination,279,0.003786669805333015
conditional-fit-0063,axis4_reasoning_termination,280,0.007698472653472982
conditional-fit-0063,axis4_reasoning_termination,281,0.15938074305415836
conditional-fit-0063,axis4_reasoning_termination,282,0.1126771136832515
conditional-fit-0063,axis4_reasoning_termination,283,0.004898989868162533
conditional-fit-0063,axis4_reasoning_termination,284,0.0020508796066667995
conditional-fit-0063,axis4_reasoning_termination,285,0.015316067400748931
conditional-fit-0063,axis4_reasoning_termination,286,0.2570441362627743
conditional-fit-0063,axis4_reasoning_termination,287,0.5394072474668377
conditional-fit-0063,axis4_reasoning_termination,288,0.033425294169547516
conditional-fit-0063,axis4_reasoning_termination,289,0.19407851582881333
conditional-fit-0063,axis4_reasoning_termination,290,0.07603829764597218
conditional-fit-0063,axis4_reasoning_termination,291,0.03899957131266719
conditional-fit-0063,axis4_reasoning_termination,292,0.033292733151246263
conditional-fit-0063,axis4_reasoning_termination,293,0.12006478398519554
conditional-fit-0063,axis4_reasoning_termination,294,0.005129054347029708
conditional-fit-0063,axis4_reasoning_termination,295,0.0013043943034225707
conditional-fit-0063,axis4_reasoning_termination,296,0.1066970656975925
conditional-fit-0063,axis4_reasoning_termination,297,0.26514409861085353
conditional-fit-0063,axis4_reasoning_termination,298,0.01925853653496169
conditional-fit-0063,axis4_reasoning_termination,299,0.09585338441939126
conditional-fit-0063,axis4_reasoning_termination,300,0.036425102722137864
conditional-fit-0063,axis4_reasoning_termination,301,0.14401408907175323
conditional-fit-0063,axis4_reasoning_termination,302,0.2157192384443637
conditional-fit-0063,axis4_reasoning_termination,303,3.459987485272073e-05
conditional-fit-0063,axis4_reasoning_termination,304,0.0009517178515735297
conditional-fit-0063,axis4_reasoning_termination,305,0.00046443842608411825
conditional-fit-0063,axis4_reasoning_termination,306,0.0015380753601925117
conditional-fit-0063,axis4_reasoning_termination,307,0.08311071299525362
conditional-fit-0063,axis4_reasoning_termination,308,0.02552273299428978
conditional-fit-0063,axis4_reasoning_termination,309,0.18143627257380326
conditional-fit-0063,axis4_reasoning_termination,310,4.2296370462953774e-05
conditional-fit-0063,axis4_reasoning_termination,311,1.3531285402825011e-06
conditional-fit-0063,axis4_reasoning_termination,312,0.006009091153273108
conditional-fit-0063,axis4_reasoning_termination,313,0.00017677416663209022
conditional-fit-0063,axis4_reasoning_termination,314,0.027339361083537725
conditional-fit-0063,axis4_reasoning_termination,315,0.03388553236368384
conditional-fit-0063,axis4_reasoning_termination,316,0.0008934609295426946
conditional-fit-0063,axis4_reasoning_termination,317,0.007244807685498185
conditional-fit-0063,axis4_reasoning_termination,318,0.007744263374452054
conditional-fit-0063,axis4_reasoning_termination,319,0.12030069170589827
conditional-fit-0063,axis4_reasoning_termination,320,0.09805054914954461
conditional-fit-0063,axis4_reasoning_termination,321,0.013677924749314936
conditional-fit-0063,axis4_reasoning_termination,322,0.09925636658423231
conditional-fit-0063,axis4_reasoning_termination,323,0.017012745516332667
conditional-fit-0063,axis4_reasoning_termination,324,0.5846658250759968
conditional-fit-0063,axis4_reasoning_termination,325,0.6967525422457185
conditional-fit-0063,axis4_reasoning_termination,326,0.004087595828525942
conditional-fit-0063,axis4_reasoning_termination,327,0.03630477921375898
conditional-fit-0063,axis4_reasoning_termination,328,0.0035579437086679473
conditional-fit-0063,axis4_reasoning_termination,329,0.0025092019401161307
conditional-fit-0063,axis4_reasoning_termination,330,0.0025480585698917525
conditional-fit-0063,axis4_reasoning_termination,331,0.0009042719823520029
conditional-fit-0063,axis4_reasoning_termination,332,0.0045322582463822305
conditional-fit-0063,axis4_reasoning_termination,333,0.000797472952807358
conditional-fit-0063,axis4_reasoning_termination,334,0.0006449928565931531
conditional-fit-0063,axis4_reasoning_termination,335,0.0024307289158742645
conditional-fit-0063,axis4_reasoning_termination,336,0.0010866433633342416
conditional-fit-0063,axis4_reasoning_termination,337,0.0015853116736025007
conditional-fit-0063,axis4_reasoning_termination,338,0.0012893930934782184
conditional-fit-0063,axis4_reasoning_termination,339,0.0012819784266836273
conditional-fit-0063,axis4_reasoning_termination,340,0.00087430204090159
conditional-fit-0063,axis4_reasoning_termination,341,0.0021809140241995676
conditional-fit-0063,axis4_reasoning_termination,342,0.0037758775659010976
conditional-fit-0063,axis4_reasoning_termination,343,0.15664214242379487
conditional-fit-0063,axis4_reasoning_termination,344,0.1495258980958526
conditional-fit-0063,axis4_reasoning_termination,345,0.09613126894192668
conditional-fit-0063,axis4_reasoning_termination,346,0.2957823474075304
conditional-fit-0063,axis4_reasoning_termination,347,0.10016968801727553
conditional-fit-0063,axis4_reasoning_termination,348,0.09762300306540124
conditional-fit-0063,axis4_reasoning_termination,349,0.01620527713868728
conditional-fit-0063,axis4_reasoning_termination,350,0.028226801250733624
conditional-fit-0063,axis4_reasoning_termination,351,0.00642618233072513
conditional-fit-0063,axis4_reasoning_termination,352,3.5808336809748365e-05
conditional-fit-0063,axis4_reasoning_termination,353,0.007580343977052828
conditional-fit-0063,axis4_reasoning_termination,354,0.17487321308479775
conditional-fit-0063,axis4_reasoning_termination,355,0.16725265857975102
conditional-fit-0063,axis4_reasoning_termination,356,0.03215127246779237
conditional-fit-0063,axis4_reasoning_termination,357,1.3754884698322181e-06
conditional-fit-0063,axis4_reasoning_termination,358,0.0006832222977895123
conditional-fit-0063,axis4_reasoning_termination,359,0.0011807164739595774
conditional-fit-0063,axis4_reasoning_termination,360,0.317847956146074
conditional-fit-0063,axis4_reasoning_termination,361,0.012271718754106934
conditional-fit-0063,axis4_reasoning_termination,362,0.00042788826011441955
conditional-fit-0063,axis4_reasoning_termination,363,0.1443888363440213
conditional-fit-0063,axis4_reasoning_termination,364,7.3321815554651795e-06
conditional-fit-0063,axis4_reasoning_termination,365,0.09956123448265414
conditional-fit-0063,axis4_reasoning_termination,366,5.887604032790989e-05
conditional-fit-0063,axis4_reasoning_termination,367,8.093416795087374e-06
conditional-fit-0063,axis4_reasoning_termination,368,0.027494929612606245
conditional-fit-0063,axis4_reasoning_termination,369,0.01116690650132772
conditional-fit-0063,axis4_reasoning_termination,370,0.017193406392264802
conditional-fit-0063,axis4_reasoning_termination,371,0.006217966399163234
conditional-fit-0063,axis4_reasoning_termination,372,0.0019857517353816176
conditional-fit-0063,axis4_reasoning_termination,373,0.011867052861039399
conditional-fit-0063,axis4_reasoning_termination,374,0.011922839522543804
conditional-fit-0063,axis4_reasoning_termination,375,0.0027283612814068773
conditional-fit-0063,axis4_reasoning_termination,376,0.27728741830330017
conditional-fit-0063,axis4_reasoning_termination,377,0.043408567914952456
conditional-fit-0063,axis4_reasoning_termination,378,0.0003735255448165711
conditional-fit-0063,axis4_reasoning_termination,379,0.00015220042738497231
conditional-fit-0063,axis4_reasoning_termination,380,0.00081916061324609
conditional-fit-0063,axis4_reasoning_termination,381,0.08929213601275433
conditional-fit-0063,axis4_reasoning_termination,382,0.0005301594346076606
conditional-fit-0063,axis4_reasoning_termination,383,2.9981150108230387e-05
conditional-fit-0063,axis4_reasoning_termination,384,5.229623293655762e-05
conditional-fit-0063,axis4_reasoning_termination,385,0.0008472294930755162
conditional-fit-0063,axis4_reasoning_termination,386,0.0003495735428243686
conditional-fit-0063,axis4_reasoning_termination,387,0.007669890596724637
conditional-fit-0063,axis4_reasoning_termination,388,0.005423059618738076
conditional-fit-0063,axis4_reasoning_termination,389,0.0001544252135779927
conditional-fit-0063,axis4_reasoning_termination,390,2.1707071576287358e-05
conditional-fit-0063,axis4_reasoning_termination,391,0.002359737980650311
conditional-fit-0063,axis4_reasoning_termination,392,0.0044551841626376204
conditional-fit-0063,axis4_reasoning_termination,393,6.50710523865635e-05
conditional-fit-0063,axis4_reasoning_termination,394,4.088341785728947e-05
conditional-fit-0063,axis4_reasoning_termination,395,2.6135277951027875e-05
conditional-fit-0063,axis4_reasoning_termination,396,1.807659614199021e-05
conditional-fit-0063,axis4_reasoning_termination,397,0.0005920795491899662
conditional-fit-0063,axis4_reasoning_termination,398,3.5643967926338605e-06
conditional-fit-0063,axis4_reasoning_termination,399,8.861980642568084e-05
conditional-fit-0063,axis4_reasoning_termination,400,2.9045123962863212e-05
conditional-fit-0063,axis4_reasoning_termination,401,7.060370978244495e-06
conditional-fit-0063,axis4_reasoning_termination,402,1.3425839866336599e-05
conditional-fit-0063,axis4_reasoning_termination,403,1.8752725510609668e-05
conditional-fit-0063,axis4_reasoning_termination,404,0.00010765053162131873
conditional-fit-0063,axis4_reasoning_termination,405,6.088198801558447e-05
conditional-fit-0063,axis4_reasoning_termination,406,8.666440141622056e-07
conditional-fit-0063,axis4_reasoning_termination,407,6.356754702398154e-05
conditional-fit-0063,axis4_reasoning_termination,408,0.0001948379019872191
conditional-fit-0063,axis4_reasoning_termination,409,2.8555070534466512e-05
conditional-fit-0063,axis4_reasoning_termination,410,0.0002476294273319795
conditional-fit-0063,axis4_reasoning_termination,411,0.00014791003266953056
conditional-fit-0063,axis4_reasoning_termination,412,0.01389148317793109
conditional-fit-0063,axis4_reasoning_termination,413,0.015026808066882669
conditional-fit-0063,axis4_reasoning_termination,414,0.20362875139058906
conditional-fit-0063,axis4_reasoning_termination,415,0.030657043276997278
conditional-fit-0063,axis4_reasoning_termination,416,0.00013954950755670434
conditional-fit-0063,axis4_reasoning_termination,417,0.0002329522158385955
conditional-fit-0063,axis4_reasoning_termination,418,0.0006069881045743914
conditional-fit-0063,axis4_reasoning_termination,419,0.140300722395894
conditional-fit-0063,axis4_reasoning_termination,420,0.02135409638259024
conditional-fit-0063,axis4_reasoning_termination,421,0.021708465795024185
conditional-fit-0063,axis4_reasoning_termination,422,0.0043591332279997955
conditional-fit-0063,axis4_reasoning_termination,423,0.0011175860779459063
conditional-fit-0063,axis4_reasoning_termination,424,0.025467240403879977
conditional-fit-0063,axis4_reasoning_termination,425,0.15400348938047434
conditional-fit-0063,axis4_reasoning_termination,426,0.0027353249097738664
conditional-fit-0063,axis4_reasoning_termination,427,0.0013476066728223168
conditional-fit-0063,axis4_reasoning_termination,428,0.07655075083329554
conditional-fit-0063,axis4_reasoning_termination,429,0.020827023938116324
conditional-fit-0063,axis4_reasoning_termination,430,0.000996060889882176
conditional-fit-0063,axis4_reasoning_termination,431,0.006137938758316342
conditional-fit-0063,axis4_reasoning_termination,432,4.948564123053435e-05
conditional-fit-0063,axis4_reasoning_termination,433,0.0005870999161562804
conditional-fit-0063,axis4_reasoning_termination,434,0.0027296831902347664
conditional-fit-0063,axis4_reasoning_termination,435,1.8124238707618902e-05
conditional-fit-0063,axis4_reasoning_termination,436,0.002204498225659958
conditional-fit-0063,axis4_reasoning_termination,437,1.788467045550404e-05
conditional-fit-0063,axis4_reasoning_termination,438,0.00021246541466372524
conditional-fit-0063,axis4_reasoning_termination,439,6.5804303579786174e-06
conditional-fit-0063,axis4_reasoning_termination,440,8.481829095483027e-05
conditional-fit-0063,axis4_reasoning_termination,441,0.0010774351779409674
conditional-fit-0063,axis4_reasoning_termination,442,0.0007257230812756988
conditional-fit-0063,axis4_reasoning_termination,443,0.0005146252280516452
conditional-fit-0063,axis4_reasoning_termination,444,0.000520425021019742
conditional-fit-0063,axis4_reasoning_termination,445,4.0180449461020754e-05
conditional-fit-0063,axis4_reasoning_termination,446,2.9127893878706454e-05
conditional-fit-0063,axis4_reasoning_termination,447,2.751302596012908e-05
conditional-fit-0063,axis4_reasoning_termination,448,9.053652977743454e-05
conditional-fit-0063,axis4_reasoning_termination,449,0.000278180535683701
conditional-fit-0063,axis4_reasoning_termination,450,4.251313258106269e-05
conditional-fit-0063,axis4_reasoning_termination,451,4.485447862358027e-05
conditional-fit-0063,axis4_reasoning_termination,452,0.00015454587212491457
conditional-fit-0063,axis4_reasoning_termination,453,0.0003294195357122163
conditional-fit-0063,axis4_reasoning_termination,454,4.089895484669514e-05
conditional-fit-0063,axis4_reasoning_termination,455,3.137364916075261e-05
conditional-fit-0063,axis4_reasoning_termination,456,5.558553698196582e-05
conditional-fit-0063,axis4_reasoning_termination,457,0.0007512981246028692
conditional-fit-0063,axis4_reasoning_termination,458,0.001591858878244555
conditional-fit-0063,axis4_reasoning_termination,459,0.00086649446019842
conditional-fit-0063,axis4_reasoning_termination,460,0.00204885114959198
conditional-fit-0063,axis4_reasoning_termination,461,0.001039788443218379
conditional-fit-0063,axis4_reasoning_termination,462,0.00020142951477980346
conditional-fit-0063,axis4_reasoning_termination,463,0.00012033329215114257
conditional-fit-0063,axis4_reasoning_termination,464,9.343427123998426e-05
conditional-fit-0063,axis4_reasoning_termination,465,0.0021408711907139628
conditional-fit-0063,axis4_reasoning_termination,466,0.004253418077607601
conditional-fit-0063,axis4_reasoning_termination,467,0.0002047761937172847
conditional-fit-0063,axis4_reasoning_termination,468,0.01770464536071722
conditional-fit-0063,axis4_reasoning_termination,469,0.008821315660649854
conditional-fit-0063,axis4_reasoning_termination,470,0.0006049124488555111
conditional-fit-0063,axis4_reasoning_termination,471,0.08674686843211417
conditional-fit-0063,axis4_reasoning_termination,472,0.02366781627974318
conditional-fit-0063,axis4_reasoning_termination,473,0.002413279798929068
conditional-fit-0063,axis4_reasoning_termination,474,0.03902561730848446
conditional-fit-0063,axis4_reasoning_termination,475,2.0547471418124343e-05
conditional-fit-0063,axis4_reasoning_termination,476,0.0003591033908859126
conditional-fit-0063,axis4_reasoning_termination,477,3.5366169398283557e-06
conditional-fit-0063,axis4_reasoning_termination,478,1.0409533708924406e-06
conditional-fit-0063,axis4_reasoning_termination,479,0.00042405931140164477
conditional-fit-0063,axis4_reasoning_termination,480,0.00015537705187303386
conditional-fit-0063,axis4_reasoning_termination,481,0.00013787670809228884
conditional-fit-0063,axis4_reasoning_termination,482,0.00018779290171639897
conditional-fit-0063,axis4_reasoning_termination,483,1.620756057565905e-05
conditional-fit-0063,axis4_reasoning_termination,484,0.00010143350090500462
conditional-fit-0063,axis4_reasoning_termination,485,4.408875018636408e-05
conditional-fit-0063,axis4_reasoning_termination,486,0.02341328358349367
conditional-fit-0063,axis4_reasoning_termination,487,8.819264932722227e-05
conditional-fit-0063,axis4_reasoning_termination,488,0.0002503686394799014
conditional-fit-0063,axis4_reasoning_termination,489,4.3925753762066385e-05
conditional-fit-0063,axis4_reasoning_termination,490,0.00021878724898722577
conditional-fit-0063,axis4_reasoning_termination,491,0.00039426152043992854
conditional-fit-0063,axis4_reasoning_termination,492,1.703773747154532e-05
conditional-fit-0063,axis4_reasoning_termination,493,0.00014161103839306323
conditional-fit-0063,axis4_reasoning_termination,494,0.00025679788064242635
conditional-fit-0063,axis4_reasoning_termination,495,0.003304492841481527
conditional-fit-0063,axis4_reasoning_termination,496,0.006871778081671332
conditional-fit-0063,axis4_reasoning_termination,497,0.0005490348303709463
conditional-fit-0063,axis4_reasoning_termination,498,1.629985613607424e-05
conditional-fit-0063,axis4_reasoning_termination,499,1.1288412524128653e-05
conditional-fit-0063,axis4_reasoning_termination,500,0.00019847523590791905
conditional-fit-0063,axis4_reasoning_termination,501,3.759550648369122e-05
conditional-fit-0063,axis4_reasoning_termination,502,4.07106715515346e-06
conditional-fit-0063,axis4_reasoning_termination,503,5.3715455983525145e-06
conditional-fit-0063,axis4_reasoning_termination,504,0.00012615269078419003
conditional-fit-0063,axis4_reasoning_termination,505,2.651287334293747e-06
conditional-fit-0063,axis4_reasoning_termination,506,3.3537554481995686e-05
conditional-fit-0063,axis4_reasoning_termination,507,0.000306045888210253
conditional-fit-0063,axis4_reasoning_termination,508,6.673352745221132e-07
conditional-fit-0063,axis4_reasoning_termination,509,2.877730121361655e-05
conditional-fit-0063,axis4_reasoning_termination,510,5.240519714287607e-05
conditional-fit-0063,axis4_reasoning_termination,511,9.176562338503333e-06
conditional-fit-0063,axis4_reasoning_termination,512,0.0002118743342384226
conditional-fit-0063,axis4_reasoning_termination,513,2.419309597364572e-06
conditional-fit-0063,axis4_reasoning_termination,514,9.077716678358231e-06
conditional-fit-0063,axis4_reasoning_termination,515,1.4562217620737368e-05
conditional-fit-0063,axis4_reasoning_termination,516,3.0107122551333708e-06
conditional-fit-0063,axis4_reasoning_termination,517,6.215578552177273e-06
conditional-fit-0063,axis4_reasoning_termination,518,0.0006658240446424707
conditional-fit-0063,axis4_reasoning_termination,519,6.2511982638701575e-06
conditional-fit-0063,axis4_reasoning_termination,520,0.00019109456906731958
conditional-fit-0063,axis4_reasoning_termination,521,9.565692477803206e-05
conditional-fit-0063,axis4_reasoning_termination,522,7.668312344887432e-05
conditional-fit-0063,axis4_reasoning_termination,523,0.0009312211515196664
conditional-fit-0063,axis4_reasoning_termination,524,7.454655705337916e-05
conditional-fit-0063,axis4_reasoning_termination,525,0.011908119907958226
conditional-fit-0063,axis4_reasoning_termination,526,0.00355979373436497
conditional-fit-0063,axis4_reasoning_termination,527,0.0017823625682911672
conditional-fit-0063,axis4_reasoning_termination,528,0.09513677726286934
conditional-fit-0063,axis4_reasoning_termination,529,0.009150626783791891
conditional-fit-0063,axis4_reasoning_termination,530,3.618562601229699e-05
conditional-fit-0063,axis4_reasoning_termination,531,0.0001860212669555007
conditional-fit-0063,axis4_reasoning_termination,532,0.00023300749240278703
conditional-fit-0063,axis4_reasoning_termination,533,0.05462128768302689
conditional-fit-0063,axis4_reasoning_termination,534,0.0005840192743112011
conditional-fit-0063,axis4_reasoning_termination,535,0.0016535037406921439
conditional-fit-0063,axis4_reasoning_termination,536,0.0006601152736000736
conditional-fit-0063,axis4_reasoning_termination,537,0.001492964943953302
conditional-fit-0063,axis4_reasoning_termination,538,1.4841842113079423e-05
conditional-fit-0063,axis4_reasoning_termination,539,4.3307601981546885e-06
conditional-fit-0063,axis4_reasoning_termination,540,0.0006250906113165824
conditional-fit-0063,axis4_reasoning_termination,541,3.626191305422246e-05
conditional-fit-0063,axis4_reasoning_termination,542,5.46747371980319e-05
conditional-fit-0063,axis4_reasoning_termination,543,6.988565017808352e-05
conditional-fit-0063,axis4_reasoning_termination,544,2.5112732870319545e-06
conditional-fit-0063,axis4_reasoning_termination,545,3.210082575250091e-05
conditional-fit-0063,axis4_reasoning_termination,546,3.5536938978293915e-05
conditional-fit-0063,axis4_reasoning_termination,547,4.8035831945758706e-05
conditional-fit-0063,axis4_reasoning_termination,548,4.365937195920695e-06
conditional-fit-0063,axis4_reasoning_termination,549,3.0175289651547583e-06
conditional-fit-0063,axis4_reasoning_termination,550,0.00020286039220929802
conditional-fit-0063,axis4_reasoning_termination,551,3.4952087559910198e-06
conditional-fit-0063,axis4_reasoning_termination,552,2.0832373816607575e-05
conditional-fit-0063,axis4_reasoning_termination,553,1.5822071643658385e-05
conditional-fit-0063,axis4_reasoning_termination,554,2.9759464994503105e-05
conditional-fit-0063,axis4_reasoning_termination,555,1.5504543495776622e-05
conditional-fit-0063,axis4_reasoning_termination,556,7.874050534477667e-06
conditional-fit-0063,axis4_reasoning_termination,557,0.0005549951566090314
conditional-fit-0063,axis4_reasoning_termination,558,1.6235073064590303e-06
conditional-fit-0063,axis4_reasoning_termination,559,5.637192299672855e-06
conditional-fit-0063,axis4_reasoning_termination,560,3.835380741266909e-06
conditional-fit-0063,axis4_reasoning_termination,561,2.4289437195190555e-06
conditional-fit-0063,axis4_reasoning_termination,562,1.2697148213886469e-05
conditional-fit-0063,axis4_reasoning_termination,563,1.0755723514384124e-05
conditional-fit-0063,axis4_reasoning_termination,564,4.885012400370597e-06
conditional-fit-0063,axis4_reasoning_termination,565,1.280478592894198e-06
conditional-fit-0063,axis4_reasoning_termination,566,2.739387096942647e-06
conditional-fit-0063,axis4_reasoning_termination,567,2.390740838616628e-06
conditional-fit-0063,axis4_reasoning_termination,568,5.038938375285404e-06
conditional-fit-0063,axis4_reasoning_termination,569,1.20102399933582e-05
conditional-fit-0063,axis4_reasoning_termination,570,5.9263158075215005e-05
conditional-fit-0063,axis4_reasoning_termination,571,1.1953013872513037e-06
conditional-fit-0063,axis4_reasoning_termination,572,4.3840882520674546e-06
conditional-fit-0063,axis4_reasoning_termination,573,7.886924721380446e-06
conditional-fit-0063,axis4_reasoning_termination,574,3.078217507674129e-06
conditional-fit-0063,axis4_reasoning_termination,575,3.3299633763833794e-06
conditional-fit-0063,axis4_reasoning_termination,576,4.14369164777187e-06
conditional-fit-0063,axis4_reasoning_termination,577,5.783701287625899e-06
conditional-fit-0063,axis4_reasoning_termination,578,7.343520173851711e-06
conditional-fit-0063,axis4_reasoning_termination,579,1.0498998421573389e-06
conditional-fit-0063,axis4_reasoning_termination,580,2.2974120949141627e-06
conditional-fit-0063,axis4_reasoning_termination,581,0.0013421268306656386
conditional-fit-0063,axis4_reasoning_termination,582,1.191173753515638e-06
conditional-fit-0063,axis4_reasoning_termination,583,1.6345584542594962e-06
conditional-fit-0063,axis4_reasoning_termination,584,0.00010572221150935806
conditional-fit-0063,axis4_reasoning_termination,585,1.5830220581800536e-05
conditional-fit-0063,axis4_reasoning_termination,586,1.2278804426771419e-05
conditional-fit-0063,axis4_reasoning_termination,587,5.752612225541992e-06
conditional-fit-0063,axis4_reasoning_termination,588,7.618600887701144e-05
conditional-fit-0063,axis4_reasoning_termination,589,1.4537433970870692e-06
conditional-fit-0063,axis4_reasoning_termination,590,7.672022021945228e-06
conditional-fit-0063,axis4_reasoning_termination,591,8.652978873939407e-07
conditional-fit-0063,axis4_reasoning_termination,592,2.3635566879816258e-05
conditional-fit-0063,axis4_reasoning_termination,593,7.446738412944049e-05
conditional-fit-0063,axis4_reasoning_termination,594,3.395121106642722e-05
conditional-fit-0063,axis4_reasoning_termination,595,0.005572531719170982
conditional-fit-0063,axis4_reasoning_termination,596,0.004205496247482891
conditional-fit-0063,axis4_reasoning_termination,597,0.0002597081785944825
conditional-fit-0063,axis4_reasoning_termination,598,0.09196335387145876
conditional-fit-0063,axis4_reasoning_termination,599,0.006467467585001337
conditional-fit-0063,axis4_reasoning_termination,600,3.593176527407319e-05
conditional-fit-0063,axis4_reasoning_termination,601,9.066350929599354e-05
conditional-fit-0063,axis4_reasoning_termination,602,6.39137285132135e-05
conditional-fit-0063,axis4_reasoning_termination,603,0.25832312462620005
conditional-fit-0063,axis4_reasoning_termination,604,0.0006626503857617297
conditional-fit-0063,axis4_reasoning_termination,605,0.0005071207739770357
conditional-fit-0063,axis4_reasoning_termination,606,0.0007479690607171577
conditional-fit-0063,axis4_reasoning_termination,607,0.0010538933901149833
conditional-fit-0063,axis4_reasoning_termination,608,1.1186698255473499e-05
conditional-fit-0063,axis4_reasoning_termination,609,4.746880035612712e-06
conditional-fit-0063,axis4_reasoning_termination,610,0.0011099513174978473
conditional-fit-0063,axis4_reasoning_termination,611,1.5602285209694034e-06
conditional-fit-0063,axis4_reasoning_termination,612,2.2260706638966343e-05
conditional-fit-0063,axis4_reasoning_termination,613,8.506810569761757e-06
conditional-fit-0063,axis4_reasoning_termination,614,1.2004277280401468e-06
conditional-fit-0063,axis4_reasoning_termination,615,3.383425558612598e-05
conditional-fit-0063,axis4_reasoning_termination,616,7.3422138475889654e-06
conditional-fit-0063,axis4_reasoning_termination,617,1.1748116147425345e-05
conditional-fit-0063,axis4_reasoning_termination,618,1.0945427104659077e-05
conditional-fit-0063,axis4_reasoning_termination,619,7.846707102598948e-07
conditional-fit-0063,axis4_reasoning_termination,620,6.123372837325535e-06
conditional-fit-0063,axis4_reasoning_termination,621,6.819348861569993e-06
conditional-fit-0063,axis4_reasoning_termination,622,2.9089869344101788e-05
conditional-fit-0063,axis4_reasoning_termination,623,1.8553056488414203e-05
conditional-fit-0063,axis4_reasoning_termination,624,3.86018860737293e-05
conditional-fit-0063,axis4_reasoning_termination,625,6.0436646748141115e-05
conditional-fit-0063,axis4_reasoning_termination,626,3.470846999826946e-06
conditional-fit-0063,axis4_reasoning_termination,627,0.00017100263713488734
conditional-fit-0063,axis4_reasoning_termination,628,1.493534605661669e-06
conditional-fit-0063,axis4_reasoning_termination,629,1.1009986859931646e-05
conditional-fit-0063,axis4_reasoning_termination,630,1.6430817486631736e-05
conditional-fit-0063,axis4_reasoning_termination,631,9.057110593661085e-07
conditional-fit-0063,axis4_reasoning_termination,632,4.869535114381608e-05
conditional-fit-0063,axis4_reasoning_termination,633,7.040246809684156e-06
conditional-fit-0063,axis4_reasoning_termination,634,3.790261595766619e-05
conditional-fit-0063,axis4_reasoning_termination,635,1.6863831745544506e-06
conditional-fit-0063,axis4_reasoning_termination,636,2.1094368226991194e-05
conditional-fit-0063,axis4_reasoning_termination,637,8.169587077358091e-06
conditional-fit-0063,axis4_reasoning_termination,638,1.3291862615376812e-05
conditional-fit-0063,axis4_reasoning_termination,639,6.971575183603583e-05
conditional-fit-0063,axis4_reasoning_termination,640,0.00017426863094534598
conditional-fit-0063,axis4_reasoning_termination,641,4.000283347704223e-06
conditional-fit-0063,axis4_reasoning_termination,642,4.7303496527197006e-06
conditional-fit-0063,axis4_reasoning_termination,643,4.43490916837574e-05
conditional-fit-0063,axis4_reasoning_termination,644,1.4272804452841358e-05
conditional-fit-0063,axis4_reasoning_termination,645,6.053831629681838e-06
conditional-fit-0063,axis4_reasoning_termination,646,5.276389251070373e-06
conditional-fit-0063,axis4_reasoning_termination,647,1.7295495924404715e-05
conditional-fit-0063,axis4_reasoning_termination,648,8.896005400467489e-05
conditional-fit-0063,axis4_reasoning_termination,649,6.604907527648803e-06
conditional-fit-0063,axis4_reasoning_termination,650,8.549784227831385e-06
conditional-fit-0063,axis4_reasoning_termination,651,5.996330550905146e-05
conditional-fit-0063,axis4_reasoning_termination,652,1.1374408092759625e-06
conditional-fit-0063,axis4_reasoning_termination,653,1.2316600263432445e-06
conditional-fit-0063,axis4_reasoning_termination,654,6.892231813734518e-05
conditional-fit-0063,axis4_reasoning_termination,655,3.5377081396691555e-05
conditional-fit-0063,axis4_reasoning_termination,656,5.482634840920456e-05
conditional-fit-0063,axis4_reasoning_termination,657,1.865955506964263e-05
conditional-fit-0063,axis4_reasoning_termination,658,5.240755891552938e-05
conditional-fit-0063,axis4_reasoning_termination,659,6.424404435812409e-07
conditional-fit-0063,axis4_reasoning_termination,660,2.2512093708779e-05
conditional-fit-0063,axis4_reasoning_termination,661,4.501191474902563e-06
conditional-fit-0063,axis4_reasoning_termination,662,1.727441495438625e-05
conditional-fit-0063,axis4_reasoning_termination,663,0.001820560995347166
conditional-fit-0063,axis4_reasoning_termination,664,5.436736272339729e-05
conditional-fit-0063,axis4_reasoning_termination,665,0.005863727797606882
conditional-fit-0063,axis4_reasoning_termination,666,0.001874491711136116
conditional-fit-0063,axis4_reasoning_termination,667,0.0002682954099947789
conditional-fit-0063,axis4_reasoning_termination,668,0.09729156880797177
conditional-fit-0063,axis4_reasoning_termination,669,0.013172044967687542
conditional-fit-0063,axis4_reasoning_termination,670,0.002653417828971962
conditional-fit-0063,axis4_reasoning_termination,671,0.019513773184766416
conditional-fit-0063,axis4_reasoning_termination,672,0.0010622438922627323
conditional-fit-0063,axis4_reasoning_termination,673,0.00018860619994677232
conditional-fit-0063,axis4_reasoning_termination,674,0.0001817433565075148
conditional-fit-0063,axis4_reasoning_termination,675,5.8428926789254475e-05
conditional-fit-0063,axis4_reasoning_termination,676,0.00013446726678618216
conditional-fit-0063,axis4_reasoning_termination,677,8.874232226134646e-05
conditional-fit-0063,axis4_reasoning_termination,678,5.985772739652986e-06
conditional-fit-0063,axis4_reasoning_termination,679,4.449282265040072e-05
conditional-fit-0063,axis4_reasoning_termination,680,2.8229393937528935e-06
conditional-fit-0063,axis4_reasoning_termination,681,2.785492512641841e-05
conditional-fit-0063,axis4_reasoning_termination,682,0.00053502815109507
conditional-fit-0063,axis4_reasoning_termination,683,1.9181563659691484e-05
conditional-fit-0063,axis4_reasoning_termination,684,8.330999101471906e-05
conditional-fit-0063,axis4_reasoning_termination,685,2.5218524142569206e-05
conditional-fit-0063,axis4_reasoning_termination,686,7.8843769708247e-05
conditional-fit-0063,axis4_reasoning_termination,687,1.546079441440672e-05
conditional-fit-0063,axis4_reasoning_termination,688,0.0001549787989308342
conditional-fit-0063,axis4_reasoning_termination,689,0.0007057211079181665
conditional-fit-0063,axis4_reasoning_termination,690,0.003483438185420847
conditional-fit-0063,axis4_reasoning_termination,691,0.017244424104348743
conditional-fit-0063,axis4_reasoning_termination,692,7.188707847350012e-05
conditional-fit-0063,axis4_reasoning_termination,693,6.2800392478627e-06
conditional-fit-0063,axis4_reasoning_termination,694,8.064661221470778e-05
conditional-fit-0063,axis4_reasoning_termination,695,7.076497115293797e-07
conditional-fit-0063,axis4_reasoning_termination,696,2.6472076273438734e-06
conditional-fit-0063,axis4_reasoning_termination,697,8.122996346232432e-05
conditional-fit-0063,axis4_reasoning_termination,698,1.2227033430555452e-06
conditional-fit-0063,axis4_reasoning_termination,699,0.000143418871214672
conditional-fit-0063,axis4_reasoning_termination,700,6.330863880814567e-07
conditional-fit-0063,axis4_reasoning_termination,701,5.538210066183356e-06
conditional-fit-0063,axis4_reasoning_termination,702,3.7862862698461073e-07
conditional-fit-0063,axis4_reasoning_termination,703,1.6527372027361099e-06
conditional-fit-0063,axis4_reasoning_termination,704,1.5526664468253315e-05
conditional-fit-0063,axis4_reasoning_termination,705,9.154627978452412e-05
conditional-fit-0063,axis4_reasoning_termination,706,1.8897511477639677e-05
conditional-fit-0063,axis4_reasoning_termination,707,1.820947114331984e-05
conditional-fit-0063,axis4_reasoning_termination,708,8.758222152134672e-06
conditional-fit-0063,axis4_reasoning_termination,709,1.803061492111224e-06
conditional-fit-0063,axis4_reasoning_termination,710,3.087056295561719e-06
conditional-fit-0063,axis4_reasoning_termination,711,1.8728827340696736e-05
conditional-fit-0063,axis4_reasoning_termination,712,7.124287394450931e-06
conditional-fit-0063,axis4_reasoning_termination,713,1.730962431864375e-06
conditional-fit-0063,axis4_reasoning_termination,714,1.9291773116575564e-06
conditional-fit-0063,axis4_reasoning_termination,715,1.1967008922069735e-06
conditional-fit-0063,axis4_reasoning_termination,716,1.4325154093006048e-05
conditional-fit-0063,axis4_reasoning_termination,717,4.22771047964494e-06
conditional-fit-0063,axis4_reasoning_termination,718,2.787528085533529e-06
conditional-fit-0063,axis4_reasoning_termination,719,2.004190280543873e-05
conditional-fit-0063,axis4_reasoning_termination,720,3.0585047425068044e-06
conditional-fit-0063,axis4_reasoning_termination,721,1.2712558246904616e-05
conditional-fit-0063,axis4_reasoning_termination,722,2.1209966332034527e-06
conditional-fit-0063,axis4_reasoning_termination,723,1.2535415940933939e-05
conditional-fit-0063,axis4_reasoning_termination,724,4.755861400581332e-05
conditional-fit-0063,axis4_reasoning_termination,725,2.494307819347954e-06
conditional-fit-0063,axis4_reasoning_termination,726,2.0271977153718166e-05
conditional-fit-0063,axis4_reasoning_termination,727,4.7106727377183925e-06
conditional-fit-0063,axis4_reasoning_termination,728,6.14651845549744e-05
conditional-fit-0063,axis4_reasoning_termination,729,1.6544697809184103e-05
conditional-fit-0063,axis4_reasoning_termination,730,4.607393942337693e-05
conditional-fit-0063,axis4_reasoning_termination,731,0.014111679014376502
conditional-fit-0063,axis4_reasoning_termination,732,0.007349258061919127
conditional-fit-0063,axis4_reasoning_termination,733,0.0008520992194666212
conditional-fit-0063,axis4_reasoning_termination,734,0.07213230822100139
conditional-fit-0063,axis4_reasoning_termination,735,0.03259807980748948
conditional-fit-0063,axis4_reasoning_termination,736,5.097489378092817e-05
conditional-fit-0063,axis4_reasoning_termination,737,0.00017241977107501036
conditional-fit-0063,axis4_reasoning_termination,738,8.78139999444932e-05
conditional-fit-0063,axis4_reasoning_termination,739,0.025978061556429205
conditional-fit-0063,axis4_reasoning_termination,740,2.2724961549666307e-05
conditional-fit-0063,axis4_reasoning_termination,741,1.7777611255699785e-06
conditional-fit-0063,axis4_reasoning_termination,742,3.82066928966872e-05
conditional-fit-0063,axis4_reasoning_termination,743,0.0001021749002206494
conditional-fit-0063,axis4_reasoning_termination,744,0.00020225652347219473
conditional-fit-0063,axis4_reasoning_termination,745,0.0007248291773406245
conditional-fit-0063,axis4_reasoning_termination,746,0.0011414994316460113
conditional-fit-0063,axis4_reasoning_termination,747,1.63620250018154e-05
conditional-fit-0063,axis4_reasoning_termination,748,9.068295998952896e-06
conditional-fit-0063,axis4_reasoning_termination,749,0.0003140103994975467
conditional-fit-0063,axis4_reasoning_termination,750,0.00017144486748046304
conditional-fit-0063,axis4_reasoning_termination,751,2.5416621415747325e-06
conditional-fit-0063,axis4_reasoning_termination,752,1.441576345577837e-06
conditional-fit-0063,axis4_reasoning_termination,753,8.976333944068633e-06
conditional-fit-0063,axis4_reasoning_termination,754,5.517389600381959e-05
conditional-fit-0063,axis4_reasoning_termination,755,6.945889337648191e-05
conditional-fit-0063,axis4_reasoning_termination,756,4.2103907683566005e-07
conditional-fit-0063,axis4_reasoning_termination,757,7.0256799968322905e-06
conditional-fit-0063,axis4_reasoning_termination,758,6.445769559371967e-07
conditional-fit-0063,axis4_reasoning_termination,759,4.4115619192617305e-06
conditional-fit-0063,axis4_reasoning_termination,760,2.0742797269654412e-05
conditional-fit-0063,axis4_reasoning_termination,761,4.699613465061296e-06
conditional-fit-0063,axis4_reasoning_termination,762,1.0602868019417989e-05
conditional-fit-0063,axis4_reasoning_termination,763,0.00011425142494728603
conditional-fit-0063,axis4_reasoning_termination,764,9.078331930856716e-07
conditional-fit-0063,axis4_reasoning_termination,765,3.596180799643562e-05
conditional-fit-0063,axis4_reasoning_termination,766,7.072906379454176e-06
conditional-fit-0063,axis4_reasoning_termination,767,1.1462163553864599e-05
conditional-fit-0063,axis4_reasoning_termination,768,2.998887700964624e-05
conditional-fit-0063,axis4_reasoning_termination,769,2.022275932361665e-05
conditional-fit-0063,axis4_reasoning_termination,770,0.007864128680804978
conditional-fit-0063,axis4_reasoning_termination,771,0.14205934804875425
conditional-fit-0063,axis4_reasoning_termination,772,0.001391340206457483
conditional-fit-0063,axis4_reasoning_termination,773,0.21280719013981816
conditional-fit-0063,axis4_reasoning_termination,774,0.011523254617179075
conditional-fit-0063,axis4_reasoning_termination,775,0.0009083439950916542
conditional-fit-0063,axis4_reasoning_termination,776,0.049939646734242206
conditional-fit-0063,axis4_reasoning_termination,777,3.4720914598416465e-06
conditional-fit-0063,axis4_reasoning_termination,778,5.0485200541718494e-05
conditional-fit-0063,axis4_reasoning_termination,779,7.288983404007587e-07
conditional-fit-0063,axis4_reasoning_termination,780,9.557610796799646e-07
conditional-fit-0063,axis4_reasoning_termination,781,3.606119405170852e-05
conditional-fit-0063,axis4_reasoning_termination,782,1.4200514233300564e-05
conditional-fit-0063,axis4_reasoning_termination,783,1.3949925114582648e-05
conditional-fit-0063,axis4_reasoning_termination,784,5.530253752661396e-05
conditional-fit-0063,axis4_reasoning_termination,785,6.436874194697427e-07
conditional-fit-0063,axis4_reasoning_termination,786,8.647136353572571e-05
conditional-fit-0063,axis4_reasoning_termination,787,2.7396978799389697e-06
conditional-fit-0063,axis4_reasoning_termination,788,1.0276554927877234e-05
conditional-fit-0063,axis4_reasoning_termination,789,0.00045510932540753694
conditional-fit-0063,axis4_reasoning_termination,790,0.00012037959983184142
conditional-fit-0063,axis4_reasoning_termination,791,8.961705146817735e-06
conditional-fit-0063,axis4_reasoning_termination,792,1.1289743548412102e-05
conditional-fit-0063,axis4_reasoning_termination,793,7.446389333947375e-05
conditional-fit-0063,axis4_reasoning_termination,794,2.304017981266993e-05
conditional-fit-0063,axis4_reasoning_termination,795,2.9576217073732676e-05
conditional-fit-0063,axis4_reasoning_termination,796,0.0005967100843601731
conditional-fit-0063,axis4_reasoning_termination,797,0.0010813307417806362
conditional-fit-0063,axis4_reasoning_termination,798,0.0013424239718279889
conditional-fit-0063,axis4_reasoning_termination,799,3.7692130304924593e-06
conditional-fit-0063,axis4_reasoning_termination,800,6.672139230771557e-06
conditional-fit-0063,axis4_reasoning_termination,801,3.025162805161297e-05
conditional-fit-0063,axis4_reasoning_termination,802,0.00036878759874485874
conditional-fit-0063,axis4_reasoning_termination,803,6.971324744877212e-06
conditional-fit-0063,axis4_reasoning_termination,804,1.2377757236070755e-05
conditional-fit-0063,axis4_reasoning_termination,805,5.497886015598402e-07
conditional-fit-0063,axis4_reasoning_termination,806,4.381424651248749e-05
conditional-fit-0063,axis4_reasoning_termination,807,9.081343672999065e-07
conditional-fit-0063,axis4_reasoning_termination,808,1.100097716079458e-05
conditional-fit-0063,axis4_reasoning_termination,809,3.6904332491320872e-06
conditional-fit-0063,axis4_reasoning_termination,810,9.399902598957954e-05
conditional-fit-0063,axis4_reasoning_termination,811,3.0080735520432283e-05
conditional-fit-0063,axis4_reasoning_termination,812,3.2462218139140796e-06
conditional-fit-0063,axis4_reasoning_termination,813,2.1144622313036547e-06
conditional-fit-0063,axis4_reasoning_termination,814,2.608376047482477e-06
conditional-fit-0063,axis4_reasoning_termination,815,5.073140097510423e-07
conditional-fit-0063,axis4_reasoning_termination,816,4.0150741966204557e-07
conditional-fit-0063,axis4_reasoning_termination,817,4.653039913096572e-06
conditional-fit-0063,axis4_reasoning_termination,818,1.7711038934951362e-06
conditional-fit-0063,axis4_reasoning_termination,819,9.106716945536465e-07
conditional-fit-0063,axis4_reasoning_termination,820,6.767629311112281e-05
conditional-fit-0063,axis4_reasoning_termination,821,7.16565042357776e-06
conditional-fit-0063,axis4_reasoning_termination,822,0.00010012015464913517
conditional-fit-0063,axis4_reasoning_termination,823,0.002553867254588493
conditional-fit-0063,axis4_reasoning_termination,824,8.609235740017513e-05
conditional-fit-0063,axis4_reasoning_termination,825,0.0021796620876126513
conditional-fit-0063,axis4_reasoning_termination,826,5.8584372719944e-05
conditional-fit-0063,axis4_reasoning_termination,827,0.004455792364543274
conditional-fit-0063,axis4_reasoning_termination,828,0.11038791557038277
conditional-fit-0063,axis4_reasoning_termination,829,0.17591561154625657
conditional-fit-0063,axis4_reasoning_termination,830,0.003086077916230145
conditional-fit-0063,axis4_reasoning_termination,831,1.4071739235042244e-05
conditional-fit-0063,axis4_reasoning_termination,832,0.00017286969791229783
conditional-fit-0063,axis4_reasoning_termination,833,5.141019572908612e-05
conditional-fit-0063,axis4_reasoning_termination,834,0.014857099954613373
conditional-fit-0063,axis4_reasoning_termination,835,1.9762450526418884e-05
conditional-fit-0063,axis4_reasoning_termination,836,0.0012493117348701675
conditional-fit-0063,axis4_reasoning_termination,837,3.9597238532316495e-06
conditional-fit-0063,axis4_reasoning_termination,838,4.352800497072497e-07
conditional-fit-0063,axis4_reasoning_termination,839,0.0003832828554177582
conditional-fit-0063,axis4_reasoning_termination,840,0.0007645411744183165
conditional-fit-0063,axis4_reasoning_termination,841,0.0015636127040045504
conditional-fit-0063,axis4_reasoning_termination,842,0.010068837124076434
conditional-fit-0063,axis4_reasoning_termination,843,0.000596461627366172
conditional-fit-0063,axis4_reasoning_termination,844,1.947501079332123e-05
conditional-fit-0063,axis4_reasoning_termination,845,0.12156519615269709
conditional-fit-0063,axis4_reasoning_termination,846,0.0018456534865287165
conditional-fit-0063,axis4_reasoning_termination,847,0.0001326069067235236
conditional-fit-0063,axis4_reasoning_termination,848,0.00010373300955902117
conditional-fit-0063,axis4_reasoning_termination,849,2.2708570750141512e-05
conditional-fit-0063,axis4_reasoning_termination,850,3.6826739608712277e-05
conditional-fit-0063,axis4_reasoning_termination,851,2.9067549285238753e-06
conditional-fit-0063,axis4_reasoning_termination,852,2.7252377397279558e-06
conditional-fit-0063,axis4_reasoning_termination,853,9.8456057232428e-05
conditional-fit-0063,axis4_reasoning_termination,854,5.416070176328288e-06
conditional-fit-0063,axis4_reasoning_termination,855,0.00010504859136579488
conditional-fit-0063,axis4_reasoning_termination,856,0.00023144382893707316
conditional-fit-0063,axis4_reasoning_termination,857,2.9055844212761674e-06
conditional-fit-0063,axis4_reasoning_termination,858,5.805795443095165e-07
conditional-fit-0063,axis4_reasoning_termination,859,6.6852928321373045e-06
conditional-fit-0063,axis4_reasoning_termination,860,2.89819306888017e-05
conditional-fit-0063,axis4_reasoning_termination,861,4.265786378867971e-05
conditional-fit-0063,axis4_reasoning_termination,862,5.1383879345308895e-05
conditional-fit-0063,axis4_reasoning_termination,863,7.901010560847628e-06
conditional-fit-0063,axis4_reasoning_termination,864,2.646866730489012e-05
conditional-fit-0063,axis4_reasoning_termination,865,1.0947583536603914e-05
conditional-fit-0063,axis4_reasoning_termination,866,1.6500785461565995e-05
conditional-fit-0063,axis4_reasoning_termination,867,0.0005395836866591975
conditional-fit-0063,axis4_reasoning_termination,868,2.785004744270453e-06
conditional-fit-0063,axis4_reasoning_termination,869,0.0003715090288697843
conditional-fit-0063,axis4_reasoning_termination,870,0.0009885319625757385
conditional-fit-0063,axis4_reasoning_termination,871,0.002106916322970423
conditional-fit-0063,axis4_reasoning_termination,872,0.0009844453772384096
conditional-fit-0063,axis4_reasoning_termination,873,0.00012525203038833043
conditional-fit-0063,axis4_reasoning_termination,874,0.002351904359998858
conditional-fit-0063,axis4_reasoning_termination,875,0.001893948906486662
conditional-fit-0063,axis4_reasoning_termination,876,0.0013479282370592689
conditional-fit-0063,axis4_reasoning_termination,877,0.26381784677246445
conditional-fit-0063,axis4_reasoning_termination,878,0.002154512609484495
conditional-fit-0063,axis4_reasoning_termination,879,1.278676778036618e-05
conditional-fit-0063,axis4_reasoning_termination,880,6.280848350793567e-05
conditional-fit-0063,axis4_reasoning_termination,881,2.8171144015319656e-06
conditional-fit-0063,axis4_reasoning_termination,882,0.01485316337362707
conditional-fit-0063,axis4_reasoning_termination,883,5.8732512595478656e-05
conditional-fit-0063,axis4_reasoning_termination,884,0.0006705392098430894
conditional-fit-0063,axis4_reasoning_termination,885,0.0002482129857351055
conditional-fit-0063,axis4_reasoning_termination,886,0.00021757792093984144
conditional-fit-0063,axis4_reasoning_termination,887,1.6713316925632223e-05
conditional-fit-0063,axis4_reasoning_termination,888,3.5571980634946366e-06
conditional-fit-0063,axis4_reasoning_termination,889,0.0001226559046966338
conditional-fit-0063,axis4_reasoning_termination,890,7.240241855914422e-06
conditional-fit-0063,axis4_reasoning_termination,891,1.5801040703692855e-06
conditional-fit-0063,axis4_reasoning_termination,892,4.656870963577533e-06
conditional-fit-0063,axis4_reasoning_termination,893,1.489088534655155e-06
conditional-fit-0063,axis4_reasoning_termination,894,6.33589853906431e-05
conditional-fit-0063,axis4_reasoning_termination,895,4.2801612948496966e-06
conditional-fit-0063,axis4_reasoning_termination,896,1.3553765314152756e-05
conditional-fit-0063,axis4_reasoning_termination,897,2.451421845159079e-06
conditional-fit-0063,axis4_reasoning_termination,898,2.2443354484733774e-07
conditional-fit-0063,axis4_reasoning_termination,899,7.010336514390115e-06
conditional-fit-0063,axis4_reasoning_termination,900,1.0348952116002888e-06
conditional-fit-0063,axis4_reasoning_termination,901,2.011860023939059e-06
conditional-fit-0063,axis4_reasoning_termination,902,8.86355701959092e-06
conditional-fit-0063,axis4_reasoning_termination,903,1.6630413698088686e-06
conditional-fit-0063,axis4_reasoning_termination,904,4.272460834149592e-06
conditional-fit-0063,axis4_reasoning_termination,905,5.157730345919891e-07
conditional-fit-0063,axis4_reasoning_termination,906,3.153988635575162e-05
conditional-fit-0063,axis4_reasoning_termination,907,9.425549773554192e-07
conditional-fit-0063,axis4_reasoning_termination,908,5.561149099918611e-06
conditional-fit-0063,axis4_reasoning_termination,909,1.7613337715301429e-06
conditional-fit-0063,axis4_reasoning_termination,910,4.799670332643803e-06
conditional-fit-0063,axis4_reasoning_termination,911,2.531629973535004e-05
conditional-fit-0063,axis4_reasoning_termination,912,6.277591415434127e-06
conditional-fit-0063,axis4_reasoning_termination,913,2.8782830389334736e-06
conditional-fit-0063,axis4_reasoning_termination,914,9.840780807386942e-07
conditional-fit-0063,axis4_reasoning_termination,915,3.431709366757791e-05
conditional-fit-0063,axis4_reasoning_termination,916,1.2965270764467724e-05
conditional-fit-0063,axis4_reasoning_termination,917,3.175457961270512e-06
conditional-fit-0063,axis4_reasoning_termination,918,3.554479374876885e-06
conditional-fit-0063,axis4_reasoning_termination,919,1.2180503452813e-05
conditional-fit-0063,axis4_reasoning_termination,920,3.6490169302316656e-07
conditional-fit-0063,axis4_reasoning_termination,921,1.0340879420959007e-06
conditional-fit-0063,axis4_reasoning_termination,922,1.3079392939853606e-05
conditional-fit-0063,axis4_reasoning_termination,923,1.7916451998922936e-06
conditional-fit-0063,axis4_reasoning_termination,924,2.7471708774078682e-05
conditional-fit-0063,axis4_reasoning_termination,925,6.608027529654346e-06
conditional-fit-0063,axis4_reasoning_termination,926,3.898666272574846e-05
conditional-fit-0063,axis4_reasoning_termination,927,3.3140189852018605e-05
conditional-fit-0063,axis4_reasoning_termination,928,1.0553185630892014e-06
conditional-fit-0063,axis4_reasoning_termination,929,1.1028354011899509e-05
conditional-fit-0063,axis4_reasoning_termination,930,6.351058242210621e-06
conditional-fit-0063,axis4_reasoning_termination,931,6.525418784169524e-07
conditional-fit-0063,axis4_reasoning_termination,932,1.0020119047598397e-06
conditional-fit-0063,axis4_reasoning_termination,933,8.2514383588041e-05
conditional-fit-0063,axis4_reasoning_termination,934,1.9461138612714828e-05
conditional-fit-0063,axis4_reasoning_termination,935,1.3064022901135985e-06
conditional-fit-0063,axis4_reasoning_termination,936,0.0001269080792768063
conditional-fit-0063,axis4_reasoning_termination,937,0.00018002541994407937
conditional-fit-0063,axis4_reasoning_termination,938,7.770232668734337e-07
conditional-fit-0063,axis4_reasoning_termination,939,7.581665056224193e-06
conditional-fit-0063,axis4_reasoning_termination,940,2.7611530594186297e-07
conditional-fit-0063,axis4_reasoning_termination,941,6.015297231428671e-06
conditional-fit-0063,axis4_reasoning_termination,942,0.00013834993083966851
conditional-fit-0063,axis4_reasoning_termination,943,1.3456630679887368e-05
conditional-fit-0063,axis4_reasoning_termination,944,0.003867467362756485
conditional-fit-0063,axis4_reasoning_termination,945,0.005798696486707888
conditional-fit-0063,axis4_reasoning_termination,946,0.002007671593726442
conditional-fit-0063,axis4_reasoning_termination,947,0.0004121390800188734
conditional-fit-0063,axis4_reasoning_termination,948,0.1695802189097323
conditional-fit-0063,axis4_reasoning_termination,949,0.008894705403030619
conditional-fit-0063,axis4_reasoning_termination,950,1.0150468840395744e-05
conditional-fit-0063,axis4_reasoning_termination,951,0.000157250804104943
conditional-fit-0063,axis4_reasoning_termination,952,1.488243732733699e-06
conditional-fit-0063,axis4_reasoning_termination,953,0.0032171150299460365
conditional-fit-0063,axis4_reasoning_termination,954,7.579121723715878e-05
conditional-fit-0063,axis4_reasoning_termination,955,0.0011028354769453597
conditional-fit-0063,axis4_reasoning_termination,956,0.003113840137596384
conditional-fit-0063,axis4_reasoning_termination,957,0.00021239430726885497
conditional-fit-0063,axis4_reasoning_termination,958,5.7931476533248915e-05
conditional-fit-0063,axis4_reasoning_termination,959,4.043766509996945e-06
conditional-fit-0063,axis4_reasoning_termination,960,0.00022976270386414923
conditional-fit-0063,axis4_reasoning_termination,961,1.2781481833320344e-06
conditional-fit-0063,axis4_reasoning_termination,962,1.1650078349724636e-06
conditional-fit-0063,axis4_reasoning_termination,963,1.7955319658790042e-06
conditional-fit-0063,axis4_reasoning_termination,964,1.0364684959425578e-06
conditional-fit-0063,axis4_reasoning_termination,965,4.514303182420897e-06
conditional-fit-0063,axis4_reasoning_termination,966,6.98624158651874e-06
conditional-fit-0063,axis4_reasoning_termination,967,8.287370446975555e-06
conditional-fit-0063,axis4_reasoning_termination,968,3.594358865390051e-05
conditional-fit-0063,axis4_reasoning_termination,969,9.116918410647887e-06
conditional-fit-0063,axis4_reasoning_termination,970,9.532590801011144e-06
conditional-fit-0063,axis4_reasoning_termination,971,1.644061939676387e-06
conditional-fit-0063,axis4_reasoning_termination,972,3.493508753490812e-06
conditional-fit-0063,axis4_reasoning_termination,973,1.1273761746045824e-05
conditional-fit-0063,axis4_reasoning_termination,974,3.559230300004517e-06
conditional-fit-0063,axis4_reasoning_termination,975,3.2381003724237824e-05
conditional-fit-0063,axis4_reasoning_termination,976,1.9452108902356165e-06
conditional-fit-0063,axis4_reasoning_termination,977,8.077025318281802e-06
conditional-fit-0063,axis4_reasoning_termination,978,2.335480865259938e-06
conditional-fit-0063,axis4_reasoning_termination,979,1.9227041149079047e-06
conditional-fit-0063,axis4_reasoning_termination,980,6.79065341670518e-06
conditional-fit-0063,axis4_reasoning_termination,981,2.1075671247980225e-06
conditional-fit-0063,axis4_reasoning_termination,982,1.1614685559845854e-05
conditional-fit-0063,axis4_reasoning_termination,983,5.993977872544564e-06
conditional-fit-0063,axis4_reasoning_termination,984,7.361253877737151e-06
conditional-fit-0063,axis4_reasoning_termination,985,7.088804020622625e-07
conditional-fit-0063,axis4_reasoning_termination,986,2.819254622362167e-06
conditional-fit-0063,axis4_reasoning_termination,987,1.046092989256498e-05
conditional-fit-0063,axis4_reasoning_termination,988,5.514857862214664e-06
conditional-fit-0063,axis4_reasoning_termination,989,6.481148107346763e-06
conditional-fit-0063,axis4_reasoning_termination,990,3.843768092709724e-06
conditional-fit-0063,axis4_reasoning_termination,991,1.0714172396424186e-06
conditional-fit-0063,axis4_reasoning_termination,992,7.100379106863051e-07
conditional-fit-0063,axis4_reasoning_termination,993,4.699170761215471e-05
conditional-fit-0063,axis4_reasoning_termination,994,1.8107427569591123e-05
conditional-fit-0063,axis4_reasoning_termination,995,9.507485321964807e-06
conditional-fit-0063,axis4_reasoning_termination,996,1.348078675446837e-05
conditional-fit-0063,axis4_reasoning_termination,997,0.00011518770206187271
conditional-fit-0063,axis4_reasoning_termination,998,3.7572264267816233e-05
conditional-fit-0063,axis4_reasoning_termination,999,4.800647357509466e-06
conditional-fit-0063,axis4_reasoning_termination,1000,5.582412268856916e-06
conditional-fit-0063,axis4_reasoning_termination,1001,9.141686477601102e-06
conditional-fit-0063,axis4_reasoning_termination,1002,1.4911947636261367e-06
conditional-fit-0063,axis4_reasoning_termination,1003,3.1526642611863986e-05
conditional-fit-0063,axis4_reasoning_termination,1004,0.00039814836746560143
conditional-fit-0063,axis4_reasoning_termination,1005,4.80471018896908e-06
conditional-fit-0063,axis4_reasoning_termination,1006,1.699477070428966e-05
conditional-fit-0063,axis4_reasoning_termination,1007,1.452622386518219e-05
conditional-fit-0063,axis4_reasoning_termination,1008,3.48548337137294e-05
conditional-fit-0063,axis4_reasoning_termination,1009,1.1469199736382212e-06
conditional-fit-0063,axis4_reasoning_termination,1010,1.598802585841198e-05
conditional-fit-0063,axis4_reasoning_termination,1011,8.647720715564799e-07
conditional-fit-0063,axis4_reasoning_termination,1012,8.168402672924863e-06
conditional-fit-0063,axis4_reasoning_termination,1013,0.001541082385176764
conditional-fit-0063,axis4_reasoning_termination,1014,1.42139759770999e-05
conditional-fit-0063,axis4_reasoning_termination,1015,0.006608186618409205
conditional-fit-0063,axis4_reasoning_termination,1016,0.01054059567549645
conditional-fit-0063,axis4_reasoning_termination,1017,0.0344562639513773
conditional-fit-0063,axis4_reasoning_termination,1018,0.0004771745736547959
conditional-fit-0063,axis4_reasoning_termination,1019,0.20994854414916347
conditional-fit-0063,axis4_reasoning_termination,1020,0.0030554734611740637
conditional-fit-0063,axis4_reasoning_termination,1021,6.558393655740753e-06
conditional-fit-0063,axis4_reasoning_termination,1022,2.3326791423200385e-05
conditional-fit-0063,axis4_reasoning_termination,1023,6.1250933634217155e-06
conditional-fit-0063,axis4_reasoning_termination,1024,0.02390998373444122
conditional-fit-0063,axis4_reasoning_termination,1025,2.606060126297289e-07
conditional-fit-0063,axis4_reasoning_termination,1026,1.7092733711997407e-05
conditional-fit-0063,axis4_reasoning_termination,1027,1.3312355851348697e-06
conditional-fit-0063,axis4_reasoning_termination,1028,2.099617191824995e-07
conditional-fit-0063,axis4_reasoning_termination,1029,1.848708014907334e-05
conditional-fit-0063,axis4_reasoning_termination,1030,0.0007493925634324132
conditional-fit-0063,axis4_reasoning_termination,1031,0.0003347870508774759
conditional-fit-0063,axis4_reasoning_termination,1032,0.0002686641871032748
conditional-fit-0063,axis4_reasoning_termination,1033,1.8862969834071355e-05
conditional-fit-0063,axis4_reasoning_termination,1034,2.7171740136354133e-06
conditional-fit-0063,axis4_reasoning_termination,1035,9.660577001413743e-05
conditional-fit-0063,axis4_reasoning_termination,1036,4.5699347961366683e-07
conditional-fit-0063,axis4_reasoning_termination,1037,1.649774382352962e-06
conditional-fit-0063,axis4_reasoning_termination,1038,2.480220814601528e-06
conditional-fit-0063,axis4_reasoning_termination,1039,4.341282035778117e-06
conditional-fit-0063,axis4_reasoning_termination,1040,5.145131806988554e-06
conditional-fit-0063,axis4_reasoning_termination,1041,1.3453827549933712e-06
conditional-fit-0063,axis4_reasoning_termination,1042,3.700999821576737e-07
conditional-fit-0063,axis4_reasoning_termination,1043,1.251684873662468e-06
conditional-fit-0063,axis4_reasoning_termination,1044,4.364588481309928e-07
conditional-fit-0063,axis4_reasoning_termination,1045,1.8895516727010626e-06
conditional-fit-0063,axis4_reasoning_termination,1046,6.5352587056562264e-06
conditional-fit-0063,axis4_reasoning_termination,1047,1.7974733527337667e-06
conditional-fit-0063,axis4_reasoning_termination,1048,3.0640889416071064e-05
conditional-fit-0063,axis4_reasoning_termination,1049,1.7341764491375694e-06
conditional-fit-0063,axis4_reasoning_termination,1050,8.074230791222338e-07
conditional-fit-0063,axis4_reasoning_termination,1051,4.3892846608283145e-05
conditional-fit-0063,axis4_reasoning_termination,1052,2.6029762040716325e-07
conditional-fit-0063,axis4_reasoning_termination,1053,1.079827817551274e-06
conditional-fit-0063,axis4_reasoning_termination,1054,8.674711560732659e-06
conditional-fit-0063,axis4_reasoning_termination,1055,1.4615411863493236e-05
conditional-fit-0063,axis4_reasoning_termination,1056,7.361487683816501e-06
conditional-fit-0063,axis4_reasoning_termination,1057,1.5595200013353938e-05
conditional-fit-0063,axis4_reasoning_termination,1058,5.432295449487597e-07
conditional-fit-0063,axis4_reasoning_termination,1059,0.0001985162869516149
conditional-fit-0063,axis4_reasoning_termination,1060,7.940084787881754e-05
conditional-fit-0063,axis4_reasoning_termination,1061,2.486101513285025e-05
conditional-fit-0063,axis4_reasoning_termination,1062,7.466699988557999e-05
conditional-fit-0063,axis4_reasoning_termination,1063,1.3288187130458522e-05
conditional-fit-0063,axis4_reasoning_termination,1064,0.005085696256115664
conditional-fit-0063,axis4_reasoning_termination,1065,0.00035635277838111384
conditional-fit-0063,axis4_reasoning_termination,1066,0.2820012959449336
conditional-fit-0063,axis4_reasoning_termination,1067,0.009277809761042498
conditional-fit-0063,axis4_reasoning_termination,1068,1.3598059253816005e-05
conditional-fit-0063,axis4_reasoning_termination,1069,2.622713593082556e-05
conditional-fit-0063,axis4_reasoning_termination,1070,1.0006490159597002e-05
conditional-fit-0063,axis4_reasoning_termination,1071,0.00755855770305023
conditional-fit-0063,axis4_reasoning_termination,1072,6.219305449502155e-05
conditional-fit-0063,axis4_reasoning_termination,1073,4.645181371812837e-06
conditional-fit-0063,axis4_reasoning_termination,1074,1.0127405472411812e-05
conditional-fit-0063,axis4_reasoning_termination,1075,0.00012796405662992232
conditional-fit-0063,axis4_reasoning_termination,1076,0.0005008599393804235
conditional-fit-0063,axis4_reasoning_termination,1077,0.00018098136308121942
conditional-fit-0063,axis4_reasoning_termination,1078,0.00011334434749464315
conditional-fit-0063,axis4_reasoning_termination,1079,2.394403191977643e-06
conditional-fit-0063,axis4_reasoning_termination,1080,0.00019221484556970566
conditional-fit-0063,axis4_reasoning_termination,1081,2.1465372244349485e-06
conditional-fit-0063,axis4_reasoning_termination,1082,2.670573758716761e-07
conditional-fit-0063,axis4_reasoning_termination,1083,2.209015328058896e-06
conditional-fit-0063,axis4_reasoning_termination,1084,3.966920972445606e-07
conditional-fit-0063,axis4_reasoning_termination,1085,8.148734425824538e-07
conditional-fit-0063,axis4_reasoning_termination,1086,2.4220031810172347e-05
conditional-fit-0063,axis4_reasoning_termination,1087,1.1871160271589123e-06
conditional-fit-0063,axis4_reasoning_termination,1088,9.65995262090643e-07
conditional-fit-0063,axis4_reasoning_termination,1089,2.5266602671394634e-06
conditional-fit-0063,axis4_reasoning_termination,1090,2.4424788154185277e-06
conditional-fit-0063,axis4_reasoning_termination,1091,2.444584732970565e-07
conditional-fit-0063,axis4_reasoning_termination,1092,2.154179154823303e-06
conditional-fit-0063,axis4_reasoning_termination,1093,2.1926528677777783e-06
conditional-fit-0063,axis4_reasoning_termination,1094,3.265603283365559e-06
conditional-fit-0063,axis4_reasoning_termination,1095,7.314003003142228e-06
conditional-fit-0063,axis4_reasoning_termination,1096,1.3939318773535847e-05
conditional-fit-0063,axis4_reasoning_termination,1097,2.225600908761149e-06
conditional-fit-0063,axis4_reasoning_termination,1098,1.6780846017429282e-06
conditional-fit-0063,axis4_reasoning_termination,1099,3.987229217975558e-06
conditional-fit-0063,axis4_reasoning_termination,1100,2.2300269078425418e-05
conditional-fit-0063,axis4_reasoning_termination,1101,0.00010095502905057901
conditional-fit-0063,axis4_reasoning_termination,1102,1.4811281493745008e-06
conditional-fit-0063,axis4_reasoning_termination,1103,3.625871048398631e-06
conditional-fit-0063,axis4_reasoning_termination,1104,8.148120044878606e-07
conditional-fit-0063,axis4_reasoning_termination,1105,2.7237465493815027e-05
conditional-fit-0063,axis4_reasoning_termination,1106,3.1034755401841295e-06
conditional-fit-0063,axis4_reasoning_termination,1107,2.7840367940288205e-06
conditional-fit-0063,axis4_reasoning_termination,1108,9.06235742611242e-06
conditional-fit-0063,axis4_reasoning_termination,1109,1.9801855625404604e-06
conditional-fit-0063,axis4_reasoning_termination,1110,4.764444870143622e-06
conditional-fit-0063,axis4_reasoning_termination,1111,1.7502965987000123e-06
conditional-fit-0063,axis4_reasoning_termination,1112,3.017720092291587e-06
conditional-fit-0063,axis4_reasoning_termination,1113,3.782474226893768e-06
conditional-fit-0063,axis4_reasoning_termination,1114,7.979890315377327e-07
conditional-fit-0063,axis4_reasoning_termination,1115,1.063803374995368e-05
conditional-fit-0063,axis4_reasoning_termination,1116,5.887592924177094e-06
conditional-fit-0063,axis4_reasoning_termination,1117,1.9472343560239312e-05
conditional-fit-0063,axis4_reasoning_termination,1118,3.5148401648726176e-05
conditional-fit-0063,axis4_reasoning_termination,1119,7.423754379577646e-06
conditional-fit-0063,axis4_reasoning_termination,1120,0.00231235686726281
conditional-fit-0063,axis4_reasoning_termination,1121,0.006494658319246931
conditional-fit-0063,axis4_reasoning_termination,1122,0.08602331258457205
conditional-fit-0063,axis4_reasoning_termination,1123,6.695097427926873e-05
conditional-fit-0063,axis4_reasoning_termination,1124,0.17024124668576757
conditional-fit-0063,axis4_reasoning_termination,1125,0.0029299063203550198
conditional-fit-0063,axis4_reasoning_termination,1126,0.0002942299470951354
conditional-fit-0063,axis4_reasoning_termination,1127,0.033906712673718496
conditional-fit-0063,axis4_reasoning_termination,1128,1.353424058940343e-06
conditional-fit-0063,axis4_reasoning_termination,1129,4.0111350427277625e-05
conditional-fit-0063,axis4_reasoning_termination,1130,1.0164712384744674e-06
conditional-fit-0063,axis4_reasoning_termination,1131,6.893112841960908e-07
conditional-fit-0063,axis4_reasoning_termination,1132,4.859765626472959e-05
conditional-fit-0063,axis4_reasoning_termination,1133,1.1182853880279059e-05
conditional-fit-0063,axis4_reasoning_termination,1134,1.269948271997297e-05
conditional-fit-0063,axis4_reasoning_termination,1135,3.99305076938283e-05
conditional-fit-0063,axis4_reasoning_termination,1136,1.7175096369212666e-06
conditional-fit-0063,axis4_reasoning_termination,1137,2.8364299611274004e-05
conditional-fit-0063,axis4_reasoning_termination,1138,4.961837081692533e-07
conditional-fit-0063,axis4_reasoning_termination,1139,2.0601326407695017e-06
conditional-fit-0063,axis4_reasoning_termination,1140,4.612886570308209e-05
conditional-fit-0063,axis4_reasoning_termination,1141,2.074507155741364e-05
conditional-fit-0063,axis4_reasoning_termination,1142,1.3135124055720875e-05
conditional-fit-0063,axis4_reasoning_termination,1143,5.342038858213892e-06
conditional-fit-0063,axis4_reasoning_termination,1144,2.2864635712415936e-05
conditional-fit-0063,axis4_reasoning_termination,1145,2.340071610825964e-06
conditional-fit-0063,axis4_reasoning_termination,1146,2.333524148963963e-05
conditional-fit-0063,axis4_reasoning_termination,1147,0.00043669353541924013
conditional-fit-0063,axis4_reasoning_termination,1148,0.0006577545935363383
conditional-fit-0063,axis4_reasoning_termination,1149,0.0015546204851316484
conditional-fit-0063,axis4_reasoning_termination,1150,6.993115817926853e-07
conditional-fit-0063,axis4_reasoning_termination,1151,1.452479267858001e-06
conditional-fit-0063,axis4_reasoning_termination,1152,1.6008772694418418e-06
conditional-fit-0063,axis4_reasoning_termination,1153,2.7595915155347746e-05
conditional-fit-0063,axis4_reasoning_termination,1154,5.789690921988725e-06
conditional-fit-0063,axis4_reasoning_termination,1155,4.4929752545724344e-06
conditional-fit-0063,axis4_reasoning_termination,1156,3.606779516769251e-07
conditional-fit-0063,axis4_reasoning_termination,1157,2.8517535333256743e-05
conditional-fit-0063,axis4_reasoning_termination,1158,1.7533641024531607e-06
conditional-fit-0063,axis4_reasoning_termination,1159,1.1387971804040353e-05
conditional-fit-0063,axis4_reasoning_termination,1160,3.1598083053780073e-06
conditional-fit-0063,axis4_reasoning_termination,1161,1.3204511940173806e-06
conditional-fit-0063,axis4_reasoning_termination,1162,1.6098363696416165e-05
conditional-fit-0063,axis4_reasoning_termination,1163,1.848418463608148e-06
conditional-fit-0063,axis4_reasoning_termination,1164,8.139886718646586e-07
conditional-fit-0063,axis4_reasoning_termination,1165,4.9639416375322266e-06
conditional-fit-0063,axis4_reasoning_termination,1166,7.198451173283338e-07
conditional-fit-0063,axis4_reasoning_termination,1167,1.1345793455651506e-06
conditional-fit-0063,axis4_reasoning_termination,1168,2.3480983064600804e-06
conditional-fit-0063,axis4_reasoning_termination,1169,7.336054760161914e-06
conditional-fit-0063,axis4_reasoning_termination,1170,1.4866561100644833e-06
conditional-fit-0063,axis4_reasoning_termination,1171,6.619578570401294e-06
conditional-fit-0063,axis4_reasoning_termination,1172,4.324953843300022e-06
conditional-fit-0063,axis4_reasoning_termination,1173,3.681772403098439e-05
conditional-fit-0063,axis4_reasoning_termination,1174,7.385008423139803e-05
conditional-fit-0063,axis4_reasoning_termination,1175,1.8039800857928006e-05
conditional-fit-0063,axis4_reasoning_termination,1176,0.0025816477103984717
conditional-fit-0063,axis4_reasoning_termination,1177,2.306300678130929e-05
conditional-fit-0063,axis4_reasoning_termination,1178,0.003767620047462471
conditional-fit-0063,axis4_reasoning_termination,1179,0.04692880395290541
conditional-fit-0063,axis4_reasoning_termination,1180,0.0003264789815681472
conditional-fit-0063,axis4_reasoning_termination,1181,0.3055358691262618
conditional-fit-0063,axis4_reasoning_termination,1182,0.0029168393287032843
conditional-fit-0063,axis4_reasoning_termination,1183,3.1883962809722184e-06
conditional-fit-0063,axis4_reasoning_termination,1184,9.437290416077485e-05
conditional-fit-0063,axis4_reasoning_termination,1185,4.591589372910737e-06
conditional-fit-0063,axis4_reasoning_termination,1186,0.002478610161156832
conditional-fit-0063,axis4_reasoning_termination,1187,3.443886567483096e-05
conditional-fit-0063,axis4_reasoning_termination,1188,0.0004960801587106114
conditional-fit-0063,axis4_reasoning_termination,1189,0.0028536705610179205
conditional-fit-0063,axis4_reasoning_termination,1190,0.00033383140257323563
conditional-fit-0063,axis4_reasoning_termination,1191,1.0832372354583904e-05
conditional-fit-0063,axis4_reasoning_termination,1192,6.1479665356155055e-06
conditional-fit-0063,axis4_reasoning_termination,1193,6.302383832204257e-05
conditional-fit-0063,axis4_reasoning_termination,1194,2.1509531964073766e-06
conditional-fit-0063,axis4_reasoning_termination,1195,3.641857337228126e-06
conditional-fit-0063,axis4_reasoning_termination,1196,2.2049073571525965e-06
conditional-fit-0063,axis4_reasoning_termination,1197,2.8511687015867423e-07
conditional-fit-0063,axis4_reasoning_termination,1198,1.536648935489569e-05
conditional-fit-0063,axis4_reasoning_termination,1199,1.8502621480534825e-06
conditional-fit-0063,axis4_reasoning_termination,1200,5.226416998909532e-06
conditional-fit-0063,axis4_reasoning_termination,1201,6.446582633942956e-06
conditional-fit-0063,axis4_reasoning_termination,1202,1.6215748571063302e-06
conditional-fit-0063,axis4_reasoning_termination,1203,4.125155443511088e-06
conditional-fit-0063,axis4_reasoning_termination,1204,8.075104146000309e-07
conditional-fit-0063,axis4_reasoning_termination,1205,6.855676147944203e-06
conditional-fit-0063,axis4_reasoning_termination,1206,5.456843336061966e-06
conditional-fit-0063,axis4_reasoning_termination,1207,3.302445673722532e-06
conditional-fit-0063,axis4_reasoning_termination,1208,3.3724267154608146e-05
conditional-fit-0063,axis4_reasoning_termination,1209,5.395075539999111e-07
conditional-fit-0063,axis4_reasoning_termination,1210,1.5749234805903214e-05
conditional-fit-0063,axis4_reasoning_termination,1211,9.74295146250354e-07
conditional-fit-0063,axis4_reasoning_termination,1212,2.21979055544925e-06
conditional-fit-0063,axis4_reasoning_termination,1213,2.0870566158341273e-06
conditional-fit-0063,axis4_reasoning_termination,1214,1.4120469396628765e-06
conditional-fit-0063,axis4_reasoning_termination,1215,1.0959544947327506e-05
conditional-fit-0063,axis4_reasoning_termination,1216,7.527020440520037e-06
conditional-fit-0063,axis4_reasoning_termination,1217,2.403788187769067e-06
conditional-fit-0063,axis4_reasoning_termination,1218,4.886091939943082e-07
conditional-fit-0063,axis4_reasoning_termination,1219,6.262880920088708e-06
conditional-fit-0063,axis4_reasoning_termination,1220,1.2802763191221617e-05
conditional-fit-0063,axis4_reasoning_termination,1221,5.550391695860913e-06
conditional-fit-0063,axis4_reasoning_termination,1222,1.8741056258712394e-06
conditional-fit-0063,axis4_reasoning_termination,1223,4.870223588275118e-06
conditional-fit-0063,axis4_reasoning_termination,1224,2.18234085010138e-07
conditional-fit-0063,axis4_reasoning_termination,1225,2.4652808789278948e-06
conditional-fit-0063,axis4_reasoning_termination,1226,2.037216253041007e-05
conditional-fit-0063,axis4_reasoning_termination,1227,1.1202511625132257e-05
conditional-fit-0063,axis4_reasoning_termination,1228,4.8067585138243274e-06
conditional-fit-0063,axis4_reasoning_termination,1229,1.674153599379392e-05
conditional-fit-0063,axis4_reasoning_termination,1230,0.0003585192109290394
conditional-fit-0063,axis4_reasoning_termination,1231,1.2262231287608208e-05
conditional-fit-0063,axis4_reasoning_termination,1232,2.1277128576646358e-06
conditional-fit-0063,axis4_reasoning_termination,1233,2.910721902191574e-07
conditional-fit-0063,axis4_reasoning_termination,1234,6.631735985709392e-06
conditional-fit-0063,axis4_reasoning_termination,1235,5.704568607237659e-07
conditional-fit-0063,axis4_reasoning_termination,1236,1.475113997991764e-06
conditional-fit-0063,axis4_reasoning_termination,1237,3.698859261164909e-05
conditional-fit-0063,axis4_reasoning_termination,1238,1.9241695329073207e-06
conditional-fit-0063,axis4_reasoning_termination,1239,0.0013354773300886292
conditional-fit-0063,axis4_reasoning_termination,1240,3.774766734815808e-05
conditional-fit-0063,axis4_reasoning_termination,1241,0.00019115361778187972
conditional-fit-0063,axis4_reasoning_termination,1242,5.925584666153879e-07
conditional-fit-0063,axis4_reasoning_termination,1243,1.4760504037898248e-05
conditional-fit-0063,axis4_reasoning_termination,1244,8.758316537261751e-07
conditional-fit-0063,axis4_reasoning_termination,1245,1.0601469692881325e-05
conditional-fit-0063,axis4_reasoning_termination,1246,0.0005086983774370938
conditional-fit-0063,axis4_reasoning_termination,1247,4.007114269235749e-05
conditional-fit-0063,axis4_reasoning_termination,1248,0.005965254901264864
conditional-fit-0063,axis4_reasoning_termination,1249,0.01056522330931568
conditional-fit-0063,axis4_reasoning_termination,1250,0.2106865952976958
conditional-fit-0063,axis4_reasoning_termination,1251,0.00016637879820568434
conditional-fit-0063,axis4_reasoning_termination,1252,0.3185803909056338
conditional-fit-0063,axis4_reasoning_termination,1253,0.003742723006114588
conditional-fit-0063,axis4_reasoning_termination,1254,3.0033786545267153e-06
conditional-fit-0063,axis4_reasoning_termination,1255,4.094741498510536e-05
conditional-fit-0063,axis4_reasoning_termination,1256,3.3254044447646293e-06
conditional-fit-0063,axis4_reasoning_termination,1257,0.002224851509912895
conditional-fit-0063,axis4_reasoning_termination,1258,2.5128377795174836e-06
conditional-fit-0063,axis4_reasoning_termination,1259,1.7802210189180144e-07
conditional-fit-0063,axis4_reasoning_termination,1260,1.053825661884853e-05
conditional-fit-0063,axis4_reasoning_termination,1261,1.8617785166889484e-05
conditional-fit-0063,axis4_reasoning_termination,1262,0.0007969843567369516
conditional-fit-0063,axis4_reasoning_termination,1263,0.00029568966578174546
conditional-fit-0063,axis4_reasoning_termination,1264,0.0004676030643509012
conditional-fit-0063,axis4_reasoning_termination,1265,5.5995001428185026e-06
conditional-fit-0063,axis4_reasoning_termination,1266,2.9155800306809762e-06
conditional-fit-0063,axis4_reasoning_termination,1267,6.149801954040806e-05
conditional-fit-0063,axis4_reasoning_termination,1268,3.1773166261276294e-05
conditional-fit-0063,axis4_reasoning_termination,1269,2.290019411901542e-06
conditional-fit-0063,axis4_reasoning_termination,1270,5.58349579324777e-07
conditional-fit-0063,axis4_reasoning_termination,1271,7.177475934033292e-06
conditional-fit-0063,axis4_reasoning_termination,1272,9.846587119186838e-07
conditional-fit-0063,axis4_reasoning_termination,1273,1.314100699513918e-05
conditional-fit-0063,axis4_reasoning_termination,1274,1.002522043031451e-06
conditional-fit-0063,axis4_reasoning_termination,1275,1.4579439170826473e-06
conditional-fit-0063,axis4_reasoning_termination,1276,8.861077040639583e-07
conditional-fit-0063,axis4_reasoning_termination,1277,2.1004340782390314e-05
conditional-fit-0063,axis4_reasoning_termination,1278,5.362863035866012e-06
conditional-fit-0063,axis4_reasoning_termination,1279,3.451556164837228e-06
conditional-fit-0063,axis4_reasoning_termination,1280,1.771405764900985e-05
conditional-fit-0063,axis4_reasoning_termination,1281,4.012261628233243e-06
conditional-fit-0063,axis4_reasoning_termination,1282,2.9642398183900196e-07
conditional-fit-0063,axis4_reasoning_termination,1283,9.020708997287876e-06
conditional-fit-0063,axis4_reasoning_termination,1284,1.1767731764993784e-05
conditional-fit-0063,axis4_reasoning_termination,1285,1.9127871979113445e-05
conditional-fit-0063,axis4_reasoning_termination,1286,1.995959504465175e-05
conditional-fit-0063,axis4_reasoning_termination,1287,2.1898816356942352e-05
conditional-fit-0063,axis4_reasoning_termination,1288,0.008407470223508344
conditional-fit-0063,axis4_reasoning_termination,1289,0.12825117391402774
conditional-fit-0063,axis4_reasoning_termination,1290,0.005100135559080003
conditional-fit-0063,axis4_reasoning_termination,1291,0.15685908557441355
conditional-fit-0063,axis4_reasoning_termination,1292,0.002800348254951828
conditional-fit-0063,axis4_reasoning_termination,1293,3.403488569545358e-06
conditional-fit-0063,axis4_reasoning_termination,1294,0.00014541797896501453
conditional-fit-0063,axis4_reasoning_termination,1295,4.711643444719944e-06
conditional-fit-0063,axis4_reasoning_termination,1296,0.02264526719099967
conditional-fit-0063,axis4_reasoning_termination,1297,1.7654439434199838e-05
conditional-fit-0063,axis4_reasoning_termination,1298,0.001349526243836833
conditional-fit-0063,axis4_reasoning_termination,1299,0.003930458604737916
conditional-fit-0063,axis4_reasoning_termination,1300,0.00027216761255022704
conditional-fit-0063,axis4_reasoning_termination,1301,1.717577282885713e-05
conditional-fit-0063,axis4_reasoning_termination,1302,4.0411230493219685e-06
conditional-fit-0063,axis4_reasoning_termination,1303,7.241994329155034e-05
conditional-fit-0063,axis4_reasoning_termination,1304,1.4110987987333035e-06
conditional-fit-0063,axis4_reasoning_termination,1305,1.3256688934284227e-06
conditional-fit-0063,axis4_reasoning_termination,1306,1.6728754744782002e-06
conditional-fit-0063,axis4_reasoning_termination,1307,8.973037183094258e-07
conditional-fit-0063,axis4_reasoning_termination,1308,4.871595107106087e-06
conditional-fit-0063,axis4_reasoning_termination,1309,9.304059879572478e-06
conditional-fit-0063,axis4_reasoning_termination,1310,7.024737021020281e-06
conditional-fit-0063,axis4_reasoning_termination,1311,7.150986040920703e-06
conditional-fit-0063,axis4_reasoning_termination,1312,1.2463247448465878e-06
conditional-fit-0063,axis4_reasoning_termination,1313,7.053363462939633e-06
conditional-fit-0063,axis4_reasoning_termination,1314,1.285083873003747e-06
conditional-fit-0063,axis4_reasoning_termination,1315,8.160346929552027e-07
conditional-fit-0063,axis4_reasoning_termination,1316,1.4205554753021766e-05
conditional-fit-0063,axis4_reasoning_termination,1317,4.845152903786502e-06
conditional-fit-0063,axis4_reasoning_termination,1318,7.737176611916805e-05
conditional-fit-0063,axis4_reasoning_termination,1319,1.5500220484288904e-06
conditional-fit-0063,axis4_reasoning_termination,1320,1.776647824246685e-05
conditional-fit-0063,axis4_reasoning_termination,1321,1.4012891418876172e-06
conditional-fit-0063,axis4_reasoning_termination,1322,2.0187171756301108e-06
conditional-fit-0063,axis4_reasoning_termination,1323,2.7178100467472417e-06
conditional-fit-0063,axis4_reasoning_termination,1324,1.6465222336048585e-06
conditional-fit-0063,axis4_reasoning_termination,1325,1.3104354677858047e-05
conditional-fit-0063,axis4_reasoning_termination,1326,1.707312287922244e-05
conditional-fit-0063,axis4_reasoning_termination,1327,7.077859444396591e-06
conditional-fit-0063,axis4_reasoning_termination,1328,5.664310028440851e-06
conditional-fit-0063,axis4_reasoning_termination,1329,3.87990367105347e-06
conditional-fit-0063,axis4_reasoning_termination,1330,7.546681241057683e-06
conditional-fit-0063,axis4_reasoning_termination,1331,5.072819634024545e-06
conditional-fit-0063,axis4_reasoning_termination,1332,3.865600198260222e-06
conditional-fit-0063,axis4_reasoning_termination,1333,3.990933574995646e-06
conditional-fit-0063,axis4_reasoning_termination,1334,7.254204525463349e-07
conditional-fit-0063,axis4_reasoning_termination,1335,1.2673771427870853e-06
conditional-fit-0063,axis4_reasoning_termination,1336,3.1911697865934135e-05
conditional-fit-0063,axis4_reasoning_termination,1337,1.1717005015801674e-05
conditional-fit-0063,axis4_reasoning_termination,1338,4.811604505343145e-06
conditional-fit-0063,axis4_reasoning_termination,1339,4.968178614576837e-05
conditional-fit-0063,axis4_reasoning_termination,1340,0.0012521700212534028
conditional-fit-0063,axis4_reasoning_termination,1341,9.629659313378731e-06
conditional-fit-0063,axis4_reasoning_termination,1342,4.022457408320891e-06
conditional-fit-0063,axis4_reasoning_termination,1343,3.430255637350979e-06
conditional-fit-0063,axis4_reasoning_termination,1344,1.003182625758786e-05
conditional-fit-0063,axis4_reasoning_termination,1345,6.870148081546878e-07
conditional-fit-0063,axis4_reasoning_termination,1346,3.514003265058927e-05
conditional-fit-0063,axis4_reasoning_termination,1347,3.287148597737149e-05
conditional-fit-0063,axis4_reasoning_termination,1348,6.143249532102392e-06
conditional-fit-0063,axis4_reasoning_termination,1349,4.234695781425338e-05
conditional-fit-0063,axis4_reasoning_termination,1350,2.2522177898248194e-05
conditional-fit-0063,axis4_reasoning_termination,1351,2.7259866190536263e-05
conditional-fit-0063,axis4_reasoning_termination,1352,9.392779008181848e-07
conditional-fit-0063,axis4_reasoning_termination,1353,7.932568015141671e-06
conditional-fit-0063,axis4_reasoning_termination,1354,5.521187764551911e-07
conditional-fit-0063,axis4_reasoning_termination,1355,1.0203557351417499e-05
conditional-fit-0063,axis4_reasoning_termination,1356,0.00016425405733432958
conditional-fit-0063,axis4_reasoning_termination,1357,2.77549834250077e-05
conditional-fit-0063,axis4_reasoning_termination,1358,0.010415190518734874
conditional-fit-0063,axis4_reasoning_termination,1359,0.02764284568940363
conditional-fit-0063,axis4_reasoning_termination,1360,0.00011683715358369904
conditional-fit-0063,axis4_reasoning_termination,1361,0.10843758256330352
conditional-fit-0063,axis4_reasoning_termination,1362,0.0030630060445283186
conditional-fit-0063,axis4_reasoning_termination,1363,3.6857308984559343e-06
conditional-fit-0063,axis4_reasoning_termination,1364,0.00011386815306273062
conditional-fit-0063,axis4_reasoning_termination,1365,1.9671175396761343e-06
conditional-fit-0063,axis4_reasoning_termination,1366,0.02802476594965513
conditional-fit-0063,axis4_reasoning_termination,1367,8.967055378749926e-06
conditional-fit-0063,axis4_reasoning_termination,1368,3.603703929433045e-06
conditional-fit-0063,axis4_reasoning_termination,1369,3.919781792017407e-06
conditional-fit-0063,axis4_reasoning_termination,1370,0.00028854330838267225
conditional-fit-0063,axis4_reasoning_termination,1371,0.002132145512762997
conditional-fit-0063,axis4_reasoning_termination,1372,0.00012063450411711681
conditional-fit-0063,axis4_reasoning_termination,1373,5.16899232610925e-06
conditional-fit-0063,axis4_reasoning_termination,1374,5.000184185364438e-06
conditional-fit-0063,axis4_reasoning_termination,1375,0.0005477527262431073
conditional-fit-0063,axis4_reasoning_termination,1376,1.4547292238542503e-06
conditional-fit-0063,axis4_reasoning_termination,1377,2.9918669105158275e-07
conditional-fit-0063,axis4_reasoning_termination,1378,1.153900537998614e-06
conditional-fit-0063,axis4_reasoning_termination,1379,2.212009266002147e-07
conditional-fit-0063,axis4_reasoning_termination,1380,1.7793704865353315e-06
conditional-fit-0063,axis4_reasoning_termination,1381,3.906660409432194e-06
conditional-fit-0063,axis4_reasoning_termination,1382,3.2605326010253936e-06
conditional-fit-0063,axis4_reasoning_termination,1383,5.974156546521921e-06
conditional-fit-0063,axis4_reasoning_termination,1384,1.4837825774720422e-06
conditional-fit-0063,axis4_reasoning_termination,1385,6.663761390975828e-06
conditional-fit-0063,axis4_reasoning_termination,1386,4.3878450733386175e-07
conditional-fit-0063,axis4_reasoning_termination,1387,7.278005529747955e-06
conditional-fit-0063,axis4_reasoning_termination,1388,3.471700948432739e-05
conditional-fit-0063,axis4_reasoning_termination,1389,5.8911311518503354e-05
conditional-fit-0063,axis4_reasoning_termination,1390,1.9664681102130723e-05
conditional-fit-0063,axis4_reasoning_termination,1391,0.0001071354663278382
conditional-fit-0063,axis4_reasoning_termination,1392,7.228549299102593e-06
conditional-fit-0063,axis4_reasoning_termination,1393,1.3103484348413017e-05
conditional-fit-0063,axis4_reasoning_termination,1394,1.4798846417533798e-06
conditional-fit-0063,axis4_reasoning_termination,1395,2.0088234012675826e-05
conditional-fit-0063,axis4_reasoning_termination,1396,0.00013937742082616365
conditional-fit-0063,axis4_reasoning_termination,1397,7.87199966339576e-06
conditional-fit-0063,axis4_reasoning_termination,1398,5.5640326274199135e-06
conditional-fit-0063,axis4_reasoning_termination,1399,2.396136816563987e-06
conditional-fit-0063,axis4_reasoning_termination,1400,7.980376297466492e-06
conditional-fit-0063,axis4_reasoning_termination,1401,1.5427097744267554e-05
conditional-fit-0063,axis4_reasoning_termination,1402,3.35139968957257e-05
conditional-fit-0063,axis4_reasoning_termination,1403,1.0654114430349321e-05
conditional-fit-0063,axis4_reasoning_termination,1404,3.9473852313206435e-05
conditional-fit-0063,axis4_reasoning_termination,1405,0.00015619474325846645
conditional-fit-0063,axis4_reasoning_termination,1406,8.3518583028676e-06
conditional-fit-0063,axis4_reasoning_termination,1407,1.7452465866074038e-05
conditional-fit-0063,axis4_reasoning_termination,1408,8.852821849691697e-06
conditional-fit-0063,axis4_reasoning_termination,1409,5.005819463379609e-06
conditional-fit-0063,axis4_reasoning_termination,1410,2.1584592563712727e-05
conditional-fit-0063,axis4_reasoning_termination,1411,4.492259467535848e-06
conditional-fit-0063,axis4_reasoning_termination,1412,5.8315353408236296e-05
conditional-fit-0063,axis4_reasoning_termination,1413,0.00018082149235233437
conditional-fit-0063,axis4_reasoning_termination,1414,0.00012776437121357157
conditional-fit-0063,axis4_reasoning_termination,1415,0.03339979121714558
conditional-fit-0063,axis4_reasoning_termination,1416,0.4339687736573262
conditional-fit-0063,axis4_reasoning_termination,1417,0.00017548683217403073
conditional-fit-0063,axis4_reasoning_termination,1418,0.2438206419093126
conditional-fit-0063,axis4_reasoning_termination,1419,0.004302406498667071
conditional-fit-0063,axis4_reasoning_termination,1420,4.27892695216206e-06
conditional-fit-0063,axis4_reasoning_termination,1421,3.6410014531854986e-05
conditional-fit-0063,axis4_reasoning_termination,1422,4.177414515911648e-07
conditional-fit-0063,axis4_reasoning_termination,1423,0.042846708116921206
conditional-fit-0063,axis4_reasoning_termination,1424,3.717022423436232e-05
conditional-fit-0063,axis4_reasoning_termination,1425,0.0006249385238545921
conditional-fit-0063,axis4_reasoning_termination,1426,0.001911529392457889
conditional-fit-0063,axis4_reasoning_termination,1427,0.0002640443532799709
conditional-fit-0063,axis4_reasoning_termination,1428,1.5654683395556483e-05
conditional-fit-0063,axis4_reasoning_termination,1429,2.735516790911333e-06
conditional-fit-0063,axis4_reasoning_termination,1430,0.00015948732818143172
conditional-fit-0063,axis4_reasoning_termination,1431,3.6665250697098493e-06
conditional-fit-0063,axis4_reasoning_termination,1432,1.6736534840276412e-06
conditional-fit-0063,axis4_reasoning_termination,1433,1.358024406590713e-06
conditional-fit-0063,axis4_reasoning_termination,1434,7.884512024888917e-07
conditional-fit-0063,axis4_reasoning_termination,1435,4.629049540098078e-05
conditional-fit-0063,axis4_reasoning_termination,1436,1.69001490812982e-05
conditional-fit-0063,axis4_reasoning_termination,1437,8.148592685499947e-06
conditional-fit-0063,axis4_reasoning_termination,1438,1.3964201830288597e-05
conditional-fit-0063,axis4_reasoning_termination,1439,1.3842755118171382e-06
conditional-fit-0063,axis4_reasoning_termination,1440,4.654732778531735e-06
conditional-fit-0063,axis4_reasoning_termination,1441,6.776753055085396e-07
conditional-fit-0063,axis4_reasoning_termination,1442,5.748812280745496e-05
conditional-fit-0063,axis4_reasoning_termination,1443,1.86032031657718e-05
conditional-fit-0063,axis4_reasoning_termination,1444,6.899487354535644e-06
conditional-fit-0063,axis4_reasoning_termination,1445,3.095704332048043e-05
conditional-fit-0063,axis4_reasoning_termination,1446,1.3443952245133734e-06
conditional-fit-0063,axis4_reasoning_termination,1447,6.657321998269034e-06
conditional-fit-0063,axis4_reasoning_termination,1448,9.835531439468007e-07
conditional-fit-0063,axis4_reasoning_termination,1449,1.2627553988131044e-06
conditional-fit-0063,axis4_reasoning_termination,1450,1.5530597588484406e-05
conditional-fit-0063,axis4_reasoning_termination,1451,7.76883353366494e-06
conditional-fit-0063,axis4_reasoning_termination,1452,1.2698531275672836e-05
conditional-fit-0063,axis4_reasoning_termination,1453,8.37693619786023e-06
conditional-fit-0063,axis4_reasoning_termination,1454,1.5708403739808068e-05
conditional-fit-0063,axis4_reasoning_termination,1455,3.993935183920407e-06
conditional-fit-0063,axis4_reasoning_termination,1456,2.0828480742485962e-05
conditional-fit-0063,axis4_reasoning_termination,1457,5.613310538057649e-06
conditional-fit-0063,axis4_reasoning_termination,1458,1.1999271932320123e-05
conditional-fit-0063,axis4_reasoning_termination,1459,7.474514829406083e-06
conditional-fit-0063,axis4_reasoning_termination,1460,1.1921238928305043e-05
conditional-fit-0063,axis4_reasoning_termination,1461,3.189731307518012e-06
conditional-fit-0063,axis4_reasoning_termination,1462,3.6265878671583404e-06
conditional-fit-0063,axis4_reasoning_termination,1463,3.283423596202649e-05
conditional-fit-0063,axis4_reasoning_termination,1464,1.2557086211946726e-05
conditional-fit-0063,axis4_reasoning_termination,1465,9.012518451754954e-06
conditional-fit-0063,axis4_reasoning_termination,1466,5.620263079316397e-05
conditional-fit-0063,axis4_reasoning_termination,1467,0.0002660978687496947
conditional-fit-0063,axis4_reasoning_termination,1468,4.018696977638529e-05
conditional-fit-0063,axis4_reasoning_termination,1469,3.592769981513748e-06
conditional-fit-0063,axis4_reasoning_termination,1470,5.793537157232926e-06
conditional-fit-0063,axis4_reasoning_termination,1471,3.965738080054784e-05
conditional-fit-0063,axis4_reasoning_termination,1472,5.121834020424996e-06
conditional-fit-0063,axis4_reasoning_termination,1473,6.304044494658275e-06
conditional-fit-0063,axis4_reasoning_termination,1474,3.64252721488722e-05
conditional-fit-0063,axis4_reasoning_termination,1475,6.591699719925417e-06
conditional-fit-0063,axis4_reasoning_termination,1476,1.2369111299748002e-05
conditional-fit-0063,axis4_reasoning_termination,1477,8.540365477532837e-06
conditional-fit-0063,axis4_reasoning_termination,1478,2.7345829429816553e-05
conditional-fit-0063,axis4_reasoning_termination,1479,4.160578990050991e-06
conditional-fit-0063,axis4_reasoning_termination,1480,9.844624210545431e-06
conditional-fit-0063,axis4_reasoning_termination,1481,3.3969225045658857e-06
conditional-fit-0063,axis4_reasoning_termination,1482,1.3231425649512621e-05
conditional-fit-0063,axis4_reasoning_termination,1483,0.0010273366314444993
conditional-fit-0063,axis4_reasoning_termination,1484,8.174401621493423e-05
conditional-fit-0063,axis4_reasoning_termination,1485,0.015966486932539638
conditional-fit-0063,axis4_reasoning_termination,1486,0.18554055253669702
conditional-fit-0063,axis4_reasoning_termination,1487,0.0004209107948229446
conditional-fit-0063,axis4_reasoning_termination,1488,0.3688326552911895
conditional-fit-0063,axis4_reasoning_termination,1489,0.01071956556602633
conditional-fit-0063,axis4_reasoning_termination,1490,2.9662441317538955e-06
conditional-fit-0063,axis4_reasoning_termination,1491,1.7273515972032802e-05
conditional-fit-0063,axis4_reasoning_termination,1492,2.04787121147339e-06
conditional-fit-0063,axis4_reasoning_termination,1493,0.004613221925638854
conditional-fit-0063,axis4_reasoning_termination,1494,3.4413527098794364e-05
conditional-fit-0063,axis4_reasoning_termination,1495,0.00040690728215062044
conditional-fit-0063,axis4_reasoning_termination,1496,0.00214909321031359
conditional-fit-0063,axis4_reasoning_termination,1497,0.0005406258768767858
conditional-fit-0063,axis4_reasoning_termination,1498,2.4588145914910582e-05
conditional-fit-0063,axis4_reasoning_termination,1499,3.007997262485627e-06
conditional-fit-0063,axis4_reasoning_termination,1500,0.0015560020019720188
conditional-fit-0063,axis4_reasoning_termination,1501,3.052185632736014e-06
conditional-fit-0063,axis4_reasoning_termination,1502,4.730583172273627e-06
conditional-fit-0063,axis4_reasoning_termination,1503,5.451623947230147e-06
conditional-fit-0063,axis4_reasoning_termination,1504,2.349083674602232e-06
conditional-fit-0063,axis4_reasoning_termination,1505,1.0064530877592294e-05
conditional-fit-0063,axis4_reasoning_termination,1506,6.46225517966523e-06
conditional-fit-0063,axis4_reasoning_termination,1507,5.704454291436299e-06
conditional-fit-0063,axis4_reasoning_termination,1508,4.1592902403149226e-05
conditional-fit-0063,axis4_reasoning_termination,1509,3.1172731347419784e-06
conditional-fit-0063,axis4_reasoning_termination,1510,8.912030886335722e-06
conditional-fit-0063,axis4_reasoning_termination,1511,8.772830527725656e-07
conditional-fit-0063,axis4_reasoning_termination,1512,3.296135384307524e-06
conditional-fit-0063,axis4_reasoning_termination,1513,1.699428700531267e-05
conditional-fit-0063,axis4_reasoning_termination,1514,1.3292880130016206e-05
conditional-fit-0063,axis4_reasoning_termination,1515,0.00017835254374244075
conditional-fit-0063,axis4_reasoning_termination,1516,1.5499384503256127e-06
conditional-fit-0063,axis4_reasoning_termination,1517,4.7015035319468334e-05
conditional-fit-0063,axis4_reasoning_termination,1518,5.297752184199928e-06
conditional-fit-0063,axis4_reasoning_termination,1519,7.216354601851961e-06
conditional-fit-0063,axis4_reasoning_termination,1520,1.6961473324201088e-05
conditional-fit-0063,axis4_reasoning_termination,1521,2.0584507167948773e-05
conditional-fit-0063,axis4_reasoning_termination,1522,1.3124851510745332e-05
conditional-fit-0063,axis4_reasoning_termination,1523,2.940669097553817e-05
conditional-fit-0063,axis4_reasoning_termination,1524,4.4462510421606256e-05
conditional-fit-0063,axis4_reasoning_termination,1525,4.140567141985882e-06
conditional-fit-0063,axis4_reasoning_termination,1526,7.927263712301476e-06
conditional-fit-0063,axis4_reasoning_termination,1527,3.225296513687216e-05
conditional-fit-0063,axis4_reasoning_termination,1528,1.3191473872262049e-05
conditional-fit-0063,axis4_reasoning_termination,1529,1.1233027769257328e-05
conditional-fit-0063,axis4_reasoning_termination,1530,1.787141534919582e-05
conditional-fit-0063,axis4_reasoning_termination,1531,3.536080105104811e-06
conditional-fit-0063,axis4_reasoning_termination,1532,7.085319435411078e-06
conditional-fit-0063,axis4_reasoning_termination,1533,9.532603686016192e-05
conditional-fit-0063,axis4_reasoning_termination,1534,2.4974927999490273e-05
conditional-fit-0063,axis4_reasoning_termination,1535,1.2471163590023543e-05
conditional-fit-0063,axis4_reasoning_termination,1536,8.411671340110477e-05
conditional-fit-0063,axis4_reasoning_termination,1537,0.0017970869895137676
conditional-fit-0063,axis4_reasoning_termination,1538,0.0003213040528353378
conditional-fit-0063,axis4_reasoning_termination,1539,1.851947086579657e-05
conditional-fit-0063,axis4_reasoning_termination,1540,2.3329550929706694e-05
conditional-fit-0063,axis4_reasoning_termination,1541,5.367130766229808e-05
conditional-fit-0063,axis4_reasoning_termination,1542,5.824699758316417e-06
conditional-fit-0063,axis4_reasoning_termination,1543,5.971166762970361e-07
conditional-fit-0063,axis4_reasoning_termination,1544,6.34910128459877e-05
conditional-fit-0063,axis4_reasoning_termination,1545,8.156241286508033e-06
conditional-fit-0063,axis4_reasoning_termination,1546,5.408523470557986e-05
conditional-fit-0063,axis4_reasoning_termination,1547,2.7220566633484424e-05
conditional-fit-0063,axis4_reasoning_termination,1548,6.048178831261967e-06
conditional-fit-0063,axis4_reasoning_termination,1549,2.8252400301216384e-06
conditional-fit-0063,axis4_reasoning_termination,1550,3.853246301951825e-05
conditional-fit-0063,axis4_reasoning_termination,1551,3.8113507787137663e-06
conditional-fit-0063,axis4_reasoning_termination,1552,4.131449269808773e-05
conditional-fit-0063,axis4_reasoning_termination,1553,0.0005600333214541104
conditional-fit-0063,axis4_reasoning_termination,1554,3.214117446303316e-05
conditional-fit-0063,axis4_reasoning_termination,1555,0.03219369821313046
conditional-fit-0063,axis4_reasoning_termination,1556,0.02828863643610547
conditional-fit-0063,axis4_reasoning_termination,1557,0.000953460539915581
conditional-fit-0063,axis4_reasoning_termination,1558,0.20053310764249688
conditional-fit-0063,axis4_reasoning_termination,1559,0.002980985127463951
conditional-fit-0063,axis4_reasoning_termination,1560,8.394400410719775e-06
conditional-fit-0063,axis4_reasoning_termination,1561,2.981254492265588e-05
conditional-fit-0063,axis4_reasoning_termination,1562,1.7884549858352232e-06
conditional-fit-0063,axis4_reasoning_termination,1563,0.025196673002552898
conditional-fit-0063,axis4_reasoning_termination,1564,2.823864372856711e-05
conditional-fit-0063,axis4_reasoning_termination,1565,0.0011492874725672893
conditional-fit-0063,axis4_reasoning_termination,1566,0.0008662330979258785
conditional-fit-0063,axis4_reasoning_termination,1567,0.0005024451775368255
conditional-fit-0063,axis4_reasoning_termination,1568,1.5528451693728466e-05
conditional-fit-0063,axis4_reasoning_termination,1569,9.105058058486058e-06
conditional-fit-0063,axis4_reasoning_termination,1570,3.294659992476728e-05
conditional-fit-0063,axis4_reasoning_termination,1571,3.4164756191324713e-06
conditional-fit-0063,axis4_reasoning_termination,1572,6.552466657714637e-06
conditional-fit-0063,axis4_reasoning_termination,1573,6.273114146374131e-06
conditional-fit-0063,axis4_reasoning_termination,1574,8.806977334601216e-07
conditional-fit-0063,axis4_reasoning_termination,1575,7.05600498983385e-06
conditional-fit-0063,axis4_reasoning_termination,1576,9.08676641429306e-06
conditional-fit-0063,axis4_reasoning_termination,1577,1.1153348331379396e-05
conditional-fit-0063,axis4_reasoning_termination,1578,2.02194840351181e-05
conditional-fit-0063,axis4_reasoning_termination,1579,3.7172752932994753e-06
conditional-fit-0063,axis4_reasoning_termination,1580,1.0281970724826958e-05
conditional-fit-0063,axis4_reasoning_termination,1581,2.128911925015448e-06
conditional-fit-0063,axis4_reasoning_termination,1582,2.089665003423677e-06
conditional-fit-0063,axis4_reasoning_termination,1583,9.885424709596044e-06
conditional-fit-0063,axis4_reasoning_termination,1584,3.153538092591707e-05
conditional-fit-0063,axis4_reasoning_termination,1585,2.4881097117597467e-05
conditional-fit-0063,axis4_reasoning_termination,1586,2.256595220077491e-06
conditional-fit-0063,axis4_reasoning_termination,1587,1.6737774485044174e-05
conditional-fit-0063,axis4_reasoning_termination,1588,8.100480184364727e-06
conditional-fit-0063,axis4_reasoning_termination,1589,1.916007037282525e-05
conditional-fit-0063,axis4_reasoning_termination,1590,1.4388146113350872e-05
conditional-fit-0063,axis4_reasoning_termination,1591,2.4490150662731725e-05
conditional-fit-0063,axis4_reasoning_termination,1592,1.101848651055373e-05
conditional-fit-0063,axis4_reasoning_termination,1593,3.9365991183772544e-05
conditional-fit-0063,axis4_reasoning_termination,1594,5.558384085983975e-05
conditional-fit-0063,axis4_reasoning_termination,1595,3.939992212330107e-06
conditional-fit-0063,axis4_reasoning_termination,1596,4.397384658693652e-06
conditional-fit-0063,axis4_reasoning_termination,1597,1.1592755467567388e-05
conditional-fit-0063,axis4_reasoning_termination,1598,1.545607445302189e-05
conditional-fit-0063,axis4_reasoning_termination,1599,1.6844769992145402e-05
conditional-fit-0063,axis4_reasoning_termination,1600,1.72258735159e-06
conditional-fit-0063,axis4_reasoning_termination,1601,4.529835309215641e-06
conditional-fit-0063,axis4_reasoning_termination,1602,1.3971320350909444e-05
conditional-fit-0063,axis4_reasoning_termination,1603,6.840172580647223e-05
conditional-fit-0063,axis4_reasoning_termination,1604,1.0319006856850957e-05
conditional-fit-0063,axis4_reasoning_termination,1605,9.121966221157797e-06
conditional-fit-0063,axis4_reasoning_termination,1606,2.9587148872537236e-05
conditional-fit-0063,axis4_reasoning_termination,1607,0.00037184661356320784
conditional-fit-0063,axis4_reasoning_termination,1608,0.00010496500942441932
conditional-fit-0063,axis4_reasoning_termination,1609,1.129232408164983e-05
conditional-fit-0063,axis4_reasoning_termination,1610,3.044966011793593e-05
conditional-fit-0063,axis4_reasoning_termination,1611,6.624718627995573e-05
conditional-fit-0063,axis4_reasoning_termination,1612,3.876531138858361e-06
conditional-fit-0063,axis4_reasoning_termination,1613,4.1144597312831156e-06
conditional-fit-0063,axis4_reasoning_termination,1614,4.158468530714544e-05
conditional-fit-0063,axis4_reasoning_termination,1615,8.198012802123316e-06
conditional-fit-0063,axis4_reasoning_termination,1616,0.000104631565101185
conditional-fit-0063,axis4_reasoning_termination,1617,4.380407531178605e-05
conditional-fit-0063,axis4_reasoning_termination,1618,7.65592452685798e-06
conditional-fit-0063,axis4_reasoning_termination,1619,4.567371219305919e-06
conditional-fit-0063,axis4_reasoning_termination,1620,1.0553348452566442e-05
conditional-fit-0063,axis4_reasoning_termination,1621,2.386172945773759e-06
conditional-fit-0063,axis4_reasoning_termination,1622,2.542205104633488e-05
conditional-fit-0063,axis4_reasoning_termination,1623,0.00037781106831724854
conditional-fit-0063,axis4_reasoning_termination,1624,7.181195017950739e-05
conditional-fit-0063,axis4_reasoning_termination,1625,0.013877228083166177
conditional-fit-0063,axis4_reasoning_termination,1626,0.02717338634478353
conditional-fit-0063,axis4_reasoning_termination,1627,0.0002508756847720787
conditional-fit-0063,axis4_reasoning_termination,1628,0.22883155297721153
conditional-fit-0063,axis4_reasoning_termination,1629,0.002118423694293574
conditional-fit-0063,axis4_reasoning_termination,1630,3.504250733313887e-06
conditional-fit-0063,axis4_reasoning_termination,1631,6.890378493160054e-05
conditional-fit-0063,axis4_reasoning_termination,1632,2.8220228075424133e-06
conditional-fit-0063,axis4_reasoning_termination,1633,0.011826197545626294
conditional-fit-0063,axis4_reasoning_termination,1634,3.14284252560403e-05
conditional-fit-0063,axis4_reasoning_termination,1635,0.0002519675176374385
conditional-fit-0063,axis4_reasoning_termination,1636,0.0015531388795251254
conditional-fit-0063,axis4_reasoning_termination,1637,0.00025343125095518657
conditional-fit-0063,axis4_reasoning_termination,1638,1.2772007532643536e-05
conditional-fit-0063,axis4_reasoning_termination,1639,4.452397314843334e-06
conditional-fit-0063,axis4_reasoning_termination,1640,4.315419962744886e-05
conditional-fit-0063,axis4_reasoning_termination,1641,1.9292812397842984e-06
conditional-fit-0063,axis4_reasoning_termination,1642,7.031989624372356e-06
conditional-fit-0063,axis4_reasoning_termination,1643,5.829320090646432e-06
conditional-fit-0063,axis4_reasoning_termination,1644,1.3673889437435592e-06
conditional-fit-0063,axis4_reasoning_termination,1645,2.6939738106323554e-06
conditional-fit-0063,axis4_reasoning_termination,1646,4.735826303319174e-06
conditional-fit-0063,axis4_reasoning_termination,1647,7.91481949547345e-06
conditional-fit-0063,axis4_reasoning_termination,1648,5.792648018146772e-06
conditional-fit-0063,axis4_reasoning_termination,1649,2.369653332714401e-06
conditional-fit-0063,axis4_reasoning_termination,1650,1.0978139259440897e-05
conditional-fit-0063,axis4_reasoning_termination,1651,1.432682868007173e-06
conditional-fit-0063,axis4_reasoning_termination,1652,1.0653653719435198e-06
conditional-fit-0063,axis4_reasoning_termination,1653,1.1223815547706725e-05
conditional-fit-0063,axis4_reasoning_termination,1654,1.7243363792419777e-05
conditional-fit-0063,axis4_reasoning_termination,1655,9.168988105394827e-05
conditional-fit-0063,axis4_reasoning_termination,1656,2.65040707432269e-06
conditional-fit-0063,axis4_reasoning_termination,1657,1.80199492640458e-05
conditional-fit-0063,axis4_reasoning_termination,1658,3.9740569566569045e-06
conditional-fit-0063,axis4_reasoning_termination,1659,3.986275589459811e-06
conditional-fit-0063,axis4_reasoning_termination,1660,2.2054411062914267e-05
conditional-fit-0063,axis4_reasoning_termination,1661,1.8936635856793745e-05
conditional-fit-0063,axis4_reasoning_termination,1662,9.248337388628644e-06
conditional-fit-0063,axis4_reasoning_termination,1663,2.3598901530033145e-05
conditional-fit-0063,axis4_reasoning_termination,1664,5.185333324695534e-05
conditional-fit-0063,axis4_reasoning_termination,1665,3.82347328189913e-06
conditional-fit-0063,axis4_reasoning_termination,1666,8.385985617193147e-06
conditional-fit-0063,axis4_reasoning_termination,1667,1.3110141900749043e-05
conditional-fit-0063,axis4_reasoning_termination,1668,6.791370592417884e-06
conditional-fit-0063,axis4_reasoning_termination,1669,7.214449562367253e-06
conditional-fit-0063,axis4_reasoning_termination,1670,1.6548468980041667e-06
conditional-fit-0063,axis4_reasoning_termination,1671,2.011173624750475e-06
conditional-fit-0063,axis4_reasoning_termination,1672,6.309032480882378e-06
conditional-fit-0063,axis4_reasoning_termination,1673,3.891102035327135e-05
conditional-fit-0063,axis4_reasoning_termination,1674,8.900734077039443e-06
conditional-fit-0063,axis4_reasoning_termination,1675,6.737107530397877e-06
conditional-fit-0063,axis4_reasoning_termination,1676,3.3404590149143726e-05
conditional-fit-0063,axis4_reasoning_termination,1677,0.001274904656978478
conditional-fit-0063,axis4_reasoning_termination,1678,0.0001242790604967156
conditional-fit-0063,axis4_reasoning_termination,1679,4.475368861649178e-06
conditional-fit-0063,axis4_reasoning_termination,1680,8.727164538413332e-06
conditional-fit-0063,axis4_reasoning_termination,1681,5.6749535704413224e-05
conditional-fit-0063,axis4_reasoning_termination,1682,4.1802546216777475e-06
conditional-fit-0063,axis4_reasoning_termination,1683,1.0776908343716426e-06
conditional-fit-0063,axis4_reasoning_termination,1684,2.7167181723239442e-05
conditional-fit-0063,axis4_reasoning_termination,1685,4.52642727993667e-06
conditional-fit-0063,axis4_reasoning_termination,1686,1.0108681423592732e-05
conditional-fit-0063,axis4_reasoning_termination,1687,8.970445838374242e-06
conditional-fit-0063,axis4_reasoning_termination,1688,2.2975388027326856e-06
conditional-fit-0063,axis4_reasoning_termination,1689,1.8493245515420772e-06
conditional-fit-0063,axis4_reasoning_termination,1690,7.68072508535497e-06
conditional-fit-0063,axis4_reasoning_termination,1691,1.8354633178915749e-06
conditional-fit-0063,axis4_reasoning_termination,1692,2.546324197689599e-05
conditional-fit-0063,axis4_reasoning_termination,1693,0.0011566473944517996
conditional-fit-0063,axis4_reasoning_termination,1694,1.0957863306080091e-05
conditional-fit-0063,axis4_reasoning_termination,1695,0.01367993395181197
conditional-fit-0063,axis4_reasoning_termination,1696,0.017419606084459097
conditional-fit-0063,axis4_reasoning_termination,1697,0.16874150431241036
conditional-fit-0063,axis4_reasoning_termination,1698,0.0002717534060666792
conditional-fit-0063,axis4_reasoning_termination,1699,0.34509915678620173
conditional-fit-0063,axis4_reasoning_termination,1700,0.00839525455371845
conditional-fit-0063,axis4_reasoning_termination,1701,2.465497598486801e-06
conditional-fit-0063,axis4_reasoning_termination,1702,1.3043584730548232e-05
conditional-fit-0063,axis4_reasoning_termination,1703,6.116196896648976e-06
conditional-fit-0063,axis4_reasoning_termination,1704,0.011887502569570047
conditional-fit-0063,axis4_reasoning_termination,1705,6.764187282283587e-08
conditional-fit-0063,axis4_reasoning_termination,1706,3.1535349859152213e-06
conditional-fit-0063,axis4_reasoning_termination,1707,2.7119188983059512e-06
conditional-fit-0063,axis4_reasoning_termination,1708,5.766133945359843e-07
conditional-fit-0063,axis4_reasoning_termination,1709,3.000787798522213e-05
conditional-fit-0063,axis4_reasoning_termination,1710,0.0001781589741115586
conditional-fit-0063,axis4_reasoning_termination,1711,0.003430170980235812
conditional-fit-0063,axis4_reasoning_termination,1712,0.0005066891115845443
conditional-fit-0063,axis4_reasoning_termination,1713,1.572456590845727e-05
conditional-fit-0063,axis4_reasoning_termination,1714,1.2270165519036536e-05
conditional-fit-0063,axis4_reasoning_termination,1715,0.00014365594347190912
conditional-fit-0063,axis4_reasoning_termination,1716,2.339706276783353e-06
conditional-fit-0063,axis4_reasoning_termination,1717,2.0796396423921923e-05
conditional-fit-0063,axis4_reasoning_termination,1718,7.147554967512589e-06
conditional-fit-0063,axis4_reasoning_termination,1719,6.809106400513217e-06
conditional-fit-0063,axis4_reasoning_termination,1720,1.1457236222153182e-05
conditional-fit-0063,axis4_reasoning_termination,1721,6.391183055375983e-06
conditional-fit-0063,axis4_reasoning_termination,1722,1.8186015363052966e-06
conditional-fit-0063,axis4_reasoning_termination,1723,2.1462759459657386e-05
conditional-fit-0063,axis4_reasoning_termination,1724,1.0777756216016693e-05
conditional-fit-0063,axis4_reasoning_termination,1725,0.00013096071795707504
conditional-fit-0063,axis4_reasoning_termination,1726,1.837780661158167e-05
conditional-fit-0063,axis4_reasoning_termination,1727,5.769260242650103e-06
conditional-fit-0063,axis4_reasoning_termination,1728,1.3741673637847116e-05
conditional-fit-0063,axis4_reasoning_termination,1729,2.2607224971124546e-05
conditional-fit-0063,axis4_reasoning_termination,1730,1.6523304104976028e-05
conditional-fit-0063,axis4_reasoning_termination,1731,3.4974944554853076e-05
conditional-fit-0063,axis4_reasoning_termination,1732,1.9557413368363237e-05
conditional-fit-0063,axis4_reasoning_termination,1733,6.071192701591912e-06
conditional-fit-0063,axis4_reasoning_termination,1734,0.0001637937991511309
conditional-fit-0063,axis4_reasoning_termination,1735,5.408338432488219e-06
conditional-fit-0063,axis4_reasoning_termination,1736,3.7431430307631535e-05
conditional-fit-0063,axis4_reasoning_termination,1737,4.225866398371286e-05
conditional-fit-0063,axis4_reasoning_termination,1738,2.891754197584072e-05
conditional-fit-0063,axis4_reasoning_termination,1739,0.0024032026482744633
conditional-fit-0063,axis4_reasoning_termination,1740,0.0009484222227577003
conditional-fit-0063,axis4_reasoning_termination,1741,0.00028352188093347695
conditional-fit-0063,axis4_reasoning_termination,1742,0.0008499711326781014
conditional-fit-0063,axis4_reasoning_termination,1743,2.4465248947292716e-05
conditional-fit-0063,axis4_reasoning_termination,1744,0.015835123137013834
conditional-fit-0063,axis4_reasoning_termination,1745,0.013886005448956157
conditional-fit-0063,axis4_reasoning_termination,1746,0.0592066080928025
conditional-fit-0063,axis4_reasoning_termination,1747,0.00014640881696657737
conditional-fit-0063,axis4_reasoning_termination,1748,0.24253978086855793
conditional-fit-0063,axis4_reasoning_termination,1749,0.0037942590308311062
conditional-fit-0063,axis4_reasoning_termination,1750,2.436056227899975e-06
conditional-fit-0063,axis4_reasoning_termination,1751,2.0554354984824545e-05
conditional-fit-0063,axis4_reasoning_termination,1752,2.2322447398111875e-06
conditional-fit-0063,axis4_reasoning_termination,1753,0.001382928519727965
conditional-fit-0063,axis4_reasoning_termination,1754,1.393802877921786e-06
conditional-fit-0063,axis4_reasoning_termination,1755,1.7502604514062986e-07
conditional-fit-0063,axis4_reasoning_termination,1756,5.630877615703378e-06
conditional-fit-0063,axis4_reasoning_termination,1757,6.8693881178935535e-06
conditional-fit-0063,axis4_reasoning_termination,1758,3.18204195952004e-05
conditional-fit-0063,axis4_reasoning_termination,1759,0.007195427303221862
conditional-fit-0063,axis4_reasoning_termination,1760,0.000258283493841841
conditional-fit-0063,axis4_reasoning_termination,1761,2.8317731297900362e-05
conditional-fit-0063,axis4_reasoning_termination,1762,5.383377321606102e-06
conditional-fit-0063,axis4_reasoning_termination,1763,7.335259084869688e-05
conditional-fit-0063,axis4_reasoning_termination,1764,2.548660655847339e-05
conditional-fit-0063,axis4_reasoning_termination,1765,3.8051282921879743e-06
conditional-fit-0063,axis4_reasoning_termination,1766,1.4401628438519458e-05
conditional-fit-0063,axis4_reasoning_termination,1767,1.5433177916356004e-05
conditional-fit-0063,axis4_reasoning_termination,1768,2.1055089185160594e-06
conditional-fit-0063,axis4_reasoning_termination,1769,3.8215336560704815e-05
conditional-fit-0063,axis4_reasoning_termination,1770,7.023524039262664e-07
conditional-fit-0063,axis4_reasoning_termination,1771,8.775563939683288e-06
conditional-fit-0063,axis4_reasoning_termination,1772,7.411100914406596e-06
conditional-fit-0063,axis4_reasoning_termination,1773,4.276177915178726e-05
conditional-fit-0063,axis4_reasoning_termination,1774,7.969904522256465e-06
conditional-fit-0063,axis4_reasoning_termination,1775,1.8123053190686372e-05
conditional-fit-0063,axis4_reasoning_termination,1776,7.524385993334112e-06
conditional-fit-0063,axis4_reasoning_termination,1777,7.911737435805076e-06
conditional-fit-0063,axis4_reasoning_termination,1778,4.0920842178384036e-07
conditional-fit-0063,axis4_reasoning_termination,1779,2.033505946044861e-05
conditional-fit-0063,axis4_reasoning_termination,1780,2.2888872274813748e-05
conditional-fit-0063,axis4_reasoning_termination,1781,1.240402128408362e-05
conditional-fit-0063,axis4_reasoning_termination,1782,2.9746656673222953e-05
conditional-fit-0063,axis4_reasoning_termination,1783,8.087895092111278e-06
conditional-fit-0063,axis4_reasoning_termination,1784,0.027655468840324316
conditional-fit-0063,axis4_reasoning_termination,1785,0.2172801938862466
conditional-fit-0063,axis4_reasoning_termination,1786,0.00013059612757430805
conditional-fit-0063,axis4_reasoning_termination,1787,0.12984953135681923
conditional-fit-0063,axis4_reasoning_termination,1788,0.0036752360992434625
conditional-fit-0063,axis4_reasoning_termination,1789,6.075469362788577e-05
conditional-fit-0063,axis4_reasoning_termination,1790,0.014744036323205756
conditional-fit-0063,axis4_reasoning_termination,1791,9.488691675389738e-05
conditional-fit-0063,axis4_reasoning_termination,1792,6.329131384981049e-06
conditional-fit-0063,axis4_reasoning_termination,1793,1.517511138581423e-05
conditional-fit-0063,axis4_reasoning_termination,1794,6.932924581974444e-06
conditional-fit-0063,axis4_reasoning_termination,1795,2.6033668037827155e-06
conditional-fit-0063,axis4_reasoning_termination,1796,4.277566158276555e-05
conditional-fit-0063,axis4_reasoning_termination,1797,1.0240193854813673e-06
conditional-fit-0063,axis4_reasoning_termination,1798,7.366829557081334e-06
conditional-fit-0063,axis4_reasoning_termination,1799,1.3274390003623342e-06
conditional-fit-0063,axis4_reasoning_termination,1800,3.0096048849978805e-06
conditional-fit-0063,axis4_reasoning_termination,1801,5.242043522814767e-06
conditional-fit-0063,axis4_reasoning_termination,1802,5.156556382634799e-05
conditional-fit-0063,axis4_reasoning_termination,1803,5.547163869458467e-06
conditional-fit-0063,axis4_reasoning_termination,1804,3.166644315799211e-06
conditional-fit-0063,axis4_reasoning_termination,1805,1.3082289191539626e-05
conditional-fit-0063,axis4_reasoning_termination,1806,2.1302054367043564e-06
conditional-fit-0063,axis4_reasoning_termination,1807,3.6955523117519904e-05
conditional-fit-0063,axis4_reasoning_termination,1808,0.0015311002048385087
conditional-fit-0063,axis4_reasoning_termination,1809,0.0018661787568249781
conditional-fit-0063,axis4_reasoning_termination,1810,0.0036490953368706995
conditional-fit-0063,axis4_reasoning_termination,1811,3.3391684794770352e-06
conditional-fit-0063,axis4_reasoning_termination,1812,1.246510731691601e-06
conditional-fit-0063,axis4_reasoning_termination,1813,4.557460079704444e-06
conditional-fit-0063,axis4_reasoning_termination,1814,3.5170215504765057e-07
conditional-fit-0063,axis4_reasoning_termination,1815,1.4999055731193512e-06
conditional-fit-0063,axis4_reasoning_termination,1816,1.6361563094534465e-06
conditional-fit-0063,axis4_reasoning_termination,1817,7.871556104695345e-07
conditional-fit-0063,axis4_reasoning_termination,1818,1.2201388484134083e-06
conditional-fit-0063,axis4_reasoning_termination,1819,6.722464405262661e-07
conditional-fit-0063,axis4_reasoning_termination,1820,2.83919253463075e-06
conditional-fit-0063,axis4_reasoning_termination,1821,6.13015773896498e-07
conditional-fit-0063,axis4_reasoning_termination,1822,2.2899964782664417e-06
conditional-fit-0063,axis4_reasoning_termination,1823,4.734249213547588e-06
conditional-fit-0063,axis4_reasoning_termination,1824,9.635718836070451e-06
conditional-fit-0063,axis4_reasoning_termination,1825,4.7409231897470525e-06
conditional-fit-0063,axis4_reasoning_termination,1826,2.1476755638313923e-05
conditional-fit-0063,axis4_reasoning_termination,1827,5.697262024690455e-06
conditional-fit-0063,axis4_reasoning_termination,1828,5.920358514175198e-06
conditional-fit-0063,axis4_reasoning_termination,1829,2.2632671236498537e-06
conditional-fit-0063,axis4_reasoning_termination,1830,3.3329301399689265e-06
conditional-fit-0063,axis4_reasoning_termination,1831,9.29168963671256e-06
conditional-fit-0063,axis4_reasoning_termination,1832,2.9899610981783228e-06
conditional-fit-0063,axis4_reasoning_termination,1833,3.1739940631760047e-06
conditional-fit-0063,axis4_reasoning_termination,1834,8.686935221655317e-07
conditional-fit-0063,axis4_reasoning_termination,1835,4.060012160105104e-05
conditional-fit-0063,axis4_reasoning_termination,1836,2.362442471144943e-06
conditional-fit-0063,axis4_reasoning_termination,1837,9.333935504774509e-07
conditional-fit-0063,axis4_reasoning_termination,1838,9.362999081113226e-06
conditional-fit-0063,axis4_reasoning_termination,1839,6.930418391331595e-06
conditional-fit-0063,axis4_reasoning_termination,1840,2.5983751624151697e-06
conditional-fit-0063,axis4_reasoning_termination,1841,7.610057955506786e-07
conditional-fit-0063,axis4_reasoning_termination,1842,1.4522864671270286e-05
conditional-fit-0063,axis4_reasoning_termination,1843,6.854983474946947e-07
conditional-fit-0063,axis4_reasoning_termination,1844,9.587705722954394e-07
conditional-fit-0063,axis4_reasoning_termination,1845,1.5260237449814164e-05
conditional-fit-0063,axis4_reasoning_termination,1846,1.438326361746682e-06
conditional-fit-0063,axis4_reasoning_termination,1847,1.2520558124660673e-05
conditional-fit-0063,axis4_reasoning_termination,1848,0.00011879992955344329
conditional-fit-0063,axis4_reasoning_termination,1849,5.4926222452799e-05
conditional-fit-0063,axis4_reasoning_termination,1850,0.03022097369474982
conditional-fit-0063,axis4_reasoning_termination,1851,0.038948239752610504
conditional-fit-0063,axis4_reasoning_termination,1852,0.28303183894485945
conditional-fit-0063,axis4_reasoning_termination,1853,6.174876335396815e-05
conditional-fit-0063,axis4_reasoning_termination,1854,0.14309777393829531
conditional-fit-0063,axis4_reasoning_termination,1855,0.008190661951668683
conditional-fit-0063,axis4_reasoning_termination,1856,1.8336076247215097e-06
conditional-fit-0063,axis4_reasoning_termination,1857,7.857362177625994e-06
conditional-fit-0063,axis4_reasoning_termination,1858,3.3719562526938117e-06
conditional-fit-0063,axis4_reasoning_termination,1859,0.007920243652327772
conditional-fit-0063,axis4_reasoning_termination,1860,8.734581192168056e-06
conditional-fit-0063,axis4_reasoning_termination,1861,0.00015558290309392468
conditional-fit-0063,axis4_reasoning_termination,1862,0.0019002737149637734
conditional-fit-0063,axis4_reasoning_termination,1863,0.00014430708586516522
conditional-fit-0063,axis4_reasoning_termination,1864,5.101997869121118e-06
conditional-fit-0063,axis4_reasoning_termination,1865,3.825616979150933e-06
conditional-fit-0063,axis4_reasoning_termination,1866,3.765756304930639e-05
conditional-fit-0063,axis4_reasoning_termination,1867,1.7146989795406671e-06
conditional-fit-0063,axis4_reasoning_termination,1868,4.495536310387133e-06
conditional-fit-0063,axis4_reasoning_termination,1869,1.8850636810383196e-06
conditional-fit-0063,axis4_reasoning_termination,1870,9.851722236130702e-07
conditional-fit-0063,axis4_reasoning_termination,1871,8.408742692441782e-06
conditional-fit-0063,axis4_reasoning_termination,1872,3.1392885574738608e-06
conditional-fit-0063,axis4_reasoning_termination,1873,4.854577206494469e-06
conditional-fit-0063,axis4_reasoning_termination,1874,2.9340223919746095e-06
conditional-fit-0063,axis4_reasoning_termination,1875,5.515158030805975e-07
conditional-fit-0063,axis4_reasoning_termination,1876,3.474530616595336e-06
conditional-fit-0063,axis4_reasoning_termination,1877,1.6966144157038864e-06
conditional-fit-0063,axis4_reasoning_termination,1878,1.8008752912403598e-06
conditional-fit-0063,axis4_reasoning_termination,1879,1.261870739791624e-05
conditional-fit-0063,axis4_reasoning_termination,1880,4.827869748354304e-06
conditional-fit-0063,axis4_reasoning_termination,1881,5.299296413322658e-05
conditional-fit-0063,axis4_reasoning_termination,1882,1.0856922931158471e-06
conditional-fit-0063,axis4_reasoning_termination,1883,1.4749433621931682e-05
conditional-fit-0063,axis4_reasoning_termination,1884,2.4889405834990857e-06
conditional-fit-0063,axis4_reasoning_termination,1885,9.101189662017836e-06
conditional-fit-0063,axis4_reasoning_termination,1886,1.1210942494251437e-05
conditional-fit-0063,axis4_reasoning_termination,1887,1.405936192098713e-05
conditional-fit-0063,axis4_reasoning_termination,1888,6.881675534204261e-06
conditional-fit-0063,axis4_reasoning_termination,1889,2.0578558802589984e-05
conditional-fit-0063,axis4_reasoning_termination,1890,1.347832499416852e-05
conditional-fit-0063,axis4_reasoning_termination,1891,1.2500319229186852e-06
conditional-fit-0063,axis4_reasoning_termination,1892,2.556908339838684e-06
conditional-fit-0063,axis4_reasoning_termination,1893,1.545754704660702e-05
conditional-fit-0063,axis4_reasoning_termination,1894,3.1094440309556883e-06
conditional-fit-0063,axis4_reasoning_termination,1895,4.238260283835532e-06
conditional-fit-0063,axis4_reasoning_termination,1896,2.572463301265053e-05
conditional-fit-0063,axis4_reasoning_termination,1897,7.842171696004292e-07
conditional-fit-0063,axis4_reasoning_termination,1898,3.5489153058113533e-06
conditional-fit-0063,axis4_reasoning_termination,1899,1.8985697041669676e-05
conditional-fit-0063,axis4_reasoning_termination,1900,1.112629901292135e-05
conditional-fit-0063,axis4_reasoning_termination,1901,3.2204513785702e-06
conditional-fit-0063,axis4_reasoning_termination,1902,4.305600375118916e-06
conditional-fit-0063,axis4_reasoning_termination,1903,5.955714411402885e-05
conditional-fit-0063,axis4_reasoning_termination,1904,7.562119291098848e-06
conditional-fit-0063,axis4_reasoning_termination,1905,1.6308215409612747e-06
conditional-fit-0063,axis4_reasoning_termination,1906,5.779975696894276e-06
conditional-fit-0063,axis4_reasoning_termination,1907,2.4382560181366644e-05
conditional-fit-0063,axis4_reasoning_termination,1908,2.5306807329234334e-06
conditional-fit-0063,axis4_reasoning_termination,1909,5.610038564083424e-06
conditional-fit-0063,axis4_reasoning_termination,1910,2.0045706856178735e-05
conditional-fit-0063,axis4_reasoning_termination,1911,2.81863312603009e-06
conditional-fit-0063,axis4_reasoning_termination,1912,5.336866844934358e-06
conditional-fit-0063,axis4_reasoning_termination,1913,3.118575329700665e-05
conditional-fit-0063,axis4_reasoning_termination,1914,3.318857403425033e-06
conditional-fit-0063,axis4_reasoning_termination,1915,7.598791783371288e-07
conditional-fit-0063,axis4_reasoning_termination,1916,2.163783106392909e-05
conditional-fit-0063,axis4_reasoning_termination,1917,9.800365974118958e-07
conditional-fit-0063,axis4_reasoning_termination,1918,1.6444413307783747e-05
conditional-fit-0063,axis4_reasoning_termination,1919,4.23436735206604e-05
conditional-fit-0063,axis4_reasoning_termination,1920,1.5770412588248858e-05
conditional-fit-0063,axis4_reasoning_termination,1921,0.008135092956377384
conditional-fit-0063,axis4_reasoning_termination,1922,0.18890740763340275
conditional-fit-0063,axis4_reasoning_termination,1923,0.15297976422589385
conditional-fit-0063,axis4_reasoning_termination,1924,0.0026700198237831624
conditional-fit-0063,axis4_reasoning_termination,1925,1.386577864457522e-06
conditional-fit-0063,axis4_reasoning_termination,1926,0.001008913068884229
conditional-fit-0063,axis4_reasoning_termination,1927,5.30909426745066e-07
conditional-fit-0063,axis4_reasoning_termination,1928,0.013326661498658167
conditional-fit-0063,axis4_reasoning_termination,1929,2.0519580618134022e-07
conditional-fit-0063,axis4_reasoning_termination,1930,2.0007571192852294e-06
conditional-fit-0063,axis4_reasoning_termination,1931,0.00041760201326282784
conditional-fit-0063,axis4_reasoning_termination,1932,6.364672000430545e-07
conditional-fit-0063,axis4_reasoning_termination,1933,7.902877065365218e-06
conditional-fit-0063,axis4_reasoning_termination,1934,0.0002975394985432969
conditional-fit-0063,axis4_reasoning_termination,1935,0.0022410024159146454
conditional-fit-0063,axis4_reasoning_termination,1936,0.00025420738166126574
conditional-fit-0063,axis4_reasoning_termination,1937,7.535315869409489e-06
conditional-fit-0063,axis4_reasoning_termination,1938,1.8159367439261846e-06
conditional-fit-0063,axis4_reasoning_termination,1939,2.9169515026122825e-05
conditional-fit-0063,axis4_reasoning_termination,1940,8.089268757012304e-07
conditional-fit-0063,axis4_reasoning_termination,1941,1.26754437078917e-06
conditional-fit-0063,axis4_reasoning_termination,1942,1.9731248513564825e-06
conditional-fit-0063,axis4_reasoning_termination,1943,2.786109740595373e-06
conditional-fit-0063,axis4_reasoning_termination,1944,6.4971553134423446e-06
conditional-fit-0063,axis4_reasoning_termination,1945,3.972459953432975e-06
conditional-fit-0063,axis4_reasoning_termination,1946,3.605302977181535e-06
conditional-fit-0063,axis4_reasoning_termination,1947,3.886057560286994e-05
conditional-fit-0063,axis4_reasoning_termination,1948,1.1256087911370867e-06
conditional-fit-0063,axis4_reasoning_termination,1949,1.2429635357534287e-05
conditional-fit-0063,axis4_reasoning_termination,1950,7.254808561169373e-06
conditional-fit-0063,axis4_reasoning_termination,1951,5.713461068095862e-07
conditional-fit-0063,axis4_reasoning_termination,1952,2.4273836572643542e-05
conditional-fit-0063,axis4_reasoning_termination,1953,9.835575899065339e-06
conditional-fit-0063,axis4_reasoning_termination,1954,1.2463019517308084e-05
conditional-fit-0063,axis4_reasoning_termination,1955,0.00013536094190410336
conditional-fit-0063,axis4_reasoning_termination,1956,2.8107797287066427e-06
conditional-fit-0063,axis4_reasoning_termination,1957,4.34804257569453e-06
conditional-fit-0063,axis4_reasoning_termination,1958,2.8058466949189753e-06
conditional-fit-0063,axis4_reasoning_termination,1959,5.645339588916531e-06
conditional-fit-0063,axis4_reasoning_termination,1960,8.680425278833838e-06
conditional-fit-0063,axis4_reasoning_termination,1961,3.292857531763269e-05
conditional-fit-0063,axis4_reasoning_termination,1962,4.6434288266072325e-06
conditional-fit-0063,axis4_reasoning_termination,1963,0.00145463383439095
conditional-fit-0063,axis4_reasoning_termination,1964,0.00017505072502741273
conditional-fit-0063,axis4_reasoning_termination,1965,0.00022816274249298576
conditional-fit-0063,axis4_reasoning_termination,1966,0.0019254551984227602
conditional-fit-0063,axis4_reasoning_termination,1967,4.122038803515585e-05
conditional-fit-0063,axis4_reasoning_termination,1968,0.03524960465945542
conditional-fit-0063,axis4_reasoning_termination,1969,0.07648791630684332
conditional-fit-0063,axis4_reasoning_termination,1970,0.0001045384729930565
conditional-fit-0063,axis4_reasoning_termination,1971,0.18182770386125738
conditional-fit-0063,axis4_reasoning_termination,1972,0.008288718618679275
conditional-fit-0063,axis4_reasoning_termination,1973,1.636535435625484e-06
conditional-fit-0063,axis4_reasoning_termination,1974,1.8382632111081114e-05
conditional-fit-0063,axis4_reasoning_termination,1975,1.198507412743994e-06
conditional-fit-0063,axis4_reasoning_termination,1976,0.01953598974576682
conditional-fit-0063,axis4_reasoning_termination,1977,2.2557224429365577e-06
conditional-fit-0063,axis4_reasoning_termination,1978,2.562311523660613e-06
conditional-fit-0063,axis4_reasoning_termination,1979,4.870203078502122e-06
conditional-fit-0063,axis4_reasoning_termination,1980,7.252398581727533e-05
conditional-fit-0063,axis4_reasoning_termination,1981,0.01176844896787499
conditional-fit-0063,axis4_reasoning_termination,1982,0.00013966988811229452
conditional-fit-0063,axis4_reasoning_termination,1983,1.1297104813041744e-05
conditional-fit-0063,axis4_reasoning_termination,1984,2.161659707387591e-06
conditional-fit-0063,axis4_reasoning_termination,1985,0.0001325081597048372
conditional-fit-0063,axis4_reasoning_termination,1986,4.972010375313786e-07
conditional-fit-0063,axis4_reasoning_termination,1987,5.203689913521923e-07
conditional-fit-0063,axis4_reasoning_termination,1988,1.3648505710305506e-06
conditional-fit-0063,axis4_reasoning_termination,1989,6.362938691029832e-07
conditional-fit-0063,axis4_reasoning_termination,1990,8.77280507243228e-07
conditional-fit-0063,axis4_reasoning_termination,1991,2.238996476512869e-06
conditional-fit-0063,axis4_reasoning_termination,1992,1.6956823922044109e-06
conditional-fit-0063,axis4_reasoning_termination,1993,3.575303969292339e-06
conditional-fit-0063,axis4_reasoning_termination,1994,1.4373228178482815e-06
conditional-fit-0063,axis4_reasoning_termination,1995,1.9741598701751097e-06
conditional-fit-0063,axis4_reasoning_termination,1996,3.568739862788312e-07
conditional-fit-0063,axis4_reasoning_termination,1997,1.8388502818735864e-06
conditional-fit-0063,axis4_reasoning_termination,1998,1.8868819235251092e-06
conditional-fit-0063,axis4_reasoning_termination,1999,3.1223543203610057e-06
conditional-fit-0063,axis4_reasoning_termination,2000,1.8019176253864939e-06
conditional-fit-0063,axis4_reasoning_termination,2001,1.1053822920089116e-05
conditional-fit-0063,axis4_reasoning_termination,2002,3.845615061125411e-06
conditional-fit-0063,axis4_reasoning_termination,2003,3.5233226537228746e-06
conditional-fit-0063,axis4_reasoning_termination,2004,1.3543956168492288e-06
conditional-fit-0063,axis4_reasoning_termination,2005,4.850041125903758e-06
conditional-fit-0063,axis4_reasoning_termination,2006,1.3145532928388702e-05
conditional-fit-0063,axis4_reasoning_termination,2007,9.124760302936128e-06
conditional-fit-0063,axis4_reasoning_termination,2008,2.6075511558495717e-06
conditional-fit-0063,axis4_reasoning_termination,2009,2.205496383442605e-06
conditional-fit-0063,axis4_reasoning_termination,2010,3.3075438707806296e-06
conditional-fit-0063,axis4_reasoning_termination,2011,3.8220441451008185e-06
conditional-fit-0063,axis4_reasoning_termination,2012,3.917048220127105e-06
conditional-fit-0063,axis4_reasoning_termination,2013,2.2310404464493895e-05
conditional-fit-0063,axis4_reasoning_termination,2014,4.213051562746857e-06
conditional-fit-0063,axis4_reasoning_termination,2015,8.529721141213646e-06
conditional-fit-0063,axis4_reasoning_termination,2016,1.0607816843629042e-06
conditional-fit-0063,axis4_reasoning_termination,2017,1.127085128361369e-06
conditional-fit-0063,axis4_reasoning_termination,2018,1.136324701350569e-05
conditional-fit-0063,axis4_reasoning_termination,2019,1.5764508572978788e-06
conditional-fit-0063,axis4_reasoning_termination,2020,3.3122636527367326e-06
conditional-fit-0063,axis4_reasoning_termination,2021,7.070182275595373e-05
conditional-fit-0063,axis4_reasoning_termination,2022,2.574795654490954e-05
conditional-fit-0063,axis4_reasoning_termination,2023,0.0003162739333606577
conditional-fit-0063,axis4_reasoning_termination,2024,3.267412184929943e-05
conditional-fit-0063,axis4_reasoning_termination,2025,0.012765003924134963
conditional-fit-0063,axis4_reasoning_termination,2026,0.09069502406223967
conditional-fit-0063,axis4_reasoning_termination,2027,4.331018550554154e-05
conditional-fit-0063,axis4_reasoning_termination,2028,0.12506077012147027
conditional-fit-0063,axis4_reasoning_termination,2029,0.01734610961585807
conditional-fit-0063,axis4_reasoning_termination,2030,1.6611101130955523e-06
conditional-fit-0063,axis4_reasoning_termination,2031,7.269230590850438e-05
conditional-fit-0063,axis4_reasoning_termination,2032,8.345928296832897e-07
conditional-fit-0063,axis4_reasoning_termination,2033,0.014195037188378562
conditional-fit-0063,axis4_reasoning_termination,2034,4.230334909402339e-06
conditional-fit-0063,axis4_reasoning_termination,2035,1.8682830885044801e-06
conditional-fit-0063,axis4_reasoning_termination,2036,6.497520349486754e-06
conditional-fit-0063,axis4_reasoning_termination,2037,2.4068520296666286e-05
conditional-fit-0063,axis4_reasoning_termination,2038,0.0022462043322804865
conditional-fit-0063,axis4_reasoning_termination,2039,8.077603915026127e-05
conditional-fit-0063,axis4_reasoning_termination,2040,7.609324431645182e-06
conditional-fit-0063,axis4_reasoning_termination,2041,2.0267578150006084e-06
conditional-fit-0063,axis4_reasoning_termination,2042,6.381605665441274e-05
conditional-fit-0063,axis4_reasoning_termination,2043,8.778483784156599e-07
conditional-fit-0063,axis4_reasoning_termination,2044,1.3022975856715504e-06
conditional-fit-0063,axis4_reasoning_termination,2045,3.742821294523532e-06
conditional-fit-0063,axis4_reasoning_termination,2046,9.65636229078259e-07
