window_id,domain,pos,kld
conditional-fit-0123,axis3_code_agentic,0,2.154821588018982
conditional-fit-0123,axis3_code_agentic,1,0.7848451899414635
conditional-fit-0123,axis3_code_agentic,2,0.6068521560217137
conditional-fit-0123,axis3_code_agentic,3,0.6410000575918949
conditional-fit-0123,axis3_code_agentic,4,0.16940713255877654
conditional-fit-0123,axis3_code_agentic,5,0.7881414495547103
conditional-fit-0123,axis3_code_agentic,6,0.23432696376139397
conditional-fit-0123,axis3_code_agentic,7,0.21079885137032608
conditional-fit-0123,axis3_code_agentic,8,0.37054617560720887
conditional-fit-0123,axis3_code_agentic,9,0.08405198824460075
conditional-fit-0123,axis3_code_agentic,10,0.001318502483565144
conditional-fit-0123,axis3_code_agentic,11,0.25712640453225566
conditional-fit-0123,axis3_code_agentic,12,0.04884737002850591
conditional-fit-0123,axis3_code_agentic,13,0.19116096758113196
conditional-fit-0123,axis3_code_agentic,14,0.04873608189383895
conditional-fit-0123,axis3_code_agentic,15,0.0012705434717670313
conditional-fit-0123,axis3_code_agentic,16,0.03889448907093429
conditional-fit-0123,axis3_code_agentic,17,0.1034128868075007
conditional-fit-0123,axis3_code_agentic,18,0.1425013910460246
conditional-fit-0123,axis3_code_agentic,19,0.13774855867194113
conditional-fit-0123,axis3_code_agentic,20,0.024010579346416268
conditional-fit-0123,axis3_code_agentic,21,0.32748816769822553
conditional-fit-0123,axis3_code_agentic,22,0.6368823800605713
conditional-fit-0123,axis3_code_agentic,23,0.5431564341704791
conditional-fit-0123,axis3_code_agentic,24,0.031191058222357806
conditional-fit-0123,axis3_code_agentic,25,0.06513516415728682
conditional-fit-0123,axis3_code_agentic,26,0.1223490954543111
conditional-fit-0123,axis3_code_agentic,27,0.0026183024618541373
conditional-fit-0123,axis3_code_agentic,28,0.027502076435370348
conditional-fit-0123,axis3_code_agentic,29,0.008203866069646041
conditional-fit-0123,axis3_code_agentic,30,0.0011300001716463058
conditional-fit-0123,axis3_code_agentic,31,0.025761874674036622
conditional-fit-0123,axis3_code_agentic,32,0.05988159355513315
conditional-fit-0123,axis3_code_agentic,33,0.1160922557961681
conditional-fit-0123,axis3_code_agentic,34,0.032598763980105604
conditional-fit-0123,axis3_code_agentic,35,0.0050387961188362255
conditional-fit-0123,axis3_code_agentic,36,0.07168675913472486
conditional-fit-0123,axis3_code_agentic,37,0.3916315027863078
conditional-fit-0123,axis3_code_agentic,38,0.0028055603207702805
conditional-fit-0123,axis3_code_agentic,39,0.3011255695034169
conditional-fit-0123,axis3_code_agentic,40,0.005868918816540497
conditional-fit-0123,axis3_code_agentic,41,0.6606080928467735
conditional-fit-0123,axis3_code_agentic,42,0.0017229254887931866
conditional-fit-0123,axis3_code_agentic,43,0.35193429496370554
conditional-fit-0123,axis3_code_agentic,44,0.03775331823698487
conditional-fit-0123,axis3_code_agentic,45,0.027510689681688127
conditional-fit-0123,axis3_code_agentic,46,0.008452940055173573
conditional-fit-0123,axis3_code_agentic,47,0.019979361287516765
conditional-fit-0123,axis3_code_agentic,48,0.00646499429989758
conditional-fit-0123,axis3_code_agentic,49,0.023998389166392402
conditional-fit-0123,axis3_code_agentic,50,0.038616940469265684
conditional-fit-0123,axis3_code_agentic,51,0.00208262072854907
conditional-fit-0123,axis3_code_agentic,52,0.015194265889353693
conditional-fit-0123,axis3_code_agentic,53,0.0016578910511456776
conditional-fit-0123,axis3_code_agentic,54,0.0021237550753249504
conditional-fit-0123,axis3_code_agentic,55,0.16874877127521737
conditional-fit-0123,axis3_code_agentic,56,0.022471241434680322
conditional-fit-0123,axis3_code_agentic,57,0.002243388603254725
conditional-fit-0123,axis3_code_agentic,58,0.004291571660938408
conditional-fit-0123,axis3_code_agentic,59,0.02767825417817587
conditional-fit-0123,axis3_code_agentic,60,0.001989066268012693
conditional-fit-0123,axis3_code_agentic,61,0.003977556585319805
conditional-fit-0123,axis3_code_agentic,62,0.014564018434010695
conditional-fit-0123,axis3_code_agentic,63,0.10712781245812004
conditional-fit-0123,axis3_code_agentic,64,0.04640158640059301
conditional-fit-0123,axis3_code_agentic,65,0.2739573355015258
conditional-fit-0123,axis3_code_agentic,66,1.9999529225021976e-05
conditional-fit-0123,axis3_code_agentic,67,0.0046768288712092645
conditional-fit-0123,axis3_code_agentic,68,0.007314394710338113
conditional-fit-0123,axis3_code_agentic,69,0.0012349986149990406
conditional-fit-0123,axis3_code_agentic,70,0.1002452655277119
conditional-fit-0123,axis3_code_agentic,71,0.030661659937646496
conditional-fit-0123,axis3_code_agentic,72,0.0005251502801910477
conditional-fit-0123,axis3_code_agentic,73,0.019140626143058063
conditional-fit-0123,axis3_code_agentic,74,0.0032840455597795025
conditional-fit-0123,axis3_code_agentic,75,0.0023863763484846773
conditional-fit-0123,axis3_code_agentic,76,0.0001411754145372976
conditional-fit-0123,axis3_code_agentic,77,0.008856625277912127
conditional-fit-0123,axis3_code_agentic,78,0.15277472006961942
conditional-fit-0123,axis3_code_agentic,79,0.2123796376264081
conditional-fit-0123,axis3_code_agentic,80,0.18238354416600427
conditional-fit-0123,axis3_code_agentic,81,0.3150869903556254
conditional-fit-0123,axis3_code_agentic,82,0.0038530746532064617
conditional-fit-0123,axis3_code_agentic,83,0.0005128497966051378
conditional-fit-0123,axis3_code_agentic,84,0.06354099803852074
conditional-fit-0123,axis3_code_agentic,85,0.4758974038861501
conditional-fit-0123,axis3_code_agentic,86,0.12022207268551671
conditional-fit-0123,axis3_code_agentic,87,0.3213144426622464
conditional-fit-0123,axis3_code_agentic,88,0.0006850532074112188
conditional-fit-0123,axis3_code_agentic,89,0.18450075653565226
conditional-fit-0123,axis3_code_agentic,90,0.012969660914980252
conditional-fit-0123,axis3_code_agentic,91,0.0001624144873398151
conditional-fit-0123,axis3_code_agentic,92,0.05942752903951738
conditional-fit-0123,axis3_code_agentic,93,0.13700925331766162
conditional-fit-0123,axis3_code_agentic,94,0.0022377927532737396
conditional-fit-0123,axis3_code_agentic,95,0.11210665454293553
conditional-fit-0123,axis3_code_agentic,96,0.12980481543970102
conditional-fit-0123,axis3_code_agentic,97,0.019180639139572492
conditional-fit-0123,axis3_code_agentic,98,0.14470420372553883
conditional-fit-0123,axis3_code_agentic,99,0.08545193097839253
conditional-fit-0123,axis3_code_agentic,100,0.011203693256805237
conditional-fit-0123,axis3_code_agentic,101,0.05224194957199332
conditional-fit-0123,axis3_code_agentic,102,0.030301439515114374
conditional-fit-0123,axis3_code_agentic,103,0.018705235028269353
conditional-fit-0123,axis3_code_agentic,104,0.12761562427774162
conditional-fit-0123,axis3_code_agentic,105,0.01697804882110842
conditional-fit-0123,axis3_code_agentic,106,0.030475910392368806
conditional-fit-0123,axis3_code_agentic,107,3.881884498366822e-05
conditional-fit-0123,axis3_code_agentic,108,0.07357467414725456
conditional-fit-0123,axis3_code_agentic,109,0.10180644508761012
conditional-fit-0123,axis3_code_agentic,110,0.019942009278178848
conditional-fit-0123,axis3_code_agentic,111,6.970461074702776e-05
conditional-fit-0123,axis3_code_agentic,112,0.003962410292872678
conditional-fit-0123,axis3_code_agentic,113,7.70322671429402e-05
conditional-fit-0123,axis3_code_agentic,114,0.002450370496603283
conditional-fit-0123,axis3_code_agentic,115,0.0061887320839460296
conditional-fit-0123,axis3_code_agentic,116,0.09045338689558133
conditional-fit-0123,axis3_code_agentic,117,0.011840142049974654
conditional-fit-0123,axis3_code_agentic,118,0.018748747227396508
conditional-fit-0123,axis3_code_agentic,119,0.04868251886278334
conditional-fit-0123,axis3_code_agentic,120,0.037611076039606645
conditional-fit-0123,axis3_code_agentic,121,0.03695380916449249
conditional-fit-0123,axis3_code_agentic,122,0.03823135603821065
conditional-fit-0123,axis3_code_agentic,123,0.13532555084618525
conditional-fit-0123,axis3_code_agentic,124,0.14394376501553008
conditional-fit-0123,axis3_code_agentic,125,0.0009050355885285796
conditional-fit-0123,axis3_code_agentic,126,0.007890240335067753
conditional-fit-0123,axis3_code_agentic,127,0.022027926515107335
conditional-fit-0123,axis3_code_agentic,128,0.02611672465951637
conditional-fit-0123,axis3_code_agentic,129,0.013823106986206295
conditional-fit-0123,axis3_code_agentic,130,0.03372498728282099
conditional-fit-0123,axis3_code_agentic,131,0.03410050963008414
conditional-fit-0123,axis3_code_agentic,132,0.00011899519414471575
conditional-fit-0123,axis3_code_agentic,133,0.022427749107746506
conditional-fit-0123,axis3_code_agentic,134,0.018948361036699855
conditional-fit-0123,axis3_code_agentic,135,0.01162947373985336
conditional-fit-0123,axis3_code_agentic,136,0.06398413802873149
conditional-fit-0123,axis3_code_agentic,137,0.025261918695791093
conditional-fit-0123,axis3_code_agentic,138,0.055768524681363466
conditional-fit-0123,axis3_code_agentic,139,0.026694064786888634
conditional-fit-0123,axis3_code_agentic,140,0.012086344884906723
conditional-fit-0123,axis3_code_agentic,141,1.63198765955742e-05
conditional-fit-0123,axis3_code_agentic,142,0.020168012115758145
conditional-fit-0123,axis3_code_agentic,143,0.013522889478105544
conditional-fit-0123,axis3_code_agentic,144,9.012344583653956e-07
conditional-fit-0123,axis3_code_agentic,145,0.015973187220670773
conditional-fit-0123,axis3_code_agentic,146,0.01756632403522321
conditional-fit-0123,axis3_code_agentic,147,0.06876020098886758
conditional-fit-0123,axis3_code_agentic,148,0.013168592739787838
conditional-fit-0123,axis3_code_agentic,149,0.06523375746697341
conditional-fit-0123,axis3_code_agentic,150,8.352515562711277e-07
conditional-fit-0123,axis3_code_agentic,151,0.0024256464543472023
conditional-fit-0123,axis3_code_agentic,152,0.018125227460677157
conditional-fit-0123,axis3_code_agentic,153,1.3715772082360681e-05
conditional-fit-0123,axis3_code_agentic,154,0.006582104236426099
conditional-fit-0123,axis3_code_agentic,155,2.2400537087464e-06
conditional-fit-0123,axis3_code_agentic,156,0.00117539776457125
conditional-fit-0123,axis3_code_agentic,157,0.016078007686133315
conditional-fit-0123,axis3_code_agentic,158,0.04935839842029126
conditional-fit-0123,axis3_code_agentic,159,0.00019638086090571595
conditional-fit-0123,axis3_code_agentic,160,0.16665172171889525
conditional-fit-0123,axis3_code_agentic,161,0.00439778638557053
conditional-fit-0123,axis3_code_agentic,162,4.633854949614662e-06
conditional-fit-0123,axis3_code_agentic,163,0.0018737137964918366
conditional-fit-0123,axis3_code_agentic,164,1.4901280844521641e-05
conditional-fit-0123,axis3_code_agentic,165,0.004603960606506141
conditional-fit-0123,axis3_code_agentic,166,0.0005362043066493067
conditional-fit-0123,axis3_code_agentic,167,0.23621947130224896
conditional-fit-0123,axis3_code_agentic,168,0.0015679246233351856
conditional-fit-0123,axis3_code_agentic,169,0.0002527549657990174
conditional-fit-0123,axis3_code_agentic,170,0.008959097069532717
conditional-fit-0123,axis3_code_agentic,171,5.860635192062997e-05
conditional-fit-0123,axis3_code_agentic,172,0.07032510277558303
conditional-fit-0123,axis3_code_agentic,173,0.0013263924290007243
conditional-fit-0123,axis3_code_agentic,174,0.0007837419403529583
conditional-fit-0123,axis3_code_agentic,175,0.0024480671201208663
conditional-fit-0123,axis3_code_agentic,176,7.703153612678251e-07
conditional-fit-0123,axis3_code_agentic,177,0.08174267670924411
conditional-fit-0123,axis3_code_agentic,178,3.5542090238133866e-05
conditional-fit-0123,axis3_code_agentic,179,0.004475137928634937
conditional-fit-0123,axis3_code_agentic,180,4.170263011348152e-06
conditional-fit-0123,axis3_code_agentic,181,0.0007073913699282757
conditional-fit-0123,axis3_code_agentic,182,0.06553717140064375
conditional-fit-0123,axis3_code_agentic,183,0.00959706932812593
conditional-fit-0123,axis3_code_agentic,184,0.009634228569473926
conditional-fit-0123,axis3_code_agentic,185,6.837336696202095e-05
conditional-fit-0123,axis3_code_agentic,186,1.1369482943503063e-06
conditional-fit-0123,axis3_code_agentic,187,2.1606453366632765e-05
conditional-fit-0123,axis3_code_agentic,188,4.369143673488317e-06
conditional-fit-0123,axis3_code_agentic,189,5.701992406648203e-06
conditional-fit-0123,axis3_code_agentic,190,3.354387147601439e-05
conditional-fit-0123,axis3_code_agentic,191,0.008267570934958843
conditional-fit-0123,axis3_code_agentic,192,3.164337661923657e-05
conditional-fit-0123,axis3_code_agentic,193,2.288440150467674e-05
conditional-fit-0123,axis3_code_agentic,194,0.0002070432735977231
conditional-fit-0123,axis3_code_agentic,195,2.7196918815918496e-05
conditional-fit-0123,axis3_code_agentic,196,2.1434929752712718e-05
conditional-fit-0123,axis3_code_agentic,197,4.424408801870431e-06
conditional-fit-0123,axis3_code_agentic,198,3.277519994858187e-07
conditional-fit-0123,axis3_code_agentic,199,0.0002843375600178556
conditional-fit-0123,axis3_code_agentic,200,0.4892061161932041
conditional-fit-0123,axis3_code_agentic,201,4.398252173916489e-05
conditional-fit-0123,axis3_code_agentic,202,0.0006113709607121268
conditional-fit-0123,axis3_code_agentic,203,4.4442329659594984e-05
conditional-fit-0123,axis3_code_agentic,204,0.002934881098494258
conditional-fit-0123,axis3_code_agentic,205,6.0975339620474306e-05
conditional-fit-0123,axis3_code_agentic,206,0.00011895870426267973
conditional-fit-0123,axis3_code_agentic,207,2.0694424070452296e-05
conditional-fit-0123,axis3_code_agentic,208,0.00012749674981189698
conditional-fit-0123,axis3_code_agentic,209,0.00010103811670307864
conditional-fit-0123,axis3_code_agentic,210,0.0052241470533841965
conditional-fit-0123,axis3_code_agentic,211,1.122087338802087e-05
conditional-fit-0123,axis3_code_agentic,212,2.8181170405723596e-05
conditional-fit-0123,axis3_code_agentic,213,5.6658624058363523e-05
conditional-fit-0123,axis3_code_agentic,214,0.0036093723225349927
conditional-fit-0123,axis3_code_agentic,215,3.341365117245709e-05
conditional-fit-0123,axis3_code_agentic,216,0.00685698339591671
conditional-fit-0123,axis3_code_agentic,217,5.6887916633240944e-08
conditional-fit-0123,axis3_code_agentic,218,0.055403164997284045
conditional-fit-0123,axis3_code_agentic,219,0.06710341284432055
conditional-fit-0123,axis3_code_agentic,220,5.061661454392502e-05
conditional-fit-0123,axis3_code_agentic,221,0.04383496326410334
conditional-fit-0123,axis3_code_agentic,222,0.05338136143331207
conditional-fit-0123,axis3_code_agentic,223,0.1346397516401189
conditional-fit-0123,axis3_code_agentic,224,0.0019057889457708423
conditional-fit-0123,axis3_code_agentic,225,0.00033893757914600517
conditional-fit-0123,axis3_code_agentic,226,0.011589872184264341
conditional-fit-0123,axis3_code_agentic,227,0.0021841056742654
conditional-fit-0123,axis3_code_agentic,228,0.033082364538258385
conditional-fit-0123,axis3_code_agentic,229,0.0011228453811965554
conditional-fit-0123,axis3_code_agentic,230,0.014285668755121635
conditional-fit-0123,axis3_code_agentic,231,0.0384034023428174
conditional-fit-0123,axis3_code_agentic,232,0.0006366919796462975
conditional-fit-0123,axis3_code_agentic,233,0.024129817677212975
conditional-fit-0123,axis3_code_agentic,234,1.017997103726488e-05
conditional-fit-0123,axis3_code_agentic,235,0.12285446729100294
conditional-fit-0123,axis3_code_agentic,236,0.008633798978057425
conditional-fit-0123,axis3_code_agentic,237,8.383524690678499e-05
conditional-fit-0123,axis3_code_agentic,238,0.0011888250650979374
conditional-fit-0123,axis3_code_agentic,239,0.1418767831352518
conditional-fit-0123,axis3_code_agentic,240,0.025985370765029783
conditional-fit-0123,axis3_code_agentic,241,0.0006056766881843046
conditional-fit-0123,axis3_code_agentic,242,2.8321537188201757e-05
conditional-fit-0123,axis3_code_agentic,243,0.592565790695902
conditional-fit-0123,axis3_code_agentic,244,0.0012620310818597465
conditional-fit-0123,axis3_code_agentic,245,5.079784945257076e-07
conditional-fit-0123,axis3_code_agentic,246,0.00048373717137795396
conditional-fit-0123,axis3_code_agentic,247,5.560893411268313e-06
conditional-fit-0123,axis3_code_agentic,248,1.5827817191236883e-05
conditional-fit-0123,axis3_code_agentic,249,1.186685702943507e-05
conditional-fit-0123,axis3_code_agentic,250,0.033132076460042244
conditional-fit-0123,axis3_code_agentic,251,0.0019401477765719861
conditional-fit-0123,axis3_code_agentic,252,3.11886358358745e-06
conditional-fit-0123,axis3_code_agentic,253,2.7684748214997796e-05
conditional-fit-0123,axis3_code_agentic,254,4.092243482898656e-05
conditional-fit-0123,axis3_code_agentic,255,0.0033489275778742673
conditional-fit-0123,axis3_code_agentic,256,0.005287478581978507
conditional-fit-0123,axis3_code_agentic,257,0.001945552745387772
conditional-fit-0123,axis3_code_agentic,258,0.00033418962806541726
conditional-fit-0123,axis3_code_agentic,259,3.019104857717161e-05
conditional-fit-0123,axis3_code_agentic,260,0.0011437992045356606
conditional-fit-0123,axis3_code_agentic,261,0.001397160383751659
conditional-fit-0123,axis3_code_agentic,262,3.976376760127004e-05
conditional-fit-0123,axis3_code_agentic,263,6.671863415426825e-07
conditional-fit-0123,axis3_code_agentic,264,0.09030274311631095
conditional-fit-0123,axis3_code_agentic,265,0.012128893364059375
conditional-fit-0123,axis3_code_agentic,266,0.00047230749156899573
conditional-fit-0123,axis3_code_agentic,267,0.02751423732450587
conditional-fit-0123,axis3_code_agentic,268,0.14951229388106355
conditional-fit-0123,axis3_code_agentic,269,0.00013160903962090693
conditional-fit-0123,axis3_code_agentic,270,0.01888179077955633
conditional-fit-0123,axis3_code_agentic,271,0.1639450439525812
conditional-fit-0123,axis3_code_agentic,272,0.007698815976952423
conditional-fit-0123,axis3_code_agentic,273,0.1223143354041529
conditional-fit-0123,axis3_code_agentic,274,0.00011048276795109726
conditional-fit-0123,axis3_code_agentic,275,0.030120882308199447
conditional-fit-0123,axis3_code_agentic,276,4.941050920211321e-06
conditional-fit-0123,axis3_code_agentic,277,0.00021231059038057833
conditional-fit-0123,axis3_code_agentic,278,4.181065600593392e-05
conditional-fit-0123,axis3_code_agentic,279,0.0034886016780508807
conditional-fit-0123,axis3_code_agentic,280,0.15975014463435544
conditional-fit-0123,axis3_code_agentic,281,9.160814341243108e-06
conditional-fit-0123,axis3_code_agentic,282,0.030128220753352974
conditional-fit-0123,axis3_code_agentic,283,6.569639651298198e-05
conditional-fit-0123,axis3_code_agentic,284,1.092296483572398e-05
conditional-fit-0123,axis3_code_agentic,285,0.0022023464660376603
conditional-fit-0123,axis3_code_agentic,286,0.0004477628315575406
conditional-fit-0123,axis3_code_agentic,287,1.3454899899222208e-05
conditional-fit-0123,axis3_code_agentic,288,1.4473511225613212e-05
conditional-fit-0123,axis3_code_agentic,289,0.005155500389686592
conditional-fit-0123,axis3_code_agentic,290,5.300413646502556e-06
conditional-fit-0123,axis3_code_agentic,291,0.008339042391988332
conditional-fit-0123,axis3_code_agentic,292,0.0004113442473298617
conditional-fit-0123,axis3_code_agentic,293,0.00010868407510403843
conditional-fit-0123,axis3_code_agentic,294,0.00031135582953229927
conditional-fit-0123,axis3_code_agentic,295,7.632983558558746e-06
conditional-fit-0123,axis3_code_agentic,296,7.724411272764774e-05
conditional-fit-0123,axis3_code_agentic,297,9.64925456799452e-07
conditional-fit-0123,axis3_code_agentic,298,0.00018047118956206524
conditional-fit-0123,axis3_code_agentic,299,3.399037072332047e-05
conditional-fit-0123,axis3_code_agentic,300,0.013613460195528088
conditional-fit-0123,axis3_code_agentic,301,0.00017104239098875073
conditional-fit-0123,axis3_code_agentic,302,0.013528184824522158
conditional-fit-0123,axis3_code_agentic,303,3.7501794052348507e-07
conditional-fit-0123,axis3_code_agentic,304,0.0003387329796953115
conditional-fit-0123,axis3_code_agentic,305,8.786865919712652e-05
conditional-fit-0123,axis3_code_agentic,306,0.0002800943877557748
conditional-fit-0123,axis3_code_agentic,307,0.0001365189313692806
conditional-fit-0123,axis3_code_agentic,308,0.00028059531541644255
conditional-fit-0123,axis3_code_agentic,309,0.0005750521534474104
conditional-fit-0123,axis3_code_agentic,310,5.224179035686222e-05
conditional-fit-0123,axis3_code_agentic,311,1.273757549597945e-07
conditional-fit-0123,axis3_code_agentic,312,0.0003965027794541726
conditional-fit-0123,axis3_code_agentic,313,0.000229829778437954
conditional-fit-0123,axis3_code_agentic,314,0.0001809587658253943
conditional-fit-0123,axis3_code_agentic,315,0.0017402091223439559
conditional-fit-0123,axis3_code_agentic,316,0.000143493800651613
conditional-fit-0123,axis3_code_agentic,317,0.00018637071161926234
conditional-fit-0123,axis3_code_agentic,318,0.00012899712689682697
conditional-fit-0123,axis3_code_agentic,319,2.53583910115073e-06
conditional-fit-0123,axis3_code_agentic,320,0.0017135300874825702
conditional-fit-0123,axis3_code_agentic,321,0.07892197842629481
conditional-fit-0123,axis3_code_agentic,322,2.5549584711685945e-05
conditional-fit-0123,axis3_code_agentic,323,5.5573535853256466e-05
conditional-fit-0123,axis3_code_agentic,324,0.024849999020764027
conditional-fit-0123,axis3_code_agentic,325,9.21109312842941e-06
conditional-fit-0123,axis3_code_agentic,326,3.551546685642288e-05
conditional-fit-0123,axis3_code_agentic,327,9.056215845798543e-05
conditional-fit-0123,axis3_code_agentic,328,0.0007452638889679602
conditional-fit-0123,axis3_code_agentic,329,3.106366514120914
conditional-fit-0123,axis3_code_agentic,330,4.7765087910274533e-05
conditional-fit-0123,axis3_code_agentic,331,0.0027759965586249477
conditional-fit-0123,axis3_code_agentic,332,2.2887630812040234e-06
conditional-fit-0123,axis3_code_agentic,333,4.025947336298885e-05
conditional-fit-0123,axis3_code_agentic,334,3.387492473262208e-05
conditional-fit-0123,axis3_code_agentic,335,0.00021853122436446995
conditional-fit-0123,axis3_code_agentic,336,0.00020860776557400017
conditional-fit-0123,axis3_code_agentic,337,1.7944681512744025e-05
conditional-fit-0123,axis3_code_agentic,338,3.463825833432151e-05
conditional-fit-0123,axis3_code_agentic,339,4.904418281385456e-05
conditional-fit-0123,axis3_code_agentic,340,2.6923835425564588e-06
conditional-fit-0123,axis3_code_agentic,341,0.0016042994066436998
conditional-fit-0123,axis3_code_agentic,342,4.1315849393556263e-05
conditional-fit-0123,axis3_code_agentic,343,2.325580354535327e-05
conditional-fit-0123,axis3_code_agentic,344,4.605484692087973e-05
conditional-fit-0123,axis3_code_agentic,345,0.002524121002319417
conditional-fit-0123,axis3_code_agentic,346,4.3601869959035285e-07
conditional-fit-0123,axis3_code_agentic,347,0.014279137861167305
conditional-fit-0123,axis3_code_agentic,348,0.0021279490491401855
conditional-fit-0123,axis3_code_agentic,349,0.0005011842217445759
conditional-fit-0123,axis3_code_agentic,350,0.23965071495566553
conditional-fit-0123,axis3_code_agentic,351,0.017073618179407404
conditional-fit-0123,axis3_code_agentic,352,0.1252830199401294
conditional-fit-0123,axis3_code_agentic,353,3.890665789174448e-06
conditional-fit-0123,axis3_code_agentic,354,3.564204341033392e-05
conditional-fit-0123,axis3_code_agentic,355,4.022051370935906e-05
conditional-fit-0123,axis3_code_agentic,356,0.0035430978092355282
conditional-fit-0123,axis3_code_agentic,357,0.2881576850032862
conditional-fit-0123,axis3_code_agentic,358,0.1294393856739477
conditional-fit-0123,axis3_code_agentic,359,0.12710652908795192
conditional-fit-0123,axis3_code_agentic,360,8.332426631752237e-06
conditional-fit-0123,axis3_code_agentic,361,0.006566428222004858
conditional-fit-0123,axis3_code_agentic,362,0.198808759998373
conditional-fit-0123,axis3_code_agentic,363,0.00028371448641751674
conditional-fit-0123,axis3_code_agentic,364,8.994911665464119e-05
conditional-fit-0123,axis3_code_agentic,365,0.0011203908602633887
conditional-fit-0123,axis3_code_agentic,366,0.0001582286834488945
conditional-fit-0123,axis3_code_agentic,367,0.00022009194518959413
conditional-fit-0123,axis3_code_agentic,368,0.003749896901272249
conditional-fit-0123,axis3_code_agentic,369,0.0016068227094305147
conditional-fit-0123,axis3_code_agentic,370,0.002667255024085353
conditional-fit-0123,axis3_code_agentic,371,0.00045820464009265404
conditional-fit-0123,axis3_code_agentic,372,1.4995822037841946e-05
conditional-fit-0123,axis3_code_agentic,373,0.014719822278754652
conditional-fit-0123,axis3_code_agentic,374,0.030578488595981917
conditional-fit-0123,axis3_code_agentic,375,7.091397013769867e-05
conditional-fit-0123,axis3_code_agentic,376,1.319548045786364e-05
conditional-fit-0123,axis3_code_agentic,377,0.007242664761149955
conditional-fit-0123,axis3_code_agentic,378,0.00027108665099560386
conditional-fit-0123,axis3_code_agentic,379,3.453952760169731e-05
conditional-fit-0123,axis3_code_agentic,380,0.000901340405236599
conditional-fit-0123,axis3_code_agentic,381,0.005896252595516535
conditional-fit-0123,axis3_code_agentic,382,0.00012705326978797347
conditional-fit-0123,axis3_code_agentic,383,0.00035929088029712573
conditional-fit-0123,axis3_code_agentic,384,9.59907273703997e-07
conditional-fit-0123,axis3_code_agentic,385,0.007256715435401316
conditional-fit-0123,axis3_code_agentic,386,0.0009639126036787261
conditional-fit-0123,axis3_code_agentic,387,7.418722688921439e-05
conditional-fit-0123,axis3_code_agentic,388,1.9276933577383278e-07
conditional-fit-0123,axis3_code_agentic,389,0.0351643732547557
conditional-fit-0123,axis3_code_agentic,390,0.0013085442423282335
conditional-fit-0123,axis3_code_agentic,391,2.9575573922941733e-08
conditional-fit-0123,axis3_code_agentic,392,0.00468615170151386
conditional-fit-0123,axis3_code_agentic,393,0.18024478084184722
conditional-fit-0123,axis3_code_agentic,394,0.00022483674962816202
conditional-fit-0123,axis3_code_agentic,395,3.1911716465025207e-05
conditional-fit-0123,axis3_code_agentic,396,3.2571888196824296e-06
conditional-fit-0123,axis3_code_agentic,397,0.00029166058391620175
conditional-fit-0123,axis3_code_agentic,398,4.214484647198743e-07
conditional-fit-0123,axis3_code_agentic,399,0.08045769585251428
conditional-fit-0123,axis3_code_agentic,400,0.01705053497473915
conditional-fit-0123,axis3_code_agentic,401,1.7056924300320698e-06
conditional-fit-0123,axis3_code_agentic,402,0.005047626520592491
conditional-fit-0123,axis3_code_agentic,403,0.00012185125811934702
conditional-fit-0123,axis3_code_agentic,404,0.00016151124258853734
conditional-fit-0123,axis3_code_agentic,405,9.63029898180007e-07
conditional-fit-0123,axis3_code_agentic,406,0.015407636267768499
conditional-fit-0123,axis3_code_agentic,407,0.0003441837291691156
conditional-fit-0123,axis3_code_agentic,408,1.446239066160136e-06
conditional-fit-0123,axis3_code_agentic,409,0.010406066404197474
conditional-fit-0123,axis3_code_agentic,410,0.061836067546577576
conditional-fit-0123,axis3_code_agentic,411,0.017883122689877337
conditional-fit-0123,axis3_code_agentic,412,0.0031940064825703974
conditional-fit-0123,axis3_code_agentic,413,0.03618875851278883
conditional-fit-0123,axis3_code_agentic,414,0.060291199977764436
conditional-fit-0123,axis3_code_agentic,415,0.08273642584533603
conditional-fit-0123,axis3_code_agentic,416,0.01897196980767304
conditional-fit-0123,axis3_code_agentic,417,0.0018392651895337221
conditional-fit-0123,axis3_code_agentic,418,0.0660543485121422
conditional-fit-0123,axis3_code_agentic,419,0.08307230936721106
conditional-fit-0123,axis3_code_agentic,420,0.01260359324213043
conditional-fit-0123,axis3_code_agentic,421,9.821436076179268e-05
conditional-fit-0123,axis3_code_agentic,422,0.016445231118839988
conditional-fit-0123,axis3_code_agentic,423,0.02678192557264185
conditional-fit-0123,axis3_code_agentic,424,0.009711762820368276
conditional-fit-0123,axis3_code_agentic,425,0.05519576252447421
conditional-fit-0123,axis3_code_agentic,426,3.508610937823577e-05
conditional-fit-0123,axis3_code_agentic,427,0.0013293207004119586
conditional-fit-0123,axis3_code_agentic,428,0.04285242448886412
conditional-fit-0123,axis3_code_agentic,429,0.020855110991192007
conditional-fit-0123,axis3_code_agentic,430,0.06484896663395574
conditional-fit-0123,axis3_code_agentic,431,0.0006678494499600825
conditional-fit-0123,axis3_code_agentic,432,0.0019052270639119163
conditional-fit-0123,axis3_code_agentic,433,0.01800341227219229
conditional-fit-0123,axis3_code_agentic,434,4.067109673024255e-05
conditional-fit-0123,axis3_code_agentic,435,0.052918394308175194
conditional-fit-0123,axis3_code_agentic,436,0.0646936142768254
conditional-fit-0123,axis3_code_agentic,437,0.050480049108884574
conditional-fit-0123,axis3_code_agentic,438,0.038266505027174734
conditional-fit-0123,axis3_code_agentic,439,0.003911232829258453
conditional-fit-0123,axis3_code_agentic,440,0.0016215591824410291
conditional-fit-0123,axis3_code_agentic,441,1.3121415396589226e-05
conditional-fit-0123,axis3_code_agentic,442,0.0017010670805147447
conditional-fit-0123,axis3_code_agentic,443,0.011028125539693498
conditional-fit-0123,axis3_code_agentic,444,0.12398003272780128
conditional-fit-0123,axis3_code_agentic,445,0.00014694115527047209
conditional-fit-0123,axis3_code_agentic,446,0.0014517599207825756
conditional-fit-0123,axis3_code_agentic,447,0.005338992889514367
conditional-fit-0123,axis3_code_agentic,448,0.0347793297180866
conditional-fit-0123,axis3_code_agentic,449,0.08367982141728808
conditional-fit-0123,axis3_code_agentic,450,0.47246572544319965
conditional-fit-0123,axis3_code_agentic,451,0.15008762664746958
conditional-fit-0123,axis3_code_agentic,452,0.24071177498493324
conditional-fit-0123,axis3_code_agentic,453,0.1822155368367269
conditional-fit-0123,axis3_code_agentic,454,0.0377331364832267
conditional-fit-0123,axis3_code_agentic,455,0.0009024809454063024
conditional-fit-0123,axis3_code_agentic,456,0.010266441745882338
conditional-fit-0123,axis3_code_agentic,457,4.743751136921585e-05
conditional-fit-0123,axis3_code_agentic,458,5.2078999345761246e-05
conditional-fit-0123,axis3_code_agentic,459,0.005733349163013339
conditional-fit-0123,axis3_code_agentic,460,0.00014863164051953854
conditional-fit-0123,axis3_code_agentic,461,2.088633422584866e-05
conditional-fit-0123,axis3_code_agentic,462,0.00015522808597945455
conditional-fit-0123,axis3_code_agentic,463,0.0002954977486516133
conditional-fit-0123,axis3_code_agentic,464,0.01095025664514208
conditional-fit-0123,axis3_code_agentic,465,0.05777310577535516
conditional-fit-0123,axis3_code_agentic,466,0.022624484072027357
conditional-fit-0123,axis3_code_agentic,467,0.01806183268807128
conditional-fit-0123,axis3_code_agentic,468,0.01569920053734719
conditional-fit-0123,axis3_code_agentic,469,0.0026662102316271806
conditional-fit-0123,axis3_code_agentic,470,0.01091582494535269
conditional-fit-0123,axis3_code_agentic,471,0.04211198213334557
conditional-fit-0123,axis3_code_agentic,472,0.32308061754417866
conditional-fit-0123,axis3_code_agentic,473,0.16655880770443485
conditional-fit-0123,axis3_code_agentic,474,0.020341208340121736
conditional-fit-0123,axis3_code_agentic,475,0.02747699095528617
conditional-fit-0123,axis3_code_agentic,476,0.03156134609558117
conditional-fit-0123,axis3_code_agentic,477,0.08597246699252646
conditional-fit-0123,axis3_code_agentic,478,0.0448175373680219
conditional-fit-0123,axis3_code_agentic,479,0.03258377250657545
conditional-fit-0123,axis3_code_agentic,480,0.24241698027458786
conditional-fit-0123,axis3_code_agentic,481,0.050847159851068066
conditional-fit-0123,axis3_code_agentic,482,0.10211259090107626
conditional-fit-0123,axis3_code_agentic,483,0.15237291348604792
conditional-fit-0123,axis3_code_agentic,484,0.18005804102383619
conditional-fit-0123,axis3_code_agentic,485,0.0732700806073602
conditional-fit-0123,axis3_code_agentic,486,0.08318780106114279
conditional-fit-0123,axis3_code_agentic,487,0.3012812951763373
conditional-fit-0123,axis3_code_agentic,488,0.10062595399807497
conditional-fit-0123,axis3_code_agentic,489,0.023070583525186573
conditional-fit-0123,axis3_code_agentic,490,0.04214514222216558
conditional-fit-0123,axis3_code_agentic,491,0.20703223388347797
conditional-fit-0123,axis3_code_agentic,492,0.10403102983215298
conditional-fit-0123,axis3_code_agentic,493,0.033766065466505506
conditional-fit-0123,axis3_code_agentic,494,0.040754455786307146
conditional-fit-0123,axis3_code_agentic,495,0.1858299845712157
conditional-fit-0123,axis3_code_agentic,496,0.029923986890920393
conditional-fit-0123,axis3_code_agentic,497,0.18924521963672764
conditional-fit-0123,axis3_code_agentic,498,0.007719941781164077
conditional-fit-0123,axis3_code_agentic,499,0.032906843931014944
conditional-fit-0123,axis3_code_agentic,500,0.11514935481120897
conditional-fit-0123,axis3_code_agentic,501,0.203071752860229
conditional-fit-0123,axis3_code_agentic,502,0.18022294581238582
conditional-fit-0123,axis3_code_agentic,503,0.1222910931821563
conditional-fit-0123,axis3_code_agentic,504,0.005077963530845298
conditional-fit-0123,axis3_code_agentic,505,0.06699680396026267
conditional-fit-0123,axis3_code_agentic,506,0.01777505175681421
conditional-fit-0123,axis3_code_agentic,507,0.04280386275212045
conditional-fit-0123,axis3_code_agentic,508,0.007388581113677021
conditional-fit-0123,axis3_code_agentic,509,0.023272663821154553
conditional-fit-0123,axis3_code_agentic,510,0.07874124405650075
conditional-fit-0123,axis3_code_agentic,511,0.031231536310157296
conditional-fit-0123,axis3_code_agentic,512,0.025213965928066302
conditional-fit-0123,axis3_code_agentic,513,0.01882198448571184
conditional-fit-0123,axis3_code_agentic,514,0.14151344093569607
conditional-fit-0123,axis3_code_agentic,515,0.03277717632782848
conditional-fit-0123,axis3_code_agentic,516,0.02618561088462626
conditional-fit-0123,axis3_code_agentic,517,0.11491473684009948
conditional-fit-0123,axis3_code_agentic,518,0.018221301094283188
conditional-fit-0123,axis3_code_agentic,519,0.00012420346061189777
conditional-fit-0123,axis3_code_agentic,520,0.18195133990066242
conditional-fit-0123,axis3_code_agentic,521,0.08025235937115567
conditional-fit-0123,axis3_code_agentic,522,0.05738853523298101
conditional-fit-0123,axis3_code_agentic,523,0.07435942412387453
conditional-fit-0123,axis3_code_agentic,524,0.007057718102041841
conditional-fit-0123,axis3_code_agentic,525,7.568002630288831e-05
conditional-fit-0123,axis3_code_agentic,526,0.009788971211129
conditional-fit-0123,axis3_code_agentic,527,0.0017464791603846825
conditional-fit-0123,axis3_code_agentic,528,0.01304599579979745
conditional-fit-0123,axis3_code_agentic,529,0.004530343543655852
conditional-fit-0123,axis3_code_agentic,530,0.003870306022019634
conditional-fit-0123,axis3_code_agentic,531,0.035434196184773406
conditional-fit-0123,axis3_code_agentic,532,0.05389627900450031
conditional-fit-0123,axis3_code_agentic,533,0.012766337543127254
conditional-fit-0123,axis3_code_agentic,534,0.040843208611777454
conditional-fit-0123,axis3_code_agentic,535,0.007071316282794648
conditional-fit-0123,axis3_code_agentic,536,0.09894258997609587
conditional-fit-0123,axis3_code_agentic,537,0.07455092813940714
conditional-fit-0123,axis3_code_agentic,538,0.0015168656198308837
conditional-fit-0123,axis3_code_agentic,539,0.0070199375275904405
conditional-fit-0123,axis3_code_agentic,540,0.02348260257463446
conditional-fit-0123,axis3_code_agentic,541,0.07462666234067705
conditional-fit-0123,axis3_code_agentic,542,0.00039922011315744803
conditional-fit-0123,axis3_code_agentic,543,0.14080639736342349
conditional-fit-0123,axis3_code_agentic,544,0.024115374417527383
conditional-fit-0123,axis3_code_agentic,545,0.010221603864010961
conditional-fit-0123,axis3_code_agentic,546,0.021965890396137642
conditional-fit-0123,axis3_code_agentic,547,0.11351636449836344
conditional-fit-0123,axis3_code_agentic,548,8.191792152131096e-05
conditional-fit-0123,axis3_code_agentic,549,0.020860809756066388
conditional-fit-0123,axis3_code_agentic,550,2.6342925890342816e-05
conditional-fit-0123,axis3_code_agentic,551,0.02052013553531332
conditional-fit-0123,axis3_code_agentic,552,0.025916469798059272
conditional-fit-0123,axis3_code_agentic,553,0.009354178178370299
conditional-fit-0123,axis3_code_agentic,554,0.0019419039756674067
conditional-fit-0123,axis3_code_agentic,555,1.9257222035222706e-05
conditional-fit-0123,axis3_code_agentic,556,0.02663631965859209
conditional-fit-0123,axis3_code_agentic,557,0.00440361832921788
conditional-fit-0123,axis3_code_agentic,558,0.0014757729900154936
conditional-fit-0123,axis3_code_agentic,559,0.16174701346858888
conditional-fit-0123,axis3_code_agentic,560,0.03590237516642007
conditional-fit-0123,axis3_code_agentic,561,1.2706484657966155e-05
conditional-fit-0123,axis3_code_agentic,562,0.04763833135945211
conditional-fit-0123,axis3_code_agentic,563,0.03458046131824284
conditional-fit-0123,axis3_code_agentic,564,3.9530759738037126e-05
conditional-fit-0123,axis3_code_agentic,565,0.028812524864227612
conditional-fit-0123,axis3_code_agentic,566,0.018494827723271025
conditional-fit-0123,axis3_code_agentic,567,4.806611580836696e-05
conditional-fit-0123,axis3_code_agentic,568,0.00020498103833949512
conditional-fit-0123,axis3_code_agentic,569,0.07611413477768476
conditional-fit-0123,axis3_code_agentic,570,0.0012737022537530548
conditional-fit-0123,axis3_code_agentic,571,0.021545008095046232
conditional-fit-0123,axis3_code_agentic,572,0.0004795505544202802
conditional-fit-0123,axis3_code_agentic,573,0.046566597732121795
conditional-fit-0123,axis3_code_agentic,574,3.805993791098253e-05
conditional-fit-0123,axis3_code_agentic,575,0.017915309065675976
conditional-fit-0123,axis3_code_agentic,576,0.004959788240338938
conditional-fit-0123,axis3_code_agentic,577,0.04891959604795943
conditional-fit-0123,axis3_code_agentic,578,0.002193221480217179
conditional-fit-0123,axis3_code_agentic,579,0.007788720106480536
conditional-fit-0123,axis3_code_agentic,580,0.015614664965298198
conditional-fit-0123,axis3_code_agentic,581,0.00011442203618357568
conditional-fit-0123,axis3_code_agentic,582,0.0008897378688521698
conditional-fit-0123,axis3_code_agentic,583,0.007208615442354634
conditional-fit-0123,axis3_code_agentic,584,0.005009667736995255
conditional-fit-0123,axis3_code_agentic,585,0.008553990389501928
conditional-fit-0123,axis3_code_agentic,586,0.00040879555455193746
conditional-fit-0123,axis3_code_agentic,587,0.0064260250332541045
conditional-fit-0123,axis3_code_agentic,588,0.00023546303619347085
conditional-fit-0123,axis3_code_agentic,589,0.00016518368910486145
conditional-fit-0123,axis3_code_agentic,590,0.0021792064116454893
conditional-fit-0123,axis3_code_agentic,591,0.00011250000207124778
conditional-fit-0123,axis3_code_agentic,592,7.951127379481967e-07
conditional-fit-0123,axis3_code_agentic,593,0.03292281430321821
conditional-fit-0123,axis3_code_agentic,594,0.0010104662993786957
conditional-fit-0123,axis3_code_agentic,595,7.567443871222325e-06
conditional-fit-0123,axis3_code_agentic,596,6.0703345839750593e-05
conditional-fit-0123,axis3_code_agentic,597,0.01913080595860705
conditional-fit-0123,axis3_code_agentic,598,0.006968592187502946
conditional-fit-0123,axis3_code_agentic,599,0.013231146264533644
conditional-fit-0123,axis3_code_agentic,600,2.4460207603345274e-05
conditional-fit-0123,axis3_code_agentic,601,0.007138323196984979
conditional-fit-0123,axis3_code_agentic,602,0.0005967526697751619
conditional-fit-0123,axis3_code_agentic,603,5.050153413070764e-05
conditional-fit-0123,axis3_code_agentic,604,0.07256998853163699
conditional-fit-0123,axis3_code_agentic,605,0.009137806769895292
conditional-fit-0123,axis3_code_agentic,606,0.003282729533284739
conditional-fit-0123,axis3_code_agentic,607,0.012689136656709194
conditional-fit-0123,axis3_code_agentic,608,0.0037045849757153734
conditional-fit-0123,axis3_code_agentic,609,0.027116915687450158
conditional-fit-0123,axis3_code_agentic,610,0.009514211813427875
conditional-fit-0123,axis3_code_agentic,611,0.0038902867585158436
conditional-fit-0123,axis3_code_agentic,612,0.0132948001414607
conditional-fit-0123,axis3_code_agentic,613,0.010716738956732516
conditional-fit-0123,axis3_code_agentic,614,0.012658001562862443
conditional-fit-0123,axis3_code_agentic,615,0.01613915868837408
conditional-fit-0123,axis3_code_agentic,616,0.03394053186844294
conditional-fit-0123,axis3_code_agentic,617,0.0013285320679731277
conditional-fit-0123,axis3_code_agentic,618,0.0053334969637108594
conditional-fit-0123,axis3_code_agentic,619,0.0005131157974775124
conditional-fit-0123,axis3_code_agentic,620,0.002216856651630444
conditional-fit-0123,axis3_code_agentic,621,0.027480569162433285
conditional-fit-0123,axis3_code_agentic,622,0.00020548139118691216
conditional-fit-0123,axis3_code_agentic,623,0.011266541723385018
conditional-fit-0123,axis3_code_agentic,624,0.05947857117304961
conditional-fit-0123,axis3_code_agentic,625,8.448227815862974e-05
conditional-fit-0123,axis3_code_agentic,626,0.03895835372314446
conditional-fit-0123,axis3_code_agentic,627,0.011032987907851722
conditional-fit-0123,axis3_code_agentic,628,0.00832050061837936
conditional-fit-0123,axis3_code_agentic,629,5.1538807090101925e-05
conditional-fit-0123,axis3_code_agentic,630,0.0006703859464281866
conditional-fit-0123,axis3_code_agentic,631,0.1327540904227325
conditional-fit-0123,axis3_code_agentic,632,0.037525575225064
conditional-fit-0123,axis3_code_agentic,633,0.1286200905367088
conditional-fit-0123,axis3_code_agentic,634,0.00021634042947031882
conditional-fit-0123,axis3_code_agentic,635,9.762114813208507e-08
conditional-fit-0123,axis3_code_agentic,636,0.005566272347366458
conditional-fit-0123,axis3_code_agentic,637,0.0023046669163553596
conditional-fit-0123,axis3_code_agentic,638,1.9441528393134733e-05
conditional-fit-0123,axis3_code_agentic,639,2.5845619463454335e-05
conditional-fit-0123,axis3_code_agentic,640,0.0322692964832544
conditional-fit-0123,axis3_code_agentic,641,0.0003381713256095541
conditional-fit-0123,axis3_code_agentic,642,0.0012679946179890338
conditional-fit-0123,axis3_code_agentic,643,0.015274351427108139
conditional-fit-0123,axis3_code_agentic,644,2.3501540161920283e-05
conditional-fit-0123,axis3_code_agentic,645,0.004915744555223492
conditional-fit-0123,axis3_code_agentic,646,0.008487844942847149
conditional-fit-0123,axis3_code_agentic,647,0.06603554306312184
conditional-fit-0123,axis3_code_agentic,648,0.010011216485890645
conditional-fit-0123,axis3_code_agentic,649,0.002278597112389334
conditional-fit-0123,axis3_code_agentic,650,4.5203139595238276e-05
conditional-fit-0123,axis3_code_agentic,651,0.050088151516376606
conditional-fit-0123,axis3_code_agentic,652,0.07628709780425155
conditional-fit-0123,axis3_code_agentic,653,0.00025630705524543854
conditional-fit-0123,axis3_code_agentic,654,0.0029304521097262906
conditional-fit-0123,axis3_code_agentic,655,0.012782587632572527
conditional-fit-0123,axis3_code_agentic,656,0.021938621096188663
conditional-fit-0123,axis3_code_agentic,657,2.268308413808334e-05
conditional-fit-0123,axis3_code_agentic,658,0.02425023771620645
conditional-fit-0123,axis3_code_agentic,659,0.0012306267071845538
conditional-fit-0123,axis3_code_agentic,660,0.00022032541104829062
conditional-fit-0123,axis3_code_agentic,661,0.0025672645081980454
conditional-fit-0123,axis3_code_agentic,662,7.1591952513921125e-06
conditional-fit-0123,axis3_code_agentic,663,0.008231187185779362
conditional-fit-0123,axis3_code_agentic,664,0.029246139268026376
conditional-fit-0123,axis3_code_agentic,665,8.174582000152515e-05
conditional-fit-0123,axis3_code_agentic,666,0.00534568403043428
conditional-fit-0123,axis3_code_agentic,667,0.04783801673688385
conditional-fit-0123,axis3_code_agentic,668,0.06909838529584596
conditional-fit-0123,axis3_code_agentic,669,1.0768564473351325e-05
conditional-fit-0123,axis3_code_agentic,670,0.054920898368760525
conditional-fit-0123,axis3_code_agentic,671,0.01231366095207838
conditional-fit-0123,axis3_code_agentic,672,0.03508691737817161
conditional-fit-0123,axis3_code_agentic,673,0.024322318735409243
conditional-fit-0123,axis3_code_agentic,674,0.010282064116960699
conditional-fit-0123,axis3_code_agentic,675,0.06343949966227222
conditional-fit-0123,axis3_code_agentic,676,0.0018566418945907012
conditional-fit-0123,axis3_code_agentic,677,8.8483092786296e-06
conditional-fit-0123,axis3_code_agentic,678,0.0054519479878736045
conditional-fit-0123,axis3_code_agentic,679,0.05043443090509622
conditional-fit-0123,axis3_code_agentic,680,0.07213983942416245
conditional-fit-0123,axis3_code_agentic,681,6.0292706502315586e-06
conditional-fit-0123,axis3_code_agentic,682,0.023665208466606254
conditional-fit-0123,axis3_code_agentic,683,0.14730788155907618
conditional-fit-0123,axis3_code_agentic,684,0.0559875515739178
conditional-fit-0123,axis3_code_agentic,685,0.025448484709091765
conditional-fit-0123,axis3_code_agentic,686,9.22616670623494e-07
conditional-fit-0123,axis3_code_agentic,687,0.002149447198649359
conditional-fit-0123,axis3_code_agentic,688,0.0003130593434124349
conditional-fit-0123,axis3_code_agentic,689,5.736083589997476e-06
conditional-fit-0123,axis3_code_agentic,690,0.0002731788226291529
conditional-fit-0123,axis3_code_agentic,691,0.05581640138872421
conditional-fit-0123,axis3_code_agentic,692,1.674952420583147e-05
conditional-fit-0123,axis3_code_agentic,693,0.013692896813426371
conditional-fit-0123,axis3_code_agentic,694,0.012080577310487254
conditional-fit-0123,axis3_code_agentic,695,8.269866032129664e-06
conditional-fit-0123,axis3_code_agentic,696,2.8889879791287065e-05
conditional-fit-0123,axis3_code_agentic,697,0.04774326029684966
conditional-fit-0123,axis3_code_agentic,698,5.521607287707392e-06
conditional-fit-0123,axis3_code_agentic,699,7.905010395447176e-05
conditional-fit-0123,axis3_code_agentic,700,0.027441591876225135
conditional-fit-0123,axis3_code_agentic,701,0.09015664149899585
conditional-fit-0123,axis3_code_agentic,702,0.00011601704734850356
conditional-fit-0123,axis3_code_agentic,703,0.08338259942262546
conditional-fit-0123,axis3_code_agentic,704,5.06426989026659e-06
conditional-fit-0123,axis3_code_agentic,705,0.07467990336853296
conditional-fit-0123,axis3_code_agentic,706,7.714358060705964e-05
conditional-fit-0123,axis3_code_agentic,707,0.0193794599328309
conditional-fit-0123,axis3_code_agentic,708,0.0002034487971932751
conditional-fit-0123,axis3_code_agentic,709,0.0004662450611301271
conditional-fit-0123,axis3_code_agentic,710,9.913066778590285e-06
conditional-fit-0123,axis3_code_agentic,711,1.0480359293728166e-05
conditional-fit-0123,axis3_code_agentic,712,0.052714902585545634
conditional-fit-0123,axis3_code_agentic,713,0.009121428747069421
conditional-fit-0123,axis3_code_agentic,714,0.014208100313973616
conditional-fit-0123,axis3_code_agentic,715,0.03127271666058751
conditional-fit-0123,axis3_code_agentic,716,0.007701734673560183
conditional-fit-0123,axis3_code_agentic,717,0.002791171799979869
conditional-fit-0123,axis3_code_agentic,718,0.0018092220057087955
conditional-fit-0123,axis3_code_agentic,719,0.0007918342530896048
conditional-fit-0123,axis3_code_agentic,720,0.0005841552495488443
conditional-fit-0123,axis3_code_agentic,721,0.05920806693196339
conditional-fit-0123,axis3_code_agentic,722,0.0022130957339455627
conditional-fit-0123,axis3_code_agentic,723,0.007791074665504601
conditional-fit-0123,axis3_code_agentic,724,0.056287196743122186
conditional-fit-0123,axis3_code_agentic,725,8.412101707730949e-05
conditional-fit-0123,axis3_code_agentic,726,2.7876391811391493e-05
conditional-fit-0123,axis3_code_agentic,727,0.0560016707995993
conditional-fit-0123,axis3_code_agentic,728,0.0014185762209505222
conditional-fit-0123,axis3_code_agentic,729,0.013992515433084895
conditional-fit-0123,axis3_code_agentic,730,0.02272706612195389
conditional-fit-0123,axis3_code_agentic,731,0.00035883680556702375
conditional-fit-0123,axis3_code_agentic,732,2.919959794750657e-06
conditional-fit-0123,axis3_code_agentic,733,0.013093343217285974
conditional-fit-0123,axis3_code_agentic,734,0.00402231961498667
conditional-fit-0123,axis3_code_agentic,735,4.74182865597681e-06
conditional-fit-0123,axis3_code_agentic,736,4.770313084200808e-05
conditional-fit-0123,axis3_code_agentic,737,0.09178598789625562
conditional-fit-0123,axis3_code_agentic,738,0.014033802228449556
conditional-fit-0123,axis3_code_agentic,739,0.055616678740787025
conditional-fit-0123,axis3_code_agentic,740,0.05335134065886295
conditional-fit-0123,axis3_code_agentic,741,0.0016941732666480303
conditional-fit-0123,axis3_code_agentic,742,0.014918374319522134
conditional-fit-0123,axis3_code_agentic,743,0.058782578299296485
conditional-fit-0123,axis3_code_agentic,744,0.03129796207916783
conditional-fit-0123,axis3_code_agentic,745,0.00045545181695640503
conditional-fit-0123,axis3_code_agentic,746,0.007652149547143308
conditional-fit-0123,axis3_code_agentic,747,0.002749977582717715
conditional-fit-0123,axis3_code_agentic,748,0.041036836762556136
conditional-fit-0123,axis3_code_agentic,749,0.023259601187807573
conditional-fit-0123,axis3_code_agentic,750,0.02185883813027045
conditional-fit-0123,axis3_code_agentic,751,0.017940196821929447
conditional-fit-0123,axis3_code_agentic,752,0.03255106432050731
conditional-fit-0123,axis3_code_agentic,753,0.028746056816902968
conditional-fit-0123,axis3_code_agentic,754,0.001331930293100722
conditional-fit-0123,axis3_code_agentic,755,0.07144432841910317
conditional-fit-0123,axis3_code_agentic,756,0.00296777753404676
conditional-fit-0123,axis3_code_agentic,757,0.075017225254015
conditional-fit-0123,axis3_code_agentic,758,5.050220864733144e-05
conditional-fit-0123,axis3_code_agentic,759,0.005255144336231504
conditional-fit-0123,axis3_code_agentic,760,4.161479057460238e-05
conditional-fit-0123,axis3_code_agentic,761,0.06042036731090526
conditional-fit-0123,axis3_code_agentic,762,0.02757854937414336
conditional-fit-0123,axis3_code_agentic,763,0.003674204065101596
conditional-fit-0123,axis3_code_agentic,764,0.0023260017007015604
conditional-fit-0123,axis3_code_agentic,765,0.025172223083694673
conditional-fit-0123,axis3_code_agentic,766,0.0015002184304393077
conditional-fit-0123,axis3_code_agentic,767,0.0016469165294739265
conditional-fit-0123,axis3_code_agentic,768,0.003767743787345933
conditional-fit-0123,axis3_code_agentic,769,0.03199426727741875
conditional-fit-0123,axis3_code_agentic,770,0.008211156148872864
conditional-fit-0123,axis3_code_agentic,771,0.22082312409962984
conditional-fit-0123,axis3_code_agentic,772,0.07251219396126894
conditional-fit-0123,axis3_code_agentic,773,0.0126015536293922
conditional-fit-0123,axis3_code_agentic,774,0.05051729768008293
conditional-fit-0123,axis3_code_agentic,775,0.0018571780618399205
conditional-fit-0123,axis3_code_agentic,776,0.06394315710127227
conditional-fit-0123,axis3_code_agentic,777,0.002164856479808381
conditional-fit-0123,axis3_code_agentic,778,0.03460181615505943
conditional-fit-0123,axis3_code_agentic,779,0.0017848153371228081
conditional-fit-0123,axis3_code_agentic,780,4.659356569972355e-06
conditional-fit-0123,axis3_code_agentic,781,0.00031843508447094087
conditional-fit-0123,axis3_code_agentic,782,0.009785303290532218
conditional-fit-0123,axis3_code_agentic,783,6.957975409817635e-06
conditional-fit-0123,axis3_code_agentic,784,0.00036681855850073447
conditional-fit-0123,axis3_code_agentic,785,0.06562425587280088
conditional-fit-0123,axis3_code_agentic,786,0.009756587303901219
conditional-fit-0123,axis3_code_agentic,787,0.2937951271767617
conditional-fit-0123,axis3_code_agentic,788,1.706279515287201e-05
conditional-fit-0123,axis3_code_agentic,789,0.004943975974047006
conditional-fit-0123,axis3_code_agentic,790,0.019543993998032208
conditional-fit-0123,axis3_code_agentic,791,0.018333544464787212
conditional-fit-0123,axis3_code_agentic,792,0.009310140566123717
conditional-fit-0123,axis3_code_agentic,793,0.01765951418076065
conditional-fit-0123,axis3_code_agentic,794,0.001653436758643407
conditional-fit-0123,axis3_code_agentic,795,0.07617724133224563
conditional-fit-0123,axis3_code_agentic,796,0.013311322121193972
conditional-fit-0123,axis3_code_agentic,797,0.019214843348304755
conditional-fit-0123,axis3_code_agentic,798,0.00984603177324455
conditional-fit-0123,axis3_code_agentic,799,4.800726438457377e-05
conditional-fit-0123,axis3_code_agentic,800,0.08094641590845186
conditional-fit-0123,axis3_code_agentic,801,0.1913003729368866
conditional-fit-0123,axis3_code_agentic,802,0.23923516073472756
conditional-fit-0123,axis3_code_agentic,803,0.13632382354975248
conditional-fit-0123,axis3_code_agentic,804,0.11811485416093398
conditional-fit-0123,axis3_code_agentic,805,0.18135873332616792
conditional-fit-0123,axis3_code_agentic,806,0.08710579149888911
conditional-fit-0123,axis3_code_agentic,807,0.003055058424412973
conditional-fit-0123,axis3_code_agentic,808,0.05655550798999108
conditional-fit-0123,axis3_code_agentic,809,0.02868571040040642
conditional-fit-0123,axis3_code_agentic,810,0.0002826987860374173
conditional-fit-0123,axis3_code_agentic,811,0.026334249337165543
conditional-fit-0123,axis3_code_agentic,812,0.019540161586294392
conditional-fit-0123,axis3_code_agentic,813,0.05655648128484825
conditional-fit-0123,axis3_code_agentic,814,0.012885262390931788
conditional-fit-0123,axis3_code_agentic,815,0.001370154285142033
conditional-fit-0123,axis3_code_agentic,816,0.001842948228339955
conditional-fit-0123,axis3_code_agentic,817,0.032204269493360464
conditional-fit-0123,axis3_code_agentic,818,7.990031868539947e-05
conditional-fit-0123,axis3_code_agentic,819,6.256787063057493e-05
conditional-fit-0123,axis3_code_agentic,820,0.003639448510160217
conditional-fit-0123,axis3_code_agentic,821,0.0033103302777494946
conditional-fit-0123,axis3_code_agentic,822,0.07702339209836306
conditional-fit-0123,axis3_code_agentic,823,0.01206493804273826
conditional-fit-0123,axis3_code_agentic,824,1.6996195224562573e-06
conditional-fit-0123,axis3_code_agentic,825,0.0037832994681280827
conditional-fit-0123,axis3_code_agentic,826,0.03619661796087545
conditional-fit-0123,axis3_code_agentic,827,1.0283215366151482e-05
conditional-fit-0123,axis3_code_agentic,828,0.0001783393183129956
conditional-fit-0123,axis3_code_agentic,829,0.11464274318139463
conditional-fit-0123,axis3_code_agentic,830,2.0397293363834004e-06
conditional-fit-0123,axis3_code_agentic,831,0.0014217440562894219
conditional-fit-0123,axis3_code_agentic,832,0.009587528480127819
conditional-fit-0123,axis3_code_agentic,833,5.4975246422077066e-06
conditional-fit-0123,axis3_code_agentic,834,0.01302557584583
conditional-fit-0123,axis3_code_agentic,835,0.005733018160102213
conditional-fit-0123,axis3_code_agentic,836,0.014968293961557976
conditional-fit-0123,axis3_code_agentic,837,0.0013211277928806718
conditional-fit-0123,axis3_code_agentic,838,0.010893284088480878
conditional-fit-0123,axis3_code_agentic,839,0.018118317720321332
conditional-fit-0123,axis3_code_agentic,840,0.009319448302219674
conditional-fit-0123,axis3_code_agentic,841,0.0056746712330274255
conditional-fit-0123,axis3_code_agentic,842,6.089899600942607e-05
conditional-fit-0123,axis3_code_agentic,843,0.019659766011217814
conditional-fit-0123,axis3_code_agentic,844,0.0011678649378709608
conditional-fit-0123,axis3_code_agentic,845,0.0009689570580210988
conditional-fit-0123,axis3_code_agentic,846,0.015724649889489725
conditional-fit-0123,axis3_code_agentic,847,0.008030674512109572
conditional-fit-0123,axis3_code_agentic,848,0.01428920760345609
conditional-fit-0123,axis3_code_agentic,849,2.369981342403029e-05
conditional-fit-0123,axis3_code_agentic,850,0.11052492364085817
conditional-fit-0123,axis3_code_agentic,851,0.019326562409007736
conditional-fit-0123,axis3_code_agentic,852,0.014669928149945008
conditional-fit-0123,axis3_code_agentic,853,0.04544845864199362
conditional-fit-0123,axis3_code_agentic,854,0.015380290575388117
conditional-fit-0123,axis3_code_agentic,855,0.004411056327421621
conditional-fit-0123,axis3_code_agentic,856,0.07012718290553387
conditional-fit-0123,axis3_code_agentic,857,0.04484496042773613
conditional-fit-0123,axis3_code_agentic,858,0.0001923035506338954
conditional-fit-0123,axis3_code_agentic,859,0.05400086127932155
conditional-fit-0123,axis3_code_agentic,860,0.02812736706503397
conditional-fit-0123,axis3_code_agentic,861,0.0004136953708391704
conditional-fit-0123,axis3_code_agentic,862,0.04908813239059624
conditional-fit-0123,axis3_code_agentic,863,0.008968770001975011
conditional-fit-0123,axis3_code_agentic,864,0.013514685991894438
conditional-fit-0123,axis3_code_agentic,865,0.0024303172255347102
conditional-fit-0123,axis3_code_agentic,866,1.5460346704601884e-06
conditional-fit-0123,axis3_code_agentic,867,0.0009978339156008
conditional-fit-0123,axis3_code_agentic,868,0.04854556170407705
conditional-fit-0123,axis3_code_agentic,869,0.012377868435112988
conditional-fit-0123,axis3_code_agentic,870,0.015684999937320344
conditional-fit-0123,axis3_code_agentic,871,0.006455266135756398
conditional-fit-0123,axis3_code_agentic,872,0.010445431927396817
conditional-fit-0123,axis3_code_agentic,873,0.002493062910742354
conditional-fit-0123,axis3_code_agentic,874,0.004450876950656664
conditional-fit-0123,axis3_code_agentic,875,0.008455644647990885
conditional-fit-0123,axis3_code_agentic,876,0.0036876111319863736
conditional-fit-0123,axis3_code_agentic,877,0.013293750206442148
conditional-fit-0123,axis3_code_agentic,878,2.7783382616580365e-06
conditional-fit-0123,axis3_code_agentic,879,0.0031713587419332223
conditional-fit-0123,axis3_code_agentic,880,0.007857558132990591
conditional-fit-0123,axis3_code_agentic,881,0.0009757675276382127
conditional-fit-0123,axis3_code_agentic,882,0.012024256230766691
conditional-fit-0123,axis3_code_agentic,883,0.015671014856286778
conditional-fit-0123,axis3_code_agentic,884,0.0017674179798334985
conditional-fit-0123,axis3_code_agentic,885,0.020974538183868272
conditional-fit-0123,axis3_code_agentic,886,0.019114169553458706
conditional-fit-0123,axis3_code_agentic,887,8.921596298378687e-06
conditional-fit-0123,axis3_code_agentic,888,0.0002581869294215836
conditional-fit-0123,axis3_code_agentic,889,0.006545356178205664
conditional-fit-0123,axis3_code_agentic,890,0.0029341771240425953
conditional-fit-0123,axis3_code_agentic,891,2.895946878097638e-06
conditional-fit-0123,axis3_code_agentic,892,0.016574216845024713
conditional-fit-0123,axis3_code_agentic,893,0.0010868293499652908
conditional-fit-0123,axis3_code_agentic,894,0.00048673640542046834
conditional-fit-0123,axis3_code_agentic,895,0.043434504055130906
conditional-fit-0123,axis3_code_agentic,896,0.0163364244725415
conditional-fit-0123,axis3_code_agentic,897,2.7426681053592148e-05
conditional-fit-0123,axis3_code_agentic,898,0.013401610477772032
conditional-fit-0123,axis3_code_agentic,899,0.09697694229351178
conditional-fit-0123,axis3_code_agentic,900,0.0004415483371031743
conditional-fit-0123,axis3_code_agentic,901,0.007366631457141112
conditional-fit-0123,axis3_code_agentic,902,0.006380327342610101
conditional-fit-0123,axis3_code_agentic,903,0.017461685675805666
conditional-fit-0123,axis3_code_agentic,904,0.03767584967584847
conditional-fit-0123,axis3_code_agentic,905,0.03885288423628595
conditional-fit-0123,axis3_code_agentic,906,0.005582166659535554
conditional-fit-0123,axis3_code_agentic,907,4.104069708371185e-05
conditional-fit-0123,axis3_code_agentic,908,0.10066485715180087
conditional-fit-0123,axis3_code_agentic,909,0.043023689142765054
conditional-fit-0123,axis3_code_agentic,910,2.6357447953318602e-05
conditional-fit-0123,axis3_code_agentic,911,0.05673964678909413
conditional-fit-0123,axis3_code_agentic,912,0.13583359442308943
conditional-fit-0123,axis3_code_agentic,913,0.02072603903718226
conditional-fit-0123,axis3_code_agentic,914,0.057991207024158026
conditional-fit-0123,axis3_code_agentic,915,6.735229680653207e-05
conditional-fit-0123,axis3_code_agentic,916,0.022596014286496036
conditional-fit-0123,axis3_code_agentic,917,0.07027297602545463
conditional-fit-0123,axis3_code_agentic,918,0.25058578413726884
conditional-fit-0123,axis3_code_agentic,919,0.0015166184063672432
conditional-fit-0123,axis3_code_agentic,920,0.05264569258114725
conditional-fit-0123,axis3_code_agentic,921,0.10308370250848825
conditional-fit-0123,axis3_code_agentic,922,0.027453195296436413
conditional-fit-0123,axis3_code_agentic,923,0.005939369687215931
conditional-fit-0123,axis3_code_agentic,924,0.028800189667337793
conditional-fit-0123,axis3_code_agentic,925,0.00470755760323694
conditional-fit-0123,axis3_code_agentic,926,0.003718016065271002
conditional-fit-0123,axis3_code_agentic,927,0.01588300873401381
conditional-fit-0123,axis3_code_agentic,928,0.0015403984492632554
conditional-fit-0123,axis3_code_agentic,929,0.013984373273048752
conditional-fit-0123,axis3_code_agentic,930,0.010660151194092554
conditional-fit-0123,axis3_code_agentic,931,0.0011613379924643693
conditional-fit-0123,axis3_code_agentic,932,0.025487440839090117
conditional-fit-0123,axis3_code_agentic,933,0.00026447125453078334
conditional-fit-0123,axis3_code_agentic,934,0.0022196061884597004
conditional-fit-0123,axis3_code_agentic,935,0.0022470279241025497
conditional-fit-0123,axis3_code_agentic,936,0.0004724455028344062
conditional-fit-0123,axis3_code_agentic,937,0.025759779710832542
conditional-fit-0123,axis3_code_agentic,938,0.106104857083981
conditional-fit-0123,axis3_code_agentic,939,0.02986224056856488
conditional-fit-0123,axis3_code_agentic,940,0.00258860583925458
conditional-fit-0123,axis3_code_agentic,941,0.03980275327377192
conditional-fit-0123,axis3_code_agentic,942,0.03678301199505849
conditional-fit-0123,axis3_code_agentic,943,0.014958186678502
conditional-fit-0123,axis3_code_agentic,944,0.02293740773908578
conditional-fit-0123,axis3_code_agentic,945,0.03150169273072226
conditional-fit-0123,axis3_code_agentic,946,0.020171160845879495
conditional-fit-0123,axis3_code_agentic,947,0.012061530252098995
conditional-fit-0123,axis3_code_agentic,948,0.003998217903417459
conditional-fit-0123,axis3_code_agentic,949,0.00031377992577456945
conditional-fit-0123,axis3_code_agentic,950,0.029524366754951504
conditional-fit-0123,axis3_code_agentic,951,0.003444153139827183
conditional-fit-0123,axis3_code_agentic,952,0.05205551253169739
conditional-fit-0123,axis3_code_agentic,953,0.04913526198979043
conditional-fit-0123,axis3_code_agentic,954,0.03086243190941105
conditional-fit-0123,axis3_code_agentic,955,0.15163603795062336
conditional-fit-0123,axis3_code_agentic,956,0.22614267095744486
conditional-fit-0123,axis3_code_agentic,957,0.06469631951661767
conditional-fit-0123,axis3_code_agentic,958,0.13520953266355942
conditional-fit-0123,axis3_code_agentic,959,0.10912116406153982
conditional-fit-0123,axis3_code_agentic,960,0.012446335553751808
conditional-fit-0123,axis3_code_agentic,961,0.05211499860914176
conditional-fit-0123,axis3_code_agentic,962,0.059654318349080984
conditional-fit-0123,axis3_code_agentic,963,0.02817348165498057
conditional-fit-0123,axis3_code_agentic,964,0.010816033319513077
conditional-fit-0123,axis3_code_agentic,965,0.014930201262942294
conditional-fit-0123,axis3_code_agentic,966,0.0394976002697368
conditional-fit-0123,axis3_code_agentic,967,0.03652796923115767
conditional-fit-0123,axis3_code_agentic,968,0.10287319611918469
conditional-fit-0123,axis3_code_agentic,969,0.005392782524937516
conditional-fit-0123,axis3_code_agentic,970,0.06148881289519184
conditional-fit-0123,axis3_code_agentic,971,0.06461229383140878
conditional-fit-0123,axis3_code_agentic,972,0.019327162027677397
conditional-fit-0123,axis3_code_agentic,973,0.028168193692479915
conditional-fit-0123,axis3_code_agentic,974,0.11301900897569694
conditional-fit-0123,axis3_code_agentic,975,0.1063701847914073
conditional-fit-0123,axis3_code_agentic,976,0.03956514161107171
conditional-fit-0123,axis3_code_agentic,977,0.03847811628454973
conditional-fit-0123,axis3_code_agentic,978,0.028678814526443545
conditional-fit-0123,axis3_code_agentic,979,0.09379046551261758
conditional-fit-0123,axis3_code_agentic,980,0.029110726311668667
conditional-fit-0123,axis3_code_agentic,981,0.007587311496926958
conditional-fit-0123,axis3_code_agentic,982,0.028750350066732964
conditional-fit-0123,axis3_code_agentic,983,0.15209486477853987
conditional-fit-0123,axis3_code_agentic,984,0.0055605931082478716
conditional-fit-0123,axis3_code_agentic,985,0.1618945618922906
conditional-fit-0123,axis3_code_agentic,986,0.05441093106151735
conditional-fit-0123,axis3_code_agentic,987,0.0024897509209480355
conditional-fit-0123,axis3_code_agentic,988,0.1746828293861091
conditional-fit-0123,axis3_code_agentic,989,0.038146541391220735
conditional-fit-0123,axis3_code_agentic,990,0.007643224730490133
conditional-fit-0123,axis3_code_agentic,991,0.04987743917059187
conditional-fit-0123,axis3_code_agentic,992,0.08182366221432254
conditional-fit-0123,axis3_code_agentic,993,0.01743612399211832
conditional-fit-0123,axis3_code_agentic,994,0.026449266922294268
conditional-fit-0123,axis3_code_agentic,995,0.01219599965957638
conditional-fit-0123,axis3_code_agentic,996,0.011295023926830492
conditional-fit-0123,axis3_code_agentic,997,0.020686249189942517
conditional-fit-0123,axis3_code_agentic,998,0.03843133231048399
conditional-fit-0123,axis3_code_agentic,999,0.034591743554580785
conditional-fit-0123,axis3_code_agentic,1000,0.05668478667728495
conditional-fit-0123,axis3_code_agentic,1001,0.009308888068692114
conditional-fit-0123,axis3_code_agentic,1002,0.030093002545357052
conditional-fit-0123,axis3_code_agentic,1003,0.010757611941517618
conditional-fit-0123,axis3_code_agentic,1004,0.062307078269689356
conditional-fit-0123,axis3_code_agentic,1005,0.027286056791809093
conditional-fit-0123,axis3_code_agentic,1006,0.032244363335348185
conditional-fit-0123,axis3_code_agentic,1007,0.10993257814534746
conditional-fit-0123,axis3_code_agentic,1008,0.023676956710055357
conditional-fit-0123,axis3_code_agentic,1009,0.006001341899346369
conditional-fit-0123,axis3_code_agentic,1010,0.03143177047272013
conditional-fit-0123,axis3_code_agentic,1011,0.022493665974028392
conditional-fit-0123,axis3_code_agentic,1012,0.03661668329646138
conditional-fit-0123,axis3_code_agentic,1013,0.0017652016904750065
conditional-fit-0123,axis3_code_agentic,1014,0.0010669368022892377
conditional-fit-0123,axis3_code_agentic,1015,0.0437377007785128
conditional-fit-0123,axis3_code_agentic,1016,0.03071004781679993
conditional-fit-0123,axis3_code_agentic,1017,0.007063133055492018
conditional-fit-0123,axis3_code_agentic,1018,0.002967141185236606
conditional-fit-0123,axis3_code_agentic,1019,0.02095259001667127
conditional-fit-0123,axis3_code_agentic,1020,0.04464693696827532
conditional-fit-0123,axis3_code_agentic,1021,0.0004688237425131206
conditional-fit-0123,axis3_code_agentic,1022,0.002411977784681977
conditional-fit-0123,axis3_code_agentic,1023,0.16694153350653715
conditional-fit-0123,axis3_code_agentic,1024,0.06777083686586605
conditional-fit-0123,axis3_code_agentic,1025,0.3350877222143385
conditional-fit-0123,axis3_code_agentic,1026,0.009370183414258411
conditional-fit-0123,axis3_code_agentic,1027,0.00856588569107202
conditional-fit-0123,axis3_code_agentic,1028,0.0002228131426675785
conditional-fit-0123,axis3_code_agentic,1029,0.0036271819018579114
conditional-fit-0123,axis3_code_agentic,1030,0.004718999792328804
conditional-fit-0123,axis3_code_agentic,1031,0.04002755468149999
conditional-fit-0123,axis3_code_agentic,1032,0.0004652396204544211
conditional-fit-0123,axis3_code_agentic,1033,0.007367791582435742
conditional-fit-0123,axis3_code_agentic,1034,0.0988222848394976
conditional-fit-0123,axis3_code_agentic,1035,4.296334109653828e-05
conditional-fit-0123,axis3_code_agentic,1036,0.005286695846001669
conditional-fit-0123,axis3_code_agentic,1037,0.025554711943928405
conditional-fit-0123,axis3_code_agentic,1038,0.15865111822471395
conditional-fit-0123,axis3_code_agentic,1039,0.18876453891844985
conditional-fit-0123,axis3_code_agentic,1040,0.22561001042032022
conditional-fit-0123,axis3_code_agentic,1041,0.011405944896923256
conditional-fit-0123,axis3_code_agentic,1042,0.003945184573050993
conditional-fit-0123,axis3_code_agentic,1043,0.2230393788527939
conditional-fit-0123,axis3_code_agentic,1044,0.07050489494830323
conditional-fit-0123,axis3_code_agentic,1045,0.1505608296421445
conditional-fit-0123,axis3_code_agentic,1046,0.020671241931868783
conditional-fit-0123,axis3_code_agentic,1047,0.26934343784724213
conditional-fit-0123,axis3_code_agentic,1048,0.026017496355009953
conditional-fit-0123,axis3_code_agentic,1049,0.07453685761022621
conditional-fit-0123,axis3_code_agentic,1050,0.14166452235486515
conditional-fit-0123,axis3_code_agentic,1051,0.03930224203584537
conditional-fit-0123,axis3_code_agentic,1052,0.034372027125485746
conditional-fit-0123,axis3_code_agentic,1053,0.014130168573312812
conditional-fit-0123,axis3_code_agentic,1054,0.026133244057296452
conditional-fit-0123,axis3_code_agentic,1055,0.12614294829405256
conditional-fit-0123,axis3_code_agentic,1056,0.03269300814894758
conditional-fit-0123,axis3_code_agentic,1057,1.414293846221962
conditional-fit-0123,axis3_code_agentic,1058,0.00037788502472821156
conditional-fit-0123,axis3_code_agentic,1059,0.08043921408130911
conditional-fit-0123,axis3_code_agentic,1060,0.08774906600530966
conditional-fit-0123,axis3_code_agentic,1061,0.03847030362573897
conditional-fit-0123,axis3_code_agentic,1062,0.0011658564241761827
conditional-fit-0123,axis3_code_agentic,1063,0.02729429454568725
conditional-fit-0123,axis3_code_agentic,1064,0.011391461151168814
conditional-fit-0123,axis3_code_agentic,1065,0.1606325850663596
conditional-fit-0123,axis3_code_agentic,1066,0.00030212085829691674
conditional-fit-0123,axis3_code_agentic,1067,0.0024612290823037802
conditional-fit-0123,axis3_code_agentic,1068,2.6426406689972518e-05
conditional-fit-0123,axis3_code_agentic,1069,0.00018731140244365404
conditional-fit-0123,axis3_code_agentic,1070,9.269039338526044e-06
conditional-fit-0123,axis3_code_agentic,1071,0.03538003021732587
conditional-fit-0123,axis3_code_agentic,1072,0.0001333666579605413
conditional-fit-0123,axis3_code_agentic,1073,0.013092349195804045
conditional-fit-0123,axis3_code_agentic,1074,0.0005654103762456975
conditional-fit-0123,axis3_code_agentic,1075,0.0004942491731441611
conditional-fit-0123,axis3_code_agentic,1076,0.003052832299100369
conditional-fit-0123,axis3_code_agentic,1077,0.8156578312310677
conditional-fit-0123,axis3_code_agentic,1078,0.023273679877391942
conditional-fit-0123,axis3_code_agentic,1079,0.048482573725809774
conditional-fit-0123,axis3_code_agentic,1080,0.004470207464082941
conditional-fit-0123,axis3_code_agentic,1081,0.40092519215742284
conditional-fit-0123,axis3_code_agentic,1082,0.002041568234123162
conditional-fit-0123,axis3_code_agentic,1083,0.47764421862804796
conditional-fit-0123,axis3_code_agentic,1084,0.028721991126398064
conditional-fit-0123,axis3_code_agentic,1085,0.38218851566118806
conditional-fit-0123,axis3_code_agentic,1086,0.1298930066308145
conditional-fit-0123,axis3_code_agentic,1087,0.06962090430219216
conditional-fit-0123,axis3_code_agentic,1088,0.042789099382702686
conditional-fit-0123,axis3_code_agentic,1089,0.10690885740818183
conditional-fit-0123,axis3_code_agentic,1090,0.14160154377106193
conditional-fit-0123,axis3_code_agentic,1091,0.058150270998440376
conditional-fit-0123,axis3_code_agentic,1092,0.07400025373475735
conditional-fit-0123,axis3_code_agentic,1093,0.0054930947245515685
conditional-fit-0123,axis3_code_agentic,1094,5.697010511219169e-05
conditional-fit-0123,axis3_code_agentic,1095,0.03187163790393141
conditional-fit-0123,axis3_code_agentic,1096,0.021362288259075973
conditional-fit-0123,axis3_code_agentic,1097,7.245605634912498e-05
conditional-fit-0123,axis3_code_agentic,1098,0.0012994467399703258
conditional-fit-0123,axis3_code_agentic,1099,0.0007128396186941503
conditional-fit-0123,axis3_code_agentic,1100,9.072596932748954e-05
conditional-fit-0123,axis3_code_agentic,1101,6.351725675306524e-07
conditional-fit-0123,axis3_code_agentic,1102,0.0006668731580914196
conditional-fit-0123,axis3_code_agentic,1103,0.0001176566539200696
conditional-fit-0123,axis3_code_agentic,1104,0.002699344810171275
conditional-fit-0123,axis3_code_agentic,1105,0.0004211249063043176
conditional-fit-0123,axis3_code_agentic,1106,0.04963183966697998
conditional-fit-0123,axis3_code_agentic,1107,0.012019148056392703
conditional-fit-0123,axis3_code_agentic,1108,0.5526537069990565
conditional-fit-0123,axis3_code_agentic,1109,0.03895513012484353
conditional-fit-0123,axis3_code_agentic,1110,0.004932170886846763
conditional-fit-0123,axis3_code_agentic,1111,0.00017535162566059863
conditional-fit-0123,axis3_code_agentic,1112,0.001306081941267549
conditional-fit-0123,axis3_code_agentic,1113,0.0016018038539415292
conditional-fit-0123,axis3_code_agentic,1114,0.12649722879313077
conditional-fit-0123,axis3_code_agentic,1115,0.002536788774639598
conditional-fit-0123,axis3_code_agentic,1116,0.08340093907191487
conditional-fit-0123,axis3_code_agentic,1117,0.048804789760804
conditional-fit-0123,axis3_code_agentic,1118,0.0403906815946214
conditional-fit-0123,axis3_code_agentic,1119,0.057295792293322434
conditional-fit-0123,axis3_code_agentic,1120,0.007011402552737635
conditional-fit-0123,axis3_code_agentic,1121,0.02838034376748575
conditional-fit-0123,axis3_code_agentic,1122,0.04794301245630353
conditional-fit-0123,axis3_code_agentic,1123,0.010965697163483917
conditional-fit-0123,axis3_code_agentic,1124,0.022323945121949663
conditional-fit-0123,axis3_code_agentic,1125,0.011231896777970436
conditional-fit-0123,axis3_code_agentic,1126,0.00020033626938417904
conditional-fit-0123,axis3_code_agentic,1127,0.00025878940205236383
conditional-fit-0123,axis3_code_agentic,1128,0.0007122193794762016
conditional-fit-0123,axis3_code_agentic,1129,0.004351406470709829
conditional-fit-0123,axis3_code_agentic,1130,0.002792045458413275
conditional-fit-0123,axis3_code_agentic,1131,0.24416831858283072
conditional-fit-0123,axis3_code_agentic,1132,0.006616240887816071
conditional-fit-0123,axis3_code_agentic,1133,0.00025057593466195634
conditional-fit-0123,axis3_code_agentic,1134,8.506890038725261e-05
conditional-fit-0123,axis3_code_agentic,1135,0.002626528090039311
conditional-fit-0123,axis3_code_agentic,1136,0.000998948097065334
conditional-fit-0123,axis3_code_agentic,1137,0.0005079838247533962
conditional-fit-0123,axis3_code_agentic,1138,0.0002460564376737124
conditional-fit-0123,axis3_code_agentic,1139,0.0008485528470174928
conditional-fit-0123,axis3_code_agentic,1140,0.00028318298631760765
conditional-fit-0123,axis3_code_agentic,1141,0.0007417764556428796
conditional-fit-0123,axis3_code_agentic,1142,0.0038050210290196105
conditional-fit-0123,axis3_code_agentic,1143,0.07286731899903856
conditional-fit-0123,axis3_code_agentic,1144,0.012941823703558782
conditional-fit-0123,axis3_code_agentic,1145,0.030356186052126703
conditional-fit-0123,axis3_code_agentic,1146,0.08637913485950074
conditional-fit-0123,axis3_code_agentic,1147,0.0076487107804884165
conditional-fit-0123,axis3_code_agentic,1148,0.0004891631591911247
conditional-fit-0123,axis3_code_agentic,1149,0.00632902543440545
conditional-fit-0123,axis3_code_agentic,1150,0.00010100465400909324
conditional-fit-0123,axis3_code_agentic,1151,0.0009642530803409869
conditional-fit-0123,axis3_code_agentic,1152,0.002198874717315897
conditional-fit-0123,axis3_code_agentic,1153,0.0017185453044124982
conditional-fit-0123,axis3_code_agentic,1154,0.10022218224132594
conditional-fit-0123,axis3_code_agentic,1155,0.0011061409954680355
conditional-fit-0123,axis3_code_agentic,1156,0.001024703354389892
conditional-fit-0123,axis3_code_agentic,1157,1.979047261712825e-05
conditional-fit-0123,axis3_code_agentic,1158,4.310537765512678e-05
conditional-fit-0123,axis3_code_agentic,1159,0.000887485010744621
conditional-fit-0123,axis3_code_agentic,1160,0.05115282201703819
conditional-fit-0123,axis3_code_agentic,1161,0.0005459083795271943
conditional-fit-0123,axis3_code_agentic,1162,0.0018193591589877097
conditional-fit-0123,axis3_code_agentic,1163,0.00012741611512953583
conditional-fit-0123,axis3_code_agentic,1164,0.0002726426922229634
conditional-fit-0123,axis3_code_agentic,1165,0.004060155417964995
conditional-fit-0123,axis3_code_agentic,1166,0.009125456932884295
conditional-fit-0123,axis3_code_agentic,1167,0.035527700343030856
conditional-fit-0123,axis3_code_agentic,1168,0.11657297469080735
conditional-fit-0123,axis3_code_agentic,1169,0.07943516291624175
conditional-fit-0123,axis3_code_agentic,1170,0.02830696083787859
conditional-fit-0123,axis3_code_agentic,1171,0.006425198101288186
conditional-fit-0123,axis3_code_agentic,1172,0.02891970964075617
conditional-fit-0123,axis3_code_agentic,1173,0.08148601544476664
conditional-fit-0123,axis3_code_agentic,1174,0.03541273876006663
conditional-fit-0123,axis3_code_agentic,1175,0.00952538490459311
conditional-fit-0123,axis3_code_agentic,1176,0.0028112271987793536
conditional-fit-0123,axis3_code_agentic,1177,0.001042413963388173
conditional-fit-0123,axis3_code_agentic,1178,0.0018578669855008865
conditional-fit-0123,axis3_code_agentic,1179,0.025434666639412594
conditional-fit-0123,axis3_code_agentic,1180,0.057156473100816466
conditional-fit-0123,axis3_code_agentic,1181,0.1284412163756347
conditional-fit-0123,axis3_code_agentic,1182,0.052106055821131377
conditional-fit-0123,axis3_code_agentic,1183,0.016773798942578605
conditional-fit-0123,axis3_code_agentic,1184,0.07151170109660933
conditional-fit-0123,axis3_code_agentic,1185,0.0030933400991407923
conditional-fit-0123,axis3_code_agentic,1186,0.030439897071990185
conditional-fit-0123,axis3_code_agentic,1187,0.14156124569787765
conditional-fit-0123,axis3_code_agentic,1188,0.02172791402719663
conditional-fit-0123,axis3_code_agentic,1189,0.0002161450811562056
conditional-fit-0123,axis3_code_agentic,1190,0.051795054817811305
conditional-fit-0123,axis3_code_agentic,1191,0.018004572237057127
conditional-fit-0123,axis3_code_agentic,1192,0.08040734569615818
conditional-fit-0123,axis3_code_agentic,1193,0.08065615676018002
conditional-fit-0123,axis3_code_agentic,1194,0.046471965838312174
conditional-fit-0123,axis3_code_agentic,1195,0.07719594430853378
conditional-fit-0123,axis3_code_agentic,1196,0.009180956447948129
conditional-fit-0123,axis3_code_agentic,1197,0.052350894125613535
conditional-fit-0123,axis3_code_agentic,1198,0.017107360272002985
conditional-fit-0123,axis3_code_agentic,1199,0.033506789886377786
conditional-fit-0123,axis3_code_agentic,1200,2.0067752347486634e-05
conditional-fit-0123,axis3_code_agentic,1201,0.010898497032799027
conditional-fit-0123,axis3_code_agentic,1202,0.0018763435402331385
conditional-fit-0123,axis3_code_agentic,1203,0.0007232058311277689
conditional-fit-0123,axis3_code_agentic,1204,0.00035542449664830925
conditional-fit-0123,axis3_code_agentic,1205,0.0020349337327298725
conditional-fit-0123,axis3_code_agentic,1206,0.0031161469829374144
conditional-fit-0123,axis3_code_agentic,1207,0.494389798650596
conditional-fit-0123,axis3_code_agentic,1208,0.005914958003432551
conditional-fit-0123,axis3_code_agentic,1209,0.000407154459899934
conditional-fit-0123,axis3_code_agentic,1210,9.958147451450002e-05
conditional-fit-0123,axis3_code_agentic,1211,0.008469968546258321
conditional-fit-0123,axis3_code_agentic,1212,0.0006942809592248792
conditional-fit-0123,axis3_code_agentic,1213,0.17098684727967908
conditional-fit-0123,axis3_code_agentic,1214,0.004340960203736501
conditional-fit-0123,axis3_code_agentic,1215,0.038998468124578314
conditional-fit-0123,axis3_code_agentic,1216,0.004502794291275357
conditional-fit-0123,axis3_code_agentic,1217,0.002525148001308395
conditional-fit-0123,axis3_code_agentic,1218,0.033487099827220666
conditional-fit-0123,axis3_code_agentic,1219,0.03986456368964454
conditional-fit-0123,axis3_code_agentic,1220,0.01185400122911123
conditional-fit-0123,axis3_code_agentic,1221,0.034227739755176734
conditional-fit-0123,axis3_code_agentic,1222,0.018885039998412477
conditional-fit-0123,axis3_code_agentic,1223,0.022835187970423054
conditional-fit-0123,axis3_code_agentic,1224,0.017385296069807248
conditional-fit-0123,axis3_code_agentic,1225,0.01081188889287929
conditional-fit-0123,axis3_code_agentic,1226,0.013139737617687122
conditional-fit-0123,axis3_code_agentic,1227,0.00508054014688986
conditional-fit-0123,axis3_code_agentic,1228,0.18067467570305698
conditional-fit-0123,axis3_code_agentic,1229,0.03793680459708625
conditional-fit-0123,axis3_code_agentic,1230,0.0017940976701185888
conditional-fit-0123,axis3_code_agentic,1231,0.020406175041585678
conditional-fit-0123,axis3_code_agentic,1232,0.015962419604616397
conditional-fit-0123,axis3_code_agentic,1233,0.030163817012196115
conditional-fit-0123,axis3_code_agentic,1234,0.0004056882324741069
conditional-fit-0123,axis3_code_agentic,1235,0.014329326692094801
conditional-fit-0123,axis3_code_agentic,1236,0.015244980403897587
conditional-fit-0123,axis3_code_agentic,1237,0.04297559155725718
conditional-fit-0123,axis3_code_agentic,1238,0.15673006963790148
conditional-fit-0123,axis3_code_agentic,1239,0.11077777141315145
conditional-fit-0123,axis3_code_agentic,1240,0.018590638608252184
conditional-fit-0123,axis3_code_agentic,1241,0.019718461486152458
conditional-fit-0123,axis3_code_agentic,1242,0.003966599628416326
conditional-fit-0123,axis3_code_agentic,1243,0.09693020224102637
conditional-fit-0123,axis3_code_agentic,1244,0.014456309188477557
conditional-fit-0123,axis3_code_agentic,1245,0.0030984911553503525
conditional-fit-0123,axis3_code_agentic,1246,0.003947808571238451
conditional-fit-0123,axis3_code_agentic,1247,0.002361497926987535
conditional-fit-0123,axis3_code_agentic,1248,0.0009403297720854408
conditional-fit-0123,axis3_code_agentic,1249,0.22145462759650514
conditional-fit-0123,axis3_code_agentic,1250,0.0031606168079619003
conditional-fit-0123,axis3_code_agentic,1251,0.0065855651290495365
conditional-fit-0123,axis3_code_agentic,1252,0.03588563115090573
conditional-fit-0123,axis3_code_agentic,1253,0.00018839452445503033
conditional-fit-0123,axis3_code_agentic,1254,0.004378587956772484
conditional-fit-0123,axis3_code_agentic,1255,0.02596397418107263
conditional-fit-0123,axis3_code_agentic,1256,3.872389869673938e-05
conditional-fit-0123,axis3_code_agentic,1257,6.352369761314895e-05
conditional-fit-0123,axis3_code_agentic,1258,0.00010827728921732987
conditional-fit-0123,axis3_code_agentic,1259,0.0015100180422018606
conditional-fit-0123,axis3_code_agentic,1260,3.2243700947307944e-05
conditional-fit-0123,axis3_code_agentic,1261,0.09789993043279124
conditional-fit-0123,axis3_code_agentic,1262,0.033286464500623655
conditional-fit-0123,axis3_code_agentic,1263,1.6594571022839992e-05
conditional-fit-0123,axis3_code_agentic,1264,0.001630169227081286
conditional-fit-0123,axis3_code_agentic,1265,0.02775212696955991
conditional-fit-0123,axis3_code_agentic,1266,0.004346121601322335
conditional-fit-0123,axis3_code_agentic,1267,5.1507787318609284e-06
conditional-fit-0123,axis3_code_agentic,1268,0.006931507693591708
conditional-fit-0123,axis3_code_agentic,1269,0.27484262121890823
conditional-fit-0123,axis3_code_agentic,1270,0.478164799837051
conditional-fit-0123,axis3_code_agentic,1271,0.00011636202047277463
conditional-fit-0123,axis3_code_agentic,1272,0.0737835330084032
conditional-fit-0123,axis3_code_agentic,1273,0.003966424518834442
conditional-fit-0123,axis3_code_agentic,1274,0.07474786254769514
conditional-fit-0123,axis3_code_agentic,1275,0.43800671527936286
conditional-fit-0123,axis3_code_agentic,1276,0.010307282768258975
conditional-fit-0123,axis3_code_agentic,1277,0.15142510571994086
conditional-fit-0123,axis3_code_agentic,1278,0.08589132231732383
conditional-fit-0123,axis3_code_agentic,1279,0.0009270512030318336
conditional-fit-0123,axis3_code_agentic,1280,0.08857879607033345
conditional-fit-0123,axis3_code_agentic,1281,0.12355570882534228
conditional-fit-0123,axis3_code_agentic,1282,0.0028149688438719998
conditional-fit-0123,axis3_code_agentic,1283,6.012092677638125e-06
conditional-fit-0123,axis3_code_agentic,1284,0.006254638645245857
conditional-fit-0123,axis3_code_agentic,1285,8.982334458557807e-06
conditional-fit-0123,axis3_code_agentic,1286,0.0033369027404663593
conditional-fit-0123,axis3_code_agentic,1287,0.1635475299501731
conditional-fit-0123,axis3_code_agentic,1288,0.00011386769572290368
conditional-fit-0123,axis3_code_agentic,1289,3.608321238540415e-06
conditional-fit-0123,axis3_code_agentic,1290,0.03730482524871167
conditional-fit-0123,axis3_code_agentic,1291,4.449473815991241e-06
conditional-fit-0123,axis3_code_agentic,1292,0.00645628849548861
conditional-fit-0123,axis3_code_agentic,1293,0.0031819273866071
conditional-fit-0123,axis3_code_agentic,1294,0.007063833023639294
conditional-fit-0123,axis3_code_agentic,1295,0.002615767172699269
conditional-fit-0123,axis3_code_agentic,1296,0.03278322533023354
conditional-fit-0123,axis3_code_agentic,1297,0.09245047975694547
conditional-fit-0123,axis3_code_agentic,1298,0.09500922756797389
conditional-fit-0123,axis3_code_agentic,1299,0.0035228562449278185
conditional-fit-0123,axis3_code_agentic,1300,0.5909455972807764
conditional-fit-0123,axis3_code_agentic,1301,0.0002981114178164278
conditional-fit-0123,axis3_code_agentic,1302,0.0031751390713754364
conditional-fit-0123,axis3_code_agentic,1303,0.005136920927850995
conditional-fit-0123,axis3_code_agentic,1304,3.812018265726706e-05
conditional-fit-0123,axis3_code_agentic,1305,0.0048116384061648275
conditional-fit-0123,axis3_code_agentic,1306,0.010973048232737483
conditional-fit-0123,axis3_code_agentic,1307,1.5040814139853726e-06
conditional-fit-0123,axis3_code_agentic,1308,0.1260389459145178
conditional-fit-0123,axis3_code_agentic,1309,0.004606171651446663
conditional-fit-0123,axis3_code_agentic,1310,0.0023207926253958084
conditional-fit-0123,axis3_code_agentic,1311,0.001195049804692041
conditional-fit-0123,axis3_code_agentic,1312,0.058037930655042314
conditional-fit-0123,axis3_code_agentic,1313,0.0013670399643483878
conditional-fit-0123,axis3_code_agentic,1314,0.0005386180902672476
conditional-fit-0123,axis3_code_agentic,1315,1.8514414323023087e-05
conditional-fit-0123,axis3_code_agentic,1316,0.0003212655886891704
conditional-fit-0123,axis3_code_agentic,1317,0.002209141986464168
conditional-fit-0123,axis3_code_agentic,1318,0.0004217900805138914
conditional-fit-0123,axis3_code_agentic,1319,0.0002614964076735996
conditional-fit-0123,axis3_code_agentic,1320,0.0006456912498958246
conditional-fit-0123,axis3_code_agentic,1321,0.002201684420242228
conditional-fit-0123,axis3_code_agentic,1322,0.00013518965187660787
conditional-fit-0123,axis3_code_agentic,1323,1.455214677216378e-05
conditional-fit-0123,axis3_code_agentic,1324,0.00041938192441610207
conditional-fit-0123,axis3_code_agentic,1325,0.0005395694645880511
conditional-fit-0123,axis3_code_agentic,1326,0.0002678162708232451
conditional-fit-0123,axis3_code_agentic,1327,0.0245455551155045
conditional-fit-0123,axis3_code_agentic,1328,0.010975782346513287
conditional-fit-0123,axis3_code_agentic,1329,0.001992240789915352
conditional-fit-0123,axis3_code_agentic,1330,0.005636592373101512
conditional-fit-0123,axis3_code_agentic,1331,0.0049240917709038115
conditional-fit-0123,axis3_code_agentic,1332,4.416472216823659e-06
conditional-fit-0123,axis3_code_agentic,1333,0.15778232227845768
conditional-fit-0123,axis3_code_agentic,1334,0.004442654909612424
conditional-fit-0123,axis3_code_agentic,1335,0.0007475874712319112
conditional-fit-0123,axis3_code_agentic,1336,2.591593580618368e-05
conditional-fit-0123,axis3_code_agentic,1337,0.0058001089281407335
conditional-fit-0123,axis3_code_agentic,1338,0.0026397812654830894
conditional-fit-0123,axis3_code_agentic,1339,3.352385872667844e-05
conditional-fit-0123,axis3_code_agentic,1340,8.547850523771818e-06
conditional-fit-0123,axis3_code_agentic,1341,0.00023851369497748313
conditional-fit-0123,axis3_code_agentic,1342,0.003685468323054858
conditional-fit-0123,axis3_code_agentic,1343,0.060935400655179474
conditional-fit-0123,axis3_code_agentic,1344,0.000487930148629043
conditional-fit-0123,axis3_code_agentic,1345,8.267499576918e-05
conditional-fit-0123,axis3_code_agentic,1346,0.00034651295968528414
conditional-fit-0123,axis3_code_agentic,1347,0.00016440483320987636
conditional-fit-0123,axis3_code_agentic,1348,0.0027544163088765224
conditional-fit-0123,axis3_code_agentic,1349,0.00025821006569474975
conditional-fit-0123,axis3_code_agentic,1350,0.08457600987746765
conditional-fit-0123,axis3_code_agentic,1351,3.816223344112415e-05
conditional-fit-0123,axis3_code_agentic,1352,0.010693054249635715
conditional-fit-0123,axis3_code_agentic,1353,0.0002986807431126204
conditional-fit-0123,axis3_code_agentic,1354,0.0031981917969368355
conditional-fit-0123,axis3_code_agentic,1355,0.0013927330157447928
conditional-fit-0123,axis3_code_agentic,1356,0.00998572733748351
conditional-fit-0123,axis3_code_agentic,1357,0.0003320367612148035
conditional-fit-0123,axis3_code_agentic,1358,0.11562215280901386
conditional-fit-0123,axis3_code_agentic,1359,0.0015401379269580967
conditional-fit-0123,axis3_code_agentic,1360,0.0018518583182003789
conditional-fit-0123,axis3_code_agentic,1361,1.919766648240686e-05
conditional-fit-0123,axis3_code_agentic,1362,0.00550615540877971
conditional-fit-0123,axis3_code_agentic,1363,0.006851768436434618
conditional-fit-0123,axis3_code_agentic,1364,0.06243847684830833
conditional-fit-0123,axis3_code_agentic,1365,0.0001640292841512419
conditional-fit-0123,axis3_code_agentic,1366,0.003428776385908592
conditional-fit-0123,axis3_code_agentic,1367,0.02499235032864612
conditional-fit-0123,axis3_code_agentic,1368,0.03502980733200187
conditional-fit-0123,axis3_code_agentic,1369,0.0005980153907168438
conditional-fit-0123,axis3_code_agentic,1370,0.053836466153891385
conditional-fit-0123,axis3_code_agentic,1371,0.0004568238458740361
conditional-fit-0123,axis3_code_agentic,1372,0.0026173418040051767
conditional-fit-0123,axis3_code_agentic,1373,0.02519549113075941
conditional-fit-0123,axis3_code_agentic,1374,0.00160239733190593
conditional-fit-0123,axis3_code_agentic,1375,0.37045464370505277
conditional-fit-0123,axis3_code_agentic,1376,0.00048649375970453735
conditional-fit-0123,axis3_code_agentic,1377,3.089076795467255
conditional-fit-0123,axis3_code_agentic,1378,0.033343451994780185
conditional-fit-0123,axis3_code_agentic,1379,0.02749305387513693
conditional-fit-0123,axis3_code_agentic,1380,0.0030435080699274626
conditional-fit-0123,axis3_code_agentic,1381,0.13168004038039385
conditional-fit-0123,axis3_code_agentic,1382,0.19479392786923277
conditional-fit-0123,axis3_code_agentic,1383,2.213682334543959e-05
conditional-fit-0123,axis3_code_agentic,1384,0.11738615007079693
conditional-fit-0123,axis3_code_agentic,1385,0.0006306059837013659
conditional-fit-0123,axis3_code_agentic,1386,0.00010957056404762891
conditional-fit-0123,axis3_code_agentic,1387,0.007616314720890708
conditional-fit-0123,axis3_code_agentic,1388,3.7285151495152817e-06
conditional-fit-0123,axis3_code_agentic,1389,0.012444461866437488
conditional-fit-0123,axis3_code_agentic,1390,0.0022601219545969084
conditional-fit-0123,axis3_code_agentic,1391,2.7061731896447105e-05
conditional-fit-0123,axis3_code_agentic,1392,9.056815138157403e-07
conditional-fit-0123,axis3_code_agentic,1393,0.0467907072029831
conditional-fit-0123,axis3_code_agentic,1394,3.092667921422626e-06
conditional-fit-0123,axis3_code_agentic,1395,0.04952473442638999
conditional-fit-0123,axis3_code_agentic,1396,0.5286251736645251
conditional-fit-0123,axis3_code_agentic,1397,0.002253083427307875
conditional-fit-0123,axis3_code_agentic,1398,8.273253450148869e-07
conditional-fit-0123,axis3_code_agentic,1399,0.012056102201335623
conditional-fit-0123,axis3_code_agentic,1400,5.661507158702243e-07
conditional-fit-0123,axis3_code_agentic,1401,0.03813222238676102
conditional-fit-0123,axis3_code_agentic,1402,0.032551448479065166
conditional-fit-0123,axis3_code_agentic,1403,0.0038694446663621214
conditional-fit-0123,axis3_code_agentic,1404,0.28437950685785496
conditional-fit-0123,axis3_code_agentic,1405,0.0008137542642513522
conditional-fit-0123,axis3_code_agentic,1406,0.21701008931154328
conditional-fit-0123,axis3_code_agentic,1407,0.17246425756739464
conditional-fit-0123,axis3_code_agentic,1408,6.766698508780454e-05
conditional-fit-0123,axis3_code_agentic,1409,0.0016188453082934115
conditional-fit-0123,axis3_code_agentic,1410,0.6738020732208339
conditional-fit-0123,axis3_code_agentic,1411,1.054174055385213
conditional-fit-0123,axis3_code_agentic,1412,0.0017099756912109126
conditional-fit-0123,axis3_code_agentic,1413,0.17218347324163147
conditional-fit-0123,axis3_code_agentic,1414,0.006360911281153654
conditional-fit-0123,axis3_code_agentic,1415,8.086982246226191e-05
conditional-fit-0123,axis3_code_agentic,1416,0.002885628472426993
conditional-fit-0123,axis3_code_agentic,1417,0.00023539343969022246
conditional-fit-0123,axis3_code_agentic,1418,0.08951283481859416
conditional-fit-0123,axis3_code_agentic,1419,0.2240059096375655
conditional-fit-0123,axis3_code_agentic,1420,0.033393971132250566
conditional-fit-0123,axis3_code_agentic,1421,0.4841339282074291
conditional-fit-0123,axis3_code_agentic,1422,0.026819258678158587
conditional-fit-0123,axis3_code_agentic,1423,0.009104232744271279
conditional-fit-0123,axis3_code_agentic,1424,0.00039873011154291057
conditional-fit-0123,axis3_code_agentic,1425,1.9945662326134137e-07
conditional-fit-0123,axis3_code_agentic,1426,0.009833095599879205
conditional-fit-0123,axis3_code_agentic,1427,0.1622203546775932
conditional-fit-0123,axis3_code_agentic,1428,0.00026950515250629976
conditional-fit-0123,axis3_code_agentic,1429,0.0001047509335743383
conditional-fit-0123,axis3_code_agentic,1430,0.00023457828018212386
conditional-fit-0123,axis3_code_agentic,1431,9.331568939956017e-05
conditional-fit-0123,axis3_code_agentic,1432,0.00520023873855645
conditional-fit-0123,axis3_code_agentic,1433,1.6402654432443011e-06
conditional-fit-0123,axis3_code_agentic,1434,0.0009085792591541084
conditional-fit-0123,axis3_code_agentic,1435,0.0008602133952408737
conditional-fit-0123,axis3_code_agentic,1436,0.00013517808604114249
conditional-fit-0123,axis3_code_agentic,1437,0.0006923949532260382
conditional-fit-0123,axis3_code_agentic,1438,5.671178352025693e-05
conditional-fit-0123,axis3_code_agentic,1439,0.00024957496696516746
conditional-fit-0123,axis3_code_agentic,1440,0.0218033529429314
conditional-fit-0123,axis3_code_agentic,1441,3.315585455736389e-05
conditional-fit-0123,axis3_code_agentic,1442,1.1788303556744197e-07
conditional-fit-0123,axis3_code_agentic,1443,0.006340451431834102
conditional-fit-0123,axis3_code_agentic,1444,0.008491540013538452
conditional-fit-0123,axis3_code_agentic,1445,0.001002470965839872
conditional-fit-0123,axis3_code_agentic,1446,0.000162579081810507
conditional-fit-0123,axis3_code_agentic,1447,0.011571114196948704
conditional-fit-0123,axis3_code_agentic,1448,4.072678551473532e-05
conditional-fit-0123,axis3_code_agentic,1449,1.6007924003928876e-05
conditional-fit-0123,axis3_code_agentic,1450,0.0008543051596302062
conditional-fit-0123,axis3_code_agentic,1451,0.0003554764374549488
conditional-fit-0123,axis3_code_agentic,1452,0.6487388301069676
conditional-fit-0123,axis3_code_agentic,1453,7.641249253473243e-05
conditional-fit-0123,axis3_code_agentic,1454,0.0030128424751327517
conditional-fit-0123,axis3_code_agentic,1455,0.17246360205914651
conditional-fit-0123,axis3_code_agentic,1456,0.012729505848057314
conditional-fit-0123,axis3_code_agentic,1457,0.026323561252706542
conditional-fit-0123,axis3_code_agentic,1458,0.0004543198335559757
conditional-fit-0123,axis3_code_agentic,1459,0.0006540085638355871
conditional-fit-0123,axis3_code_agentic,1460,0.0010792119093035435
conditional-fit-0123,axis3_code_agentic,1461,9.233402059873406e-06
conditional-fit-0123,axis3_code_agentic,1462,0.005134968454109571
conditional-fit-0123,axis3_code_agentic,1463,0.0003531501149772588
conditional-fit-0123,axis3_code_agentic,1464,2.4725765673367253e-05
conditional-fit-0123,axis3_code_agentic,1465,0.0004062924107205223
conditional-fit-0123,axis3_code_agentic,1466,6.216916689414664e-07
conditional-fit-0123,axis3_code_agentic,1467,0.07009033771137292
conditional-fit-0123,axis3_code_agentic,1468,1.1830165577828527e-07
conditional-fit-0123,axis3_code_agentic,1469,0.0014485907567081706
conditional-fit-0123,axis3_code_agentic,1470,0.00010107144237502505
conditional-fit-0123,axis3_code_agentic,1471,3.7146445205298e-05
conditional-fit-0123,axis3_code_agentic,1472,2.1097550065796485e-05
conditional-fit-0123,axis3_code_agentic,1473,0.21317352484607466
conditional-fit-0123,axis3_code_agentic,1474,2.7280542545699414e-06
conditional-fit-0123,axis3_code_agentic,1475,0.22863827189874109
conditional-fit-0123,axis3_code_agentic,1476,0.022101704617306782
conditional-fit-0123,axis3_code_agentic,1477,8.425831045315384e-05
conditional-fit-0123,axis3_code_agentic,1478,0.0006717761113764026
conditional-fit-0123,axis3_code_agentic,1479,1.5195528794642646e-06
conditional-fit-0123,axis3_code_agentic,1480,0.05063199406285881
conditional-fit-0123,axis3_code_agentic,1481,0.005067111079294535
conditional-fit-0123,axis3_code_agentic,1482,4.172447298261851e-05
conditional-fit-0123,axis3_code_agentic,1483,0.0006746431088587924
conditional-fit-0123,axis3_code_agentic,1484,0.00022972601185118223
conditional-fit-0123,axis3_code_agentic,1485,0.0005002577826844133
conditional-fit-0123,axis3_code_agentic,1486,0.04271390542878157
conditional-fit-0123,axis3_code_agentic,1487,9.840164492563078e-06
conditional-fit-0123,axis3_code_agentic,1488,0.009040259747414587
conditional-fit-0123,axis3_code_agentic,1489,0.005521392420583835
conditional-fit-0123,axis3_code_agentic,1490,0.05393851935578222
conditional-fit-0123,axis3_code_agentic,1491,0.48766094885869915
conditional-fit-0123,axis3_code_agentic,1492,0.025423431431553144
conditional-fit-0123,axis3_code_agentic,1493,0.00025090685449423287
conditional-fit-0123,axis3_code_agentic,1494,7.308183843693566e-05
conditional-fit-0123,axis3_code_agentic,1495,1.4256373231817587e-07
conditional-fit-0123,axis3_code_agentic,1496,0.0001789640638042944
conditional-fit-0123,axis3_code_agentic,1497,0.08113153378612888
conditional-fit-0123,axis3_code_agentic,1498,0.0023610421370702894
conditional-fit-0123,axis3_code_agentic,1499,0.01254809431465554
conditional-fit-0123,axis3_code_agentic,1500,0.0018063826532267592
conditional-fit-0123,axis3_code_agentic,1501,5.31438959574507e-05
conditional-fit-0123,axis3_code_agentic,1502,0.001452509596507619
conditional-fit-0123,axis3_code_agentic,1503,1.2898487886510891e-05
conditional-fit-0123,axis3_code_agentic,1504,0.29577497354238813
conditional-fit-0123,axis3_code_agentic,1505,0.5808197997575154
conditional-fit-0123,axis3_code_agentic,1506,0.014800591392397427
conditional-fit-0123,axis3_code_agentic,1507,1.150622579439964e-06
conditional-fit-0123,axis3_code_agentic,1508,0.005958893654045776
conditional-fit-0123,axis3_code_agentic,1509,0.4639545633130886
conditional-fit-0123,axis3_code_agentic,1510,0.35476146495780936
conditional-fit-0123,axis3_code_agentic,1511,0.0018300383100136072
conditional-fit-0123,axis3_code_agentic,1512,0.6170413089565084
conditional-fit-0123,axis3_code_agentic,1513,0.00327252990795758
conditional-fit-0123,axis3_code_agentic,1514,0.002828601722360562
conditional-fit-0123,axis3_code_agentic,1515,0.000340399313381589
conditional-fit-0123,axis3_code_agentic,1516,0.003175705640211195
conditional-fit-0123,axis3_code_agentic,1517,1.0163631929705308e-06
conditional-fit-0123,axis3_code_agentic,1518,0.008964828564860373
conditional-fit-0123,axis3_code_agentic,1519,0.00013790880144869914
conditional-fit-0123,axis3_code_agentic,1520,0.0003563061719210164
conditional-fit-0123,axis3_code_agentic,1521,3.6918604496233504e-06
conditional-fit-0123,axis3_code_agentic,1522,0.0023879781188861195
conditional-fit-0123,axis3_code_agentic,1523,0.00014698193542083592
conditional-fit-0123,axis3_code_agentic,1524,1.674224631031848e-05
conditional-fit-0123,axis3_code_agentic,1525,0.07626091685279202
conditional-fit-0123,axis3_code_agentic,1526,3.6649359076179836e-05
conditional-fit-0123,axis3_code_agentic,1527,0.006015757711601222
conditional-fit-0123,axis3_code_agentic,1528,0.0016005832372596109
conditional-fit-0123,axis3_code_agentic,1529,7.413650302201441e-06
conditional-fit-0123,axis3_code_agentic,1530,0.6199199594747651
conditional-fit-0123,axis3_code_agentic,1531,6.091841925927258e-05
conditional-fit-0123,axis3_code_agentic,1532,0.0003124161886111096
conditional-fit-0123,axis3_code_agentic,1533,1.7270115814277197e-05
conditional-fit-0123,axis3_code_agentic,1534,0.0049218837652611
conditional-fit-0123,axis3_code_agentic,1535,0.002073178792375193
conditional-fit-0123,axis3_code_agentic,1536,6.846769092253086e-07
conditional-fit-0123,axis3_code_agentic,1537,0.0023128103245601103
conditional-fit-0123,axis3_code_agentic,1538,0.00028772527513347396
conditional-fit-0123,axis3_code_agentic,1539,0.003545165294440968
conditional-fit-0123,axis3_code_agentic,1540,0.00017593148206191834
conditional-fit-0123,axis3_code_agentic,1541,0.0004323484939925859
conditional-fit-0123,axis3_code_agentic,1542,1.4717530295044606e-05
conditional-fit-0123,axis3_code_agentic,1543,0.00011685197037482833
conditional-fit-0123,axis3_code_agentic,1544,7.734386067181999e-08
conditional-fit-0123,axis3_code_agentic,1545,1.0221825280182666e-05
conditional-fit-0123,axis3_code_agentic,1546,0.00033787294451303936
conditional-fit-0123,axis3_code_agentic,1547,0.00027028110755296527
conditional-fit-0123,axis3_code_agentic,1548,0.0002139002244890719
conditional-fit-0123,axis3_code_agentic,1549,0.0679846927256416
conditional-fit-0123,axis3_code_agentic,1550,0.30030869778945185
conditional-fit-0123,axis3_code_agentic,1551,0.00017838437268981647
conditional-fit-0123,axis3_code_agentic,1552,0.0009170055288208461
conditional-fit-0123,axis3_code_agentic,1553,0.0008944717134576133
conditional-fit-0123,axis3_code_agentic,1554,0.0031641300966802448
conditional-fit-0123,axis3_code_agentic,1555,6.687529988151677e-05
conditional-fit-0123,axis3_code_agentic,1556,0.0056339634916280825
conditional-fit-0123,axis3_code_agentic,1557,0.0015841761881611781
conditional-fit-0123,axis3_code_agentic,1558,0.00032333197483078234
conditional-fit-0123,axis3_code_agentic,1559,0.00021955229956015059
conditional-fit-0123,axis3_code_agentic,1560,0.0013059810852458131
conditional-fit-0123,axis3_code_agentic,1561,0.0006651915214857991
conditional-fit-0123,axis3_code_agentic,1562,0.00042475897450336387
conditional-fit-0123,axis3_code_agentic,1563,0.003395668840007596
conditional-fit-0123,axis3_code_agentic,1564,4.185071563724021e-06
conditional-fit-0123,axis3_code_agentic,1565,0.05006068380088051
conditional-fit-0123,axis3_code_agentic,1566,0.0075550313920484885
conditional-fit-0123,axis3_code_agentic,1567,0.010831736363139869
conditional-fit-0123,axis3_code_agentic,1568,2.4409941599670623e-07
conditional-fit-0123,axis3_code_agentic,1569,0.00017225831078252494
conditional-fit-0123,axis3_code_agentic,1570,0.012546774738826651
conditional-fit-0123,axis3_code_agentic,1571,0.0010555971724897648
conditional-fit-0123,axis3_code_agentic,1572,9.548550440742976e-05
conditional-fit-0123,axis3_code_agentic,1573,0.0003143078456791302
conditional-fit-0123,axis3_code_agentic,1574,3.532550396643431e-05
conditional-fit-0123,axis3_code_agentic,1575,0.00017243354762119266
conditional-fit-0123,axis3_code_agentic,1576,0.0673885014253054
conditional-fit-0123,axis3_code_agentic,1577,0.7268233337109097
conditional-fit-0123,axis3_code_agentic,1578,1.3278499494877627e-06
conditional-fit-0123,axis3_code_agentic,1579,0.005968695752270889
conditional-fit-0123,axis3_code_agentic,1580,3.0800215032520617
conditional-fit-0123,axis3_code_agentic,1581,0.00012933976599790176
conditional-fit-0123,axis3_code_agentic,1582,0.03406974243407918
conditional-fit-0123,axis3_code_agentic,1583,0.27306864235442857
conditional-fit-0123,axis3_code_agentic,1584,0.0014226713811974696
conditional-fit-0123,axis3_code_agentic,1585,0.0025156274708917617
conditional-fit-0123,axis3_code_agentic,1586,1.8022368611644468
conditional-fit-0123,axis3_code_agentic,1587,4.5498282649376876e-06
conditional-fit-0123,axis3_code_agentic,1588,0.0029604534326502056
conditional-fit-0123,axis3_code_agentic,1589,7.688094510928786e-07
conditional-fit-0123,axis3_code_agentic,1590,0.0018533141921662603
conditional-fit-0123,axis3_code_agentic,1591,0.0008455179577580069
conditional-fit-0123,axis3_code_agentic,1592,0.00031788668366720057
conditional-fit-0123,axis3_code_agentic,1593,0.00010875063764032523
conditional-fit-0123,axis3_code_agentic,1594,8.290709341891592e-05
conditional-fit-0123,axis3_code_agentic,1595,0.037815509215242085
conditional-fit-0123,axis3_code_agentic,1596,6.363353044080066e-05
conditional-fit-0123,axis3_code_agentic,1597,0.0012581122978473555
conditional-fit-0123,axis3_code_agentic,1598,7.5589420966405415e-06
conditional-fit-0123,axis3_code_agentic,1599,0.9211075426130673
conditional-fit-0123,axis3_code_agentic,1600,0.2009977599194959
conditional-fit-0123,axis3_code_agentic,1601,3.955183050653797e-05
conditional-fit-0123,axis3_code_agentic,1602,0.029618985686784234
conditional-fit-0123,axis3_code_agentic,1603,1.459566912838436e-05
conditional-fit-0123,axis3_code_agentic,1604,0.03245768664510243
conditional-fit-0123,axis3_code_agentic,1605,0.00020974537092525037
conditional-fit-0123,axis3_code_agentic,1606,0.00039795694650177614
conditional-fit-0123,axis3_code_agentic,1607,5.14537522091422e-05
conditional-fit-0123,axis3_code_agentic,1608,2.102698436589511e-06
conditional-fit-0123,axis3_code_agentic,1609,0.0002055950881738634
conditional-fit-0123,axis3_code_agentic,1610,0.0007766561983238844
conditional-fit-0123,axis3_code_agentic,1611,2.058282803214263e-05
conditional-fit-0123,axis3_code_agentic,1612,1.96406042896711e-05
conditional-fit-0123,axis3_code_agentic,1613,7.807399078200887e-06
conditional-fit-0123,axis3_code_agentic,1614,4.7053717692367265e-05
conditional-fit-0123,axis3_code_agentic,1615,0.16109855234883755
conditional-fit-0123,axis3_code_agentic,1616,0.3010549927498759
conditional-fit-0123,axis3_code_agentic,1617,0.04156748801903462
conditional-fit-0123,axis3_code_agentic,1618,0.0020009334428550112
conditional-fit-0123,axis3_code_agentic,1619,0.007871311852171686
conditional-fit-0123,axis3_code_agentic,1620,0.0017619037597358866
conditional-fit-0123,axis3_code_agentic,1621,8.957737409190212e-05
conditional-fit-0123,axis3_code_agentic,1622,0.004611815456696868
conditional-fit-0123,axis3_code_agentic,1623,0.008745294091704004
conditional-fit-0123,axis3_code_agentic,1624,0.007082918116556003
conditional-fit-0123,axis3_code_agentic,1625,0.01181078140155169
conditional-fit-0123,axis3_code_agentic,1626,0.06861736368423559
conditional-fit-0123,axis3_code_agentic,1627,9.347780372502437e-05
conditional-fit-0123,axis3_code_agentic,1628,0.020918511626588705
conditional-fit-0123,axis3_code_agentic,1629,0.00902457457458056
conditional-fit-0123,axis3_code_agentic,1630,0.027895303629265202
conditional-fit-0123,axis3_code_agentic,1631,0.004846370915360664
conditional-fit-0123,axis3_code_agentic,1632,0.0062584207963066844
conditional-fit-0123,axis3_code_agentic,1633,0.00948068526512362
conditional-fit-0123,axis3_code_agentic,1634,0.011144094498749
conditional-fit-0123,axis3_code_agentic,1635,0.013727421063769377
conditional-fit-0123,axis3_code_agentic,1636,0.020494658234338808
conditional-fit-0123,axis3_code_agentic,1637,1.8239532133150064e-05
conditional-fit-0123,axis3_code_agentic,1638,0.005279920965767286
conditional-fit-0123,axis3_code_agentic,1639,0.016984975536032412
conditional-fit-0123,axis3_code_agentic,1640,0.006209907065980204
conditional-fit-0123,axis3_code_agentic,1641,0.003955916471507722
conditional-fit-0123,axis3_code_agentic,1642,0.03244798728839582
conditional-fit-0123,axis3_code_agentic,1643,0.007572897598552199
conditional-fit-0123,axis3_code_agentic,1644,9.615128422975184e-06
conditional-fit-0123,axis3_code_agentic,1645,0.00011360334359237638
conditional-fit-0123,axis3_code_agentic,1646,0.014363225032108127
conditional-fit-0123,axis3_code_agentic,1647,2.496039523584398e-05
conditional-fit-0123,axis3_code_agentic,1648,0.00033552021556961464
conditional-fit-0123,axis3_code_agentic,1649,0.0010551381928908814
conditional-fit-0123,axis3_code_agentic,1650,8.695518976099433e-06
conditional-fit-0123,axis3_code_agentic,1651,0.00011780286493165822
conditional-fit-0123,axis3_code_agentic,1652,2.5042800064827165e-05
conditional-fit-0123,axis3_code_agentic,1653,4.469737536728534e-06
conditional-fit-0123,axis3_code_agentic,1654,0.016293143682083972
conditional-fit-0123,axis3_code_agentic,1655,0.001502465767699284
conditional-fit-0123,axis3_code_agentic,1656,9.4546341495683e-06
conditional-fit-0123,axis3_code_agentic,1657,0.01522569082937869
conditional-fit-0123,axis3_code_agentic,1658,0.1196409963145425
conditional-fit-0123,axis3_code_agentic,1659,0.0053844019345451665
conditional-fit-0123,axis3_code_agentic,1660,0.02182686918501509
conditional-fit-0123,axis3_code_agentic,1661,0.001068973378073504
conditional-fit-0123,axis3_code_agentic,1662,0.0017794196421529746
conditional-fit-0123,axis3_code_agentic,1663,0.0051069384975054935
conditional-fit-0123,axis3_code_agentic,1664,0.0006577313087083625
conditional-fit-0123,axis3_code_agentic,1665,0.004767051789204892
conditional-fit-0123,axis3_code_agentic,1666,0.0004825699079389309
conditional-fit-0123,axis3_code_agentic,1667,0.0024379148125242083
conditional-fit-0123,axis3_code_agentic,1668,0.016236064022450425
conditional-fit-0123,axis3_code_agentic,1669,0.005166552606686235
conditional-fit-0123,axis3_code_agentic,1670,0.006701813621313991
conditional-fit-0123,axis3_code_agentic,1671,0.019628170305092944
conditional-fit-0123,axis3_code_agentic,1672,0.00948537875662491
conditional-fit-0123,axis3_code_agentic,1673,0.12449678445304584
conditional-fit-0123,axis3_code_agentic,1674,0.014288359622531124
conditional-fit-0123,axis3_code_agentic,1675,0.0014604030366574766
conditional-fit-0123,axis3_code_agentic,1676,1.0352742660269687e-05
conditional-fit-0123,axis3_code_agentic,1677,0.00041186215771543276
conditional-fit-0123,axis3_code_agentic,1678,0.0029585450384281165
conditional-fit-0123,axis3_code_agentic,1679,2.146349106072176e-05
conditional-fit-0123,axis3_code_agentic,1680,1.0305211615728854e-05
conditional-fit-0123,axis3_code_agentic,1681,1.3587515915957825e-05
conditional-fit-0123,axis3_code_agentic,1682,0.01867060384464124
conditional-fit-0123,axis3_code_agentic,1683,8.408926275830905e-05
conditional-fit-0123,axis3_code_agentic,1684,0.0009810056978591377
conditional-fit-0123,axis3_code_agentic,1685,6.626145978841003e-06
conditional-fit-0123,axis3_code_agentic,1686,0.0061004704872321906
conditional-fit-0123,axis3_code_agentic,1687,0.0122413115505523
conditional-fit-0123,axis3_code_agentic,1688,0.0034420209398893856
conditional-fit-0123,axis3_code_agentic,1689,0.00016948702496817814
conditional-fit-0123,axis3_code_agentic,1690,0.0031919211799335823
conditional-fit-0123,axis3_code_agentic,1691,3.05298959758259e-05
conditional-fit-0123,axis3_code_agentic,1692,0.00016616876557792295
conditional-fit-0123,axis3_code_agentic,1693,0.003935009391478311
conditional-fit-0123,axis3_code_agentic,1694,3.0116771548436964e-05
conditional-fit-0123,axis3_code_agentic,1695,3.823141261143171e-05
conditional-fit-0123,axis3_code_agentic,1696,1.1138449464062234e-05
conditional-fit-0123,axis3_code_agentic,1697,0.0006756745790928589
conditional-fit-0123,axis3_code_agentic,1698,0.00015171437519577745
conditional-fit-0123,axis3_code_agentic,1699,8.495924752652167e-06
conditional-fit-0123,axis3_code_agentic,1700,0.08035891525332728
conditional-fit-0123,axis3_code_agentic,1701,1.1494591797323332e-05
conditional-fit-0123,axis3_code_agentic,1702,9.291116610604968e-06
conditional-fit-0123,axis3_code_agentic,1703,9.892476914239306e-05
conditional-fit-0123,axis3_code_agentic,1704,0.00017300154333008128
conditional-fit-0123,axis3_code_agentic,1705,1.7796516453251767e-05
conditional-fit-0123,axis3_code_agentic,1706,0.001622535846623212
conditional-fit-0123,axis3_code_agentic,1707,0.003622342795631529
conditional-fit-0123,axis3_code_agentic,1708,0.0002945379655346143
conditional-fit-0123,axis3_code_agentic,1709,0.003711015167198592
conditional-fit-0123,axis3_code_agentic,1710,0.020253161916638094
conditional-fit-0123,axis3_code_agentic,1711,0.0004034619676817337
conditional-fit-0123,axis3_code_agentic,1712,0.002114803433033041
conditional-fit-0123,axis3_code_agentic,1713,0.0020327345229652176
conditional-fit-0123,axis3_code_agentic,1714,0.0001835021951601909
conditional-fit-0123,axis3_code_agentic,1715,0.004155628313920929
conditional-fit-0123,axis3_code_agentic,1716,5.167700337297202e-05
conditional-fit-0123,axis3_code_agentic,1717,3.989013873692966e-05
conditional-fit-0123,axis3_code_agentic,1718,0.026553837172836468
conditional-fit-0123,axis3_code_agentic,1719,0.025927399165298595
conditional-fit-0123,axis3_code_agentic,1720,0.00041891951383184406
conditional-fit-0123,axis3_code_agentic,1721,6.491626742319931e-05
conditional-fit-0123,axis3_code_agentic,1722,0.0004369978065810906
conditional-fit-0123,axis3_code_agentic,1723,1.3000869486143949e-06
conditional-fit-0123,axis3_code_agentic,1724,0.00014035428865267707
conditional-fit-0123,axis3_code_agentic,1725,0.0023825298976234977
conditional-fit-0123,axis3_code_agentic,1726,5.71258171153376e-05
conditional-fit-0123,axis3_code_agentic,1727,4.004853804396452e-05
conditional-fit-0123,axis3_code_agentic,1728,1.6469263748405702e-05
conditional-fit-0123,axis3_code_agentic,1729,0.00010905870133790314
conditional-fit-0123,axis3_code_agentic,1730,0.0029421994249518475
conditional-fit-0123,axis3_code_agentic,1731,0.004700735815424002
conditional-fit-0123,axis3_code_agentic,1732,1.812426943060271e-05
conditional-fit-0123,axis3_code_agentic,1733,0.011587039560433365
conditional-fit-0123,axis3_code_agentic,1734,6.474096982789352e-06
conditional-fit-0123,axis3_code_agentic,1735,0.0009860547901635827
conditional-fit-0123,axis3_code_agentic,1736,0.00034062118801036047
conditional-fit-0123,axis3_code_agentic,1737,7.859730950920956e-06
conditional-fit-0123,axis3_code_agentic,1738,1.6674792023269164e-05
conditional-fit-0123,axis3_code_agentic,1739,8.340959885772044e-05
conditional-fit-0123,axis3_code_agentic,1740,5.927348017697951e-05
conditional-fit-0123,axis3_code_agentic,1741,0.00011723111562365813
conditional-fit-0123,axis3_code_agentic,1742,3.7948877611830945e-06
conditional-fit-0123,axis3_code_agentic,1743,0.006779903335735464
conditional-fit-0123,axis3_code_agentic,1744,0.0007027068484361922
conditional-fit-0123,axis3_code_agentic,1745,2.5107269377381407e-06
conditional-fit-0123,axis3_code_agentic,1746,2.139428317694978e-05
conditional-fit-0123,axis3_code_agentic,1747,0.0004295320972191772
conditional-fit-0123,axis3_code_agentic,1748,1.421348655199794e-06
conditional-fit-0123,axis3_code_agentic,1749,0.0684166327502594
conditional-fit-0123,axis3_code_agentic,1750,9.673008670685505e-05
conditional-fit-0123,axis3_code_agentic,1751,7.174886928273769e-07
conditional-fit-0123,axis3_code_agentic,1752,0.001179044986110796
conditional-fit-0123,axis3_code_agentic,1753,0.03596556231799074
conditional-fit-0123,axis3_code_agentic,1754,1.2705268580573691e-05
conditional-fit-0123,axis3_code_agentic,1755,0.0002665066183453231
conditional-fit-0123,axis3_code_agentic,1756,0.00014575985395249376
conditional-fit-0123,axis3_code_agentic,1757,1.9052839792175348e-05
conditional-fit-0123,axis3_code_agentic,1758,7.77880358669999e-05
conditional-fit-0123,axis3_code_agentic,1759,1.1720209186558354e-05
conditional-fit-0123,axis3_code_agentic,1760,0.0005528358406841758
conditional-fit-0123,axis3_code_agentic,1761,7.905937341280571e-08
conditional-fit-0123,axis3_code_agentic,1762,0.0027538912691094414
conditional-fit-0123,axis3_code_agentic,1763,0.006310992186173407
conditional-fit-0123,axis3_code_agentic,1764,0.012201268125183674
conditional-fit-0123,axis3_code_agentic,1765,0.034503308957000156
conditional-fit-0123,axis3_code_agentic,1766,0.0013286640660771318
conditional-fit-0123,axis3_code_agentic,1767,0.011783537768853082
conditional-fit-0123,axis3_code_agentic,1768,0.10924862039319126
conditional-fit-0123,axis3_code_agentic,1769,0.0002113357749931218
conditional-fit-0123,axis3_code_agentic,1770,0.011863095951907585
conditional-fit-0123,axis3_code_agentic,1771,0.0033890419951366035
conditional-fit-0123,axis3_code_agentic,1772,0.01407188111794528
conditional-fit-0123,axis3_code_agentic,1773,0.016442519596496848
conditional-fit-0123,axis3_code_agentic,1774,0.010634684358647754
conditional-fit-0123,axis3_code_agentic,1775,1.3576437685425488e-06
conditional-fit-0123,axis3_code_agentic,1776,0.011008129458965558
conditional-fit-0123,axis3_code_agentic,1777,0.05583627975780107
conditional-fit-0123,axis3_code_agentic,1778,0.043874498044777444
conditional-fit-0123,axis3_code_agentic,1779,0.0684155495359778
conditional-fit-0123,axis3_code_agentic,1780,0.016383288169138678
conditional-fit-0123,axis3_code_agentic,1781,0.0011889688395783555
conditional-fit-0123,axis3_code_agentic,1782,0.0070990542868827455
conditional-fit-0123,axis3_code_agentic,1783,1.15555712359864e-05
conditional-fit-0123,axis3_code_agentic,1784,0.00729450666639251
conditional-fit-0123,axis3_code_agentic,1785,0.003605137217330495
conditional-fit-0123,axis3_code_agentic,1786,0.0037665876233416197
conditional-fit-0123,axis3_code_agentic,1787,0.0016036069236295488
conditional-fit-0123,axis3_code_agentic,1788,1.642373095837095e-05
conditional-fit-0123,axis3_code_agentic,1789,0.0002636690987040431
conditional-fit-0123,axis3_code_agentic,1790,0.023012637109933294
conditional-fit-0123,axis3_code_agentic,1791,0.011832946253635852
conditional-fit-0123,axis3_code_agentic,1792,0.010078870686755469
conditional-fit-0123,axis3_code_agentic,1793,0.009437533843071104
conditional-fit-0123,axis3_code_agentic,1794,0.034971193549268864
conditional-fit-0123,axis3_code_agentic,1795,0.005519391322407731
conditional-fit-0123,axis3_code_agentic,1796,0.006904824433420282
conditional-fit-0123,axis3_code_agentic,1797,0.025910359365646403
conditional-fit-0123,axis3_code_agentic,1798,0.00012000531527032695
conditional-fit-0123,axis3_code_agentic,1799,0.0024713466755972996
conditional-fit-0123,axis3_code_agentic,1800,0.0024237764370968994
conditional-fit-0123,axis3_code_agentic,1801,0.0028941495028485115
conditional-fit-0123,axis3_code_agentic,1802,0.010206322167956887
conditional-fit-0123,axis3_code_agentic,1803,0.000571121290148894
conditional-fit-0123,axis3_code_agentic,1804,2.005987424002742e-06
conditional-fit-0123,axis3_code_agentic,1805,0.00761823449658873
conditional-fit-0123,axis3_code_agentic,1806,0.03776265730985369
conditional-fit-0123,axis3_code_agentic,1807,0.0014338386472082082
conditional-fit-0123,axis3_code_agentic,1808,4.773272906974823e-06
conditional-fit-0123,axis3_code_agentic,1809,0.0014845181810789858
conditional-fit-0123,axis3_code_agentic,1810,0.03556248687462491
conditional-fit-0123,axis3_code_agentic,1811,0.0174140861505327
conditional-fit-0123,axis3_code_agentic,1812,0.0025872770166817955
conditional-fit-0123,axis3_code_agentic,1813,0.09299503132618478
conditional-fit-0123,axis3_code_agentic,1814,0.08257758620575506
conditional-fit-0123,axis3_code_agentic,1815,0.0001790807283288615
conditional-fit-0123,axis3_code_agentic,1816,0.013827416394176634
conditional-fit-0123,axis3_code_agentic,1817,0.0012724931426398409
conditional-fit-0123,axis3_code_agentic,1818,0.007596598554827706
conditional-fit-0123,axis3_code_agentic,1819,0.009155847319250097
conditional-fit-0123,axis3_code_agentic,1820,0.02290367626546709
conditional-fit-0123,axis3_code_agentic,1821,0.04189996202849218
conditional-fit-0123,axis3_code_agentic,1822,0.041224201280775405
conditional-fit-0123,axis3_code_agentic,1823,0.17904619737322475
conditional-fit-0123,axis3_code_agentic,1824,0.059673186471523296
conditional-fit-0123,axis3_code_agentic,1825,0.005490739951721773
conditional-fit-0123,axis3_code_agentic,1826,0.06114032268899651
conditional-fit-0123,axis3_code_agentic,1827,0.023245895765689605
conditional-fit-0123,axis3_code_agentic,1828,0.00401739203959991
conditional-fit-0123,axis3_code_agentic,1829,4.5832873327724256e-05
conditional-fit-0123,axis3_code_agentic,1830,0.0005254936733028126
conditional-fit-0123,axis3_code_agentic,1831,6.422918500860344e-07
conditional-fit-0123,axis3_code_agentic,1832,0.00028630606875221427
conditional-fit-0123,axis3_code_agentic,1833,9.257925586926105e-05
conditional-fit-0123,axis3_code_agentic,1834,1.4403640193126136e-06
conditional-fit-0123,axis3_code_agentic,1835,0.00011088796923897437
conditional-fit-0123,axis3_code_agentic,1836,6.976447602353677e-05
conditional-fit-0123,axis3_code_agentic,1837,1.202522457943567e-05
conditional-fit-0123,axis3_code_agentic,1838,2.9660031286718466e-06
conditional-fit-0123,axis3_code_agentic,1839,5.633248629848155e-05
conditional-fit-0123,axis3_code_agentic,1840,1.581742324797052e-07
conditional-fit-0123,axis3_code_agentic,1841,4.0683551621132266e-05
conditional-fit-0123,axis3_code_agentic,1842,0.0057581464883659
conditional-fit-0123,axis3_code_agentic,1843,0.021629159045109633
conditional-fit-0123,axis3_code_agentic,1844,0.00038835426646657725
conditional-fit-0123,axis3_code_agentic,1845,0.001451958239113558
conditional-fit-0123,axis3_code_agentic,1846,0.0008805437407985661
conditional-fit-0123,axis3_code_agentic,1847,0.000386713565367128
conditional-fit-0123,axis3_code_agentic,1848,0.01491088808864565
conditional-fit-0123,axis3_code_agentic,1849,0.0015913831830761122
conditional-fit-0123,axis3_code_agentic,1850,0.00828854676960395
conditional-fit-0123,axis3_code_agentic,1851,0.027020393899216295
conditional-fit-0123,axis3_code_agentic,1852,0.04029575487890408
conditional-fit-0123,axis3_code_agentic,1853,0.026034133922787493
conditional-fit-0123,axis3_code_agentic,1854,0.0014662847810099683
conditional-fit-0123,axis3_code_agentic,1855,0.0064890122735619445
conditional-fit-0123,axis3_code_agentic,1856,2.1630605567657496e-05
conditional-fit-0123,axis3_code_agentic,1857,0.02627834073230592
conditional-fit-0123,axis3_code_agentic,1858,0.02136986963195481
conditional-fit-0123,axis3_code_agentic,1859,0.0014335181600701155
conditional-fit-0123,axis3_code_agentic,1860,0.026567133090865377
conditional-fit-0123,axis3_code_agentic,1861,0.019657712382131688
conditional-fit-0123,axis3_code_agentic,1862,0.00040302779947032434
conditional-fit-0123,axis3_code_agentic,1863,0.0253062990069566
conditional-fit-0123,axis3_code_agentic,1864,0.005589667575107857
conditional-fit-0123,axis3_code_agentic,1865,0.005037474435252508
conditional-fit-0123,axis3_code_agentic,1866,0.025851316988478146
conditional-fit-0123,axis3_code_agentic,1867,0.012700834506255653
conditional-fit-0123,axis3_code_agentic,1868,0.008774209247609865
conditional-fit-0123,axis3_code_agentic,1869,0.0030538657742055237
conditional-fit-0123,axis3_code_agentic,1870,0.001366235937067835
conditional-fit-0123,axis3_code_agentic,1871,0.018481114284891253
conditional-fit-0123,axis3_code_agentic,1872,6.367411220091826e-06
conditional-fit-0123,axis3_code_agentic,1873,0.0025755656015245716
conditional-fit-0123,axis3_code_agentic,1874,0.058594655743791475
conditional-fit-0123,axis3_code_agentic,1875,0.008590114429226888
conditional-fit-0123,axis3_code_agentic,1876,0.0003044481619211141
conditional-fit-0123,axis3_code_agentic,1877,0.14589861517206876
conditional-fit-0123,axis3_code_agentic,1878,0.01737523702503381
conditional-fit-0123,axis3_code_agentic,1879,0.1036465590132522
conditional-fit-0123,axis3_code_agentic,1880,0.04231335286360113
conditional-fit-0123,axis3_code_agentic,1881,0.08589517520356331
conditional-fit-0123,axis3_code_agentic,1882,0.2895483814764358
conditional-fit-0123,axis3_code_agentic,1883,0.012064821385425998
conditional-fit-0123,axis3_code_agentic,1884,0.07284116863277243
conditional-fit-0123,axis3_code_agentic,1885,0.0001446205511469703
conditional-fit-0123,axis3_code_agentic,1886,0.048669451933092966
conditional-fit-0123,axis3_code_agentic,1887,0.03476157422672055
conditional-fit-0123,axis3_code_agentic,1888,0.023883365653076388
conditional-fit-0123,axis3_code_agentic,1889,0.000565338624597645
conditional-fit-0123,axis3_code_agentic,1890,0.005141859378751531
conditional-fit-0123,axis3_code_agentic,1891,0.0003815019262549211
conditional-fit-0123,axis3_code_agentic,1892,0.0006188930963710357
conditional-fit-0123,axis3_code_agentic,1893,1.5189007862714951e-05
conditional-fit-0123,axis3_code_agentic,1894,1.1844772372743112e-05
conditional-fit-0123,axis3_code_agentic,1895,0.0023318927219668677
conditional-fit-0123,axis3_code_agentic,1896,0.01790019669965702
conditional-fit-0123,axis3_code_agentic,1897,0.05724367085406512
conditional-fit-0123,axis3_code_agentic,1898,0.009123607329025663
conditional-fit-0123,axis3_code_agentic,1899,0.0005055259424402558
conditional-fit-0123,axis3_code_agentic,1900,1.904280050251057e-05
conditional-fit-0123,axis3_code_agentic,1901,8.019899241357453e-05
conditional-fit-0123,axis3_code_agentic,1902,0.000978730441874445
conditional-fit-0123,axis3_code_agentic,1903,0.012139377830442461
conditional-fit-0123,axis3_code_agentic,1904,0.00040538808057277156
conditional-fit-0123,axis3_code_agentic,1905,0.002556691118838417
conditional-fit-0123,axis3_code_agentic,1906,0.008099427785199259
conditional-fit-0123,axis3_code_agentic,1907,0.02775625158959294
conditional-fit-0123,axis3_code_agentic,1908,0.0018768809483776742
conditional-fit-0123,axis3_code_agentic,1909,0.021957795652050194
conditional-fit-0123,axis3_code_agentic,1910,0.0014676143497745072
conditional-fit-0123,axis3_code_agentic,1911,0.008940514218802136
conditional-fit-0123,axis3_code_agentic,1912,0.012929220457037694
conditional-fit-0123,axis3_code_agentic,1913,0.04053207229339446
conditional-fit-0123,axis3_code_agentic,1914,1.7423336733802434e-06
conditional-fit-0123,axis3_code_agentic,1915,0.002865574192371139
conditional-fit-0123,axis3_code_agentic,1916,0.00019869672373151092
conditional-fit-0123,axis3_code_agentic,1917,1.711769385171664e-06
conditional-fit-0123,axis3_code_agentic,1918,2.5068957454027396e-05
conditional-fit-0123,axis3_code_agentic,1919,0.00019775449015137678
conditional-fit-0123,axis3_code_agentic,1920,3.706701477930921e-06
conditional-fit-0123,axis3_code_agentic,1921,1.749040785877245e-06
conditional-fit-0123,axis3_code_agentic,1922,4.152886022034303e-06
conditional-fit-0123,axis3_code_agentic,1923,8.146957851397326e-07
conditional-fit-0123,axis3_code_agentic,1924,9.985448492214279e-05
conditional-fit-0123,axis3_code_agentic,1925,0.0002920848171768472
conditional-fit-0123,axis3_code_agentic,1926,5.207222554706734e-07
conditional-fit-0123,axis3_code_agentic,1927,9.934130252995313e-05
conditional-fit-0123,axis3_code_agentic,1928,0.0024123002194552288
conditional-fit-0123,axis3_code_agentic,1929,0.0015926241756230794
conditional-fit-0123,axis3_code_agentic,1930,0.0001647294443943588
conditional-fit-0123,axis3_code_agentic,1931,0.0009023620962133445
conditional-fit-0123,axis3_code_agentic,1932,0.0004011347852487614
conditional-fit-0123,axis3_code_agentic,1933,0.0009008277106563672
conditional-fit-0123,axis3_code_agentic,1934,0.0003917114384934268
conditional-fit-0123,axis3_code_agentic,1935,0.00012696659418002818
conditional-fit-0123,axis3_code_agentic,1936,0.04948122690691717
conditional-fit-0123,axis3_code_agentic,1937,0.00017290885859364583
conditional-fit-0123,axis3_code_agentic,1938,0.009578170048220432
conditional-fit-0123,axis3_code_agentic,1939,0.028149854847815667
conditional-fit-0123,axis3_code_agentic,1940,0.017545007324433287
conditional-fit-0123,axis3_code_agentic,1941,1.7812422400806694e-06
conditional-fit-0123,axis3_code_agentic,1942,0.03819381246579024
conditional-fit-0123,axis3_code_agentic,1943,0.0004415237461054605
conditional-fit-0123,axis3_code_agentic,1944,0.06102744048766101
conditional-fit-0123,axis3_code_agentic,1945,0.0483502176532729
conditional-fit-0123,axis3_code_agentic,1946,0.0018674335427738959
conditional-fit-0123,axis3_code_agentic,1947,0.0053357662166364
conditional-fit-0123,axis3_code_agentic,1948,0.016243391805838676
conditional-fit-0123,axis3_code_agentic,1949,0.010197189222962956
conditional-fit-0123,axis3_code_agentic,1950,0.0016426778190572343
conditional-fit-0123,axis3_code_agentic,1951,0.05748741297279997
conditional-fit-0123,axis3_code_agentic,1952,0.00022933045752138994
conditional-fit-0123,axis3_code_agentic,1953,0.00014756805970360642
conditional-fit-0123,axis3_code_agentic,1954,1.9972589191528965e-05
conditional-fit-0123,axis3_code_agentic,1955,0.001325425024066245
conditional-fit-0123,axis3_code_agentic,1956,0.02848615170204001
conditional-fit-0123,axis3_code_agentic,1957,0.03180466524665035
conditional-fit-0123,axis3_code_agentic,1958,0.008579315139390531
conditional-fit-0123,axis3_code_agentic,1959,0.004742015059715065
conditional-fit-0123,axis3_code_agentic,1960,0.024129924588982932
conditional-fit-0123,axis3_code_agentic,1961,0.015914164937554813
conditional-fit-0123,axis3_code_agentic,1962,8.484171253992688e-05
conditional-fit-0123,axis3_code_agentic,1963,0.01251076538114232
conditional-fit-0123,axis3_code_agentic,1964,0.0001514146463329216
conditional-fit-0123,axis3_code_agentic,1965,0.00018374319941606818
conditional-fit-0123,axis3_code_agentic,1966,0.00020615789333784575
conditional-fit-0123,axis3_code_agentic,1967,4.004012610662207e-06
conditional-fit-0123,axis3_code_agentic,1968,0.00034225879207929
conditional-fit-0123,axis3_code_agentic,1969,9.731845566932308e-06
conditional-fit-0123,axis3_code_agentic,1970,0.0015223197111141479
conditional-fit-0123,axis3_code_agentic,1971,0.00015707379434466907
conditional-fit-0123,axis3_code_agentic,1972,5.029110520068754e-06
conditional-fit-0123,axis3_code_agentic,1973,2.5139067433438297e-05
conditional-fit-0123,axis3_code_agentic,1974,0.0001689474310941853
conditional-fit-0123,axis3_code_agentic,1975,3.692428482930963e-06
conditional-fit-0123,axis3_code_agentic,1976,0.00037451848248876423
conditional-fit-0123,axis3_code_agentic,1977,0.00019802341462652005
conditional-fit-0123,axis3_code_agentic,1978,6.398054994993877e-07
conditional-fit-0123,axis3_code_agentic,1979,0.00020047327804929464
conditional-fit-0123,axis3_code_agentic,1980,0.0013230056053090454
conditional-fit-0123,axis3_code_agentic,1981,0.0022845151978896274
conditional-fit-0123,axis3_code_agentic,1982,0.00020102396917818133
conditional-fit-0123,axis3_code_agentic,1983,0.004518022404264643
conditional-fit-0123,axis3_code_agentic,1984,0.006424542222310302
conditional-fit-0123,axis3_code_agentic,1985,4.879868604234345e-05
conditional-fit-0123,axis3_code_agentic,1986,0.006685629154557195
conditional-fit-0123,axis3_code_agentic,1987,4.460578359001619e-06
conditional-fit-0123,axis3_code_agentic,1988,3.5917345284537553e-06
conditional-fit-0123,axis3_code_agentic,1989,2.256875687335409e-05
conditional-fit-0123,axis3_code_agentic,1990,0.022175578643193396
conditional-fit-0123,axis3_code_agentic,1991,0.03784561491697033
conditional-fit-0123,axis3_code_agentic,1992,0.07520862076387225
conditional-fit-0123,axis3_code_agentic,1993,0.05656105931805824
conditional-fit-0123,axis3_code_agentic,1994,0.009398518269708701
conditional-fit-0123,axis3_code_agentic,1995,1.1479445553136449e-05
conditional-fit-0123,axis3_code_agentic,1996,0.007794545995601065
conditional-fit-0123,axis3_code_agentic,1997,0.006289774664775892
conditional-fit-0123,axis3_code_agentic,1998,0.014662226083098981
conditional-fit-0123,axis3_code_agentic,1999,0.00012407600236390582
conditional-fit-0123,axis3_code_agentic,2000,0.00032734886737519205
conditional-fit-0123,axis3_code_agentic,2001,0.016611662144320513
conditional-fit-0123,axis3_code_agentic,2002,0.07579600434065012
conditional-fit-0123,axis3_code_agentic,2003,0.0009771389136131155
conditional-fit-0123,axis3_code_agentic,2004,0.003409612738888952
conditional-fit-0123,axis3_code_agentic,2005,0.012389948034803224
conditional-fit-0123,axis3_code_agentic,2006,6.791675125382211e-06
conditional-fit-0123,axis3_code_agentic,2007,0.013247284142339097
conditional-fit-0123,axis3_code_agentic,2008,9.352805995561231e-05
conditional-fit-0123,axis3_code_agentic,2009,4.259293491893474e-07
conditional-fit-0123,axis3_code_agentic,2010,0.009361864907225802
conditional-fit-0123,axis3_code_agentic,2011,0.021997696689997678
conditional-fit-0123,axis3_code_agentic,2012,0.11369132459157019
conditional-fit-0123,axis3_code_agentic,2013,0.027104876491606984
conditional-fit-0123,axis3_code_agentic,2014,0.06058165417814644
conditional-fit-0123,axis3_code_agentic,2015,0.029967374677926102
conditional-fit-0123,axis3_code_agentic,2016,7.336511404915246e-05
conditional-fit-0123,axis3_code_agentic,2017,0.0013925716521968428
conditional-fit-0123,axis3_code_agentic,2018,0.02597231733471373
conditional-fit-0123,axis3_code_agentic,2019,0.12444179270694937
conditional-fit-0123,axis3_code_agentic,2020,0.0032150895606350097
conditional-fit-0123,axis3_code_agentic,2021,0.0009684254735333336
conditional-fit-0123,axis3_code_agentic,2022,5.7468353877959663e-05
conditional-fit-0123,axis3_code_agentic,2023,0.01685224502442146
conditional-fit-0123,axis3_code_agentic,2024,0.014108586293415104
conditional-fit-0123,axis3_code_agentic,2025,0.01797291778631381
conditional-fit-0123,axis3_code_agentic,2026,0.00550075240808133
conditional-fit-0123,axis3_code_agentic,2027,0.010016336181625634
conditional-fit-0123,axis3_code_agentic,2028,0.007616161280430932
conditional-fit-0123,axis3_code_agentic,2029,0.011520605236549502
conditional-fit-0123,axis3_code_agentic,2030,0.0388562820977098
conditional-fit-0123,axis3_code_agentic,2031,0.02489295705277235
conditional-fit-0123,axis3_code_agentic,2032,0.03582056747026113
conditional-fit-0123,axis3_code_agentic,2033,3.5716743818405396e-05
conditional-fit-0123,axis3_code_agentic,2034,4.132848654937389e-05
conditional-fit-0123,axis3_code_agentic,2035,0.02168549119496347
conditional-fit-0123,axis3_code_agentic,2036,0.05632062552389595
conditional-fit-0123,axis3_code_agentic,2037,0.036008797171829164
conditional-fit-0123,axis3_code_agentic,2038,4.21705216807905e-06
conditional-fit-0123,axis3_code_agentic,2039,0.0022748520317562755
conditional-fit-0123,axis3_code_agentic,2040,0.0004910980328188223
conditional-fit-0123,axis3_code_agentic,2041,1.7298378328606958e-06
conditional-fit-0123,axis3_code_agentic,2042,5.979706692405025e-06
conditional-fit-0123,axis3_code_agentic,2043,0.00033221969499481113
conditional-fit-0123,axis3_code_agentic,2044,1.5361313426658556e-05
conditional-fit-0123,axis3_code_agentic,2045,3.35069988795362e-05
conditional-fit-0123,axis3_code_agentic,2046,7.461138727008167e-07
