window_id,domain,pos,kld
conditional-fit-0031,axis4_reasoning_termination,0,13.465736888643626
conditional-fit-0031,axis4_reasoning_termination,1,0.31243993623807337
conditional-fit-0031,axis4_reasoning_termination,2,0.6868641308029699
conditional-fit-0031,axis4_reasoning_termination,3,0.3530459551836457
conditional-fit-0031,axis4_reasoning_termination,4,1.1548157779476353
conditional-fit-0031,axis4_reasoning_termination,5,0.30652826913180503
conditional-fit-0031,axis4_reasoning_termination,6,0.22600283060324283
conditional-fit-0031,axis4_reasoning_termination,7,0.7394203336231693
conditional-fit-0031,axis4_reasoning_termination,8,0.3332772627645672
conditional-fit-0031,axis4_reasoning_termination,9,0.021012725558024994
conditional-fit-0031,axis4_reasoning_termination,10,0.6164191804314363
conditional-fit-0031,axis4_reasoning_termination,11,0.24763818575483015
conditional-fit-0031,axis4_reasoning_termination,12,0.0034537130820816494
conditional-fit-0031,axis4_reasoning_termination,13,0.36446027856514207
conditional-fit-0031,axis4_reasoning_termination,14,0.47958100731327075
conditional-fit-0031,axis4_reasoning_termination,15,0.44954062723829546
conditional-fit-0031,axis4_reasoning_termination,16,0.37625639166650127
conditional-fit-0031,axis4_reasoning_termination,17,0.7083703500130412
conditional-fit-0031,axis4_reasoning_termination,18,0.04825002165458454
conditional-fit-0031,axis4_reasoning_termination,19,0.29004111589059717
conditional-fit-0031,axis4_reasoning_termination,20,0.10817487100902443
conditional-fit-0031,axis4_reasoning_termination,21,0.015225664678674535
conditional-fit-0031,axis4_reasoning_termination,22,0.23364780285555942
conditional-fit-0031,axis4_reasoning_termination,23,0.13241395633954028
conditional-fit-0031,axis4_reasoning_termination,24,0.030444831221545614
conditional-fit-0031,axis4_reasoning_termination,25,0.010003780441166739
conditional-fit-0031,axis4_reasoning_termination,26,0.0013628147680000314
conditional-fit-0031,axis4_reasoning_termination,27,0.00063775783661955
conditional-fit-0031,axis4_reasoning_termination,28,0.1293414663395586
conditional-fit-0031,axis4_reasoning_termination,29,0.1271744119333792
conditional-fit-0031,axis4_reasoning_termination,30,0.14008847584363038
conditional-fit-0031,axis4_reasoning_termination,31,0.015282948044124096
conditional-fit-0031,axis4_reasoning_termination,32,3.1464201922431306e-05
conditional-fit-0031,axis4_reasoning_termination,33,0.08643804744172526
conditional-fit-0031,axis4_reasoning_termination,34,0.00792906187770213
conditional-fit-0031,axis4_reasoning_termination,35,0.04276557214359448
conditional-fit-0031,axis4_reasoning_termination,36,0.0217984575364265
conditional-fit-0031,axis4_reasoning_termination,37,0.006447557687682632
conditional-fit-0031,axis4_reasoning_termination,38,0.1288343945605876
conditional-fit-0031,axis4_reasoning_termination,39,0.00012206097171849754
conditional-fit-0031,axis4_reasoning_termination,40,0.01314472188530474
conditional-fit-0031,axis4_reasoning_termination,41,0.010486091541415402
conditional-fit-0031,axis4_reasoning_termination,42,1.093408088936126e-05
conditional-fit-0031,axis4_reasoning_termination,43,0.06328100095402986
conditional-fit-0031,axis4_reasoning_termination,44,0.21952910796875694
conditional-fit-0031,axis4_reasoning_termination,45,0.015164456055629189
conditional-fit-0031,axis4_reasoning_termination,46,0.7594401846403436
conditional-fit-0031,axis4_reasoning_termination,47,0.2101857016644951
conditional-fit-0031,axis4_reasoning_termination,48,0.27104014445840685
conditional-fit-0031,axis4_reasoning_termination,49,0.0530860123142049
conditional-fit-0031,axis4_reasoning_termination,50,0.21424255713049342
conditional-fit-0031,axis4_reasoning_termination,51,0.23188243654355734
conditional-fit-0031,axis4_reasoning_termination,52,0.2059204693058555
conditional-fit-0031,axis4_reasoning_termination,53,0.5241683450492272
conditional-fit-0031,axis4_reasoning_termination,54,0.2907174874597731
conditional-fit-0031,axis4_reasoning_termination,55,0.22409973697875174
conditional-fit-0031,axis4_reasoning_termination,56,1.1851519773796368
conditional-fit-0031,axis4_reasoning_termination,57,0.4113458166267088
conditional-fit-0031,axis4_reasoning_termination,58,0.18856065114777565
conditional-fit-0031,axis4_reasoning_termination,59,0.0346335372754257
conditional-fit-0031,axis4_reasoning_termination,60,0.12107543418114175
conditional-fit-0031,axis4_reasoning_termination,61,0.12941026623721322
conditional-fit-0031,axis4_reasoning_termination,62,0.1921738610198348
conditional-fit-0031,axis4_reasoning_termination,63,0.05516861078424764
conditional-fit-0031,axis4_reasoning_termination,64,0.019694837204454575
conditional-fit-0031,axis4_reasoning_termination,65,0.12957114191403427
conditional-fit-0031,axis4_reasoning_termination,66,0.03419353794915394
conditional-fit-0031,axis4_reasoning_termination,67,0.10094864319549737
conditional-fit-0031,axis4_reasoning_termination,68,0.09731656167909797
conditional-fit-0031,axis4_reasoning_termination,69,0.2945402239542153
conditional-fit-0031,axis4_reasoning_termination,70,0.21300362907879494
conditional-fit-0031,axis4_reasoning_termination,71,0.02962534053740286
conditional-fit-0031,axis4_reasoning_termination,72,0.06381904537290625
conditional-fit-0031,axis4_reasoning_termination,73,0.2949608357123267
conditional-fit-0031,axis4_reasoning_termination,74,0.2843256137957029
conditional-fit-0031,axis4_reasoning_termination,75,0.08123325558416745
conditional-fit-0031,axis4_reasoning_termination,76,0.2081872226679459
conditional-fit-0031,axis4_reasoning_termination,77,0.20925738760204593
conditional-fit-0031,axis4_reasoning_termination,78,0.00292122439032932
conditional-fit-0031,axis4_reasoning_termination,79,0.08733389055237156
conditional-fit-0031,axis4_reasoning_termination,80,0.07078103886702795
conditional-fit-0031,axis4_reasoning_termination,81,0.00019454473705355033
conditional-fit-0031,axis4_reasoning_termination,82,0.05979249839430918
conditional-fit-0031,axis4_reasoning_termination,83,0.08446336464480497
conditional-fit-0031,axis4_reasoning_termination,84,0.09786896278768618
conditional-fit-0031,axis4_reasoning_termination,85,0.0005309005571902896
conditional-fit-0031,axis4_reasoning_termination,86,0.07421986986065607
conditional-fit-0031,axis4_reasoning_termination,87,0.06135720638215471
conditional-fit-0031,axis4_reasoning_termination,88,0.15100823920472836
conditional-fit-0031,axis4_reasoning_termination,89,0.15270748333257697
conditional-fit-0031,axis4_reasoning_termination,90,0.06418100457859442
conditional-fit-0031,axis4_reasoning_termination,91,0.0007376307441880809
conditional-fit-0031,axis4_reasoning_termination,92,0.0003030570438517352
conditional-fit-0031,axis4_reasoning_termination,93,0.0002890001672769837
conditional-fit-0031,axis4_reasoning_termination,94,0.09027638340669336
conditional-fit-0031,axis4_reasoning_termination,95,0.002488627822420429
conditional-fit-0031,axis4_reasoning_termination,96,0.0006525847156465167
conditional-fit-0031,axis4_reasoning_termination,97,0.00040399667254880446
conditional-fit-0031,axis4_reasoning_termination,98,0.000136779483914401
conditional-fit-0031,axis4_reasoning_termination,99,0.0022125359304268604
conditional-fit-0031,axis4_reasoning_termination,100,0.029417920333672482
conditional-fit-0031,axis4_reasoning_termination,101,0.0052639393423247515
conditional-fit-0031,axis4_reasoning_termination,102,0.03147943703884283
conditional-fit-0031,axis4_reasoning_termination,103,0.03822737112309334
conditional-fit-0031,axis4_reasoning_termination,104,0.11893611210290347
conditional-fit-0031,axis4_reasoning_termination,105,0.05773773319826552
conditional-fit-0031,axis4_reasoning_termination,106,0.07458668509403431
conditional-fit-0031,axis4_reasoning_termination,107,0.31434212700745623
conditional-fit-0031,axis4_reasoning_termination,108,0.08051497629733097
conditional-fit-0031,axis4_reasoning_termination,109,0.023453857864734997
conditional-fit-0031,axis4_reasoning_termination,110,0.02739280796654295
conditional-fit-0031,axis4_reasoning_termination,111,0.038356598916458456
conditional-fit-0031,axis4_reasoning_termination,112,0.2699776743276068
conditional-fit-0031,axis4_reasoning_termination,113,0.004715582145729004
conditional-fit-0031,axis4_reasoning_termination,114,0.18567091343819014
conditional-fit-0031,axis4_reasoning_termination,115,0.0295020555341945
conditional-fit-0031,axis4_reasoning_termination,116,0.044233744443827036
conditional-fit-0031,axis4_reasoning_termination,117,0.00855213675593982
conditional-fit-0031,axis4_reasoning_termination,118,0.5406280292734976
conditional-fit-0031,axis4_reasoning_termination,119,0.19940599578356907
conditional-fit-0031,axis4_reasoning_termination,120,0.05347453472922163
conditional-fit-0031,axis4_reasoning_termination,121,0.01058001350100206
conditional-fit-0031,axis4_reasoning_termination,122,0.036174681272121124
conditional-fit-0031,axis4_reasoning_termination,123,0.38009694218756895
conditional-fit-0031,axis4_reasoning_termination,124,0.026382451629970834
conditional-fit-0031,axis4_reasoning_termination,125,0.0083951534782662
conditional-fit-0031,axis4_reasoning_termination,126,0.02062767140565036
conditional-fit-0031,axis4_reasoning_termination,127,0.11294616436963084
conditional-fit-0031,axis4_reasoning_termination,128,0.12104785325561591
conditional-fit-0031,axis4_reasoning_termination,129,0.14718068980065663
conditional-fit-0031,axis4_reasoning_termination,130,0.03575127580898251
conditional-fit-0031,axis4_reasoning_termination,131,0.0014946389686095215
conditional-fit-0031,axis4_reasoning_termination,132,0.1428244906061606
conditional-fit-0031,axis4_reasoning_termination,133,0.0271648686780478
conditional-fit-0031,axis4_reasoning_termination,134,0.0009933309902640372
conditional-fit-0031,axis4_reasoning_termination,135,0.0014177800340734923
conditional-fit-0031,axis4_reasoning_termination,136,4.526643538313968e-05
conditional-fit-0031,axis4_reasoning_termination,137,0.0020944669503803266
conditional-fit-0031,axis4_reasoning_termination,138,0.008604820711839904
conditional-fit-0031,axis4_reasoning_termination,139,5.983316750953287e-06
conditional-fit-0031,axis4_reasoning_termination,140,0.0031727932477763864
conditional-fit-0031,axis4_reasoning_termination,141,8.030487649623075e-05
conditional-fit-0031,axis4_reasoning_termination,142,0.00010726409765699112
conditional-fit-0031,axis4_reasoning_termination,143,1.716211021741385e-05
conditional-fit-0031,axis4_reasoning_termination,144,0.00044119618563920055
conditional-fit-0031,axis4_reasoning_termination,145,0.010683957974394113
conditional-fit-0031,axis4_reasoning_termination,146,0.005411220886905505
conditional-fit-0031,axis4_reasoning_termination,147,0.002662017435859203
conditional-fit-0031,axis4_reasoning_termination,148,0.002681518827871109
conditional-fit-0031,axis4_reasoning_termination,149,8.730153517198745e-05
conditional-fit-0031,axis4_reasoning_termination,150,4.392943974268385e-05
conditional-fit-0031,axis4_reasoning_termination,151,8.01616747672808e-05
conditional-fit-0031,axis4_reasoning_termination,152,0.000538573289358058
conditional-fit-0031,axis4_reasoning_termination,153,0.0002594547023580304
conditional-fit-0031,axis4_reasoning_termination,154,5.448652093089642e-05
conditional-fit-0031,axis4_reasoning_termination,155,6.159926820678446e-05
conditional-fit-0031,axis4_reasoning_termination,156,4.029578766277393e-05
conditional-fit-0031,axis4_reasoning_termination,157,0.00031772805243710737
conditional-fit-0031,axis4_reasoning_termination,158,0.0002857525098403805
conditional-fit-0031,axis4_reasoning_termination,159,0.0005955008907148504
conditional-fit-0031,axis4_reasoning_termination,160,0.00041033494560425147
conditional-fit-0031,axis4_reasoning_termination,161,0.005729222266517635
conditional-fit-0031,axis4_reasoning_termination,162,0.0014756026876582013
conditional-fit-0031,axis4_reasoning_termination,163,0.0010376072985365903
conditional-fit-0031,axis4_reasoning_termination,164,0.0012548862858738768
conditional-fit-0031,axis4_reasoning_termination,165,0.0006362650679305423
conditional-fit-0031,axis4_reasoning_termination,166,0.000628946097986413
conditional-fit-0031,axis4_reasoning_termination,167,0.00015179999252999096
conditional-fit-0031,axis4_reasoning_termination,168,8.052099227848237e-05
conditional-fit-0031,axis4_reasoning_termination,169,0.0012856318260274387
conditional-fit-0031,axis4_reasoning_termination,170,0.060289630721556714
conditional-fit-0031,axis4_reasoning_termination,171,0.0007809867185347946
conditional-fit-0031,axis4_reasoning_termination,172,0.022582135244493512
conditional-fit-0031,axis4_reasoning_termination,173,0.008920239398134786
conditional-fit-0031,axis4_reasoning_termination,174,0.0027909768466622617
conditional-fit-0031,axis4_reasoning_termination,175,0.625306196732283
conditional-fit-0031,axis4_reasoning_termination,176,0.054070171948161334
conditional-fit-0031,axis4_reasoning_termination,177,0.003649748903985503
conditional-fit-0031,axis4_reasoning_termination,178,0.005024362934400682
conditional-fit-0031,axis4_reasoning_termination,179,0.01040365670333725
conditional-fit-0031,axis4_reasoning_termination,180,0.1629910525964902
conditional-fit-0031,axis4_reasoning_termination,181,0.4386731244817617
conditional-fit-0031,axis4_reasoning_termination,182,0.039072035679629434
conditional-fit-0031,axis4_reasoning_termination,183,0.013926948854901311
conditional-fit-0031,axis4_reasoning_termination,184,0.11804705671107786
conditional-fit-0031,axis4_reasoning_termination,185,0.022804963430080635
conditional-fit-0031,axis4_reasoning_termination,186,0.06172908275762067
conditional-fit-0031,axis4_reasoning_termination,187,0.050978519528302665
conditional-fit-0031,axis4_reasoning_termination,188,0.0009258232697773575
conditional-fit-0031,axis4_reasoning_termination,189,0.0002949048695607225
conditional-fit-0031,axis4_reasoning_termination,190,0.10334269840758273
conditional-fit-0031,axis4_reasoning_termination,191,0.13332669335044567
conditional-fit-0031,axis4_reasoning_termination,192,0.04167738065186375
conditional-fit-0031,axis4_reasoning_termination,193,0.047345931480748144
conditional-fit-0031,axis4_reasoning_termination,194,0.017679906880848043
conditional-fit-0031,axis4_reasoning_termination,195,0.05472478481386521
conditional-fit-0031,axis4_reasoning_termination,196,0.018533573921146643
conditional-fit-0031,axis4_reasoning_termination,197,2.771466578145592e-05
conditional-fit-0031,axis4_reasoning_termination,198,0.010301638320387801
conditional-fit-0031,axis4_reasoning_termination,199,4.431981660552774e-05
conditional-fit-0031,axis4_reasoning_termination,200,0.0002635709137283827
conditional-fit-0031,axis4_reasoning_termination,201,0.026992446125790562
conditional-fit-0031,axis4_reasoning_termination,202,0.015228058364894867
conditional-fit-0031,axis4_reasoning_termination,203,0.010166008224914001
conditional-fit-0031,axis4_reasoning_termination,204,8.292315169443726e-06
conditional-fit-0031,axis4_reasoning_termination,205,5.297941257304694e-07
conditional-fit-0031,axis4_reasoning_termination,206,0.0006675422076304917
conditional-fit-0031,axis4_reasoning_termination,207,0.00010650342026357717
conditional-fit-0031,axis4_reasoning_termination,208,0.015709042119130177
conditional-fit-0031,axis4_reasoning_termination,209,0.00996823040718417
conditional-fit-0031,axis4_reasoning_termination,210,0.00019579828081388144
conditional-fit-0031,axis4_reasoning_termination,211,0.011177644289061926
conditional-fit-0031,axis4_reasoning_termination,212,0.0023744591356379026
conditional-fit-0031,axis4_reasoning_termination,213,0.11252574812473928
conditional-fit-0031,axis4_reasoning_termination,214,0.004239673548357992
conditional-fit-0031,axis4_reasoning_termination,215,0.422478424157663
conditional-fit-0031,axis4_reasoning_termination,216,0.03336997840907115
conditional-fit-0031,axis4_reasoning_termination,217,0.014090117978344195
conditional-fit-0031,axis4_reasoning_termination,218,0.12582594765717453
conditional-fit-0031,axis4_reasoning_termination,219,0.009786625537882118
conditional-fit-0031,axis4_reasoning_termination,220,0.007797969342797484
conditional-fit-0031,axis4_reasoning_termination,221,0.011232874039109721
conditional-fit-0031,axis4_reasoning_termination,222,0.022565796523475935
conditional-fit-0031,axis4_reasoning_termination,223,0.0009640418270991
conditional-fit-0031,axis4_reasoning_termination,224,0.0011699417187483086
conditional-fit-0031,axis4_reasoning_termination,225,0.0003497362189812843
conditional-fit-0031,axis4_reasoning_termination,226,0.00018311858582010403
conditional-fit-0031,axis4_reasoning_termination,227,0.00010310409863834667
conditional-fit-0031,axis4_reasoning_termination,228,6.797064329639187e-05
conditional-fit-0031,axis4_reasoning_termination,229,0.0005196320877338956
conditional-fit-0031,axis4_reasoning_termination,230,0.001493225337358245
conditional-fit-0031,axis4_reasoning_termination,231,0.00044285963493851017
conditional-fit-0031,axis4_reasoning_termination,232,7.292342919975619e-05
conditional-fit-0031,axis4_reasoning_termination,233,0.000377680337216416
conditional-fit-0031,axis4_reasoning_termination,234,2.7416672420322507e-05
conditional-fit-0031,axis4_reasoning_termination,235,0.0003212391926851693
conditional-fit-0031,axis4_reasoning_termination,236,0.0028807419323168782
conditional-fit-0031,axis4_reasoning_termination,237,0.016322720189268957
conditional-fit-0031,axis4_reasoning_termination,238,0.26889717276124614
conditional-fit-0031,axis4_reasoning_termination,239,0.009913155178203173
conditional-fit-0031,axis4_reasoning_termination,240,0.0001933808352905116
conditional-fit-0031,axis4_reasoning_termination,241,0.007740765727338779
conditional-fit-0031,axis4_reasoning_termination,242,1.8983021862060364e-05
conditional-fit-0031,axis4_reasoning_termination,243,0.00011350249089272881
conditional-fit-0031,axis4_reasoning_termination,244,0.0016093044334874124
conditional-fit-0031,axis4_reasoning_termination,245,4.630725310714838e-06
conditional-fit-0031,axis4_reasoning_termination,246,3.056756756949565e-05
conditional-fit-0031,axis4_reasoning_termination,247,0.0001229908152459933
conditional-fit-0031,axis4_reasoning_termination,248,0.0012234717336428282
conditional-fit-0031,axis4_reasoning_termination,249,4.266268063161525e-06
conditional-fit-0031,axis4_reasoning_termination,250,6.277191259726838e-05
conditional-fit-0031,axis4_reasoning_termination,251,0.00024182540618501396
conditional-fit-0031,axis4_reasoning_termination,252,0.0010622472046137737
conditional-fit-0031,axis4_reasoning_termination,253,0.8781822532465895
conditional-fit-0031,axis4_reasoning_termination,254,0.0010887280702601486
conditional-fit-0031,axis4_reasoning_termination,255,2.542670517260724e-05
conditional-fit-0031,axis4_reasoning_termination,256,0.00018308801315023302
conditional-fit-0031,axis4_reasoning_termination,257,1.0242694992939253e-05
conditional-fit-0031,axis4_reasoning_termination,258,0.0005809675997447693
conditional-fit-0031,axis4_reasoning_termination,259,0.0004716310399739863
conditional-fit-0031,axis4_reasoning_termination,260,0.0001426060466658244
conditional-fit-0031,axis4_reasoning_termination,261,8.595607764491014e-05
conditional-fit-0031,axis4_reasoning_termination,262,5.458933868246515e-06
conditional-fit-0031,axis4_reasoning_termination,263,0.0014957178682276388
conditional-fit-0031,axis4_reasoning_termination,264,6.961135503716268e-05
conditional-fit-0031,axis4_reasoning_termination,265,2.703015363149261e-05
conditional-fit-0031,axis4_reasoning_termination,266,0.00034727354546381316
conditional-fit-0031,axis4_reasoning_termination,267,0.00012499390158220752
conditional-fit-0031,axis4_reasoning_termination,268,0.0003939181304296893
conditional-fit-0031,axis4_reasoning_termination,269,5.4164856811403035e-05
conditional-fit-0031,axis4_reasoning_termination,270,0.000635501941825183
conditional-fit-0031,axis4_reasoning_termination,271,0.000471243758117935
conditional-fit-0031,axis4_reasoning_termination,272,0.00013488834632789076
conditional-fit-0031,axis4_reasoning_termination,273,0.0001420396096917848
conditional-fit-0031,axis4_reasoning_termination,274,0.0006252922981201482
conditional-fit-0031,axis4_reasoning_termination,275,0.0001559500562745828
conditional-fit-0031,axis4_reasoning_termination,276,0.003140554895314462
conditional-fit-0031,axis4_reasoning_termination,277,5.354614698085962e-05
conditional-fit-0031,axis4_reasoning_termination,278,0.0035943753979789396
conditional-fit-0031,axis4_reasoning_termination,279,0.006690207124712001
conditional-fit-0031,axis4_reasoning_termination,280,0.01284193967058148
conditional-fit-0031,axis4_reasoning_termination,281,0.7125283437268127
conditional-fit-0031,axis4_reasoning_termination,282,0.0390901669508097
conditional-fit-0031,axis4_reasoning_termination,283,0.0014594226183054242
conditional-fit-0031,axis4_reasoning_termination,284,0.0006149734748389451
conditional-fit-0031,axis4_reasoning_termination,285,0.0006371469828049464
conditional-fit-0031,axis4_reasoning_termination,286,0.09882031133487171
conditional-fit-0031,axis4_reasoning_termination,287,6.970966416427931e-06
conditional-fit-0031,axis4_reasoning_termination,288,0.000945531627542315
conditional-fit-0031,axis4_reasoning_termination,289,1.2051682095736212e-05
conditional-fit-0031,axis4_reasoning_termination,290,1.0232374977718026e-06
conditional-fit-0031,axis4_reasoning_termination,291,0.0027761328872728816
conditional-fit-0031,axis4_reasoning_termination,292,0.006041176410680304
conditional-fit-0031,axis4_reasoning_termination,293,0.006751387516656823
conditional-fit-0031,axis4_reasoning_termination,294,0.029325135019108217
conditional-fit-0031,axis4_reasoning_termination,295,0.0005478349467056642
conditional-fit-0031,axis4_reasoning_termination,296,3.806870540128067e-05
conditional-fit-0031,axis4_reasoning_termination,297,0.006247168994177566
conditional-fit-0031,axis4_reasoning_termination,298,0.000323662255623239
conditional-fit-0031,axis4_reasoning_termination,299,0.000144869958368513
conditional-fit-0031,axis4_reasoning_termination,300,0.0006649196272928449
conditional-fit-0031,axis4_reasoning_termination,301,6.718997824559859e-05
conditional-fit-0031,axis4_reasoning_termination,302,0.0006322490317692505
conditional-fit-0031,axis4_reasoning_termination,303,3.609620696094798e-05
conditional-fit-0031,axis4_reasoning_termination,304,4.923562667598856e-05
conditional-fit-0031,axis4_reasoning_termination,305,5.409556479680922e-06
conditional-fit-0031,axis4_reasoning_termination,306,1.9424122450638322e-05
conditional-fit-0031,axis4_reasoning_termination,307,7.242887572790322e-05
conditional-fit-0031,axis4_reasoning_termination,308,0.0001864803742226579
conditional-fit-0031,axis4_reasoning_termination,309,0.0004434857444161235
conditional-fit-0031,axis4_reasoning_termination,310,1.2386563501177905e-05
conditional-fit-0031,axis4_reasoning_termination,311,6.592369520911315e-05
conditional-fit-0031,axis4_reasoning_termination,312,5.16749606096955e-05
conditional-fit-0031,axis4_reasoning_termination,313,0.00025765380296440194
conditional-fit-0031,axis4_reasoning_termination,314,4.021778385762884e-05
conditional-fit-0031,axis4_reasoning_termination,315,3.1731525548383544e-05
conditional-fit-0031,axis4_reasoning_termination,316,0.003474674504766116
conditional-fit-0031,axis4_reasoning_termination,317,8.108993505260487e-06
conditional-fit-0031,axis4_reasoning_termination,318,0.00018206783745850852
conditional-fit-0031,axis4_reasoning_termination,319,0.0003634329647462749
conditional-fit-0031,axis4_reasoning_termination,320,6.140142658360255e-07
conditional-fit-0031,axis4_reasoning_termination,321,0.00013325588245081263
conditional-fit-0031,axis4_reasoning_termination,322,0.00029233213515427587
conditional-fit-0031,axis4_reasoning_termination,323,0.0011597282346214911
conditional-fit-0031,axis4_reasoning_termination,324,0.0026194295423302132
conditional-fit-0031,axis4_reasoning_termination,325,0.0001270245079765813
conditional-fit-0031,axis4_reasoning_termination,326,0.009226231962787504
conditional-fit-0031,axis4_reasoning_termination,327,0.0019164503315023656
conditional-fit-0031,axis4_reasoning_termination,328,0.002057461060591304
conditional-fit-0031,axis4_reasoning_termination,329,0.817856672387894
conditional-fit-0031,axis4_reasoning_termination,330,0.03652635631861238
conditional-fit-0031,axis4_reasoning_termination,331,0.0005407687277975938
conditional-fit-0031,axis4_reasoning_termination,332,0.0005750853656826046
conditional-fit-0031,axis4_reasoning_termination,333,0.00122101601763709
conditional-fit-0031,axis4_reasoning_termination,334,0.0945891393245244
conditional-fit-0031,axis4_reasoning_termination,335,0.00017843847704458423
conditional-fit-0031,axis4_reasoning_termination,336,5.951415825816999e-07
conditional-fit-0031,axis4_reasoning_termination,337,8.651115029131989e-07
conditional-fit-0031,axis4_reasoning_termination,338,0.0001527878531520713
conditional-fit-0031,axis4_reasoning_termination,339,0.0011248076738265827
conditional-fit-0031,axis4_reasoning_termination,340,0.0005145935970252945
conditional-fit-0031,axis4_reasoning_termination,341,0.0014139761454006843
conditional-fit-0031,axis4_reasoning_termination,342,3.789630869234853e-05
conditional-fit-0031,axis4_reasoning_termination,343,1.3340664611840572e-05
conditional-fit-0031,axis4_reasoning_termination,344,0.0012914535263666438
conditional-fit-0031,axis4_reasoning_termination,345,0.02083297846796163
conditional-fit-0031,axis4_reasoning_termination,346,1.592100184060627e-05
conditional-fit-0031,axis4_reasoning_termination,347,3.8469151304764033e-05
conditional-fit-0031,axis4_reasoning_termination,348,3.5186592660858406e-06
conditional-fit-0031,axis4_reasoning_termination,349,1.544273212183033e-05
conditional-fit-0031,axis4_reasoning_termination,350,0.0002499674203155183
conditional-fit-0031,axis4_reasoning_termination,351,3.360621083297319e-08
conditional-fit-0031,axis4_reasoning_termination,352,9.908836655592347e-07
conditional-fit-0031,axis4_reasoning_termination,353,2.610821859313603e-06
conditional-fit-0031,axis4_reasoning_termination,354,2.7822510138957133e-06
conditional-fit-0031,axis4_reasoning_termination,355,4.692211668553428e-06
conditional-fit-0031,axis4_reasoning_termination,356,3.198616456558714e-06
conditional-fit-0031,axis4_reasoning_termination,357,4.052398448357584e-05
conditional-fit-0031,axis4_reasoning_termination,358,4.016256887616178e-06
conditional-fit-0031,axis4_reasoning_termination,359,2.844159679727932e-07
conditional-fit-0031,axis4_reasoning_termination,360,7.422271933489164e-06
conditional-fit-0031,axis4_reasoning_termination,361,1.971511301636027e-05
conditional-fit-0031,axis4_reasoning_termination,362,7.501415564717733e-05
conditional-fit-0031,axis4_reasoning_termination,363,9.51774335793111e-05
conditional-fit-0031,axis4_reasoning_termination,364,1.6559094132055193e-05
conditional-fit-0031,axis4_reasoning_termination,365,0.002722636179186879
conditional-fit-0031,axis4_reasoning_termination,366,0.007094628149977224
conditional-fit-0031,axis4_reasoning_termination,367,0.00052739016846841
conditional-fit-0031,axis4_reasoning_termination,368,0.7423374896481171
conditional-fit-0031,axis4_reasoning_termination,369,0.031700610941536554
conditional-fit-0031,axis4_reasoning_termination,370,0.000905373796734826
conditional-fit-0031,axis4_reasoning_termination,371,0.0003975298943983076
conditional-fit-0031,axis4_reasoning_termination,372,0.0006005745275185037
conditional-fit-0031,axis4_reasoning_termination,373,0.04713087105091182
conditional-fit-0031,axis4_reasoning_termination,374,0.1311098394870908
conditional-fit-0031,axis4_reasoning_termination,375,0.015160715096351148
conditional-fit-0031,axis4_reasoning_termination,376,0.026750464481181662
conditional-fit-0031,axis4_reasoning_termination,377,0.0177816392630972
conditional-fit-0031,axis4_reasoning_termination,378,0.00025788531922432787
conditional-fit-0031,axis4_reasoning_termination,379,0.00018860659893238756
conditional-fit-0031,axis4_reasoning_termination,380,0.19362983807662823
conditional-fit-0031,axis4_reasoning_termination,381,0.014730923541776983
conditional-fit-0031,axis4_reasoning_termination,382,0.02431408538993948
conditional-fit-0031,axis4_reasoning_termination,383,0.11850964329861197
conditional-fit-0031,axis4_reasoning_termination,384,0.00027881743716146013
conditional-fit-0031,axis4_reasoning_termination,385,0.045719867028646284
conditional-fit-0031,axis4_reasoning_termination,386,0.045907659833731726
conditional-fit-0031,axis4_reasoning_termination,387,0.04085823480942864
conditional-fit-0031,axis4_reasoning_termination,388,0.06790971143503124
conditional-fit-0031,axis4_reasoning_termination,389,0.0003847277775793905
conditional-fit-0031,axis4_reasoning_termination,390,0.0315193219662401
conditional-fit-0031,axis4_reasoning_termination,391,2.3476013874133383e-05
conditional-fit-0031,axis4_reasoning_termination,392,0.008061900126042819
conditional-fit-0031,axis4_reasoning_termination,393,0.021687106337500747
conditional-fit-0031,axis4_reasoning_termination,394,0.009544896000776345
conditional-fit-0031,axis4_reasoning_termination,395,0.003038013258166472
conditional-fit-0031,axis4_reasoning_termination,396,0.03161647796460784
conditional-fit-0031,axis4_reasoning_termination,397,0.040339654946097356
conditional-fit-0031,axis4_reasoning_termination,398,0.02212775771912621
conditional-fit-0031,axis4_reasoning_termination,399,0.007433367396071758
conditional-fit-0031,axis4_reasoning_termination,400,0.021432456926336822
conditional-fit-0031,axis4_reasoning_termination,401,0.00029210256241913874
conditional-fit-0031,axis4_reasoning_termination,402,0.0036079654206422444
conditional-fit-0031,axis4_reasoning_termination,403,0.02552279634468945
conditional-fit-0031,axis4_reasoning_termination,404,0.00010559821798140275
conditional-fit-0031,axis4_reasoning_termination,405,2.3472368680101424e-05
conditional-fit-0031,axis4_reasoning_termination,406,2.195550011345032e-06
conditional-fit-0031,axis4_reasoning_termination,407,4.830771652962029e-05
conditional-fit-0031,axis4_reasoning_termination,408,0.0016753305861418374
conditional-fit-0031,axis4_reasoning_termination,409,3.590999338803177e-05
conditional-fit-0031,axis4_reasoning_termination,410,0.006192131487333932
conditional-fit-0031,axis4_reasoning_termination,411,0.00013973388651298378
conditional-fit-0031,axis4_reasoning_termination,412,4.118875709182665e-05
conditional-fit-0031,axis4_reasoning_termination,413,0.0686823859378
conditional-fit-0031,axis4_reasoning_termination,414,0.012772946855804547
conditional-fit-0031,axis4_reasoning_termination,415,8.825265367587941e-05
conditional-fit-0031,axis4_reasoning_termination,416,0.0436649627168585
conditional-fit-0031,axis4_reasoning_termination,417,0.033662823022606606
conditional-fit-0031,axis4_reasoning_termination,418,0.041194595883926544
conditional-fit-0031,axis4_reasoning_termination,419,0.002744014249892026
conditional-fit-0031,axis4_reasoning_termination,420,0.0005394629360703596
conditional-fit-0031,axis4_reasoning_termination,421,0.011464974269044732
conditional-fit-0031,axis4_reasoning_termination,422,5.3097420780904555e-05
conditional-fit-0031,axis4_reasoning_termination,423,5.252831063931107e-05
conditional-fit-0031,axis4_reasoning_termination,424,0.004633772828483497
conditional-fit-0031,axis4_reasoning_termination,425,0.02601516177892713
conditional-fit-0031,axis4_reasoning_termination,426,0.05290667094770811
conditional-fit-0031,axis4_reasoning_termination,427,0.0032104769859148934
conditional-fit-0031,axis4_reasoning_termination,428,0.016694865840218398
conditional-fit-0031,axis4_reasoning_termination,429,0.005641268271596195
conditional-fit-0031,axis4_reasoning_termination,430,0.017582514676306116
conditional-fit-0031,axis4_reasoning_termination,431,0.0011487606182755538
conditional-fit-0031,axis4_reasoning_termination,432,0.0010204493524242748
conditional-fit-0031,axis4_reasoning_termination,433,0.0008281374079098
conditional-fit-0031,axis4_reasoning_termination,434,0.000136851054828436
conditional-fit-0031,axis4_reasoning_termination,435,0.0024275582811845013
conditional-fit-0031,axis4_reasoning_termination,436,0.06439577965391155
conditional-fit-0031,axis4_reasoning_termination,437,0.018276230025731394
conditional-fit-0031,axis4_reasoning_termination,438,0.00133708660913665
conditional-fit-0031,axis4_reasoning_termination,439,0.4611981742935269
conditional-fit-0031,axis4_reasoning_termination,440,0.025027936816645634
conditional-fit-0031,axis4_reasoning_termination,441,0.0032560463115862805
conditional-fit-0031,axis4_reasoning_termination,442,0.14330381293808178
conditional-fit-0031,axis4_reasoning_termination,443,0.0032349860536606805
conditional-fit-0031,axis4_reasoning_termination,444,0.0007989636859802664
conditional-fit-0031,axis4_reasoning_termination,445,0.00021804831476529633
conditional-fit-0031,axis4_reasoning_termination,446,7.077178618082369e-05
conditional-fit-0031,axis4_reasoning_termination,447,3.0251913564083844e-05
conditional-fit-0031,axis4_reasoning_termination,448,3.2670166570707052e-06
conditional-fit-0031,axis4_reasoning_termination,449,7.058331654830443e-05
conditional-fit-0031,axis4_reasoning_termination,450,1.1082089350200041e-06
conditional-fit-0031,axis4_reasoning_termination,451,5.4490069842839745e-05
conditional-fit-0031,axis4_reasoning_termination,452,0.000302844694516643
conditional-fit-0031,axis4_reasoning_termination,453,3.482984774119143e-05
conditional-fit-0031,axis4_reasoning_termination,454,7.150568607787226e-05
conditional-fit-0031,axis4_reasoning_termination,455,0.00012265292288596045
conditional-fit-0031,axis4_reasoning_termination,456,0.0001496578703872529
conditional-fit-0031,axis4_reasoning_termination,457,8.753039535774331e-05
conditional-fit-0031,axis4_reasoning_termination,458,0.0002351651565983492
conditional-fit-0031,axis4_reasoning_termination,459,3.5459180060018335e-05
conditional-fit-0031,axis4_reasoning_termination,460,0.0008195623802295679
conditional-fit-0031,axis4_reasoning_termination,461,0.0008942073009100864
conditional-fit-0031,axis4_reasoning_termination,462,0.0063555952704794725
conditional-fit-0031,axis4_reasoning_termination,463,3.785946256410186e-05
conditional-fit-0031,axis4_reasoning_termination,464,9.323509956495824e-06
conditional-fit-0031,axis4_reasoning_termination,465,0.0001749110716450275
conditional-fit-0031,axis4_reasoning_termination,466,5.556159013316298e-07
conditional-fit-0031,axis4_reasoning_termination,467,3.3453372860202398e-06
conditional-fit-0031,axis4_reasoning_termination,468,1.146757454674077e-05
conditional-fit-0031,axis4_reasoning_termination,469,2.504968993287086e-07
conditional-fit-0031,axis4_reasoning_termination,470,2.189715599594317e-05
conditional-fit-0031,axis4_reasoning_termination,471,3.7360723190483655e-05
conditional-fit-0031,axis4_reasoning_termination,472,1.1950516798561716e-05
conditional-fit-0031,axis4_reasoning_termination,473,2.394330098909756e-06
conditional-fit-0031,axis4_reasoning_termination,474,6.902925713933182e-06
conditional-fit-0031,axis4_reasoning_termination,475,6.159251354138637e-06
conditional-fit-0031,axis4_reasoning_termination,476,1.715071339082285e-05
conditional-fit-0031,axis4_reasoning_termination,477,0.00017069562731151605
conditional-fit-0031,axis4_reasoning_termination,478,0.00015788734842960475
conditional-fit-0031,axis4_reasoning_termination,479,2.9162950688392854e-06
conditional-fit-0031,axis4_reasoning_termination,480,1.30739692360278e-06
conditional-fit-0031,axis4_reasoning_termination,481,1.8269258349220027e-06
conditional-fit-0031,axis4_reasoning_termination,482,3.3167406623309896e-05
conditional-fit-0031,axis4_reasoning_termination,483,5.407799849750664e-06
conditional-fit-0031,axis4_reasoning_termination,484,1.2346632028035576e-06
conditional-fit-0031,axis4_reasoning_termination,485,5.284648683650147e-06
conditional-fit-0031,axis4_reasoning_termination,486,1.1628336243977232e-06
conditional-fit-0031,axis4_reasoning_termination,487,9.230854020409122e-06
conditional-fit-0031,axis4_reasoning_termination,488,4.7478140055685645e-06
conditional-fit-0031,axis4_reasoning_termination,489,2.408861465249973e-06
conditional-fit-0031,axis4_reasoning_termination,490,1.0867096845394977e-05
conditional-fit-0031,axis4_reasoning_termination,491,4.159884148062962e-05
conditional-fit-0031,axis4_reasoning_termination,492,1.4465457833431734e-05
conditional-fit-0031,axis4_reasoning_termination,493,1.0945001971674654e-05
conditional-fit-0031,axis4_reasoning_termination,494,0.0001218818352460952
conditional-fit-0031,axis4_reasoning_termination,495,0.00018672359275764616
conditional-fit-0031,axis4_reasoning_termination,496,1.0051985716502026e-05
conditional-fit-0031,axis4_reasoning_termination,497,1.5634852585570584e-05
conditional-fit-0031,axis4_reasoning_termination,498,0.00011461845394418582
conditional-fit-0031,axis4_reasoning_termination,499,0.0002158295390793848
conditional-fit-0031,axis4_reasoning_termination,500,0.00011965930006626497
conditional-fit-0031,axis4_reasoning_termination,501,9.877590729671807e-06
conditional-fit-0031,axis4_reasoning_termination,502,0.0018248713493285449
conditional-fit-0031,axis4_reasoning_termination,503,0.01583456141390619
conditional-fit-0031,axis4_reasoning_termination,504,0.003855996514943405
conditional-fit-0031,axis4_reasoning_termination,505,0.0004354232394601216
conditional-fit-0031,axis4_reasoning_termination,506,0.3024567307518559
conditional-fit-0031,axis4_reasoning_termination,507,0.0071491614046651775
conditional-fit-0031,axis4_reasoning_termination,508,0.0004963252491603628
conditional-fit-0031,axis4_reasoning_termination,509,0.0433890725589907
conditional-fit-0031,axis4_reasoning_termination,510,1.1003311921898498e-05
conditional-fit-0031,axis4_reasoning_termination,511,0.0021732954360546546
conditional-fit-0031,axis4_reasoning_termination,512,1.619743376778183e-05
conditional-fit-0031,axis4_reasoning_termination,513,4.2013828179545697e-07
conditional-fit-0031,axis4_reasoning_termination,514,0.004262270800767116
conditional-fit-0031,axis4_reasoning_termination,515,0.008992071619907668
conditional-fit-0031,axis4_reasoning_termination,516,0.0034878145216678553
conditional-fit-0031,axis4_reasoning_termination,517,0.016265768789575082
conditional-fit-0031,axis4_reasoning_termination,518,0.0010628028441911105
conditional-fit-0031,axis4_reasoning_termination,519,0.00541750209748488
conditional-fit-0031,axis4_reasoning_termination,520,9.532813258973922e-05
conditional-fit-0031,axis4_reasoning_termination,521,0.00048791794936114887
conditional-fit-0031,axis4_reasoning_termination,522,0.0005514286734478565
conditional-fit-0031,axis4_reasoning_termination,523,0.0001227468990625692
conditional-fit-0031,axis4_reasoning_termination,524,0.0002768189615072168
conditional-fit-0031,axis4_reasoning_termination,525,2.2519799561729386e-05
conditional-fit-0031,axis4_reasoning_termination,526,0.0004240741491310557
conditional-fit-0031,axis4_reasoning_termination,527,6.475281369672428e-05
conditional-fit-0031,axis4_reasoning_termination,528,0.0006533513237943676
conditional-fit-0031,axis4_reasoning_termination,529,0.006324555198122076
conditional-fit-0031,axis4_reasoning_termination,530,0.01785299652930106
conditional-fit-0031,axis4_reasoning_termination,531,0.2932065726741961
conditional-fit-0031,axis4_reasoning_termination,532,0.0006324849248242411
conditional-fit-0031,axis4_reasoning_termination,533,0.0004049473571683947
conditional-fit-0031,axis4_reasoning_termination,534,0.010486693259187519
conditional-fit-0031,axis4_reasoning_termination,535,0.00015029142055541448
conditional-fit-0031,axis4_reasoning_termination,536,3.455532210083881e-05
conditional-fit-0031,axis4_reasoning_termination,537,3.383251606516813e-05
conditional-fit-0031,axis4_reasoning_termination,538,5.918810610679237e-06
conditional-fit-0031,axis4_reasoning_termination,539,1.1824176722071195e-06
conditional-fit-0031,axis4_reasoning_termination,540,6.684676635741823e-05
conditional-fit-0031,axis4_reasoning_termination,541,0.0013411656059612565
conditional-fit-0031,axis4_reasoning_termination,542,0.007430151994292961
conditional-fit-0031,axis4_reasoning_termination,543,0.0008421022634973551
conditional-fit-0031,axis4_reasoning_termination,544,1.5955530236981593e-06
conditional-fit-0031,axis4_reasoning_termination,545,4.483833657794133e-06
conditional-fit-0031,axis4_reasoning_termination,546,0.00036736792163941556
conditional-fit-0031,axis4_reasoning_termination,547,0.0006472218337854812
conditional-fit-0031,axis4_reasoning_termination,548,0.0034019882475626057
conditional-fit-0031,axis4_reasoning_termination,549,2.502670938346118e-05
conditional-fit-0031,axis4_reasoning_termination,550,0.0003570293372443883
conditional-fit-0031,axis4_reasoning_termination,551,4.134669846038448e-06
conditional-fit-0031,axis4_reasoning_termination,552,0.0015160735662190685
conditional-fit-0031,axis4_reasoning_termination,553,7.583747187469137e-05
conditional-fit-0031,axis4_reasoning_termination,554,4.464898549943498e-07
conditional-fit-0031,axis4_reasoning_termination,555,5.841211166484223e-05
conditional-fit-0031,axis4_reasoning_termination,556,0.000686481827295494
conditional-fit-0031,axis4_reasoning_termination,557,0.001201948214217162
conditional-fit-0031,axis4_reasoning_termination,558,0.004885593339763797
conditional-fit-0031,axis4_reasoning_termination,559,6.53670756510168e-05
conditional-fit-0031,axis4_reasoning_termination,560,0.00297798562361959
conditional-fit-0031,axis4_reasoning_termination,561,0.007483799358352951
conditional-fit-0031,axis4_reasoning_termination,562,0.005815253321287265
conditional-fit-0031,axis4_reasoning_termination,563,0.0004967529602901039
conditional-fit-0031,axis4_reasoning_termination,564,0.6576891890697215
conditional-fit-0031,axis4_reasoning_termination,565,0.005557607242616457
conditional-fit-0031,axis4_reasoning_termination,566,0.00029468131418595506
conditional-fit-0031,axis4_reasoning_termination,567,0.0010566426851328
conditional-fit-0031,axis4_reasoning_termination,568,0.00016803825856173986
conditional-fit-0031,axis4_reasoning_termination,569,0.04958806046310066
conditional-fit-0031,axis4_reasoning_termination,570,0.0019967522713158275
conditional-fit-0031,axis4_reasoning_termination,571,0.0001255549799373569
conditional-fit-0031,axis4_reasoning_termination,572,0.00023197234840695844
conditional-fit-0031,axis4_reasoning_termination,573,0.0002997872884994592
conditional-fit-0031,axis4_reasoning_termination,574,0.00023874107835466992
conditional-fit-0031,axis4_reasoning_termination,575,0.0013561578502553511
conditional-fit-0031,axis4_reasoning_termination,576,2.056274954550524e-05
conditional-fit-0031,axis4_reasoning_termination,577,1.2935884747558481e-05
conditional-fit-0031,axis4_reasoning_termination,578,0.0013355619133588585
conditional-fit-0031,axis4_reasoning_termination,579,4.768518991753814e-06
conditional-fit-0031,axis4_reasoning_termination,580,4.602583111132836e-07
conditional-fit-0031,axis4_reasoning_termination,581,4.803310709837947e-06
conditional-fit-0031,axis4_reasoning_termination,582,3.0007594028388475e-07
conditional-fit-0031,axis4_reasoning_termination,583,1.198044899027001e-06
conditional-fit-0031,axis4_reasoning_termination,584,9.553593793986068e-06
conditional-fit-0031,axis4_reasoning_termination,585,1.0142452221367125e-06
conditional-fit-0031,axis4_reasoning_termination,586,1.4577831579719445e-05
conditional-fit-0031,axis4_reasoning_termination,587,5.422139190869766e-07
conditional-fit-0031,axis4_reasoning_termination,588,4.344079629783543e-06
conditional-fit-0031,axis4_reasoning_termination,589,2.1579687818686324e-07
conditional-fit-0031,axis4_reasoning_termination,590,1.2459976022340335e-06
conditional-fit-0031,axis4_reasoning_termination,591,3.6086098347393593e-06
conditional-fit-0031,axis4_reasoning_termination,592,3.907979742511028e-06
conditional-fit-0031,axis4_reasoning_termination,593,1.6233478143514933e-05
conditional-fit-0031,axis4_reasoning_termination,594,3.829560113734991e-05
conditional-fit-0031,axis4_reasoning_termination,595,1.2406554302418912e-06
conditional-fit-0031,axis4_reasoning_termination,596,7.168298998712013e-07
conditional-fit-0031,axis4_reasoning_termination,597,1.84441336326917e-06
conditional-fit-0031,axis4_reasoning_termination,598,3.846531459089501e-06
conditional-fit-0031,axis4_reasoning_termination,599,6.4946563068080215e-06
conditional-fit-0031,axis4_reasoning_termination,600,1.449552176990222e-05
conditional-fit-0031,axis4_reasoning_termination,601,2.4732702846671277e-06
conditional-fit-0031,axis4_reasoning_termination,602,1.0894693841723039e-06
conditional-fit-0031,axis4_reasoning_termination,603,3.432000901888721e-06
conditional-fit-0031,axis4_reasoning_termination,604,1.1370869273945055e-05
conditional-fit-0031,axis4_reasoning_termination,605,2.5467693145932902e-05
conditional-fit-0031,axis4_reasoning_termination,606,2.627891490247207e-05
conditional-fit-0031,axis4_reasoning_termination,607,6.671579397250084e-06
conditional-fit-0031,axis4_reasoning_termination,608,2.6876538107863905e-06
conditional-fit-0031,axis4_reasoning_termination,609,7.291108381279507e-06
conditional-fit-0031,axis4_reasoning_termination,610,6.908344134365195e-05
conditional-fit-0031,axis4_reasoning_termination,611,1.3554362685835553e-05
conditional-fit-0031,axis4_reasoning_termination,612,3.3329663893558174e-06
conditional-fit-0031,axis4_reasoning_termination,613,3.109794948447385e-06
conditional-fit-0031,axis4_reasoning_termination,614,1.3550873025084466e-05
conditional-fit-0031,axis4_reasoning_termination,615,5.471597534282249e-05
conditional-fit-0031,axis4_reasoning_termination,616,0.00035644137171506605
conditional-fit-0031,axis4_reasoning_termination,617,5.699465460117678e-06
conditional-fit-0031,axis4_reasoning_termination,618,0.0028370963282192906
conditional-fit-0031,axis4_reasoning_termination,619,0.006562799353078012
conditional-fit-0031,axis4_reasoning_termination,620,0.003620064537853748
conditional-fit-0031,axis4_reasoning_termination,621,0.19628846664668548
conditional-fit-0031,axis4_reasoning_termination,622,0.003967246719875056
conditional-fit-0031,axis4_reasoning_termination,623,0.00020262046996880563
conditional-fit-0031,axis4_reasoning_termination,624,0.0001529323731180145
conditional-fit-0031,axis4_reasoning_termination,625,0.00017382046963605735
conditional-fit-0031,axis4_reasoning_termination,626,0.04715922348372634
conditional-fit-0031,axis4_reasoning_termination,627,0.0001623865690405467
conditional-fit-0031,axis4_reasoning_termination,628,0.0014324395996880026
conditional-fit-0031,axis4_reasoning_termination,629,0.0005272873412257102
conditional-fit-0031,axis4_reasoning_termination,630,0.00032476852018205066
conditional-fit-0031,axis4_reasoning_termination,631,1.0306880562792614e-05
conditional-fit-0031,axis4_reasoning_termination,632,1.7852749467110234e-06
conditional-fit-0031,axis4_reasoning_termination,633,0.000612997167638513
conditional-fit-0031,axis4_reasoning_termination,634,2.708292036928187e-06
conditional-fit-0031,axis4_reasoning_termination,635,1.1947319867918134e-05
conditional-fit-0031,axis4_reasoning_termination,636,3.0454558948638506e-06
conditional-fit-0031,axis4_reasoning_termination,637,2.6725816283907754e-07
conditional-fit-0031,axis4_reasoning_termination,638,1.160644985000947e-05
conditional-fit-0031,axis4_reasoning_termination,639,1.79628219795108e-05
conditional-fit-0031,axis4_reasoning_termination,640,2.3994685442678575e-06
conditional-fit-0031,axis4_reasoning_termination,641,1.4220560513172613e-06
conditional-fit-0031,axis4_reasoning_termination,642,1.636561726507194e-07
conditional-fit-0031,axis4_reasoning_termination,643,2.696747068569586e-06
conditional-fit-0031,axis4_reasoning_termination,644,6.580182766208397e-08
conditional-fit-0031,axis4_reasoning_termination,645,1.4842703594728499e-06
conditional-fit-0031,axis4_reasoning_termination,646,6.5549723042801835e-06
conditional-fit-0031,axis4_reasoning_termination,647,9.364950913140836e-05
conditional-fit-0031,axis4_reasoning_termination,648,3.749254141846154e-06
conditional-fit-0031,axis4_reasoning_termination,649,1.8643795992830163e-05
conditional-fit-0031,axis4_reasoning_termination,650,0.00011007092044532888
conditional-fit-0031,axis4_reasoning_termination,651,1.783647424992295e-06
conditional-fit-0031,axis4_reasoning_termination,652,2.4311636237992963e-06
conditional-fit-0031,axis4_reasoning_termination,653,2.3719964462733743e-06
conditional-fit-0031,axis4_reasoning_termination,654,7.254278827840072e-07
conditional-fit-0031,axis4_reasoning_termination,655,5.580601251058364e-07
conditional-fit-0031,axis4_reasoning_termination,656,2.3149516167171693e-06
conditional-fit-0031,axis4_reasoning_termination,657,3.890993643809418e-07
conditional-fit-0031,axis4_reasoning_termination,658,6.318499857061374e-08
conditional-fit-0031,axis4_reasoning_termination,659,6.878117035545527e-08
conditional-fit-0031,axis4_reasoning_termination,660,1.7899681230107437e-07
conditional-fit-0031,axis4_reasoning_termination,661,1.687752558902692e-06
conditional-fit-0031,axis4_reasoning_termination,662,1.7592766779348267e-06
conditional-fit-0031,axis4_reasoning_termination,663,1.4807156927421305e-06
conditional-fit-0031,axis4_reasoning_termination,664,4.1134054478196895e-07
conditional-fit-0031,axis4_reasoning_termination,665,8.6960757625443e-07
conditional-fit-0031,axis4_reasoning_termination,666,7.3020098606900205e-06
conditional-fit-0031,axis4_reasoning_termination,667,4.4227871455638255e-06
conditional-fit-0031,axis4_reasoning_termination,668,1.2247054825330206e-06
conditional-fit-0031,axis4_reasoning_termination,669,2.5232389067371207e-05
conditional-fit-0031,axis4_reasoning_termination,670,6.049264080332939e-07
conditional-fit-0031,axis4_reasoning_termination,671,8.08992936108807e-06
conditional-fit-0031,axis4_reasoning_termination,672,6.020753134701696e-07
conditional-fit-0031,axis4_reasoning_termination,673,6.521495486863683e-07
conditional-fit-0031,axis4_reasoning_termination,674,5.953739384071626e-06
conditional-fit-0031,axis4_reasoning_termination,675,4.718328482191453e-07
conditional-fit-0031,axis4_reasoning_termination,676,5.422912983311015e-07
conditional-fit-0031,axis4_reasoning_termination,677,0.00024030352568807242
conditional-fit-0031,axis4_reasoning_termination,678,6.5803779621367535e-06
conditional-fit-0031,axis4_reasoning_termination,679,9.324259913891725e-06
conditional-fit-0031,axis4_reasoning_termination,680,1.6745958533791693e-06
conditional-fit-0031,axis4_reasoning_termination,681,1.4156444362392807e-05
conditional-fit-0031,axis4_reasoning_termination,682,1.3009706617473961e-06
conditional-fit-0031,axis4_reasoning_termination,683,1.160838716092725e-05
conditional-fit-0031,axis4_reasoning_termination,684,5.380498774568969e-07
conditional-fit-0031,axis4_reasoning_termination,685,4.354339803836779e-06
conditional-fit-0031,axis4_reasoning_termination,686,0.00020349690075911146
conditional-fit-0031,axis4_reasoning_termination,687,7.372653846167723e-06
conditional-fit-0031,axis4_reasoning_termination,688,0.003815656299446416
conditional-fit-0031,axis4_reasoning_termination,689,0.004333358188068214
conditional-fit-0031,axis4_reasoning_termination,690,0.0007554219160482677
conditional-fit-0031,axis4_reasoning_termination,691,0.192445371516537
conditional-fit-0031,axis4_reasoning_termination,692,0.011122174419760128
conditional-fit-0031,axis4_reasoning_termination,693,2.874660180851721e-05
conditional-fit-0031,axis4_reasoning_termination,694,0.015148159136453855
conditional-fit-0031,axis4_reasoning_termination,695,0.0002947279672758321
conditional-fit-0031,axis4_reasoning_termination,696,0.00016791245430015917
conditional-fit-0031,axis4_reasoning_termination,697,0.00029987491510443835
conditional-fit-0031,axis4_reasoning_termination,698,3.3124736083536724e-05
conditional-fit-0031,axis4_reasoning_termination,699,2.1014931476224523e-06
conditional-fit-0031,axis4_reasoning_termination,700,4.692484039471619e-06
conditional-fit-0031,axis4_reasoning_termination,701,2.3015987858395645e-06
conditional-fit-0031,axis4_reasoning_termination,702,9.74824560534929e-07
conditional-fit-0031,axis4_reasoning_termination,703,3.608084530933534e-06
conditional-fit-0031,axis4_reasoning_termination,704,7.946578339286116e-06
conditional-fit-0031,axis4_reasoning_termination,705,0.00016660501202741976
conditional-fit-0031,axis4_reasoning_termination,706,0.00014375783270795259
conditional-fit-0031,axis4_reasoning_termination,707,6.72931340275323e-06
conditional-fit-0031,axis4_reasoning_termination,708,7.483669783354682e-07
conditional-fit-0031,axis4_reasoning_termination,709,1.9555159229259825e-05
conditional-fit-0031,axis4_reasoning_termination,710,2.8404825652130257e-06
conditional-fit-0031,axis4_reasoning_termination,711,4.84807301962951e-06
conditional-fit-0031,axis4_reasoning_termination,712,0.0006052612402216699
conditional-fit-0031,axis4_reasoning_termination,713,0.0002831244773682025
conditional-fit-0031,axis4_reasoning_termination,714,0.0004650622830747524
conditional-fit-0031,axis4_reasoning_termination,715,1.502512874241954e-06
conditional-fit-0031,axis4_reasoning_termination,716,3.252341010765044e-07
conditional-fit-0031,axis4_reasoning_termination,717,3.2414993169989134e-06
conditional-fit-0031,axis4_reasoning_termination,718,1.1234131245285079e-07
conditional-fit-0031,axis4_reasoning_termination,719,5.304056566211891e-07
conditional-fit-0031,axis4_reasoning_termination,720,5.481448243368333e-06
conditional-fit-0031,axis4_reasoning_termination,721,4.4242608820885995e-08
conditional-fit-0031,axis4_reasoning_termination,722,7.599036103130814e-05
conditional-fit-0031,axis4_reasoning_termination,723,2.4219120574651195e-07
conditional-fit-0031,axis4_reasoning_termination,724,8.973432598324194e-06
conditional-fit-0031,axis4_reasoning_termination,725,1.610896838006853e-07
conditional-fit-0031,axis4_reasoning_termination,726,8.38343927846881e-07
conditional-fit-0031,axis4_reasoning_termination,727,2.367032956434741e-06
conditional-fit-0031,axis4_reasoning_termination,728,1.6916420760498127e-06
conditional-fit-0031,axis4_reasoning_termination,729,3.1195343141358313e-05
conditional-fit-0031,axis4_reasoning_termination,730,5.7297874601840725e-06
conditional-fit-0031,axis4_reasoning_termination,731,3.202113051796665e-07
conditional-fit-0031,axis4_reasoning_termination,732,5.68411050572732e-07
conditional-fit-0031,axis4_reasoning_termination,733,4.834308680203244e-07
conditional-fit-0031,axis4_reasoning_termination,734,2.3493873758464794e-06
conditional-fit-0031,axis4_reasoning_termination,735,1.8576224712091321e-06
conditional-fit-0031,axis4_reasoning_termination,736,4.0818250061054453e-07
conditional-fit-0031,axis4_reasoning_termination,737,1.4603676810654807e-06
conditional-fit-0031,axis4_reasoning_termination,738,1.4581247529904116e-07
conditional-fit-0031,axis4_reasoning_termination,739,7.6209744710506236e-06
conditional-fit-0031,axis4_reasoning_termination,740,1.2517453886794705e-06
conditional-fit-0031,axis4_reasoning_termination,741,2.2905143613949323e-06
conditional-fit-0031,axis4_reasoning_termination,742,2.34860595807385e-05
conditional-fit-0031,axis4_reasoning_termination,743,3.139501334787107e-06
conditional-fit-0031,axis4_reasoning_termination,744,3.013462228305843e-07
conditional-fit-0031,axis4_reasoning_termination,745,7.272571450446144e-07
conditional-fit-0031,axis4_reasoning_termination,746,7.0120835776336876e-06
conditional-fit-0031,axis4_reasoning_termination,747,1.8177644402248402e-05
conditional-fit-0031,axis4_reasoning_termination,748,1.3786344519482478e-06
conditional-fit-0031,axis4_reasoning_termination,749,2.4078002097060344e-06
conditional-fit-0031,axis4_reasoning_termination,750,3.65610774309011e-05
conditional-fit-0031,axis4_reasoning_termination,751,1.2246571673111457e-05
conditional-fit-0031,axis4_reasoning_termination,752,9.68385682367657e-05
conditional-fit-0031,axis4_reasoning_termination,753,5.312300184282597e-06
conditional-fit-0031,axis4_reasoning_termination,754,0.0035855880057447656
conditional-fit-0031,axis4_reasoning_termination,755,0.003754460416879664
conditional-fit-0031,axis4_reasoning_termination,756,0.02085447079673095
conditional-fit-0031,axis4_reasoning_termination,757,0.3279594412960413
conditional-fit-0031,axis4_reasoning_termination,758,0.018582118985636734
conditional-fit-0031,axis4_reasoning_termination,759,3.900860345652837e-05
conditional-fit-0031,axis4_reasoning_termination,760,0.00015158644030775694
conditional-fit-0031,axis4_reasoning_termination,761,1.844255938932042e-05
conditional-fit-0031,axis4_reasoning_termination,762,0.024834406756534116
conditional-fit-0031,axis4_reasoning_termination,763,0.0009120691183091447
conditional-fit-0031,axis4_reasoning_termination,764,0.00030030922897410597
conditional-fit-0031,axis4_reasoning_termination,765,5.436370020580678e-05
conditional-fit-0031,axis4_reasoning_termination,766,0.00033327592663475006
conditional-fit-0031,axis4_reasoning_termination,767,0.00010314780494140747
conditional-fit-0031,axis4_reasoning_termination,768,0.0006534890529990139
conditional-fit-0031,axis4_reasoning_termination,769,1.6735190249943815e-05
conditional-fit-0031,axis4_reasoning_termination,770,4.249881923011048e-06
conditional-fit-0031,axis4_reasoning_termination,771,8.691194657228591e-05
conditional-fit-0031,axis4_reasoning_termination,772,1.2647684994520216e-06
conditional-fit-0031,axis4_reasoning_termination,773,2.0772974100232313e-07
conditional-fit-0031,axis4_reasoning_termination,774,3.695145140385719e-06
conditional-fit-0031,axis4_reasoning_termination,775,8.942942850748877e-08
conditional-fit-0031,axis4_reasoning_termination,776,7.156817402006939e-07
conditional-fit-0031,axis4_reasoning_termination,777,8.80575347772314e-07
conditional-fit-0031,axis4_reasoning_termination,778,1.0212714080707949e-07
conditional-fit-0031,axis4_reasoning_termination,779,7.441178261323363e-06
conditional-fit-0031,axis4_reasoning_termination,780,1.7467335540089748e-06
conditional-fit-0031,axis4_reasoning_termination,781,1.713274739707934e-05
conditional-fit-0031,axis4_reasoning_termination,782,7.982844730438411e-07
conditional-fit-0031,axis4_reasoning_termination,783,2.468069443293672e-06
conditional-fit-0031,axis4_reasoning_termination,784,2.241356122579728e-06
conditional-fit-0031,axis4_reasoning_termination,785,2.0619642382266796e-06
conditional-fit-0031,axis4_reasoning_termination,786,1.5388339625337946e-05
conditional-fit-0031,axis4_reasoning_termination,787,2.810981099068559e-06
conditional-fit-0031,axis4_reasoning_termination,788,4.8158195366952254e-06
conditional-fit-0031,axis4_reasoning_termination,789,3.971225736770489e-08
conditional-fit-0031,axis4_reasoning_termination,790,6.049073472054488e-07
conditional-fit-0031,axis4_reasoning_termination,791,1.1003371272553984e-06
conditional-fit-0031,axis4_reasoning_termination,792,5.188775668177291e-06
conditional-fit-0031,axis4_reasoning_termination,793,4.190098279564055e-05
conditional-fit-0031,axis4_reasoning_termination,794,1.6806573243355707e-07
conditional-fit-0031,axis4_reasoning_termination,795,1.8391739925117616e-06
conditional-fit-0031,axis4_reasoning_termination,796,1.5119124003168159e-05
conditional-fit-0031,axis4_reasoning_termination,797,4.078581695291475e-06
conditional-fit-0031,axis4_reasoning_termination,798,1.7125194850714837e-05
conditional-fit-0031,axis4_reasoning_termination,799,1.8516984578113305e-06
conditional-fit-0031,axis4_reasoning_termination,800,5.736298840734084e-06
conditional-fit-0031,axis4_reasoning_termination,801,4.591412076865669e-06
conditional-fit-0031,axis4_reasoning_termination,802,7.109377291357569e-06
conditional-fit-0031,axis4_reasoning_termination,803,4.536827836868936e-06
conditional-fit-0031,axis4_reasoning_termination,804,8.654137816385158e-06
conditional-fit-0031,axis4_reasoning_termination,805,3.5453781557013158e-06
conditional-fit-0031,axis4_reasoning_termination,806,2.7758894878538546e-06
conditional-fit-0031,axis4_reasoning_termination,807,3.079076155096263e-05
conditional-fit-0031,axis4_reasoning_termination,808,3.305642395171359e-05
conditional-fit-0031,axis4_reasoning_termination,809,0.00047601909180255124
conditional-fit-0031,axis4_reasoning_termination,810,5.53311453382502e-06
conditional-fit-0031,axis4_reasoning_termination,811,0.002970761877180923
conditional-fit-0031,axis4_reasoning_termination,812,0.015911863453119013
conditional-fit-0031,axis4_reasoning_termination,813,7.26431783038691e-05
conditional-fit-0031,axis4_reasoning_termination,814,0.2906398495581715
conditional-fit-0031,axis4_reasoning_termination,815,0.008392433333402553
conditional-fit-0031,axis4_reasoning_termination,816,0.0001031408966230452
conditional-fit-0031,axis4_reasoning_termination,817,8.970295865012685e-05
conditional-fit-0031,axis4_reasoning_termination,818,6.532203091558642e-05
conditional-fit-0031,axis4_reasoning_termination,819,0.02149842042223627
conditional-fit-0031,axis4_reasoning_termination,820,0.0006848453021396643
conditional-fit-0031,axis4_reasoning_termination,821,4.494022648719018e-05
conditional-fit-0031,axis4_reasoning_termination,822,4.224818352491942e-05
conditional-fit-0031,axis4_reasoning_termination,823,5.088940382735704e-05
conditional-fit-0031,axis4_reasoning_termination,824,0.00014624172479350955
conditional-fit-0031,axis4_reasoning_termination,825,0.002438874017881074
conditional-fit-0031,axis4_reasoning_termination,826,3.703904031310001e-06
conditional-fit-0031,axis4_reasoning_termination,827,2.6434784546722945e-06
conditional-fit-0031,axis4_reasoning_termination,828,2.933123417541263e-05
conditional-fit-0031,axis4_reasoning_termination,829,6.088917385870008e-07
conditional-fit-0031,axis4_reasoning_termination,830,1.0864733639137526e-07
conditional-fit-0031,axis4_reasoning_termination,831,2.0984131888307586e-06
conditional-fit-0031,axis4_reasoning_termination,832,2.276520755263744e-07
conditional-fit-0031,axis4_reasoning_termination,833,6.465074377388061e-07
conditional-fit-0031,axis4_reasoning_termination,834,9.748905671207938e-06
conditional-fit-0031,axis4_reasoning_termination,835,1.7412138174823633e-07
conditional-fit-0031,axis4_reasoning_termination,836,8.872434862046189e-06
conditional-fit-0031,axis4_reasoning_termination,837,3.5410664915251007e-06
conditional-fit-0031,axis4_reasoning_termination,838,1.7334384467924477e-06
conditional-fit-0031,axis4_reasoning_termination,839,6.566823869452045e-07
conditional-fit-0031,axis4_reasoning_termination,840,5.5617548573478585e-06
conditional-fit-0031,axis4_reasoning_termination,841,3.1156175676317347e-06
conditional-fit-0031,axis4_reasoning_termination,842,1.9203937068182466e-06
conditional-fit-0031,axis4_reasoning_termination,843,1.559596483226886e-06
conditional-fit-0031,axis4_reasoning_termination,844,4.00781426435343e-06
conditional-fit-0031,axis4_reasoning_termination,845,5.321458316687345e-06
conditional-fit-0031,axis4_reasoning_termination,846,4.880587266990435e-06
conditional-fit-0031,axis4_reasoning_termination,847,2.732325143002875e-06
conditional-fit-0031,axis4_reasoning_termination,848,3.671404761662394e-05
conditional-fit-0031,axis4_reasoning_termination,849,6.928160943852563e-06
conditional-fit-0031,axis4_reasoning_termination,850,3.7209062961877307e-06
conditional-fit-0031,axis4_reasoning_termination,851,5.503689763393448e-06
conditional-fit-0031,axis4_reasoning_termination,852,4.3554099821926143e-07
conditional-fit-0031,axis4_reasoning_termination,853,4.5010280754626267e-07
conditional-fit-0031,axis4_reasoning_termination,854,5.078020865146509e-06
conditional-fit-0031,axis4_reasoning_termination,855,3.053423718921146e-06
conditional-fit-0031,axis4_reasoning_termination,856,1.1887421226258082e-05
conditional-fit-0031,axis4_reasoning_termination,857,9.974052706762369e-06
conditional-fit-0031,axis4_reasoning_termination,858,1.0832210242377426e-06
conditional-fit-0031,axis4_reasoning_termination,859,5.096164799049716e-06
conditional-fit-0031,axis4_reasoning_termination,860,1.2348490630025303e-05
conditional-fit-0031,axis4_reasoning_termination,861,1.5535935341457853e-05
conditional-fit-0031,axis4_reasoning_termination,862,2.7157691317256805e-06
conditional-fit-0031,axis4_reasoning_termination,863,1.7680787373830132e-06
conditional-fit-0031,axis4_reasoning_termination,864,1.5097597949128047e-05
conditional-fit-0031,axis4_reasoning_termination,865,2.5314362922709997e-05
conditional-fit-0031,axis4_reasoning_termination,866,0.0001287851982447597
conditional-fit-0031,axis4_reasoning_termination,867,3.6091755514990515e-06
conditional-fit-0031,axis4_reasoning_termination,868,0.007254605228976977
conditional-fit-0031,axis4_reasoning_termination,869,0.00800748348220139
conditional-fit-0031,axis4_reasoning_termination,870,0.013306955847067405
conditional-fit-0031,axis4_reasoning_termination,871,0.00011541863772467159
conditional-fit-0031,axis4_reasoning_termination,872,0.23231938842743816
conditional-fit-0031,axis4_reasoning_termination,873,0.008484006649491463
conditional-fit-0031,axis4_reasoning_termination,874,7.58220036370373e-05
conditional-fit-0031,axis4_reasoning_termination,875,0.00022709390843327453
conditional-fit-0031,axis4_reasoning_termination,876,3.304064311701785e-05
conditional-fit-0031,axis4_reasoning_termination,877,0.019170915550839177
conditional-fit-0031,axis4_reasoning_termination,878,0.00019637811320522634
conditional-fit-0031,axis4_reasoning_termination,879,2.424573459332671e-05
conditional-fit-0031,axis4_reasoning_termination,880,2.1161691125729684e-05
conditional-fit-0031,axis4_reasoning_termination,881,8.250046288855146e-05
conditional-fit-0031,axis4_reasoning_termination,882,0.0030075095032869423
conditional-fit-0031,axis4_reasoning_termination,883,0.00022830412543823765
conditional-fit-0031,axis4_reasoning_termination,884,3.3729861646909577e-06
conditional-fit-0031,axis4_reasoning_termination,885,3.158563142510095e-06
conditional-fit-0031,axis4_reasoning_termination,886,1.8765147244832213e-05
conditional-fit-0031,axis4_reasoning_termination,887,4.944476222581509e-07
conditional-fit-0031,axis4_reasoning_termination,888,1.3119525191979097e-07
conditional-fit-0031,axis4_reasoning_termination,889,2.211668721147121e-06
conditional-fit-0031,axis4_reasoning_termination,890,1.0569243761152376e-07
conditional-fit-0031,axis4_reasoning_termination,891,3.34528868191419e-07
conditional-fit-0031,axis4_reasoning_termination,892,5.4133656713972375e-06
conditional-fit-0031,axis4_reasoning_termination,893,4.65734531265109e-07
conditional-fit-0031,axis4_reasoning_termination,894,0.0002498106007492384
conditional-fit-0031,axis4_reasoning_termination,895,6.191821096444625e-07
conditional-fit-0031,axis4_reasoning_termination,896,2.069551959203058e-06
conditional-fit-0031,axis4_reasoning_termination,897,1.0846200746772187e-06
conditional-fit-0031,axis4_reasoning_termination,898,9.292732494509536e-07
conditional-fit-0031,axis4_reasoning_termination,899,2.3171752078587626e-06
conditional-fit-0031,axis4_reasoning_termination,900,2.6073799828019304e-06
conditional-fit-0031,axis4_reasoning_termination,901,4.43587463008636e-06
conditional-fit-0031,axis4_reasoning_termination,902,4.014846284139257e-06
conditional-fit-0031,axis4_reasoning_termination,903,1.627880265853249e-06
conditional-fit-0031,axis4_reasoning_termination,904,5.256819576935826e-07
conditional-fit-0031,axis4_reasoning_termination,905,2.6286546767755165e-06
conditional-fit-0031,axis4_reasoning_termination,906,3.5354391282979656e-06
conditional-fit-0031,axis4_reasoning_termination,907,1.1477984526041935e-05
conditional-fit-0031,axis4_reasoning_termination,908,8.912856338222326e-07
conditional-fit-0031,axis4_reasoning_termination,909,1.14972898594221e-05
conditional-fit-0031,axis4_reasoning_termination,910,2.170484605743778e-07
conditional-fit-0031,axis4_reasoning_termination,911,2.042202494388639e-06
conditional-fit-0031,axis4_reasoning_termination,912,2.39862270483595e-06
conditional-fit-0031,axis4_reasoning_termination,913,5.1337828614682765e-06
conditional-fit-0031,axis4_reasoning_termination,914,1.2215996704983015e-05
conditional-fit-0031,axis4_reasoning_termination,915,6.417310253209352e-06
conditional-fit-0031,axis4_reasoning_termination,916,3.7832610754574768e-06
conditional-fit-0031,axis4_reasoning_termination,917,9.343191420108519e-06
conditional-fit-0031,axis4_reasoning_termination,918,2.67181658677805e-05
conditional-fit-0031,axis4_reasoning_termination,919,4.3287129042101675e-06
conditional-fit-0031,axis4_reasoning_termination,920,1.4961078037851061e-06
conditional-fit-0031,axis4_reasoning_termination,921,1.1358098918991932e-06
conditional-fit-0031,axis4_reasoning_termination,922,1.4363845478207154e-05
conditional-fit-0031,axis4_reasoning_termination,923,7.03341188449758e-05
conditional-fit-0031,axis4_reasoning_termination,924,0.00022550863130483344
conditional-fit-0031,axis4_reasoning_termination,925,8.497991498414463e-06
conditional-fit-0031,axis4_reasoning_termination,926,0.0022186797528655376
conditional-fit-0031,axis4_reasoning_termination,927,0.004130533990478162
conditional-fit-0031,axis4_reasoning_termination,928,8.84059717671166e-05
conditional-fit-0031,axis4_reasoning_termination,929,0.24301249134381397
conditional-fit-0031,axis4_reasoning_termination,930,0.01790079885333118
conditional-fit-0031,axis4_reasoning_termination,931,6.609256885389181e-05
conditional-fit-0031,axis4_reasoning_termination,932,8.831636921791523e-05
conditional-fit-0031,axis4_reasoning_termination,933,4.135459338552924e-05
conditional-fit-0031,axis4_reasoning_termination,934,0.021127136078597557
conditional-fit-0031,axis4_reasoning_termination,935,0.00015684827965511912
conditional-fit-0031,axis4_reasoning_termination,936,2.586724529670929e-05
conditional-fit-0031,axis4_reasoning_termination,937,3.4569780083810055e-05
conditional-fit-0031,axis4_reasoning_termination,938,3.098369887460302e-05
conditional-fit-0031,axis4_reasoning_termination,939,0.001130379012025831
conditional-fit-0031,axis4_reasoning_termination,940,0.00011221759395406547
conditional-fit-0031,axis4_reasoning_termination,941,4.112876980942374e-06
conditional-fit-0031,axis4_reasoning_termination,942,1.9119016930812745e-06
conditional-fit-0031,axis4_reasoning_termination,943,3.910669389213249e-05
conditional-fit-0031,axis4_reasoning_termination,944,1.1759848882892982e-06
conditional-fit-0031,axis4_reasoning_termination,945,1.3864608670776623e-07
conditional-fit-0031,axis4_reasoning_termination,946,4.687006769921265e-06
conditional-fit-0031,axis4_reasoning_termination,947,1.0256928917541491e-07
conditional-fit-0031,axis4_reasoning_termination,948,4.256778036801275e-06
conditional-fit-0031,axis4_reasoning_termination,949,7.460983209652398e-06
conditional-fit-0031,axis4_reasoning_termination,950,2.5243093516081873e-07
conditional-fit-0031,axis4_reasoning_termination,951,3.2607270857927257e-06
conditional-fit-0031,axis4_reasoning_termination,952,4.190760443874999e-06
conditional-fit-0031,axis4_reasoning_termination,953,4.710002314591837e-07
conditional-fit-0031,axis4_reasoning_termination,954,6.366078366299207e-07
conditional-fit-0031,axis4_reasoning_termination,955,6.064304151364117e-06
conditional-fit-0031,axis4_reasoning_termination,956,1.1184663055562428e-05
conditional-fit-0031,axis4_reasoning_termination,957,2.072235948330447e-05
conditional-fit-0031,axis4_reasoning_termination,958,4.862003929590966e-06
conditional-fit-0031,axis4_reasoning_termination,959,3.557108403221735e-06
conditional-fit-0031,axis4_reasoning_termination,960,3.190432033250282e-06
conditional-fit-0031,axis4_reasoning_termination,961,2.462620157029649e-06
conditional-fit-0031,axis4_reasoning_termination,962,3.7133975769731056e-07
conditional-fit-0031,axis4_reasoning_termination,963,2.7495854890591133e-06
conditional-fit-0031,axis4_reasoning_termination,964,3.4264834562966354e-06
conditional-fit-0031,axis4_reasoning_termination,965,2.225263444442935e-06
conditional-fit-0031,axis4_reasoning_termination,966,1.4718178319790877e-06
conditional-fit-0031,axis4_reasoning_termination,967,1.5088939709154097e-06
conditional-fit-0031,axis4_reasoning_termination,968,1.2459636154751961e-06
conditional-fit-0031,axis4_reasoning_termination,969,5.187421627247373e-06
conditional-fit-0031,axis4_reasoning_termination,970,2.397365416261553e-06
conditional-fit-0031,axis4_reasoning_termination,971,1.0059273508499736e-05
conditional-fit-0031,axis4_reasoning_termination,972,1.6940304402825145e-05
conditional-fit-0031,axis4_reasoning_termination,973,1.9003032982275147e-06
conditional-fit-0031,axis4_reasoning_termination,974,4.413602782289163e-06
conditional-fit-0031,axis4_reasoning_termination,975,1.2695599598571568e-05
conditional-fit-0031,axis4_reasoning_termination,976,2.999510291999705e-06
conditional-fit-0031,axis4_reasoning_termination,977,9.051397224765298e-07
conditional-fit-0031,axis4_reasoning_termination,978,9.066853249864919e-07
conditional-fit-0031,axis4_reasoning_termination,979,6.978599257347467e-06
conditional-fit-0031,axis4_reasoning_termination,980,5.305900141909e-05
conditional-fit-0031,axis4_reasoning_termination,981,2.3886477033979726e-05
conditional-fit-0031,axis4_reasoning_termination,982,4.99186235209845e-06
conditional-fit-0031,axis4_reasoning_termination,983,0.004502000868144636
conditional-fit-0031,axis4_reasoning_termination,984,0.0037289990771528386
conditional-fit-0031,axis4_reasoning_termination,985,0.2378488900339699
conditional-fit-0031,axis4_reasoning_termination,986,4.15830236984148e-05
conditional-fit-0031,axis4_reasoning_termination,987,0.279232522528493
conditional-fit-0031,axis4_reasoning_termination,988,0.0009739965237856045
conditional-fit-0031,axis4_reasoning_termination,989,0.0001435679757286973
conditional-fit-0031,axis4_reasoning_termination,990,0.0001330936210216316
conditional-fit-0031,axis4_reasoning_termination,991,0.00010957769464012836
conditional-fit-0031,axis4_reasoning_termination,992,0.0159026225373431
conditional-fit-0031,axis4_reasoning_termination,993,4.13059982608144e-05
conditional-fit-0031,axis4_reasoning_termination,994,1.2437154323481364e-06
conditional-fit-0031,axis4_reasoning_termination,995,9.322619064006532e-07
conditional-fit-0031,axis4_reasoning_termination,996,7.04939542039203e-05
conditional-fit-0031,axis4_reasoning_termination,997,6.858578917267603e-05
conditional-fit-0031,axis4_reasoning_termination,998,9.587778972599241e-05
conditional-fit-0031,axis4_reasoning_termination,999,0.0005415667254781154
conditional-fit-0031,axis4_reasoning_termination,1000,1.2825895996707375e-06
conditional-fit-0031,axis4_reasoning_termination,1001,6.241365286326276e-07
conditional-fit-0031,axis4_reasoning_termination,1002,5.613859626403381e-05
conditional-fit-0031,axis4_reasoning_termination,1003,0.00027875259032473506
conditional-fit-0031,axis4_reasoning_termination,1004,2.749159212529885e-06
conditional-fit-0031,axis4_reasoning_termination,1005,8.879819802679476e-07
conditional-fit-0031,axis4_reasoning_termination,1006,8.59806792671281e-07
conditional-fit-0031,axis4_reasoning_termination,1007,5.537494481864178e-07
conditional-fit-0031,axis4_reasoning_termination,1008,5.3367708984218685e-06
conditional-fit-0031,axis4_reasoning_termination,1009,1.3587565951225576e-09
conditional-fit-0031,axis4_reasoning_termination,1010,6.084158351472697e-07
conditional-fit-0031,axis4_reasoning_termination,1011,1.1065665173518894e-07
conditional-fit-0031,axis4_reasoning_termination,1012,1.4364944095204548e-06
conditional-fit-0031,axis4_reasoning_termination,1013,4.075732300432683e-07
conditional-fit-0031,axis4_reasoning_termination,1014,7.800543955882936e-07
conditional-fit-0031,axis4_reasoning_termination,1015,1.5016577729083057e-06
conditional-fit-0031,axis4_reasoning_termination,1016,1.5858407829430575e-06
conditional-fit-0031,axis4_reasoning_termination,1017,8.20938835374567e-09
conditional-fit-0031,axis4_reasoning_termination,1018,2.250223987518156e-06
conditional-fit-0031,axis4_reasoning_termination,1019,2.4622879611373925e-06
conditional-fit-0031,axis4_reasoning_termination,1020,2.2940569966721774e-06
conditional-fit-0031,axis4_reasoning_termination,1021,0.00013882720441722813
conditional-fit-0031,axis4_reasoning_termination,1022,1.1681848208750376e-05
conditional-fit-0031,axis4_reasoning_termination,1023,0.003919213881104911
conditional-fit-0031,axis4_reasoning_termination,1024,0.007034457384135052
conditional-fit-0031,axis4_reasoning_termination,1025,0.0004040343975990008
conditional-fit-0031,axis4_reasoning_termination,1026,0.2984487667411011
conditional-fit-0031,axis4_reasoning_termination,1027,0.002479882534977461
conditional-fit-0031,axis4_reasoning_termination,1028,3.4036083799138856e-05
conditional-fit-0031,axis4_reasoning_termination,1029,6.819952117172482e-05
conditional-fit-0031,axis4_reasoning_termination,1030,1.2078022388698261e-05
conditional-fit-0031,axis4_reasoning_termination,1031,0.022346680253887773
conditional-fit-0031,axis4_reasoning_termination,1032,9.10601031693799e-05
conditional-fit-0031,axis4_reasoning_termination,1033,2.698906637036239e-06
conditional-fit-0031,axis4_reasoning_termination,1034,7.0617326512577645e-06
conditional-fit-0031,axis4_reasoning_termination,1035,5.183168205994138e-05
conditional-fit-0031,axis4_reasoning_termination,1036,0.00024698696876520703
conditional-fit-0031,axis4_reasoning_termination,1037,0.0016831703767152836
conditional-fit-0031,axis4_reasoning_termination,1038,0.0003506560512770223
conditional-fit-0031,axis4_reasoning_termination,1039,4.778548180479634e-06
conditional-fit-0031,axis4_reasoning_termination,1040,1.2241717907084027e-06
conditional-fit-0031,axis4_reasoning_termination,1041,6.136645218866552e-05
conditional-fit-0031,axis4_reasoning_termination,1042,1.0822087871666045e-05
conditional-fit-0031,axis4_reasoning_termination,1043,1.1484603531889897e-06
conditional-fit-0031,axis4_reasoning_termination,1044,9.108472359766087e-06
conditional-fit-0031,axis4_reasoning_termination,1045,8.140878590424728e-07
conditional-fit-0031,axis4_reasoning_termination,1046,1.8798272835567987e-07
conditional-fit-0031,axis4_reasoning_termination,1047,3.720932354129546e-06
conditional-fit-0031,axis4_reasoning_termination,1048,4.1940601691946735e-09
conditional-fit-0031,axis4_reasoning_termination,1049,5.118033228516481e-07
conditional-fit-0031,axis4_reasoning_termination,1050,5.995247774346231e-07
conditional-fit-0031,axis4_reasoning_termination,1051,3.870726838530786e-06
conditional-fit-0031,axis4_reasoning_termination,1052,1.536038767743234e-06
conditional-fit-0031,axis4_reasoning_termination,1053,4.8659557432753405e-06
conditional-fit-0031,axis4_reasoning_termination,1054,2.470167730757915e-06
conditional-fit-0031,axis4_reasoning_termination,1055,9.905749386542008e-07
conditional-fit-0031,axis4_reasoning_termination,1056,1.858206283153083e-08
conditional-fit-0031,axis4_reasoning_termination,1057,2.043338238852128e-06
conditional-fit-0031,axis4_reasoning_termination,1058,1.589787248691357e-05
conditional-fit-0031,axis4_reasoning_termination,1059,2.0531000352121903e-06
conditional-fit-0031,axis4_reasoning_termination,1060,0.00016618614552362228
conditional-fit-0031,axis4_reasoning_termination,1061,4.22764800718577e-06
conditional-fit-0031,axis4_reasoning_termination,1062,0.0032305374144664142
conditional-fit-0031,axis4_reasoning_termination,1063,0.0776187124815127
conditional-fit-0031,axis4_reasoning_termination,1064,0.00010565230543015621
conditional-fit-0031,axis4_reasoning_termination,1065,0.21213912927514417
conditional-fit-0031,axis4_reasoning_termination,1066,0.007502318519963476
conditional-fit-0031,axis4_reasoning_termination,1067,2.1055098412638757e-05
conditional-fit-0031,axis4_reasoning_termination,1068,4.952949978579015e-05
conditional-fit-0031,axis4_reasoning_termination,1069,1.6565769982911237e-05
conditional-fit-0031,axis4_reasoning_termination,1070,0.015759073996696262
conditional-fit-0031,axis4_reasoning_termination,1071,3.674499265710205e-05
conditional-fit-0031,axis4_reasoning_termination,1072,5.499180939062625e-06
conditional-fit-0031,axis4_reasoning_termination,1073,9.498378400604092e-06
conditional-fit-0031,axis4_reasoning_termination,1074,0.00010329418044389955
conditional-fit-0031,axis4_reasoning_termination,1075,5.830773906586365e-05
conditional-fit-0031,axis4_reasoning_termination,1076,0.0002461449111795047
conditional-fit-0031,axis4_reasoning_termination,1077,1.774516782492534e-06
conditional-fit-0031,axis4_reasoning_termination,1078,1.3114787548745372e-06
conditional-fit-0031,axis4_reasoning_termination,1079,1.0430199289861394e-05
conditional-fit-0031,axis4_reasoning_termination,1080,2.382220124350533e-07
conditional-fit-0031,axis4_reasoning_termination,1081,6.988007697231601e-08
conditional-fit-0031,axis4_reasoning_termination,1082,1.681204219855504e-05
conditional-fit-0031,axis4_reasoning_termination,1083,3.395900737187751e-07
conditional-fit-0031,axis4_reasoning_termination,1084,5.947808230414665e-07
conditional-fit-0031,axis4_reasoning_termination,1085,3.1299389893334923e-06
conditional-fit-0031,axis4_reasoning_termination,1086,1.9611912589937327e-07
conditional-fit-0031,axis4_reasoning_termination,1087,1.8335532120618538e-07
conditional-fit-0031,axis4_reasoning_termination,1088,8.593169831710036e-08
conditional-fit-0031,axis4_reasoning_termination,1089,4.08048275740506e-07
conditional-fit-0031,axis4_reasoning_termination,1090,1.7698011117380777e-07
conditional-fit-0031,axis4_reasoning_termination,1091,1.918876980200478e-06
conditional-fit-0031,axis4_reasoning_termination,1092,1.4996485057965052e-06
conditional-fit-0031,axis4_reasoning_termination,1093,1.1254057886909505e-06
conditional-fit-0031,axis4_reasoning_termination,1094,4.980024627751341e-06
conditional-fit-0031,axis4_reasoning_termination,1095,3.2767552380706978e-06
conditional-fit-0031,axis4_reasoning_termination,1096,3.6477268181689307e-07
conditional-fit-0031,axis4_reasoning_termination,1097,9.62836523089071e-07
conditional-fit-0031,axis4_reasoning_termination,1098,7.688074346533623e-07
conditional-fit-0031,axis4_reasoning_termination,1099,6.72481541582309e-05
conditional-fit-0031,axis4_reasoning_termination,1100,6.844223735963679e-06
conditional-fit-0031,axis4_reasoning_termination,1101,5.340577941142106e-07
conditional-fit-0031,axis4_reasoning_termination,1102,1.2303227213008621e-06
conditional-fit-0031,axis4_reasoning_termination,1103,2.519293905293987e-07
conditional-fit-0031,axis4_reasoning_termination,1104,1.0565815394248391e-05
conditional-fit-0031,axis4_reasoning_termination,1105,1.004588388814494e-05
conditional-fit-0031,axis4_reasoning_termination,1106,2.390120696577249e-06
conditional-fit-0031,axis4_reasoning_termination,1107,6.53486365537285e-05
conditional-fit-0031,axis4_reasoning_termination,1108,8.82115576577712e-06
conditional-fit-0031,axis4_reasoning_termination,1109,1.493234181680694e-05
conditional-fit-0031,axis4_reasoning_termination,1110,1.420146523591901e-06
conditional-fit-0031,axis4_reasoning_termination,1111,4.875648441897145e-06
conditional-fit-0031,axis4_reasoning_termination,1112,2.2609851832697942e-05
conditional-fit-0031,axis4_reasoning_termination,1113,6.99432756548627e-07
conditional-fit-0031,axis4_reasoning_termination,1114,5.603448215855714e-06
conditional-fit-0031,axis4_reasoning_termination,1115,5.414762890179336e-06
conditional-fit-0031,axis4_reasoning_termination,1116,2.145378913189026e-05
conditional-fit-0031,axis4_reasoning_termination,1117,0.0001957751795209061
conditional-fit-0031,axis4_reasoning_termination,1118,3.491213110555573e-06
conditional-fit-0031,axis4_reasoning_termination,1119,0.0028099737994726447
conditional-fit-0031,axis4_reasoning_termination,1120,0.013607152460085063
conditional-fit-0031,axis4_reasoning_termination,1121,0.16908891844445678
conditional-fit-0031,axis4_reasoning_termination,1122,0.00010798039714023135
conditional-fit-0031,axis4_reasoning_termination,1123,0.1780113551945065
conditional-fit-0031,axis4_reasoning_termination,1124,0.0064052821189515274
conditional-fit-0031,axis4_reasoning_termination,1125,3.896167684328087e-05
conditional-fit-0031,axis4_reasoning_termination,1126,4.08293017337971e-05
conditional-fit-0031,axis4_reasoning_termination,1127,1.586824585888878e-05
conditional-fit-0031,axis4_reasoning_termination,1128,0.022988583044767072
conditional-fit-0031,axis4_reasoning_termination,1129,4.2004891508628327e-05
conditional-fit-0031,axis4_reasoning_termination,1130,0.0002703195978769533
conditional-fit-0031,axis4_reasoning_termination,1131,9.59103121809223e-05
conditional-fit-0031,axis4_reasoning_termination,1132,0.00012954858700903898
conditional-fit-0031,axis4_reasoning_termination,1133,1.3489932592995912e-06
conditional-fit-0031,axis4_reasoning_termination,1134,1.8432079499423592e-06
conditional-fit-0031,axis4_reasoning_termination,1135,7.210329735438144e-05
conditional-fit-0031,axis4_reasoning_termination,1136,1.5917557786674086e-06
conditional-fit-0031,axis4_reasoning_termination,1137,1.5696360507177728e-06
conditional-fit-0031,axis4_reasoning_termination,1138,3.8285815785339946e-05
conditional-fit-0031,axis4_reasoning_termination,1139,9.797575149193687e-07
conditional-fit-0031,axis4_reasoning_termination,1140,1.0874946377257189e-06
conditional-fit-0031,axis4_reasoning_termination,1141,2.2608578267942915e-06
conditional-fit-0031,axis4_reasoning_termination,1142,8.809009140431792e-06
conditional-fit-0031,axis4_reasoning_termination,1143,3.808878237141454e-07
conditional-fit-0031,axis4_reasoning_termination,1144,1.1815308920307957e-07
conditional-fit-0031,axis4_reasoning_termination,1145,1.0922950441004097e-06
conditional-fit-0031,axis4_reasoning_termination,1146,2.1105676116400932e-08
conditional-fit-0031,axis4_reasoning_termination,1147,1.6805055951562354e-07
conditional-fit-0031,axis4_reasoning_termination,1148,2.2497230710296014e-06
conditional-fit-0031,axis4_reasoning_termination,1149,2.738616304847881e-06
conditional-fit-0031,axis4_reasoning_termination,1150,2.1903746559882726e-06
conditional-fit-0031,axis4_reasoning_termination,1151,9.122005757263539e-07
conditional-fit-0031,axis4_reasoning_termination,1152,1.2212715693758194e-05
conditional-fit-0031,axis4_reasoning_termination,1153,8.880117818230619e-08
conditional-fit-0031,axis4_reasoning_termination,1154,6.859071440841798e-06
conditional-fit-0031,axis4_reasoning_termination,1155,1.9179499990321088e-05
conditional-fit-0031,axis4_reasoning_termination,1156,2.916775797076513e-06
conditional-fit-0031,axis4_reasoning_termination,1157,2.113140551975887e-06
conditional-fit-0031,axis4_reasoning_termination,1158,3.2458051344128745e-06
conditional-fit-0031,axis4_reasoning_termination,1159,2.822473032869172e-07
conditional-fit-0031,axis4_reasoning_termination,1160,6.064487719101325e-07
conditional-fit-0031,axis4_reasoning_termination,1161,1.5397739252697474e-07
conditional-fit-0031,axis4_reasoning_termination,1162,3.417415723047602e-06
conditional-fit-0031,axis4_reasoning_termination,1163,3.6265433014902247e-06
conditional-fit-0031,axis4_reasoning_termination,1164,6.128166411818217e-07
conditional-fit-0031,axis4_reasoning_termination,1165,1.3681773936767098e-06
conditional-fit-0031,axis4_reasoning_termination,1166,3.630352644977322e-08
conditional-fit-0031,axis4_reasoning_termination,1167,1.3917596617935266e-06
conditional-fit-0031,axis4_reasoning_termination,1168,1.4605292926310127e-05
conditional-fit-0031,axis4_reasoning_termination,1169,1.708138147450799e-06
conditional-fit-0031,axis4_reasoning_termination,1170,8.577711447075131e-07
conditional-fit-0031,axis4_reasoning_termination,1171,5.9004580623964404e-06
conditional-fit-0031,axis4_reasoning_termination,1172,1.4466523515064313e-07
conditional-fit-0031,axis4_reasoning_termination,1173,1.749091441088859e-06
conditional-fit-0031,axis4_reasoning_termination,1174,1.4023370457206167e-07
conditional-fit-0031,axis4_reasoning_termination,1175,3.258685783477289e-07
conditional-fit-0031,axis4_reasoning_termination,1176,5.095273678156823e-07
conditional-fit-0031,axis4_reasoning_termination,1177,2.8299948441924723e-07
conditional-fit-0031,axis4_reasoning_termination,1178,5.60558183133593e-07
conditional-fit-0031,axis4_reasoning_termination,1179,6.513611730437235e-05
conditional-fit-0031,axis4_reasoning_termination,1180,1.1809788297857725e-05
conditional-fit-0031,axis4_reasoning_termination,1181,1.969997472234207e-06
conditional-fit-0031,axis4_reasoning_termination,1182,2.860373244161012e-06
conditional-fit-0031,axis4_reasoning_termination,1183,1.853621670092224e-06
conditional-fit-0031,axis4_reasoning_termination,1184,8.651896782688354e-07
conditional-fit-0031,axis4_reasoning_termination,1185,2.4720780928513272e-05
conditional-fit-0031,axis4_reasoning_termination,1186,1.9275240136555489e-07
conditional-fit-0031,axis4_reasoning_termination,1187,2.9153357601178265e-06
conditional-fit-0031,axis4_reasoning_termination,1188,0.00022997168583164455
conditional-fit-0031,axis4_reasoning_termination,1189,7.001795018608849e-06
conditional-fit-0031,axis4_reasoning_termination,1190,0.002589157963951047
conditional-fit-0031,axis4_reasoning_termination,1191,0.0008782991977516435
conditional-fit-0031,axis4_reasoning_termination,1192,0.1297090476619095
conditional-fit-0031,axis4_reasoning_termination,1193,0.013624532325633529
conditional-fit-0031,axis4_reasoning_termination,1194,7.527706525588702e-05
conditional-fit-0031,axis4_reasoning_termination,1195,2.9486771630637775e-05
conditional-fit-0031,axis4_reasoning_termination,1196,4.0301101105991586e-05
conditional-fit-0031,axis4_reasoning_termination,1197,0.011647922107527825
conditional-fit-0031,axis4_reasoning_termination,1198,1.7459180576531995e-05
conditional-fit-0031,axis4_reasoning_termination,1199,9.061802676874435e-06
conditional-fit-0031,axis4_reasoning_termination,1200,1.0976905309644453e-05
conditional-fit-0031,axis4_reasoning_termination,1201,1.1062743067658797e-05
conditional-fit-0031,axis4_reasoning_termination,1202,5.459386304755516e-05
conditional-fit-0031,axis4_reasoning_termination,1203,0.0002489747417231035
conditional-fit-0031,axis4_reasoning_termination,1204,2.253746946684128e-06
conditional-fit-0031,axis4_reasoning_termination,1205,1.3239791604993528e-06
conditional-fit-0031,axis4_reasoning_termination,1206,9.065689800619225e-06
conditional-fit-0031,axis4_reasoning_termination,1207,1.6965437236302113e-07
conditional-fit-0031,axis4_reasoning_termination,1208,3.0226092176273186e-08
conditional-fit-0031,axis4_reasoning_termination,1209,1.081393847950724e-06
conditional-fit-0031,axis4_reasoning_termination,1210,1.2116018276392936e-07
conditional-fit-0031,axis4_reasoning_termination,1211,1.9015405973749257e-06
conditional-fit-0031,axis4_reasoning_termination,1212,1.4097856909074718e-05
conditional-fit-0031,axis4_reasoning_termination,1213,2.561800123751619e-07
conditional-fit-0031,axis4_reasoning_termination,1214,1.1373362545220197e-06
conditional-fit-0031,axis4_reasoning_termination,1215,5.94863698677496e-07
conditional-fit-0031,axis4_reasoning_termination,1216,2.732001157022648e-06
conditional-fit-0031,axis4_reasoning_termination,1217,3.599451036817923e-07
conditional-fit-0031,axis4_reasoning_termination,1218,1.9757723336940835e-06
conditional-fit-0031,axis4_reasoning_termination,1219,2.4939171037837315e-06
conditional-fit-0031,axis4_reasoning_termination,1220,2.0437045792570014e-06
conditional-fit-0031,axis4_reasoning_termination,1221,6.343535841284691e-07
conditional-fit-0031,axis4_reasoning_termination,1222,5.619547432843105e-06
conditional-fit-0031,axis4_reasoning_termination,1223,3.226719458584973e-07
conditional-fit-0031,axis4_reasoning_termination,1224,1.3582895628051343e-07
conditional-fit-0031,axis4_reasoning_termination,1225,2.0634587575984823e-07
conditional-fit-0031,axis4_reasoning_termination,1226,4.339381845872064e-06
conditional-fit-0031,axis4_reasoning_termination,1227,6.193228219558541e-06
conditional-fit-0031,axis4_reasoning_termination,1228,6.2081592099374654e-06
conditional-fit-0031,axis4_reasoning_termination,1229,5.705148261109544e-07
conditional-fit-0031,axis4_reasoning_termination,1230,2.638878305270504e-06
conditional-fit-0031,axis4_reasoning_termination,1231,1.241845314348526e-06
conditional-fit-0031,axis4_reasoning_termination,1232,1.6076968222811967e-06
conditional-fit-0031,axis4_reasoning_termination,1233,1.8920475965332222e-06
conditional-fit-0031,axis4_reasoning_termination,1234,4.0713743207101237e-05
conditional-fit-0031,axis4_reasoning_termination,1235,5.381564627280447e-06
conditional-fit-0031,axis4_reasoning_termination,1236,1.975048675604977e-06
conditional-fit-0031,axis4_reasoning_termination,1237,2.2398246418391768e-06
conditional-fit-0031,axis4_reasoning_termination,1238,5.95116840675292e-07
conditional-fit-0031,axis4_reasoning_termination,1239,1.542728520660552e-06
conditional-fit-0031,axis4_reasoning_termination,1240,7.795025179852474e-07
conditional-fit-0031,axis4_reasoning_termination,1241,5.421649553635699e-07
conditional-fit-0031,axis4_reasoning_termination,1242,1.3814266831943555e-05
conditional-fit-0031,axis4_reasoning_termination,1243,4.0526064181711145e-05
conditional-fit-0031,axis4_reasoning_termination,1244,0.00020122111377982206
conditional-fit-0031,axis4_reasoning_termination,1245,3.624055828494348e-06
conditional-fit-0031,axis4_reasoning_termination,1246,0.004550318017821764
conditional-fit-0031,axis4_reasoning_termination,1247,0.006506618573935193
conditional-fit-0031,axis4_reasoning_termination,1248,1.914286927260647
conditional-fit-0031,axis4_reasoning_termination,1249,0.0001962468485937109
conditional-fit-0031,axis4_reasoning_termination,1250,0.22392696207560053
conditional-fit-0031,axis4_reasoning_termination,1251,0.005508222418259351
conditional-fit-0031,axis4_reasoning_termination,1252,2.5064346018570854e-05
conditional-fit-0031,axis4_reasoning_termination,1253,0.00320780929865734
conditional-fit-0031,axis4_reasoning_termination,1254,3.4312139908864657e-06
conditional-fit-0031,axis4_reasoning_termination,1255,2.4043270764615993e-05
conditional-fit-0031,axis4_reasoning_termination,1256,3.421956938339128e-06
conditional-fit-0031,axis4_reasoning_termination,1257,5.890369853005246e-08
conditional-fit-0031,axis4_reasoning_termination,1258,5.723894722004225e-05
conditional-fit-0031,axis4_reasoning_termination,1259,7.532980105398255e-06
conditional-fit-0031,axis4_reasoning_termination,1260,8.270073955291922e-07
conditional-fit-0031,axis4_reasoning_termination,1261,8.106604122376507e-06
conditional-fit-0031,axis4_reasoning_termination,1262,1.9972860006632983e-06
conditional-fit-0031,axis4_reasoning_termination,1263,2.3130713067268134e-06
conditional-fit-0031,axis4_reasoning_termination,1264,1.920100031921441e-06
conditional-fit-0031,axis4_reasoning_termination,1265,4.578979206955121e-06
conditional-fit-0031,axis4_reasoning_termination,1266,5.415746417191771e-05
conditional-fit-0031,axis4_reasoning_termination,1267,1.6291870146350804e-06
conditional-fit-0031,axis4_reasoning_termination,1268,2.5339439390988604e-06
conditional-fit-0031,axis4_reasoning_termination,1269,1.6516218415359547e-06
conditional-fit-0031,axis4_reasoning_termination,1270,3.6026492516173727e-06
conditional-fit-0031,axis4_reasoning_termination,1271,8.638163052534274e-07
conditional-fit-0031,axis4_reasoning_termination,1272,5.9949720241536005e-06
conditional-fit-0031,axis4_reasoning_termination,1273,3.257655191444407e-05
conditional-fit-0031,axis4_reasoning_termination,1274,0.001094614350361683
conditional-fit-0031,axis4_reasoning_termination,1275,0.011225690869839187
conditional-fit-0031,axis4_reasoning_termination,1276,8.7654594196377e-08
conditional-fit-0031,axis4_reasoning_termination,1277,1.5439360274869828e-07
conditional-fit-0031,axis4_reasoning_termination,1278,3.1184999397444896e-06
conditional-fit-0031,axis4_reasoning_termination,1279,1.5706237390894326e-06
conditional-fit-0031,axis4_reasoning_termination,1280,3.0301290788637087e-07
conditional-fit-0031,axis4_reasoning_termination,1281,8.988297347202893e-07
conditional-fit-0031,axis4_reasoning_termination,1282,7.329836681155257e-07
conditional-fit-0031,axis4_reasoning_termination,1283,0.00026812734637162377
conditional-fit-0031,axis4_reasoning_termination,1284,4.959940006031504e-07
conditional-fit-0031,axis4_reasoning_termination,1285,2.842067930054856e-07
conditional-fit-0031,axis4_reasoning_termination,1286,3.3421322007443375e-06
conditional-fit-0031,axis4_reasoning_termination,1287,3.7234076306332848e-06
conditional-fit-0031,axis4_reasoning_termination,1288,2.813298447412237e-06
conditional-fit-0031,axis4_reasoning_termination,1289,1.6194169120777287e-06
conditional-fit-0031,axis4_reasoning_termination,1290,1.4679897804712908e-06
conditional-fit-0031,axis4_reasoning_termination,1291,2.754731066231552e-07
conditional-fit-0031,axis4_reasoning_termination,1292,2.0568844478474818e-07
conditional-fit-0031,axis4_reasoning_termination,1293,2.46187123508152e-08
conditional-fit-0031,axis4_reasoning_termination,1294,5.601868050772906e-06
conditional-fit-0031,axis4_reasoning_termination,1295,8.55367603226271e-08
conditional-fit-0031,axis4_reasoning_termination,1296,4.334432437761576e-05
conditional-fit-0031,axis4_reasoning_termination,1297,2.989326988497343e-06
conditional-fit-0031,axis4_reasoning_termination,1298,1.9276616626939467e-08
conditional-fit-0031,axis4_reasoning_termination,1299,1.373490318747682e-06
conditional-fit-0031,axis4_reasoning_termination,1300,3.325118380382257e-07
conditional-fit-0031,axis4_reasoning_termination,1301,1.4597905630171505e-06
conditional-fit-0031,axis4_reasoning_termination,1302,3.6867418351316315e-06
conditional-fit-0031,axis4_reasoning_termination,1303,5.9423081017872675e-06
conditional-fit-0031,axis4_reasoning_termination,1304,0.0019381281338373452
conditional-fit-0031,axis4_reasoning_termination,1305,0.01107696125788923
conditional-fit-0031,axis4_reasoning_termination,1306,7.266547824990165e-05
conditional-fit-0031,axis4_reasoning_termination,1307,0.23482816704755616
conditional-fit-0031,axis4_reasoning_termination,1308,0.0019147104824510652
conditional-fit-0031,axis4_reasoning_termination,1309,3.02915728025855e-05
conditional-fit-0031,axis4_reasoning_termination,1310,1.9848355525361548e-05
conditional-fit-0031,axis4_reasoning_termination,1311,8.309276375519682e-06
conditional-fit-0031,axis4_reasoning_termination,1312,0.007876966827315281
conditional-fit-0031,axis4_reasoning_termination,1313,1.3316241602849607e-05
conditional-fit-0031,axis4_reasoning_termination,1314,5.324646086910833e-05
conditional-fit-0031,axis4_reasoning_termination,1315,0.0001373629356646207
conditional-fit-0031,axis4_reasoning_termination,1316,0.00016766487703646164
conditional-fit-0031,axis4_reasoning_termination,1317,2.106688703414883e-06
conditional-fit-0031,axis4_reasoning_termination,1318,2.4859585516766752e-06
conditional-fit-0031,axis4_reasoning_termination,1319,2.086035268853887e-05
conditional-fit-0031,axis4_reasoning_termination,1320,7.825331911871987e-07
conditional-fit-0031,axis4_reasoning_termination,1321,2.1800518316842666e-06
conditional-fit-0031,axis4_reasoning_termination,1322,2.5177204683873763e-07
conditional-fit-0031,axis4_reasoning_termination,1323,4.63911739209478e-08
conditional-fit-0031,axis4_reasoning_termination,1324,1.0641049195264368e-06
conditional-fit-0031,axis4_reasoning_termination,1325,1.41812502411557e-06
conditional-fit-0031,axis4_reasoning_termination,1326,3.7979159511141475e-07
conditional-fit-0031,axis4_reasoning_termination,1327,4.523696588650855e-06
conditional-fit-0031,axis4_reasoning_termination,1328,4.580150418347729e-08
conditional-fit-0031,axis4_reasoning_termination,1329,7.657766058405064e-07
conditional-fit-0031,axis4_reasoning_termination,1330,4.795409643994215e-07
conditional-fit-0031,axis4_reasoning_termination,1331,8.213268692910331e-07
conditional-fit-0031,axis4_reasoning_termination,1332,5.2247888165910965e-06
conditional-fit-0031,axis4_reasoning_termination,1333,9.026888446279833e-07
conditional-fit-0031,axis4_reasoning_termination,1334,4.99979093420177e-06
conditional-fit-0031,axis4_reasoning_termination,1335,6.059614773761429e-07
conditional-fit-0031,axis4_reasoning_termination,1336,2.1444579559363064e-06
conditional-fit-0031,axis4_reasoning_termination,1337,2.8201580919913993e-08
conditional-fit-0031,axis4_reasoning_termination,1338,5.03395469156081e-07
conditional-fit-0031,axis4_reasoning_termination,1339,1.8937611640876572e-06
conditional-fit-0031,axis4_reasoning_termination,1340,3.424606507640665e-07
conditional-fit-0031,axis4_reasoning_termination,1341,3.4229994047278593e-07
conditional-fit-0031,axis4_reasoning_termination,1342,8.607899467959366e-07
conditional-fit-0031,axis4_reasoning_termination,1343,6.661976172573786e-08
conditional-fit-0031,axis4_reasoning_termination,1344,7.8383590771621e-07
conditional-fit-0031,axis4_reasoning_termination,1345,1.9664773391338282e-07
conditional-fit-0031,axis4_reasoning_termination,1346,2.4448033536623116e-06
conditional-fit-0031,axis4_reasoning_termination,1347,8.326419897654989e-07
conditional-fit-0031,axis4_reasoning_termination,1348,2.1219421624191054e-07
conditional-fit-0031,axis4_reasoning_termination,1349,1.5285030515579144e-06
conditional-fit-0031,axis4_reasoning_termination,1350,5.204279810088884e-08
conditional-fit-0031,axis4_reasoning_termination,1351,1.3077161526499826e-07
conditional-fit-0031,axis4_reasoning_termination,1352,5.783711067881692e-06
conditional-fit-0031,axis4_reasoning_termination,1353,7.429443066803207e-07
conditional-fit-0031,axis4_reasoning_termination,1354,1.1071441043922852e-06
conditional-fit-0031,axis4_reasoning_termination,1355,3.0501739019949623e-06
conditional-fit-0031,axis4_reasoning_termination,1356,5.307288629941303e-07
conditional-fit-0031,axis4_reasoning_termination,1357,8.874436962975759e-07
conditional-fit-0031,axis4_reasoning_termination,1358,6.48410683821091e-08
conditional-fit-0031,axis4_reasoning_termination,1359,8.265392601342646e-07
conditional-fit-0031,axis4_reasoning_termination,1360,1.7750417808268372e-06
conditional-fit-0031,axis4_reasoning_termination,1361,1.3963822830222202e-07
conditional-fit-0031,axis4_reasoning_termination,1362,9.380694341246155e-08
conditional-fit-0031,axis4_reasoning_termination,1363,2.7955422619094748e-05
conditional-fit-0031,axis4_reasoning_termination,1364,1.0704577180275555e-05
conditional-fit-0031,axis4_reasoning_termination,1365,8.425405967282189e-07
conditional-fit-0031,axis4_reasoning_termination,1366,7.358477250136902e-07
conditional-fit-0031,axis4_reasoning_termination,1367,7.819716207815708e-06
conditional-fit-0031,axis4_reasoning_termination,1368,8.437036802323843e-07
conditional-fit-0031,axis4_reasoning_termination,1369,7.105210799396021e-06
conditional-fit-0031,axis4_reasoning_termination,1370,3.375778762299107e-07
conditional-fit-0031,axis4_reasoning_termination,1371,5.091713414864971e-06
conditional-fit-0031,axis4_reasoning_termination,1372,6.7922663971061825e-06
conditional-fit-0031,axis4_reasoning_termination,1373,3.705023386543307e-06
conditional-fit-0031,axis4_reasoning_termination,1374,0.0031502679533726517
conditional-fit-0031,axis4_reasoning_termination,1375,0.0022666491369017563
conditional-fit-0031,axis4_reasoning_termination,1376,0.08541626602533547
conditional-fit-0031,axis4_reasoning_termination,1377,0.0002477678276814234
conditional-fit-0031,axis4_reasoning_termination,1378,0.13209948209803102
conditional-fit-0031,axis4_reasoning_termination,1379,0.0017217073929939215
conditional-fit-0031,axis4_reasoning_termination,1380,1.2709322971456835e-05
conditional-fit-0031,axis4_reasoning_termination,1381,2.3715298078311744e-05
conditional-fit-0031,axis4_reasoning_termination,1382,1.8427110569632926e-05
conditional-fit-0031,axis4_reasoning_termination,1383,0.010716765811865425
conditional-fit-0031,axis4_reasoning_termination,1384,7.780544552749181e-06
conditional-fit-0031,axis4_reasoning_termination,1385,4.3887557232143127e-07
conditional-fit-0031,axis4_reasoning_termination,1386,1.0734159450370277e-06
conditional-fit-0031,axis4_reasoning_termination,1387,1.3597511891199302e-05
conditional-fit-0031,axis4_reasoning_termination,1388,1.2626822806668074e-05
conditional-fit-0031,axis4_reasoning_termination,1389,0.00011748324198226428
conditional-fit-0031,axis4_reasoning_termination,1390,4.70301785717001e-05
conditional-fit-0031,axis4_reasoning_termination,1391,2.3978769041617744e-06
conditional-fit-0031,axis4_reasoning_termination,1392,6.50919662958159e-07
conditional-fit-0031,axis4_reasoning_termination,1393,1.4828785853991023e-05
conditional-fit-0031,axis4_reasoning_termination,1394,6.512783641343207e-06
conditional-fit-0031,axis4_reasoning_termination,1395,2.0192910755949854e-06
conditional-fit-0031,axis4_reasoning_termination,1396,2.7853117303145976e-06
conditional-fit-0031,axis4_reasoning_termination,1397,1.059477821901526e-06
conditional-fit-0031,axis4_reasoning_termination,1398,8.508023771627714e-08
conditional-fit-0031,axis4_reasoning_termination,1399,2.6841806401285497e-06
conditional-fit-0031,axis4_reasoning_termination,1400,1.422086308176613e-08
conditional-fit-0031,axis4_reasoning_termination,1401,1.2663743330798873e-07
conditional-fit-0031,axis4_reasoning_termination,1402,9.495119392902067e-07
conditional-fit-0031,axis4_reasoning_termination,1403,8.750726414492734e-06
conditional-fit-0031,axis4_reasoning_termination,1404,1.263667954536991e-06
conditional-fit-0031,axis4_reasoning_termination,1405,1.2016654968756225e-06
conditional-fit-0031,axis4_reasoning_termination,1406,2.2915356147272174e-06
conditional-fit-0031,axis4_reasoning_termination,1407,1.869925377380998e-06
conditional-fit-0031,axis4_reasoning_termination,1408,8.141197858862262e-09
conditional-fit-0031,axis4_reasoning_termination,1409,8.166030052070209e-07
conditional-fit-0031,axis4_reasoning_termination,1410,1.0355041106298012e-05
conditional-fit-0031,axis4_reasoning_termination,1411,2.817214792257299e-06
conditional-fit-0031,axis4_reasoning_termination,1412,5.919006183046682e-05
conditional-fit-0031,axis4_reasoning_termination,1413,2.0631801640049437e-06
conditional-fit-0031,axis4_reasoning_termination,1414,0.00283053342216617
conditional-fit-0031,axis4_reasoning_termination,1415,0.0035378992834174073
conditional-fit-0031,axis4_reasoning_termination,1416,0.12507880766634194
conditional-fit-0031,axis4_reasoning_termination,1417,5.825347525779586e-05
conditional-fit-0031,axis4_reasoning_termination,1418,0.1347678832388735
conditional-fit-0031,axis4_reasoning_termination,1419,0.0016703904615950164
conditional-fit-0031,axis4_reasoning_termination,1420,1.8305600053252873e-05
conditional-fit-0031,axis4_reasoning_termination,1421,1.9451214924036346e-05
conditional-fit-0031,axis4_reasoning_termination,1422,2.943710200513013e-06
conditional-fit-0031,axis4_reasoning_termination,1423,0.011306874280887379
conditional-fit-0031,axis4_reasoning_termination,1424,9.057238961062204e-06
conditional-fit-0031,axis4_reasoning_termination,1425,1.3016893651475323e-05
conditional-fit-0031,axis4_reasoning_termination,1426,0.00012726851077014522
conditional-fit-0031,axis4_reasoning_termination,1427,5.6319721365465545e-05
conditional-fit-0031,axis4_reasoning_termination,1428,7.292580952555887e-07
conditional-fit-0031,axis4_reasoning_termination,1429,1.1622529245982467e-06
conditional-fit-0031,axis4_reasoning_termination,1430,5.125026076424868e-06
conditional-fit-0031,axis4_reasoning_termination,1431,2.1524309740612093e-07
conditional-fit-0031,axis4_reasoning_termination,1432,5.944465854732579e-07
conditional-fit-0031,axis4_reasoning_termination,1433,5.500632223874246e-07
conditional-fit-0031,axis4_reasoning_termination,1434,4.7209003659204536e-08
conditional-fit-0031,axis4_reasoning_termination,1435,1.2454312993896505e-06
conditional-fit-0031,axis4_reasoning_termination,1436,2.335059203462761e-06
conditional-fit-0031,axis4_reasoning_termination,1437,6.128946550898962e-07
conditional-fit-0031,axis4_reasoning_termination,1438,1.4728323945828805e-06
conditional-fit-0031,axis4_reasoning_termination,1439,1.4657583010488152e-07
conditional-fit-0031,axis4_reasoning_termination,1440,5.143082995709994e-07
conditional-fit-0031,axis4_reasoning_termination,1441,1.2392442021127403e-07
conditional-fit-0031,axis4_reasoning_termination,1442,1.2891090623618e-06
conditional-fit-0031,axis4_reasoning_termination,1443,1.1788777854689554e-05
conditional-fit-0031,axis4_reasoning_termination,1444,1.1543799754818768e-06
conditional-fit-0031,axis4_reasoning_termination,1445,1.036411724834137e-06
conditional-fit-0031,axis4_reasoning_termination,1446,8.34192566314277e-07
conditional-fit-0031,axis4_reasoning_termination,1447,4.211737951871418e-06
conditional-fit-0031,axis4_reasoning_termination,1448,4.836573831626446e-08
conditional-fit-0031,axis4_reasoning_termination,1449,3.2825587942561207e-06
conditional-fit-0031,axis4_reasoning_termination,1450,8.324622701083973e-06
conditional-fit-0031,axis4_reasoning_termination,1451,5.827562985485844e-07
conditional-fit-0031,axis4_reasoning_termination,1452,2.508836115859264e-06
conditional-fit-0031,axis4_reasoning_termination,1453,1.2964631164401482e-06
conditional-fit-0031,axis4_reasoning_termination,1454,3.34096098280554e-07
conditional-fit-0031,axis4_reasoning_termination,1455,1.4381438350084095e-07
conditional-fit-0031,axis4_reasoning_termination,1456,5.665090824276744e-08
conditional-fit-0031,axis4_reasoning_termination,1457,1.8952050330848014e-06
conditional-fit-0031,axis4_reasoning_termination,1458,6.255302332248096e-07
conditional-fit-0031,axis4_reasoning_termination,1459,8.10215489057405e-07
conditional-fit-0031,axis4_reasoning_termination,1460,9.006470208797096e-07
conditional-fit-0031,axis4_reasoning_termination,1461,4.1632138789276644e-07
conditional-fit-0031,axis4_reasoning_termination,1462,1.1557158034626768e-06
conditional-fit-0031,axis4_reasoning_termination,1463,4.432001200989905e-06
conditional-fit-0031,axis4_reasoning_termination,1464,1.7484241452112893e-06
conditional-fit-0031,axis4_reasoning_termination,1465,3.256913354583915e-06
conditional-fit-0031,axis4_reasoning_termination,1466,1.5262510319636986e-06
conditional-fit-0031,axis4_reasoning_termination,1467,5.507229428890673e-08
conditional-fit-0031,axis4_reasoning_termination,1468,5.12682594333496e-07
conditional-fit-0031,axis4_reasoning_termination,1469,4.961280778896455e-08
conditional-fit-0031,axis4_reasoning_termination,1470,8.506495288203055e-07
conditional-fit-0031,axis4_reasoning_termination,1471,5.207128813472021e-07
conditional-fit-0031,axis4_reasoning_termination,1472,1.0139192862949255e-07
conditional-fit-0031,axis4_reasoning_termination,1473,2.1621709213741283e-07
conditional-fit-0031,axis4_reasoning_termination,1474,3.424293231479418e-05
conditional-fit-0031,axis4_reasoning_termination,1475,5.7818919334809825e-06
conditional-fit-0031,axis4_reasoning_termination,1476,1.723046998725952e-06
conditional-fit-0031,axis4_reasoning_termination,1477,7.756276282512995e-07
conditional-fit-0031,axis4_reasoning_termination,1478,1.1077046886661582e-06
conditional-fit-0031,axis4_reasoning_termination,1479,4.5804434939130057e-07
conditional-fit-0031,axis4_reasoning_termination,1480,1.7587454958372472e-05
conditional-fit-0031,axis4_reasoning_termination,1481,2.716052633542728e-07
conditional-fit-0031,axis4_reasoning_termination,1482,2.849770125572845e-06
conditional-fit-0031,axis4_reasoning_termination,1483,9.012578592960073e-05
conditional-fit-0031,axis4_reasoning_termination,1484,2.349185815859218e-06
conditional-fit-0031,axis4_reasoning_termination,1485,0.003354294177627263
conditional-fit-0031,axis4_reasoning_termination,1486,0.06547795544981745
conditional-fit-0031,axis4_reasoning_termination,1487,4.523691367146114e-05
conditional-fit-0031,axis4_reasoning_termination,1488,0.12082322337589976
conditional-fit-0031,axis4_reasoning_termination,1489,0.0001575386131108189
conditional-fit-0031,axis4_reasoning_termination,1490,2.5385062589034855e-05
conditional-fit-0031,axis4_reasoning_termination,1491,0.003291854186298712
conditional-fit-0031,axis4_reasoning_termination,1492,1.0727537942145713e-06
conditional-fit-0031,axis4_reasoning_termination,1493,2.7197151895596884e-06
conditional-fit-0031,axis4_reasoning_termination,1494,6.41805956354886e-06
conditional-fit-0031,axis4_reasoning_termination,1495,8.102231896777995e-08
conditional-fit-0031,axis4_reasoning_termination,1496,4.0825461430455395e-06
conditional-fit-0031,axis4_reasoning_termination,1497,2.7440668489699574e-07
conditional-fit-0031,axis4_reasoning_termination,1498,5.920661204534368e-07
conditional-fit-0031,axis4_reasoning_termination,1499,1.5630306376977965e-06
conditional-fit-0031,axis4_reasoning_termination,1500,5.320238161514797e-07
conditional-fit-0031,axis4_reasoning_termination,1501,1.1857229378514761e-07
conditional-fit-0031,axis4_reasoning_termination,1502,3.089934026090718e-07
conditional-fit-0031,axis4_reasoning_termination,1503,2.696397203474824e-07
conditional-fit-0031,axis4_reasoning_termination,1504,1.5667239512014875e-06
conditional-fit-0031,axis4_reasoning_termination,1505,2.6092228901079816e-06
conditional-fit-0031,axis4_reasoning_termination,1506,2.0723430781865694e-06
conditional-fit-0031,axis4_reasoning_termination,1507,2.338222349785862e-06
conditional-fit-0031,axis4_reasoning_termination,1508,6.317259379735777e-07
conditional-fit-0031,axis4_reasoning_termination,1509,9.50616757054563e-07
conditional-fit-0031,axis4_reasoning_termination,1510,2.1132250238580264e-06
conditional-fit-0031,axis4_reasoning_termination,1511,1.46986989815086e-05
conditional-fit-0031,axis4_reasoning_termination,1512,0.00036969406909832624
conditional-fit-0031,axis4_reasoning_termination,1513,0.02065734894295103
conditional-fit-0031,axis4_reasoning_termination,1514,8.784884219583949e-08
conditional-fit-0031,axis4_reasoning_termination,1515,1.3830690208051626e-07
conditional-fit-0031,axis4_reasoning_termination,1516,4.363397694664933e-07
conditional-fit-0031,axis4_reasoning_termination,1517,1.3023673070962241e-06
conditional-fit-0031,axis4_reasoning_termination,1518,9.45952218910792e-07
conditional-fit-0031,axis4_reasoning_termination,1519,3.5644277255945174e-07
conditional-fit-0031,axis4_reasoning_termination,1520,3.3636106508574687e-07
conditional-fit-0031,axis4_reasoning_termination,1521,3.673581766160846e-07
conditional-fit-0031,axis4_reasoning_termination,1522,4.539882142584638e-07
conditional-fit-0031,axis4_reasoning_termination,1523,3.4008148136901137e-07
conditional-fit-0031,axis4_reasoning_termination,1524,2.3433725043966724e-07
conditional-fit-0031,axis4_reasoning_termination,1525,1.2399001972144873e-06
conditional-fit-0031,axis4_reasoning_termination,1526,3.0124013681297823e-07
conditional-fit-0031,axis4_reasoning_termination,1527,4.364653469170027e-07
conditional-fit-0031,axis4_reasoning_termination,1528,1.2307096187251378e-07
conditional-fit-0031,axis4_reasoning_termination,1529,2.3983516135730087e-07
conditional-fit-0031,axis4_reasoning_termination,1530,1.974441408611699e-07
conditional-fit-0031,axis4_reasoning_termination,1531,1.703367393666202e-07
conditional-fit-0031,axis4_reasoning_termination,1532,4.77100867696936e-06
conditional-fit-0031,axis4_reasoning_termination,1533,4.4202281195826967e-07
conditional-fit-0031,axis4_reasoning_termination,1534,1.5445719963876845e-06
conditional-fit-0031,axis4_reasoning_termination,1535,1.116864139191434e-06
conditional-fit-0031,axis4_reasoning_termination,1536,8.528146480532012e-08
conditional-fit-0031,axis4_reasoning_termination,1537,5.079279036848578e-07
conditional-fit-0031,axis4_reasoning_termination,1538,9.141369543994996e-07
conditional-fit-0031,axis4_reasoning_termination,1539,3.1734998873062705e-06
conditional-fit-0031,axis4_reasoning_termination,1540,1.8634667954744384e-05
conditional-fit-0031,axis4_reasoning_termination,1541,5.053668858358819e-06
conditional-fit-0031,axis4_reasoning_termination,1542,0.002574362797293539
conditional-fit-0031,axis4_reasoning_termination,1543,0.004196623975368025
conditional-fit-0031,axis4_reasoning_termination,1544,0.07871557808081595
conditional-fit-0031,axis4_reasoning_termination,1545,1.2879105725737352e-05
conditional-fit-0031,axis4_reasoning_termination,1546,0.12042509966644907
conditional-fit-0031,axis4_reasoning_termination,1547,0.001650395842041727
conditional-fit-0031,axis4_reasoning_termination,1548,1.632906522982732e-05
conditional-fit-0031,axis4_reasoning_termination,1549,3.8639897052670636e-06
conditional-fit-0031,axis4_reasoning_termination,1550,5.072335336246676e-06
conditional-fit-0031,axis4_reasoning_termination,1551,0.010033949512288347
conditional-fit-0031,axis4_reasoning_termination,1552,8.103164536739573e-06
conditional-fit-0031,axis4_reasoning_termination,1553,2.6543097407334144e-06
conditional-fit-0031,axis4_reasoning_termination,1554,1.2781998798978081e-06
conditional-fit-0031,axis4_reasoning_termination,1555,9.847212316278159e-07
conditional-fit-0031,axis4_reasoning_termination,1556,0.00028463091151338356
conditional-fit-0031,axis4_reasoning_termination,1557,0.00016601682881953693
conditional-fit-0031,axis4_reasoning_termination,1558,7.014257206652018e-06
conditional-fit-0031,axis4_reasoning_termination,1559,1.3186636128720023e-06
conditional-fit-0031,axis4_reasoning_termination,1560,1.1890901692365684e-05
conditional-fit-0031,axis4_reasoning_termination,1561,1.9593152828023317e-07
conditional-fit-0031,axis4_reasoning_termination,1562,7.617573833954817e-08
conditional-fit-0031,axis4_reasoning_termination,1563,2.2146956062141148e-06
conditional-fit-0031,axis4_reasoning_termination,1564,9.307781656717678e-08
conditional-fit-0031,axis4_reasoning_termination,1565,8.067520861701915e-07
conditional-fit-0031,axis4_reasoning_termination,1566,3.7929267636444078e-06
conditional-fit-0031,axis4_reasoning_termination,1567,2.7454041975115044e-06
conditional-fit-0031,axis4_reasoning_termination,1568,9.256407604931551e-07
conditional-fit-0031,axis4_reasoning_termination,1569,2.2855570570578648e-07
conditional-fit-0031,axis4_reasoning_termination,1570,6.087186802004386e-07
conditional-fit-0031,axis4_reasoning_termination,1571,1.5360247585877206e-07
conditional-fit-0031,axis4_reasoning_termination,1572,3.2018813108059895e-06
conditional-fit-0031,axis4_reasoning_termination,1573,2.4099463107822346e-06
conditional-fit-0031,axis4_reasoning_termination,1574,5.117402577725359e-06
conditional-fit-0031,axis4_reasoning_termination,1575,2.6528683051529684e-06
conditional-fit-0031,axis4_reasoning_termination,1576,4.17405415055379e-05
conditional-fit-0031,axis4_reasoning_termination,1577,6.949618534453426e-06
conditional-fit-0031,axis4_reasoning_termination,1578,3.858739902622649e-07
conditional-fit-0031,axis4_reasoning_termination,1579,8.141712375670053e-07
conditional-fit-0031,axis4_reasoning_termination,1580,4.028728710643071e-06
conditional-fit-0031,axis4_reasoning_termination,1581,2.241354300965612e-05
conditional-fit-0031,axis4_reasoning_termination,1582,3.2380156287426896e-06
conditional-fit-0031,axis4_reasoning_termination,1583,3.106308826331948e-06
conditional-fit-0031,axis4_reasoning_termination,1584,2.811701430566632e-07
conditional-fit-0031,axis4_reasoning_termination,1585,2.3256276708159545e-06
conditional-fit-0031,axis4_reasoning_termination,1586,9.469670554971401e-06
conditional-fit-0031,axis4_reasoning_termination,1587,1.759712870369223e-06
conditional-fit-0031,axis4_reasoning_termination,1588,1.7918186286350163e-05
conditional-fit-0031,axis4_reasoning_termination,1589,1.0053691338675433e-05
conditional-fit-0031,axis4_reasoning_termination,1590,2.7630756201690647e-06
conditional-fit-0031,axis4_reasoning_termination,1591,3.425387228403507e-06
conditional-fit-0031,axis4_reasoning_termination,1592,2.1878949060502373e-06
conditional-fit-0031,axis4_reasoning_termination,1593,1.744477762416802e-06
conditional-fit-0031,axis4_reasoning_termination,1594,7.005917382665177e-07
conditional-fit-0031,axis4_reasoning_termination,1595,8.164180438221453e-07
conditional-fit-0031,axis4_reasoning_termination,1596,5.489063507130029e-06
conditional-fit-0031,axis4_reasoning_termination,1597,1.1782707935385142e-05
conditional-fit-0031,axis4_reasoning_termination,1598,0.00037843428771925145
conditional-fit-0031,axis4_reasoning_termination,1599,6.106213520409657e-06
conditional-fit-0031,axis4_reasoning_termination,1600,0.003053797294501573
conditional-fit-0031,axis4_reasoning_termination,1601,0.2984959116531244
conditional-fit-0031,axis4_reasoning_termination,1602,0.12666789729422362
conditional-fit-0031,axis4_reasoning_termination,1603,0.0012364007278000619
conditional-fit-0031,axis4_reasoning_termination,1604,5.9864378610370114e-05
conditional-fit-0031,axis4_reasoning_termination,1605,1.421493410140539e-05
conditional-fit-0031,axis4_reasoning_termination,1606,3.6919969207456916e-06
conditional-fit-0031,axis4_reasoning_termination,1607,0.002801299556677425
conditional-fit-0031,axis4_reasoning_termination,1608,6.6619262476494995e-06
conditional-fit-0031,axis4_reasoning_termination,1609,7.135595369772862e-05
conditional-fit-0031,axis4_reasoning_termination,1610,9.365535805757795e-06
conditional-fit-0031,axis4_reasoning_termination,1611,5.436545614951254e-05
conditional-fit-0031,axis4_reasoning_termination,1612,0.00014594501510145768
conditional-fit-0031,axis4_reasoning_termination,1613,0.00013886973545037306
conditional-fit-0031,axis4_reasoning_termination,1614,1.3770975234401936e-06
conditional-fit-0031,axis4_reasoning_termination,1615,1.7773775092095197e-06
conditional-fit-0031,axis4_reasoning_termination,1616,6.2021184938568165e-06
conditional-fit-0031,axis4_reasoning_termination,1617,2.3507760186809002e-07
conditional-fit-0031,axis4_reasoning_termination,1618,4.119097051368198e-08
conditional-fit-0031,axis4_reasoning_termination,1619,1.2480088604717259e-06
conditional-fit-0031,axis4_reasoning_termination,1620,3.133002645141126e-07
conditional-fit-0031,axis4_reasoning_termination,1621,8.78229007577867e-07
conditional-fit-0031,axis4_reasoning_termination,1622,6.028770924512029e-07
conditional-fit-0031,axis4_reasoning_termination,1623,3.5732922329881604e-07
conditional-fit-0031,axis4_reasoning_termination,1624,2.081799319813526e-06
conditional-fit-0031,axis4_reasoning_termination,1625,4.204329512915183e-07
conditional-fit-0031,axis4_reasoning_termination,1626,6.25030561336595e-07
conditional-fit-0031,axis4_reasoning_termination,1627,2.724877437551567e-07
conditional-fit-0031,axis4_reasoning_termination,1628,2.983078266119718e-06
conditional-fit-0031,axis4_reasoning_termination,1629,5.44196164351372e-06
conditional-fit-0031,axis4_reasoning_termination,1630,3.550697215583865e-07
conditional-fit-0031,axis4_reasoning_termination,1631,2.2765927859515317e-06
conditional-fit-0031,axis4_reasoning_termination,1632,5.58292009195334e-06
conditional-fit-0031,axis4_reasoning_termination,1633,1.0672492810957673e-06
conditional-fit-0031,axis4_reasoning_termination,1634,2.0469695336350316e-06
conditional-fit-0031,axis4_reasoning_termination,1635,2.026250775894412e-07
conditional-fit-0031,axis4_reasoning_termination,1636,2.373737541609092e-06
conditional-fit-0031,axis4_reasoning_termination,1637,5.891989902458027e-06
conditional-fit-0031,axis4_reasoning_termination,1638,5.774434331119148e-06
conditional-fit-0031,axis4_reasoning_termination,1639,1.6275221415292466e-07
conditional-fit-0031,axis4_reasoning_termination,1640,1.2206371771321853e-06
conditional-fit-0031,axis4_reasoning_termination,1641,1.760777586066608e-06
conditional-fit-0031,axis4_reasoning_termination,1642,9.100254875756225e-06
conditional-fit-0031,axis4_reasoning_termination,1643,3.9385940241253865e-06
conditional-fit-0031,axis4_reasoning_termination,1644,9.44290178971891e-06
conditional-fit-0031,axis4_reasoning_termination,1645,9.094155080042959e-06
conditional-fit-0031,axis4_reasoning_termination,1646,1.362580277225285e-06
conditional-fit-0031,axis4_reasoning_termination,1647,1.154443967819284e-06
conditional-fit-0031,axis4_reasoning_termination,1648,1.7426123799025775e-06
conditional-fit-0031,axis4_reasoning_termination,1649,2.347742654795417e-06
conditional-fit-0031,axis4_reasoning_termination,1650,8.539037694533241e-07
conditional-fit-0031,axis4_reasoning_termination,1651,1.600324899442507e-06
conditional-fit-0031,axis4_reasoning_termination,1652,4.702001189657354e-06
conditional-fit-0031,axis4_reasoning_termination,1653,9.580347134837064e-05
conditional-fit-0031,axis4_reasoning_termination,1654,9.571050793474548e-05
conditional-fit-0031,axis4_reasoning_termination,1655,4.7523998377001275e-06
conditional-fit-0031,axis4_reasoning_termination,1656,0.003824769655872741
conditional-fit-0031,axis4_reasoning_termination,1657,0.6406282128174661
conditional-fit-0031,axis4_reasoning_termination,1658,9.49231398927504e-05
conditional-fit-0031,axis4_reasoning_termination,1659,0.19032535158534758
conditional-fit-0031,axis4_reasoning_termination,1660,0.001464092747031024
conditional-fit-0031,axis4_reasoning_termination,1661,1.411687936578937e-05
conditional-fit-0031,axis4_reasoning_termination,1662,4.912825308734226e-06
conditional-fit-0031,axis4_reasoning_termination,1663,1.961637595081836e-06
conditional-fit-0031,axis4_reasoning_termination,1664,0.005308394103938775
conditional-fit-0031,axis4_reasoning_termination,1665,2.6038714475902e-06
conditional-fit-0031,axis4_reasoning_termination,1666,7.210755195801558e-07
conditional-fit-0031,axis4_reasoning_termination,1667,2.5524988780569614e-06
conditional-fit-0031,axis4_reasoning_termination,1668,1.048065185880192e-05
conditional-fit-0031,axis4_reasoning_termination,1669,1.663234828551053e-05
conditional-fit-0031,axis4_reasoning_termination,1670,0.002951660275896008
conditional-fit-0031,axis4_reasoning_termination,1671,0.0001952584822585177
conditional-fit-0031,axis4_reasoning_termination,1672,2.8489773922442126e-06
conditional-fit-0031,axis4_reasoning_termination,1673,4.960407228994294e-06
conditional-fit-0031,axis4_reasoning_termination,1674,2.226119295469238e-05
conditional-fit-0031,axis4_reasoning_termination,1675,6.870601730937173e-06
conditional-fit-0031,axis4_reasoning_termination,1676,2.537170004839057e-06
conditional-fit-0031,axis4_reasoning_termination,1677,5.042703720440247e-06
conditional-fit-0031,axis4_reasoning_termination,1678,4.6067231440813384e-06
conditional-fit-0031,axis4_reasoning_termination,1679,1.849482491601207e-07
conditional-fit-0031,axis4_reasoning_termination,1680,1.4467963442056278e-06
conditional-fit-0031,axis4_reasoning_termination,1681,1.852852987320228e-08
conditional-fit-0031,axis4_reasoning_termination,1682,2.4888959788344676e-07
conditional-fit-0031,axis4_reasoning_termination,1683,1.31776429412273e-07
conditional-fit-0031,axis4_reasoning_termination,1684,3.320993371261805e-06
conditional-fit-0031,axis4_reasoning_termination,1685,1.1843803519125779e-06
conditional-fit-0031,axis4_reasoning_termination,1686,1.0867750696609987e-06
conditional-fit-0031,axis4_reasoning_termination,1687,4.331869534289403e-07
conditional-fit-0031,axis4_reasoning_termination,1688,6.2966651795134114e-06
conditional-fit-0031,axis4_reasoning_termination,1689,1.4578771542805271e-08
conditional-fit-0031,axis4_reasoning_termination,1690,6.168854602611083e-07
conditional-fit-0031,axis4_reasoning_termination,1691,2.060657094504589e-05
conditional-fit-0031,axis4_reasoning_termination,1692,5.509764962394841e-06
conditional-fit-0031,axis4_reasoning_termination,1693,9.900214449502369e-05
conditional-fit-0031,axis4_reasoning_termination,1694,4.593512729307821e-06
conditional-fit-0031,axis4_reasoning_termination,1695,0.01860362256493455
conditional-fit-0031,axis4_reasoning_termination,1696,0.48290912361850225
conditional-fit-0031,axis4_reasoning_termination,1697,0.09557953706876218
conditional-fit-0031,axis4_reasoning_termination,1698,0.0017742909392228744
conditional-fit-0031,axis4_reasoning_termination,1699,2.8675445849520252e-05
conditional-fit-0031,axis4_reasoning_termination,1700,2.740241959381579e-05
conditional-fit-0031,axis4_reasoning_termination,1701,1.4681466946584696e-06
conditional-fit-0031,axis4_reasoning_termination,1702,0.0026922926156033606
conditional-fit-0031,axis4_reasoning_termination,1703,4.439628129308582e-06
conditional-fit-0031,axis4_reasoning_termination,1704,6.769171167432932e-05
conditional-fit-0031,axis4_reasoning_termination,1705,0.00013755918323719423
conditional-fit-0031,axis4_reasoning_termination,1706,5.6556136732824565e-05
conditional-fit-0031,axis4_reasoning_termination,1707,1.465722847321731e-06
conditional-fit-0031,axis4_reasoning_termination,1708,2.5021957471287544e-06
conditional-fit-0031,axis4_reasoning_termination,1709,8.283051601149106e-06
conditional-fit-0031,axis4_reasoning_termination,1710,5.277166389956173e-07
conditional-fit-0031,axis4_reasoning_termination,1711,2.2079417775661533e-06
conditional-fit-0031,axis4_reasoning_termination,1712,1.5042208336307583e-07
conditional-fit-0031,axis4_reasoning_termination,1713,1.9406413147524306e-07
conditional-fit-0031,axis4_reasoning_termination,1714,2.7596762696297315e-06
conditional-fit-0031,axis4_reasoning_termination,1715,7.159061910818974e-06
conditional-fit-0031,axis4_reasoning_termination,1716,2.466893506067522e-06
conditional-fit-0031,axis4_reasoning_termination,1717,3.0200837413710206e-06
conditional-fit-0031,axis4_reasoning_termination,1718,4.882637933760042e-07
conditional-fit-0031,axis4_reasoning_termination,1719,4.2061125700451004e-07
conditional-fit-0031,axis4_reasoning_termination,1720,1.8802542104531603e-07
conditional-fit-0031,axis4_reasoning_termination,1721,7.697536217621927e-07
conditional-fit-0031,axis4_reasoning_termination,1722,1.0118432019422412e-05
conditional-fit-0031,axis4_reasoning_termination,1723,3.2128659696089657e-06
conditional-fit-0031,axis4_reasoning_termination,1724,1.3626271743068133e-06
conditional-fit-0031,axis4_reasoning_termination,1725,1.9702642157774442e-07
conditional-fit-0031,axis4_reasoning_termination,1726,1.914199777059453e-06
conditional-fit-0031,axis4_reasoning_termination,1727,5.054205845004257e-08
conditional-fit-0031,axis4_reasoning_termination,1728,1.1918224713648565e-06
conditional-fit-0031,axis4_reasoning_termination,1729,9.850255280440549e-06
conditional-fit-0031,axis4_reasoning_termination,1730,5.395333494701645e-07
conditional-fit-0031,axis4_reasoning_termination,1731,1.6290660937496508e-06
conditional-fit-0031,axis4_reasoning_termination,1732,7.12852027904403e-07
conditional-fit-0031,axis4_reasoning_termination,1733,2.6520155421075036e-07
conditional-fit-0031,axis4_reasoning_termination,1734,1.1421905222023794e-06
conditional-fit-0031,axis4_reasoning_termination,1735,9.46477018047188e-08
conditional-fit-0031,axis4_reasoning_termination,1736,1.2596907497165985e-06
conditional-fit-0031,axis4_reasoning_termination,1737,5.150582272068502e-07
conditional-fit-0031,axis4_reasoning_termination,1738,1.4413891023335634e-07
conditional-fit-0031,axis4_reasoning_termination,1739,1.8358533405649602e-07
conditional-fit-0031,axis4_reasoning_termination,1740,1.3705769321054934e-07
conditional-fit-0031,axis4_reasoning_termination,1741,2.604780211715892e-07
conditional-fit-0031,axis4_reasoning_termination,1742,4.517728814840868e-06
conditional-fit-0031,axis4_reasoning_termination,1743,4.5356123716931424e-07
conditional-fit-0031,axis4_reasoning_termination,1744,1.8375629156182288e-06
conditional-fit-0031,axis4_reasoning_termination,1745,2.819114267388478e-06
conditional-fit-0031,axis4_reasoning_termination,1746,5.3579531534419775e-08
conditional-fit-0031,axis4_reasoning_termination,1747,1.2814322801152468e-06
conditional-fit-0031,axis4_reasoning_termination,1748,7.49563880175792e-08
conditional-fit-0031,axis4_reasoning_termination,1749,2.606776533682533e-07
conditional-fit-0031,axis4_reasoning_termination,1750,9.914789936006705e-06
conditional-fit-0031,axis4_reasoning_termination,1751,6.262809968228726e-08
conditional-fit-0031,axis4_reasoning_termination,1752,3.6175105522826885e-07
conditional-fit-0031,axis4_reasoning_termination,1753,2.4192022280983385e-05
conditional-fit-0031,axis4_reasoning_termination,1754,5.842497167987481e-06
conditional-fit-0031,axis4_reasoning_termination,1755,1.8991208821330887e-06
conditional-fit-0031,axis4_reasoning_termination,1756,9.070055031067729e-07
conditional-fit-0031,axis4_reasoning_termination,1757,8.5347711217985e-06
conditional-fit-0031,axis4_reasoning_termination,1758,1.3963398757882906e-06
conditional-fit-0031,axis4_reasoning_termination,1759,1.3848761591831543e-05
conditional-fit-0031,axis4_reasoning_termination,1760,2.608109369486196e-07
conditional-fit-0031,axis4_reasoning_termination,1761,3.495177302396868e-06
conditional-fit-0031,axis4_reasoning_termination,1762,0.0001484252856210691
conditional-fit-0031,axis4_reasoning_termination,1763,2.8143947312496055e-06
conditional-fit-0031,axis4_reasoning_termination,1764,0.009920813439882051
conditional-fit-0031,axis4_reasoning_termination,1765,0.019889244538487852
conditional-fit-0031,axis4_reasoning_termination,1766,0.6100393091338594
conditional-fit-0031,axis4_reasoning_termination,1767,0.00010326745953496034
conditional-fit-0031,axis4_reasoning_termination,1768,0.0816328317618267
conditional-fit-0031,axis4_reasoning_termination,1769,0.0015989160577033652
conditional-fit-0031,axis4_reasoning_termination,1770,1.5205962969372293e-05
conditional-fit-0031,axis4_reasoning_termination,1771,6.604273328236623e-06
conditional-fit-0031,axis4_reasoning_termination,1772,2.612522922138316e-06
conditional-fit-0031,axis4_reasoning_termination,1773,0.008852636501539276
conditional-fit-0031,axis4_reasoning_termination,1774,2.2980588255302715e-06
conditional-fit-0031,axis4_reasoning_termination,1775,2.7111211138290943e-07
conditional-fit-0031,axis4_reasoning_termination,1776,1.2784955291229378e-06
conditional-fit-0031,axis4_reasoning_termination,1777,7.896251998546071e-06
conditional-fit-0031,axis4_reasoning_termination,1778,5.7209633363737576e-05
conditional-fit-0031,axis4_reasoning_termination,1779,0.002314251428496706
conditional-fit-0031,axis4_reasoning_termination,1780,4.2067713397309145e-05
conditional-fit-0031,axis4_reasoning_termination,1781,1.0546787909050462e-06
conditional-fit-0031,axis4_reasoning_termination,1782,1.089589348746975e-06
conditional-fit-0031,axis4_reasoning_termination,1783,3.2996702787587796e-05
conditional-fit-0031,axis4_reasoning_termination,1784,4.53059936114126e-06
conditional-fit-0031,axis4_reasoning_termination,1785,9.465196014850827e-07
conditional-fit-0031,axis4_reasoning_termination,1786,3.81754503923705e-06
conditional-fit-0031,axis4_reasoning_termination,1787,5.797267927252009e-07
conditional-fit-0031,axis4_reasoning_termination,1788,8.827592129001813e-08
conditional-fit-0031,axis4_reasoning_termination,1789,2.512677451818585e-06
conditional-fit-0031,axis4_reasoning_termination,1790,1.1664933553055605e-08
conditional-fit-0031,axis4_reasoning_termination,1791,1.9501276915761386e-07
conditional-fit-0031,axis4_reasoning_termination,1792,5.253156589690628e-07
conditional-fit-0031,axis4_reasoning_termination,1793,8.689127707754186e-06
conditional-fit-0031,axis4_reasoning_termination,1794,5.83094656148338e-07
conditional-fit-0031,axis4_reasoning_termination,1795,1.096557467296352e-06
conditional-fit-0031,axis4_reasoning_termination,1796,6.633460479435608e-07
conditional-fit-0031,axis4_reasoning_termination,1797,1.2933892078242673e-06
conditional-fit-0031,axis4_reasoning_termination,1798,4.3566937599029686e-08
conditional-fit-0031,axis4_reasoning_termination,1799,3.6038043835985377e-06
conditional-fit-0031,axis4_reasoning_termination,1800,2.46417725831094e-06
conditional-fit-0031,axis4_reasoning_termination,1801,2.324555604311897e-06
conditional-fit-0031,axis4_reasoning_termination,1802,3.769245424615906e-05
conditional-fit-0031,axis4_reasoning_termination,1803,2.972737094445787e-06
conditional-fit-0031,axis4_reasoning_termination,1804,0.028328451699813316
conditional-fit-0031,axis4_reasoning_termination,1805,0.3454699079258411
conditional-fit-0031,axis4_reasoning_termination,1806,0.0001370868536129308
conditional-fit-0031,axis4_reasoning_termination,1807,0.07468544296740298
conditional-fit-0031,axis4_reasoning_termination,1808,0.00523542780891291
conditional-fit-0031,axis4_reasoning_termination,1809,4.13790593687057e-06
conditional-fit-0031,axis4_reasoning_termination,1810,2.581404126027647e-06
conditional-fit-0031,axis4_reasoning_termination,1811,3.743180778266427e-06
conditional-fit-0031,axis4_reasoning_termination,1812,0.002808042387590217
conditional-fit-0031,axis4_reasoning_termination,1813,4.1436564732729137e-07
conditional-fit-0031,axis4_reasoning_termination,1814,1.3423278492797986e-05
conditional-fit-0031,axis4_reasoning_termination,1815,1.2308192969301718e-06
conditional-fit-0031,axis4_reasoning_termination,1816,1.896512500070067e-07
conditional-fit-0031,axis4_reasoning_termination,1817,2.589113852491113e-05
conditional-fit-0031,axis4_reasoning_termination,1818,0.0005011291874652718
conditional-fit-0031,axis4_reasoning_termination,1819,0.0001367855002080539
conditional-fit-0031,axis4_reasoning_termination,1820,4.979960211362022e-05
conditional-fit-0031,axis4_reasoning_termination,1821,1.675240012691477e-06
conditional-fit-0031,axis4_reasoning_termination,1822,2.3336243288675237e-06
conditional-fit-0031,axis4_reasoning_termination,1823,2.359369416358588e-05
conditional-fit-0031,axis4_reasoning_termination,1824,6.57723540368496e-08
conditional-fit-0031,axis4_reasoning_termination,1825,1.384485897717059e-07
conditional-fit-0031,axis4_reasoning_termination,1826,7.424016553472107e-07
conditional-fit-0031,axis4_reasoning_termination,1827,1.59738786806415e-06
conditional-fit-0031,axis4_reasoning_termination,1828,7.248772611258336e-07
conditional-fit-0031,axis4_reasoning_termination,1829,5.152780133980493e-07
conditional-fit-0031,axis4_reasoning_termination,1830,6.430106266714426e-07
conditional-fit-0031,axis4_reasoning_termination,1831,2.0263433235586803e-07
conditional-fit-0031,axis4_reasoning_termination,1832,8.108745211285641e-07
conditional-fit-0031,axis4_reasoning_termination,1833,3.4977861249186837e-07
conditional-fit-0031,axis4_reasoning_termination,1834,1.8859971068827933e-06
conditional-fit-0031,axis4_reasoning_termination,1835,4.265765205956571e-06
conditional-fit-0031,axis4_reasoning_termination,1836,8.799048332193626e-06
conditional-fit-0031,axis4_reasoning_termination,1837,2.453008020869326e-06
conditional-fit-0031,axis4_reasoning_termination,1838,4.6168502581844924e-07
conditional-fit-0031,axis4_reasoning_termination,1839,1.6960382068133412e-06
conditional-fit-0031,axis4_reasoning_termination,1840,6.981683420378919e-07
conditional-fit-0031,axis4_reasoning_termination,1841,2.42684938825091e-07
conditional-fit-0031,axis4_reasoning_termination,1842,8.979512781181364e-06
conditional-fit-0031,axis4_reasoning_termination,1843,5.074376030987106e-07
conditional-fit-0031,axis4_reasoning_termination,1844,4.030845916108639e-05
conditional-fit-0031,axis4_reasoning_termination,1845,9.6590788521595e-06
conditional-fit-0031,axis4_reasoning_termination,1846,4.5380633733310017e-07
conditional-fit-0031,axis4_reasoning_termination,1847,3.5873952089769256e-06
conditional-fit-0031,axis4_reasoning_termination,1848,2.6298763517747555e-06
conditional-fit-0031,axis4_reasoning_termination,1849,6.477817171467353e-06
conditional-fit-0031,axis4_reasoning_termination,1850,0.0001908774823459208
conditional-fit-0031,axis4_reasoning_termination,1851,3.255332139514308e-06
conditional-fit-0031,axis4_reasoning_termination,1852,0.014665192281426433
conditional-fit-0031,axis4_reasoning_termination,1853,0.013672319241909259
conditional-fit-0031,axis4_reasoning_termination,1854,0.5694864416384094
conditional-fit-0031,axis4_reasoning_termination,1855,5.46563036048292e-05
conditional-fit-0031,axis4_reasoning_termination,1856,0.09331821032931009
conditional-fit-0031,axis4_reasoning_termination,1857,0.00018027385732931198
conditional-fit-0031,axis4_reasoning_termination,1858,1.4275133866518908e-05
conditional-fit-0031,axis4_reasoning_termination,1859,2.110116035292633e-06
conditional-fit-0031,axis4_reasoning_termination,1860,7.175873170821787e-06
conditional-fit-0031,axis4_reasoning_termination,1861,0.0023593924909300155
conditional-fit-0031,axis4_reasoning_termination,1862,1.6981590072720407e-06
conditional-fit-0031,axis4_reasoning_termination,1863,1.4142806843649246e-07
conditional-fit-0031,axis4_reasoning_termination,1864,8.151595397886634e-07
conditional-fit-0031,axis4_reasoning_termination,1865,2.9582625215826697e-06
conditional-fit-0031,axis4_reasoning_termination,1866,6.6516386796912875e-06
conditional-fit-0031,axis4_reasoning_termination,1867,0.0001709621786105727
conditional-fit-0031,axis4_reasoning_termination,1868,6.92198522239771e-05
conditional-fit-0031,axis4_reasoning_termination,1869,7.970043068118001e-07
conditional-fit-0031,axis4_reasoning_termination,1870,8.772377461936819e-07
conditional-fit-0031,axis4_reasoning_termination,1871,2.058013679712569e-06
conditional-fit-0031,axis4_reasoning_termination,1872,3.2146014082652697e-06
conditional-fit-0031,axis4_reasoning_termination,1873,9.129404887664835e-07
conditional-fit-0031,axis4_reasoning_termination,1874,5.326932308685138e-06
conditional-fit-0031,axis4_reasoning_termination,1875,3.588202215531454e-07
conditional-fit-0031,axis4_reasoning_termination,1876,8.532691138368607e-08
conditional-fit-0031,axis4_reasoning_termination,1877,3.821241364889799e-06
conditional-fit-0031,axis4_reasoning_termination,1878,1.211156702401347e-08
conditional-fit-0031,axis4_reasoning_termination,1879,2.094511609788898e-07
conditional-fit-0031,axis4_reasoning_termination,1880,8.037579282162566e-08
conditional-fit-0031,axis4_reasoning_termination,1881,3.1264209581107083e-06
conditional-fit-0031,axis4_reasoning_termination,1882,4.3787498111076105e-07
conditional-fit-0031,axis4_reasoning_termination,1883,2.5645593760180043e-07
conditional-fit-0031,axis4_reasoning_termination,1884,8.464175710151521e-07
conditional-fit-0031,axis4_reasoning_termination,1885,2.1554495572454534e-06
conditional-fit-0031,axis4_reasoning_termination,1886,1.0660777790401668e-08
conditional-fit-0031,axis4_reasoning_termination,1887,6.00441454938681e-07
conditional-fit-0031,axis4_reasoning_termination,1888,2.6467681860587245e-05
conditional-fit-0031,axis4_reasoning_termination,1889,8.345364354808413e-07
conditional-fit-0031,axis4_reasoning_termination,1890,2.003216170184895e-06
conditional-fit-0031,axis4_reasoning_termination,1891,3.85590982513932e-06
conditional-fit-0031,axis4_reasoning_termination,1892,0.021832983136198504
conditional-fit-0031,axis4_reasoning_termination,1893,0.41366195914361625
conditional-fit-0031,axis4_reasoning_termination,1894,0.000297287222981171
conditional-fit-0031,axis4_reasoning_termination,1895,0.04926707690663646
conditional-fit-0031,axis4_reasoning_termination,1896,0.004158301092788051
conditional-fit-0031,axis4_reasoning_termination,1897,9.174112874173045e-06
conditional-fit-0031,axis4_reasoning_termination,1898,3.335625142808736e-06
conditional-fit-0031,axis4_reasoning_termination,1899,3.419569620515273e-06
conditional-fit-0031,axis4_reasoning_termination,1900,0.008284837831082675
conditional-fit-0031,axis4_reasoning_termination,1901,1.273609961112581e-07
conditional-fit-0031,axis4_reasoning_termination,1902,2.4282657488957585e-06
conditional-fit-0031,axis4_reasoning_termination,1903,1.9174616385878894e-06
conditional-fit-0031,axis4_reasoning_termination,1904,6.511486442281237e-08
conditional-fit-0031,axis4_reasoning_termination,1905,1.0206188629230483e-05
conditional-fit-0031,axis4_reasoning_termination,1906,9.92442293169015e-05
conditional-fit-0031,axis4_reasoning_termination,1907,0.0002931450390582655
conditional-fit-0031,axis4_reasoning_termination,1908,0.00011123106515958365
conditional-fit-0031,axis4_reasoning_termination,1909,8.499718364187024e-07
conditional-fit-0031,axis4_reasoning_termination,1910,3.884687596308491e-06
conditional-fit-0031,axis4_reasoning_termination,1911,2.3285526475950368e-05
conditional-fit-0031,axis4_reasoning_termination,1912,8.92077231516876e-08
conditional-fit-0031,axis4_reasoning_termination,1913,7.461314026889188e-08
conditional-fit-0031,axis4_reasoning_termination,1914,1.1156854461013326e-06
conditional-fit-0031,axis4_reasoning_termination,1915,3.1394412697619528e-06
conditional-fit-0031,axis4_reasoning_termination,1916,1.5349819487003735e-06
conditional-fit-0031,axis4_reasoning_termination,1917,4.202623951309644e-06
conditional-fit-0031,axis4_reasoning_termination,1918,3.735383333599598e-07
conditional-fit-0031,axis4_reasoning_termination,1919,9.573336856678415e-07
conditional-fit-0031,axis4_reasoning_termination,1920,1.4564185634263687e-06
conditional-fit-0031,axis4_reasoning_termination,1921,5.070601739717938e-06
conditional-fit-0031,axis4_reasoning_termination,1922,1.4375361970529437e-05
conditional-fit-0031,axis4_reasoning_termination,1923,7.918822836511145e-07
conditional-fit-0031,axis4_reasoning_termination,1924,3.0131865429930893e-06
conditional-fit-0031,axis4_reasoning_termination,1925,9.853377037559051e-07
conditional-fit-0031,axis4_reasoning_termination,1926,1.535202707448801e-07
conditional-fit-0031,axis4_reasoning_termination,1927,1.0405420298424297e-06
conditional-fit-0031,axis4_reasoning_termination,1928,1.011240387831634e-06
conditional-fit-0031,axis4_reasoning_termination,1929,1.8457660706003023e-07
conditional-fit-0031,axis4_reasoning_termination,1930,2.5041202002606668e-05
conditional-fit-0031,axis4_reasoning_termination,1931,9.116421029301254e-07
conditional-fit-0031,axis4_reasoning_termination,1932,2.0352641968145328e-05
conditional-fit-0031,axis4_reasoning_termination,1933,5.689175351471088e-06
conditional-fit-0031,axis4_reasoning_termination,1934,5.394578672644901e-07
conditional-fit-0031,axis4_reasoning_termination,1935,1.2682620725086321e-06
conditional-fit-0031,axis4_reasoning_termination,1936,6.731381158473481e-07
conditional-fit-0031,axis4_reasoning_termination,1937,5.537830910407753e-06
conditional-fit-0031,axis4_reasoning_termination,1938,3.459572610852544e-05
conditional-fit-0031,axis4_reasoning_termination,1939,1.0688416626423483e-05
conditional-fit-0031,axis4_reasoning_termination,1940,0.008166012664338584
conditional-fit-0031,axis4_reasoning_termination,1941,0.23623488148719451
conditional-fit-0031,axis4_reasoning_termination,1942,0.0002362617514268304
conditional-fit-0031,axis4_reasoning_termination,1943,0.09580962942547437
conditional-fit-0031,axis4_reasoning_termination,1944,9.625342610486446e-05
conditional-fit-0031,axis4_reasoning_termination,1945,6.9228965235130974e-06
conditional-fit-0031,axis4_reasoning_termination,1946,3.358528953543721e-06
conditional-fit-0031,axis4_reasoning_termination,1947,2.2137679962863635e-06
conditional-fit-0031,axis4_reasoning_termination,1948,0.0036344428922080903
conditional-fit-0031,axis4_reasoning_termination,1949,4.548270469584484e-06
conditional-fit-0031,axis4_reasoning_termination,1950,1.2591172836664568e-06
conditional-fit-0031,axis4_reasoning_termination,1951,9.576296849406115e-07
conditional-fit-0031,axis4_reasoning_termination,1952,1.9983930694560846e-05
conditional-fit-0031,axis4_reasoning_termination,1953,0.00034150776670084177
conditional-fit-0031,axis4_reasoning_termination,1954,3.922291566021987e-05
conditional-fit-0031,axis4_reasoning_termination,1955,9.206992080034144e-07
conditional-fit-0031,axis4_reasoning_termination,1956,4.2706086942008095e-07
conditional-fit-0031,axis4_reasoning_termination,1957,4.968193527592801e-06
conditional-fit-0031,axis4_reasoning_termination,1958,5.3831168225524e-08
conditional-fit-0031,axis4_reasoning_termination,1959,1.9495971136650388e-08
conditional-fit-0031,axis4_reasoning_termination,1960,3.839904488036217e-07
conditional-fit-0031,axis4_reasoning_termination,1961,2.1116871469701078e-07
conditional-fit-0031,axis4_reasoning_termination,1962,2.079614014926818e-06
conditional-fit-0031,axis4_reasoning_termination,1963,1.0387753254806684e-06
conditional-fit-0031,axis4_reasoning_termination,1964,2.3970985434666017e-07
conditional-fit-0031,axis4_reasoning_termination,1965,5.135067039240685e-07
conditional-fit-0031,axis4_reasoning_termination,1966,1.4975499280837913e-07
conditional-fit-0031,axis4_reasoning_termination,1967,1.166447517519081e-06
conditional-fit-0031,axis4_reasoning_termination,1968,3.233586562253037e-07
conditional-fit-0031,axis4_reasoning_termination,1969,4.17805864768327e-06
conditional-fit-0031,axis4_reasoning_termination,1970,1.2013532062045677e-06
conditional-fit-0031,axis4_reasoning_termination,1971,7.232212742371612e-07
conditional-fit-0031,axis4_reasoning_termination,1972,7.430274337478124e-07
conditional-fit-0031,axis4_reasoning_termination,1973,2.4086353068286562e-06
conditional-fit-0031,axis4_reasoning_termination,1974,1.262966596636806e-07
conditional-fit-0031,axis4_reasoning_termination,1975,9.537636383845577e-07
conditional-fit-0031,axis4_reasoning_termination,1976,3.259934113626493e-07
conditional-fit-0031,axis4_reasoning_termination,1977,9.862830768745854e-06
conditional-fit-0031,axis4_reasoning_termination,1978,3.550617075970451e-06
conditional-fit-0031,axis4_reasoning_termination,1979,8.06284821881905e-07
conditional-fit-0031,axis4_reasoning_termination,1980,1.2270902238285882e-06
conditional-fit-0031,axis4_reasoning_termination,1981,1.7183159845333375e-07
conditional-fit-0031,axis4_reasoning_termination,1982,8.864272382034254e-07
conditional-fit-0031,axis4_reasoning_termination,1983,3.023040833636154e-06
conditional-fit-0031,axis4_reasoning_termination,1984,5.718024059879054e-07
conditional-fit-0031,axis4_reasoning_termination,1985,1.458057086742743e-06
conditional-fit-0031,axis4_reasoning_termination,1986,3.7063715020526575e-06
conditional-fit-0031,axis4_reasoning_termination,1987,1.1495528022238184e-05
conditional-fit-0031,axis4_reasoning_termination,1988,7.368341794205216e-07
conditional-fit-0031,axis4_reasoning_termination,1989,4.6839617580989275e-06
conditional-fit-0031,axis4_reasoning_termination,1990,1.7468995258609938e-06
conditional-fit-0031,axis4_reasoning_termination,1991,2.2203627106173353e-07
conditional-fit-0031,axis4_reasoning_termination,1992,1.5993350210397978e-07
conditional-fit-0031,axis4_reasoning_termination,1993,7.980697256814763e-06
conditional-fit-0031,axis4_reasoning_termination,1994,1.2578328617956015e-05
conditional-fit-0031,axis4_reasoning_termination,1995,4.2990224501686264e-05
conditional-fit-0031,axis4_reasoning_termination,1996,4.076335214321501e-06
conditional-fit-0031,axis4_reasoning_termination,1997,0.008335205315566946
conditional-fit-0031,axis4_reasoning_termination,1998,0.33195011097843136
conditional-fit-0031,axis4_reasoning_termination,1999,0.0008574734321208723
conditional-fit-0031,axis4_reasoning_termination,2000,0.04935145447006141
conditional-fit-0031,axis4_reasoning_termination,2001,0.00015442517391585475
conditional-fit-0031,axis4_reasoning_termination,2002,2.6521602246087523e-06
conditional-fit-0031,axis4_reasoning_termination,2003,3.471976841322394e-06
conditional-fit-0031,axis4_reasoning_termination,2004,1.1753065695436933e-06
conditional-fit-0031,axis4_reasoning_termination,2005,0.0014730623222768413
conditional-fit-0031,axis4_reasoning_termination,2006,6.250506528225703e-07
conditional-fit-0031,axis4_reasoning_termination,2007,5.468796171375415e-08
conditional-fit-0031,axis4_reasoning_termination,2008,4.807608245636078e-07
conditional-fit-0031,axis4_reasoning_termination,2009,1.8391275929828988e-06
conditional-fit-0031,axis4_reasoning_termination,2010,5.760884605084272e-06
conditional-fit-0031,axis4_reasoning_termination,2011,0.004180944402684373
conditional-fit-0031,axis4_reasoning_termination,2012,2.6193288956356446e-05
conditional-fit-0031,axis4_reasoning_termination,2013,8.403303157294493e-07
conditional-fit-0031,axis4_reasoning_termination,2014,3.979673724270473e-07
conditional-fit-0031,axis4_reasoning_termination,2015,1.8896474002563554e-06
conditional-fit-0031,axis4_reasoning_termination,2016,1.942078905393572e-06
conditional-fit-0031,axis4_reasoning_termination,2017,5.174596733106066e-07
conditional-fit-0031,axis4_reasoning_termination,2018,2.117333446275815e-06
conditional-fit-0031,axis4_reasoning_termination,2019,3.056991853199562e-07
conditional-fit-0031,axis4_reasoning_termination,2020,1.1282840880213981e-07
conditional-fit-0031,axis4_reasoning_termination,2021,3.7083754113678454e-06
conditional-fit-0031,axis4_reasoning_termination,2022,2.302622947960015e-09
conditional-fit-0031,axis4_reasoning_termination,2023,1.247285889943993e-07
conditional-fit-0031,axis4_reasoning_termination,2024,1.6878260667823377e-07
conditional-fit-0031,axis4_reasoning_termination,2025,1.1559833232596668e-05
conditional-fit-0031,axis4_reasoning_termination,2026,2.2902124895738156e-07
conditional-fit-0031,axis4_reasoning_termination,2027,1.2886013931226268e-06
conditional-fit-0031,axis4_reasoning_termination,2028,1.4994806337101445e-06
conditional-fit-0031,axis4_reasoning_termination,2029,9.043257123160247e-07
conditional-fit-0031,axis4_reasoning_termination,2030,8.052304730199826e-09
conditional-fit-0031,axis4_reasoning_termination,2031,2.1200012879389596e-07
conditional-fit-0031,axis4_reasoning_termination,2032,1.2517394198809017e-05
conditional-fit-0031,axis4_reasoning_termination,2033,1.2337689253020564e-06
conditional-fit-0031,axis4_reasoning_termination,2034,2.546093325290558e-06
conditional-fit-0031,axis4_reasoning_termination,2035,4.493914595199991e-06
conditional-fit-0031,axis4_reasoning_termination,2036,0.015761562968619965
conditional-fit-0031,axis4_reasoning_termination,2037,0.18940705266376
conditional-fit-0031,axis4_reasoning_termination,2038,0.19213236874210593
conditional-fit-0031,axis4_reasoning_termination,2039,0.0012716840102011111
conditional-fit-0031,axis4_reasoning_termination,2040,7.01242171928652e-06
conditional-fit-0031,axis4_reasoning_termination,2041,7.523419435337193e-06
conditional-fit-0031,axis4_reasoning_termination,2042,4.818906833225142e-06
conditional-fit-0031,axis4_reasoning_termination,2043,0.004896322802858331
conditional-fit-0031,axis4_reasoning_termination,2044,1.550267438961027e-06
conditional-fit-0031,axis4_reasoning_termination,2045,5.649105837881013e-06
conditional-fit-0031,axis4_reasoning_termination,2046,0.00018622100430768708
