window_id,domain,pos,kld
conditional-fit-0080,axis2_legal,0,0.8159435925801783
conditional-fit-0080,axis2_legal,1,1.59361622729864
conditional-fit-0080,axis2_legal,2,0.5730043509802039
conditional-fit-0080,axis2_legal,3,0.33041952998525603
conditional-fit-0080,axis2_legal,4,0.2948007435250983
conditional-fit-0080,axis2_legal,5,0.19354384580374825
conditional-fit-0080,axis2_legal,6,0.7724239083507788
conditional-fit-0080,axis2_legal,7,0.2861926066910537
conditional-fit-0080,axis2_legal,8,0.02676570760980667
conditional-fit-0080,axis2_legal,9,0.2542130788560713
conditional-fit-0080,axis2_legal,10,0.016441637868935027
conditional-fit-0080,axis2_legal,11,0.24997952082365377
conditional-fit-0080,axis2_legal,12,0.0023869627058373294
conditional-fit-0080,axis2_legal,13,0.10394412606806652
conditional-fit-0080,axis2_legal,14,0.17860569048359554
conditional-fit-0080,axis2_legal,15,0.14028449586991748
conditional-fit-0080,axis2_legal,16,0.13785946949531835
conditional-fit-0080,axis2_legal,17,0.0665038380685966
conditional-fit-0080,axis2_legal,18,0.0869859983472558
conditional-fit-0080,axis2_legal,19,0.011016314466734454
conditional-fit-0080,axis2_legal,20,0.043855006054527634
conditional-fit-0080,axis2_legal,21,0.13722332761360775
conditional-fit-0080,axis2_legal,22,0.032467276538639595
conditional-fit-0080,axis2_legal,23,0.10531785852555439
conditional-fit-0080,axis2_legal,24,0.10418476783396673
conditional-fit-0080,axis2_legal,25,0.0012424746832219178
conditional-fit-0080,axis2_legal,26,0.055843410507502134
conditional-fit-0080,axis2_legal,27,0.049934042032736964
conditional-fit-0080,axis2_legal,28,0.034259927940510644
conditional-fit-0080,axis2_legal,29,0.03348100677528594
conditional-fit-0080,axis2_legal,30,0.039813418617065895
conditional-fit-0080,axis2_legal,31,0.04220391032004713
conditional-fit-0080,axis2_legal,32,0.05359115946988166
conditional-fit-0080,axis2_legal,33,0.03972905807274005
conditional-fit-0080,axis2_legal,34,0.08932370093193395
conditional-fit-0080,axis2_legal,35,0.017687707138450574
conditional-fit-0080,axis2_legal,36,0.04295073424753318
conditional-fit-0080,axis2_legal,37,0.08964918349854986
conditional-fit-0080,axis2_legal,38,0.12987224460336885
conditional-fit-0080,axis2_legal,39,0.030321178018957028
conditional-fit-0080,axis2_legal,40,0.07200976060811176
conditional-fit-0080,axis2_legal,41,0.022505441696782987
conditional-fit-0080,axis2_legal,42,0.03226424180720497
conditional-fit-0080,axis2_legal,43,0.1373484053312813
conditional-fit-0080,axis2_legal,44,0.00040893864148445927
conditional-fit-0080,axis2_legal,45,0.028329428171146403
conditional-fit-0080,axis2_legal,46,0.041676464412651805
conditional-fit-0080,axis2_legal,47,0.0707525350186571
conditional-fit-0080,axis2_legal,48,0.07661193719963348
conditional-fit-0080,axis2_legal,49,0.023069326587844635
conditional-fit-0080,axis2_legal,50,0.0014784873743589238
conditional-fit-0080,axis2_legal,51,0.03914024545163712
conditional-fit-0080,axis2_legal,52,0.09144241613011343
conditional-fit-0080,axis2_legal,53,0.022827874210985616
conditional-fit-0080,axis2_legal,54,0.07970432646451474
conditional-fit-0080,axis2_legal,55,0.02526605117259529
conditional-fit-0080,axis2_legal,56,0.020584642284357243
conditional-fit-0080,axis2_legal,57,0.0689362949569482
conditional-fit-0080,axis2_legal,58,0.574763648208626
conditional-fit-0080,axis2_legal,59,0.03621207446044097
conditional-fit-0080,axis2_legal,60,0.09493176760990095
conditional-fit-0080,axis2_legal,61,0.008432372683575103
conditional-fit-0080,axis2_legal,62,0.048228348704615016
conditional-fit-0080,axis2_legal,63,0.010371045422231405
conditional-fit-0080,axis2_legal,64,0.023860375897130658
conditional-fit-0080,axis2_legal,65,0.019675391289438397
conditional-fit-0080,axis2_legal,66,0.05685418439673179
conditional-fit-0080,axis2_legal,67,0.08426174811302935
conditional-fit-0080,axis2_legal,68,0.08063513117250087
conditional-fit-0080,axis2_legal,69,0.18064898982028177
conditional-fit-0080,axis2_legal,70,0.17437268662394337
conditional-fit-0080,axis2_legal,71,0.06838718145094377
conditional-fit-0080,axis2_legal,72,0.010216205081179906
conditional-fit-0080,axis2_legal,73,0.035093492714023684
conditional-fit-0080,axis2_legal,74,0.030946520362509247
conditional-fit-0080,axis2_legal,75,0.0009720772449086394
conditional-fit-0080,axis2_legal,76,0.015054618286254845
conditional-fit-0080,axis2_legal,77,0.026081549847011255
conditional-fit-0080,axis2_legal,78,0.0018094985184824094
conditional-fit-0080,axis2_legal,79,0.0010929772145613617
conditional-fit-0080,axis2_legal,80,0.006015177605287834
conditional-fit-0080,axis2_legal,81,0.0055653518762586425
conditional-fit-0080,axis2_legal,82,0.0002335831354685694
conditional-fit-0080,axis2_legal,83,0.03545737042777943
conditional-fit-0080,axis2_legal,84,0.04291326120732416
conditional-fit-0080,axis2_legal,85,0.04657977286865947
conditional-fit-0080,axis2_legal,86,0.017443672390075257
conditional-fit-0080,axis2_legal,87,0.04624678371480298
conditional-fit-0080,axis2_legal,88,0.24797216158147314
conditional-fit-0080,axis2_legal,89,0.062013312824716935
conditional-fit-0080,axis2_legal,90,0.0025213344076420526
conditional-fit-0080,axis2_legal,91,0.05863748759878632
conditional-fit-0080,axis2_legal,92,0.050048968008060336
conditional-fit-0080,axis2_legal,93,0.055689224981483
conditional-fit-0080,axis2_legal,94,0.15769550718738723
conditional-fit-0080,axis2_legal,95,0.24250602328658893
conditional-fit-0080,axis2_legal,96,0.01925609201819032
conditional-fit-0080,axis2_legal,97,0.07866240459921567
conditional-fit-0080,axis2_legal,98,0.04713594721094553
conditional-fit-0080,axis2_legal,99,0.1162283620372971
conditional-fit-0080,axis2_legal,100,0.12927370689257298
conditional-fit-0080,axis2_legal,101,0.00032589631093818774
conditional-fit-0080,axis2_legal,102,0.07714587382846097
conditional-fit-0080,axis2_legal,103,0.34934801279398786
conditional-fit-0080,axis2_legal,104,2.191255802185995e-05
conditional-fit-0080,axis2_legal,105,0.03793077763646023
conditional-fit-0080,axis2_legal,106,0.13158412345650408
conditional-fit-0080,axis2_legal,107,0.009777170672172347
conditional-fit-0080,axis2_legal,108,0.06080835008185781
conditional-fit-0080,axis2_legal,109,0.0002599911715684057
conditional-fit-0080,axis2_legal,110,0.012506489827539444
conditional-fit-0080,axis2_legal,111,0.003960049960974562
conditional-fit-0080,axis2_legal,112,0.06628336460525242
conditional-fit-0080,axis2_legal,113,0.005357283062864294
conditional-fit-0080,axis2_legal,114,4.727751528397584
conditional-fit-0080,axis2_legal,115,0.03789864921954518
conditional-fit-0080,axis2_legal,116,0.07530672823697224
conditional-fit-0080,axis2_legal,117,0.023347794278405373
conditional-fit-0080,axis2_legal,118,0.0013098838329368664
conditional-fit-0080,axis2_legal,119,0.0015164298545411357
conditional-fit-0080,axis2_legal,120,0.00011503035197576596
conditional-fit-0080,axis2_legal,121,0.005404569727225453
conditional-fit-0080,axis2_legal,122,0.009457351017921818
conditional-fit-0080,axis2_legal,123,6.866732531311066e-05
conditional-fit-0080,axis2_legal,124,0.016961449226682995
conditional-fit-0080,axis2_legal,125,0.0335853808768398
conditional-fit-0080,axis2_legal,126,0.0628742662599017
conditional-fit-0080,axis2_legal,127,0.00022371275237254785
conditional-fit-0080,axis2_legal,128,0.05434749894865577
conditional-fit-0080,axis2_legal,129,0.00037520249855832103
conditional-fit-0080,axis2_legal,130,0.12040867355583582
conditional-fit-0080,axis2_legal,131,0.10192158663563951
conditional-fit-0080,axis2_legal,132,0.0006916907361710861
conditional-fit-0080,axis2_legal,133,0.06985832574005624
conditional-fit-0080,axis2_legal,134,5.039088065616818e-05
conditional-fit-0080,axis2_legal,135,0.0001524600395907456
conditional-fit-0080,axis2_legal,136,0.001089416363622863
conditional-fit-0080,axis2_legal,137,0.0008494773965250111
conditional-fit-0080,axis2_legal,138,0.00020825549639401657
conditional-fit-0080,axis2_legal,139,0.2421082705748475
conditional-fit-0080,axis2_legal,140,0.011069998892221433
conditional-fit-0080,axis2_legal,141,0.06022770092120666
conditional-fit-0080,axis2_legal,142,0.04009700884216824
conditional-fit-0080,axis2_legal,143,0.07180648103141314
conditional-fit-0080,axis2_legal,144,0.06361455646615992
conditional-fit-0080,axis2_legal,145,4.8026225308028626e-05
conditional-fit-0080,axis2_legal,146,0.02414680239148838
conditional-fit-0080,axis2_legal,147,0.024008858434798688
conditional-fit-0080,axis2_legal,148,0.0002568282761386101
conditional-fit-0080,axis2_legal,149,0.3691537375017173
conditional-fit-0080,axis2_legal,150,0.006345270569116568
conditional-fit-0080,axis2_legal,151,0.009345961315215
conditional-fit-0080,axis2_legal,152,0.003770334073424885
conditional-fit-0080,axis2_legal,153,0.002956595682131802
conditional-fit-0080,axis2_legal,154,0.0005485614680516753
conditional-fit-0080,axis2_legal,155,0.0029142449623228562
conditional-fit-0080,axis2_legal,156,0.00625345771705862
conditional-fit-0080,axis2_legal,157,9.615480676746054e-05
conditional-fit-0080,axis2_legal,158,0.01705145274749563
conditional-fit-0080,axis2_legal,159,0.01811926070805376
conditional-fit-0080,axis2_legal,160,0.025467508735688364
conditional-fit-0080,axis2_legal,161,0.007822111521955685
conditional-fit-0080,axis2_legal,162,0.009573515164175901
conditional-fit-0080,axis2_legal,163,0.02003828795075307
conditional-fit-0080,axis2_legal,164,0.0830200584087849
conditional-fit-0080,axis2_legal,165,0.03755871423110744
conditional-fit-0080,axis2_legal,166,0.0530623132012041
conditional-fit-0080,axis2_legal,167,0.0037467531627898227
conditional-fit-0080,axis2_legal,168,0.06671313943334051
conditional-fit-0080,axis2_legal,169,0.028567174215919578
conditional-fit-0080,axis2_legal,170,0.04283946974677478
conditional-fit-0080,axis2_legal,171,0.07110251572831089
conditional-fit-0080,axis2_legal,172,0.01020643047429428
conditional-fit-0080,axis2_legal,173,0.02161361982961513
conditional-fit-0080,axis2_legal,174,0.053460539052445244
conditional-fit-0080,axis2_legal,175,0.04473211183927032
conditional-fit-0080,axis2_legal,176,0.007552758649742799
conditional-fit-0080,axis2_legal,177,0.012276700738905105
conditional-fit-0080,axis2_legal,178,0.00941327394694513
conditional-fit-0080,axis2_legal,179,0.01643391176340981
conditional-fit-0080,axis2_legal,180,0.07808890866073198
conditional-fit-0080,axis2_legal,181,0.02569892149597164
conditional-fit-0080,axis2_legal,182,0.0884745132656075
conditional-fit-0080,axis2_legal,183,0.0003367681115839983
conditional-fit-0080,axis2_legal,184,0.031105066380539684
conditional-fit-0080,axis2_legal,185,0.1251783660287111
conditional-fit-0080,axis2_legal,186,0.004626124582631949
conditional-fit-0080,axis2_legal,187,0.009830271263896226
conditional-fit-0080,axis2_legal,188,0.010208025803950329
conditional-fit-0080,axis2_legal,189,0.00022454819670003864
conditional-fit-0080,axis2_legal,190,0.0008998145990947625
conditional-fit-0080,axis2_legal,191,0.113584080111079
conditional-fit-0080,axis2_legal,192,0.006510407539698374
conditional-fit-0080,axis2_legal,193,0.00034272144418922104
conditional-fit-0080,axis2_legal,194,0.008748285925329901
conditional-fit-0080,axis2_legal,195,0.005205894958321312
conditional-fit-0080,axis2_legal,196,0.00012788626970313698
conditional-fit-0080,axis2_legal,197,0.03236630227282134
conditional-fit-0080,axis2_legal,198,0.05799099103453406
conditional-fit-0080,axis2_legal,199,0.0009220051624504701
conditional-fit-0080,axis2_legal,200,0.03293764354056622
conditional-fit-0080,axis2_legal,201,0.00030698263320263607
conditional-fit-0080,axis2_legal,202,0.0003171137962252961
conditional-fit-0080,axis2_legal,203,0.00039120622854482023
conditional-fit-0080,axis2_legal,204,0.0005634348106207852
conditional-fit-0080,axis2_legal,205,0.0006866482227161749
conditional-fit-0080,axis2_legal,206,0.13805280136695622
conditional-fit-0080,axis2_legal,207,0.031230071469821704
conditional-fit-0080,axis2_legal,208,0.005622066549787412
conditional-fit-0080,axis2_legal,209,0.005007883503517881
conditional-fit-0080,axis2_legal,210,0.012365779002757232
conditional-fit-0080,axis2_legal,211,0.02253388291490677
conditional-fit-0080,axis2_legal,212,0.06710475796625107
conditional-fit-0080,axis2_legal,213,0.16728313281194473
conditional-fit-0080,axis2_legal,214,0.022368366133699434
conditional-fit-0080,axis2_legal,215,0.018053317525826805
conditional-fit-0080,axis2_legal,216,0.04356014652645252
conditional-fit-0080,axis2_legal,217,0.20868412841843703
conditional-fit-0080,axis2_legal,218,0.04092226335838421
conditional-fit-0080,axis2_legal,219,0.06780287576084068
conditional-fit-0080,axis2_legal,220,0.17759701320405263
conditional-fit-0080,axis2_legal,221,0.09618695048245313
conditional-fit-0080,axis2_legal,222,0.020221195571056394
conditional-fit-0080,axis2_legal,223,0.000651271055180672
conditional-fit-0080,axis2_legal,224,0.0019279485535201816
conditional-fit-0080,axis2_legal,225,0.0421127271874477
conditional-fit-0080,axis2_legal,226,0.06079386988453696
conditional-fit-0080,axis2_legal,227,0.038775523540621686
conditional-fit-0080,axis2_legal,228,0.03315408091606162
conditional-fit-0080,axis2_legal,229,0.004171418089357586
conditional-fit-0080,axis2_legal,230,0.06089592729259004
conditional-fit-0080,axis2_legal,231,0.030585946230064213
conditional-fit-0080,axis2_legal,232,0.009019189015671836
conditional-fit-0080,axis2_legal,233,0.01433267314529499
conditional-fit-0080,axis2_legal,234,0.08972028674443286
conditional-fit-0080,axis2_legal,235,0.06775031579850838
conditional-fit-0080,axis2_legal,236,0.028692719121863546
conditional-fit-0080,axis2_legal,237,0.02632521883607538
conditional-fit-0080,axis2_legal,238,0.013860847941141842
conditional-fit-0080,axis2_legal,239,0.01203364729180662
conditional-fit-0080,axis2_legal,240,0.023776826584373748
conditional-fit-0080,axis2_legal,241,0.0034365264106411674
conditional-fit-0080,axis2_legal,242,0.012208665399941292
conditional-fit-0080,axis2_legal,243,0.12047282589334779
conditional-fit-0080,axis2_legal,244,0.12356813519911788
conditional-fit-0080,axis2_legal,245,0.2801271734996721
conditional-fit-0080,axis2_legal,246,1.3660484432949476
conditional-fit-0080,axis2_legal,247,0.15090694977884692
conditional-fit-0080,axis2_legal,248,0.03937911338596232
conditional-fit-0080,axis2_legal,249,0.1110338310619682
conditional-fit-0080,axis2_legal,250,0.11434569827942871
conditional-fit-0080,axis2_legal,251,0.016049870800977594
conditional-fit-0080,axis2_legal,252,0.02032191466340975
conditional-fit-0080,axis2_legal,253,0.5747179460353076
conditional-fit-0080,axis2_legal,254,0.19815280881733954
conditional-fit-0080,axis2_legal,255,0.12669001490456994
conditional-fit-0080,axis2_legal,256,0.12682542762830049
conditional-fit-0080,axis2_legal,257,0.003945851611117201
conditional-fit-0080,axis2_legal,258,0.04400902414499603
conditional-fit-0080,axis2_legal,259,0.027598767712358432
conditional-fit-0080,axis2_legal,260,0.07400275128548658
conditional-fit-0080,axis2_legal,261,0.00608456731607622
conditional-fit-0080,axis2_legal,262,0.002216582871630332
conditional-fit-0080,axis2_legal,263,0.10927616202910502
conditional-fit-0080,axis2_legal,264,0.002644871723003931
conditional-fit-0080,axis2_legal,265,0.014139138670335378
conditional-fit-0080,axis2_legal,266,0.12459559924680755
conditional-fit-0080,axis2_legal,267,0.018687533292522648
conditional-fit-0080,axis2_legal,268,0.0077099349882666385
conditional-fit-0080,axis2_legal,269,0.008904442180771438
conditional-fit-0080,axis2_legal,270,0.0006540190146009409
conditional-fit-0080,axis2_legal,271,0.000202116756610018
conditional-fit-0080,axis2_legal,272,0.0005537595512190067
conditional-fit-0080,axis2_legal,273,0.07128055894708217
conditional-fit-0080,axis2_legal,274,0.01619008298674572
conditional-fit-0080,axis2_legal,275,0.39730679329512547
conditional-fit-0080,axis2_legal,276,0.001712707222734801
conditional-fit-0080,axis2_legal,277,0.06173312420485999
conditional-fit-0080,axis2_legal,278,0.00025817159129114866
conditional-fit-0080,axis2_legal,279,0.00017362620709488152
conditional-fit-0080,axis2_legal,280,0.008897818279957594
conditional-fit-0080,axis2_legal,281,0.028635375213890236
conditional-fit-0080,axis2_legal,282,0.04267970499278633
conditional-fit-0080,axis2_legal,283,0.06871700026263365
conditional-fit-0080,axis2_legal,284,0.027879316592858683
conditional-fit-0080,axis2_legal,285,0.013363286376522104
conditional-fit-0080,axis2_legal,286,0.058645853507759256
conditional-fit-0080,axis2_legal,287,0.014400837717672595
conditional-fit-0080,axis2_legal,288,0.07727167276923538
conditional-fit-0080,axis2_legal,289,0.03791350918831468
conditional-fit-0080,axis2_legal,290,0.004238597899307095
conditional-fit-0080,axis2_legal,291,0.030234274800885513
conditional-fit-0080,axis2_legal,292,0.002126558680027278
conditional-fit-0080,axis2_legal,293,0.09955859425578989
conditional-fit-0080,axis2_legal,294,0.016030770059732705
conditional-fit-0080,axis2_legal,295,0.006456502177171851
conditional-fit-0080,axis2_legal,296,0.0451287876167263
conditional-fit-0080,axis2_legal,297,0.025245852723275744
conditional-fit-0080,axis2_legal,298,0.054805101537750714
conditional-fit-0080,axis2_legal,299,0.008487406259646932
conditional-fit-0080,axis2_legal,300,0.0257508298323318
conditional-fit-0080,axis2_legal,301,0.06443342269162787
conditional-fit-0080,axis2_legal,302,0.1234565575297363
conditional-fit-0080,axis2_legal,303,0.08743547060026338
conditional-fit-0080,axis2_legal,304,0.04459802531937624
conditional-fit-0080,axis2_legal,305,0.03948400644411437
conditional-fit-0080,axis2_legal,306,0.06587901205872967
conditional-fit-0080,axis2_legal,307,0.012903737921969995
conditional-fit-0080,axis2_legal,308,0.0010920464736776003
conditional-fit-0080,axis2_legal,309,0.03925040595928404
conditional-fit-0080,axis2_legal,310,0.03804269991209663
conditional-fit-0080,axis2_legal,311,0.06768185703743246
conditional-fit-0080,axis2_legal,312,0.0004281208092186122
conditional-fit-0080,axis2_legal,313,0.039345139251822064
conditional-fit-0080,axis2_legal,314,0.03856964318961417
conditional-fit-0080,axis2_legal,315,0.07493939258082025
conditional-fit-0080,axis2_legal,316,0.21648580188352037
conditional-fit-0080,axis2_legal,317,0.00038962412304616357
conditional-fit-0080,axis2_legal,318,0.15274879412940554
conditional-fit-0080,axis2_legal,319,0.25953471760883084
conditional-fit-0080,axis2_legal,320,0.5802616371079039
conditional-fit-0080,axis2_legal,321,0.11400867404887394
conditional-fit-0080,axis2_legal,322,0.014832299574169948
conditional-fit-0080,axis2_legal,323,0.01294828544309117
conditional-fit-0080,axis2_legal,324,0.009191749827299459
conditional-fit-0080,axis2_legal,325,0.0030024779569638727
conditional-fit-0080,axis2_legal,326,0.043373852308785835
conditional-fit-0080,axis2_legal,327,0.025767034494208294
conditional-fit-0080,axis2_legal,328,0.013245342050420009
conditional-fit-0080,axis2_legal,329,0.030822475579256367
conditional-fit-0080,axis2_legal,330,0.02913275323768949
conditional-fit-0080,axis2_legal,331,0.022072768329891412
conditional-fit-0080,axis2_legal,332,0.008159998001878051
conditional-fit-0080,axis2_legal,333,0.027260567890777576
conditional-fit-0080,axis2_legal,334,0.005692915931480184
conditional-fit-0080,axis2_legal,335,0.018865260185418932
conditional-fit-0080,axis2_legal,336,0.05183885195513388
conditional-fit-0080,axis2_legal,337,0.08010766685064231
conditional-fit-0080,axis2_legal,338,0.04912203229222509
conditional-fit-0080,axis2_legal,339,0.05409017898709449
conditional-fit-0080,axis2_legal,340,0.016114073562201674
conditional-fit-0080,axis2_legal,341,0.04043430745016497
conditional-fit-0080,axis2_legal,342,0.05148416901099612
conditional-fit-0080,axis2_legal,343,0.02291525992127043
conditional-fit-0080,axis2_legal,344,0.033655532694056356
conditional-fit-0080,axis2_legal,345,0.01580405482227611
conditional-fit-0080,axis2_legal,346,0.018487996600621434
conditional-fit-0080,axis2_legal,347,0.023316512430267763
conditional-fit-0080,axis2_legal,348,0.04665988364015655
conditional-fit-0080,axis2_legal,349,0.001091781114222456
conditional-fit-0080,axis2_legal,350,0.012857069025995479
conditional-fit-0080,axis2_legal,351,0.02070855394046032
conditional-fit-0080,axis2_legal,352,0.021345437110846105
conditional-fit-0080,axis2_legal,353,0.015261761255995522
conditional-fit-0080,axis2_legal,354,0.01684735647099355
conditional-fit-0080,axis2_legal,355,0.007325370648060605
conditional-fit-0080,axis2_legal,356,0.011731321155296008
conditional-fit-0080,axis2_legal,357,0.003267311488051525
conditional-fit-0080,axis2_legal,358,0.0069376658137673365
conditional-fit-0080,axis2_legal,359,0.019026104474372838
conditional-fit-0080,axis2_legal,360,0.03518550205435002
conditional-fit-0080,axis2_legal,361,0.0016755640197220409
conditional-fit-0080,axis2_legal,362,0.0013299943403041513
conditional-fit-0080,axis2_legal,363,0.00015071440041844957
conditional-fit-0080,axis2_legal,364,0.026251773075309737
conditional-fit-0080,axis2_legal,365,0.0007792978863157644
conditional-fit-0080,axis2_legal,366,0.01962171772207071
conditional-fit-0080,axis2_legal,367,0.11001160962077233
conditional-fit-0080,axis2_legal,368,0.0015288980148468086
conditional-fit-0080,axis2_legal,369,0.0008847439008542186
conditional-fit-0080,axis2_legal,370,0.019357487625876253
conditional-fit-0080,axis2_legal,371,0.0001581023657084534
conditional-fit-0080,axis2_legal,372,0.15589731927315975
conditional-fit-0080,axis2_legal,373,0.03153290940794961
conditional-fit-0080,axis2_legal,374,0.05603323536020568
conditional-fit-0080,axis2_legal,375,0.031216775462238576
conditional-fit-0080,axis2_legal,376,0.013718395092733234
conditional-fit-0080,axis2_legal,377,0.05156776975588655
conditional-fit-0080,axis2_legal,378,0.056449202355154125
conditional-fit-0080,axis2_legal,379,0.0607634326103017
conditional-fit-0080,axis2_legal,380,0.0014988182073083162
conditional-fit-0080,axis2_legal,381,0.061952965221239
conditional-fit-0080,axis2_legal,382,0.000655049913173867
conditional-fit-0080,axis2_legal,383,0.001735929306338403
conditional-fit-0080,axis2_legal,384,0.001871895148151529
conditional-fit-0080,axis2_legal,385,0.059191279250558386
conditional-fit-0080,axis2_legal,386,0.021047384673927416
conditional-fit-0080,axis2_legal,387,0.014673839834713924
conditional-fit-0080,axis2_legal,388,0.04164091741097225
conditional-fit-0080,axis2_legal,389,0.006048070908827672
conditional-fit-0080,axis2_legal,390,0.055635851276551865
conditional-fit-0080,axis2_legal,391,0.0008790330515853508
conditional-fit-0080,axis2_legal,392,0.00663086401763073
conditional-fit-0080,axis2_legal,393,0.0008018228257459631
conditional-fit-0080,axis2_legal,394,0.06288911422473879
conditional-fit-0080,axis2_legal,395,0.02959319711338449
conditional-fit-0080,axis2_legal,396,0.0005824392630507044
conditional-fit-0080,axis2_legal,397,0.0005347668892520937
conditional-fit-0080,axis2_legal,398,0.05630622134373955
conditional-fit-0080,axis2_legal,399,0.09049700842590319
conditional-fit-0080,axis2_legal,400,0.006260957525371161
conditional-fit-0080,axis2_legal,401,0.0018053593856199764
conditional-fit-0080,axis2_legal,402,0.41053665708071474
conditional-fit-0080,axis2_legal,403,0.46336726887969537
conditional-fit-0080,axis2_legal,404,0.000573600199552618
conditional-fit-0080,axis2_legal,405,0.011701132656605412
conditional-fit-0080,axis2_legal,406,0.0023128693578615307
conditional-fit-0080,axis2_legal,407,0.0018930944768414755
conditional-fit-0080,axis2_legal,408,0.0006542976068405195
conditional-fit-0080,axis2_legal,409,0.0075529077274083
conditional-fit-0080,axis2_legal,410,0.00011955247487634916
conditional-fit-0080,axis2_legal,411,0.22805294898961648
conditional-fit-0080,axis2_legal,412,0.029569199106334522
conditional-fit-0080,axis2_legal,413,0.019462271485829925
conditional-fit-0080,axis2_legal,414,0.02465729865242266
conditional-fit-0080,axis2_legal,415,0.025020080631356405
conditional-fit-0080,axis2_legal,416,0.0014588522959977969
conditional-fit-0080,axis2_legal,417,0.019326648150284686
conditional-fit-0080,axis2_legal,418,0.024606917861800283
conditional-fit-0080,axis2_legal,419,0.007690996262129702
conditional-fit-0080,axis2_legal,420,0.03205328185867879
conditional-fit-0080,axis2_legal,421,0.002963908854620981
conditional-fit-0080,axis2_legal,422,0.02764838404782468
conditional-fit-0080,axis2_legal,423,0.05623202621182434
conditional-fit-0080,axis2_legal,424,0.06711626492188336
conditional-fit-0080,axis2_legal,425,0.06556455754964956
conditional-fit-0080,axis2_legal,426,0.06741147857056722
conditional-fit-0080,axis2_legal,427,0.0022428170942916667
conditional-fit-0080,axis2_legal,428,0.0620333821891192
conditional-fit-0080,axis2_legal,429,0.01757954877859993
conditional-fit-0080,axis2_legal,430,0.00933634981517126
conditional-fit-0080,axis2_legal,431,0.04741860743881403
conditional-fit-0080,axis2_legal,432,0.038496938043187906
conditional-fit-0080,axis2_legal,433,0.007570087064938117
conditional-fit-0080,axis2_legal,434,0.0031874893078445016
conditional-fit-0080,axis2_legal,435,0.0017898378014002095
conditional-fit-0080,axis2_legal,436,0.0013593209779288978
conditional-fit-0080,axis2_legal,437,0.0025210855240382466
conditional-fit-0080,axis2_legal,438,0.020250488033490662
conditional-fit-0080,axis2_legal,439,0.019360630055193083
conditional-fit-0080,axis2_legal,440,0.0330242848041741
conditional-fit-0080,axis2_legal,441,0.02928274979418776
conditional-fit-0080,axis2_legal,442,0.001866335007424435
conditional-fit-0080,axis2_legal,443,0.02334618675009139
conditional-fit-0080,axis2_legal,444,0.019460695498969692
conditional-fit-0080,axis2_legal,445,0.009655770466490743
conditional-fit-0080,axis2_legal,446,0.01941303762104745
conditional-fit-0080,axis2_legal,447,0.004378068687484887
conditional-fit-0080,axis2_legal,448,0.01603763027175701
conditional-fit-0080,axis2_legal,449,0.03854971152756892
conditional-fit-0080,axis2_legal,450,0.06269743855653381
conditional-fit-0080,axis2_legal,451,0.07866732545427066
conditional-fit-0080,axis2_legal,452,0.051675275693866554
conditional-fit-0080,axis2_legal,453,0.0005224515763338662
conditional-fit-0080,axis2_legal,454,0.1576182218047641
conditional-fit-0080,axis2_legal,455,0.002357575264350847
conditional-fit-0080,axis2_legal,456,0.011286703011446379
conditional-fit-0080,axis2_legal,457,0.031198253772590483
conditional-fit-0080,axis2_legal,458,0.005223593209783502
conditional-fit-0080,axis2_legal,459,0.0008547340847864752
conditional-fit-0080,axis2_legal,460,0.0005893717695283389
conditional-fit-0080,axis2_legal,461,0.001313226947243333
conditional-fit-0080,axis2_legal,462,0.003631064035553984
conditional-fit-0080,axis2_legal,463,0.0021449229310913213
conditional-fit-0080,axis2_legal,464,0.0005134867353436711
conditional-fit-0080,axis2_legal,465,0.4272615849004253
conditional-fit-0080,axis2_legal,466,0.03744065397145128
conditional-fit-0080,axis2_legal,467,0.0013892019803696046
conditional-fit-0080,axis2_legal,468,0.00047101951199731665
conditional-fit-0080,axis2_legal,469,0.002731742694981441
conditional-fit-0080,axis2_legal,470,0.025536624371868558
conditional-fit-0080,axis2_legal,471,0.004798073247643627
conditional-fit-0080,axis2_legal,472,0.001856416157358522
conditional-fit-0080,axis2_legal,473,0.0005997573243000254
conditional-fit-0080,axis2_legal,474,0.013733429201602327
conditional-fit-0080,axis2_legal,475,0.00030319397495685147
conditional-fit-0080,axis2_legal,476,0.02022336233232265
conditional-fit-0080,axis2_legal,477,0.0075978083286971695
conditional-fit-0080,axis2_legal,478,0.005563132668921294
conditional-fit-0080,axis2_legal,479,0.0013518205190676856
conditional-fit-0080,axis2_legal,480,0.042733732902827185
conditional-fit-0080,axis2_legal,481,0.03674142462231668
conditional-fit-0080,axis2_legal,482,0.0014187640028660038
conditional-fit-0080,axis2_legal,483,9.209484341706704e-05
conditional-fit-0080,axis2_legal,484,0.08670719852974773
conditional-fit-0080,axis2_legal,485,0.025589119097856522
conditional-fit-0080,axis2_legal,486,0.013475061651437045
conditional-fit-0080,axis2_legal,487,0.09297133432649242
conditional-fit-0080,axis2_legal,488,0.009365914115375452
conditional-fit-0080,axis2_legal,489,0.016118733851299777
conditional-fit-0080,axis2_legal,490,0.018460389755415293
conditional-fit-0080,axis2_legal,491,0.018510223424086494
conditional-fit-0080,axis2_legal,492,0.012639784562360425
conditional-fit-0080,axis2_legal,493,0.07473791128906936
conditional-fit-0080,axis2_legal,494,0.000412490469706942
conditional-fit-0080,axis2_legal,495,0.023038465626903606
conditional-fit-0080,axis2_legal,496,0.037570840626537955
conditional-fit-0080,axis2_legal,497,0.000978545426710639
conditional-fit-0080,axis2_legal,498,0.0006374764775602
conditional-fit-0080,axis2_legal,499,0.005964257903588671
conditional-fit-0080,axis2_legal,500,0.0029823407013403534
conditional-fit-0080,axis2_legal,501,0.04877787360238377
conditional-fit-0080,axis2_legal,502,0.04643208189297024
conditional-fit-0080,axis2_legal,503,0.006226211593473301
conditional-fit-0080,axis2_legal,504,0.025324809414380298
conditional-fit-0080,axis2_legal,505,0.02872588562033126
conditional-fit-0080,axis2_legal,506,0.014717128966175129
conditional-fit-0080,axis2_legal,507,0.027933697948892243
conditional-fit-0080,axis2_legal,508,0.04492853489599942
conditional-fit-0080,axis2_legal,509,0.013656194518863265
conditional-fit-0080,axis2_legal,510,0.011884277103728656
conditional-fit-0080,axis2_legal,511,0.04604193171944818
conditional-fit-0080,axis2_legal,512,0.048393125972769103
conditional-fit-0080,axis2_legal,513,0.021410239127005758
conditional-fit-0080,axis2_legal,514,0.00013013914080238856
conditional-fit-0080,axis2_legal,515,0.00824270739203447
conditional-fit-0080,axis2_legal,516,0.026417693182256046
conditional-fit-0080,axis2_legal,517,0.0022604004440403584
conditional-fit-0080,axis2_legal,518,0.016225799242467018
conditional-fit-0080,axis2_legal,519,0.0241998793510485
conditional-fit-0080,axis2_legal,520,0.06711112940971466
conditional-fit-0080,axis2_legal,521,0.00019215118659524072
conditional-fit-0080,axis2_legal,522,0.009999563458848833
conditional-fit-0080,axis2_legal,523,0.07393414467202084
conditional-fit-0080,axis2_legal,524,0.0058261899396547185
conditional-fit-0080,axis2_legal,525,0.042400763046895495
conditional-fit-0080,axis2_legal,526,0.00424897367894987
conditional-fit-0080,axis2_legal,527,0.014384007598023153
conditional-fit-0080,axis2_legal,528,0.06549593871289641
conditional-fit-0080,axis2_legal,529,0.0009520237872288324
conditional-fit-0080,axis2_legal,530,0.030558241984003733
conditional-fit-0080,axis2_legal,531,5.6441547646802734e-05
conditional-fit-0080,axis2_legal,532,0.045550518671324806
conditional-fit-0080,axis2_legal,533,0.060411432156079636
conditional-fit-0080,axis2_legal,534,0.027501498467170635
conditional-fit-0080,axis2_legal,535,0.03943832663256461
conditional-fit-0080,axis2_legal,536,0.011293309488280152
conditional-fit-0080,axis2_legal,537,0.0003203957621795466
conditional-fit-0080,axis2_legal,538,0.03445614263470359
conditional-fit-0080,axis2_legal,539,0.052269258084188114
conditional-fit-0080,axis2_legal,540,0.0072120751918444935
conditional-fit-0080,axis2_legal,541,0.02480352013701248
conditional-fit-0080,axis2_legal,542,0.013663825697464192
conditional-fit-0080,axis2_legal,543,0.01348128257391212
conditional-fit-0080,axis2_legal,544,0.05462262999452855
conditional-fit-0080,axis2_legal,545,0.00919123878594472
conditional-fit-0080,axis2_legal,546,0.02519879236892046
conditional-fit-0080,axis2_legal,547,0.012285764354161973
conditional-fit-0080,axis2_legal,548,0.0023016483218982493
conditional-fit-0080,axis2_legal,549,0.02432483912873846
conditional-fit-0080,axis2_legal,550,0.00016650953058720304
conditional-fit-0080,axis2_legal,551,0.013159298079173282
conditional-fit-0080,axis2_legal,552,0.018367518584064213
conditional-fit-0080,axis2_legal,553,0.022286860642449252
conditional-fit-0080,axis2_legal,554,0.041775913294350216
conditional-fit-0080,axis2_legal,555,0.0406953364929907
conditional-fit-0080,axis2_legal,556,0.0010274092750370391
conditional-fit-0080,axis2_legal,557,0.003418921971802151
conditional-fit-0080,axis2_legal,558,0.022410336463107014
conditional-fit-0080,axis2_legal,559,0.011212173305876275
conditional-fit-0080,axis2_legal,560,0.021362887694524206
conditional-fit-0080,axis2_legal,561,0.0220669258969628
conditional-fit-0080,axis2_legal,562,0.15645858611526653
conditional-fit-0080,axis2_legal,563,0.09524192670222717
conditional-fit-0080,axis2_legal,564,0.00042868275412282896
conditional-fit-0080,axis2_legal,565,0.04897788613210247
conditional-fit-0080,axis2_legal,566,0.01933342273806413
conditional-fit-0080,axis2_legal,567,0.019951500347728822
conditional-fit-0080,axis2_legal,568,0.012067442497377526
conditional-fit-0080,axis2_legal,569,0.004645339143268581
conditional-fit-0080,axis2_legal,570,0.019706972366141152
conditional-fit-0080,axis2_legal,571,0.0008037133639078042
conditional-fit-0080,axis2_legal,572,0.000490542920822868
conditional-fit-0080,axis2_legal,573,0.016751067770215677
conditional-fit-0080,axis2_legal,574,0.00018936878892169816
conditional-fit-0080,axis2_legal,575,0.0202622394950168
conditional-fit-0080,axis2_legal,576,0.026734862004791693
conditional-fit-0080,axis2_legal,577,0.009111476870341579
conditional-fit-0080,axis2_legal,578,0.008570757507435755
conditional-fit-0080,axis2_legal,579,0.03196338122317088
conditional-fit-0080,axis2_legal,580,0.02949406838455174
conditional-fit-0080,axis2_legal,581,0.004309311709242784
conditional-fit-0080,axis2_legal,582,0.003111709119898458
conditional-fit-0080,axis2_legal,583,0.01136920176739905
conditional-fit-0080,axis2_legal,584,0.021011920430081876
conditional-fit-0080,axis2_legal,585,0.014784192906306386
conditional-fit-0080,axis2_legal,586,0.03241076191173743
conditional-fit-0080,axis2_legal,587,0.2770866477656605
conditional-fit-0080,axis2_legal,588,0.07330426472057257
conditional-fit-0080,axis2_legal,589,0.003164348628248367
conditional-fit-0080,axis2_legal,590,0.0029595444329625405
conditional-fit-0080,axis2_legal,591,0.006045837386698904
conditional-fit-0080,axis2_legal,592,0.022253371198754583
conditional-fit-0080,axis2_legal,593,0.050194568881749384
conditional-fit-0080,axis2_legal,594,0.007348601789649224
conditional-fit-0080,axis2_legal,595,0.02252595627217059
conditional-fit-0080,axis2_legal,596,0.04142560970948661
conditional-fit-0080,axis2_legal,597,0.010545389089869336
conditional-fit-0080,axis2_legal,598,0.0012437641654790073
conditional-fit-0080,axis2_legal,599,0.016698349592394555
conditional-fit-0080,axis2_legal,600,0.026161462025506753
conditional-fit-0080,axis2_legal,601,0.021858783906794164
conditional-fit-0080,axis2_legal,602,0.04299816710986427
conditional-fit-0080,axis2_legal,603,0.014892095850066386
conditional-fit-0080,axis2_legal,604,0.018111325503509128
conditional-fit-0080,axis2_legal,605,0.006150132483201214
conditional-fit-0080,axis2_legal,606,0.00034606611322358883
conditional-fit-0080,axis2_legal,607,0.03314071072991504
conditional-fit-0080,axis2_legal,608,0.016511101010293468
conditional-fit-0080,axis2_legal,609,0.008129548649403677
conditional-fit-0080,axis2_legal,610,0.01408544704432458
conditional-fit-0080,axis2_legal,611,0.016379544612797167
conditional-fit-0080,axis2_legal,612,0.0001107008515034254
conditional-fit-0080,axis2_legal,613,0.03359870807536532
conditional-fit-0080,axis2_legal,614,0.0017838598028938274
conditional-fit-0080,axis2_legal,615,0.09630328407177699
conditional-fit-0080,axis2_legal,616,0.004731616243548096
conditional-fit-0080,axis2_legal,617,0.008123501471773632
conditional-fit-0080,axis2_legal,618,0.001633309211703542
conditional-fit-0080,axis2_legal,619,0.04598738070901222
conditional-fit-0080,axis2_legal,620,0.00015246623392904424
conditional-fit-0080,axis2_legal,621,0.018651060281762312
conditional-fit-0080,axis2_legal,622,0.026790170649250388
conditional-fit-0080,axis2_legal,623,0.04705084606575824
conditional-fit-0080,axis2_legal,624,0.018003225698481187
conditional-fit-0080,axis2_legal,625,0.04649350095494521
conditional-fit-0080,axis2_legal,626,0.006581537291955813
conditional-fit-0080,axis2_legal,627,0.03546504928328826
conditional-fit-0080,axis2_legal,628,0.03625641506455747
conditional-fit-0080,axis2_legal,629,0.009811557582286357
conditional-fit-0080,axis2_legal,630,0.038589898959522306
conditional-fit-0080,axis2_legal,631,0.02773090757728169
conditional-fit-0080,axis2_legal,632,0.06381366111505869
conditional-fit-0080,axis2_legal,633,0.0004893699069396954
conditional-fit-0080,axis2_legal,634,0.0018756572765361655
conditional-fit-0080,axis2_legal,635,0.0028034455003947668
conditional-fit-0080,axis2_legal,636,0.0022744592732695593
conditional-fit-0080,axis2_legal,637,0.011872850540331697
conditional-fit-0080,axis2_legal,638,0.020149809500164942
conditional-fit-0080,axis2_legal,639,0.001655931154197426
conditional-fit-0080,axis2_legal,640,0.00442022764328723
conditional-fit-0080,axis2_legal,641,0.019946449054117844
conditional-fit-0080,axis2_legal,642,0.18647244192314752
conditional-fit-0080,axis2_legal,643,0.3842573493231294
conditional-fit-0080,axis2_legal,644,0.02273199281844757
conditional-fit-0080,axis2_legal,645,0.00035067909353963243
conditional-fit-0080,axis2_legal,646,0.0012101503538503233
conditional-fit-0080,axis2_legal,647,0.00038278758134915154
conditional-fit-0080,axis2_legal,648,0.002710801642721388
conditional-fit-0080,axis2_legal,649,0.020373731235973226
conditional-fit-0080,axis2_legal,650,0.01979572294851661
conditional-fit-0080,axis2_legal,651,0.287946648545202
conditional-fit-0080,axis2_legal,652,0.03772519941643211
conditional-fit-0080,axis2_legal,653,0.035372957032510026
conditional-fit-0080,axis2_legal,654,0.000179305666430275
conditional-fit-0080,axis2_legal,655,0.014413051227149044
conditional-fit-0080,axis2_legal,656,0.020808948138784592
conditional-fit-0080,axis2_legal,657,0.006574894407039766
conditional-fit-0080,axis2_legal,658,0.0003072846199603011
conditional-fit-0080,axis2_legal,659,0.025784806173433438
conditional-fit-0080,axis2_legal,660,0.0297122594216972
conditional-fit-0080,axis2_legal,661,0.016090795691553965
conditional-fit-0080,axis2_legal,662,0.0057912969850475605
conditional-fit-0080,axis2_legal,663,0.01576059751223448
conditional-fit-0080,axis2_legal,664,0.07036082451930649
conditional-fit-0080,axis2_legal,665,0.013697780077098263
conditional-fit-0080,axis2_legal,666,0.0004842872759030192
conditional-fit-0080,axis2_legal,667,0.00033272026848684625
conditional-fit-0080,axis2_legal,668,0.0015815686438561977
conditional-fit-0080,axis2_legal,669,0.00039672949323263406
conditional-fit-0080,axis2_legal,670,0.02016340162937094
conditional-fit-0080,axis2_legal,671,0.01994248217708083
conditional-fit-0080,axis2_legal,672,0.022013870875231052
conditional-fit-0080,axis2_legal,673,0.027728034863181275
conditional-fit-0080,axis2_legal,674,0.007450567359847213
conditional-fit-0080,axis2_legal,675,0.032111567140410385
conditional-fit-0080,axis2_legal,676,0.010412192694210471
conditional-fit-0080,axis2_legal,677,0.005816389824629899
conditional-fit-0080,axis2_legal,678,0.019441258448636096
conditional-fit-0080,axis2_legal,679,0.016325279368008764
conditional-fit-0080,axis2_legal,680,0.011048348033695615
conditional-fit-0080,axis2_legal,681,0.11734855156191276
conditional-fit-0080,axis2_legal,682,0.08222024087700443
conditional-fit-0080,axis2_legal,683,0.08466403800785584
conditional-fit-0080,axis2_legal,684,0.0309853677376136
conditional-fit-0080,axis2_legal,685,0.055604246570079535
conditional-fit-0080,axis2_legal,686,0.026812348994510297
conditional-fit-0080,axis2_legal,687,0.00262845880985466
conditional-fit-0080,axis2_legal,688,0.01565615994406626
conditional-fit-0080,axis2_legal,689,0.05916967028077881
conditional-fit-0080,axis2_legal,690,0.0375976782265553
conditional-fit-0080,axis2_legal,691,0.001963146429993929
conditional-fit-0080,axis2_legal,692,0.027787358709416142
conditional-fit-0080,axis2_legal,693,0.021395012598774334
conditional-fit-0080,axis2_legal,694,0.06261050000032581
conditional-fit-0080,axis2_legal,695,0.05154695332716677
conditional-fit-0080,axis2_legal,696,0.017494197158532752
conditional-fit-0080,axis2_legal,697,0.0418379751286896
conditional-fit-0080,axis2_legal,698,0.14876669804591008
conditional-fit-0080,axis2_legal,699,0.007561721038091348
conditional-fit-0080,axis2_legal,700,0.031213745649767102
conditional-fit-0080,axis2_legal,701,0.029550409391859874
conditional-fit-0080,axis2_legal,702,0.059583050999058654
conditional-fit-0080,axis2_legal,703,0.16224155651627026
conditional-fit-0080,axis2_legal,704,0.0006683980663431965
conditional-fit-0080,axis2_legal,705,0.09213924580892688
conditional-fit-0080,axis2_legal,706,0.11207225270812593
conditional-fit-0080,axis2_legal,707,0.03746697141465181
conditional-fit-0080,axis2_legal,708,0.096826559291216
conditional-fit-0080,axis2_legal,709,0.01694801939947232
conditional-fit-0080,axis2_legal,710,0.16195207797379257
conditional-fit-0080,axis2_legal,711,0.1311210865217022
conditional-fit-0080,axis2_legal,712,0.12691664449113804
conditional-fit-0080,axis2_legal,713,0.09608221535303181
conditional-fit-0080,axis2_legal,714,0.031069600150837522
conditional-fit-0080,axis2_legal,715,0.16149736324510894
conditional-fit-0080,axis2_legal,716,0.18955605665338487
conditional-fit-0080,axis2_legal,717,0.24400230948978763
conditional-fit-0080,axis2_legal,718,0.07004720225954168
conditional-fit-0080,axis2_legal,719,0.058903464914011244
conditional-fit-0080,axis2_legal,720,0.017279778386504616
conditional-fit-0080,axis2_legal,721,0.12084003666096627
conditional-fit-0080,axis2_legal,722,0.37714524778707537
conditional-fit-0080,axis2_legal,723,0.023672365909938563
conditional-fit-0080,axis2_legal,724,0.0005371211092573397
conditional-fit-0080,axis2_legal,725,5.911654045864955e-05
conditional-fit-0080,axis2_legal,726,0.013797775316054197
conditional-fit-0080,axis2_legal,727,0.146395920516884
conditional-fit-0080,axis2_legal,728,0.3433623138804705
conditional-fit-0080,axis2_legal,729,0.053421523633192185
conditional-fit-0080,axis2_legal,730,0.12796936798972505
conditional-fit-0080,axis2_legal,731,0.2812711599510026
conditional-fit-0080,axis2_legal,732,0.10811651900020562
conditional-fit-0080,axis2_legal,733,0.17789946198909312
conditional-fit-0080,axis2_legal,734,0.07791778331489813
conditional-fit-0080,axis2_legal,735,0.0029028199820012495
conditional-fit-0080,axis2_legal,736,0.03327081509405687
conditional-fit-0080,axis2_legal,737,0.15207799825555
conditional-fit-0080,axis2_legal,738,0.05770548941556525
conditional-fit-0080,axis2_legal,739,0.056267305131847106
conditional-fit-0080,axis2_legal,740,0.053212565000106335
conditional-fit-0080,axis2_legal,741,0.18471851056528962
conditional-fit-0080,axis2_legal,742,0.07765045467314363
conditional-fit-0080,axis2_legal,743,0.027379919766126987
conditional-fit-0080,axis2_legal,744,0.03994315941764642
conditional-fit-0080,axis2_legal,745,0.00046632400861533767
conditional-fit-0080,axis2_legal,746,0.01736058749319746
conditional-fit-0080,axis2_legal,747,0.09325533628822526
conditional-fit-0080,axis2_legal,748,0.2256429621423613
conditional-fit-0080,axis2_legal,749,0.09118803503584777
conditional-fit-0080,axis2_legal,750,0.018751560892041528
conditional-fit-0080,axis2_legal,751,0.1262335973617637
conditional-fit-0080,axis2_legal,752,0.044453710662280016
conditional-fit-0080,axis2_legal,753,0.0004112842797225097
conditional-fit-0080,axis2_legal,754,0.0867406817214139
conditional-fit-0080,axis2_legal,755,0.03817398986437466
conditional-fit-0080,axis2_legal,756,0.5162588912477956
conditional-fit-0080,axis2_legal,757,0.2644757650543208
conditional-fit-0080,axis2_legal,758,0.049429056841682695
conditional-fit-0080,axis2_legal,759,0.20573657391998992
conditional-fit-0080,axis2_legal,760,0.148921087403161
conditional-fit-0080,axis2_legal,761,0.04525582297954754
conditional-fit-0080,axis2_legal,762,0.02733642266149129
conditional-fit-0080,axis2_legal,763,0.011453112345542645
conditional-fit-0080,axis2_legal,764,0.011741665895274114
conditional-fit-0080,axis2_legal,765,0.006352692848155165
conditional-fit-0080,axis2_legal,766,0.017340059120703577
conditional-fit-0080,axis2_legal,767,0.008870655341126524
conditional-fit-0080,axis2_legal,768,0.033946552000402704
conditional-fit-0080,axis2_legal,769,0.007276414712762878
conditional-fit-0080,axis2_legal,770,0.07797649198609066
conditional-fit-0080,axis2_legal,771,0.03302758528390271
conditional-fit-0080,axis2_legal,772,0.024743545074564513
conditional-fit-0080,axis2_legal,773,0.2549269382341049
conditional-fit-0080,axis2_legal,774,0.018576179451843606
conditional-fit-0080,axis2_legal,775,0.0013467268031517065
conditional-fit-0080,axis2_legal,776,0.01733328043508249
conditional-fit-0080,axis2_legal,777,0.010820222761691839
conditional-fit-0080,axis2_legal,778,0.0033891890795726682
conditional-fit-0080,axis2_legal,779,0.00877259668978302
conditional-fit-0080,axis2_legal,780,0.04797000357262995
conditional-fit-0080,axis2_legal,781,0.104310640846973
conditional-fit-0080,axis2_legal,782,0.0019238197508370694
conditional-fit-0080,axis2_legal,783,0.01029377321914687
conditional-fit-0080,axis2_legal,784,0.009319976426698254
conditional-fit-0080,axis2_legal,785,0.07438762921153756
conditional-fit-0080,axis2_legal,786,0.03875663562170514
conditional-fit-0080,axis2_legal,787,0.01051964820412872
conditional-fit-0080,axis2_legal,788,0.07940893664202299
conditional-fit-0080,axis2_legal,789,0.00885783114347682
conditional-fit-0080,axis2_legal,790,0.009154175573343533
conditional-fit-0080,axis2_legal,791,0.01590651070273818
conditional-fit-0080,axis2_legal,792,0.01156533671690639
conditional-fit-0080,axis2_legal,793,0.027989731978830583
conditional-fit-0080,axis2_legal,794,0.0648139986892386
conditional-fit-0080,axis2_legal,795,0.045309072599035854
conditional-fit-0080,axis2_legal,796,0.015584327435672774
conditional-fit-0080,axis2_legal,797,0.1382126575676893
conditional-fit-0080,axis2_legal,798,0.604807286336801
conditional-fit-0080,axis2_legal,799,0.08412023518428553
conditional-fit-0080,axis2_legal,800,0.006760387722235708
conditional-fit-0080,axis2_legal,801,0.21176591477683412
conditional-fit-0080,axis2_legal,802,0.020157976610786055
conditional-fit-0080,axis2_legal,803,0.02241819435223876
conditional-fit-0080,axis2_legal,804,0.07377282197065481
conditional-fit-0080,axis2_legal,805,0.37180668933980854
conditional-fit-0080,axis2_legal,806,0.03325038702720352
conditional-fit-0080,axis2_legal,807,0.00279897180517303
conditional-fit-0080,axis2_legal,808,0.026560256935191706
conditional-fit-0080,axis2_legal,809,0.0740123759970413
conditional-fit-0080,axis2_legal,810,0.1325172695603667
conditional-fit-0080,axis2_legal,811,0.10728804889687246
conditional-fit-0080,axis2_legal,812,0.11960173898594442
conditional-fit-0080,axis2_legal,813,0.06417824658983654
conditional-fit-0080,axis2_legal,814,0.13353236051944947
conditional-fit-0080,axis2_legal,815,0.05284102417439331
conditional-fit-0080,axis2_legal,816,0.00011826103446935837
conditional-fit-0080,axis2_legal,817,0.011773926319757051
conditional-fit-0080,axis2_legal,818,0.025960829864628825
conditional-fit-0080,axis2_legal,819,0.09547509637733438
conditional-fit-0080,axis2_legal,820,0.02533844450372151
conditional-fit-0080,axis2_legal,821,0.06614427346529533
conditional-fit-0080,axis2_legal,822,0.034535624866323354
conditional-fit-0080,axis2_legal,823,0.019398163116983096
conditional-fit-0080,axis2_legal,824,0.05982471750688996
conditional-fit-0080,axis2_legal,825,0.01772754415238852
conditional-fit-0080,axis2_legal,826,0.07377306868856187
conditional-fit-0080,axis2_legal,827,0.05502617082055238
conditional-fit-0080,axis2_legal,828,0.0368974651179212
conditional-fit-0080,axis2_legal,829,0.0028925225746267305
conditional-fit-0080,axis2_legal,830,0.00436129110491147
conditional-fit-0080,axis2_legal,831,0.01935701028181818
conditional-fit-0080,axis2_legal,832,0.08706476165038345
conditional-fit-0080,axis2_legal,833,0.04110638725087274
conditional-fit-0080,axis2_legal,834,0.02599712889274998
conditional-fit-0080,axis2_legal,835,0.03400696139471472
conditional-fit-0080,axis2_legal,836,0.0649894283400698
conditional-fit-0080,axis2_legal,837,0.038647994368442594
conditional-fit-0080,axis2_legal,838,0.003913885844037207
conditional-fit-0080,axis2_legal,839,0.015770434159875547
conditional-fit-0080,axis2_legal,840,0.118990742054058
conditional-fit-0080,axis2_legal,841,0.05053243929538265
conditional-fit-0080,axis2_legal,842,0.10135348019333476
conditional-fit-0080,axis2_legal,843,0.04798975368689905
conditional-fit-0080,axis2_legal,844,0.006417397074003571
conditional-fit-0080,axis2_legal,845,0.29943495824610766
conditional-fit-0080,axis2_legal,846,0.12496835213269288
conditional-fit-0080,axis2_legal,847,0.012160580059175339
conditional-fit-0080,axis2_legal,848,0.007335067223256373
conditional-fit-0080,axis2_legal,849,0.006066310580686704
conditional-fit-0080,axis2_legal,850,0.013832081481790569
conditional-fit-0080,axis2_legal,851,0.2177758166777445
conditional-fit-0080,axis2_legal,852,0.0143360793354446
conditional-fit-0080,axis2_legal,853,0.030535762915532675
conditional-fit-0080,axis2_legal,854,0.0296762232923447
conditional-fit-0080,axis2_legal,855,0.3877749398300043
conditional-fit-0080,axis2_legal,856,0.0078960663143123
conditional-fit-0080,axis2_legal,857,0.03578446750431262
conditional-fit-0080,axis2_legal,858,0.007145418408422845
conditional-fit-0080,axis2_legal,859,0.013404054090232969
conditional-fit-0080,axis2_legal,860,0.013619600354628923
conditional-fit-0080,axis2_legal,861,0.050354880472131665
conditional-fit-0080,axis2_legal,862,0.0023149988847131512
conditional-fit-0080,axis2_legal,863,0.002871483624281088
conditional-fit-0080,axis2_legal,864,0.01822696586847983
conditional-fit-0080,axis2_legal,865,0.019071186825894114
conditional-fit-0080,axis2_legal,866,0.010628358832567589
conditional-fit-0080,axis2_legal,867,0.009696134705965653
conditional-fit-0080,axis2_legal,868,0.03934042937933489
conditional-fit-0080,axis2_legal,869,0.12979844655358
conditional-fit-0080,axis2_legal,870,0.23936007163413484
conditional-fit-0080,axis2_legal,871,0.5907789859698863
conditional-fit-0080,axis2_legal,872,0.3022208194741058
conditional-fit-0080,axis2_legal,873,0.018958816770303148
conditional-fit-0080,axis2_legal,874,0.0036246703166116358
conditional-fit-0080,axis2_legal,875,0.10090128240291361
conditional-fit-0080,axis2_legal,876,0.012658336233115068
conditional-fit-0080,axis2_legal,877,0.027770784495112263
conditional-fit-0080,axis2_legal,878,0.2635466790904572
conditional-fit-0080,axis2_legal,879,0.4674151630211744
conditional-fit-0080,axis2_legal,880,0.2258932715858831
conditional-fit-0080,axis2_legal,881,0.1201222858856522
conditional-fit-0080,axis2_legal,882,0.3271699683472423
conditional-fit-0080,axis2_legal,883,0.00598479044172341
conditional-fit-0080,axis2_legal,884,0.17140030113859134
conditional-fit-0080,axis2_legal,885,0.11209678661105531
conditional-fit-0080,axis2_legal,886,0.0005712377965031278
conditional-fit-0080,axis2_legal,887,0.1351197930899394
conditional-fit-0080,axis2_legal,888,0.0009766356757831126
conditional-fit-0080,axis2_legal,889,0.009795559137441593
conditional-fit-0080,axis2_legal,890,0.02193418901916127
conditional-fit-0080,axis2_legal,891,0.04088889974631105
conditional-fit-0080,axis2_legal,892,0.056327370851700836
conditional-fit-0080,axis2_legal,893,0.00010306843186057638
conditional-fit-0080,axis2_legal,894,0.009488368593752966
conditional-fit-0080,axis2_legal,895,0.0024322927168526007
conditional-fit-0080,axis2_legal,896,0.0011396584874959236
conditional-fit-0080,axis2_legal,897,0.0004399908905630278
conditional-fit-0080,axis2_legal,898,0.0018673925577179099
conditional-fit-0080,axis2_legal,899,0.0050701077442103296
conditional-fit-0080,axis2_legal,900,0.09895000690046833
conditional-fit-0080,axis2_legal,901,0.00014973854340471262
conditional-fit-0080,axis2_legal,902,0.017666476363562108
conditional-fit-0080,axis2_legal,903,0.00364621688534306
conditional-fit-0080,axis2_legal,904,0.011183097377110863
conditional-fit-0080,axis2_legal,905,0.1668871459513698
conditional-fit-0080,axis2_legal,906,0.045694525012966475
conditional-fit-0080,axis2_legal,907,0.017522080095637375
conditional-fit-0080,axis2_legal,908,0.06011092305422162
conditional-fit-0080,axis2_legal,909,0.013664545133006807
conditional-fit-0080,axis2_legal,910,0.07449768040273894
conditional-fit-0080,axis2_legal,911,0.06125162319355184
conditional-fit-0080,axis2_legal,912,0.008196293708626661
conditional-fit-0080,axis2_legal,913,0.04507700139558719
conditional-fit-0080,axis2_legal,914,0.01842989274511362
conditional-fit-0080,axis2_legal,915,0.0017727708590151686
conditional-fit-0080,axis2_legal,916,0.04241462777631974
conditional-fit-0080,axis2_legal,917,0.023548725847009486
conditional-fit-0080,axis2_legal,918,0.026389536367028017
conditional-fit-0080,axis2_legal,919,0.000785926385478204
conditional-fit-0080,axis2_legal,920,0.00031132797041336156
conditional-fit-0080,axis2_legal,921,0.018516116378705635
conditional-fit-0080,axis2_legal,922,0.026029737667164016
conditional-fit-0080,axis2_legal,923,0.008078854365591914
conditional-fit-0080,axis2_legal,924,0.005413777597169668
conditional-fit-0080,axis2_legal,925,0.01699076437251302
conditional-fit-0080,axis2_legal,926,0.005662531899243033
conditional-fit-0080,axis2_legal,927,0.04429182979238033
conditional-fit-0080,axis2_legal,928,0.05006784102721975
conditional-fit-0080,axis2_legal,929,0.0022110054798411844
conditional-fit-0080,axis2_legal,930,0.038922553497618126
conditional-fit-0080,axis2_legal,931,0.002095210093180697
conditional-fit-0080,axis2_legal,932,0.0033895119538589757
conditional-fit-0080,axis2_legal,933,0.026090499091474872
conditional-fit-0080,axis2_legal,934,0.026999294353233665
conditional-fit-0080,axis2_legal,935,0.03538706039910338
conditional-fit-0080,axis2_legal,936,0.00518869070460093
conditional-fit-0080,axis2_legal,937,0.028016914327554175
conditional-fit-0080,axis2_legal,938,0.0499226585029865
conditional-fit-0080,axis2_legal,939,0.0017370425477530526
conditional-fit-0080,axis2_legal,940,0.022588462539841894
conditional-fit-0080,axis2_legal,941,0.03337012991887575
conditional-fit-0080,axis2_legal,942,0.008765539594900767
conditional-fit-0080,axis2_legal,943,0.02361725054072096
conditional-fit-0080,axis2_legal,944,0.01567333569063656
conditional-fit-0080,axis2_legal,945,0.00025501291337188544
conditional-fit-0080,axis2_legal,946,0.05732548300635448
conditional-fit-0080,axis2_legal,947,0.000486648138109869
conditional-fit-0080,axis2_legal,948,0.005876842705511464
conditional-fit-0080,axis2_legal,949,0.01585608493519513
conditional-fit-0080,axis2_legal,950,0.10152689417601224
conditional-fit-0080,axis2_legal,951,0.00587951321248747
conditional-fit-0080,axis2_legal,952,0.013431480296578292
conditional-fit-0080,axis2_legal,953,0.014608412280860794
conditional-fit-0080,axis2_legal,954,0.009221623541600095
conditional-fit-0080,axis2_legal,955,0.04814598994861893
conditional-fit-0080,axis2_legal,956,0.02732511274939001
conditional-fit-0080,axis2_legal,957,0.05682237275931187
conditional-fit-0080,axis2_legal,958,0.1124718340662556
conditional-fit-0080,axis2_legal,959,0.044465638475623556
conditional-fit-0080,axis2_legal,960,0.0003438677167817636
conditional-fit-0080,axis2_legal,961,0.00035845800987658336
conditional-fit-0080,axis2_legal,962,0.010606108355545214
conditional-fit-0080,axis2_legal,963,0.0032285948313958354
conditional-fit-0080,axis2_legal,964,0.0010773475893991911
conditional-fit-0080,axis2_legal,965,0.000771268136705373
conditional-fit-0080,axis2_legal,966,0.012475760623890685
conditional-fit-0080,axis2_legal,967,0.03256222877401606
conditional-fit-0080,axis2_legal,968,0.0021232931070639125
conditional-fit-0080,axis2_legal,969,0.0296373486493043
conditional-fit-0080,axis2_legal,970,0.04531785429724766
conditional-fit-0080,axis2_legal,971,0.006615160754183528
conditional-fit-0080,axis2_legal,972,0.0018013201147460925
conditional-fit-0080,axis2_legal,973,0.009752208517830971
conditional-fit-0080,axis2_legal,974,0.08249905429414038
conditional-fit-0080,axis2_legal,975,0.002259253835432793
conditional-fit-0080,axis2_legal,976,0.014231259989862428
conditional-fit-0080,axis2_legal,977,0.034800017753556976
conditional-fit-0080,axis2_legal,978,0.0014343339138121326
conditional-fit-0080,axis2_legal,979,0.005459673240448295
conditional-fit-0080,axis2_legal,980,0.03902060496235108
conditional-fit-0080,axis2_legal,981,0.0061712441560724226
conditional-fit-0080,axis2_legal,982,0.0005840229706242633
conditional-fit-0080,axis2_legal,983,0.0010123969713534348
conditional-fit-0080,axis2_legal,984,0.018131112437347278
conditional-fit-0080,axis2_legal,985,0.027534441661107214
conditional-fit-0080,axis2_legal,986,0.017065269562713245
conditional-fit-0080,axis2_legal,987,0.0012014598945263633
conditional-fit-0080,axis2_legal,988,0.006441965399701818
conditional-fit-0080,axis2_legal,989,0.0001264855775107291
conditional-fit-0080,axis2_legal,990,0.0008236043498931796
conditional-fit-0080,axis2_legal,991,0.008977946164708008
conditional-fit-0080,axis2_legal,992,0.006913833770706784
conditional-fit-0080,axis2_legal,993,0.011049867247207284
conditional-fit-0080,axis2_legal,994,0.003835393425676386
conditional-fit-0080,axis2_legal,995,0.06749968896014852
conditional-fit-0080,axis2_legal,996,0.08988683774058068
conditional-fit-0080,axis2_legal,997,0.00021678248909186458
conditional-fit-0080,axis2_legal,998,0.02600372739859011
conditional-fit-0080,axis2_legal,999,0.016562374630901065
conditional-fit-0080,axis2_legal,1000,0.01410288735758329
conditional-fit-0080,axis2_legal,1001,7.22015331997338e-05
conditional-fit-0080,axis2_legal,1002,0.006457991815545915
conditional-fit-0080,axis2_legal,1003,0.0720470301062024
conditional-fit-0080,axis2_legal,1004,0.03135341171611549
conditional-fit-0080,axis2_legal,1005,0.012396838941275433
conditional-fit-0080,axis2_legal,1006,0.010845459169309672
conditional-fit-0080,axis2_legal,1007,0.004874391559491499
conditional-fit-0080,axis2_legal,1008,0.014656599851739102
conditional-fit-0080,axis2_legal,1009,0.003065981737034095
conditional-fit-0080,axis2_legal,1010,0.0006054219041668433
conditional-fit-0080,axis2_legal,1011,0.007144516167236348
conditional-fit-0080,axis2_legal,1012,0.0058909981796357175
conditional-fit-0080,axis2_legal,1013,0.003486344050505001
conditional-fit-0080,axis2_legal,1014,0.0027827971922267025
conditional-fit-0080,axis2_legal,1015,0.011005003357126043
conditional-fit-0080,axis2_legal,1016,0.022202483015579456
conditional-fit-0080,axis2_legal,1017,0.013448952796650477
conditional-fit-0080,axis2_legal,1018,0.023366904266998598
conditional-fit-0080,axis2_legal,1019,0.009971690794026709
conditional-fit-0080,axis2_legal,1020,0.015517974202023378
conditional-fit-0080,axis2_legal,1021,0.0004479782878260845
conditional-fit-0080,axis2_legal,1022,0.0008052322624259048
conditional-fit-0080,axis2_legal,1023,0.060812479403070774
conditional-fit-0080,axis2_legal,1024,0.00693921457372158
conditional-fit-0080,axis2_legal,1025,0.03164614645500886
conditional-fit-0080,axis2_legal,1026,0.004579076970011479
conditional-fit-0080,axis2_legal,1027,0.04230136708726772
conditional-fit-0080,axis2_legal,1028,0.011909397696552401
conditional-fit-0080,axis2_legal,1029,1.3315124597593697e-05
conditional-fit-0080,axis2_legal,1030,0.006359705542638882
conditional-fit-0080,axis2_legal,1031,0.00016435885207640138
conditional-fit-0080,axis2_legal,1032,0.00032497106177509195
conditional-fit-0080,axis2_legal,1033,0.00032631728407817896
conditional-fit-0080,axis2_legal,1034,0.0017031921160208623
conditional-fit-0080,axis2_legal,1035,0.0013770321913503022
conditional-fit-0080,axis2_legal,1036,0.013906431930017761
conditional-fit-0080,axis2_legal,1037,0.0009974195323818763
conditional-fit-0080,axis2_legal,1038,0.025164529972940365
conditional-fit-0080,axis2_legal,1039,0.03458428368007213
conditional-fit-0080,axis2_legal,1040,0.039612940516927285
conditional-fit-0080,axis2_legal,1041,0.05724710473904515
conditional-fit-0080,axis2_legal,1042,0.0018759224693174362
conditional-fit-0080,axis2_legal,1043,0.05879725554183149
conditional-fit-0080,axis2_legal,1044,0.03368676342317785
conditional-fit-0080,axis2_legal,1045,0.017239702993263002
conditional-fit-0080,axis2_legal,1046,0.012848310016390573
conditional-fit-0080,axis2_legal,1047,0.07813800165776424
conditional-fit-0080,axis2_legal,1048,0.001257416897877435
conditional-fit-0080,axis2_legal,1049,0.0008514730980691178
conditional-fit-0080,axis2_legal,1050,0.005815609597976777
conditional-fit-0080,axis2_legal,1051,7.694247744936746e-05
conditional-fit-0080,axis2_legal,1052,0.000923449241184403
conditional-fit-0080,axis2_legal,1053,0.0015297942686807813
conditional-fit-0080,axis2_legal,1054,0.013089440826854256
conditional-fit-0080,axis2_legal,1055,0.00029275973551324636
conditional-fit-0080,axis2_legal,1056,0.00011946661499199611
conditional-fit-0080,axis2_legal,1057,0.00449554959791636
conditional-fit-0080,axis2_legal,1058,0.002000712020047342
conditional-fit-0080,axis2_legal,1059,0.0004013845942529382
conditional-fit-0080,axis2_legal,1060,0.00014013435787444463
conditional-fit-0080,axis2_legal,1061,0.010579467787604008
conditional-fit-0080,axis2_legal,1062,0.008344613826341113
conditional-fit-0080,axis2_legal,1063,0.002162881115920024
conditional-fit-0080,axis2_legal,1064,0.026329663996018424
conditional-fit-0080,axis2_legal,1065,0.00967938594614428
conditional-fit-0080,axis2_legal,1066,0.00032294679102543467
conditional-fit-0080,axis2_legal,1067,0.00013348279012320805
conditional-fit-0080,axis2_legal,1068,0.0012390214527194486
conditional-fit-0080,axis2_legal,1069,0.0008714183293813656
conditional-fit-0080,axis2_legal,1070,0.0034671764373247023
conditional-fit-0080,axis2_legal,1071,0.00033748921566252024
conditional-fit-0080,axis2_legal,1072,0.00013738904602403004
conditional-fit-0080,axis2_legal,1073,0.002391426221099925
conditional-fit-0080,axis2_legal,1074,0.01572707986391721
conditional-fit-0080,axis2_legal,1075,0.00025873573334919426
conditional-fit-0080,axis2_legal,1076,0.0019038609771773259
conditional-fit-0080,axis2_legal,1077,0.027240275008385103
conditional-fit-0080,axis2_legal,1078,0.0001856887607244562
conditional-fit-0080,axis2_legal,1079,0.03600292886557671
conditional-fit-0080,axis2_legal,1080,0.0026131126829024402
conditional-fit-0080,axis2_legal,1081,0.031209946347375478
conditional-fit-0080,axis2_legal,1082,0.009058957629391368
conditional-fit-0080,axis2_legal,1083,2.8203345338211617e-05
conditional-fit-0080,axis2_legal,1084,0.0029655256211816865
conditional-fit-0080,axis2_legal,1085,0.001462791875912848
conditional-fit-0080,axis2_legal,1086,0.0028941285217769573
conditional-fit-0080,axis2_legal,1087,0.0003649622294409459
conditional-fit-0080,axis2_legal,1088,0.0031469183308977695
conditional-fit-0080,axis2_legal,1089,0.015415417838459282
conditional-fit-0080,axis2_legal,1090,0.00872188290951153
conditional-fit-0080,axis2_legal,1091,0.016483370432878564
conditional-fit-0080,axis2_legal,1092,0.00015304992327179538
conditional-fit-0080,axis2_legal,1093,0.03369209764621123
conditional-fit-0080,axis2_legal,1094,0.020882536077020543
conditional-fit-0080,axis2_legal,1095,0.13108730774529945
conditional-fit-0080,axis2_legal,1096,0.15083404135714493
conditional-fit-0080,axis2_legal,1097,0.02033746701681849
conditional-fit-0080,axis2_legal,1098,0.004595772741141968
conditional-fit-0080,axis2_legal,1099,0.03580093648146617
conditional-fit-0080,axis2_legal,1100,0.009791748259080746
conditional-fit-0080,axis2_legal,1101,0.0018909816943787705
conditional-fit-0080,axis2_legal,1102,0.03449428849228371
conditional-fit-0080,axis2_legal,1103,0.06314329162470672
conditional-fit-0080,axis2_legal,1104,0.125850841458088
conditional-fit-0080,axis2_legal,1105,0.005273462342851382
conditional-fit-0080,axis2_legal,1106,0.07357434248662177
conditional-fit-0080,axis2_legal,1107,4.331413526810133e-05
conditional-fit-0080,axis2_legal,1108,0.0052591673223900855
conditional-fit-0080,axis2_legal,1109,0.027147472489689076
conditional-fit-0080,axis2_legal,1110,0.007071958918527518
conditional-fit-0080,axis2_legal,1111,5.748278768146559e-05
conditional-fit-0080,axis2_legal,1112,0.005927968619985006
conditional-fit-0080,axis2_legal,1113,0.03565725977359317
conditional-fit-0080,axis2_legal,1114,0.05935372858822474
conditional-fit-0080,axis2_legal,1115,0.1824860625755959
conditional-fit-0080,axis2_legal,1116,0.010485082572638197
conditional-fit-0080,axis2_legal,1117,0.03736116877405709
conditional-fit-0080,axis2_legal,1118,0.009121531623367193
conditional-fit-0080,axis2_legal,1119,0.01743813227031779
conditional-fit-0080,axis2_legal,1120,0.000887321413734529
conditional-fit-0080,axis2_legal,1121,0.02361066929285658
conditional-fit-0080,axis2_legal,1122,0.04385370961290354
conditional-fit-0080,axis2_legal,1123,0.0795375306177093
conditional-fit-0080,axis2_legal,1124,0.04526883693861566
conditional-fit-0080,axis2_legal,1125,0.003116009142127247
conditional-fit-0080,axis2_legal,1126,0.00784332614120644
conditional-fit-0080,axis2_legal,1127,0.03543450833694798
conditional-fit-0080,axis2_legal,1128,0.0024623905025699788
conditional-fit-0080,axis2_legal,1129,0.003859391978884082
conditional-fit-0080,axis2_legal,1130,0.048160945464793846
conditional-fit-0080,axis2_legal,1131,0.038758439179385096
conditional-fit-0080,axis2_legal,1132,0.02025325333939026
conditional-fit-0080,axis2_legal,1133,0.056110111749969424
conditional-fit-0080,axis2_legal,1134,0.037213917540472
conditional-fit-0080,axis2_legal,1135,0.08202708381130332
conditional-fit-0080,axis2_legal,1136,0.2562415604120487
conditional-fit-0080,axis2_legal,1137,0.005398011161390701
conditional-fit-0080,axis2_legal,1138,0.035021279332572916
conditional-fit-0080,axis2_legal,1139,0.00296378624155884
conditional-fit-0080,axis2_legal,1140,0.08361309217515604
conditional-fit-0080,axis2_legal,1141,0.0007601391142684281
conditional-fit-0080,axis2_legal,1142,0.07643266147558585
conditional-fit-0080,axis2_legal,1143,0.02265685899294951
conditional-fit-0080,axis2_legal,1144,0.04208889286464375
conditional-fit-0080,axis2_legal,1145,0.012250202895039745
conditional-fit-0080,axis2_legal,1146,0.025433057767298733
conditional-fit-0080,axis2_legal,1147,0.07548857455480855
conditional-fit-0080,axis2_legal,1148,0.014757865404070446
conditional-fit-0080,axis2_legal,1149,0.07914189528355892
conditional-fit-0080,axis2_legal,1150,0.0268596579338276
conditional-fit-0080,axis2_legal,1151,0.0236539833199106
conditional-fit-0080,axis2_legal,1152,0.02515324479276261
conditional-fit-0080,axis2_legal,1153,0.09489226441488417
conditional-fit-0080,axis2_legal,1154,0.07459888743550949
conditional-fit-0080,axis2_legal,1155,0.011370771307913623
conditional-fit-0080,axis2_legal,1156,0.04334645283990356
conditional-fit-0080,axis2_legal,1157,0.052173113927656126
conditional-fit-0080,axis2_legal,1158,0.10942749138335707
conditional-fit-0080,axis2_legal,1159,0.031053018053419087
conditional-fit-0080,axis2_legal,1160,0.00028174469183775256
conditional-fit-0080,axis2_legal,1161,0.08213158609754675
conditional-fit-0080,axis2_legal,1162,0.00876222374907029
conditional-fit-0080,axis2_legal,1163,0.004333732504111149
conditional-fit-0080,axis2_legal,1164,0.002897011430585783
conditional-fit-0080,axis2_legal,1165,0.013684425228075005
conditional-fit-0080,axis2_legal,1166,0.00317579802705009
conditional-fit-0080,axis2_legal,1167,0.08300820745710853
conditional-fit-0080,axis2_legal,1168,0.01755221566542706
conditional-fit-0080,axis2_legal,1169,0.03755827731852586
conditional-fit-0080,axis2_legal,1170,0.03486337167992153
conditional-fit-0080,axis2_legal,1171,0.04626611880982072
conditional-fit-0080,axis2_legal,1172,0.11398878604629034
conditional-fit-0080,axis2_legal,1173,0.02989174189388469
conditional-fit-0080,axis2_legal,1174,0.02697920026072546
conditional-fit-0080,axis2_legal,1175,0.023178109363170888
conditional-fit-0080,axis2_legal,1176,0.008360125543251426
conditional-fit-0080,axis2_legal,1177,0.03508148827768067
conditional-fit-0080,axis2_legal,1178,0.023700246389291763
conditional-fit-0080,axis2_legal,1179,0.013395335442154335
conditional-fit-0080,axis2_legal,1180,0.00149831889967322
conditional-fit-0080,axis2_legal,1181,0.004869635999430902
conditional-fit-0080,axis2_legal,1182,0.0058080089039106615
conditional-fit-0080,axis2_legal,1183,0.07458786890950803
conditional-fit-0080,axis2_legal,1184,0.024048511325056164
conditional-fit-0080,axis2_legal,1185,0.001331111717026809
conditional-fit-0080,axis2_legal,1186,0.024293026123062403
conditional-fit-0080,axis2_legal,1187,0.012188810175911908
conditional-fit-0080,axis2_legal,1188,0.0812077735848479
conditional-fit-0080,axis2_legal,1189,0.045808345464775684
conditional-fit-0080,axis2_legal,1190,0.8259306265112658
conditional-fit-0080,axis2_legal,1191,0.0005055539492998022
conditional-fit-0080,axis2_legal,1192,0.13591691435836434
conditional-fit-0080,axis2_legal,1193,0.02420475939736315
conditional-fit-0080,axis2_legal,1194,0.03679557576551713
conditional-fit-0080,axis2_legal,1195,0.050431607718684435
conditional-fit-0080,axis2_legal,1196,0.021544891684076306
conditional-fit-0080,axis2_legal,1197,0.02912078846717946
conditional-fit-0080,axis2_legal,1198,0.031107829456492417
conditional-fit-0080,axis2_legal,1199,0.013652778369233225
conditional-fit-0080,axis2_legal,1200,0.02060163583871194
conditional-fit-0080,axis2_legal,1201,0.040632994846206485
conditional-fit-0080,axis2_legal,1202,0.04104109204632006
conditional-fit-0080,axis2_legal,1203,0.0488618317751185
conditional-fit-0080,axis2_legal,1204,0.0006360557185819396
conditional-fit-0080,axis2_legal,1205,0.03570267619025304
conditional-fit-0080,axis2_legal,1206,0.0634467326907441
conditional-fit-0080,axis2_legal,1207,0.03353608855627569
conditional-fit-0080,axis2_legal,1208,0.015167002990731888
conditional-fit-0080,axis2_legal,1209,0.02389253024499244
conditional-fit-0080,axis2_legal,1210,0.016840292385031097
conditional-fit-0080,axis2_legal,1211,0.007016983046715665
conditional-fit-0080,axis2_legal,1212,0.014328950889670447
conditional-fit-0080,axis2_legal,1213,0.024127116830590024
conditional-fit-0080,axis2_legal,1214,0.00037980383686494123
conditional-fit-0080,axis2_legal,1215,0.018761855210283625
conditional-fit-0080,axis2_legal,1216,0.00042820944161795806
conditional-fit-0080,axis2_legal,1217,0.01829910447645509
conditional-fit-0080,axis2_legal,1218,0.018613447469482805
conditional-fit-0080,axis2_legal,1219,0.025137387153981474
conditional-fit-0080,axis2_legal,1220,0.002503553032211836
conditional-fit-0080,axis2_legal,1221,0.0002623575201230381
conditional-fit-0080,axis2_legal,1222,0.06741961108025803
conditional-fit-0080,axis2_legal,1223,0.04897640908736033
conditional-fit-0080,axis2_legal,1224,0.029407253381105815
conditional-fit-0080,axis2_legal,1225,0.00046695091389586403
conditional-fit-0080,axis2_legal,1226,0.005198121388648162
conditional-fit-0080,axis2_legal,1227,0.017592818742544286
conditional-fit-0080,axis2_legal,1228,0.06955938254070351
conditional-fit-0080,axis2_legal,1229,0.013514884060537389
conditional-fit-0080,axis2_legal,1230,0.05894623284323338
conditional-fit-0080,axis2_legal,1231,0.002549998303581646
conditional-fit-0080,axis2_legal,1232,0.006760992446189894
conditional-fit-0080,axis2_legal,1233,0.05163616662322731
conditional-fit-0080,axis2_legal,1234,0.027368034559309196
conditional-fit-0080,axis2_legal,1235,0.06278164236743065
conditional-fit-0080,axis2_legal,1236,0.007794785373538313
conditional-fit-0080,axis2_legal,1237,0.009345373059255837
conditional-fit-0080,axis2_legal,1238,0.006218513686680387
conditional-fit-0080,axis2_legal,1239,0.001860287150260969
conditional-fit-0080,axis2_legal,1240,0.0009607473780440701
conditional-fit-0080,axis2_legal,1241,0.005282566144388859
conditional-fit-0080,axis2_legal,1242,0.006391133355836283
conditional-fit-0080,axis2_legal,1243,0.00998099176098825
conditional-fit-0080,axis2_legal,1244,0.05987777383892985
conditional-fit-0080,axis2_legal,1245,0.010959484223141629
conditional-fit-0080,axis2_legal,1246,0.010029108769303366
conditional-fit-0080,axis2_legal,1247,0.000220661717881009
conditional-fit-0080,axis2_legal,1248,0.03754123403218715
conditional-fit-0080,axis2_legal,1249,0.007121278548350429
conditional-fit-0080,axis2_legal,1250,0.007834372349886702
conditional-fit-0080,axis2_legal,1251,0.05387672173645492
conditional-fit-0080,axis2_legal,1252,0.00011888708192045485
conditional-fit-0080,axis2_legal,1253,0.016454166255336147
conditional-fit-0080,axis2_legal,1254,0.08826177298014522
conditional-fit-0080,axis2_legal,1255,0.0917754033707089
conditional-fit-0080,axis2_legal,1256,0.1738116605014959
conditional-fit-0080,axis2_legal,1257,0.02884916243248631
conditional-fit-0080,axis2_legal,1258,0.008072693072803835
conditional-fit-0080,axis2_legal,1259,0.026245753112079693
conditional-fit-0080,axis2_legal,1260,0.016290152149323382
conditional-fit-0080,axis2_legal,1261,0.0006651726180500187
conditional-fit-0080,axis2_legal,1262,0.06854926795562714
conditional-fit-0080,axis2_legal,1263,0.2514173993329549
conditional-fit-0080,axis2_legal,1264,0.00443248963309063
conditional-fit-0080,axis2_legal,1265,0.006842513050509891
conditional-fit-0080,axis2_legal,1266,0.051332896387183746
conditional-fit-0080,axis2_legal,1267,0.03860190337054123
conditional-fit-0080,axis2_legal,1268,0.017308378100373854
conditional-fit-0080,axis2_legal,1269,0.0161254013723542
conditional-fit-0080,axis2_legal,1270,0.00018437878821707295
conditional-fit-0080,axis2_legal,1271,0.007860174711107407
conditional-fit-0080,axis2_legal,1272,0.04956076805587149
conditional-fit-0080,axis2_legal,1273,0.18111953469386383
conditional-fit-0080,axis2_legal,1274,0.0009856690955819011
conditional-fit-0080,axis2_legal,1275,0.04319826608993531
conditional-fit-0080,axis2_legal,1276,0.011867150923514464
conditional-fit-0080,axis2_legal,1277,0.014541107824599928
conditional-fit-0080,axis2_legal,1278,0.020478280641506103
conditional-fit-0080,axis2_legal,1279,0.020568910625629714
conditional-fit-0080,axis2_legal,1280,0.0573353275197763
conditional-fit-0080,axis2_legal,1281,0.024147109549834487
conditional-fit-0080,axis2_legal,1282,0.014251001286726139
conditional-fit-0080,axis2_legal,1283,0.005460602982513343
conditional-fit-0080,axis2_legal,1284,0.04742239714725464
conditional-fit-0080,axis2_legal,1285,0.051941110669325094
conditional-fit-0080,axis2_legal,1286,0.017569171675734224
conditional-fit-0080,axis2_legal,1287,0.0003673356907974066
conditional-fit-0080,axis2_legal,1288,0.05710520642421208
conditional-fit-0080,axis2_legal,1289,0.16147118628661053
conditional-fit-0080,axis2_legal,1290,0.00041254582458401424
conditional-fit-0080,axis2_legal,1291,0.0017354746810691478
conditional-fit-0080,axis2_legal,1292,0.040156918990552876
conditional-fit-0080,axis2_legal,1293,0.0014154026251677215
conditional-fit-0080,axis2_legal,1294,0.03515649928007223
conditional-fit-0080,axis2_legal,1295,0.010374963293803427
conditional-fit-0080,axis2_legal,1296,0.010712681279939393
conditional-fit-0080,axis2_legal,1297,0.006408287630879117
conditional-fit-0080,axis2_legal,1298,0.010886040115656928
conditional-fit-0080,axis2_legal,1299,0.01181885340173799
conditional-fit-0080,axis2_legal,1300,0.011916899474146841
conditional-fit-0080,axis2_legal,1301,0.0031238401579673325
conditional-fit-0080,axis2_legal,1302,0.0008308110622603365
conditional-fit-0080,axis2_legal,1303,0.007347023211465623
conditional-fit-0080,axis2_legal,1304,0.00022070882039759146
conditional-fit-0080,axis2_legal,1305,0.008882064277499232
conditional-fit-0080,axis2_legal,1306,0.0009214558881814406
conditional-fit-0080,axis2_legal,1307,0.006893269551449107
conditional-fit-0080,axis2_legal,1308,0.0010033035188578736
conditional-fit-0080,axis2_legal,1309,0.0006721787619670792
conditional-fit-0080,axis2_legal,1310,0.0012379602892046784
conditional-fit-0080,axis2_legal,1311,0.0005341523753345789
conditional-fit-0080,axis2_legal,1312,0.0014672239317926553
conditional-fit-0080,axis2_legal,1313,0.020390933356137262
conditional-fit-0080,axis2_legal,1314,0.015083827116082516
conditional-fit-0080,axis2_legal,1315,0.0006608152752803022
conditional-fit-0080,axis2_legal,1316,0.008547213306344332
conditional-fit-0080,axis2_legal,1317,0.022199810663888157
conditional-fit-0080,axis2_legal,1318,0.03851455264466393
conditional-fit-0080,axis2_legal,1319,0.07860132207232755
conditional-fit-0080,axis2_legal,1320,0.007555937565934966
conditional-fit-0080,axis2_legal,1321,0.031854097366874466
conditional-fit-0080,axis2_legal,1322,0.015618182275547962
conditional-fit-0080,axis2_legal,1323,0.0035820571792420305
conditional-fit-0080,axis2_legal,1324,0.007335235334418287
conditional-fit-0080,axis2_legal,1325,0.022599953019542936
conditional-fit-0080,axis2_legal,1326,0.003797514945813043
conditional-fit-0080,axis2_legal,1327,4.195391634239713e-05
conditional-fit-0080,axis2_legal,1328,0.009607167951835593
conditional-fit-0080,axis2_legal,1329,0.0009660223356976133
conditional-fit-0080,axis2_legal,1330,0.0013222846776320268
conditional-fit-0080,axis2_legal,1331,0.0011836356644035467
conditional-fit-0080,axis2_legal,1332,0.0023823559393771096
conditional-fit-0080,axis2_legal,1333,0.000434142455992387
conditional-fit-0080,axis2_legal,1334,0.025813716311596402
conditional-fit-0080,axis2_legal,1335,0.020968407704462663
conditional-fit-0080,axis2_legal,1336,0.027050388546324394
conditional-fit-0080,axis2_legal,1337,0.0008374762842514487
conditional-fit-0080,axis2_legal,1338,0.026221701871194707
conditional-fit-0080,axis2_legal,1339,0.021301046053641314
conditional-fit-0080,axis2_legal,1340,0.014232128559511247
conditional-fit-0080,axis2_legal,1341,0.030293614531092673
conditional-fit-0080,axis2_legal,1342,0.053234263680474056
conditional-fit-0080,axis2_legal,1343,0.05566204215346787
conditional-fit-0080,axis2_legal,1344,0.06574130544894949
conditional-fit-0080,axis2_legal,1345,0.00723047898897046
conditional-fit-0080,axis2_legal,1346,0.015378970851652574
conditional-fit-0080,axis2_legal,1347,0.0037348348697921604
conditional-fit-0080,axis2_legal,1348,0.05825067279556817
conditional-fit-0080,axis2_legal,1349,0.03783442431143143
conditional-fit-0080,axis2_legal,1350,0.00118967747018729
conditional-fit-0080,axis2_legal,1351,0.07979080808328938
conditional-fit-0080,axis2_legal,1352,0.020635778384882487
conditional-fit-0080,axis2_legal,1353,0.00024188635620706972
conditional-fit-0080,axis2_legal,1354,0.00013588068531664404
conditional-fit-0080,axis2_legal,1355,0.0005353093384731916
conditional-fit-0080,axis2_legal,1356,0.00047756882308989284
conditional-fit-0080,axis2_legal,1357,6.807228751304619e-05
conditional-fit-0080,axis2_legal,1358,0.02094802262718465
conditional-fit-0080,axis2_legal,1359,1.15106080453347
conditional-fit-0080,axis2_legal,1360,0.4418222085196451
conditional-fit-0080,axis2_legal,1361,0.015099079994671444
conditional-fit-0080,axis2_legal,1362,0.00012767454923108887
conditional-fit-0080,axis2_legal,1363,0.04262232919962161
conditional-fit-0080,axis2_legal,1364,0.0023401514086462314
conditional-fit-0080,axis2_legal,1365,0.0014793081808612892
conditional-fit-0080,axis2_legal,1366,0.00021336377992622058
conditional-fit-0080,axis2_legal,1367,0.0010312260888909455
conditional-fit-0080,axis2_legal,1368,0.00309708004541185
conditional-fit-0080,axis2_legal,1369,0.015126308952155791
conditional-fit-0080,axis2_legal,1370,0.0015410450270618222
conditional-fit-0080,axis2_legal,1371,0.006690050080905535
conditional-fit-0080,axis2_legal,1372,0.0063827901927884095
conditional-fit-0080,axis2_legal,1373,0.028011716376138293
conditional-fit-0080,axis2_legal,1374,0.0008333804021819265
conditional-fit-0080,axis2_legal,1375,0.07006386356946358
conditional-fit-0080,axis2_legal,1376,0.0019470100389944046
conditional-fit-0080,axis2_legal,1377,0.0003488767899246753
conditional-fit-0080,axis2_legal,1378,0.0005262806387007922
conditional-fit-0080,axis2_legal,1379,0.04115838441430486
conditional-fit-0080,axis2_legal,1380,0.11576400471691822
conditional-fit-0080,axis2_legal,1381,0.0005843140940742151
conditional-fit-0080,axis2_legal,1382,0.008899823249216152
conditional-fit-0080,axis2_legal,1383,0.012964138241696769
conditional-fit-0080,axis2_legal,1384,0.007933844299233536
conditional-fit-0080,axis2_legal,1385,0.0001758418648458419
conditional-fit-0080,axis2_legal,1386,4.5888622216005314e-05
conditional-fit-0080,axis2_legal,1387,0.004492201530376662
conditional-fit-0080,axis2_legal,1388,0.0006903108523306264
conditional-fit-0080,axis2_legal,1389,0.00013356105898074553
conditional-fit-0080,axis2_legal,1390,0.0005447627572223809
conditional-fit-0080,axis2_legal,1391,0.0002105563273136729
conditional-fit-0080,axis2_legal,1392,0.0001883608627456351
conditional-fit-0080,axis2_legal,1393,0.0005020168708758423
conditional-fit-0080,axis2_legal,1394,0.00012040136696226415
conditional-fit-0080,axis2_legal,1395,0.002759221383371392
conditional-fit-0080,axis2_legal,1396,0.019613237701263327
conditional-fit-0080,axis2_legal,1397,0.0001903394880547896
conditional-fit-0080,axis2_legal,1398,1.7564001523491138e-05
conditional-fit-0080,axis2_legal,1399,3.1131119985964114e-05
conditional-fit-0080,axis2_legal,1400,0.02206536436961707
conditional-fit-0080,axis2_legal,1401,0.0016366018417887497
conditional-fit-0080,axis2_legal,1402,5.492140017989761e-05
conditional-fit-0080,axis2_legal,1403,0.0001310494501431407
conditional-fit-0080,axis2_legal,1404,0.0008591028910925299
conditional-fit-0080,axis2_legal,1405,0.0010783143758869912
conditional-fit-0080,axis2_legal,1406,0.0005487004713161903
conditional-fit-0080,axis2_legal,1407,0.0038383334737800423
conditional-fit-0080,axis2_legal,1408,0.009066167692713779
conditional-fit-0080,axis2_legal,1409,0.02187487864892582
conditional-fit-0080,axis2_legal,1410,0.013768069597893104
conditional-fit-0080,axis2_legal,1411,0.017630697281357077
conditional-fit-0080,axis2_legal,1412,0.02143488211216628
conditional-fit-0080,axis2_legal,1413,0.003825311395541864
conditional-fit-0080,axis2_legal,1414,0.019070312535633988
conditional-fit-0080,axis2_legal,1415,0.14921139721586738
conditional-fit-0080,axis2_legal,1416,0.0009652051048511702
conditional-fit-0080,axis2_legal,1417,1.9155133506613488e-05
conditional-fit-0080,axis2_legal,1418,0.0014016872633608951
conditional-fit-0080,axis2_legal,1419,0.003262165001824576
conditional-fit-0080,axis2_legal,1420,0.001753830405762402
conditional-fit-0080,axis2_legal,1421,0.0009803453672505682
conditional-fit-0080,axis2_legal,1422,0.008999394315252006
conditional-fit-0080,axis2_legal,1423,0.0032366318185808873
conditional-fit-0080,axis2_legal,1424,0.019411039278311046
conditional-fit-0080,axis2_legal,1425,0.0015746899338230506
conditional-fit-0080,axis2_legal,1426,0.00968025285468469
conditional-fit-0080,axis2_legal,1427,0.024087990257923804
conditional-fit-0080,axis2_legal,1428,0.0002832712498699997
conditional-fit-0080,axis2_legal,1429,0.0011856455564185232
conditional-fit-0080,axis2_legal,1430,0.0008323143652278651
conditional-fit-0080,axis2_legal,1431,0.006202561833871134
conditional-fit-0080,axis2_legal,1432,0.0048556808773991544
conditional-fit-0080,axis2_legal,1433,0.0027760491189768137
conditional-fit-0080,axis2_legal,1434,0.0024769278714757317
conditional-fit-0080,axis2_legal,1435,0.003200795845557593
conditional-fit-0080,axis2_legal,1436,0.0002898096579613855
conditional-fit-0080,axis2_legal,1437,0.008914620556051876
conditional-fit-0080,axis2_legal,1438,0.017857966911737393
conditional-fit-0080,axis2_legal,1439,0.03233310266262817
conditional-fit-0080,axis2_legal,1440,0.004613469426690737
conditional-fit-0080,axis2_legal,1441,0.004130886494885447
conditional-fit-0080,axis2_legal,1442,0.0006043230195537884
conditional-fit-0080,axis2_legal,1443,0.018829925138848326
conditional-fit-0080,axis2_legal,1444,0.03345358889260654
conditional-fit-0080,axis2_legal,1445,0.045682955974549994
conditional-fit-0080,axis2_legal,1446,0.02050901045581085
conditional-fit-0080,axis2_legal,1447,0.032232377483437435
conditional-fit-0080,axis2_legal,1448,0.02398086281511168
conditional-fit-0080,axis2_legal,1449,0.053551057289674735
conditional-fit-0080,axis2_legal,1450,0.01659600022958465
conditional-fit-0080,axis2_legal,1451,0.01249092622186896
conditional-fit-0080,axis2_legal,1452,0.007983248872527417
conditional-fit-0080,axis2_legal,1453,0.00025233699062230503
conditional-fit-0080,axis2_legal,1454,0.01770185679605702
conditional-fit-0080,axis2_legal,1455,0.04560720380055168
conditional-fit-0080,axis2_legal,1456,0.082844974769191
conditional-fit-0080,axis2_legal,1457,0.006447379708940855
conditional-fit-0080,axis2_legal,1458,0.044779233446219924
conditional-fit-0080,axis2_legal,1459,0.03633466356886662
conditional-fit-0080,axis2_legal,1460,0.013571544453481733
conditional-fit-0080,axis2_legal,1461,0.0011789590077198077
conditional-fit-0080,axis2_legal,1462,2.858759683919434e-05
conditional-fit-0080,axis2_legal,1463,0.0005328153335396004
conditional-fit-0080,axis2_legal,1464,0.00020032515564270034
conditional-fit-0080,axis2_legal,1465,0.016554234200926544
conditional-fit-0080,axis2_legal,1466,0.00011582803676007093
conditional-fit-0080,axis2_legal,1467,3.349859821894583
conditional-fit-0080,axis2_legal,1468,2.8632305559325504
conditional-fit-0080,axis2_legal,1469,0.0023592889218717987
conditional-fit-0080,axis2_legal,1470,0.021048052970733408
conditional-fit-0080,axis2_legal,1471,0.0076088873036106956
conditional-fit-0080,axis2_legal,1472,0.08599442199673714
conditional-fit-0080,axis2_legal,1473,0.00023907143274112957
conditional-fit-0080,axis2_legal,1474,0.01757442527697474
conditional-fit-0080,axis2_legal,1475,9.94402920662521e-05
conditional-fit-0080,axis2_legal,1476,0.0009659033780412603
conditional-fit-0080,axis2_legal,1477,8.296136066568636e-05
conditional-fit-0080,axis2_legal,1478,0.00012416488480267634
conditional-fit-0080,axis2_legal,1479,0.004699791888147048
conditional-fit-0080,axis2_legal,1480,0.00042331895051333146
conditional-fit-0080,axis2_legal,1481,0.0012505289603411312
conditional-fit-0080,axis2_legal,1482,9.953317400719446e-05
conditional-fit-0080,axis2_legal,1483,0.00020154301112215365
conditional-fit-0080,axis2_legal,1484,1.403817216404764e-05
conditional-fit-0080,axis2_legal,1485,0.00017016510201688713
conditional-fit-0080,axis2_legal,1486,0.0038179848477976723
conditional-fit-0080,axis2_legal,1487,0.006129544836565851
conditional-fit-0080,axis2_legal,1488,0.016133675678035544
conditional-fit-0080,axis2_legal,1489,0.08707032290373676
conditional-fit-0080,axis2_legal,1490,0.003584001772577297
conditional-fit-0080,axis2_legal,1491,0.00021452693641012082
conditional-fit-0080,axis2_legal,1492,0.0214681730419131
conditional-fit-0080,axis2_legal,1493,0.020532747090624262
conditional-fit-0080,axis2_legal,1494,0.008749960791141499
conditional-fit-0080,axis2_legal,1495,0.010529486856722413
conditional-fit-0080,axis2_legal,1496,0.0173064443161172
conditional-fit-0080,axis2_legal,1497,0.04986182017662992
conditional-fit-0080,axis2_legal,1498,0.03900219786032107
conditional-fit-0080,axis2_legal,1499,0.01078586439841738
conditional-fit-0080,axis2_legal,1500,0.0039191966942006785
conditional-fit-0080,axis2_legal,1501,0.01798216582532805
conditional-fit-0080,axis2_legal,1502,0.007165220661258612
conditional-fit-0080,axis2_legal,1503,0.009257400289244452
conditional-fit-0080,axis2_legal,1504,0.007216871778135226
conditional-fit-0080,axis2_legal,1505,0.011561861809164797
conditional-fit-0080,axis2_legal,1506,0.012723860096704197
conditional-fit-0080,axis2_legal,1507,0.009793993108050696
conditional-fit-0080,axis2_legal,1508,0.0013556215652029172
conditional-fit-0080,axis2_legal,1509,0.015815932157291098
conditional-fit-0080,axis2_legal,1510,0.04278197465790302
conditional-fit-0080,axis2_legal,1511,0.0030936795180318607
conditional-fit-0080,axis2_legal,1512,0.03831494201639134
conditional-fit-0080,axis2_legal,1513,0.007034263790331256
conditional-fit-0080,axis2_legal,1514,6.688728019458325e-05
conditional-fit-0080,axis2_legal,1515,0.06481996574674324
conditional-fit-0080,axis2_legal,1516,0.25647900298658866
conditional-fit-0080,axis2_legal,1517,0.0004198780265035607
conditional-fit-0080,axis2_legal,1518,0.00869480671161535
conditional-fit-0080,axis2_legal,1519,0.00017243188417141362
conditional-fit-0080,axis2_legal,1520,0.001546518141768338
conditional-fit-0080,axis2_legal,1521,0.0018758553868145566
conditional-fit-0080,axis2_legal,1522,0.0005548525369873368
conditional-fit-0080,axis2_legal,1523,0.0009234344285131227
conditional-fit-0080,axis2_legal,1524,0.005226581665959572
conditional-fit-0080,axis2_legal,1525,0.0011296730063577866
conditional-fit-0080,axis2_legal,1526,0.0003120123170080497
conditional-fit-0080,axis2_legal,1527,0.002479750024776603
conditional-fit-0080,axis2_legal,1528,8.653454434875475e-05
conditional-fit-0080,axis2_legal,1529,8.152499252308641e-05
conditional-fit-0080,axis2_legal,1530,0.0006706670397062388
conditional-fit-0080,axis2_legal,1531,0.0013498484458996335
conditional-fit-0080,axis2_legal,1532,0.00010752652283143656
conditional-fit-0080,axis2_legal,1533,0.11548841953971813
conditional-fit-0080,axis2_legal,1534,0.17515585039225728
conditional-fit-0080,axis2_legal,1535,0.0006527838405475932
conditional-fit-0080,axis2_legal,1536,0.00016439199543190065
conditional-fit-0080,axis2_legal,1537,0.0003193092964270213
conditional-fit-0080,axis2_legal,1538,0.0010368480800171632
conditional-fit-0080,axis2_legal,1539,0.000746805381005168
conditional-fit-0080,axis2_legal,1540,0.00015490044706211272
conditional-fit-0080,axis2_legal,1541,0.010072513191002955
conditional-fit-0080,axis2_legal,1542,0.0014581356106796832
conditional-fit-0080,axis2_legal,1543,0.014229068864993533
conditional-fit-0080,axis2_legal,1544,0.00016319948297929457
conditional-fit-0080,axis2_legal,1545,0.012945441595811279
conditional-fit-0080,axis2_legal,1546,0.014002171868165634
conditional-fit-0080,axis2_legal,1547,0.036501033026117444
conditional-fit-0080,axis2_legal,1548,0.0008636706926689881
conditional-fit-0080,axis2_legal,1549,0.0010799024078127716
conditional-fit-0080,axis2_legal,1550,0.013405095004863456
conditional-fit-0080,axis2_legal,1551,0.003912489084363252
conditional-fit-0080,axis2_legal,1552,0.0328357730431929
conditional-fit-0080,axis2_legal,1553,0.030813910088708756
conditional-fit-0080,axis2_legal,1554,0.046441276308485574
conditional-fit-0080,axis2_legal,1555,0.019487813892848878
conditional-fit-0080,axis2_legal,1556,0.014466520434018708
conditional-fit-0080,axis2_legal,1557,0.019173966758478617
conditional-fit-0080,axis2_legal,1558,0.02855351809112889
conditional-fit-0080,axis2_legal,1559,0.010162083356349027
conditional-fit-0080,axis2_legal,1560,0.0005502432883387254
conditional-fit-0080,axis2_legal,1561,0.0023488676594984846
conditional-fit-0080,axis2_legal,1562,0.01624848477211927
conditional-fit-0080,axis2_legal,1563,0.033870641184951575
conditional-fit-0080,axis2_legal,1564,0.03396292441800224
conditional-fit-0080,axis2_legal,1565,0.007682381101684974
conditional-fit-0080,axis2_legal,1566,0.03299604585262219
conditional-fit-0080,axis2_legal,1567,0.06982472601605716
conditional-fit-0080,axis2_legal,1568,0.001194761253145876
conditional-fit-0080,axis2_legal,1569,0.052581918482984775
conditional-fit-0080,axis2_legal,1570,0.04720235343912907
conditional-fit-0080,axis2_legal,1571,0.031204161553198183
conditional-fit-0080,axis2_legal,1572,0.002095146428800246
conditional-fit-0080,axis2_legal,1573,0.009361186518609215
conditional-fit-0080,axis2_legal,1574,0.01000349345503225
conditional-fit-0080,axis2_legal,1575,0.03415440781760316
conditional-fit-0080,axis2_legal,1576,0.0013459718054536006
conditional-fit-0080,axis2_legal,1577,0.004733985887634771
conditional-fit-0080,axis2_legal,1578,0.02998015394469756
conditional-fit-0080,axis2_legal,1579,0.014078930855804365
conditional-fit-0080,axis2_legal,1580,0.01922784683265976
conditional-fit-0080,axis2_legal,1581,0.0002256660069143685
conditional-fit-0080,axis2_legal,1582,0.01209821825810628
conditional-fit-0080,axis2_legal,1583,0.029765909387194957
conditional-fit-0080,axis2_legal,1584,0.023819728795844246
conditional-fit-0080,axis2_legal,1585,0.0031203795458451186
conditional-fit-0080,axis2_legal,1586,0.03517623788881584
conditional-fit-0080,axis2_legal,1587,0.010373807837920504
conditional-fit-0080,axis2_legal,1588,0.018873589778781914
conditional-fit-0080,axis2_legal,1589,0.0016500977462419533
conditional-fit-0080,axis2_legal,1590,0.030499278837080302
conditional-fit-0080,axis2_legal,1591,0.02302938166811825
conditional-fit-0080,axis2_legal,1592,0.04070709443722907
conditional-fit-0080,axis2_legal,1593,0.0056898128229698345
conditional-fit-0080,axis2_legal,1594,0.007354276178605252
conditional-fit-0080,axis2_legal,1595,0.011458810350065234
conditional-fit-0080,axis2_legal,1596,0.00030989744624241027
conditional-fit-0080,axis2_legal,1597,0.053574059942841076
conditional-fit-0080,axis2_legal,1598,0.05598598643108389
conditional-fit-0080,axis2_legal,1599,0.009278753167621744
conditional-fit-0080,axis2_legal,1600,0.03180573011472499
conditional-fit-0080,axis2_legal,1601,0.016319893012930936
conditional-fit-0080,axis2_legal,1602,0.06910570040960175
conditional-fit-0080,axis2_legal,1603,0.0249352113329689
conditional-fit-0080,axis2_legal,1604,0.017743440830966944
conditional-fit-0080,axis2_legal,1605,0.019287945419022214
conditional-fit-0080,axis2_legal,1606,0.015013141681818583
conditional-fit-0080,axis2_legal,1607,0.0015512511479246701
conditional-fit-0080,axis2_legal,1608,0.040213886366497295
conditional-fit-0080,axis2_legal,1609,0.000533561036587754
conditional-fit-0080,axis2_legal,1610,0.035118242200568764
conditional-fit-0080,axis2_legal,1611,0.012675854128584723
conditional-fit-0080,axis2_legal,1612,0.000216968509695948
conditional-fit-0080,axis2_legal,1613,0.02020139990506616
conditional-fit-0080,axis2_legal,1614,0.015859978166795387
conditional-fit-0080,axis2_legal,1615,0.07837245987979939
conditional-fit-0080,axis2_legal,1616,0.004082187030127489
conditional-fit-0080,axis2_legal,1617,0.010882088828213395
conditional-fit-0080,axis2_legal,1618,0.005433840245295204
conditional-fit-0080,axis2_legal,1619,0.005253071608822869
conditional-fit-0080,axis2_legal,1620,0.009109782826131983
conditional-fit-0080,axis2_legal,1621,0.03494589474642183
conditional-fit-0080,axis2_legal,1622,0.018785999531642193
conditional-fit-0080,axis2_legal,1623,0.039156908566826715
conditional-fit-0080,axis2_legal,1624,0.022502818931840213
conditional-fit-0080,axis2_legal,1625,0.0011865274041290425
conditional-fit-0080,axis2_legal,1626,0.029640675943497417
conditional-fit-0080,axis2_legal,1627,0.012804700424526493
conditional-fit-0080,axis2_legal,1628,0.027970260982110782
conditional-fit-0080,axis2_legal,1629,0.006054028124377105
conditional-fit-0080,axis2_legal,1630,0.03051663912158687
conditional-fit-0080,axis2_legal,1631,0.033882396858032904
conditional-fit-0080,axis2_legal,1632,0.030867060260761428
conditional-fit-0080,axis2_legal,1633,0.004165213511275339
conditional-fit-0080,axis2_legal,1634,0.048159477672641976
conditional-fit-0080,axis2_legal,1635,0.015073629469656978
conditional-fit-0080,axis2_legal,1636,0.00016300397758733936
conditional-fit-0080,axis2_legal,1637,0.0015857752600975683
conditional-fit-0080,axis2_legal,1638,0.01040104103737715
conditional-fit-0080,axis2_legal,1639,0.03002521637016952
conditional-fit-0080,axis2_legal,1640,0.006532676279207087
conditional-fit-0080,axis2_legal,1641,0.02838248678526005
conditional-fit-0080,axis2_legal,1642,0.05922428294880139
conditional-fit-0080,axis2_legal,1643,0.08518341678313632
conditional-fit-0080,axis2_legal,1644,0.0010996502495984931
conditional-fit-0080,axis2_legal,1645,0.10042872954312645
conditional-fit-0080,axis2_legal,1646,0.056156911068389936
conditional-fit-0080,axis2_legal,1647,0.05602978910080286
conditional-fit-0080,axis2_legal,1648,0.011543546390281885
conditional-fit-0080,axis2_legal,1649,0.00039685099078249194
conditional-fit-0080,axis2_legal,1650,0.050945593859555285
conditional-fit-0080,axis2_legal,1651,0.0694680886693517
conditional-fit-0080,axis2_legal,1652,0.035530670189895336
conditional-fit-0080,axis2_legal,1653,0.08127538939704923
conditional-fit-0080,axis2_legal,1654,0.11036567763934005
conditional-fit-0080,axis2_legal,1655,0.18934392927339058
conditional-fit-0080,axis2_legal,1656,0.08475371002735176
conditional-fit-0080,axis2_legal,1657,0.008602263787372225
conditional-fit-0080,axis2_legal,1658,0.000522734292203607
conditional-fit-0080,axis2_legal,1659,0.11186724126142335
conditional-fit-0080,axis2_legal,1660,0.07137889672547192
conditional-fit-0080,axis2_legal,1661,0.046687330740710103
conditional-fit-0080,axis2_legal,1662,0.17706141596918723
conditional-fit-0080,axis2_legal,1663,0.002052973236366994
conditional-fit-0080,axis2_legal,1664,0.07709692390617938
conditional-fit-0080,axis2_legal,1665,0.3625695358241943
conditional-fit-0080,axis2_legal,1666,0.32706013131418965
conditional-fit-0080,axis2_legal,1667,0.046482020565951646
conditional-fit-0080,axis2_legal,1668,0.1753738821463323
conditional-fit-0080,axis2_legal,1669,0.07299839843711818
conditional-fit-0080,axis2_legal,1670,0.05801845655325651
conditional-fit-0080,axis2_legal,1671,0.01823011404973192
conditional-fit-0080,axis2_legal,1672,0.13216043500668723
conditional-fit-0080,axis2_legal,1673,0.032985362341168084
conditional-fit-0080,axis2_legal,1674,0.03368702539437304
conditional-fit-0080,axis2_legal,1675,0.007184505399924048
conditional-fit-0080,axis2_legal,1676,0.03981050912293059
conditional-fit-0080,axis2_legal,1677,0.07020417535796909
conditional-fit-0080,axis2_legal,1678,0.003530033653893416
conditional-fit-0080,axis2_legal,1679,0.04175258032899393
conditional-fit-0080,axis2_legal,1680,0.028478343989505328
conditional-fit-0080,axis2_legal,1681,0.014132559380105679
conditional-fit-0080,axis2_legal,1682,0.007366462881023656
conditional-fit-0080,axis2_legal,1683,0.025943011182652367
conditional-fit-0080,axis2_legal,1684,0.03569888423906619
conditional-fit-0080,axis2_legal,1685,0.08287820502720951
conditional-fit-0080,axis2_legal,1686,0.048819716344475544
conditional-fit-0080,axis2_legal,1687,0.009697418607651505
conditional-fit-0080,axis2_legal,1688,0.03471223211065315
conditional-fit-0080,axis2_legal,1689,0.10045924907441098
conditional-fit-0080,axis2_legal,1690,0.0032110994814534602
conditional-fit-0080,axis2_legal,1691,0.025325458311259968
conditional-fit-0080,axis2_legal,1692,0.012819558600021156
conditional-fit-0080,axis2_legal,1693,0.015948510627454407
conditional-fit-0080,axis2_legal,1694,0.016968502210629406
conditional-fit-0080,axis2_legal,1695,0.044495724640776384
conditional-fit-0080,axis2_legal,1696,0.04560245104140766
conditional-fit-0080,axis2_legal,1697,0.021825627448755748
conditional-fit-0080,axis2_legal,1698,0.03875719526783009
conditional-fit-0080,axis2_legal,1699,0.15188255737589262
conditional-fit-0080,axis2_legal,1700,0.01114211069356175
conditional-fit-0080,axis2_legal,1701,0.029892444353360373
conditional-fit-0080,axis2_legal,1702,0.0488932350149133
conditional-fit-0080,axis2_legal,1703,0.03022352658096164
conditional-fit-0080,axis2_legal,1704,0.01941972573699617
conditional-fit-0080,axis2_legal,1705,0.020689082116757313
conditional-fit-0080,axis2_legal,1706,0.04433143887108984
conditional-fit-0080,axis2_legal,1707,0.3543119403523253
conditional-fit-0080,axis2_legal,1708,4.7764797493781176e-05
conditional-fit-0080,axis2_legal,1709,0.07644590236391006
conditional-fit-0080,axis2_legal,1710,0.07607997917836958
conditional-fit-0080,axis2_legal,1711,0.09419315697765121
conditional-fit-0080,axis2_legal,1712,0.02141121313847466
conditional-fit-0080,axis2_legal,1713,0.08896607329013438
conditional-fit-0080,axis2_legal,1714,0.22314156830241788
conditional-fit-0080,axis2_legal,1715,0.027922636402744137
conditional-fit-0080,axis2_legal,1716,0.04047968473894495
conditional-fit-0080,axis2_legal,1717,0.021421794930517598
conditional-fit-0080,axis2_legal,1718,0.04657183988174496
conditional-fit-0080,axis2_legal,1719,0.004235554723732153
conditional-fit-0080,axis2_legal,1720,0.06509662949301406
conditional-fit-0080,axis2_legal,1721,0.022620232512087675
conditional-fit-0080,axis2_legal,1722,0.0022061401901746157
conditional-fit-0080,axis2_legal,1723,0.0007906858498777743
conditional-fit-0080,axis2_legal,1724,0.09799482880172886
conditional-fit-0080,axis2_legal,1725,0.011938547583956377
conditional-fit-0080,axis2_legal,1726,0.013232194060994188
conditional-fit-0080,axis2_legal,1727,0.003228878460509675
conditional-fit-0080,axis2_legal,1728,0.09209838166122526
conditional-fit-0080,axis2_legal,1729,0.002958528477827565
conditional-fit-0080,axis2_legal,1730,0.04297750623874864
conditional-fit-0080,axis2_legal,1731,0.06643390362222197
conditional-fit-0080,axis2_legal,1732,0.02263645154473616
conditional-fit-0080,axis2_legal,1733,0.11776479249666646
conditional-fit-0080,axis2_legal,1734,0.10895727138767364
conditional-fit-0080,axis2_legal,1735,0.05079878969322921
conditional-fit-0080,axis2_legal,1736,0.055004213320364294
conditional-fit-0080,axis2_legal,1737,0.07186167531388948
conditional-fit-0080,axis2_legal,1738,0.10961762339520942
conditional-fit-0080,axis2_legal,1739,0.03404387762718768
conditional-fit-0080,axis2_legal,1740,0.08672563272478633
conditional-fit-0080,axis2_legal,1741,0.07293035011414516
conditional-fit-0080,axis2_legal,1742,0.04995341005421759
conditional-fit-0080,axis2_legal,1743,0.09292049203801317
conditional-fit-0080,axis2_legal,1744,0.04504469176489123
conditional-fit-0080,axis2_legal,1745,0.06205920189736104
conditional-fit-0080,axis2_legal,1746,0.0005572317896483773
conditional-fit-0080,axis2_legal,1747,0.05423459292768888
conditional-fit-0080,axis2_legal,1748,0.10380857620041627
conditional-fit-0080,axis2_legal,1749,0.07802975681307733
conditional-fit-0080,axis2_legal,1750,0.1251646508416192
conditional-fit-0080,axis2_legal,1751,0.05936674168491621
conditional-fit-0080,axis2_legal,1752,0.1489274350250449
conditional-fit-0080,axis2_legal,1753,0.17438289237794807
conditional-fit-0080,axis2_legal,1754,0.1347388262267028
conditional-fit-0080,axis2_legal,1755,0.04014924251142957
conditional-fit-0080,axis2_legal,1756,0.28987289711914394
conditional-fit-0080,axis2_legal,1757,0.2110666935206205
conditional-fit-0080,axis2_legal,1758,0.10502655968546368
conditional-fit-0080,axis2_legal,1759,0.06283419980005323
conditional-fit-0080,axis2_legal,1760,0.0012412568176514314
conditional-fit-0080,axis2_legal,1761,0.06020790530990028
conditional-fit-0080,axis2_legal,1762,0.26767863592117674
conditional-fit-0080,axis2_legal,1763,0.005362029002487522
conditional-fit-0080,axis2_legal,1764,0.009762627578582003
conditional-fit-0080,axis2_legal,1765,0.0005013799662371205
conditional-fit-0080,axis2_legal,1766,0.0010799351369439288
conditional-fit-0080,axis2_legal,1767,0.09725303482321035
conditional-fit-0080,axis2_legal,1768,0.13833118788262586
conditional-fit-0080,axis2_legal,1769,0.058701091780485784
conditional-fit-0080,axis2_legal,1770,0.0009854405017510341
conditional-fit-0080,axis2_legal,1771,0.05344480650878316
conditional-fit-0080,axis2_legal,1772,0.005233599151472843
conditional-fit-0080,axis2_legal,1773,0.0036090635130630643
conditional-fit-0080,axis2_legal,1774,0.008093524793689303
conditional-fit-0080,axis2_legal,1775,0.0308978755118586
conditional-fit-0080,axis2_legal,1776,0.0005090536716315394
conditional-fit-0080,axis2_legal,1777,0.00020691058513503484
conditional-fit-0080,axis2_legal,1778,0.07709231301757863
conditional-fit-0080,axis2_legal,1779,0.02923391924806522
conditional-fit-0080,axis2_legal,1780,0.056238286502829096
conditional-fit-0080,axis2_legal,1781,0.010926443645057802
conditional-fit-0080,axis2_legal,1782,0.08206066316388343
conditional-fit-0080,axis2_legal,1783,0.02309100045504682
conditional-fit-0080,axis2_legal,1784,0.026430987983000864
conditional-fit-0080,axis2_legal,1785,0.013297936828403335
conditional-fit-0080,axis2_legal,1786,0.023379312235039366
conditional-fit-0080,axis2_legal,1787,0.03651859895933236
conditional-fit-0080,axis2_legal,1788,0.004836923719763222
conditional-fit-0080,axis2_legal,1789,0.00761542093892401
conditional-fit-0080,axis2_legal,1790,0.10569869310915259
conditional-fit-0080,axis2_legal,1791,0.06495681585264415
conditional-fit-0080,axis2_legal,1792,0.02302641613479914
conditional-fit-0080,axis2_legal,1793,0.0037046241084608073
conditional-fit-0080,axis2_legal,1794,0.029694835711259138
conditional-fit-0080,axis2_legal,1795,0.0011892254332090406
conditional-fit-0080,axis2_legal,1796,0.0016992790305888007
conditional-fit-0080,axis2_legal,1797,0.01108119847771656
conditional-fit-0080,axis2_legal,1798,0.00837848040004429
conditional-fit-0080,axis2_legal,1799,0.006509591595372352
conditional-fit-0080,axis2_legal,1800,0.11120374235826413
conditional-fit-0080,axis2_legal,1801,0.031116354406782107
conditional-fit-0080,axis2_legal,1802,0.025759412878426396
conditional-fit-0080,axis2_legal,1803,0.047274755749312496
conditional-fit-0080,axis2_legal,1804,0.011577932257571592
conditional-fit-0080,axis2_legal,1805,0.00998317706945448
conditional-fit-0080,axis2_legal,1806,0.06145065096104527
conditional-fit-0080,axis2_legal,1807,0.02210496728236589
conditional-fit-0080,axis2_legal,1808,0.00016885154945773726
conditional-fit-0080,axis2_legal,1809,0.0003449126360499467
conditional-fit-0080,axis2_legal,1810,0.006975562547301434
conditional-fit-0080,axis2_legal,1811,0.1314377292911941
conditional-fit-0080,axis2_legal,1812,0.08066852358361346
conditional-fit-0080,axis2_legal,1813,0.02902522020348457
conditional-fit-0080,axis2_legal,1814,0.019292668316172608
conditional-fit-0080,axis2_legal,1815,0.007917436209254176
conditional-fit-0080,axis2_legal,1816,0.028296456666559878
conditional-fit-0080,axis2_legal,1817,0.020284753369681746
conditional-fit-0080,axis2_legal,1818,0.015389808950100635
conditional-fit-0080,axis2_legal,1819,0.009600957502520154
conditional-fit-0080,axis2_legal,1820,0.050072973452583935
conditional-fit-0080,axis2_legal,1821,0.04320750246433908
conditional-fit-0080,axis2_legal,1822,0.08496838673266882
conditional-fit-0080,axis2_legal,1823,0.038898997344380265
conditional-fit-0080,axis2_legal,1824,0.01495961566837778
conditional-fit-0080,axis2_legal,1825,0.016628180314457158
conditional-fit-0080,axis2_legal,1826,0.08300734978917226
conditional-fit-0080,axis2_legal,1827,0.00041406007426660844
conditional-fit-0080,axis2_legal,1828,7.957885955115931e-05
conditional-fit-0080,axis2_legal,1829,0.002381000534192682
conditional-fit-0080,axis2_legal,1830,0.01113216014084743
conditional-fit-0080,axis2_legal,1831,0.0013764025244342656
conditional-fit-0080,axis2_legal,1832,0.011024577599121288
conditional-fit-0080,axis2_legal,1833,0.03275528668769944
conditional-fit-0080,axis2_legal,1834,0.09742477459541696
conditional-fit-0080,axis2_legal,1835,0.03221012160048989
conditional-fit-0080,axis2_legal,1836,0.003460821946069999
conditional-fit-0080,axis2_legal,1837,0.08365859261994027
conditional-fit-0080,axis2_legal,1838,0.147364020263898
conditional-fit-0080,axis2_legal,1839,7.475259168627341e-05
conditional-fit-0080,axis2_legal,1840,0.00013965986751295146
conditional-fit-0080,axis2_legal,1841,0.00710054596842735
conditional-fit-0080,axis2_legal,1842,0.0008311493362840114
conditional-fit-0080,axis2_legal,1843,0.025392844748162464
conditional-fit-0080,axis2_legal,1844,0.056299853927611165
conditional-fit-0080,axis2_legal,1845,0.09396896834666313
conditional-fit-0080,axis2_legal,1846,0.14381723474865388
conditional-fit-0080,axis2_legal,1847,0.0977324480468338
conditional-fit-0080,axis2_legal,1848,0.00017629309142936072
conditional-fit-0080,axis2_legal,1849,0.06146759251460983
conditional-fit-0080,axis2_legal,1850,0.0004137375663128462
conditional-fit-0080,axis2_legal,1851,0.0005205918588704957
conditional-fit-0080,axis2_legal,1852,0.08000525256697821
conditional-fit-0080,axis2_legal,1853,0.14542648721336507
conditional-fit-0080,axis2_legal,1854,0.17530720449890774
conditional-fit-0080,axis2_legal,1855,0.007026482996319284
conditional-fit-0080,axis2_legal,1856,0.048174092878662686
conditional-fit-0080,axis2_legal,1857,0.007474058317063147
conditional-fit-0080,axis2_legal,1858,0.022636578498047094
conditional-fit-0080,axis2_legal,1859,0.0003440954235288243
conditional-fit-0080,axis2_legal,1860,0.005955969972746394
conditional-fit-0080,axis2_legal,1861,0.00043516632546274753
conditional-fit-0080,axis2_legal,1862,0.0023305357916363605
conditional-fit-0080,axis2_legal,1863,2.668408296916369e-05
conditional-fit-0080,axis2_legal,1864,5.6379522950448e-05
conditional-fit-0080,axis2_legal,1865,0.0002524364873235977
conditional-fit-0080,axis2_legal,1866,0.23359704989462893
conditional-fit-0080,axis2_legal,1867,0.023964811192111662
conditional-fit-0080,axis2_legal,1868,0.046286164081998635
conditional-fit-0080,axis2_legal,1869,0.0009181692150971305
conditional-fit-0080,axis2_legal,1870,0.4171632145710746
conditional-fit-0080,axis2_legal,1871,0.007688589768986386
conditional-fit-0080,axis2_legal,1872,0.17677428628179598
conditional-fit-0080,axis2_legal,1873,3.5989044568732965e-05
conditional-fit-0080,axis2_legal,1874,0.03510488267919682
conditional-fit-0080,axis2_legal,1875,0.27539617820166806
conditional-fit-0080,axis2_legal,1876,0.037064089147936734
conditional-fit-0080,axis2_legal,1877,0.0453858005847467
conditional-fit-0080,axis2_legal,1878,0.00023916724832733437
conditional-fit-0080,axis2_legal,1879,1.8964744093224634e-05
conditional-fit-0080,axis2_legal,1880,0.0005588737621789477
conditional-fit-0080,axis2_legal,1881,0.0003859252023938874
conditional-fit-0080,axis2_legal,1882,0.0002800677299627323
conditional-fit-0080,axis2_legal,1883,0.00041323882311518497
conditional-fit-0080,axis2_legal,1884,0.000837202773481436
conditional-fit-0080,axis2_legal,1885,0.030664119627557412
conditional-fit-0080,axis2_legal,1886,0.879839767818343
conditional-fit-0080,axis2_legal,1887,0.3532414780720755
conditional-fit-0080,axis2_legal,1888,0.05200953997507791
conditional-fit-0080,axis2_legal,1889,0.035568954302775804
conditional-fit-0080,axis2_legal,1890,0.1298651291024903
conditional-fit-0080,axis2_legal,1891,0.07543831105617507
conditional-fit-0080,axis2_legal,1892,0.02397328802529742
conditional-fit-0080,axis2_legal,1893,0.0547055515260115
conditional-fit-0080,axis2_legal,1894,0.018942076942073182
conditional-fit-0080,axis2_legal,1895,0.06435511819135031
conditional-fit-0080,axis2_legal,1896,0.00043553875259138793
conditional-fit-0080,axis2_legal,1897,0.0007986878050589734
conditional-fit-0080,axis2_legal,1898,0.000341006945654261
conditional-fit-0080,axis2_legal,1899,0.0013528767680144223
conditional-fit-0080,axis2_legal,1900,0.0006118437902912486
conditional-fit-0080,axis2_legal,1901,0.001143139282884511
conditional-fit-0080,axis2_legal,1902,0.001554541885777404
conditional-fit-0080,axis2_legal,1903,0.0008151167364935368
conditional-fit-0080,axis2_legal,1904,2.8141199131790864e-05
conditional-fit-0080,axis2_legal,1905,0.0009317303763995274
conditional-fit-0080,axis2_legal,1906,0.0006299736251523725
conditional-fit-0080,axis2_legal,1907,0.0024544538200803605
conditional-fit-0080,axis2_legal,1908,0.0044960398103524105
conditional-fit-0080,axis2_legal,1909,0.048538176451919934
conditional-fit-0080,axis2_legal,1910,0.23610324655065984
conditional-fit-0080,axis2_legal,1911,0.004017611818326776
conditional-fit-0080,axis2_legal,1912,0.0007047372238549784
conditional-fit-0080,axis2_legal,1913,0.0017020946616533989
conditional-fit-0080,axis2_legal,1914,0.00035059153221112985
conditional-fit-0080,axis2_legal,1915,0.0015945027668860337
conditional-fit-0080,axis2_legal,1916,0.005351994356917154
conditional-fit-0080,axis2_legal,1917,0.00025339721469020733
conditional-fit-0080,axis2_legal,1918,0.00043067521374887845
conditional-fit-0080,axis2_legal,1919,0.0008279128671397718
conditional-fit-0080,axis2_legal,1920,0.0015578188031656033
conditional-fit-0080,axis2_legal,1921,0.001719933909639091
conditional-fit-0080,axis2_legal,1922,0.000844154988708994
conditional-fit-0080,axis2_legal,1923,0.0005340551138831121
conditional-fit-0080,axis2_legal,1924,0.0011415545988617574
conditional-fit-0080,axis2_legal,1925,0.005490487665399415
conditional-fit-0080,axis2_legal,1926,0.0005343596561045597
conditional-fit-0080,axis2_legal,1927,0.001984030633301938
conditional-fit-0080,axis2_legal,1928,8.282655088874663e-05
conditional-fit-0080,axis2_legal,1929,0.001419347692417916
conditional-fit-0080,axis2_legal,1930,0.0008417665033042194
conditional-fit-0080,axis2_legal,1931,0.0014410703102029194
conditional-fit-0080,axis2_legal,1932,0.0006763034882923923
conditional-fit-0080,axis2_legal,1933,0.0006492855032790915
conditional-fit-0080,axis2_legal,1934,0.00037335912898088107
conditional-fit-0080,axis2_legal,1935,0.0004787967341918158
conditional-fit-0080,axis2_legal,1936,0.001987516283920633
conditional-fit-0080,axis2_legal,1937,0.0005581267311270775
conditional-fit-0080,axis2_legal,1938,0.001089314373520124
conditional-fit-0080,axis2_legal,1939,0.0006837824591071184
conditional-fit-0080,axis2_legal,1940,0.0007358130157374416
conditional-fit-0080,axis2_legal,1941,0.0006819027215750979
conditional-fit-0080,axis2_legal,1942,0.003046743910973717
conditional-fit-0080,axis2_legal,1943,0.0008565885176082353
conditional-fit-0080,axis2_legal,1944,0.000491035654288004
conditional-fit-0080,axis2_legal,1945,0.0017487656160656202
conditional-fit-0080,axis2_legal,1946,0.0007822105465217865
conditional-fit-0080,axis2_legal,1947,0.00048540282295817265
conditional-fit-0080,axis2_legal,1948,0.00019624464653313062
conditional-fit-0080,axis2_legal,1949,0.00017218175365780778
conditional-fit-0080,axis2_legal,1950,0.0006419990119361574
conditional-fit-0080,axis2_legal,1951,0.00020685504257760007
conditional-fit-0080,axis2_legal,1952,0.0030582476927560193
conditional-fit-0080,axis2_legal,1953,0.0004272545248766479
conditional-fit-0080,axis2_legal,1954,0.0001220715471608821
conditional-fit-0080,axis2_legal,1955,0.0006483590575924438
conditional-fit-0080,axis2_legal,1956,0.00019658438102249012
conditional-fit-0080,axis2_legal,1957,0.0004576700139407575
conditional-fit-0080,axis2_legal,1958,0.0012971100638078947
conditional-fit-0080,axis2_legal,1959,0.0007050916315256065
conditional-fit-0080,axis2_legal,1960,0.0014910303058385695
conditional-fit-0080,axis2_legal,1961,0.00023530584486310856
conditional-fit-0080,axis2_legal,1962,0.0002359158897659204
conditional-fit-0080,axis2_legal,1963,0.0006951427737802756
conditional-fit-0080,axis2_legal,1964,0.0006695721908274368
conditional-fit-0080,axis2_legal,1965,0.0011984194382311701
conditional-fit-0080,axis2_legal,1966,0.0010607931143142076
conditional-fit-0080,axis2_legal,1967,0.00011944642653606784
conditional-fit-0080,axis2_legal,1968,0.00039612561507764625
conditional-fit-0080,axis2_legal,1969,0.0003393462631583114
conditional-fit-0080,axis2_legal,1970,0.0004909815643463326
conditional-fit-0080,axis2_legal,1971,0.0002513459790763977
conditional-fit-0080,axis2_legal,1972,0.0002937786845806455
conditional-fit-0080,axis2_legal,1973,0.0017098889136927115
conditional-fit-0080,axis2_legal,1974,0.0005192475850293817
conditional-fit-0080,axis2_legal,1975,0.0002161582776390171
conditional-fit-0080,axis2_legal,1976,0.00034308570308107906
conditional-fit-0080,axis2_legal,1977,0.0015395945634844367
conditional-fit-0080,axis2_legal,1978,0.0006020113543114461
conditional-fit-0080,axis2_legal,1979,0.00045265056815129454
conditional-fit-0080,axis2_legal,1980,0.0008513964152878533
conditional-fit-0080,axis2_legal,1981,0.00040374087183245506
conditional-fit-0080,axis2_legal,1982,0.0007224107937660202
conditional-fit-0080,axis2_legal,1983,0.0003722361479447774
conditional-fit-0080,axis2_legal,1984,0.0023111578192053146
conditional-fit-0080,axis2_legal,1985,0.0007251597381830505
conditional-fit-0080,axis2_legal,1986,0.00019870186194483207
conditional-fit-0080,axis2_legal,1987,0.0004836475025439906
conditional-fit-0080,axis2_legal,1988,0.00020812906645530143
conditional-fit-0080,axis2_legal,1989,0.00012329854026229902
conditional-fit-0080,axis2_legal,1990,0.0005232470249910212
conditional-fit-0080,axis2_legal,1991,0.0006859248070218397
conditional-fit-0080,axis2_legal,1992,0.0002798259170795031
conditional-fit-0080,axis2_legal,1993,0.0004133891235448236
conditional-fit-0080,axis2_legal,1994,9.277580209225576e-05
conditional-fit-0080,axis2_legal,1995,0.0003868001589782817
conditional-fit-0080,axis2_legal,1996,0.00023314742820400075
conditional-fit-0080,axis2_legal,1997,2.4039929053851935e-05
conditional-fit-0080,axis2_legal,1998,4.1349245803022576e-05
conditional-fit-0080,axis2_legal,1999,0.00048311166655560036
conditional-fit-0080,axis2_legal,2000,0.00013577526114474166
conditional-fit-0080,axis2_legal,2001,0.00047815620045974373
conditional-fit-0080,axis2_legal,2002,0.025644338980274795
conditional-fit-0080,axis2_legal,2003,0.08851844316725752
conditional-fit-0080,axis2_legal,2004,0.0045351400413041814
conditional-fit-0080,axis2_legal,2005,0.0009186018059469672
conditional-fit-0080,axis2_legal,2006,8.451896261098946e-05
conditional-fit-0080,axis2_legal,2007,7.451356628632526e-05
conditional-fit-0080,axis2_legal,2008,4.805355387461388e-05
conditional-fit-0080,axis2_legal,2009,0.00019638473957075777
conditional-fit-0080,axis2_legal,2010,0.0009443915670348302
conditional-fit-0080,axis2_legal,2011,0.00013054291326432168
conditional-fit-0080,axis2_legal,2012,0.00609055491638597
conditional-fit-0080,axis2_legal,2013,0.0002757108595848569
conditional-fit-0080,axis2_legal,2014,0.0017081943043610723
conditional-fit-0080,axis2_legal,2015,0.0002856901969176427
conditional-fit-0080,axis2_legal,2016,7.99417425789824e-05
conditional-fit-0080,axis2_legal,2017,5.4284052078062996e-05
conditional-fit-0080,axis2_legal,2018,0.00011955779140321458
conditional-fit-0080,axis2_legal,2019,0.0002605484320748478
conditional-fit-0080,axis2_legal,2020,0.00515896258403563
conditional-fit-0080,axis2_legal,2021,0.0001355950245682626
conditional-fit-0080,axis2_legal,2022,0.0001949221547651754
conditional-fit-0080,axis2_legal,2023,0.0003172836169712829
conditional-fit-0080,axis2_legal,2024,0.0016389197881944758
conditional-fit-0080,axis2_legal,2025,0.0003345356630328984
conditional-fit-0080,axis2_legal,2026,0.0010847009337014801
conditional-fit-0080,axis2_legal,2027,0.0006218725277138421
conditional-fit-0080,axis2_legal,2028,0.000917478862034267
conditional-fit-0080,axis2_legal,2029,0.00037059269635736185
conditional-fit-0080,axis2_legal,2030,0.0015872791695336614
conditional-fit-0080,axis2_legal,2031,8.93441663833407e-05
conditional-fit-0080,axis2_legal,2032,0.0003562746495630045
conditional-fit-0080,axis2_legal,2033,0.00021575219140909324
conditional-fit-0080,axis2_legal,2034,0.00028227160768610186
conditional-fit-0080,axis2_legal,2035,0.0009805794194240657
conditional-fit-0080,axis2_legal,2036,0.00027640613851845895
conditional-fit-0080,axis2_legal,2037,4.399348628097043e-05
conditional-fit-0080,axis2_legal,2038,4.436429489050794e-05
conditional-fit-0080,axis2_legal,2039,0.0011108982904641466
conditional-fit-0080,axis2_legal,2040,0.00028917436214982045
conditional-fit-0080,axis2_legal,2041,0.00023067886391796085
conditional-fit-0080,axis2_legal,2042,0.0007599872031908929
conditional-fit-0080,axis2_legal,2043,0.013757363142519095
conditional-fit-0080,axis2_legal,2044,0.03847690605262061
conditional-fit-0080,axis2_legal,2045,0.01913947002832351
conditional-fit-0080,axis2_legal,2046,0.04912346458690268
