window_id,domain,pos,kld
conditional-fit-0090,axis3_code_agentic,0,3.0236148844983113
conditional-fit-0090,axis3_code_agentic,1,2.656025990179624
conditional-fit-0090,axis3_code_agentic,2,6.042549851092961
conditional-fit-0090,axis3_code_agentic,3,4.09785171537674
conditional-fit-0090,axis3_code_agentic,4,1.7009253375080389
conditional-fit-0090,axis3_code_agentic,5,0.6323646636027006
conditional-fit-0090,axis3_code_agentic,6,0.44043605362238414
conditional-fit-0090,axis3_code_agentic,7,0.8780492451217656
conditional-fit-0090,axis3_code_agentic,8,0.37448820255635296
conditional-fit-0090,axis3_code_agentic,9,0.08403532798658224
conditional-fit-0090,axis3_code_agentic,10,0.3649642338468579
conditional-fit-0090,axis3_code_agentic,11,0.12947654901150413
conditional-fit-0090,axis3_code_agentic,12,0.2930104060246972
conditional-fit-0090,axis3_code_agentic,13,0.3647173179545025
conditional-fit-0090,axis3_code_agentic,14,0.8274702023577571
conditional-fit-0090,axis3_code_agentic,15,0.019364904295867333
conditional-fit-0090,axis3_code_agentic,16,0.11030871626935307
conditional-fit-0090,axis3_code_agentic,17,0.02223391153945862
conditional-fit-0090,axis3_code_agentic,18,0.26916371003441725
conditional-fit-0090,axis3_code_agentic,19,0.5672476277677503
conditional-fit-0090,axis3_code_agentic,20,1.012448901127783
conditional-fit-0090,axis3_code_agentic,21,0.14810140210057662
conditional-fit-0090,axis3_code_agentic,22,0.0030337445990833685
conditional-fit-0090,axis3_code_agentic,23,0.005097205372284723
conditional-fit-0090,axis3_code_agentic,24,0.11397203215699035
conditional-fit-0090,axis3_code_agentic,25,0.006202261108768531
conditional-fit-0090,axis3_code_agentic,26,0.025177245861584766
conditional-fit-0090,axis3_code_agentic,27,0.0018780661395669791
conditional-fit-0090,axis3_code_agentic,28,0.054308421932799444
conditional-fit-0090,axis3_code_agentic,29,0.021609383173066918
conditional-fit-0090,axis3_code_agentic,30,0.017639101453134017
conditional-fit-0090,axis3_code_agentic,31,0.07780701998434517
conditional-fit-0090,axis3_code_agentic,32,0.33586706729913696
conditional-fit-0090,axis3_code_agentic,33,0.0004453933001315355
conditional-fit-0090,axis3_code_agentic,34,0.0005872464520240294
conditional-fit-0090,axis3_code_agentic,35,0.0003043684490720411
conditional-fit-0090,axis3_code_agentic,36,0.0022808142861703664
conditional-fit-0090,axis3_code_agentic,37,0.008503753137084031
conditional-fit-0090,axis3_code_agentic,38,0.00035216173180450635
conditional-fit-0090,axis3_code_agentic,39,0.0018056430269522926
conditional-fit-0090,axis3_code_agentic,40,0.003468095670250471
conditional-fit-0090,axis3_code_agentic,41,3.941084836906749e-05
conditional-fit-0090,axis3_code_agentic,42,0.004281014633763432
conditional-fit-0090,axis3_code_agentic,43,0.00010057491928059822
conditional-fit-0090,axis3_code_agentic,44,0.0008832247914288894
conditional-fit-0090,axis3_code_agentic,45,0.02256939804708907
conditional-fit-0090,axis3_code_agentic,46,0.002737227550403023
conditional-fit-0090,axis3_code_agentic,47,0.0023109280218019295
conditional-fit-0090,axis3_code_agentic,48,0.0007925591416036201
conditional-fit-0090,axis3_code_agentic,49,0.056078778555598126
conditional-fit-0090,axis3_code_agentic,50,0.02894576819869296
conditional-fit-0090,axis3_code_agentic,51,0.07889754636351483
conditional-fit-0090,axis3_code_agentic,52,0.22057793304069362
conditional-fit-0090,axis3_code_agentic,53,2.2559641658845044
conditional-fit-0090,axis3_code_agentic,54,1.369352471533074
conditional-fit-0090,axis3_code_agentic,55,0.494332045018029
conditional-fit-0090,axis3_code_agentic,56,0.35665279398254524
conditional-fit-0090,axis3_code_agentic,57,0.4227475151115729
conditional-fit-0090,axis3_code_agentic,58,0.013502957137638109
conditional-fit-0090,axis3_code_agentic,59,0.028228326160498026
conditional-fit-0090,axis3_code_agentic,60,0.7415541093377986
conditional-fit-0090,axis3_code_agentic,61,0.001489887797123
conditional-fit-0090,axis3_code_agentic,62,0.006957044270681981
conditional-fit-0090,axis3_code_agentic,63,0.010029248720746415
conditional-fit-0090,axis3_code_agentic,64,4.53052060350825e-05
conditional-fit-0090,axis3_code_agentic,65,0.0033677584848065016
conditional-fit-0090,axis3_code_agentic,66,3.254119909846529
conditional-fit-0090,axis3_code_agentic,67,0.23140994993269948
conditional-fit-0090,axis3_code_agentic,68,0.0010355344749228305
conditional-fit-0090,axis3_code_agentic,69,0.00035249127044818384
conditional-fit-0090,axis3_code_agentic,70,0.2666895686916631
conditional-fit-0090,axis3_code_agentic,71,0.0034580225470851244
conditional-fit-0090,axis3_code_agentic,72,0.0014738881473659552
conditional-fit-0090,axis3_code_agentic,73,0.0002640345001718383
conditional-fit-0090,axis3_code_agentic,74,0.001883048332371092
conditional-fit-0090,axis3_code_agentic,75,2.8365315037112923e-05
conditional-fit-0090,axis3_code_agentic,76,0.00033579967051700803
conditional-fit-0090,axis3_code_agentic,77,0.0046900980263376996
conditional-fit-0090,axis3_code_agentic,78,0.000119758593974917
conditional-fit-0090,axis3_code_agentic,79,0.0005049755463776303
conditional-fit-0090,axis3_code_agentic,80,9.776331112841595e-05
conditional-fit-0090,axis3_code_agentic,81,0.0001345799889715418
conditional-fit-0090,axis3_code_agentic,82,0.002203681607597252
conditional-fit-0090,axis3_code_agentic,83,0.0002289585093268128
conditional-fit-0090,axis3_code_agentic,84,0.0028581114430274303
conditional-fit-0090,axis3_code_agentic,85,0.001140962608715718
conditional-fit-0090,axis3_code_agentic,86,0.004168753823424536
conditional-fit-0090,axis3_code_agentic,87,0.013298810804637257
conditional-fit-0090,axis3_code_agentic,88,0.00017808921227088203
conditional-fit-0090,axis3_code_agentic,89,0.00030867766544236087
conditional-fit-0090,axis3_code_agentic,90,0.005376251037808286
conditional-fit-0090,axis3_code_agentic,91,0.007891716709441299
conditional-fit-0090,axis3_code_agentic,92,0.06490305445699346
conditional-fit-0090,axis3_code_agentic,93,0.07236304604470505
conditional-fit-0090,axis3_code_agentic,94,0.00031318999286027914
conditional-fit-0090,axis3_code_agentic,95,0.0016177224206491508
conditional-fit-0090,axis3_code_agentic,96,0.01854491798584356
conditional-fit-0090,axis3_code_agentic,97,0.0005256346458014252
conditional-fit-0090,axis3_code_agentic,98,0.00014632346039056694
conditional-fit-0090,axis3_code_agentic,99,0.025668539749502353
conditional-fit-0090,axis3_code_agentic,100,0.00523468863256455
conditional-fit-0090,axis3_code_agentic,101,0.00118145064994717
conditional-fit-0090,axis3_code_agentic,102,0.0002445837337838408
conditional-fit-0090,axis3_code_agentic,103,0.0002979841305833553
conditional-fit-0090,axis3_code_agentic,104,0.0001959654621992971
conditional-fit-0090,axis3_code_agentic,105,0.001798975058532003
conditional-fit-0090,axis3_code_agentic,106,7.903124133516692e-05
conditional-fit-0090,axis3_code_agentic,107,0.0057818837153217175
conditional-fit-0090,axis3_code_agentic,108,1.3436090605792044e-05
conditional-fit-0090,axis3_code_agentic,109,0.0011414879050812552
conditional-fit-0090,axis3_code_agentic,110,0.15099805715599254
conditional-fit-0090,axis3_code_agentic,111,0.00017392109441938928
conditional-fit-0090,axis3_code_agentic,112,0.0014774816598750735
conditional-fit-0090,axis3_code_agentic,113,0.058930206248559075
conditional-fit-0090,axis3_code_agentic,114,0.0015044796397026448
conditional-fit-0090,axis3_code_agentic,115,0.037856037408862654
conditional-fit-0090,axis3_code_agentic,116,0.00010268884292703293
conditional-fit-0090,axis3_code_agentic,117,0.0017570516144534932
conditional-fit-0090,axis3_code_agentic,118,0.0006351502578911903
conditional-fit-0090,axis3_code_agentic,119,0.00023994281046830162
conditional-fit-0090,axis3_code_agentic,120,0.09611211336822754
conditional-fit-0090,axis3_code_agentic,121,0.0009460433566266322
conditional-fit-0090,axis3_code_agentic,122,0.0021878015452006603
conditional-fit-0090,axis3_code_agentic,123,0.00012221908541573754
conditional-fit-0090,axis3_code_agentic,124,0.0009470991321535012
conditional-fit-0090,axis3_code_agentic,125,0.0009537346331070032
conditional-fit-0090,axis3_code_agentic,126,0.02797060234376601
conditional-fit-0090,axis3_code_agentic,127,0.00014356492654264664
conditional-fit-0090,axis3_code_agentic,128,0.018570999068613064
conditional-fit-0090,axis3_code_agentic,129,0.09624859170380272
conditional-fit-0090,axis3_code_agentic,130,0.002899588818369936
conditional-fit-0090,axis3_code_agentic,131,0.00020423491235181521
conditional-fit-0090,axis3_code_agentic,132,2.896578498426909e-05
conditional-fit-0090,axis3_code_agentic,133,8.947968100475842e-06
conditional-fit-0090,axis3_code_agentic,134,0.00017681587843537425
conditional-fit-0090,axis3_code_agentic,135,0.005281672659943906
conditional-fit-0090,axis3_code_agentic,136,0.00010285889796657014
conditional-fit-0090,axis3_code_agentic,137,0.0011384267320254861
conditional-fit-0090,axis3_code_agentic,138,0.00030353479500730635
conditional-fit-0090,axis3_code_agentic,139,0.0004584768219329575
conditional-fit-0090,axis3_code_agentic,140,5.8543668138509036e-05
conditional-fit-0090,axis3_code_agentic,141,0.00013165833094827415
conditional-fit-0090,axis3_code_agentic,142,0.0002448914480859915
conditional-fit-0090,axis3_code_agentic,143,0.005223279321562343
conditional-fit-0090,axis3_code_agentic,144,2.5845245305193717e-05
conditional-fit-0090,axis3_code_agentic,145,0.0014525422714961969
conditional-fit-0090,axis3_code_agentic,146,0.0005289989373747925
conditional-fit-0090,axis3_code_agentic,147,0.001979521478340719
conditional-fit-0090,axis3_code_agentic,148,0.007714924716237673
conditional-fit-0090,axis3_code_agentic,149,0.0025102999065062855
conditional-fit-0090,axis3_code_agentic,150,0.004969687130660562
conditional-fit-0090,axis3_code_agentic,151,5.641732173167602e-05
conditional-fit-0090,axis3_code_agentic,152,0.0003881802154253251
conditional-fit-0090,axis3_code_agentic,153,0.0006380679307169843
conditional-fit-0090,axis3_code_agentic,154,0.0008400382668741184
conditional-fit-0090,axis3_code_agentic,155,0.00037251544420624744
conditional-fit-0090,axis3_code_agentic,156,0.0001217249348958337
conditional-fit-0090,axis3_code_agentic,157,0.0004697190373338398
conditional-fit-0090,axis3_code_agentic,158,0.0005576090012477788
conditional-fit-0090,axis3_code_agentic,159,7.643210355394115e-05
conditional-fit-0090,axis3_code_agentic,160,0.0001981121196364931
conditional-fit-0090,axis3_code_agentic,161,0.00011151779158836476
conditional-fit-0090,axis3_code_agentic,162,0.00036926348865272065
conditional-fit-0090,axis3_code_agentic,163,0.0007183586830420089
conditional-fit-0090,axis3_code_agentic,164,0.0018600044922094888
conditional-fit-0090,axis3_code_agentic,165,0.018483105439719108
conditional-fit-0090,axis3_code_agentic,166,0.0009905955267836947
conditional-fit-0090,axis3_code_agentic,167,9.428955263366453e-05
conditional-fit-0090,axis3_code_agentic,168,2.1712097861413114e-05
conditional-fit-0090,axis3_code_agentic,169,0.000418059799665892
conditional-fit-0090,axis3_code_agentic,170,0.00016584182659396107
conditional-fit-0090,axis3_code_agentic,171,0.009428352585195844
conditional-fit-0090,axis3_code_agentic,172,1.5818110777555473e-06
conditional-fit-0090,axis3_code_agentic,173,0.00015724318054431282
conditional-fit-0090,axis3_code_agentic,174,6.909389533187502e-05
conditional-fit-0090,axis3_code_agentic,175,0.0002904985554352158
conditional-fit-0090,axis3_code_agentic,176,0.0014303965191945758
conditional-fit-0090,axis3_code_agentic,177,0.0019917525513345703
conditional-fit-0090,axis3_code_agentic,178,0.00011671015317021767
conditional-fit-0090,axis3_code_agentic,179,1.2948407442677804e-05
conditional-fit-0090,axis3_code_agentic,180,2.02360131740558e-05
conditional-fit-0090,axis3_code_agentic,181,5.019159154705484e-06
conditional-fit-0090,axis3_code_agentic,182,0.004182529765872177
conditional-fit-0090,axis3_code_agentic,183,6.510141830807917e-05
conditional-fit-0090,axis3_code_agentic,184,0.0008887475754101462
conditional-fit-0090,axis3_code_agentic,185,0.00041737535028338595
conditional-fit-0090,axis3_code_agentic,186,0.0006000191525508326
conditional-fit-0090,axis3_code_agentic,187,7.312163386569534e-05
conditional-fit-0090,axis3_code_agentic,188,2.61940913179622e-05
conditional-fit-0090,axis3_code_agentic,189,4.574058055542542e-05
conditional-fit-0090,axis3_code_agentic,190,1.7665528476897017e-05
conditional-fit-0090,axis3_code_agentic,191,0.021969870734826067
conditional-fit-0090,axis3_code_agentic,192,2.720791889823539e-05
conditional-fit-0090,axis3_code_agentic,193,0.00048792148695456965
conditional-fit-0090,axis3_code_agentic,194,0.00017163770481087946
conditional-fit-0090,axis3_code_agentic,195,2.4419956544376365e-05
conditional-fit-0090,axis3_code_agentic,196,0.00014489111904425134
conditional-fit-0090,axis3_code_agentic,197,0.00011655991655933019
conditional-fit-0090,axis3_code_agentic,198,4.1823742633177917e-05
conditional-fit-0090,axis3_code_agentic,199,0.003525413934047232
conditional-fit-0090,axis3_code_agentic,200,8.234143063147339e-06
conditional-fit-0090,axis3_code_agentic,201,0.00048055760274243073
conditional-fit-0090,axis3_code_agentic,202,0.0034948492311159905
conditional-fit-0090,axis3_code_agentic,203,0.001657520420968638
conditional-fit-0090,axis3_code_agentic,204,0.0015675857439959309
conditional-fit-0090,axis3_code_agentic,205,0.0005525805260402281
conditional-fit-0090,axis3_code_agentic,206,0.013739317475713388
conditional-fit-0090,axis3_code_agentic,207,8.393860052618691e-06
conditional-fit-0090,axis3_code_agentic,208,9.507951681239911e-05
conditional-fit-0090,axis3_code_agentic,209,1.1659097667421305e-05
conditional-fit-0090,axis3_code_agentic,210,0.00014290856725493063
conditional-fit-0090,axis3_code_agentic,211,0.0011373605764708474
conditional-fit-0090,axis3_code_agentic,212,4.8977945242155546e-05
conditional-fit-0090,axis3_code_agentic,213,0.0008864613384783793
conditional-fit-0090,axis3_code_agentic,214,0.004880217818099416
conditional-fit-0090,axis3_code_agentic,215,1.5775263352235968e-05
conditional-fit-0090,axis3_code_agentic,216,4.314166997127105e-05
conditional-fit-0090,axis3_code_agentic,217,5.409308163399332e-06
conditional-fit-0090,axis3_code_agentic,218,9.28182333912478e-06
conditional-fit-0090,axis3_code_agentic,219,0.00092590733887508
conditional-fit-0090,axis3_code_agentic,220,0.001032594181270685
conditional-fit-0090,axis3_code_agentic,221,0.0005880628416431058
conditional-fit-0090,axis3_code_agentic,222,7.965075979540431e-05
conditional-fit-0090,axis3_code_agentic,223,3.677499126719156e-06
conditional-fit-0090,axis3_code_agentic,224,2.0299910797395813e-05
conditional-fit-0090,axis3_code_agentic,225,0.00026435431457507135
conditional-fit-0090,axis3_code_agentic,226,1.709522800341857e-05
conditional-fit-0090,axis3_code_agentic,227,0.0006122421405102143
conditional-fit-0090,axis3_code_agentic,228,7.910671049572917e-07
conditional-fit-0090,axis3_code_agentic,229,3.030962760949201e-05
conditional-fit-0090,axis3_code_agentic,230,6.858938821660055e-05
conditional-fit-0090,axis3_code_agentic,231,0.00014450806024036479
conditional-fit-0090,axis3_code_agentic,232,0.0018242853929775196
conditional-fit-0090,axis3_code_agentic,233,0.001959568361440835
conditional-fit-0090,axis3_code_agentic,234,0.0003869904963918686
conditional-fit-0090,axis3_code_agentic,235,6.82474387273552e-06
conditional-fit-0090,axis3_code_agentic,236,1.6534017125177708e-05
conditional-fit-0090,axis3_code_agentic,237,5.858603160018805e-07
conditional-fit-0090,axis3_code_agentic,238,0.0006977205322096617
conditional-fit-0090,axis3_code_agentic,239,2.3620037800328132e-05
conditional-fit-0090,axis3_code_agentic,240,0.0007101766898703328
conditional-fit-0090,axis3_code_agentic,241,0.0016118198538123672
conditional-fit-0090,axis3_code_agentic,242,0.00016530525036525804
conditional-fit-0090,axis3_code_agentic,243,3.189071841459347e-06
conditional-fit-0090,axis3_code_agentic,244,5.751148166502109e-05
conditional-fit-0090,axis3_code_agentic,245,0.0003325989205802854
conditional-fit-0090,axis3_code_agentic,246,9.545567647527937e-06
conditional-fit-0090,axis3_code_agentic,247,0.00262336144718024
conditional-fit-0090,axis3_code_agentic,248,0.00018911707722818144
conditional-fit-0090,axis3_code_agentic,249,0.00633739729646571
conditional-fit-0090,axis3_code_agentic,250,9.22530095471954e-05
conditional-fit-0090,axis3_code_agentic,251,0.00024248742075969659
conditional-fit-0090,axis3_code_agentic,252,2.6709363932625038e-05
conditional-fit-0090,axis3_code_agentic,253,2.429965249646336e-05
conditional-fit-0090,axis3_code_agentic,254,2.8870361871489435e-05
conditional-fit-0090,axis3_code_agentic,255,0.0013519328305273291
conditional-fit-0090,axis3_code_agentic,256,1.4197733590504342e-05
conditional-fit-0090,axis3_code_agentic,257,8.689640644689674e-05
conditional-fit-0090,axis3_code_agentic,258,0.06296111639253806
conditional-fit-0090,axis3_code_agentic,259,0.0437964313751786
conditional-fit-0090,axis3_code_agentic,260,0.0032174538018318894
conditional-fit-0090,axis3_code_agentic,261,0.002184280445042111
conditional-fit-0090,axis3_code_agentic,262,0.000313725698513726
conditional-fit-0090,axis3_code_agentic,263,0.007995389069139611
conditional-fit-0090,axis3_code_agentic,264,0.028372406084253718
conditional-fit-0090,axis3_code_agentic,265,0.00014895933769830323
conditional-fit-0090,axis3_code_agentic,266,0.021382385087687264
conditional-fit-0090,axis3_code_agentic,267,0.02296636117369217
conditional-fit-0090,axis3_code_agentic,268,0.0007488268568073956
conditional-fit-0090,axis3_code_agentic,269,0.04236729924226154
conditional-fit-0090,axis3_code_agentic,270,0.0015809822163025868
conditional-fit-0090,axis3_code_agentic,271,0.06451126777912114
conditional-fit-0090,axis3_code_agentic,272,0.07654520845368196
conditional-fit-0090,axis3_code_agentic,273,0.028997390254369055
conditional-fit-0090,axis3_code_agentic,274,0.11490906596068573
conditional-fit-0090,axis3_code_agentic,275,0.08727468925771904
conditional-fit-0090,axis3_code_agentic,276,0.07325172088451254
conditional-fit-0090,axis3_code_agentic,277,0.0077164015036605025
conditional-fit-0090,axis3_code_agentic,278,0.09717259912284494
conditional-fit-0090,axis3_code_agentic,279,0.048429961256889184
conditional-fit-0090,axis3_code_agentic,280,0.05568972378769038
conditional-fit-0090,axis3_code_agentic,281,0.01859626778732887
conditional-fit-0090,axis3_code_agentic,282,0.0032646934162342683
conditional-fit-0090,axis3_code_agentic,283,0.2561670772356453
conditional-fit-0090,axis3_code_agentic,284,0.2576333383938161
conditional-fit-0090,axis3_code_agentic,285,0.08913970341830257
conditional-fit-0090,axis3_code_agentic,286,0.008479943031764478
conditional-fit-0090,axis3_code_agentic,287,0.12568977634194783
conditional-fit-0090,axis3_code_agentic,288,0.5358058091536545
conditional-fit-0090,axis3_code_agentic,289,0.026570687772057774
conditional-fit-0090,axis3_code_agentic,290,0.0014874528568201539
conditional-fit-0090,axis3_code_agentic,291,0.00022670964150270365
conditional-fit-0090,axis3_code_agentic,292,0.012021020788661328
conditional-fit-0090,axis3_code_agentic,293,0.011652110017068094
conditional-fit-0090,axis3_code_agentic,294,0.002043095418090712
conditional-fit-0090,axis3_code_agentic,295,0.0011316382082986792
conditional-fit-0090,axis3_code_agentic,296,0.0001403212869342126
conditional-fit-0090,axis3_code_agentic,297,9.095953525856564e-05
conditional-fit-0090,axis3_code_agentic,298,0.05032255773228438
conditional-fit-0090,axis3_code_agentic,299,0.00013058835049229345
conditional-fit-0090,axis3_code_agentic,300,3.2158678811055245e-06
conditional-fit-0090,axis3_code_agentic,301,0.2688996941911387
conditional-fit-0090,axis3_code_agentic,302,0.007125981576509586
conditional-fit-0090,axis3_code_agentic,303,0.043425500642540436
conditional-fit-0090,axis3_code_agentic,304,0.019431517861379206
conditional-fit-0090,axis3_code_agentic,305,0.8930071067176512
conditional-fit-0090,axis3_code_agentic,306,0.1298903365095883
conditional-fit-0090,axis3_code_agentic,307,0.005296943927769622
conditional-fit-0090,axis3_code_agentic,308,0.00021083938536893521
conditional-fit-0090,axis3_code_agentic,309,0.0004355495378330607
conditional-fit-0090,axis3_code_agentic,310,0.23278370784891397
conditional-fit-0090,axis3_code_agentic,311,3.990147665242996e-06
conditional-fit-0090,axis3_code_agentic,312,0.0069693589331115725
conditional-fit-0090,axis3_code_agentic,313,1.2179975740952806e-05
conditional-fit-0090,axis3_code_agentic,314,0.04742113025069841
conditional-fit-0090,axis3_code_agentic,315,0.09197948511909265
conditional-fit-0090,axis3_code_agentic,316,0.003396526311414764
conditional-fit-0090,axis3_code_agentic,317,0.009218108838446181
conditional-fit-0090,axis3_code_agentic,318,2.4536235227234e-05
conditional-fit-0090,axis3_code_agentic,319,0.0038265617623332274
conditional-fit-0090,axis3_code_agentic,320,0.0017598633643894827
conditional-fit-0090,axis3_code_agentic,321,7.973061417270173e-05
conditional-fit-0090,axis3_code_agentic,322,0.0008817342385780262
conditional-fit-0090,axis3_code_agentic,323,0.00010975972122658342
conditional-fit-0090,axis3_code_agentic,324,0.0004222111955290593
conditional-fit-0090,axis3_code_agentic,325,0.14600768173335257
conditional-fit-0090,axis3_code_agentic,326,0.0023777484140357664
conditional-fit-0090,axis3_code_agentic,327,0.0015881355102559073
conditional-fit-0090,axis3_code_agentic,328,0.008738604020161892
conditional-fit-0090,axis3_code_agentic,329,0.0025263192244670864
conditional-fit-0090,axis3_code_agentic,330,0.03980809805702065
conditional-fit-0090,axis3_code_agentic,331,0.07961846663728886
conditional-fit-0090,axis3_code_agentic,332,0.884849128428432
conditional-fit-0090,axis3_code_agentic,333,0.0032168160989791295
conditional-fit-0090,axis3_code_agentic,334,0.011920450877022544
conditional-fit-0090,axis3_code_agentic,335,0.00092202940491911
conditional-fit-0090,axis3_code_agentic,336,1.6449979152993865e-05
conditional-fit-0090,axis3_code_agentic,337,1.494955920945861e-06
conditional-fit-0090,axis3_code_agentic,338,0.019997506453849765
conditional-fit-0090,axis3_code_agentic,339,0.00013025602871516293
conditional-fit-0090,axis3_code_agentic,340,0.0012835173709008184
conditional-fit-0090,axis3_code_agentic,341,0.0007895961909069997
conditional-fit-0090,axis3_code_agentic,342,5.333754362836073e-05
conditional-fit-0090,axis3_code_agentic,343,4.7116525315330175e-06
conditional-fit-0090,axis3_code_agentic,344,1.0415208359202512e-05
conditional-fit-0090,axis3_code_agentic,345,0.0033027669227979747
conditional-fit-0090,axis3_code_agentic,346,6.410381280117045e-06
conditional-fit-0090,axis3_code_agentic,347,4.683779818021417e-06
conditional-fit-0090,axis3_code_agentic,348,0.005262878466942823
conditional-fit-0090,axis3_code_agentic,349,3.7005358071784465e-05
conditional-fit-0090,axis3_code_agentic,350,0.0001900284156774613
conditional-fit-0090,axis3_code_agentic,351,1.8719847463719773e-05
conditional-fit-0090,axis3_code_agentic,352,1.6307127865849028e-05
conditional-fit-0090,axis3_code_agentic,353,0.00033704646613466177
conditional-fit-0090,axis3_code_agentic,354,1.3632012263292513e-05
conditional-fit-0090,axis3_code_agentic,355,0.00012284017228803102
conditional-fit-0090,axis3_code_agentic,356,0.00011286490353627912
conditional-fit-0090,axis3_code_agentic,357,9.422564234312859e-06
conditional-fit-0090,axis3_code_agentic,358,4.7911324559476255e-05
conditional-fit-0090,axis3_code_agentic,359,0.00883104049665868
conditional-fit-0090,axis3_code_agentic,360,3.8094590222667962e-06
conditional-fit-0090,axis3_code_agentic,361,0.00717651533159075
conditional-fit-0090,axis3_code_agentic,362,0.00015212866214075186
conditional-fit-0090,axis3_code_agentic,363,6.994506205778389e-05
conditional-fit-0090,axis3_code_agentic,364,0.009581550057991184
conditional-fit-0090,axis3_code_agentic,365,0.049776900995043304
conditional-fit-0090,axis3_code_agentic,366,0.6815402839342051
conditional-fit-0090,axis3_code_agentic,367,0.00047289271674010605
conditional-fit-0090,axis3_code_agentic,368,0.00011329012443183754
conditional-fit-0090,axis3_code_agentic,369,0.0003325318759094396
conditional-fit-0090,axis3_code_agentic,370,0.2226574377274279
conditional-fit-0090,axis3_code_agentic,371,4.6980171223626105e-05
conditional-fit-0090,axis3_code_agentic,372,0.6630399515676733
conditional-fit-0090,axis3_code_agentic,373,0.0005322506211034564
conditional-fit-0090,axis3_code_agentic,374,0.0005204244199106943
conditional-fit-0090,axis3_code_agentic,375,0.18612274950119626
conditional-fit-0090,axis3_code_agentic,376,0.00019226976008281452
conditional-fit-0090,axis3_code_agentic,377,0.002846646907781958
conditional-fit-0090,axis3_code_agentic,378,2.9553910568395722e-05
conditional-fit-0090,axis3_code_agentic,379,0.00029029777244350707
conditional-fit-0090,axis3_code_agentic,380,0.0011756846870164526
conditional-fit-0090,axis3_code_agentic,381,0.00357471974525813
conditional-fit-0090,axis3_code_agentic,382,0.013466723930571045
conditional-fit-0090,axis3_code_agentic,383,0.003296489928258344
conditional-fit-0090,axis3_code_agentic,384,0.0004236713330566341
conditional-fit-0090,axis3_code_agentic,385,5.2420176897930064e-05
conditional-fit-0090,axis3_code_agentic,386,1.539180558549921e-06
conditional-fit-0090,axis3_code_agentic,387,3.3294000323863525e-05
conditional-fit-0090,axis3_code_agentic,388,0.1976318724696057
conditional-fit-0090,axis3_code_agentic,389,9.01338206971894e-05
conditional-fit-0090,axis3_code_agentic,390,0.03018624241270449
conditional-fit-0090,axis3_code_agentic,391,6.376091524670918e-05
conditional-fit-0090,axis3_code_agentic,392,0.003944420572964725
conditional-fit-0090,axis3_code_agentic,393,0.00111958566878551
conditional-fit-0090,axis3_code_agentic,394,0.0001316964338597743
conditional-fit-0090,axis3_code_agentic,395,0.1842095041926272
conditional-fit-0090,axis3_code_agentic,396,5.7695478510857154e-05
conditional-fit-0090,axis3_code_agentic,397,0.00014465413479765928
conditional-fit-0090,axis3_code_agentic,398,8.156805401043532e-06
conditional-fit-0090,axis3_code_agentic,399,0.0011274404735851901
conditional-fit-0090,axis3_code_agentic,400,0.00018827938930056885
conditional-fit-0090,axis3_code_agentic,401,0.0014687791831624892
conditional-fit-0090,axis3_code_agentic,402,2.1972720609526422e-05
conditional-fit-0090,axis3_code_agentic,403,0.0002378661929129997
conditional-fit-0090,axis3_code_agentic,404,0.0025804342396166446
conditional-fit-0090,axis3_code_agentic,405,0.0007294829774552778
conditional-fit-0090,axis3_code_agentic,406,4.01780653253031e-05
conditional-fit-0090,axis3_code_agentic,407,1.3568108186975323e-05
conditional-fit-0090,axis3_code_agentic,408,0.00020571322395253658
conditional-fit-0090,axis3_code_agentic,409,0.00016145804130520772
conditional-fit-0090,axis3_code_agentic,410,1.2169575226515036e-05
conditional-fit-0090,axis3_code_agentic,411,9.95171982384015e-05
conditional-fit-0090,axis3_code_agentic,412,0.00021622343110669248
conditional-fit-0090,axis3_code_agentic,413,0.00015111025499829126
conditional-fit-0090,axis3_code_agentic,414,0.002792474524270513
conditional-fit-0090,axis3_code_agentic,415,1.1176033118604192e-05
conditional-fit-0090,axis3_code_agentic,416,0.0017332693350793982
conditional-fit-0090,axis3_code_agentic,417,0.00020078896367483977
conditional-fit-0090,axis3_code_agentic,418,7.93572728634638e-05
conditional-fit-0090,axis3_code_agentic,419,0.006091090756637078
conditional-fit-0090,axis3_code_agentic,420,2.694174375184269e-05
conditional-fit-0090,axis3_code_agentic,421,0.00033198052276229304
conditional-fit-0090,axis3_code_agentic,422,0.22366870937691066
conditional-fit-0090,axis3_code_agentic,423,1.607998327639136e-05
conditional-fit-0090,axis3_code_agentic,424,0.00026799698196110764
conditional-fit-0090,axis3_code_agentic,425,0.0033143318244827254
conditional-fit-0090,axis3_code_agentic,426,1.8824655594009305e-05
conditional-fit-0090,axis3_code_agentic,427,3.6846967590036935e-05
conditional-fit-0090,axis3_code_agentic,428,0.00010527982146105389
conditional-fit-0090,axis3_code_agentic,429,0.0002699918181437176
conditional-fit-0090,axis3_code_agentic,430,0.0004918120310055951
conditional-fit-0090,axis3_code_agentic,431,0.0007645507673198716
conditional-fit-0090,axis3_code_agentic,432,0.0027011714527835655
conditional-fit-0090,axis3_code_agentic,433,0.7774253633080318
conditional-fit-0090,axis3_code_agentic,434,0.06588297320045772
conditional-fit-0090,axis3_code_agentic,435,0.00041021162849122755
conditional-fit-0090,axis3_code_agentic,436,0.010874151342126749
conditional-fit-0090,axis3_code_agentic,437,0.10197673166706997
conditional-fit-0090,axis3_code_agentic,438,0.0003368903420037362
conditional-fit-0090,axis3_code_agentic,439,0.17077440383546993
conditional-fit-0090,axis3_code_agentic,440,9.294164089436963e-05
conditional-fit-0090,axis3_code_agentic,441,0.3293322784807743
conditional-fit-0090,axis3_code_agentic,442,0.09508156994071676
conditional-fit-0090,axis3_code_agentic,443,5.332300799551528e-05
conditional-fit-0090,axis3_code_agentic,444,0.014442694237025138
conditional-fit-0090,axis3_code_agentic,445,0.00026992026327371196
conditional-fit-0090,axis3_code_agentic,446,0.0007474582816113838
conditional-fit-0090,axis3_code_agentic,447,0.00029604148114272856
conditional-fit-0090,axis3_code_agentic,448,3.275261457530966e-05
conditional-fit-0090,axis3_code_agentic,449,2.414071758574789e-05
conditional-fit-0090,axis3_code_agentic,450,7.15960434786693e-05
conditional-fit-0090,axis3_code_agentic,451,8.387946546226227e-05
conditional-fit-0090,axis3_code_agentic,452,5.399562079964766e-05
conditional-fit-0090,axis3_code_agentic,453,0.01981705984555852
conditional-fit-0090,axis3_code_agentic,454,0.026512111927371695
conditional-fit-0090,axis3_code_agentic,455,0.42080710520922093
conditional-fit-0090,axis3_code_agentic,456,0.10665736154942525
conditional-fit-0090,axis3_code_agentic,457,0.05175630046678022
conditional-fit-0090,axis3_code_agentic,458,0.028452240267772613
conditional-fit-0090,axis3_code_agentic,459,0.011785683928452655
conditional-fit-0090,axis3_code_agentic,460,0.16560295439299152
conditional-fit-0090,axis3_code_agentic,461,1.499807678405824e-05
conditional-fit-0090,axis3_code_agentic,462,4.17075448498538e-06
conditional-fit-0090,axis3_code_agentic,463,0.0003053231388814515
conditional-fit-0090,axis3_code_agentic,464,0.0003161753057923364
conditional-fit-0090,axis3_code_agentic,465,0.0004426532214147992
conditional-fit-0090,axis3_code_agentic,466,8.080824592668474e-05
conditional-fit-0090,axis3_code_agentic,467,0.00043483151638935044
conditional-fit-0090,axis3_code_agentic,468,3.417806108576731e-07
conditional-fit-0090,axis3_code_agentic,469,6.6240643052806985e-06
conditional-fit-0090,axis3_code_agentic,470,0.000739360383983636
conditional-fit-0090,axis3_code_agentic,471,4.814901643989451e-06
conditional-fit-0090,axis3_code_agentic,472,0.00020677839178138654
conditional-fit-0090,axis3_code_agentic,473,0.00011161209752995236
conditional-fit-0090,axis3_code_agentic,474,0.00012712274248416914
conditional-fit-0090,axis3_code_agentic,475,0.0026053553627008127
conditional-fit-0090,axis3_code_agentic,476,0.00027529088736001335
conditional-fit-0090,axis3_code_agentic,477,1.3035535840471755e-05
conditional-fit-0090,axis3_code_agentic,478,0.00015318572380452957
conditional-fit-0090,axis3_code_agentic,479,2.6309634268352075e-05
conditional-fit-0090,axis3_code_agentic,480,3.414396580530913e-07
conditional-fit-0090,axis3_code_agentic,481,0.00010661879700813228
conditional-fit-0090,axis3_code_agentic,482,1.1209919666624419e-05
conditional-fit-0090,axis3_code_agentic,483,6.479833879094388e-05
conditional-fit-0090,axis3_code_agentic,484,3.9649425538845615e-05
conditional-fit-0090,axis3_code_agentic,485,0.00011606198727905752
conditional-fit-0090,axis3_code_agentic,486,8.739023275810508e-06
conditional-fit-0090,axis3_code_agentic,487,1.0376818566979184e-05
conditional-fit-0090,axis3_code_agentic,488,0.00012084756278154804
conditional-fit-0090,axis3_code_agentic,489,1.201268743189762e-05
conditional-fit-0090,axis3_code_agentic,490,0.024649790604564313
conditional-fit-0090,axis3_code_agentic,491,0.00227920778464497
conditional-fit-0090,axis3_code_agentic,492,0.016675142890662836
conditional-fit-0090,axis3_code_agentic,493,0.00293834285921384
conditional-fit-0090,axis3_code_agentic,494,1.254609135570204e-05
conditional-fit-0090,axis3_code_agentic,495,0.004825190686347161
conditional-fit-0090,axis3_code_agentic,496,0.0018654271006001016
conditional-fit-0090,axis3_code_agentic,497,0.001890821291855556
conditional-fit-0090,axis3_code_agentic,498,9.056982416080157e-05
conditional-fit-0090,axis3_code_agentic,499,5.96346767640992e-06
conditional-fit-0090,axis3_code_agentic,500,0.0005056506630964819
conditional-fit-0090,axis3_code_agentic,501,7.11544840081151e-05
conditional-fit-0090,axis3_code_agentic,502,9.314867391128337e-05
conditional-fit-0090,axis3_code_agentic,503,6.549544267737645e-07
conditional-fit-0090,axis3_code_agentic,504,2.9648011458847778e-05
conditional-fit-0090,axis3_code_agentic,505,0.0035174445710934826
conditional-fit-0090,axis3_code_agentic,506,4.4199902064413807e-07
conditional-fit-0090,axis3_code_agentic,507,1.5870332544981913e-05
conditional-fit-0090,axis3_code_agentic,508,0.0004229774759929252
conditional-fit-0090,axis3_code_agentic,509,6.3187581308561325e-06
conditional-fit-0090,axis3_code_agentic,510,8.860497871690513e-06
conditional-fit-0090,axis3_code_agentic,511,1.1978553880157545e-05
conditional-fit-0090,axis3_code_agentic,512,7.4753228999508745e-06
conditional-fit-0090,axis3_code_agentic,513,2.7105667272101498e-05
conditional-fit-0090,axis3_code_agentic,514,9.081513762651694e-05
conditional-fit-0090,axis3_code_agentic,515,0.00034357875730852555
conditional-fit-0090,axis3_code_agentic,516,0.00011265657190715915
conditional-fit-0090,axis3_code_agentic,517,2.1705444103262933e-05
conditional-fit-0090,axis3_code_agentic,518,6.986823582664105e-06
conditional-fit-0090,axis3_code_agentic,519,0.01597807314392059
conditional-fit-0090,axis3_code_agentic,520,8.511970957180985e-06
conditional-fit-0090,axis3_code_agentic,521,0.000407354189983882
conditional-fit-0090,axis3_code_agentic,522,0.0003554706314789915
conditional-fit-0090,axis3_code_agentic,523,5.2118505468969894e-05
conditional-fit-0090,axis3_code_agentic,524,0.43566151843316053
conditional-fit-0090,axis3_code_agentic,525,0.2659199410880378
conditional-fit-0090,axis3_code_agentic,526,0.0017106622943552096
conditional-fit-0090,axis3_code_agentic,527,0.03600107142641675
conditional-fit-0090,axis3_code_agentic,528,0.002600584076998674
conditional-fit-0090,axis3_code_agentic,529,1.5404704540417425e-05
conditional-fit-0090,axis3_code_agentic,530,0.0013289874140753784
conditional-fit-0090,axis3_code_agentic,531,0.0037753673346680363
conditional-fit-0090,axis3_code_agentic,532,0.00014542213411511566
conditional-fit-0090,axis3_code_agentic,533,0.007684323997782628
conditional-fit-0090,axis3_code_agentic,534,0.0006762314090935044
conditional-fit-0090,axis3_code_agentic,535,0.0032678362386223975
conditional-fit-0090,axis3_code_agentic,536,3.221567793646922e-05
conditional-fit-0090,axis3_code_agentic,537,1.752500957915823e-05
conditional-fit-0090,axis3_code_agentic,538,0.002534902962472373
conditional-fit-0090,axis3_code_agentic,539,4.293761131570737e-06
conditional-fit-0090,axis3_code_agentic,540,0.005468362784404916
conditional-fit-0090,axis3_code_agentic,541,0.0011127838635141846
conditional-fit-0090,axis3_code_agentic,542,0.0011419288466955294
conditional-fit-0090,axis3_code_agentic,543,8.456786866972978e-05
conditional-fit-0090,axis3_code_agentic,544,7.664666452867332e-06
conditional-fit-0090,axis3_code_agentic,545,2.3460759026549728e-05
conditional-fit-0090,axis3_code_agentic,546,1.38148193954367e-06
conditional-fit-0090,axis3_code_agentic,547,0.0002837978532810216
conditional-fit-0090,axis3_code_agentic,548,0.006672154627506731
conditional-fit-0090,axis3_code_agentic,549,0.0003446172924012614
conditional-fit-0090,axis3_code_agentic,550,0.00012041210158339607
conditional-fit-0090,axis3_code_agentic,551,0.0016732607125087328
conditional-fit-0090,axis3_code_agentic,552,6.487806440910581e-05
conditional-fit-0090,axis3_code_agentic,553,2.3291068436333645e-05
conditional-fit-0090,axis3_code_agentic,554,1.8485807847881228e-06
conditional-fit-0090,axis3_code_agentic,555,0.00021402413016073445
conditional-fit-0090,axis3_code_agentic,556,2.4014787486574014e-05
conditional-fit-0090,axis3_code_agentic,557,0.0017536492479561482
conditional-fit-0090,axis3_code_agentic,558,0.000699481444124093
conditional-fit-0090,axis3_code_agentic,559,2.9079611692837073e-05
conditional-fit-0090,axis3_code_agentic,560,0.0009995184455916981
conditional-fit-0090,axis3_code_agentic,561,0.00066235253965499
conditional-fit-0090,axis3_code_agentic,562,0.017099710793450622
conditional-fit-0090,axis3_code_agentic,563,0.04499459142182026
conditional-fit-0090,axis3_code_agentic,564,0.0006502758079399672
conditional-fit-0090,axis3_code_agentic,565,4.291621641734103e-05
conditional-fit-0090,axis3_code_agentic,566,1.3400842769409052e-06
conditional-fit-0090,axis3_code_agentic,567,1.2107239382843637e-05
conditional-fit-0090,axis3_code_agentic,568,0.004583604763696177
conditional-fit-0090,axis3_code_agentic,569,0.00016736903292993024
conditional-fit-0090,axis3_code_agentic,570,2.4873533988315676e-05
conditional-fit-0090,axis3_code_agentic,571,0.0016761560846156737
conditional-fit-0090,axis3_code_agentic,572,0.0035609795556010865
conditional-fit-0090,axis3_code_agentic,573,0.2329442952559237
conditional-fit-0090,axis3_code_agentic,574,0.00034475801494382197
conditional-fit-0090,axis3_code_agentic,575,5.35750238465318e-06
conditional-fit-0090,axis3_code_agentic,576,9.748226630018204e-06
conditional-fit-0090,axis3_code_agentic,577,5.9085150709596496e-05
conditional-fit-0090,axis3_code_agentic,578,1.7519469518597534e-05
conditional-fit-0090,axis3_code_agentic,579,0.05625139953955159
conditional-fit-0090,axis3_code_agentic,580,5.1927059780323655e-05
conditional-fit-0090,axis3_code_agentic,581,7.776382304478073e-06
conditional-fit-0090,axis3_code_agentic,582,3.402011955608157e-05
conditional-fit-0090,axis3_code_agentic,583,9.953415673780158e-05
conditional-fit-0090,axis3_code_agentic,584,6.637565237399166e-05
conditional-fit-0090,axis3_code_agentic,585,0.003201974232735246
conditional-fit-0090,axis3_code_agentic,586,6.912831449768721e-07
conditional-fit-0090,axis3_code_agentic,587,1.4138048209472636e-05
conditional-fit-0090,axis3_code_agentic,588,1.9016124945533236e-06
conditional-fit-0090,axis3_code_agentic,589,3.171419670038176e-06
conditional-fit-0090,axis3_code_agentic,590,1.5852453928871084e-05
conditional-fit-0090,axis3_code_agentic,591,1.3917413895848005e-05
conditional-fit-0090,axis3_code_agentic,592,5.821779384088851e-06
conditional-fit-0090,axis3_code_agentic,593,3.844396076564507e-05
conditional-fit-0090,axis3_code_agentic,594,0.019413070212443848
conditional-fit-0090,axis3_code_agentic,595,0.0006084806858006155
conditional-fit-0090,axis3_code_agentic,596,1.0310791204817732e-05
conditional-fit-0090,axis3_code_agentic,597,1.1092147205662224e-05
conditional-fit-0090,axis3_code_agentic,598,5.078530942750354e-05
conditional-fit-0090,axis3_code_agentic,599,1.2812439330728439e-05
conditional-fit-0090,axis3_code_agentic,600,2.706854816140666e-05
conditional-fit-0090,axis3_code_agentic,601,0.028081955322397455
conditional-fit-0090,axis3_code_agentic,602,1.9370272945465995e-05
conditional-fit-0090,axis3_code_agentic,603,4.009857172465491e-06
conditional-fit-0090,axis3_code_agentic,604,0.00015880710917635845
conditional-fit-0090,axis3_code_agentic,605,0.013661790185598882
conditional-fit-0090,axis3_code_agentic,606,0.0003576443623135039
conditional-fit-0090,axis3_code_agentic,607,5.0838758551942386e-05
conditional-fit-0090,axis3_code_agentic,608,2.9013907735873853e-07
conditional-fit-0090,axis3_code_agentic,609,2.235227878012621e-06
conditional-fit-0090,axis3_code_agentic,610,1.0664034697298689e-06
conditional-fit-0090,axis3_code_agentic,611,9.234600662052178e-06
conditional-fit-0090,axis3_code_agentic,612,8.736776311123257e-06
conditional-fit-0090,axis3_code_agentic,613,1.8902100246606947e-06
conditional-fit-0090,axis3_code_agentic,614,1.5028821355339358e-06
conditional-fit-0090,axis3_code_agentic,615,7.419584230776221e-06
conditional-fit-0090,axis3_code_agentic,616,0.000829562248482974
conditional-fit-0090,axis3_code_agentic,617,0.00011371469596452982
conditional-fit-0090,axis3_code_agentic,618,4.32685392891514e-05
conditional-fit-0090,axis3_code_agentic,619,1.8132008702273367e-06
conditional-fit-0090,axis3_code_agentic,620,4.2972690025927416e-05
conditional-fit-0090,axis3_code_agentic,621,9.82455123370254e-06
conditional-fit-0090,axis3_code_agentic,622,1.3726694756827906e-06
conditional-fit-0090,axis3_code_agentic,623,0.0008360711462123209
conditional-fit-0090,axis3_code_agentic,624,9.756138298619713e-07
conditional-fit-0090,axis3_code_agentic,625,3.0734652665741196e-05
conditional-fit-0090,axis3_code_agentic,626,0.003399867378691697
conditional-fit-0090,axis3_code_agentic,627,6.317961143835199e-06
conditional-fit-0090,axis3_code_agentic,628,1.4149210116685393e-05
conditional-fit-0090,axis3_code_agentic,629,1.0375800308260826e-05
conditional-fit-0090,axis3_code_agentic,630,7.845865279284083e-07
conditional-fit-0090,axis3_code_agentic,631,0.00012829726896366613
conditional-fit-0090,axis3_code_agentic,632,9.748543356580182e-07
conditional-fit-0090,axis3_code_agentic,633,4.505507756491561e-06
conditional-fit-0090,axis3_code_agentic,634,0.0035386889052197836
conditional-fit-0090,axis3_code_agentic,635,7.394765004736781e-06
conditional-fit-0090,axis3_code_agentic,636,1.4776758237240522e-06
conditional-fit-0090,axis3_code_agentic,637,1.4358777627230399e-05
conditional-fit-0090,axis3_code_agentic,638,0.00020531771526510553
conditional-fit-0090,axis3_code_agentic,639,0.0001719978743750887
conditional-fit-0090,axis3_code_agentic,640,0.00019784455259711105
conditional-fit-0090,axis3_code_agentic,641,4.12823073839202e-06
conditional-fit-0090,axis3_code_agentic,642,1.4934379703255184e-06
conditional-fit-0090,axis3_code_agentic,643,0.0005436823006809393
conditional-fit-0090,axis3_code_agentic,644,2.405083915506056e-06
conditional-fit-0090,axis3_code_agentic,645,0.0023430249376260445
conditional-fit-0090,axis3_code_agentic,646,1.276452979427998e-05
conditional-fit-0090,axis3_code_agentic,647,0.0004269913874609166
conditional-fit-0090,axis3_code_agentic,648,8.667045249204491e-06
conditional-fit-0090,axis3_code_agentic,649,0.0010129407370992815
conditional-fit-0090,axis3_code_agentic,650,2.9120853848001793e-06
conditional-fit-0090,axis3_code_agentic,651,4.627236266808369e-06
conditional-fit-0090,axis3_code_agentic,652,1.5849059254798815e-06
conditional-fit-0090,axis3_code_agentic,653,4.471152955133384e-05
conditional-fit-0090,axis3_code_agentic,654,8.52633315279873e-07
conditional-fit-0090,axis3_code_agentic,655,6.639171170336306e-06
conditional-fit-0090,axis3_code_agentic,656,9.590669104248913e-06
conditional-fit-0090,axis3_code_agentic,657,0.0026253283309210364
conditional-fit-0090,axis3_code_agentic,658,5.089311320551328e-05
conditional-fit-0090,axis3_code_agentic,659,6.655060300354758e-06
conditional-fit-0090,axis3_code_agentic,660,3.171310918949547e-05
conditional-fit-0090,axis3_code_agentic,661,0.0005245269037729508
conditional-fit-0090,axis3_code_agentic,662,0.004316084761316522
conditional-fit-0090,axis3_code_agentic,663,0.05375305205962562
conditional-fit-0090,axis3_code_agentic,664,0.135494965533412
conditional-fit-0090,axis3_code_agentic,665,0.07639707793395085
conditional-fit-0090,axis3_code_agentic,666,2.140126520247515
conditional-fit-0090,axis3_code_agentic,667,0.0065545885917544155
conditional-fit-0090,axis3_code_agentic,668,0.0009732473429950317
conditional-fit-0090,axis3_code_agentic,669,7.37893583379494e-05
conditional-fit-0090,axis3_code_agentic,670,3.119788330257085e-05
conditional-fit-0090,axis3_code_agentic,671,1.8423664460162581e-06
conditional-fit-0090,axis3_code_agentic,672,0.00020686849799859966
conditional-fit-0090,axis3_code_agentic,673,0.0001481252411712307
conditional-fit-0090,axis3_code_agentic,674,2.2730423326136215e-06
conditional-fit-0090,axis3_code_agentic,675,5.889610137051737e-07
conditional-fit-0090,axis3_code_agentic,676,1.2635749448996416e-05
conditional-fit-0090,axis3_code_agentic,677,2.843475263347262e-06
conditional-fit-0090,axis3_code_agentic,678,0.00020837324873589525
conditional-fit-0090,axis3_code_agentic,679,6.257599749280331e-07
conditional-fit-0090,axis3_code_agentic,680,0.003885393429755276
conditional-fit-0090,axis3_code_agentic,681,0.00024321422453083024
conditional-fit-0090,axis3_code_agentic,682,0.0042366996263563704
conditional-fit-0090,axis3_code_agentic,683,0.04667563812102837
conditional-fit-0090,axis3_code_agentic,684,0.30269940148669977
conditional-fit-0090,axis3_code_agentic,685,1.5822535711043663e-05
conditional-fit-0090,axis3_code_agentic,686,0.3015377978019065
conditional-fit-0090,axis3_code_agentic,687,0.8161771603406526
conditional-fit-0090,axis3_code_agentic,688,0.7775786882695864
conditional-fit-0090,axis3_code_agentic,689,0.012654171327026134
conditional-fit-0090,axis3_code_agentic,690,0.0023615115315920123
conditional-fit-0090,axis3_code_agentic,691,1.385048856953251
conditional-fit-0090,axis3_code_agentic,692,0.0009631253947951514
conditional-fit-0090,axis3_code_agentic,693,0.004346601097321818
conditional-fit-0090,axis3_code_agentic,694,0.044048811659629435
conditional-fit-0090,axis3_code_agentic,695,0.0005901405530392839
conditional-fit-0090,axis3_code_agentic,696,0.00010443487061954255
conditional-fit-0090,axis3_code_agentic,697,0.021882062195313953
conditional-fit-0090,axis3_code_agentic,698,0.21929996893104245
conditional-fit-0090,axis3_code_agentic,699,0.006167162138070184
conditional-fit-0090,axis3_code_agentic,700,0.763525654569293
conditional-fit-0090,axis3_code_agentic,701,0.25142059936896644
conditional-fit-0090,axis3_code_agentic,702,0.032247887589789935
conditional-fit-0090,axis3_code_agentic,703,0.10531692995943702
conditional-fit-0090,axis3_code_agentic,704,0.09529863805087307
conditional-fit-0090,axis3_code_agentic,705,0.08867792860534734
conditional-fit-0090,axis3_code_agentic,706,0.9639284052144829
conditional-fit-0090,axis3_code_agentic,707,1.5915250365971065
conditional-fit-0090,axis3_code_agentic,708,0.024480738056656955
conditional-fit-0090,axis3_code_agentic,709,0.007676481991010489
conditional-fit-0090,axis3_code_agentic,710,0.01950430350384608
conditional-fit-0090,axis3_code_agentic,711,2.21737836365202e-05
conditional-fit-0090,axis3_code_agentic,712,0.0036718926193049072
conditional-fit-0090,axis3_code_agentic,713,0.006934036596445541
conditional-fit-0090,axis3_code_agentic,714,0.002234746985687479
conditional-fit-0090,axis3_code_agentic,715,0.08261746829429026
conditional-fit-0090,axis3_code_agentic,716,0.5524774569556719
conditional-fit-0090,axis3_code_agentic,717,0.004715404480186669
conditional-fit-0090,axis3_code_agentic,718,0.001742839718723082
conditional-fit-0090,axis3_code_agentic,719,0.19125805653131342
conditional-fit-0090,axis3_code_agentic,720,0.000245602751750485
conditional-fit-0090,axis3_code_agentic,721,1.573263616671502e-05
conditional-fit-0090,axis3_code_agentic,722,0.0012294107244671783
conditional-fit-0090,axis3_code_agentic,723,0.00020036765549011159
conditional-fit-0090,axis3_code_agentic,724,0.008846349895698593
conditional-fit-0090,axis3_code_agentic,725,0.008157447979354748
conditional-fit-0090,axis3_code_agentic,726,9.545991641128337e-05
conditional-fit-0090,axis3_code_agentic,727,0.00020135300041304458
conditional-fit-0090,axis3_code_agentic,728,0.1109468376137254
conditional-fit-0090,axis3_code_agentic,729,0.12048685758485989
conditional-fit-0090,axis3_code_agentic,730,0.24490835667407684
conditional-fit-0090,axis3_code_agentic,731,0.00016669583457400565
conditional-fit-0090,axis3_code_agentic,732,0.02229042400994659
conditional-fit-0090,axis3_code_agentic,733,0.038092895036071134
conditional-fit-0090,axis3_code_agentic,734,0.07858464847094891
conditional-fit-0090,axis3_code_agentic,735,0.00010336385589815799
conditional-fit-0090,axis3_code_agentic,736,8.568969403305844e-05
conditional-fit-0090,axis3_code_agentic,737,0.0008310424996479952
conditional-fit-0090,axis3_code_agentic,738,0.005762541455924579
conditional-fit-0090,axis3_code_agentic,739,6.526869346292758e-06
conditional-fit-0090,axis3_code_agentic,740,1.5727365019849047
conditional-fit-0090,axis3_code_agentic,741,0.00019208843631266838
conditional-fit-0090,axis3_code_agentic,742,0.0017790486342011702
conditional-fit-0090,axis3_code_agentic,743,9.584615746295985e-06
conditional-fit-0090,axis3_code_agentic,744,2.216521746933246e-05
conditional-fit-0090,axis3_code_agentic,745,0.000381557506129652
conditional-fit-0090,axis3_code_agentic,746,0.00393681486426241
conditional-fit-0090,axis3_code_agentic,747,0.028258327152483637
conditional-fit-0090,axis3_code_agentic,748,9.50878510455546e-07
conditional-fit-0090,axis3_code_agentic,749,0.00017169299617769452
conditional-fit-0090,axis3_code_agentic,750,2.019074577917595e-05
conditional-fit-0090,axis3_code_agentic,751,7.628547131218215e-05
conditional-fit-0090,axis3_code_agentic,752,0.000317363366788837
conditional-fit-0090,axis3_code_agentic,753,2.1863515717719796e-06
conditional-fit-0090,axis3_code_agentic,754,0.0006894713776232086
conditional-fit-0090,axis3_code_agentic,755,1.335034474509367e-05
conditional-fit-0090,axis3_code_agentic,756,9.353125747805844e-05
conditional-fit-0090,axis3_code_agentic,757,3.2032490329082545e-06
conditional-fit-0090,axis3_code_agentic,758,3.263836994594276e-05
conditional-fit-0090,axis3_code_agentic,759,4.6805124018653206e-05
conditional-fit-0090,axis3_code_agentic,760,0.00018334972744337243
conditional-fit-0090,axis3_code_agentic,761,0.000581082020399081
conditional-fit-0090,axis3_code_agentic,762,2.6174577353026777e-05
conditional-fit-0090,axis3_code_agentic,763,3.35229555484278e-06
conditional-fit-0090,axis3_code_agentic,764,0.000468206265922917
conditional-fit-0090,axis3_code_agentic,765,0.0002004068575254121
conditional-fit-0090,axis3_code_agentic,766,0.0026128491905516213
conditional-fit-0090,axis3_code_agentic,767,0.006506245976280164
conditional-fit-0090,axis3_code_agentic,768,0.00012609464987645047
conditional-fit-0090,axis3_code_agentic,769,0.0005395577075296901
conditional-fit-0090,axis3_code_agentic,770,9.777246677612902e-05
conditional-fit-0090,axis3_code_agentic,771,0.00019955514800172998
conditional-fit-0090,axis3_code_agentic,772,0.09934061860888575
conditional-fit-0090,axis3_code_agentic,773,0.0009174567645980176
conditional-fit-0090,axis3_code_agentic,774,0.011484191943703781
conditional-fit-0090,axis3_code_agentic,775,0.13270827499418372
conditional-fit-0090,axis3_code_agentic,776,0.043441423688360854
conditional-fit-0090,axis3_code_agentic,777,0.09654465502571617
conditional-fit-0090,axis3_code_agentic,778,4.7719172150467616e-05
conditional-fit-0090,axis3_code_agentic,779,6.332930035240904e-06
conditional-fit-0090,axis3_code_agentic,780,0.1302215482804865
conditional-fit-0090,axis3_code_agentic,781,0.00014878986778807767
conditional-fit-0090,axis3_code_agentic,782,3.196868956639246e-05
conditional-fit-0090,axis3_code_agentic,783,0.10446917425911317
conditional-fit-0090,axis3_code_agentic,784,4.1202139208793164e-05
conditional-fit-0090,axis3_code_agentic,785,0.00322102777822761
conditional-fit-0090,axis3_code_agentic,786,0.03111179093249544
conditional-fit-0090,axis3_code_agentic,787,0.03942392833743779
conditional-fit-0090,axis3_code_agentic,788,0.3669997477710188
conditional-fit-0090,axis3_code_agentic,789,0.002772329731091423
conditional-fit-0090,axis3_code_agentic,790,1.507426875643284e-06
conditional-fit-0090,axis3_code_agentic,791,1.091323730990699e-05
conditional-fit-0090,axis3_code_agentic,792,0.00013213290899887048
conditional-fit-0090,axis3_code_agentic,793,3.7041611639768533e-06
conditional-fit-0090,axis3_code_agentic,794,0.001411583763328048
conditional-fit-0090,axis3_code_agentic,795,6.057125367565978e-05
conditional-fit-0090,axis3_code_agentic,796,0.0018732988859413012
conditional-fit-0090,axis3_code_agentic,797,0.05187175636444158
conditional-fit-0090,axis3_code_agentic,798,0.0015278122748177687
conditional-fit-0090,axis3_code_agentic,799,0.018290837463766012
conditional-fit-0090,axis3_code_agentic,800,0.0029504581734893023
conditional-fit-0090,axis3_code_agentic,801,5.072672552155072e-06
conditional-fit-0090,axis3_code_agentic,802,0.0020760202222922307
conditional-fit-0090,axis3_code_agentic,803,0.0003329693920848385
conditional-fit-0090,axis3_code_agentic,804,0.007943855768458656
conditional-fit-0090,axis3_code_agentic,805,0.0003181868928524023
conditional-fit-0090,axis3_code_agentic,806,0.0014877541464804265
conditional-fit-0090,axis3_code_agentic,807,0.01330128486318167
conditional-fit-0090,axis3_code_agentic,808,1.6533456098536295e-05
conditional-fit-0090,axis3_code_agentic,809,0.05827378794107782
conditional-fit-0090,axis3_code_agentic,810,0.00045060406088681334
conditional-fit-0090,axis3_code_agentic,811,1.7658566487682843e-06
conditional-fit-0090,axis3_code_agentic,812,4.882709643555452e-06
conditional-fit-0090,axis3_code_agentic,813,1.2490459440266946e-05
conditional-fit-0090,axis3_code_agentic,814,9.08714742729635e-05
conditional-fit-0090,axis3_code_agentic,815,0.0028098356773791832
conditional-fit-0090,axis3_code_agentic,816,0.022710774833124673
conditional-fit-0090,axis3_code_agentic,817,0.23558176306978487
conditional-fit-0090,axis3_code_agentic,818,9.689578008168203e-05
conditional-fit-0090,axis3_code_agentic,819,0.0001450618938869262
conditional-fit-0090,axis3_code_agentic,820,7.210704166927536e-06
conditional-fit-0090,axis3_code_agentic,821,3.4462263002391874e-05
conditional-fit-0090,axis3_code_agentic,822,5.157599312813533e-05
conditional-fit-0090,axis3_code_agentic,823,1.6147291334095736e-05
conditional-fit-0090,axis3_code_agentic,824,0.0002646788038981332
conditional-fit-0090,axis3_code_agentic,825,2.9618362071480877e-05
conditional-fit-0090,axis3_code_agentic,826,0.0007181131950106038
conditional-fit-0090,axis3_code_agentic,827,0.005332515025880089
conditional-fit-0090,axis3_code_agentic,828,0.07603641228227317
conditional-fit-0090,axis3_code_agentic,829,0.011935399749109161
conditional-fit-0090,axis3_code_agentic,830,0.07191702530625953
conditional-fit-0090,axis3_code_agentic,831,0.11885212615074725
conditional-fit-0090,axis3_code_agentic,832,0.00032965723412718527
conditional-fit-0090,axis3_code_agentic,833,0.00036448685698083663
conditional-fit-0090,axis3_code_agentic,834,1.441447280992301e-05
conditional-fit-0090,axis3_code_agentic,835,0.016395066501164592
conditional-fit-0090,axis3_code_agentic,836,0.014776894649534956
conditional-fit-0090,axis3_code_agentic,837,0.002166759104342734
conditional-fit-0090,axis3_code_agentic,838,8.189814006323303e-06
conditional-fit-0090,axis3_code_agentic,839,0.046925577608274545
conditional-fit-0090,axis3_code_agentic,840,0.0006408770680105314
conditional-fit-0090,axis3_code_agentic,841,0.07676910737382278
conditional-fit-0090,axis3_code_agentic,842,0.44278777319454116
conditional-fit-0090,axis3_code_agentic,843,0.643219994372447
conditional-fit-0090,axis3_code_agentic,844,0.007754493505654306
conditional-fit-0090,axis3_code_agentic,845,0.018564630123351827
conditional-fit-0090,axis3_code_agentic,846,1.1150878308498021e-06
conditional-fit-0090,axis3_code_agentic,847,1.4674710131278282e-05
conditional-fit-0090,axis3_code_agentic,848,0.001077117956132894
conditional-fit-0090,axis3_code_agentic,849,2.566028952088989e-06
conditional-fit-0090,axis3_code_agentic,850,0.0020975773655789454
conditional-fit-0090,axis3_code_agentic,851,0.00011797145480843408
conditional-fit-0090,axis3_code_agentic,852,1.4592694832112411e-05
conditional-fit-0090,axis3_code_agentic,853,8.250046523447445e-06
conditional-fit-0090,axis3_code_agentic,854,9.489479882460029e-05
conditional-fit-0090,axis3_code_agentic,855,1.177919507382873e-06
conditional-fit-0090,axis3_code_agentic,856,0.0029172671152403206
conditional-fit-0090,axis3_code_agentic,857,0.0001339191169638413
conditional-fit-0090,axis3_code_agentic,858,0.0765851237985399
conditional-fit-0090,axis3_code_agentic,859,0.00019838368809940623
conditional-fit-0090,axis3_code_agentic,860,0.02414177864364471
conditional-fit-0090,axis3_code_agentic,861,3.8468855714353134e-05
conditional-fit-0090,axis3_code_agentic,862,5.5034152476917874e-05
conditional-fit-0090,axis3_code_agentic,863,0.01251977886325064
conditional-fit-0090,axis3_code_agentic,864,3.6238937426590354e-05
conditional-fit-0090,axis3_code_agentic,865,0.19789481473837045
conditional-fit-0090,axis3_code_agentic,866,9.230705660148719e-05
conditional-fit-0090,axis3_code_agentic,867,0.00015991005923854276
conditional-fit-0090,axis3_code_agentic,868,2.2832315259155886e-05
conditional-fit-0090,axis3_code_agentic,869,0.003528331191268823
conditional-fit-0090,axis3_code_agentic,870,0.1496806723180258
conditional-fit-0090,axis3_code_agentic,871,5.4281337786320864e-05
conditional-fit-0090,axis3_code_agentic,872,3.4680073396175497e-05
conditional-fit-0090,axis3_code_agentic,873,2.5839839965963045e-06
conditional-fit-0090,axis3_code_agentic,874,0.009268928113995155
conditional-fit-0090,axis3_code_agentic,875,0.00037490041489122625
conditional-fit-0090,axis3_code_agentic,876,0.04682901325631958
conditional-fit-0090,axis3_code_agentic,877,0.0008597378529016894
conditional-fit-0090,axis3_code_agentic,878,0.04887160820871911
conditional-fit-0090,axis3_code_agentic,879,1.1413663382995348e-05
conditional-fit-0090,axis3_code_agentic,880,3.6380672342649607e-06
conditional-fit-0090,axis3_code_agentic,881,5.239300018227419e-06
conditional-fit-0090,axis3_code_agentic,882,6.9017051203779515e-06
conditional-fit-0090,axis3_code_agentic,883,1.5067434275006452e-06
conditional-fit-0090,axis3_code_agentic,884,2.2250359705234957e-06
conditional-fit-0090,axis3_code_agentic,885,3.834233707099225e-06
conditional-fit-0090,axis3_code_agentic,886,7.242132078199302e-06
conditional-fit-0090,axis3_code_agentic,887,4.289881378987354e-05
conditional-fit-0090,axis3_code_agentic,888,0.0005496800912735089
conditional-fit-0090,axis3_code_agentic,889,0.00034139830290642556
conditional-fit-0090,axis3_code_agentic,890,0.00011252498555585526
conditional-fit-0090,axis3_code_agentic,891,1.4388657748400452e-05
conditional-fit-0090,axis3_code_agentic,892,8.322800764357858e-05
conditional-fit-0090,axis3_code_agentic,893,3.320748716632553e-05
conditional-fit-0090,axis3_code_agentic,894,2.158241215443284e-06
conditional-fit-0090,axis3_code_agentic,895,7.190595668409415e-05
conditional-fit-0090,axis3_code_agentic,896,0.004112343042478316
conditional-fit-0090,axis3_code_agentic,897,1.7909662152156016e-05
conditional-fit-0090,axis3_code_agentic,898,7.853372786617861e-05
conditional-fit-0090,axis3_code_agentic,899,1.2106348302390734e-05
conditional-fit-0090,axis3_code_agentic,900,0.00027205565666847936
conditional-fit-0090,axis3_code_agentic,901,7.4175004316736784e-06
conditional-fit-0090,axis3_code_agentic,902,0.0012649688581080044
conditional-fit-0090,axis3_code_agentic,903,1.6145814437987875e-06
conditional-fit-0090,axis3_code_agentic,904,0.08950137629467425
conditional-fit-0090,axis3_code_agentic,905,1.072403858220204
conditional-fit-0090,axis3_code_agentic,906,0.0013275087891066496
conditional-fit-0090,axis3_code_agentic,907,6.591736560752048e-05
conditional-fit-0090,axis3_code_agentic,908,0.0049251593399078026
conditional-fit-0090,axis3_code_agentic,909,6.263382372207978e-05
conditional-fit-0090,axis3_code_agentic,910,0.0027440875841963372
conditional-fit-0090,axis3_code_agentic,911,0.005592947747776541
conditional-fit-0090,axis3_code_agentic,912,5.415959821015026e-06
conditional-fit-0090,axis3_code_agentic,913,0.08945992209971038
conditional-fit-0090,axis3_code_agentic,914,0.00017173215111268488
conditional-fit-0090,axis3_code_agentic,915,0.0005177627880471381
conditional-fit-0090,axis3_code_agentic,916,5.7731585823908074e-05
conditional-fit-0090,axis3_code_agentic,917,0.00022562110653569543
conditional-fit-0090,axis3_code_agentic,918,0.0009856910015268987
conditional-fit-0090,axis3_code_agentic,919,9.668983184499371e-05
conditional-fit-0090,axis3_code_agentic,920,0.0006837739202895821
conditional-fit-0090,axis3_code_agentic,921,1.1558510245566495e-05
conditional-fit-0090,axis3_code_agentic,922,9.638393195445667e-05
conditional-fit-0090,axis3_code_agentic,923,0.003037000337917191
conditional-fit-0090,axis3_code_agentic,924,7.415312805878225e-05
conditional-fit-0090,axis3_code_agentic,925,0.0005928239137448369
conditional-fit-0090,axis3_code_agentic,926,8.811051641118998e-05
conditional-fit-0090,axis3_code_agentic,927,7.467866452529794e-05
conditional-fit-0090,axis3_code_agentic,928,0.004691051298020199
conditional-fit-0090,axis3_code_agentic,929,0.43038474106317504
conditional-fit-0090,axis3_code_agentic,930,0.7091952561302016
conditional-fit-0090,axis3_code_agentic,931,1.288183352953506
conditional-fit-0090,axis3_code_agentic,932,0.0004937133725816055
conditional-fit-0090,axis3_code_agentic,933,0.03709292152306571
conditional-fit-0090,axis3_code_agentic,934,0.017096560458415594
conditional-fit-0090,axis3_code_agentic,935,2.518236665602729e-05
conditional-fit-0090,axis3_code_agentic,936,0.006367576375661406
conditional-fit-0090,axis3_code_agentic,937,0.00020035592120487572
conditional-fit-0090,axis3_code_agentic,938,0.0001439022586731564
conditional-fit-0090,axis3_code_agentic,939,0.0027818085926649434
conditional-fit-0090,axis3_code_agentic,940,0.00016124118561439954
conditional-fit-0090,axis3_code_agentic,941,3.492492194410749e-05
conditional-fit-0090,axis3_code_agentic,942,0.00017772943998556884
conditional-fit-0090,axis3_code_agentic,943,2.1175170164865122e-05
conditional-fit-0090,axis3_code_agentic,944,0.00014734820893140858
conditional-fit-0090,axis3_code_agentic,945,1.1569861578668907e-05
conditional-fit-0090,axis3_code_agentic,946,7.312566213988657e-05
conditional-fit-0090,axis3_code_agentic,947,0.0001205561414662315
conditional-fit-0090,axis3_code_agentic,948,0.00019203266496092708
conditional-fit-0090,axis3_code_agentic,949,0.014378923217152357
conditional-fit-0090,axis3_code_agentic,950,0.00224601586424916
conditional-fit-0090,axis3_code_agentic,951,4.881824425148652e-06
conditional-fit-0090,axis3_code_agentic,952,4.5412869381334686e-06
conditional-fit-0090,axis3_code_agentic,953,5.177079654126123e-05
conditional-fit-0090,axis3_code_agentic,954,1.3402785504263466e-05
conditional-fit-0090,axis3_code_agentic,955,0.00012296598790025224
conditional-fit-0090,axis3_code_agentic,956,0.00016138423409589554
conditional-fit-0090,axis3_code_agentic,957,2.4233147994084903e-05
conditional-fit-0090,axis3_code_agentic,958,2.363696296881397e-05
conditional-fit-0090,axis3_code_agentic,959,1.6471541710429604e-06
conditional-fit-0090,axis3_code_agentic,960,0.0002187626176600809
conditional-fit-0090,axis3_code_agentic,961,0.00015646954797266343
conditional-fit-0090,axis3_code_agentic,962,0.00040785326173334557
conditional-fit-0090,axis3_code_agentic,963,4.3429193040666115e-05
conditional-fit-0090,axis3_code_agentic,964,0.0020175525659740364
conditional-fit-0090,axis3_code_agentic,965,0.00015654593622871005
conditional-fit-0090,axis3_code_agentic,966,0.00012056437536248523
conditional-fit-0090,axis3_code_agentic,967,5.202925625210442e-05
conditional-fit-0090,axis3_code_agentic,968,4.076972853755201e-05
conditional-fit-0090,axis3_code_agentic,969,1.8101069471792378e-05
conditional-fit-0090,axis3_code_agentic,970,0.00022029366854441177
conditional-fit-0090,axis3_code_agentic,971,2.388021531474943e-05
conditional-fit-0090,axis3_code_agentic,972,0.00024137313575137273
conditional-fit-0090,axis3_code_agentic,973,5.363918044508839e-05
conditional-fit-0090,axis3_code_agentic,974,7.56734710355812e-05
conditional-fit-0090,axis3_code_agentic,975,5.3115571904921135e-06
conditional-fit-0090,axis3_code_agentic,976,0.002074879395252229
conditional-fit-0090,axis3_code_agentic,977,3.0323937628269752e-05
conditional-fit-0090,axis3_code_agentic,978,6.184818856107033e-05
conditional-fit-0090,axis3_code_agentic,979,0.007121425724431887
conditional-fit-0090,axis3_code_agentic,980,1.766417376608383e-05
conditional-fit-0090,axis3_code_agentic,981,0.00041655348643475484
conditional-fit-0090,axis3_code_agentic,982,3.135626585599045e-05
conditional-fit-0090,axis3_code_agentic,983,0.00014941228912711518
conditional-fit-0090,axis3_code_agentic,984,0.0005413678943605028
conditional-fit-0090,axis3_code_agentic,985,0.003578142151434617
conditional-fit-0090,axis3_code_agentic,986,0.0007201754519543702
conditional-fit-0090,axis3_code_agentic,987,0.0004520607568470454
conditional-fit-0090,axis3_code_agentic,988,0.008202634295538845
conditional-fit-0090,axis3_code_agentic,989,0.017949427296157398
conditional-fit-0090,axis3_code_agentic,990,0.0001892999008229922
conditional-fit-0090,axis3_code_agentic,991,0.3651781511811392
conditional-fit-0090,axis3_code_agentic,992,0.005496158614100662
conditional-fit-0090,axis3_code_agentic,993,0.0002492896114141861
conditional-fit-0090,axis3_code_agentic,994,0.021331208157008823
conditional-fit-0090,axis3_code_agentic,995,0.00010596891675656233
conditional-fit-0090,axis3_code_agentic,996,0.0009152717794250225
conditional-fit-0090,axis3_code_agentic,997,1.7063585872197574e-05
conditional-fit-0090,axis3_code_agentic,998,2.1657388505232317e-06
conditional-fit-0090,axis3_code_agentic,999,6.0890514787391454e-05
conditional-fit-0090,axis3_code_agentic,1000,0.001155481388929359
conditional-fit-0090,axis3_code_agentic,1001,0.00034702519380930876
conditional-fit-0090,axis3_code_agentic,1002,0.0014059100687104538
conditional-fit-0090,axis3_code_agentic,1003,3.157326679899924e-05
conditional-fit-0090,axis3_code_agentic,1004,6.444827458124675e-05
conditional-fit-0090,axis3_code_agentic,1005,0.00012888914194098065
conditional-fit-0090,axis3_code_agentic,1006,0.016579669323809568
conditional-fit-0090,axis3_code_agentic,1007,0.22394000750027823
conditional-fit-0090,axis3_code_agentic,1008,8.904223780919682e-05
conditional-fit-0090,axis3_code_agentic,1009,0.0013375293531926293
conditional-fit-0090,axis3_code_agentic,1010,0.0009851736816815302
conditional-fit-0090,axis3_code_agentic,1011,8.714311007720309e-05
conditional-fit-0090,axis3_code_agentic,1012,8.643218896933226e-05
conditional-fit-0090,axis3_code_agentic,1013,5.7367623294593565e-05
conditional-fit-0090,axis3_code_agentic,1014,0.0001328970468059176
conditional-fit-0090,axis3_code_agentic,1015,0.00013066770079084815
conditional-fit-0090,axis3_code_agentic,1016,2.6919079000856032e-05
conditional-fit-0090,axis3_code_agentic,1017,4.93569919723987e-06
conditional-fit-0090,axis3_code_agentic,1018,2.084474319674526e-05
conditional-fit-0090,axis3_code_agentic,1019,0.0002294866669313151
conditional-fit-0090,axis3_code_agentic,1020,9.186555936251508e-05
conditional-fit-0090,axis3_code_agentic,1021,0.0011634008586557637
conditional-fit-0090,axis3_code_agentic,1022,9.25074472573781e-05
conditional-fit-0090,axis3_code_agentic,1023,9.789279527092023e-05
conditional-fit-0090,axis3_code_agentic,1024,0.0001557975028260036
conditional-fit-0090,axis3_code_agentic,1025,4.6760750502756465e-05
conditional-fit-0090,axis3_code_agentic,1026,4.865756036503197e-06
conditional-fit-0090,axis3_code_agentic,1027,3.02600432497585e-05
conditional-fit-0090,axis3_code_agentic,1028,0.000200333979248729
conditional-fit-0090,axis3_code_agentic,1029,1.177816112915077e-05
conditional-fit-0090,axis3_code_agentic,1030,5.845673427223643e-06
conditional-fit-0090,axis3_code_agentic,1031,1.1365510295867254e-05
conditional-fit-0090,axis3_code_agentic,1032,0.00010117421992582236
conditional-fit-0090,axis3_code_agentic,1033,6.366874265448515e-05
conditional-fit-0090,axis3_code_agentic,1034,0.00017192081159022294
conditional-fit-0090,axis3_code_agentic,1035,3.933717215988785e-06
conditional-fit-0090,axis3_code_agentic,1036,7.00246089478568e-06
conditional-fit-0090,axis3_code_agentic,1037,4.537672560819992e-06
conditional-fit-0090,axis3_code_agentic,1038,5.97895785984959e-06
conditional-fit-0090,axis3_code_agentic,1039,0.008384305802840279
conditional-fit-0090,axis3_code_agentic,1040,0.0027409919009742777
conditional-fit-0090,axis3_code_agentic,1041,1.3502614631673935
conditional-fit-0090,axis3_code_agentic,1042,0.005323275439269834
conditional-fit-0090,axis3_code_agentic,1043,0.000250932654345779
conditional-fit-0090,axis3_code_agentic,1044,0.000544750357408538
conditional-fit-0090,axis3_code_agentic,1045,0.01898420920300899
conditional-fit-0090,axis3_code_agentic,1046,0.052490673502282155
conditional-fit-0090,axis3_code_agentic,1047,1.4044530616484372e-05
conditional-fit-0090,axis3_code_agentic,1048,0.008368695007966198
conditional-fit-0090,axis3_code_agentic,1049,0.0022104734901007258
conditional-fit-0090,axis3_code_agentic,1050,9.133223632884098e-06
conditional-fit-0090,axis3_code_agentic,1051,1.650259360597123e-05
conditional-fit-0090,axis3_code_agentic,1052,1.4951317639475762e-05
conditional-fit-0090,axis3_code_agentic,1053,1.8495279256789986e-05
conditional-fit-0090,axis3_code_agentic,1054,0.00033043006888209555
conditional-fit-0090,axis3_code_agentic,1055,0.0016655816637532624
conditional-fit-0090,axis3_code_agentic,1056,0.021765146655464838
conditional-fit-0090,axis3_code_agentic,1057,2.5596398654431884e-05
conditional-fit-0090,axis3_code_agentic,1058,0.027691342584758992
conditional-fit-0090,axis3_code_agentic,1059,4.943473886526839e-06
conditional-fit-0090,axis3_code_agentic,1060,0.0008025042649734247
conditional-fit-0090,axis3_code_agentic,1061,4.5672489321927845e-05
conditional-fit-0090,axis3_code_agentic,1062,0.0003726791802169943
conditional-fit-0090,axis3_code_agentic,1063,6.241270608466521e-06
conditional-fit-0090,axis3_code_agentic,1064,1.6269044647634456e-05
conditional-fit-0090,axis3_code_agentic,1065,7.262497691796646e-06
conditional-fit-0090,axis3_code_agentic,1066,5.743226403753276e-06
conditional-fit-0090,axis3_code_agentic,1067,6.79001338619403e-06
conditional-fit-0090,axis3_code_agentic,1068,0.0002382607752074694
conditional-fit-0090,axis3_code_agentic,1069,6.677415350897048e-05
conditional-fit-0090,axis3_code_agentic,1070,7.479244521681585e-05
conditional-fit-0090,axis3_code_agentic,1071,0.0034973812076982834
conditional-fit-0090,axis3_code_agentic,1072,0.00011340839342058208
conditional-fit-0090,axis3_code_agentic,1073,6.854184333496804e-05
conditional-fit-0090,axis3_code_agentic,1074,3.191291948250135e-05
conditional-fit-0090,axis3_code_agentic,1075,0.00046431135245629345
conditional-fit-0090,axis3_code_agentic,1076,0.0010180631890136223
conditional-fit-0090,axis3_code_agentic,1077,0.0003324176085156075
conditional-fit-0090,axis3_code_agentic,1078,0.00011357207636183343
conditional-fit-0090,axis3_code_agentic,1079,2.21946905788456e-05
conditional-fit-0090,axis3_code_agentic,1080,0.00046648835867508235
conditional-fit-0090,axis3_code_agentic,1081,0.001248280109273502
conditional-fit-0090,axis3_code_agentic,1082,0.0003982740878935949
conditional-fit-0090,axis3_code_agentic,1083,0.00010232016595600187
conditional-fit-0090,axis3_code_agentic,1084,0.0651556967710883
conditional-fit-0090,axis3_code_agentic,1085,9.820154916683423e-05
conditional-fit-0090,axis3_code_agentic,1086,8.82976509172771e-05
conditional-fit-0090,axis3_code_agentic,1087,4.963353219586906e-06
conditional-fit-0090,axis3_code_agentic,1088,0.0006288179680487954
conditional-fit-0090,axis3_code_agentic,1089,0.0002337389195660785
conditional-fit-0090,axis3_code_agentic,1090,0.0003520548361775966
conditional-fit-0090,axis3_code_agentic,1091,0.0003908849001285215
conditional-fit-0090,axis3_code_agentic,1092,3.05891527489895e-05
conditional-fit-0090,axis3_code_agentic,1093,2.147180486818602e-06
conditional-fit-0090,axis3_code_agentic,1094,0.001181926167605253
conditional-fit-0090,axis3_code_agentic,1095,0.00021197270423694195
conditional-fit-0090,axis3_code_agentic,1096,7.74223067304091e-05
conditional-fit-0090,axis3_code_agentic,1097,0.0033729569524924307
conditional-fit-0090,axis3_code_agentic,1098,0.09445701704916562
conditional-fit-0090,axis3_code_agentic,1099,5.2355542451194324e-05
conditional-fit-0090,axis3_code_agentic,1100,4.2137140414532154e-05
conditional-fit-0090,axis3_code_agentic,1101,0.0006810735851778449
conditional-fit-0090,axis3_code_agentic,1102,4.1111040138298155e-05
conditional-fit-0090,axis3_code_agentic,1103,0.00015728793759916464
conditional-fit-0090,axis3_code_agentic,1104,5.799172224695396e-05
conditional-fit-0090,axis3_code_agentic,1105,0.003926886516061699
conditional-fit-0090,axis3_code_agentic,1106,1.595315529769501e-05
conditional-fit-0090,axis3_code_agentic,1107,1.0839540511062746e-05
conditional-fit-0090,axis3_code_agentic,1108,1.0060496240974533e-05
conditional-fit-0090,axis3_code_agentic,1109,0.02714493449125347
conditional-fit-0090,axis3_code_agentic,1110,0.0009578805973799463
conditional-fit-0090,axis3_code_agentic,1111,0.00012284524116051046
conditional-fit-0090,axis3_code_agentic,1112,0.35072792848557405
conditional-fit-0090,axis3_code_agentic,1113,2.3705976583081398e-05
conditional-fit-0090,axis3_code_agentic,1114,0.0003138871554477037
conditional-fit-0090,axis3_code_agentic,1115,6.705695624364737e-06
conditional-fit-0090,axis3_code_agentic,1116,0.0017097522944933903
conditional-fit-0090,axis3_code_agentic,1117,0.00018143769764196674
conditional-fit-0090,axis3_code_agentic,1118,0.00026038886114105274
conditional-fit-0090,axis3_code_agentic,1119,0.00012954368912464648
conditional-fit-0090,axis3_code_agentic,1120,6.774548825871538e-05
conditional-fit-0090,axis3_code_agentic,1121,3.137040327874764e-05
conditional-fit-0090,axis3_code_agentic,1122,0.0014630261108849805
conditional-fit-0090,axis3_code_agentic,1123,0.00016680078097420305
conditional-fit-0090,axis3_code_agentic,1124,3.2312922946341645e-05
conditional-fit-0090,axis3_code_agentic,1125,0.0009768086288088052
conditional-fit-0090,axis3_code_agentic,1126,0.0009510883727477535
conditional-fit-0090,axis3_code_agentic,1127,0.0030886257728734794
conditional-fit-0090,axis3_code_agentic,1128,1.6963879661065798e-05
conditional-fit-0090,axis3_code_agentic,1129,5.154446718201808e-05
conditional-fit-0090,axis3_code_agentic,1130,2.0781290388286062e-05
conditional-fit-0090,axis3_code_agentic,1131,0.00012547322752909503
conditional-fit-0090,axis3_code_agentic,1132,0.00022009567072042873
conditional-fit-0090,axis3_code_agentic,1133,2.2921954809438805e-06
conditional-fit-0090,axis3_code_agentic,1134,0.0026844584254343724
conditional-fit-0090,axis3_code_agentic,1135,0.0007823415006224155
conditional-fit-0090,axis3_code_agentic,1136,0.0001313999222393187
conditional-fit-0090,axis3_code_agentic,1137,1.948073356022206e-05
conditional-fit-0090,axis3_code_agentic,1138,0.010231203472422876
conditional-fit-0090,axis3_code_agentic,1139,0.002337871394206546
conditional-fit-0090,axis3_code_agentic,1140,0.0002150189203819714
conditional-fit-0090,axis3_code_agentic,1141,6.728944853290499e-05
conditional-fit-0090,axis3_code_agentic,1142,1.4764532024816708e-05
conditional-fit-0090,axis3_code_agentic,1143,0.0001869127362090197
conditional-fit-0090,axis3_code_agentic,1144,2.9906673718680468e-05
conditional-fit-0090,axis3_code_agentic,1145,0.00024120645144311026
conditional-fit-0090,axis3_code_agentic,1146,9.058549404925395e-06
conditional-fit-0090,axis3_code_agentic,1147,9.831172229892923e-06
conditional-fit-0090,axis3_code_agentic,1148,3.8813794839324955e-05
conditional-fit-0090,axis3_code_agentic,1149,0.0014414415036217247
conditional-fit-0090,axis3_code_agentic,1150,7.989959155792587e-05
conditional-fit-0090,axis3_code_agentic,1151,4.542548397993552e-05
conditional-fit-0090,axis3_code_agentic,1152,0.0018283116533980477
conditional-fit-0090,axis3_code_agentic,1153,0.13384512552971728
conditional-fit-0090,axis3_code_agentic,1154,0.002127386562574725
conditional-fit-0090,axis3_code_agentic,1155,1.1617056930030623e-05
conditional-fit-0090,axis3_code_agentic,1156,0.0006156675761065549
conditional-fit-0090,axis3_code_agentic,1157,1.8190063181273476e-05
conditional-fit-0090,axis3_code_agentic,1158,0.0018838382729850515
conditional-fit-0090,axis3_code_agentic,1159,5.432991532387684e-05
conditional-fit-0090,axis3_code_agentic,1160,0.00022539991575866564
conditional-fit-0090,axis3_code_agentic,1161,0.0001103914645317204
conditional-fit-0090,axis3_code_agentic,1162,2.5839851009520014e-06
conditional-fit-0090,axis3_code_agentic,1163,0.00032246487814197684
conditional-fit-0090,axis3_code_agentic,1164,0.02491613950870447
conditional-fit-0090,axis3_code_agentic,1165,0.0003274711358981873
conditional-fit-0090,axis3_code_agentic,1166,2.9094194575878606e-05
conditional-fit-0090,axis3_code_agentic,1167,0.050071108498164305
conditional-fit-0090,axis3_code_agentic,1168,0.06108390633913336
conditional-fit-0090,axis3_code_agentic,1169,1.5911745067198208e-06
conditional-fit-0090,axis3_code_agentic,1170,9.721376190505959e-06
conditional-fit-0090,axis3_code_agentic,1171,3.6412859110179064e-05
conditional-fit-0090,axis3_code_agentic,1172,1.084823143102697e-05
conditional-fit-0090,axis3_code_agentic,1173,0.0002591371543562478
conditional-fit-0090,axis3_code_agentic,1174,1.7891702810215036e-05
conditional-fit-0090,axis3_code_agentic,1175,9.824824357583279e-05
conditional-fit-0090,axis3_code_agentic,1176,3.0867400602046884e-05
conditional-fit-0090,axis3_code_agentic,1177,6.0784903315898366e-06
conditional-fit-0090,axis3_code_agentic,1178,9.19366347132929e-05
conditional-fit-0090,axis3_code_agentic,1179,0.006114898497562287
conditional-fit-0090,axis3_code_agentic,1180,0.0017266936691168796
conditional-fit-0090,axis3_code_agentic,1181,3.9044682578002984e-05
conditional-fit-0090,axis3_code_agentic,1182,0.12144449655717848
conditional-fit-0090,axis3_code_agentic,1183,0.00020951355991018534
conditional-fit-0090,axis3_code_agentic,1184,0.0011418032787680282
conditional-fit-0090,axis3_code_agentic,1185,3.971860778378161e-06
conditional-fit-0090,axis3_code_agentic,1186,3.877183469171976e-05
conditional-fit-0090,axis3_code_agentic,1187,2.1129708776691315e-06
conditional-fit-0090,axis3_code_agentic,1188,0.00038518014216958193
conditional-fit-0090,axis3_code_agentic,1189,1.3139648377657573e-05
conditional-fit-0090,axis3_code_agentic,1190,7.982049818026351e-05
conditional-fit-0090,axis3_code_agentic,1191,0.00013059994898736676
conditional-fit-0090,axis3_code_agentic,1192,8.941977542835491e-06
conditional-fit-0090,axis3_code_agentic,1193,5.093289732288139e-06
conditional-fit-0090,axis3_code_agentic,1194,0.0015666948270613762
conditional-fit-0090,axis3_code_agentic,1195,7.079016165704847e-05
conditional-fit-0090,axis3_code_agentic,1196,5.1565057133071716e-05
conditional-fit-0090,axis3_code_agentic,1197,0.028001561102835255
conditional-fit-0090,axis3_code_agentic,1198,6.888402128304007e-06
conditional-fit-0090,axis3_code_agentic,1199,2.621779070213798e-06
conditional-fit-0090,axis3_code_agentic,1200,2.483503338201113e-06
conditional-fit-0090,axis3_code_agentic,1201,0.0005940714127446685
conditional-fit-0090,axis3_code_agentic,1202,2.550297439906529e-06
conditional-fit-0090,axis3_code_agentic,1203,4.6012780183854864e-05
conditional-fit-0090,axis3_code_agentic,1204,1.6835094866228297e-05
conditional-fit-0090,axis3_code_agentic,1205,0.0004347843814344469
conditional-fit-0090,axis3_code_agentic,1206,6.945219604165586e-05
conditional-fit-0090,axis3_code_agentic,1207,2.2111430601509482e-05
conditional-fit-0090,axis3_code_agentic,1208,0.00035995134710268796
conditional-fit-0090,axis3_code_agentic,1209,0.02949675128467792
conditional-fit-0090,axis3_code_agentic,1210,0.0001378891309590969
conditional-fit-0090,axis3_code_agentic,1211,1.777956678101064e-05
conditional-fit-0090,axis3_code_agentic,1212,0.04739859378198267
conditional-fit-0090,axis3_code_agentic,1213,0.00022888626805350304
conditional-fit-0090,axis3_code_agentic,1214,2.2800520700585397e-06
conditional-fit-0090,axis3_code_agentic,1215,2.036702514308679e-06
conditional-fit-0090,axis3_code_agentic,1216,1.5041394727285785e-05
conditional-fit-0090,axis3_code_agentic,1217,2.2687714563085385e-06
conditional-fit-0090,axis3_code_agentic,1218,3.52710775246785e-05
conditional-fit-0090,axis3_code_agentic,1219,6.304950507145603e-05
conditional-fit-0090,axis3_code_agentic,1220,0.00020787722941449633
conditional-fit-0090,axis3_code_agentic,1221,3.318547091726115e-05
conditional-fit-0090,axis3_code_agentic,1222,7.117741744184966e-05
conditional-fit-0090,axis3_code_agentic,1223,0.0002784183988640193
conditional-fit-0090,axis3_code_agentic,1224,0.0009677286253275779
conditional-fit-0090,axis3_code_agentic,1225,2.9323572948016468e-05
conditional-fit-0090,axis3_code_agentic,1226,4.057009966903728e-05
conditional-fit-0090,axis3_code_agentic,1227,0.001321248252947686
conditional-fit-0090,axis3_code_agentic,1228,6.511639592830838e-06
conditional-fit-0090,axis3_code_agentic,1229,9.808757992360222e-06
conditional-fit-0090,axis3_code_agentic,1230,5.815095869960693e-05
conditional-fit-0090,axis3_code_agentic,1231,2.392639978120542e-05
conditional-fit-0090,axis3_code_agentic,1232,2.6922024773680182e-05
conditional-fit-0090,axis3_code_agentic,1233,4.562321495004464e-06
conditional-fit-0090,axis3_code_agentic,1234,0.0010167131287314576
conditional-fit-0090,axis3_code_agentic,1235,0.0001318953060961412
conditional-fit-0090,axis3_code_agentic,1236,0.000294512468116464
conditional-fit-0090,axis3_code_agentic,1237,0.00010529862920786361
conditional-fit-0090,axis3_code_agentic,1238,1.3030648946505191e-05
conditional-fit-0090,axis3_code_agentic,1239,6.916480972997461e-06
conditional-fit-0090,axis3_code_agentic,1240,0.0009085617966336915
conditional-fit-0090,axis3_code_agentic,1241,7.266708988603918e-05
conditional-fit-0090,axis3_code_agentic,1242,1.2958884476407777e-05
conditional-fit-0090,axis3_code_agentic,1243,0.005967435338815262
conditional-fit-0090,axis3_code_agentic,1244,0.00014182425512448017
conditional-fit-0090,axis3_code_agentic,1245,1.2328690756748487e-05
conditional-fit-0090,axis3_code_agentic,1246,6.5004509128494644e-06
conditional-fit-0090,axis3_code_agentic,1247,0.003437535770321224
conditional-fit-0090,axis3_code_agentic,1248,6.649233080595518e-06
conditional-fit-0090,axis3_code_agentic,1249,0.00021948227198262697
conditional-fit-0090,axis3_code_agentic,1250,0.00033512808306731227
conditional-fit-0090,axis3_code_agentic,1251,0.0005442870340577496
conditional-fit-0090,axis3_code_agentic,1252,3.731475202248157e-05
conditional-fit-0090,axis3_code_agentic,1253,1.5045188926586707e-05
conditional-fit-0090,axis3_code_agentic,1254,0.0001445348094183025
conditional-fit-0090,axis3_code_agentic,1255,0.011627355507558862
conditional-fit-0090,axis3_code_agentic,1256,0.0002513199663964679
conditional-fit-0090,axis3_code_agentic,1257,0.00019780913043998956
conditional-fit-0090,axis3_code_agentic,1258,0.6400762476733513
conditional-fit-0090,axis3_code_agentic,1259,0.002856510472726377
conditional-fit-0090,axis3_code_agentic,1260,0.0005127403115822054
conditional-fit-0090,axis3_code_agentic,1261,1.778619052335433e-05
conditional-fit-0090,axis3_code_agentic,1262,0.058773098993521504
conditional-fit-0090,axis3_code_agentic,1263,5.986963361330352e-05
conditional-fit-0090,axis3_code_agentic,1264,6.846442225844891e-05
conditional-fit-0090,axis3_code_agentic,1265,0.00045904637775868903
conditional-fit-0090,axis3_code_agentic,1266,2.500512451812571e-06
conditional-fit-0090,axis3_code_agentic,1267,9.494058449773244e-05
conditional-fit-0090,axis3_code_agentic,1268,1.275805085837513e-05
conditional-fit-0090,axis3_code_agentic,1269,3.941328622255622e-05
conditional-fit-0090,axis3_code_agentic,1270,0.00017286651989651335
conditional-fit-0090,axis3_code_agentic,1271,1.4788313522440678e-05
conditional-fit-0090,axis3_code_agentic,1272,0.0012808404228640904
conditional-fit-0090,axis3_code_agentic,1273,0.10716751571317172
conditional-fit-0090,axis3_code_agentic,1274,1.7680226381601616e-05
conditional-fit-0090,axis3_code_agentic,1275,0.00036532968126149075
conditional-fit-0090,axis3_code_agentic,1276,4.9629348706006983e-05
conditional-fit-0090,axis3_code_agentic,1277,5.875622601010106e-05
conditional-fit-0090,axis3_code_agentic,1278,0.00013247597595746497
conditional-fit-0090,axis3_code_agentic,1279,1.2651896362729397e-05
conditional-fit-0090,axis3_code_agentic,1280,2.8165685740372566e-05
conditional-fit-0090,axis3_code_agentic,1281,0.014408572945675055
conditional-fit-0090,axis3_code_agentic,1282,0.013066055924821568
conditional-fit-0090,axis3_code_agentic,1283,0.0003121400969290228
conditional-fit-0090,axis3_code_agentic,1284,7.191076425942106e-05
conditional-fit-0090,axis3_code_agentic,1285,4.8935105109647485e-06
conditional-fit-0090,axis3_code_agentic,1286,0.00010875551381157037
conditional-fit-0090,axis3_code_agentic,1287,7.234446777625029e-06
conditional-fit-0090,axis3_code_agentic,1288,0.004029254961633452
conditional-fit-0090,axis3_code_agentic,1289,7.895221634192903e-06
conditional-fit-0090,axis3_code_agentic,1290,4.563942330157365e-06
conditional-fit-0090,axis3_code_agentic,1291,5.456808377489132e-06
conditional-fit-0090,axis3_code_agentic,1292,0.00018065303319973118
conditional-fit-0090,axis3_code_agentic,1293,6.123700124534622e-05
conditional-fit-0090,axis3_code_agentic,1294,0.00010053304807573413
conditional-fit-0090,axis3_code_agentic,1295,3.332030333333211e-05
conditional-fit-0090,axis3_code_agentic,1296,0.00012669001706205765
conditional-fit-0090,axis3_code_agentic,1297,0.00837756044253469
conditional-fit-0090,axis3_code_agentic,1298,0.3205823181922219
conditional-fit-0090,axis3_code_agentic,1299,0.00022024822603402053
conditional-fit-0090,axis3_code_agentic,1300,0.0007120243894285231
conditional-fit-0090,axis3_code_agentic,1301,3.561613483468079e-05
conditional-fit-0090,axis3_code_agentic,1302,0.00035736184191937856
conditional-fit-0090,axis3_code_agentic,1303,6.993412373041959e-06
conditional-fit-0090,axis3_code_agentic,1304,0.0006648245473262279
conditional-fit-0090,axis3_code_agentic,1305,5.370846580835529e-06
conditional-fit-0090,axis3_code_agentic,1306,5.1124777122763405e-05
conditional-fit-0090,axis3_code_agentic,1307,0.0008922821725383906
conditional-fit-0090,axis3_code_agentic,1308,6.917602657762242e-05
conditional-fit-0090,axis3_code_agentic,1309,0.000257176494781396
conditional-fit-0090,axis3_code_agentic,1310,0.060360583627921946
conditional-fit-0090,axis3_code_agentic,1311,0.06843409883477357
conditional-fit-0090,axis3_code_agentic,1312,5.645003170828561e-07
conditional-fit-0090,axis3_code_agentic,1313,7.398444336260715e-05
conditional-fit-0090,axis3_code_agentic,1314,4.100143967657527e-05
conditional-fit-0090,axis3_code_agentic,1315,5.3479256587509616e-05
conditional-fit-0090,axis3_code_agentic,1316,0.00013197106393954993
conditional-fit-0090,axis3_code_agentic,1317,1.4760944297628692e-05
conditional-fit-0090,axis3_code_agentic,1318,5.972455418442001e-06
conditional-fit-0090,axis3_code_agentic,1319,1.4035008355607202e-05
conditional-fit-0090,axis3_code_agentic,1320,0.001414449216653581
conditional-fit-0090,axis3_code_agentic,1321,2.7933842983069063e-05
conditional-fit-0090,axis3_code_agentic,1322,0.0010041851061897207
conditional-fit-0090,axis3_code_agentic,1323,2.407033915741653e-06
conditional-fit-0090,axis3_code_agentic,1324,1.7640942977901483e-05
conditional-fit-0090,axis3_code_agentic,1325,1.6411736039044996e-06
conditional-fit-0090,axis3_code_agentic,1326,4.51791645055612e-06
conditional-fit-0090,axis3_code_agentic,1327,0.2156072133149882
conditional-fit-0090,axis3_code_agentic,1328,0.013024877223209028
conditional-fit-0090,axis3_code_agentic,1329,0.09830135944025535
conditional-fit-0090,axis3_code_agentic,1330,0.007125163121550751
conditional-fit-0090,axis3_code_agentic,1331,0.008120078631933746
conditional-fit-0090,axis3_code_agentic,1332,6.642768065616148e-06
conditional-fit-0090,axis3_code_agentic,1333,0.00012615628723314432
conditional-fit-0090,axis3_code_agentic,1334,7.96033296799345e-06
conditional-fit-0090,axis3_code_agentic,1335,1.0490157454657419e-05
conditional-fit-0090,axis3_code_agentic,1336,2.8314264236595836e-06
conditional-fit-0090,axis3_code_agentic,1337,1.9962504829087787e-05
conditional-fit-0090,axis3_code_agentic,1338,0.2654876026159622
conditional-fit-0090,axis3_code_agentic,1339,8.056148778732232e-05
conditional-fit-0090,axis3_code_agentic,1340,0.003521438219072246
conditional-fit-0090,axis3_code_agentic,1341,3.413978281842425e-05
conditional-fit-0090,axis3_code_agentic,1342,0.00041085109013922605
conditional-fit-0090,axis3_code_agentic,1343,0.00020206256053868164
conditional-fit-0090,axis3_code_agentic,1344,0.01229863939328129
conditional-fit-0090,axis3_code_agentic,1345,6.587208445908535e-05
conditional-fit-0090,axis3_code_agentic,1346,0.00011709391431454698
conditional-fit-0090,axis3_code_agentic,1347,7.619846790358709e-07
conditional-fit-0090,axis3_code_agentic,1348,3.844626600950884e-06
conditional-fit-0090,axis3_code_agentic,1349,0.016951927696665214
conditional-fit-0090,axis3_code_agentic,1350,0.0003818807837547698
conditional-fit-0090,axis3_code_agentic,1351,0.0001443045832074191
conditional-fit-0090,axis3_code_agentic,1352,0.003914357467166202
conditional-fit-0090,axis3_code_agentic,1353,0.0025018155955168703
conditional-fit-0090,axis3_code_agentic,1354,9.845957084786158e-05
conditional-fit-0090,axis3_code_agentic,1355,1.1001247852967752e-05
conditional-fit-0090,axis3_code_agentic,1356,0.005537331138813091
conditional-fit-0090,axis3_code_agentic,1357,1.5535118831668724e-05
conditional-fit-0090,axis3_code_agentic,1358,0.0002608284274374481
conditional-fit-0090,axis3_code_agentic,1359,0.052043010707740714
conditional-fit-0090,axis3_code_agentic,1360,0.0013276315841413138
conditional-fit-0090,axis3_code_agentic,1361,0.01242868104713531
conditional-fit-0090,axis3_code_agentic,1362,0.06334842177059526
conditional-fit-0090,axis3_code_agentic,1363,0.0021420669809699227
conditional-fit-0090,axis3_code_agentic,1364,0.0009764154279609588
conditional-fit-0090,axis3_code_agentic,1365,3.258656246393029e-05
conditional-fit-0090,axis3_code_agentic,1366,0.0001381894707354269
conditional-fit-0090,axis3_code_agentic,1367,0.0016451854403138001
conditional-fit-0090,axis3_code_agentic,1368,0.00042511141575011374
conditional-fit-0090,axis3_code_agentic,1369,0.0014062661845214975
conditional-fit-0090,axis3_code_agentic,1370,0.01686724415054741
conditional-fit-0090,axis3_code_agentic,1371,5.875579082073867e-05
conditional-fit-0090,axis3_code_agentic,1372,0.004140056157713062
conditional-fit-0090,axis3_code_agentic,1373,0.0003116410572614818
conditional-fit-0090,axis3_code_agentic,1374,0.00012140685331085012
conditional-fit-0090,axis3_code_agentic,1375,0.0058209388962164495
conditional-fit-0090,axis3_code_agentic,1376,0.003676339108658078
conditional-fit-0090,axis3_code_agentic,1377,0.0075938938306994086
conditional-fit-0090,axis3_code_agentic,1378,0.13140939813623206
conditional-fit-0090,axis3_code_agentic,1379,0.00010359150023197077
conditional-fit-0090,axis3_code_agentic,1380,0.0034554898100554845
conditional-fit-0090,axis3_code_agentic,1381,0.002778416367266051
conditional-fit-0090,axis3_code_agentic,1382,0.013848841039805444
conditional-fit-0090,axis3_code_agentic,1383,6.542784981939085e-05
conditional-fit-0090,axis3_code_agentic,1384,0.008760282355428686
conditional-fit-0090,axis3_code_agentic,1385,0.010304598091413278
conditional-fit-0090,axis3_code_agentic,1386,0.16872466063011504
conditional-fit-0090,axis3_code_agentic,1387,0.1934674486589653
conditional-fit-0090,axis3_code_agentic,1388,0.015048050945383539
conditional-fit-0090,axis3_code_agentic,1389,0.0017896013027084584
conditional-fit-0090,axis3_code_agentic,1390,4.749895740142948e-05
conditional-fit-0090,axis3_code_agentic,1391,0.03609113436260519
conditional-fit-0090,axis3_code_agentic,1392,0.018974523318440753
conditional-fit-0090,axis3_code_agentic,1393,0.08300464937154896
conditional-fit-0090,axis3_code_agentic,1394,0.3213768930398422
conditional-fit-0090,axis3_code_agentic,1395,0.0007507437622774766
conditional-fit-0090,axis3_code_agentic,1396,0.31965684867590605
conditional-fit-0090,axis3_code_agentic,1397,0.09303656456765182
conditional-fit-0090,axis3_code_agentic,1398,0.022229795301676042
conditional-fit-0090,axis3_code_agentic,1399,0.00020875964707263775
conditional-fit-0090,axis3_code_agentic,1400,1.5666322496941567
conditional-fit-0090,axis3_code_agentic,1401,0.027686013786764812
conditional-fit-0090,axis3_code_agentic,1402,0.056552700927579226
conditional-fit-0090,axis3_code_agentic,1403,0.00147138896624733
conditional-fit-0090,axis3_code_agentic,1404,0.045097930056655904
conditional-fit-0090,axis3_code_agentic,1405,0.11843864751071087
conditional-fit-0090,axis3_code_agentic,1406,0.5377406249480128
conditional-fit-0090,axis3_code_agentic,1407,0.046757003340892535
conditional-fit-0090,axis3_code_agentic,1408,0.014268304456615252
conditional-fit-0090,axis3_code_agentic,1409,0.0008543809370468666
conditional-fit-0090,axis3_code_agentic,1410,0.00525365967697442
conditional-fit-0090,axis3_code_agentic,1411,0.08303691301257432
conditional-fit-0090,axis3_code_agentic,1412,0.0004922742102320043
conditional-fit-0090,axis3_code_agentic,1413,0.012824026213781725
conditional-fit-0090,axis3_code_agentic,1414,0.0029962029829664555
conditional-fit-0090,axis3_code_agentic,1415,0.0004529874868486574
conditional-fit-0090,axis3_code_agentic,1416,0.0004575292864585599
conditional-fit-0090,axis3_code_agentic,1417,0.0005375183695571789
conditional-fit-0090,axis3_code_agentic,1418,9.267138336291352e-05
conditional-fit-0090,axis3_code_agentic,1419,0.005370657507651185
conditional-fit-0090,axis3_code_agentic,1420,0.0002870533126740351
conditional-fit-0090,axis3_code_agentic,1421,0.00011380694260240668
conditional-fit-0090,axis3_code_agentic,1422,3.127009738398528e-05
conditional-fit-0090,axis3_code_agentic,1423,0.0016142049310010388
conditional-fit-0090,axis3_code_agentic,1424,0.004469078163230858
conditional-fit-0090,axis3_code_agentic,1425,1.689417746417709e-05
conditional-fit-0090,axis3_code_agentic,1426,0.0003226610590320274
conditional-fit-0090,axis3_code_agentic,1427,0.0007569833540908835
conditional-fit-0090,axis3_code_agentic,1428,0.00013302254668506153
conditional-fit-0090,axis3_code_agentic,1429,0.003449115319327515
conditional-fit-0090,axis3_code_agentic,1430,0.00012720765429546674
conditional-fit-0090,axis3_code_agentic,1431,1.3563782363646572e-05
conditional-fit-0090,axis3_code_agentic,1432,4.97617711124335e-06
conditional-fit-0090,axis3_code_agentic,1433,0.0001062025658665017
conditional-fit-0090,axis3_code_agentic,1434,6.936315809265425e-05
conditional-fit-0090,axis3_code_agentic,1435,6.062442419728198e-05
conditional-fit-0090,axis3_code_agentic,1436,5.462376896536315e-05
conditional-fit-0090,axis3_code_agentic,1437,0.0014266173070013094
conditional-fit-0090,axis3_code_agentic,1438,0.0003965248594511046
conditional-fit-0090,axis3_code_agentic,1439,0.00019230581801440034
conditional-fit-0090,axis3_code_agentic,1440,1.7058468836313178e-06
conditional-fit-0090,axis3_code_agentic,1441,0.00014683520497406298
conditional-fit-0090,axis3_code_agentic,1442,2.4343156885312508e-05
conditional-fit-0090,axis3_code_agentic,1443,0.0009491772921648295
conditional-fit-0090,axis3_code_agentic,1444,0.001647609703060931
conditional-fit-0090,axis3_code_agentic,1445,6.232710742781285e-05
conditional-fit-0090,axis3_code_agentic,1446,0.0004429954588881915
conditional-fit-0090,axis3_code_agentic,1447,0.003123375191591409
conditional-fit-0090,axis3_code_agentic,1448,0.1944959322091523
conditional-fit-0090,axis3_code_agentic,1449,0.11577191382653976
conditional-fit-0090,axis3_code_agentic,1450,0.00014311929234449403
conditional-fit-0090,axis3_code_agentic,1451,0.00019854458799174293
conditional-fit-0090,axis3_code_agentic,1452,0.00013047627780508794
conditional-fit-0090,axis3_code_agentic,1453,0.009731272563355587
conditional-fit-0090,axis3_code_agentic,1454,7.948670442500589e-05
conditional-fit-0090,axis3_code_agentic,1455,0.0001845605657923058
conditional-fit-0090,axis3_code_agentic,1456,0.00055761687851653
conditional-fit-0090,axis3_code_agentic,1457,0.00013974266150349116
conditional-fit-0090,axis3_code_agentic,1458,0.002069080735462257
conditional-fit-0090,axis3_code_agentic,1459,0.0029744774009450204
conditional-fit-0090,axis3_code_agentic,1460,0.0005729669227943026
conditional-fit-0090,axis3_code_agentic,1461,3.538739120544216e-05
conditional-fit-0090,axis3_code_agentic,1462,0.011613866338302331
conditional-fit-0090,axis3_code_agentic,1463,0.0005051314464539747
conditional-fit-0090,axis3_code_agentic,1464,0.00041756430316604765
conditional-fit-0090,axis3_code_agentic,1465,4.760344137707238e-05
conditional-fit-0090,axis3_code_agentic,1466,4.184490477336427e-05
conditional-fit-0090,axis3_code_agentic,1467,0.0002427290720543988
conditional-fit-0090,axis3_code_agentic,1468,0.004439383697586505
conditional-fit-0090,axis3_code_agentic,1469,7.10817722894744e-06
conditional-fit-0090,axis3_code_agentic,1470,1.4447710902194004e-05
conditional-fit-0090,axis3_code_agentic,1471,0.0009661707227079114
conditional-fit-0090,axis3_code_agentic,1472,0.0005283957106689201
conditional-fit-0090,axis3_code_agentic,1473,1.69093133329072e-05
conditional-fit-0090,axis3_code_agentic,1474,0.08298128546812772
conditional-fit-0090,axis3_code_agentic,1475,7.327020364723575e-05
conditional-fit-0090,axis3_code_agentic,1476,5.782394722320239e-05
conditional-fit-0090,axis3_code_agentic,1477,9.438343990228563e-05
conditional-fit-0090,axis3_code_agentic,1478,2.595521680636382e-06
conditional-fit-0090,axis3_code_agentic,1479,1.4304159011453905e-05
conditional-fit-0090,axis3_code_agentic,1480,3.458769875161401e-05
conditional-fit-0090,axis3_code_agentic,1481,0.00022244269719606585
conditional-fit-0090,axis3_code_agentic,1482,5.413257711053521e-05
conditional-fit-0090,axis3_code_agentic,1483,2.2585713770628463e-05
conditional-fit-0090,axis3_code_agentic,1484,0.00017856263663434328
conditional-fit-0090,axis3_code_agentic,1485,0.025382828753931365
conditional-fit-0090,axis3_code_agentic,1486,0.00025303474724212616
conditional-fit-0090,axis3_code_agentic,1487,0.00023739928964155188
conditional-fit-0090,axis3_code_agentic,1488,1.1486021578744791e-05
conditional-fit-0090,axis3_code_agentic,1489,5.273800574990314e-06
conditional-fit-0090,axis3_code_agentic,1490,0.00010122819121200261
conditional-fit-0090,axis3_code_agentic,1491,0.0001661628512988397
conditional-fit-0090,axis3_code_agentic,1492,0.00012088465192345828
conditional-fit-0090,axis3_code_agentic,1493,0.0002898756599254711
conditional-fit-0090,axis3_code_agentic,1494,0.21501645808407932
conditional-fit-0090,axis3_code_agentic,1495,0.28371558432502464
conditional-fit-0090,axis3_code_agentic,1496,0.0002972735379171041
conditional-fit-0090,axis3_code_agentic,1497,5.820822090322851e-05
conditional-fit-0090,axis3_code_agentic,1498,1.0049003841588495e-05
conditional-fit-0090,axis3_code_agentic,1499,3.158356123010188e-05
conditional-fit-0090,axis3_code_agentic,1500,0.07730700939386426
conditional-fit-0090,axis3_code_agentic,1501,3.5952234585875716e-06
conditional-fit-0090,axis3_code_agentic,1502,0.0007562796490405365
conditional-fit-0090,axis3_code_agentic,1503,1.2788435103040825
conditional-fit-0090,axis3_code_agentic,1504,0.2374306882782443
conditional-fit-0090,axis3_code_agentic,1505,0.012096883787432405
conditional-fit-0090,axis3_code_agentic,1506,0.0010397350124069394
conditional-fit-0090,axis3_code_agentic,1507,0.0016148826109585307
conditional-fit-0090,axis3_code_agentic,1508,0.0007329990533152441
conditional-fit-0090,axis3_code_agentic,1509,0.0001423390822440223
conditional-fit-0090,axis3_code_agentic,1510,4.942241957828233e-07
conditional-fit-0090,axis3_code_agentic,1511,8.396647410375865e-05
conditional-fit-0090,axis3_code_agentic,1512,0.007927704797225996
conditional-fit-0090,axis3_code_agentic,1513,0.04804781380291229
conditional-fit-0090,axis3_code_agentic,1514,3.455966838372849e-05
conditional-fit-0090,axis3_code_agentic,1515,3.7750336067307154e-06
conditional-fit-0090,axis3_code_agentic,1516,2.5648027909428203e-05
conditional-fit-0090,axis3_code_agentic,1517,0.00013315912825172528
conditional-fit-0090,axis3_code_agentic,1518,0.003369516905645214
conditional-fit-0090,axis3_code_agentic,1519,6.0491066568480865e-05
conditional-fit-0090,axis3_code_agentic,1520,0.002821519035429666
conditional-fit-0090,axis3_code_agentic,1521,2.1323241120344934e-07
conditional-fit-0090,axis3_code_agentic,1522,1.3137144169702577e-05
conditional-fit-0090,axis3_code_agentic,1523,4.95406361409107e-07
conditional-fit-0090,axis3_code_agentic,1524,3.061388443273837e-06
conditional-fit-0090,axis3_code_agentic,1525,0.024543412339132816
conditional-fit-0090,axis3_code_agentic,1526,0.0002832359558406092
conditional-fit-0090,axis3_code_agentic,1527,0.001613257615196585
conditional-fit-0090,axis3_code_agentic,1528,0.02859162707507949
conditional-fit-0090,axis3_code_agentic,1529,0.03619451080342365
conditional-fit-0090,axis3_code_agentic,1530,0.3077580535442013
conditional-fit-0090,axis3_code_agentic,1531,0.0017601499618656623
conditional-fit-0090,axis3_code_agentic,1532,0.00039058877137418185
conditional-fit-0090,axis3_code_agentic,1533,3.325784362598253e-05
conditional-fit-0090,axis3_code_agentic,1534,1.1868389614788612e-05
conditional-fit-0090,axis3_code_agentic,1535,0.005374018286130828
conditional-fit-0090,axis3_code_agentic,1536,8.885664217637957e-05
conditional-fit-0090,axis3_code_agentic,1537,1.6755566116942185e-05
conditional-fit-0090,axis3_code_agentic,1538,1.8107477014440698e-05
conditional-fit-0090,axis3_code_agentic,1539,0.00011277592725462057
conditional-fit-0090,axis3_code_agentic,1540,0.0003804227424866124
conditional-fit-0090,axis3_code_agentic,1541,0.0031144015118146
conditional-fit-0090,axis3_code_agentic,1542,0.4244326269525074
conditional-fit-0090,axis3_code_agentic,1543,3.135505124336656e-05
conditional-fit-0090,axis3_code_agentic,1544,2.987357706735641e-05
conditional-fit-0090,axis3_code_agentic,1545,1.0811501703307916e-05
conditional-fit-0090,axis3_code_agentic,1546,0.000804711976409882
conditional-fit-0090,axis3_code_agentic,1547,0.15078968001632223
conditional-fit-0090,axis3_code_agentic,1548,1.5961120127803245e-05
conditional-fit-0090,axis3_code_agentic,1549,0.0012063739198912992
conditional-fit-0090,axis3_code_agentic,1550,3.758160965822139e-06
conditional-fit-0090,axis3_code_agentic,1551,6.985714332068756e-05
conditional-fit-0090,axis3_code_agentic,1552,3.9451767843705596e-06
conditional-fit-0090,axis3_code_agentic,1553,5.0262918092501546e-05
conditional-fit-0090,axis3_code_agentic,1554,0.0032878432483616597
conditional-fit-0090,axis3_code_agentic,1555,1.7056228639705734e-05
conditional-fit-0090,axis3_code_agentic,1556,0.00012116247861703065
conditional-fit-0090,axis3_code_agentic,1557,0.0003196700300484081
conditional-fit-0090,axis3_code_agentic,1558,0.00014811953673436582
conditional-fit-0090,axis3_code_agentic,1559,4.79496795924957e-06
conditional-fit-0090,axis3_code_agentic,1560,1.009784610407696e-05
conditional-fit-0090,axis3_code_agentic,1561,5.7738082430203595e-05
conditional-fit-0090,axis3_code_agentic,1562,1.0770561257755219e-05
conditional-fit-0090,axis3_code_agentic,1563,1.2896687028627912e-05
conditional-fit-0090,axis3_code_agentic,1564,2.3920994889981582e-06
conditional-fit-0090,axis3_code_agentic,1565,0.0001207124968611227
conditional-fit-0090,axis3_code_agentic,1566,9.621723453959887e-05
conditional-fit-0090,axis3_code_agentic,1567,6.463003353957147e-05
conditional-fit-0090,axis3_code_agentic,1568,8.717920607187896e-05
conditional-fit-0090,axis3_code_agentic,1569,8.577532581192225e-05
conditional-fit-0090,axis3_code_agentic,1570,2.448916937140451e-06
conditional-fit-0090,axis3_code_agentic,1571,0.00018189141566277747
conditional-fit-0090,axis3_code_agentic,1572,0.03408532555932173
conditional-fit-0090,axis3_code_agentic,1573,6.320649023702719e-06
conditional-fit-0090,axis3_code_agentic,1574,1.8721694625259655e-05
conditional-fit-0090,axis3_code_agentic,1575,5.033531965663086e-05
conditional-fit-0090,axis3_code_agentic,1576,0.0001533080244913019
conditional-fit-0090,axis3_code_agentic,1577,2.666067248072514e-06
conditional-fit-0090,axis3_code_agentic,1578,3.5570219555218376e-06
conditional-fit-0090,axis3_code_agentic,1579,1.639120130365024e-05
conditional-fit-0090,axis3_code_agentic,1580,0.00015687473343508612
conditional-fit-0090,axis3_code_agentic,1581,1.1613836584000151e-05
conditional-fit-0090,axis3_code_agentic,1582,6.838704738503832e-05
conditional-fit-0090,axis3_code_agentic,1583,1.0415517472727787e-05
conditional-fit-0090,axis3_code_agentic,1584,0.0006632803421778626
conditional-fit-0090,axis3_code_agentic,1585,0.007352353836342373
conditional-fit-0090,axis3_code_agentic,1586,0.00047434094779258147
conditional-fit-0090,axis3_code_agentic,1587,1.7318249092500833e-05
conditional-fit-0090,axis3_code_agentic,1588,8.099377824120968e-06
conditional-fit-0090,axis3_code_agentic,1589,0.0007772495884038602
conditional-fit-0090,axis3_code_agentic,1590,2.837927266723651e-06
conditional-fit-0090,axis3_code_agentic,1591,0.0003741436446511648
conditional-fit-0090,axis3_code_agentic,1592,2.171668390224122e-05
conditional-fit-0090,axis3_code_agentic,1593,3.788491367063102e-05
conditional-fit-0090,axis3_code_agentic,1594,6.613820271097183e-06
conditional-fit-0090,axis3_code_agentic,1595,0.0005087036855972488
conditional-fit-0090,axis3_code_agentic,1596,1.7328972491284795e-06
conditional-fit-0090,axis3_code_agentic,1597,7.954171600581039e-05
conditional-fit-0090,axis3_code_agentic,1598,0.00012142557024287795
conditional-fit-0090,axis3_code_agentic,1599,0.001911182975848484
conditional-fit-0090,axis3_code_agentic,1600,0.00020603421019788233
conditional-fit-0090,axis3_code_agentic,1601,0.00015918176701845975
conditional-fit-0090,axis3_code_agentic,1602,0.0001666131974081035
conditional-fit-0090,axis3_code_agentic,1603,4.4118460458381974e-05
conditional-fit-0090,axis3_code_agentic,1604,3.132843070217344e-05
conditional-fit-0090,axis3_code_agentic,1605,0.0002203824505899698
conditional-fit-0090,axis3_code_agentic,1606,3.6042372761051245e-05
conditional-fit-0090,axis3_code_agentic,1607,5.528737557478186e-05
conditional-fit-0090,axis3_code_agentic,1608,7.783826771694404e-05
conditional-fit-0090,axis3_code_agentic,1609,0.0015754701010150833
conditional-fit-0090,axis3_code_agentic,1610,0.00022014632342916187
conditional-fit-0090,axis3_code_agentic,1611,0.008532866110975895
conditional-fit-0090,axis3_code_agentic,1612,0.0004209636855571765
conditional-fit-0090,axis3_code_agentic,1613,5.191270306927847e-05
conditional-fit-0090,axis3_code_agentic,1614,0.002480162239823197
conditional-fit-0090,axis3_code_agentic,1615,1.6893504615873522e-06
conditional-fit-0090,axis3_code_agentic,1616,3.772504083084949e-05
conditional-fit-0090,axis3_code_agentic,1617,8.421302182458887e-06
conditional-fit-0090,axis3_code_agentic,1618,0.003223885486445157
conditional-fit-0090,axis3_code_agentic,1619,7.808009807011467e-06
conditional-fit-0090,axis3_code_agentic,1620,3.462997386874012e-05
conditional-fit-0090,axis3_code_agentic,1621,0.015141547067134276
conditional-fit-0090,axis3_code_agentic,1622,0.0004024048442805416
conditional-fit-0090,axis3_code_agentic,1623,4.4909096210400534e-05
conditional-fit-0090,axis3_code_agentic,1624,8.747806318780323e-05
conditional-fit-0090,axis3_code_agentic,1625,1.5475703244611775e-05
conditional-fit-0090,axis3_code_agentic,1626,0.00016120794308884006
conditional-fit-0090,axis3_code_agentic,1627,0.0019040234038289134
conditional-fit-0090,axis3_code_agentic,1628,3.819311905897772e-06
conditional-fit-0090,axis3_code_agentic,1629,0.0016718428802636764
conditional-fit-0090,axis3_code_agentic,1630,0.0005009284248086952
conditional-fit-0090,axis3_code_agentic,1631,2.4957672712214274e-06
conditional-fit-0090,axis3_code_agentic,1632,0.0005630184848839041
conditional-fit-0090,axis3_code_agentic,1633,0.000220908311973508
conditional-fit-0090,axis3_code_agentic,1634,0.44557202742783564
conditional-fit-0090,axis3_code_agentic,1635,0.010538565327326926
conditional-fit-0090,axis3_code_agentic,1636,8.860435739311054e-05
conditional-fit-0090,axis3_code_agentic,1637,0.020044718808944005
conditional-fit-0090,axis3_code_agentic,1638,0.0015948188609511043
conditional-fit-0090,axis3_code_agentic,1639,0.008130646011882386
conditional-fit-0090,axis3_code_agentic,1640,0.053362772043271015
conditional-fit-0090,axis3_code_agentic,1641,0.0005457407240660045
conditional-fit-0090,axis3_code_agentic,1642,6.269316203069456e-05
conditional-fit-0090,axis3_code_agentic,1643,0.02055264090036788
conditional-fit-0090,axis3_code_agentic,1644,0.0012754072871380064
conditional-fit-0090,axis3_code_agentic,1645,0.010185119794035358
conditional-fit-0090,axis3_code_agentic,1646,0.04075272214151169
conditional-fit-0090,axis3_code_agentic,1647,0.03296842730208986
conditional-fit-0090,axis3_code_agentic,1648,0.017849222196331435
conditional-fit-0090,axis3_code_agentic,1649,0.15438358415288675
conditional-fit-0090,axis3_code_agentic,1650,0.2025904425851896
conditional-fit-0090,axis3_code_agentic,1651,0.8702598438016648
conditional-fit-0090,axis3_code_agentic,1652,0.0031914566964944854
conditional-fit-0090,axis3_code_agentic,1653,0.0019107915878051993
conditional-fit-0090,axis3_code_agentic,1654,0.20560489027448117
conditional-fit-0090,axis3_code_agentic,1655,0.0014844624585491377
conditional-fit-0090,axis3_code_agentic,1656,0.002041981064069471
conditional-fit-0090,axis3_code_agentic,1657,0.0021864553072788433
conditional-fit-0090,axis3_code_agentic,1658,8.319468178926415e-05
conditional-fit-0090,axis3_code_agentic,1659,0.00046461865062353544
conditional-fit-0090,axis3_code_agentic,1660,0.00033022567612878975
conditional-fit-0090,axis3_code_agentic,1661,6.0610737814490883e-05
conditional-fit-0090,axis3_code_agentic,1662,0.059268421608212274
conditional-fit-0090,axis3_code_agentic,1663,0.0003431457080066944
conditional-fit-0090,axis3_code_agentic,1664,0.30791430270059006
conditional-fit-0090,axis3_code_agentic,1665,0.2085820239978099
conditional-fit-0090,axis3_code_agentic,1666,8.010641068683759e-05
conditional-fit-0090,axis3_code_agentic,1667,0.523638974787833
conditional-fit-0090,axis3_code_agentic,1668,0.0016035448910020418
conditional-fit-0090,axis3_code_agentic,1669,0.03463931908032676
conditional-fit-0090,axis3_code_agentic,1670,2.06414065191243e-05
conditional-fit-0090,axis3_code_agentic,1671,0.17505979550279638
conditional-fit-0090,axis3_code_agentic,1672,0.0008339670013198247
conditional-fit-0090,axis3_code_agentic,1673,1.3620711573227917e-05
conditional-fit-0090,axis3_code_agentic,1674,0.00013347588380782855
conditional-fit-0090,axis3_code_agentic,1675,3.1444597614823383e-05
conditional-fit-0090,axis3_code_agentic,1676,5.575896776868266e-05
conditional-fit-0090,axis3_code_agentic,1677,0.0007014323409277967
conditional-fit-0090,axis3_code_agentic,1678,0.011434848139777574
conditional-fit-0090,axis3_code_agentic,1679,4.548431237070828e-05
conditional-fit-0090,axis3_code_agentic,1680,0.00018298304325364
conditional-fit-0090,axis3_code_agentic,1681,0.008668474875998776
conditional-fit-0090,axis3_code_agentic,1682,0.0007905907216195706
conditional-fit-0090,axis3_code_agentic,1683,0.016849391240171773
conditional-fit-0090,axis3_code_agentic,1684,0.10455164895790564
conditional-fit-0090,axis3_code_agentic,1685,0.0032059769237246655
conditional-fit-0090,axis3_code_agentic,1686,0.1430008687612948
conditional-fit-0090,axis3_code_agentic,1687,0.008662510740649818
conditional-fit-0090,axis3_code_agentic,1688,6.434464795453332e-05
conditional-fit-0090,axis3_code_agentic,1689,0.002403778845111878
conditional-fit-0090,axis3_code_agentic,1690,0.43036538943048464
conditional-fit-0090,axis3_code_agentic,1691,0.004909366564029468
conditional-fit-0090,axis3_code_agentic,1692,0.15588013971905237
conditional-fit-0090,axis3_code_agentic,1693,0.0067600191718413735
conditional-fit-0090,axis3_code_agentic,1694,4.6566000740430565e-05
conditional-fit-0090,axis3_code_agentic,1695,0.00012598069567994888
conditional-fit-0090,axis3_code_agentic,1696,0.00042786285787844796
conditional-fit-0090,axis3_code_agentic,1697,0.00012012850827518259
conditional-fit-0090,axis3_code_agentic,1698,0.0009999390133831874
conditional-fit-0090,axis3_code_agentic,1699,0.1977174157973578
conditional-fit-0090,axis3_code_agentic,1700,0.04587022043024689
conditional-fit-0090,axis3_code_agentic,1701,0.0009491185280337739
conditional-fit-0090,axis3_code_agentic,1702,0.02134168191277816
conditional-fit-0090,axis3_code_agentic,1703,0.00124991984102094
conditional-fit-0090,axis3_code_agentic,1704,3.2542912916631445e-05
conditional-fit-0090,axis3_code_agentic,1705,0.0004241826759373987
conditional-fit-0090,axis3_code_agentic,1706,0.06026328555643454
conditional-fit-0090,axis3_code_agentic,1707,0.0010928694934625835
conditional-fit-0090,axis3_code_agentic,1708,9.065599417752324e-06
conditional-fit-0090,axis3_code_agentic,1709,0.002942562218328855
conditional-fit-0090,axis3_code_agentic,1710,0.05595514432715791
conditional-fit-0090,axis3_code_agentic,1711,0.13358807227806335
conditional-fit-0090,axis3_code_agentic,1712,0.03526797127737095
conditional-fit-0090,axis3_code_agentic,1713,0.00922493775378388
conditional-fit-0090,axis3_code_agentic,1714,0.0163942351819932
conditional-fit-0090,axis3_code_agentic,1715,0.0001468429372069075
conditional-fit-0090,axis3_code_agentic,1716,2.9018167157438582e-05
conditional-fit-0090,axis3_code_agentic,1717,0.0013200365101906403
conditional-fit-0090,axis3_code_agentic,1718,0.004058999621828958
conditional-fit-0090,axis3_code_agentic,1719,5.4070351016447695e-05
conditional-fit-0090,axis3_code_agentic,1720,0.00012479027388024943
conditional-fit-0090,axis3_code_agentic,1721,0.00905450402544313
conditional-fit-0090,axis3_code_agentic,1722,0.0007133589395361329
conditional-fit-0090,axis3_code_agentic,1723,0.0002265022357462533
conditional-fit-0090,axis3_code_agentic,1724,0.0002074294999087453
conditional-fit-0090,axis3_code_agentic,1725,0.22224335210600932
conditional-fit-0090,axis3_code_agentic,1726,0.07813751540310716
conditional-fit-0090,axis3_code_agentic,1727,1.1967551214965766e-05
conditional-fit-0090,axis3_code_agentic,1728,0.00035270632484109765
conditional-fit-0090,axis3_code_agentic,1729,0.01594345257890601
conditional-fit-0090,axis3_code_agentic,1730,0.8186267120073989
conditional-fit-0090,axis3_code_agentic,1731,0.10563840672079483
conditional-fit-0090,axis3_code_agentic,1732,0.023049479504165298
conditional-fit-0090,axis3_code_agentic,1733,0.0002962385962587406
conditional-fit-0090,axis3_code_agentic,1734,0.002984510573838344
conditional-fit-0090,axis3_code_agentic,1735,0.2814748808180368
conditional-fit-0090,axis3_code_agentic,1736,0.001324022281819436
conditional-fit-0090,axis3_code_agentic,1737,0.0004709670821188939
conditional-fit-0090,axis3_code_agentic,1738,0.00017690922759042353
conditional-fit-0090,axis3_code_agentic,1739,0.09588676254510795
conditional-fit-0090,axis3_code_agentic,1740,0.0063612899406826585
conditional-fit-0090,axis3_code_agentic,1741,0.00046888589403566456
conditional-fit-0090,axis3_code_agentic,1742,0.001393312872197613
conditional-fit-0090,axis3_code_agentic,1743,0.0008359017470401821
conditional-fit-0090,axis3_code_agentic,1744,0.08295345122169173
conditional-fit-0090,axis3_code_agentic,1745,1.1134397102874756
conditional-fit-0090,axis3_code_agentic,1746,0.002928271628281772
conditional-fit-0090,axis3_code_agentic,1747,0.019016606274170775
conditional-fit-0090,axis3_code_agentic,1748,0.6272597729265896
conditional-fit-0090,axis3_code_agentic,1749,0.0015235809247972482
conditional-fit-0090,axis3_code_agentic,1750,0.3200170562663609
conditional-fit-0090,axis3_code_agentic,1751,1.531608833812034
conditional-fit-0090,axis3_code_agentic,1752,0.01136365810937058
conditional-fit-0090,axis3_code_agentic,1753,0.0255676697469491
conditional-fit-0090,axis3_code_agentic,1754,0.6216414989069544
conditional-fit-0090,axis3_code_agentic,1755,0.5118813733788256
conditional-fit-0090,axis3_code_agentic,1756,0.00016500911201923534
conditional-fit-0090,axis3_code_agentic,1757,0.1031968459623269
conditional-fit-0090,axis3_code_agentic,1758,0.6791454008737986
conditional-fit-0090,axis3_code_agentic,1759,0.004161284644545462
conditional-fit-0090,axis3_code_agentic,1760,0.12933704359034953
conditional-fit-0090,axis3_code_agentic,1761,0.05834034814795031
conditional-fit-0090,axis3_code_agentic,1762,0.0028487581211251523
conditional-fit-0090,axis3_code_agentic,1763,0.14308941227648006
conditional-fit-0090,axis3_code_agentic,1764,0.01801404347915135
conditional-fit-0090,axis3_code_agentic,1765,0.0008897217427291033
conditional-fit-0090,axis3_code_agentic,1766,0.0014106938943119099
conditional-fit-0090,axis3_code_agentic,1767,0.00021219265746718997
conditional-fit-0090,axis3_code_agentic,1768,0.003747839523902473
conditional-fit-0090,axis3_code_agentic,1769,0.00017056096098038093
conditional-fit-0090,axis3_code_agentic,1770,0.0006283800809629709
conditional-fit-0090,axis3_code_agentic,1771,0.00010860119791950221
conditional-fit-0090,axis3_code_agentic,1772,4.971189962592894e-06
conditional-fit-0090,axis3_code_agentic,1773,0.0042948844559942915
conditional-fit-0090,axis3_code_agentic,1774,9.81509081142188e-06
conditional-fit-0090,axis3_code_agentic,1775,0.00017894130631857186
conditional-fit-0090,axis3_code_agentic,1776,4.982898424043945e-05
conditional-fit-0090,axis3_code_agentic,1777,0.00010534313661776881
conditional-fit-0090,axis3_code_agentic,1778,6.576712636732862e-05
conditional-fit-0090,axis3_code_agentic,1779,1.767382584206632e-05
conditional-fit-0090,axis3_code_agentic,1780,2.3439821498765095e-05
conditional-fit-0090,axis3_code_agentic,1781,1.1419940799613844e-05
conditional-fit-0090,axis3_code_agentic,1782,5.521110753687651e-07
conditional-fit-0090,axis3_code_agentic,1783,0.0002472205023224661
conditional-fit-0090,axis3_code_agentic,1784,0.0009558769507618556
conditional-fit-0090,axis3_code_agentic,1785,0.00019323160410100748
conditional-fit-0090,axis3_code_agentic,1786,4.4772633893373355e-06
conditional-fit-0090,axis3_code_agentic,1787,6.197330098025135e-05
conditional-fit-0090,axis3_code_agentic,1788,5.808311972973652e-05
conditional-fit-0090,axis3_code_agentic,1789,2.9607614506778362e-06
conditional-fit-0090,axis3_code_agentic,1790,0.00011301380119850146
conditional-fit-0090,axis3_code_agentic,1791,5.0140282540857495e-05
conditional-fit-0090,axis3_code_agentic,1792,0.00022359690611292618
conditional-fit-0090,axis3_code_agentic,1793,5.072153418794472e-06
conditional-fit-0090,axis3_code_agentic,1794,0.009089344206275824
conditional-fit-0090,axis3_code_agentic,1795,0.0001962874706692432
conditional-fit-0090,axis3_code_agentic,1796,0.006087006816482335
conditional-fit-0090,axis3_code_agentic,1797,0.0017035964676369833
conditional-fit-0090,axis3_code_agentic,1798,0.011189666935217259
conditional-fit-0090,axis3_code_agentic,1799,0.0727898486328995
conditional-fit-0090,axis3_code_agentic,1800,0.012808159021566954
conditional-fit-0090,axis3_code_agentic,1801,0.0007115621653439913
conditional-fit-0090,axis3_code_agentic,1802,0.00011979009863163684
conditional-fit-0090,axis3_code_agentic,1803,4.317643379690418e-06
conditional-fit-0090,axis3_code_agentic,1804,8.015981856986665e-05
conditional-fit-0090,axis3_code_agentic,1805,0.0013530059805876987
conditional-fit-0090,axis3_code_agentic,1806,0.0004036591641970713
conditional-fit-0090,axis3_code_agentic,1807,0.06946766166361568
conditional-fit-0090,axis3_code_agentic,1808,0.004370359000472086
conditional-fit-0090,axis3_code_agentic,1809,0.051735352292913483
conditional-fit-0090,axis3_code_agentic,1810,0.001099261392731228
conditional-fit-0090,axis3_code_agentic,1811,0.029843107870729794
conditional-fit-0090,axis3_code_agentic,1812,0.00020587119787847388
conditional-fit-0090,axis3_code_agentic,1813,0.003704661976506398
conditional-fit-0090,axis3_code_agentic,1814,0.00048269974897801276
conditional-fit-0090,axis3_code_agentic,1815,0.011687446972324551
conditional-fit-0090,axis3_code_agentic,1816,0.0005571557318531132
conditional-fit-0090,axis3_code_agentic,1817,0.008365047657760267
conditional-fit-0090,axis3_code_agentic,1818,0.0003293047101446439
conditional-fit-0090,axis3_code_agentic,1819,0.005785274828498202
conditional-fit-0090,axis3_code_agentic,1820,0.00019216837988338868
conditional-fit-0090,axis3_code_agentic,1821,0.00012699727476492604
conditional-fit-0090,axis3_code_agentic,1822,0.0011022176409301566
conditional-fit-0090,axis3_code_agentic,1823,0.00017486444740647943
conditional-fit-0090,axis3_code_agentic,1824,0.01989323235997859
conditional-fit-0090,axis3_code_agentic,1825,0.00012691825745758025
conditional-fit-0090,axis3_code_agentic,1826,0.0003667860736265466
conditional-fit-0090,axis3_code_agentic,1827,0.00017742688386481983
conditional-fit-0090,axis3_code_agentic,1828,0.0018588627920165554
conditional-fit-0090,axis3_code_agentic,1829,0.00015930344657589472
conditional-fit-0090,axis3_code_agentic,1830,1.3124895110533326e-05
conditional-fit-0090,axis3_code_agentic,1831,4.022188281085312e-06
conditional-fit-0090,axis3_code_agentic,1832,6.605942247592421e-05
conditional-fit-0090,axis3_code_agentic,1833,0.0003021388209242301
conditional-fit-0090,axis3_code_agentic,1834,0.00036286721972010426
conditional-fit-0090,axis3_code_agentic,1835,0.00011753206954419522
conditional-fit-0090,axis3_code_agentic,1836,0.0002817361509150837
conditional-fit-0090,axis3_code_agentic,1837,0.0006587207084882803
conditional-fit-0090,axis3_code_agentic,1838,0.00555795227360315
conditional-fit-0090,axis3_code_agentic,1839,2.0731680772749014e-05
conditional-fit-0090,axis3_code_agentic,1840,0.0003412389852967023
conditional-fit-0090,axis3_code_agentic,1841,0.0001308006312514261
conditional-fit-0090,axis3_code_agentic,1842,2.3000752546494816e-05
conditional-fit-0090,axis3_code_agentic,1843,0.0001466727827310867
conditional-fit-0090,axis3_code_agentic,1844,0.00011515898212050417
conditional-fit-0090,axis3_code_agentic,1845,0.017175869796879142
conditional-fit-0090,axis3_code_agentic,1846,2.5930541759467356e-05
conditional-fit-0090,axis3_code_agentic,1847,0.04558709097953552
conditional-fit-0090,axis3_code_agentic,1848,0.005708093661927222
conditional-fit-0090,axis3_code_agentic,1849,0.0005867939385543607
conditional-fit-0090,axis3_code_agentic,1850,0.010042596308914393
conditional-fit-0090,axis3_code_agentic,1851,0.0008137738485674824
conditional-fit-0090,axis3_code_agentic,1852,0.2501992973058812
conditional-fit-0090,axis3_code_agentic,1853,0.002499405549572386
conditional-fit-0090,axis3_code_agentic,1854,0.00041649510632775825
conditional-fit-0090,axis3_code_agentic,1855,0.005928773118067656
conditional-fit-0090,axis3_code_agentic,1856,8.087676927357015e-06
conditional-fit-0090,axis3_code_agentic,1857,5.196221994951421e-05
conditional-fit-0090,axis3_code_agentic,1858,4.9059216004691095e-05
conditional-fit-0090,axis3_code_agentic,1859,0.016059084419163157
conditional-fit-0090,axis3_code_agentic,1860,0.001297738478239377
conditional-fit-0090,axis3_code_agentic,1861,5.892462089272421e-05
conditional-fit-0090,axis3_code_agentic,1862,0.0001459958087497947
conditional-fit-0090,axis3_code_agentic,1863,6.474288636968298e-05
conditional-fit-0090,axis3_code_agentic,1864,0.0020563107428811676
conditional-fit-0090,axis3_code_agentic,1865,0.0008728964658460011
conditional-fit-0090,axis3_code_agentic,1866,0.03081920564994201
conditional-fit-0090,axis3_code_agentic,1867,0.12494661949932481
conditional-fit-0090,axis3_code_agentic,1868,0.0004575523652512707
conditional-fit-0090,axis3_code_agentic,1869,0.00119086155602467
conditional-fit-0090,axis3_code_agentic,1870,0.010427735993936014
conditional-fit-0090,axis3_code_agentic,1871,0.004233931749285425
conditional-fit-0090,axis3_code_agentic,1872,0.004948000310338176
conditional-fit-0090,axis3_code_agentic,1873,0.0032276391671278663
conditional-fit-0090,axis3_code_agentic,1874,0.012346851625942986
conditional-fit-0090,axis3_code_agentic,1875,0.030280953205515604
conditional-fit-0090,axis3_code_agentic,1876,0.132088446524404
conditional-fit-0090,axis3_code_agentic,1877,0.003844904871064329
conditional-fit-0090,axis3_code_agentic,1878,0.03232455427931967
conditional-fit-0090,axis3_code_agentic,1879,0.03159405865137753
conditional-fit-0090,axis3_code_agentic,1880,4.830126935086385e-05
conditional-fit-0090,axis3_code_agentic,1881,0.0024659387929410227
conditional-fit-0090,axis3_code_agentic,1882,0.0006731224584842464
conditional-fit-0090,axis3_code_agentic,1883,0.2805766131048231
conditional-fit-0090,axis3_code_agentic,1884,0.045448115166250115
conditional-fit-0090,axis3_code_agentic,1885,0.5122946771182727
conditional-fit-0090,axis3_code_agentic,1886,0.0004931654715645323
conditional-fit-0090,axis3_code_agentic,1887,0.004282796627478705
conditional-fit-0090,axis3_code_agentic,1888,0.00023980908767669217
conditional-fit-0090,axis3_code_agentic,1889,0.002112057324132461
conditional-fit-0090,axis3_code_agentic,1890,0.00120345479365033
conditional-fit-0090,axis3_code_agentic,1891,0.06322646174746081
conditional-fit-0090,axis3_code_agentic,1892,0.023700853196887653
conditional-fit-0090,axis3_code_agentic,1893,0.015060294906150625
conditional-fit-0090,axis3_code_agentic,1894,0.09422236900872455
conditional-fit-0090,axis3_code_agentic,1895,0.12443831279658063
conditional-fit-0090,axis3_code_agentic,1896,0.09371497880080822
conditional-fit-0090,axis3_code_agentic,1897,0.00012048888986412464
conditional-fit-0090,axis3_code_agentic,1898,0.002574691980742862
conditional-fit-0090,axis3_code_agentic,1899,0.0010449734630490694
conditional-fit-0090,axis3_code_agentic,1900,0.010925549988442657
conditional-fit-0090,axis3_code_agentic,1901,0.0005514471919180152
conditional-fit-0090,axis3_code_agentic,1902,0.00042010451069575394
conditional-fit-0090,axis3_code_agentic,1903,1.4846932195237075e-05
conditional-fit-0090,axis3_code_agentic,1904,0.0009064431851340828
conditional-fit-0090,axis3_code_agentic,1905,2.3485155792302144e-05
conditional-fit-0090,axis3_code_agentic,1906,1.9246768827369768e-05
conditional-fit-0090,axis3_code_agentic,1907,5.968041422521396e-06
conditional-fit-0090,axis3_code_agentic,1908,0.001165558086786251
conditional-fit-0090,axis3_code_agentic,1909,0.001334930835046549
conditional-fit-0090,axis3_code_agentic,1910,0.0023389111394628544
conditional-fit-0090,axis3_code_agentic,1911,9.138006495705893e-06
conditional-fit-0090,axis3_code_agentic,1912,0.0001547690934374909
conditional-fit-0090,axis3_code_agentic,1913,0.02142613268556378
conditional-fit-0090,axis3_code_agentic,1914,0.007352894325880623
conditional-fit-0090,axis3_code_agentic,1915,0.015879435571844014
conditional-fit-0090,axis3_code_agentic,1916,0.00010792125792778064
conditional-fit-0090,axis3_code_agentic,1917,0.001416396547179984
conditional-fit-0090,axis3_code_agentic,1918,0.02569240269869609
conditional-fit-0090,axis3_code_agentic,1919,0.0001015701406015958
conditional-fit-0090,axis3_code_agentic,1920,0.00904492397165471
conditional-fit-0090,axis3_code_agentic,1921,0.0014565162215888464
conditional-fit-0090,axis3_code_agentic,1922,0.00018921392998268651
conditional-fit-0090,axis3_code_agentic,1923,6.946790023340427e-06
conditional-fit-0090,axis3_code_agentic,1924,0.0002187599110791096
conditional-fit-0090,axis3_code_agentic,1925,0.000602934090813571
conditional-fit-0090,axis3_code_agentic,1926,0.0007638011599390073
conditional-fit-0090,axis3_code_agentic,1927,0.013174771879113811
conditional-fit-0090,axis3_code_agentic,1928,0.06507980153352289
conditional-fit-0090,axis3_code_agentic,1929,0.0003096242523245278
conditional-fit-0090,axis3_code_agentic,1930,0.18998004297842772
conditional-fit-0090,axis3_code_agentic,1931,0.11773408750904166
conditional-fit-0090,axis3_code_agentic,1932,0.0024197410768330005
conditional-fit-0090,axis3_code_agentic,1933,0.02645878540602743
conditional-fit-0090,axis3_code_agentic,1934,3.0518157858401794e-05
conditional-fit-0090,axis3_code_agentic,1935,0.10751890173455171
conditional-fit-0090,axis3_code_agentic,1936,0.0015938266428134782
conditional-fit-0090,axis3_code_agentic,1937,0.29332249626107215
conditional-fit-0090,axis3_code_agentic,1938,0.0028607628514109636
conditional-fit-0090,axis3_code_agentic,1939,0.0004553587346731729
conditional-fit-0090,axis3_code_agentic,1940,3.0712898414876733e-06
conditional-fit-0090,axis3_code_agentic,1941,5.381696621847016e-06
conditional-fit-0090,axis3_code_agentic,1942,4.120156852865954e-05
conditional-fit-0090,axis3_code_agentic,1943,0.0065736089818722865
conditional-fit-0090,axis3_code_agentic,1944,0.00037203343839341393
conditional-fit-0090,axis3_code_agentic,1945,0.00014639144461525198
conditional-fit-0090,axis3_code_agentic,1946,0.006877003631721499
conditional-fit-0090,axis3_code_agentic,1947,0.005043222906674345
conditional-fit-0090,axis3_code_agentic,1948,0.004636766448838144
conditional-fit-0090,axis3_code_agentic,1949,0.00011287473510402644
conditional-fit-0090,axis3_code_agentic,1950,0.0043191192351866746
conditional-fit-0090,axis3_code_agentic,1951,0.0013735750667409807
conditional-fit-0090,axis3_code_agentic,1952,0.0007333111217416119
conditional-fit-0090,axis3_code_agentic,1953,0.0005739314635576785
conditional-fit-0090,axis3_code_agentic,1954,3.058500171841705e-05
conditional-fit-0090,axis3_code_agentic,1955,4.539582810563786e-05
conditional-fit-0090,axis3_code_agentic,1956,0.00022780080520797946
conditional-fit-0090,axis3_code_agentic,1957,0.0005117857627994465
conditional-fit-0090,axis3_code_agentic,1958,0.002507655194001212
conditional-fit-0090,axis3_code_agentic,1959,0.00010550076499563283
conditional-fit-0090,axis3_code_agentic,1960,7.573713214858688e-05
conditional-fit-0090,axis3_code_agentic,1961,0.0006103326704801459
conditional-fit-0090,axis3_code_agentic,1962,5.748178728989575e-05
conditional-fit-0090,axis3_code_agentic,1963,0.22720677651019208
conditional-fit-0090,axis3_code_agentic,1964,5.988215662105923e-05
conditional-fit-0090,axis3_code_agentic,1965,7.428962727703189e-05
conditional-fit-0090,axis3_code_agentic,1966,0.0025775301929690853
conditional-fit-0090,axis3_code_agentic,1967,0.003810345359950646
conditional-fit-0090,axis3_code_agentic,1968,0.03940716016580586
conditional-fit-0090,axis3_code_agentic,1969,0.0006823628959469211
conditional-fit-0090,axis3_code_agentic,1970,0.00016867102380081154
conditional-fit-0090,axis3_code_agentic,1971,0.04472497617884972
conditional-fit-0090,axis3_code_agentic,1972,0.0002152112979420129
conditional-fit-0090,axis3_code_agentic,1973,0.0009212243378772447
conditional-fit-0090,axis3_code_agentic,1974,0.0003642248043894421
conditional-fit-0090,axis3_code_agentic,1975,0.006105991198543109
conditional-fit-0090,axis3_code_agentic,1976,0.04550371630234161
conditional-fit-0090,axis3_code_agentic,1977,0.1364053235366041
conditional-fit-0090,axis3_code_agentic,1978,0.7932544988579986
conditional-fit-0090,axis3_code_agentic,1979,0.026389770358609833
conditional-fit-0090,axis3_code_agentic,1980,0.6109195709627678
conditional-fit-0090,axis3_code_agentic,1981,0.0003890777519647933
conditional-fit-0090,axis3_code_agentic,1982,0.07730081915041606
conditional-fit-0090,axis3_code_agentic,1983,0.02913942671924744
conditional-fit-0090,axis3_code_agentic,1984,2.7504795506557816e-05
conditional-fit-0090,axis3_code_agentic,1985,0.0003625288192240395
conditional-fit-0090,axis3_code_agentic,1986,0.0036801328656207123
conditional-fit-0090,axis3_code_agentic,1987,0.0019742945377014486
conditional-fit-0090,axis3_code_agentic,1988,9.881712929247168e-05
conditional-fit-0090,axis3_code_agentic,1989,0.004677035245778056
conditional-fit-0090,axis3_code_agentic,1990,0.08873165437513228
conditional-fit-0090,axis3_code_agentic,1991,0.00014029688178164844
conditional-fit-0090,axis3_code_agentic,1992,6.166072417263846e-05
conditional-fit-0090,axis3_code_agentic,1993,0.0007772877514894644
conditional-fit-0090,axis3_code_agentic,1994,0.0013078703839200627
conditional-fit-0090,axis3_code_agentic,1995,0.00012467827905455851
conditional-fit-0090,axis3_code_agentic,1996,3.7652213786108484e-05
conditional-fit-0090,axis3_code_agentic,1997,0.0027111631331198666
conditional-fit-0090,axis3_code_agentic,1998,0.30606557951507546
conditional-fit-0090,axis3_code_agentic,1999,0.05011133392235909
conditional-fit-0090,axis3_code_agentic,2000,0.7500552027487988
conditional-fit-0090,axis3_code_agentic,2001,0.031002374864478044
conditional-fit-0090,axis3_code_agentic,2002,6.119834100124343e-05
conditional-fit-0090,axis3_code_agentic,2003,0.009428303553895196
conditional-fit-0090,axis3_code_agentic,2004,0.04775034582960799
conditional-fit-0090,axis3_code_agentic,2005,0.0002214774531437749
conditional-fit-0090,axis3_code_agentic,2006,0.00031094257499485363
conditional-fit-0090,axis3_code_agentic,2007,0.0009655848759602342
conditional-fit-0090,axis3_code_agentic,2008,4.888727650986799e-05
conditional-fit-0090,axis3_code_agentic,2009,0.012926779751118486
conditional-fit-0090,axis3_code_agentic,2010,0.0006161086221810764
conditional-fit-0090,axis3_code_agentic,2011,4.332307630139484e-05
conditional-fit-0090,axis3_code_agentic,2012,0.00021321850844034545
conditional-fit-0090,axis3_code_agentic,2013,0.001497049537710969
conditional-fit-0090,axis3_code_agentic,2014,0.0037471282328997648
conditional-fit-0090,axis3_code_agentic,2015,0.0021893398896781734
conditional-fit-0090,axis3_code_agentic,2016,0.006332571528743174
conditional-fit-0090,axis3_code_agentic,2017,0.003473136640515632
conditional-fit-0090,axis3_code_agentic,2018,0.00010065091670008973
conditional-fit-0090,axis3_code_agentic,2019,3.914042262551953e-06
conditional-fit-0090,axis3_code_agentic,2020,0.0003204104447022117
conditional-fit-0090,axis3_code_agentic,2021,5.7750723357727606e-05
conditional-fit-0090,axis3_code_agentic,2022,6.879311540097183e-06
conditional-fit-0090,axis3_code_agentic,2023,0.0014522272745631222
conditional-fit-0090,axis3_code_agentic,2024,0.005009441525267815
conditional-fit-0090,axis3_code_agentic,2025,0.1175352978242178
conditional-fit-0090,axis3_code_agentic,2026,0.4009868525730856
conditional-fit-0090,axis3_code_agentic,2027,0.0009100871052344535
conditional-fit-0090,axis3_code_agentic,2028,0.00030219863890316745
conditional-fit-0090,axis3_code_agentic,2029,0.008059275976187316
conditional-fit-0090,axis3_code_agentic,2030,0.0008142577649999662
conditional-fit-0090,axis3_code_agentic,2031,4.744807974681882e-05
conditional-fit-0090,axis3_code_agentic,2032,0.006705519626774603
conditional-fit-0090,axis3_code_agentic,2033,0.018331732681559562
conditional-fit-0090,axis3_code_agentic,2034,0.04115250713854299
conditional-fit-0090,axis3_code_agentic,2035,0.12897827227085676
conditional-fit-0090,axis3_code_agentic,2036,7.659439111275596e-06
conditional-fit-0090,axis3_code_agentic,2037,4.5502526395106024e-05
conditional-fit-0090,axis3_code_agentic,2038,5.568655716584771e-06
conditional-fit-0090,axis3_code_agentic,2039,0.2264949747660778
conditional-fit-0090,axis3_code_agentic,2040,0.00019603768189670293
conditional-fit-0090,axis3_code_agentic,2041,0.003073237355606957
conditional-fit-0090,axis3_code_agentic,2042,0.01245028508691885
conditional-fit-0090,axis3_code_agentic,2043,0.7660466798756834
conditional-fit-0090,axis3_code_agentic,2044,0.00485945972065107
conditional-fit-0090,axis3_code_agentic,2045,0.053490829700368864
conditional-fit-0090,axis3_code_agentic,2046,0.1812325370366112
