window_id,domain,pos,kld
conditional-fit-0094,axis1_general,0,0.1822235485966649
conditional-fit-0094,axis1_general,1,0.5604983871539065
conditional-fit-0094,axis1_general,2,0.5533047845080369
conditional-fit-0094,axis1_general,3,0.4249788353156898
conditional-fit-0094,axis1_general,4,0.7988457899831085
conditional-fit-0094,axis1_general,5,0.28659216830520234
conditional-fit-0094,axis1_general,6,0.2317539527468761
conditional-fit-0094,axis1_general,7,0.11653564819033513
conditional-fit-0094,axis1_general,8,0.05767618269758584
conditional-fit-0094,axis1_general,9,0.7312091727596495
conditional-fit-0094,axis1_general,10,0.3554419775597027
conditional-fit-0094,axis1_general,11,0.022702261976342644
conditional-fit-0094,axis1_general,12,0.2315768550013139
conditional-fit-0094,axis1_general,13,0.3411715211207419
conditional-fit-0094,axis1_general,14,0.04345456916005908
conditional-fit-0094,axis1_general,15,0.0025823597814684904
conditional-fit-0094,axis1_general,16,0.003984808813024253
conditional-fit-0094,axis1_general,17,0.13083754338169745
conditional-fit-0094,axis1_general,18,0.013294103706818957
conditional-fit-0094,axis1_general,19,0.007680154691325507
conditional-fit-0094,axis1_general,20,0.002269893246837815
conditional-fit-0094,axis1_general,21,0.06593523180903696
conditional-fit-0094,axis1_general,22,0.029541487648117117
conditional-fit-0094,axis1_general,23,0.0014988913202092597
conditional-fit-0094,axis1_general,24,0.04036657285445203
conditional-fit-0094,axis1_general,25,0.03378258170205368
conditional-fit-0094,axis1_general,26,0.005898673061558729
conditional-fit-0094,axis1_general,27,0.0014826740667231635
conditional-fit-0094,axis1_general,28,0.0017143782618009107
conditional-fit-0094,axis1_general,29,0.05261053283323887
conditional-fit-0094,axis1_general,30,0.005317414011633822
conditional-fit-0094,axis1_general,31,0.0017710463809091723
conditional-fit-0094,axis1_general,32,0.005168060745405451
conditional-fit-0094,axis1_general,33,0.007730017033465098
conditional-fit-0094,axis1_general,34,0.004253060277217582
conditional-fit-0094,axis1_general,35,0.0032008893541866233
conditional-fit-0094,axis1_general,36,0.006226902811161961
conditional-fit-0094,axis1_general,37,0.01350277046538578
conditional-fit-0094,axis1_general,38,0.00288817320391943
conditional-fit-0094,axis1_general,39,0.003727850468984431
conditional-fit-0094,axis1_general,40,0.0014324139691887514
conditional-fit-0094,axis1_general,41,0.0044148850411338736
conditional-fit-0094,axis1_general,42,0.007913528826959393
conditional-fit-0094,axis1_general,43,0.0035760248237616506
conditional-fit-0094,axis1_general,44,0.0060314201614534175
conditional-fit-0094,axis1_general,45,0.00811225326249264
conditional-fit-0094,axis1_general,46,0.0018177646420086547
conditional-fit-0094,axis1_general,47,0.001662150068610258
conditional-fit-0094,axis1_general,48,0.0043716627472496095
conditional-fit-0094,axis1_general,49,0.0006059395418658694
conditional-fit-0094,axis1_general,50,0.0038834090015694434
conditional-fit-0094,axis1_general,51,0.002410112074782731
conditional-fit-0094,axis1_general,52,0.001350818733117007
conditional-fit-0094,axis1_general,53,0.009318825011139247
conditional-fit-0094,axis1_general,54,0.0019561581596092606
conditional-fit-0094,axis1_general,55,0.0005792517569065723
conditional-fit-0094,axis1_general,56,0.0041986246879876
conditional-fit-0094,axis1_general,57,0.0018250971819862684
conditional-fit-0094,axis1_general,58,0.002056539624880854
conditional-fit-0094,axis1_general,59,0.0019690928666760317
conditional-fit-0094,axis1_general,60,0.0011670652061100384
conditional-fit-0094,axis1_general,61,0.011921528819264582
conditional-fit-0094,axis1_general,62,0.0020402806337151387
conditional-fit-0094,axis1_general,63,0.0005222308842729474
conditional-fit-0094,axis1_general,64,0.0033725771886795857
conditional-fit-0094,axis1_general,65,0.001274285714874018
conditional-fit-0094,axis1_general,66,0.0017200944834870468
conditional-fit-0094,axis1_general,67,0.002100535321532727
conditional-fit-0094,axis1_general,68,0.0007712746533526883
conditional-fit-0094,axis1_general,69,0.005889105380701672
conditional-fit-0094,axis1_general,70,0.0014414051555015712
conditional-fit-0094,axis1_general,71,0.00048306541434412045
conditional-fit-0094,axis1_general,72,0.004858547025679921
conditional-fit-0094,axis1_general,73,0.00125425474641055
conditional-fit-0094,axis1_general,74,0.0009310451155029275
conditional-fit-0094,axis1_general,75,0.0007645088372748787
conditional-fit-0094,axis1_general,76,0.0005449875838326794
conditional-fit-0094,axis1_general,77,0.009002810026210213
conditional-fit-0094,axis1_general,78,0.0014262782453797842
conditional-fit-0094,axis1_general,79,0.0003966269138654544
conditional-fit-0094,axis1_general,80,0.0012890089921537315
conditional-fit-0094,axis1_general,81,0.0009092284973904027
conditional-fit-0094,axis1_general,82,0.001240546000047425
conditional-fit-0094,axis1_general,83,0.0004659061293866931
conditional-fit-0094,axis1_general,84,0.0008382816578135087
conditional-fit-0094,axis1_general,85,0.007500420701087172
conditional-fit-0094,axis1_general,86,0.0008548828021891082
conditional-fit-0094,axis1_general,87,0.0004995452969923822
conditional-fit-0094,axis1_general,88,0.0009193620317808795
conditional-fit-0094,axis1_general,89,0.004142110727403189
conditional-fit-0094,axis1_general,90,0.00041713639539656784
conditional-fit-0094,axis1_general,91,0.000557929364971529
conditional-fit-0094,axis1_general,92,0.0005974572805143002
conditional-fit-0094,axis1_general,93,0.007369701018667844
conditional-fit-0094,axis1_general,94,0.0009428653755509577
conditional-fit-0094,axis1_general,95,0.0002826061879526493
conditional-fit-0094,axis1_general,96,0.008061911587334037
conditional-fit-0094,axis1_general,97,0.0022035709560023547
conditional-fit-0094,axis1_general,98,0.0004347994435202527
conditional-fit-0094,axis1_general,99,0.0007050206573150258
conditional-fit-0094,axis1_general,100,0.0006705967612556263
conditional-fit-0094,axis1_general,101,0.004072193017840643
conditional-fit-0094,axis1_general,102,0.0004940685036013519
conditional-fit-0094,axis1_general,103,0.0002792013089621768
conditional-fit-0094,axis1_general,104,0.0006778503083165052
conditional-fit-0094,axis1_general,105,0.0014586429285055064
conditional-fit-0094,axis1_general,106,0.0006614240151397084
conditional-fit-0094,axis1_general,107,0.0004756364229824366
conditional-fit-0094,axis1_general,108,0.0004132806080106864
conditional-fit-0094,axis1_general,109,0.0035061034575800433
conditional-fit-0094,axis1_general,110,0.0005521071070778245
conditional-fit-0094,axis1_general,111,0.000411561084098208
conditional-fit-0094,axis1_general,112,0.0001988594180308289
conditional-fit-0094,axis1_general,113,0.0007442010916024907
conditional-fit-0094,axis1_general,114,0.0003288071354931003
conditional-fit-0094,axis1_general,115,0.0005054980358695311
conditional-fit-0094,axis1_general,116,0.00037277839888484544
conditional-fit-0094,axis1_general,117,0.001995462452696599
conditional-fit-0094,axis1_general,118,0.0005173291277022802
conditional-fit-0094,axis1_general,119,0.00023120089497427176
conditional-fit-0094,axis1_general,120,0.0018151511724693625
conditional-fit-0094,axis1_general,121,0.00032085798941939355
conditional-fit-0094,axis1_general,122,0.00026176024810298405
conditional-fit-0094,axis1_general,123,0.00023610807190539002
conditional-fit-0094,axis1_general,124,0.0007298800582965497
conditional-fit-0094,axis1_general,125,0.0023571205272738555
conditional-fit-0094,axis1_general,126,0.0004183819656539986
conditional-fit-0094,axis1_general,127,0.00020656611672694168
conditional-fit-0094,axis1_general,128,0.0005272432345341574
conditional-fit-0094,axis1_general,129,0.0002567175451700976
conditional-fit-0094,axis1_general,130,0.00033442254697775103
conditional-fit-0094,axis1_general,131,0.0002761260361844899
conditional-fit-0094,axis1_general,132,0.0007051769854734675
conditional-fit-0094,axis1_general,133,0.0017061403463034107
conditional-fit-0094,axis1_general,134,0.0002837648589097756
conditional-fit-0094,axis1_general,135,0.001397464662355435
conditional-fit-0094,axis1_general,136,0.0007455774562837149
conditional-fit-0094,axis1_general,137,0.0002520283622085087
conditional-fit-0094,axis1_general,138,0.000904391496595313
conditional-fit-0094,axis1_general,139,0.000346341359425984
conditional-fit-0094,axis1_general,140,0.0011441524672298844
conditional-fit-0094,axis1_general,141,0.00128059953060291
conditional-fit-0094,axis1_general,142,0.00019294006874590708
conditional-fit-0094,axis1_general,143,0.0007297942575272697
conditional-fit-0094,axis1_general,144,0.0005008491331442837
conditional-fit-0094,axis1_general,145,0.004153099197225131
conditional-fit-0094,axis1_general,146,0.00021990134118650366
conditional-fit-0094,axis1_general,147,0.00023765508284432648
conditional-fit-0094,axis1_general,148,0.00038299535050848407
conditional-fit-0094,axis1_general,149,0.0020454334935604457
conditional-fit-0094,axis1_general,150,0.00025483119230296854
conditional-fit-0094,axis1_general,151,0.00018368774584227846
conditional-fit-0094,axis1_general,152,0.0008847607826420603
conditional-fit-0094,axis1_general,153,0.0012284398769443752
conditional-fit-0094,axis1_general,154,0.00027954313070821816
conditional-fit-0094,axis1_general,155,0.000154090704980934
conditional-fit-0094,axis1_general,156,0.0006360778106624345
conditional-fit-0094,axis1_general,157,0.0036781754712244016
conditional-fit-0094,axis1_general,158,0.0004507677644032009
conditional-fit-0094,axis1_general,159,0.0001588490405194355
conditional-fit-0094,axis1_general,160,0.00010628208112002739
conditional-fit-0094,axis1_general,161,0.00035032116157587996
conditional-fit-0094,axis1_general,162,0.0001980721600107965
conditional-fit-0094,axis1_general,163,0.0001053830797871624
conditional-fit-0094,axis1_general,164,0.0003864016636998214
conditional-fit-0094,axis1_general,165,0.0027230555231991587
conditional-fit-0094,axis1_general,166,0.0003406754736459415
conditional-fit-0094,axis1_general,167,0.00018568081427318005
conditional-fit-0094,axis1_general,168,0.0003590135322433872
conditional-fit-0094,axis1_general,169,0.000594236414736367
conditional-fit-0094,axis1_general,170,0.0002803910827158923
conditional-fit-0094,axis1_general,171,0.00011225171191256764
conditional-fit-0094,axis1_general,172,0.00040218304881428814
conditional-fit-0094,axis1_general,173,0.00163441130119447
conditional-fit-0094,axis1_general,174,0.00024620788110650955
conditional-fit-0094,axis1_general,175,0.00011473539921757354
conditional-fit-0094,axis1_general,176,0.0005381762081476926
conditional-fit-0094,axis1_general,177,0.0004440254307004677
conditional-fit-0094,axis1_general,178,0.0005053570076162511
conditional-fit-0094,axis1_general,179,9.567085454151368e-05
conditional-fit-0094,axis1_general,180,0.00024277425201054336
conditional-fit-0094,axis1_general,181,0.002377515799784061
conditional-fit-0094,axis1_general,182,0.0002405211548305525
conditional-fit-0094,axis1_general,183,0.00014653316718076008
conditional-fit-0094,axis1_general,184,0.0010175910508726771
conditional-fit-0094,axis1_general,185,0.002080418080291916
conditional-fit-0094,axis1_general,186,0.0006090335739451086
conditional-fit-0094,axis1_general,187,0.00011028891171450555
conditional-fit-0094,axis1_general,188,0.0008166882224711284
conditional-fit-0094,axis1_general,189,0.0025838999361373167
conditional-fit-0094,axis1_general,190,0.00046833929041733007
conditional-fit-0094,axis1_general,191,0.00016708420576319285
conditional-fit-0094,axis1_general,192,0.000427948654524217
conditional-fit-0094,axis1_general,193,0.00021197150544184184
conditional-fit-0094,axis1_general,194,0.0004603316532918167
conditional-fit-0094,axis1_general,195,0.00015692128753128627
conditional-fit-0094,axis1_general,196,0.0003208052204955903
conditional-fit-0094,axis1_general,197,0.002280660440545703
conditional-fit-0094,axis1_general,198,0.00022108454079783647
conditional-fit-0094,axis1_general,199,0.00010477067525542153
conditional-fit-0094,axis1_general,200,0.00032945328695908253
conditional-fit-0094,axis1_general,201,0.001068369233887808
conditional-fit-0094,axis1_general,202,0.0003061640118763424
conditional-fit-0094,axis1_general,203,0.00016620909449316382
conditional-fit-0094,axis1_general,204,0.0002780265793679152
conditional-fit-0094,axis1_general,205,0.0018089138307026127
conditional-fit-0094,axis1_general,206,0.00030090134511734313
conditional-fit-0094,axis1_general,207,7.572490328039709e-05
conditional-fit-0094,axis1_general,208,0.0001398159116447804
conditional-fit-0094,axis1_general,209,0.002373322145823766
conditional-fit-0094,axis1_general,210,0.00037564065369030523
conditional-fit-0094,axis1_general,211,0.00014633744539199308
conditional-fit-0094,axis1_general,212,0.0001243140646209775
conditional-fit-0094,axis1_general,213,0.0010810291593898733
conditional-fit-0094,axis1_general,214,0.00015610583280164454
conditional-fit-0094,axis1_general,215,7.330617307532255e-05
conditional-fit-0094,axis1_general,216,0.0002909440485119622
conditional-fit-0094,axis1_general,217,0.0008186580402061421
conditional-fit-0094,axis1_general,218,0.0003920371991901672
conditional-fit-0094,axis1_general,219,0.00012654275366271822
conditional-fit-0094,axis1_general,220,0.0011809470825707592
conditional-fit-0094,axis1_general,221,0.001981783182909698
conditional-fit-0094,axis1_general,222,0.00038072393503262025
conditional-fit-0094,axis1_general,223,8.110141962356198e-05
conditional-fit-0094,axis1_general,224,0.0015191841202145519
conditional-fit-0094,axis1_general,225,0.0001872750144014653
conditional-fit-0094,axis1_general,226,0.00015734204300273596
conditional-fit-0094,axis1_general,227,8.884419684011097e-05
conditional-fit-0094,axis1_general,228,0.0004487438176906404
conditional-fit-0094,axis1_general,229,0.0012507299411048125
conditional-fit-0094,axis1_general,230,0.0001086651353668754
conditional-fit-0094,axis1_general,231,6.42438226687579e-05
conditional-fit-0094,axis1_general,232,0.0007680358227650764
conditional-fit-0094,axis1_general,233,0.0004954389962907212
conditional-fit-0094,axis1_general,234,0.00021809876864326775
conditional-fit-0094,axis1_general,235,0.0006293217346024964
conditional-fit-0094,axis1_general,236,0.0005195213585388485
conditional-fit-0094,axis1_general,237,0.0023080086027090414
conditional-fit-0094,axis1_general,238,0.0002695304320973218
conditional-fit-0094,axis1_general,239,9.122244708079452e-05
conditional-fit-0094,axis1_general,240,0.00042598987791991785
conditional-fit-0094,axis1_general,241,0.0004864291772149372
conditional-fit-0094,axis1_general,242,0.0001069024289020384
conditional-fit-0094,axis1_general,243,0.000770102392818009
conditional-fit-0094,axis1_general,244,0.00012668831193471907
conditional-fit-0094,axis1_general,245,0.0015484992461820726
conditional-fit-0094,axis1_general,246,0.00021282413181351696
conditional-fit-0094,axis1_general,247,7.116087773533457e-05
conditional-fit-0094,axis1_general,248,0.00024230866694528987
conditional-fit-0094,axis1_general,249,0.0010368436708256242
conditional-fit-0094,axis1_general,250,5.8915986009726504e-05
conditional-fit-0094,axis1_general,251,0.0022948350517254875
conditional-fit-0094,axis1_general,252,0.0004994297197802135
conditional-fit-0094,axis1_general,253,0.0014871447799925319
conditional-fit-0094,axis1_general,254,0.0002395655118037096
conditional-fit-0094,axis1_general,255,6.782641659096769e-05
conditional-fit-0094,axis1_general,256,0.0006420483793901809
conditional-fit-0094,axis1_general,257,0.0009063548428344859
conditional-fit-0094,axis1_general,258,0.00010732491345114406
conditional-fit-0094,axis1_general,259,8.015436335681461e-05
conditional-fit-0094,axis1_general,260,0.00014627194618128595
conditional-fit-0094,axis1_general,261,0.0010222859017083687
conditional-fit-0094,axis1_general,262,0.0002103175262768858
conditional-fit-0094,axis1_general,263,0.00010133085782586341
conditional-fit-0094,axis1_general,264,0.0009160408233004968
conditional-fit-0094,axis1_general,265,0.0008479361998663983
conditional-fit-0094,axis1_general,266,0.00010412463276745991
conditional-fit-0094,axis1_general,267,0.0002484048553910183
conditional-fit-0094,axis1_general,268,0.0006170498156822369
conditional-fit-0094,axis1_general,269,0.0011148513523371122
conditional-fit-0094,axis1_general,270,0.00024977252906749613
conditional-fit-0094,axis1_general,271,0.00021068217653185593
conditional-fit-0094,axis1_general,272,0.0013037019036104254
conditional-fit-0094,axis1_general,273,0.00044289841434296505
conditional-fit-0094,axis1_general,274,9.25283847940313e-05
conditional-fit-0094,axis1_general,275,8.718441650367772e-05
conditional-fit-0094,axis1_general,276,6.38986608108287e-05
conditional-fit-0094,axis1_general,277,0.0016499910132150154
conditional-fit-0094,axis1_general,278,0.000251120320755275
conditional-fit-0094,axis1_general,279,8.670037262229716e-05
conditional-fit-0094,axis1_general,280,0.00017429120579748385
conditional-fit-0094,axis1_general,281,0.0023026260696316085
conditional-fit-0094,axis1_general,282,0.00015489712150580567
conditional-fit-0094,axis1_general,283,0.00011491709251205894
conditional-fit-0094,axis1_general,284,0.0002932612031434094
conditional-fit-0094,axis1_general,285,0.0011522471757039801
conditional-fit-0094,axis1_general,286,0.00028759256308816494
conditional-fit-0094,axis1_general,287,8.486323324130614e-05
conditional-fit-0094,axis1_general,288,0.0025388709717722416
conditional-fit-0094,axis1_general,289,0.0004907464089806471
conditional-fit-0094,axis1_general,290,0.00016452794857638116
conditional-fit-0094,axis1_general,291,0.0001018629204600479
conditional-fit-0094,axis1_general,292,0.0003190944610758529
conditional-fit-0094,axis1_general,293,0.0011008985279654662
conditional-fit-0094,axis1_general,294,0.0002083332016719077
conditional-fit-0094,axis1_general,295,7.877156732134646e-05
conditional-fit-0094,axis1_general,296,0.001770960186848202
conditional-fit-0094,axis1_general,297,0.00046567792138554865
conditional-fit-0094,axis1_general,298,8.407073269302428e-05
conditional-fit-0094,axis1_general,299,7.970319614787583e-05
conditional-fit-0094,axis1_general,300,9.162599836079736e-05
conditional-fit-0094,axis1_general,301,0.0012430647835048635
conditional-fit-0094,axis1_general,302,0.00025278752529674
conditional-fit-0094,axis1_general,303,7.017557399798018e-05
conditional-fit-0094,axis1_general,304,0.0010815611801724776
conditional-fit-0094,axis1_general,305,0.0016692356940413947
conditional-fit-0094,axis1_general,306,0.00013171956891583922
conditional-fit-0094,axis1_general,307,7.23044856822922e-05
conditional-fit-0094,axis1_general,308,0.00016028211553462728
conditional-fit-0094,axis1_general,309,0.0014879683125326008
conditional-fit-0094,axis1_general,310,0.0002674165945347268
conditional-fit-0094,axis1_general,311,7.146934076446275e-05
conditional-fit-0094,axis1_general,312,0.0010184468249082805
conditional-fit-0094,axis1_general,313,0.0009556297596129239
conditional-fit-0094,axis1_general,314,7.060891498875775e-05
conditional-fit-0094,axis1_general,315,7.922920035965776e-05
conditional-fit-0094,axis1_general,316,0.00022029140099469872
conditional-fit-0094,axis1_general,317,0.0009976368910944338
conditional-fit-0094,axis1_general,318,0.000311823377014231
conditional-fit-0094,axis1_general,319,5.8650995938834945e-05
conditional-fit-0094,axis1_general,320,0.0009968482753537516
conditional-fit-0094,axis1_general,321,0.0005400345010331071
conditional-fit-0094,axis1_general,322,4.705928311498139e-05
conditional-fit-0094,axis1_general,323,0.00010324844442279839
conditional-fit-0094,axis1_general,324,0.00042181833353491563
conditional-fit-0094,axis1_general,325,0.0006306885646138426
conditional-fit-0094,axis1_general,326,0.00019106623321249146
conditional-fit-0094,axis1_general,327,6.608861830631802e-05
conditional-fit-0094,axis1_general,328,0.0013078494945107878
conditional-fit-0094,axis1_general,329,0.00014504943890260272
conditional-fit-0094,axis1_general,330,9.658133342939823e-05
conditional-fit-0094,axis1_general,331,0.00010772280711149963
conditional-fit-0094,axis1_general,332,0.00042621998088848814
conditional-fit-0094,axis1_general,333,0.001035154478798599
conditional-fit-0094,axis1_general,334,0.00022761898801765683
conditional-fit-0094,axis1_general,335,6.13414067626426e-05
conditional-fit-0094,axis1_general,336,0.0005246465884195605
conditional-fit-0094,axis1_general,337,0.00026345605840744177
conditional-fit-0094,axis1_general,338,6.447485943385642e-05
conditional-fit-0094,axis1_general,339,0.00011474256667461968
conditional-fit-0094,axis1_general,340,0.0009688121715590865
conditional-fit-0094,axis1_general,341,0.000734762279034478
conditional-fit-0094,axis1_general,342,0.0001844423104714154
conditional-fit-0094,axis1_general,343,0.00012238167130839106
conditional-fit-0094,axis1_general,344,0.00013212255890539257
conditional-fit-0094,axis1_general,345,0.0007626733084483931
conditional-fit-0094,axis1_general,346,6.0228113631338436e-05
conditional-fit-0094,axis1_general,347,9.324120984395914e-05
conditional-fit-0094,axis1_general,348,0.000771797230097907
conditional-fit-0094,axis1_general,349,0.0007805706837076328
conditional-fit-0094,axis1_general,350,0.0001627020857590718
conditional-fit-0094,axis1_general,351,0.00011836290381009623
conditional-fit-0094,axis1_general,352,0.0006555595951825974
conditional-fit-0094,axis1_general,353,0.000683827571312505
conditional-fit-0094,axis1_general,354,6.081531058085123e-05
conditional-fit-0094,axis1_general,355,8.029525108467851e-05
conditional-fit-0094,axis1_general,356,0.00021240022341051222
conditional-fit-0094,axis1_general,357,0.000669171808924326
conditional-fit-0094,axis1_general,358,0.0001401892714300815
conditional-fit-0094,axis1_general,359,8.802529136478436e-05
conditional-fit-0094,axis1_general,360,0.0005797021771728739
conditional-fit-0094,axis1_general,361,0.0008119239215206044
conditional-fit-0094,axis1_general,362,0.00011005988750108206
conditional-fit-0094,axis1_general,363,0.002250588339186652
conditional-fit-0094,axis1_general,364,0.0008243556276877908
conditional-fit-0094,axis1_general,365,0.0008408306361323186
conditional-fit-0094,axis1_general,366,0.0002133276868449409
conditional-fit-0094,axis1_general,367,7.129501110802265e-05
conditional-fit-0094,axis1_general,368,0.0014710423658169667
conditional-fit-0094,axis1_general,369,0.0002606791878798114
conditional-fit-0094,axis1_general,370,9.200906660697175e-05
conditional-fit-0094,axis1_general,371,0.00013572558664634254
conditional-fit-0094,axis1_general,372,0.0001931546364321087
conditional-fit-0094,axis1_general,373,0.0007399095783249094
conditional-fit-0094,axis1_general,374,0.09720932727265205
conditional-fit-0094,axis1_general,375,0.22752554081494825
conditional-fit-0094,axis1_general,376,0.25419719233235544
conditional-fit-0094,axis1_general,377,0.0121466737712931
conditional-fit-0094,axis1_general,378,0.0008194247546267762
conditional-fit-0094,axis1_general,379,0.08357490041797197
conditional-fit-0094,axis1_general,380,0.004369666752235404
conditional-fit-0094,axis1_general,381,0.000259041851914758
conditional-fit-0094,axis1_general,382,0.006775471798623284
conditional-fit-0094,axis1_general,383,0.0007057661160858977
conditional-fit-0094,axis1_general,384,0.0058722989949313974
conditional-fit-0094,axis1_general,385,0.10893233556897483
conditional-fit-0094,axis1_general,386,0.11369841055975022
conditional-fit-0094,axis1_general,387,0.13346083885118037
conditional-fit-0094,axis1_general,388,0.07057528589982724
conditional-fit-0094,axis1_general,389,0.0934695019113665
conditional-fit-0094,axis1_general,390,0.10676260931261121
conditional-fit-0094,axis1_general,391,0.1402039003539677
conditional-fit-0094,axis1_general,392,0.058788460477034316
conditional-fit-0094,axis1_general,393,0.2607321920517754
conditional-fit-0094,axis1_general,394,0.28962774464104735
conditional-fit-0094,axis1_general,395,0.0617083011164645
conditional-fit-0094,axis1_general,396,0.005332566469135256
conditional-fit-0094,axis1_general,397,0.0006582684324314368
conditional-fit-0094,axis1_general,398,0.00013580927937078603
conditional-fit-0094,axis1_general,399,0.00010737814906866365
conditional-fit-0094,axis1_general,400,0.004678944233193461
conditional-fit-0094,axis1_general,401,0.0005247362865918216
conditional-fit-0094,axis1_general,402,0.00022149654378080452
conditional-fit-0094,axis1_general,403,0.0005675643005991781
conditional-fit-0094,axis1_general,404,0.0005650879574364566
conditional-fit-0094,axis1_general,405,0.017263661535349428
conditional-fit-0094,axis1_general,406,0.22824053059576183
conditional-fit-0094,axis1_general,407,0.14032759988914595
conditional-fit-0094,axis1_general,408,0.25021289294296933
conditional-fit-0094,axis1_general,409,0.10070296553931395
conditional-fit-0094,axis1_general,410,0.052529602640361536
conditional-fit-0094,axis1_general,411,0.03951503167911864
conditional-fit-0094,axis1_general,412,0.04430361649100101
conditional-fit-0094,axis1_general,413,0.027392780042027717
conditional-fit-0094,axis1_general,414,0.0369230311083972
conditional-fit-0094,axis1_general,415,0.026723458413052584
conditional-fit-0094,axis1_general,416,0.0464177482723676
conditional-fit-0094,axis1_general,417,0.01922936295966984
conditional-fit-0094,axis1_general,418,0.003787421473960062
conditional-fit-0094,axis1_general,419,0.002349724557844194
conditional-fit-0094,axis1_general,420,0.0014133181102914862
conditional-fit-0094,axis1_general,421,0.006029087662393351
conditional-fit-0094,axis1_general,422,0.008961813809396535
conditional-fit-0094,axis1_general,423,0.18706954369959322
conditional-fit-0094,axis1_general,424,0.012204572724570033
conditional-fit-0094,axis1_general,425,0.9746032422123034
conditional-fit-0094,axis1_general,426,0.30137225850081867
conditional-fit-0094,axis1_general,427,0.44646451393247216
conditional-fit-0094,axis1_general,428,0.0019063878949738505
conditional-fit-0094,axis1_general,429,0.0014901731393036073
conditional-fit-0094,axis1_general,430,0.0010128312439325082
conditional-fit-0094,axis1_general,431,0.0007511857798378563
conditional-fit-0094,axis1_general,432,0.00017073404153651888
conditional-fit-0094,axis1_general,433,0.13091644282474815
conditional-fit-0094,axis1_general,434,0.0008541611588812803
conditional-fit-0094,axis1_general,435,0.00018605813958989798
conditional-fit-0094,axis1_general,436,0.000517933274178315
conditional-fit-0094,axis1_general,437,0.00161288040737656
conditional-fit-0094,axis1_general,438,0.010679746585767584
conditional-fit-0094,axis1_general,439,0.28792822044693667
conditional-fit-0094,axis1_general,440,0.01718149598450076
conditional-fit-0094,axis1_general,441,0.037879261395972134
conditional-fit-0094,axis1_general,442,0.1530751765793983
conditional-fit-0094,axis1_general,443,0.03597374518187216
conditional-fit-0094,axis1_general,444,0.09776064450745026
conditional-fit-0094,axis1_general,445,0.0552171885302509
conditional-fit-0094,axis1_general,446,0.011316785778689983
conditional-fit-0094,axis1_general,447,0.05467168501226357
conditional-fit-0094,axis1_general,448,0.010852708252217938
conditional-fit-0094,axis1_general,449,0.000553574674733177
conditional-fit-0094,axis1_general,450,0.0008859513205369944
conditional-fit-0094,axis1_general,451,0.0001351910448833672
conditional-fit-0094,axis1_general,452,0.00014070816527254066
conditional-fit-0094,axis1_general,453,0.0009554202014236766
conditional-fit-0094,axis1_general,454,0.00020360615307343674
conditional-fit-0094,axis1_general,455,0.00015461664456900773
conditional-fit-0094,axis1_general,456,0.0004174256540354028
conditional-fit-0094,axis1_general,457,0.00023005254165866775
conditional-fit-0094,axis1_general,458,0.0007287094368301627
conditional-fit-0094,axis1_general,459,0.08255526508352828
conditional-fit-0094,axis1_general,460,0.15281015306587037
conditional-fit-0094,axis1_general,461,0.12103585625769528
conditional-fit-0094,axis1_general,462,0.03854172706558038
conditional-fit-0094,axis1_general,463,0.1922627680467505
conditional-fit-0094,axis1_general,464,0.036697127834211404
conditional-fit-0094,axis1_general,465,0.26383889609936917
conditional-fit-0094,axis1_general,466,0.10947342235681012
conditional-fit-0094,axis1_general,467,0.1592995042612666
conditional-fit-0094,axis1_general,468,0.13728346968417507
conditional-fit-0094,axis1_general,469,0.1358279859637394
conditional-fit-0094,axis1_general,470,0.024501103165466647
conditional-fit-0094,axis1_general,471,0.09914710753213038
conditional-fit-0094,axis1_general,472,0.13506332698022497
conditional-fit-0094,axis1_general,473,0.14836536910858783
conditional-fit-0094,axis1_general,474,0.11145037299468165
conditional-fit-0094,axis1_general,475,0.09857741428917945
conditional-fit-0094,axis1_general,476,0.08163327098684575
conditional-fit-0094,axis1_general,477,0.06063106435617993
conditional-fit-0094,axis1_general,478,0.0923026661218697
conditional-fit-0094,axis1_general,479,0.023273575958754456
conditional-fit-0094,axis1_general,480,0.051583723797981804
conditional-fit-0094,axis1_general,481,0.03686158584438864
conditional-fit-0094,axis1_general,482,0.02377657147630583
conditional-fit-0094,axis1_general,483,0.01366552539740394
conditional-fit-0094,axis1_general,484,0.00011183243795062993
conditional-fit-0094,axis1_general,485,0.00020103879103975826
conditional-fit-0094,axis1_general,486,0.00017573256330604182
conditional-fit-0094,axis1_general,487,9.464813521323779e-05
conditional-fit-0094,axis1_general,488,0.004385236882440156
conditional-fit-0094,axis1_general,489,0.00030323079558613976
conditional-fit-0094,axis1_general,490,0.00013188473371559685
conditional-fit-0094,axis1_general,491,0.000256143961710604
conditional-fit-0094,axis1_general,492,0.00032946482278013104
conditional-fit-0094,axis1_general,493,0.04703193785791345
conditional-fit-0094,axis1_general,494,0.1463940387214932
conditional-fit-0094,axis1_general,495,0.0042242138354871474
conditional-fit-0094,axis1_general,496,0.001373228248125033
conditional-fit-0094,axis1_general,497,0.04117134607892227
conditional-fit-0094,axis1_general,498,0.007397263174880811
conditional-fit-0094,axis1_general,499,0.028286080982594226
conditional-fit-0094,axis1_general,500,0.009389104123282227
conditional-fit-0094,axis1_general,501,0.06503599686524228
conditional-fit-0094,axis1_general,502,0.013703761585392884
conditional-fit-0094,axis1_general,503,0.00032182218470776214
conditional-fit-0094,axis1_general,504,0.05090434849857093
conditional-fit-0094,axis1_general,505,0.013214042140114315
conditional-fit-0094,axis1_general,506,0.027754633367779263
conditional-fit-0094,axis1_general,507,4.553703943778052e-05
conditional-fit-0094,axis1_general,508,0.00044213948243656507
conditional-fit-0094,axis1_general,509,0.0007876901392764796
conditional-fit-0094,axis1_general,510,0.006849258104848523
conditional-fit-0094,axis1_general,511,0.0006125409019747193
conditional-fit-0094,axis1_general,512,0.05220889675611384
conditional-fit-0094,axis1_general,513,0.07250195982773294
conditional-fit-0094,axis1_general,514,0.1210566998599984
conditional-fit-0094,axis1_general,515,0.018769835312441613
conditional-fit-0094,axis1_general,516,0.007626889520860129
conditional-fit-0094,axis1_general,517,0.041726348471225055
conditional-fit-0094,axis1_general,518,0.02439942175201212
conditional-fit-0094,axis1_general,519,0.0005173159511297689
conditional-fit-0094,axis1_general,520,0.023027779395555198
conditional-fit-0094,axis1_general,521,5.2659473227321646e-05
conditional-fit-0094,axis1_general,522,8.498393912039643e-06
conditional-fit-0094,axis1_general,523,0.009507766768382716
conditional-fit-0094,axis1_general,524,0.0055934553457774585
conditional-fit-0094,axis1_general,525,0.05163819781048321
conditional-fit-0094,axis1_general,526,0.004718434921220639
conditional-fit-0094,axis1_general,527,0.00018481736857925426
conditional-fit-0094,axis1_general,528,0.013907162429735399
conditional-fit-0094,axis1_general,529,0.0018130068712017486
conditional-fit-0094,axis1_general,530,0.07926153894388978
conditional-fit-0094,axis1_general,531,7.808358193501338e-05
conditional-fit-0094,axis1_general,532,0.041158412348078724
conditional-fit-0094,axis1_general,533,0.00012885804573325795
conditional-fit-0094,axis1_general,534,0.003793039917377661
conditional-fit-0094,axis1_general,535,0.0012148221160478854
conditional-fit-0094,axis1_general,536,0.06497034964284663
conditional-fit-0094,axis1_general,537,0.011107182082787787
conditional-fit-0094,axis1_general,538,0.028919608083971756
conditional-fit-0094,axis1_general,539,0.00012722364009054563
conditional-fit-0094,axis1_general,540,0.030040824108640927
conditional-fit-0094,axis1_general,541,0.007249001487413774
conditional-fit-0094,axis1_general,542,0.00020106511131112799
conditional-fit-0094,axis1_general,543,0.0004862129101226606
conditional-fit-0094,axis1_general,544,0.0020521976274701266
conditional-fit-0094,axis1_general,545,0.0013254917025929591
conditional-fit-0094,axis1_general,546,1.9263018885762964e-05
conditional-fit-0094,axis1_general,547,0.0021650898539267473
conditional-fit-0094,axis1_general,548,0.0011335653973662224
conditional-fit-0094,axis1_general,549,9.278381888380954e-05
conditional-fit-0094,axis1_general,550,0.05282742864251086
conditional-fit-0094,axis1_general,551,0.23223067566657335
conditional-fit-0094,axis1_general,552,0.0015878697038265084
conditional-fit-0094,axis1_general,553,0.0156600560955589
conditional-fit-0094,axis1_general,554,0.04433646858264833
conditional-fit-0094,axis1_general,555,0.002120459574093762
conditional-fit-0094,axis1_general,556,4.841943964086108e-05
conditional-fit-0094,axis1_general,557,0.01297259604913684
conditional-fit-0094,axis1_general,558,0.0029656744861263724
conditional-fit-0094,axis1_general,559,0.014480487066748166
conditional-fit-0094,axis1_general,560,0.0005675257292496667
conditional-fit-0094,axis1_general,561,0.0006246845116840566
conditional-fit-0094,axis1_general,562,0.030856454168553843
conditional-fit-0094,axis1_general,563,0.019295011490830308
conditional-fit-0094,axis1_general,564,1.3954590776116243e-05
conditional-fit-0094,axis1_general,565,0.0001891806266468736
conditional-fit-0094,axis1_general,566,9.451886788492441e-05
conditional-fit-0094,axis1_general,567,0.00010471664803021303
conditional-fit-0094,axis1_general,568,0.03307734897348756
conditional-fit-0094,axis1_general,569,0.0005219416052830662
conditional-fit-0094,axis1_general,570,6.322315137599425e-06
conditional-fit-0094,axis1_general,571,3.5872615764597245e-06
conditional-fit-0094,axis1_general,572,0.029016491764581834
conditional-fit-0094,axis1_general,573,1.1053958163955609e-05
conditional-fit-0094,axis1_general,574,0.012788122324296151
conditional-fit-0094,axis1_general,575,0.013988096863586841
conditional-fit-0094,axis1_general,576,0.0041573621921817214
conditional-fit-0094,axis1_general,577,0.0010334931875253287
conditional-fit-0094,axis1_general,578,0.01749993112466529
conditional-fit-0094,axis1_general,579,0.08938936112313688
conditional-fit-0094,axis1_general,580,0.011102170997000844
conditional-fit-0094,axis1_general,581,0.08306989654398779
conditional-fit-0094,axis1_general,582,0.00470135405398029
conditional-fit-0094,axis1_general,583,0.10922405670859323
conditional-fit-0094,axis1_general,584,0.00014564774946749238
conditional-fit-0094,axis1_general,585,0.007606961123232371
conditional-fit-0094,axis1_general,586,0.027554654020335353
conditional-fit-0094,axis1_general,587,0.022660411727646376
conditional-fit-0094,axis1_general,588,2.9181959337631135e-05
conditional-fit-0094,axis1_general,589,0.0007917166411098319
conditional-fit-0094,axis1_general,590,0.04586541303007302
conditional-fit-0094,axis1_general,591,1.257289360027019e-05
conditional-fit-0094,axis1_general,592,0.00031076497119787315
conditional-fit-0094,axis1_general,593,4.951813968975188e-06
conditional-fit-0094,axis1_general,594,6.567720906422202e-05
conditional-fit-0094,axis1_general,595,0.0002604811769008853
conditional-fit-0094,axis1_general,596,2.197060629899754e-05
conditional-fit-0094,axis1_general,597,0.004196258784990881
conditional-fit-0094,axis1_general,598,4.518696597718785e-05
conditional-fit-0094,axis1_general,599,1.761656735568262e-05
conditional-fit-0094,axis1_general,600,0.10741232308802776
conditional-fit-0094,axis1_general,601,1.1460400369306354e-05
conditional-fit-0094,axis1_general,602,0.06643712573307081
conditional-fit-0094,axis1_general,603,0.04633625453061731
conditional-fit-0094,axis1_general,604,0.0005988068942353819
conditional-fit-0094,axis1_general,605,0.003544127801810538
conditional-fit-0094,axis1_general,606,0.016997940638407316
conditional-fit-0094,axis1_general,607,0.007327653327701303
conditional-fit-0094,axis1_general,608,0.12326903119793124
conditional-fit-0094,axis1_general,609,0.0004152671122535669
conditional-fit-0094,axis1_general,610,0.005982385354248368
conditional-fit-0094,axis1_general,611,0.007431113092494825
conditional-fit-0094,axis1_general,612,0.004136752601771146
conditional-fit-0094,axis1_general,613,0.008884016285932418
conditional-fit-0094,axis1_general,614,0.0012584856268789777
conditional-fit-0094,axis1_general,615,4.42052438734765e-06
conditional-fit-0094,axis1_general,616,3.801952052432968e-05
conditional-fit-0094,axis1_general,617,3.0211007941052996e-06
conditional-fit-0094,axis1_general,618,3.246917501733324e-05
conditional-fit-0094,axis1_general,619,0.07180694796028739
conditional-fit-0094,axis1_general,620,0.004581992800967213
conditional-fit-0094,axis1_general,621,0.03949160332569715
conditional-fit-0094,axis1_general,622,0.021656352972045836
conditional-fit-0094,axis1_general,623,0.042082028571393704
conditional-fit-0094,axis1_general,624,0.0008049580057871217
conditional-fit-0094,axis1_general,625,0.03250641781243939
conditional-fit-0094,axis1_general,626,5.54940345175525e-05
conditional-fit-0094,axis1_general,627,5.8845093283316974e-05
conditional-fit-0094,axis1_general,628,0.005917653195483118
conditional-fit-0094,axis1_general,629,0.06137602604145957
conditional-fit-0094,axis1_general,630,0.01514878044870694
conditional-fit-0094,axis1_general,631,0.002320787150311379
conditional-fit-0094,axis1_general,632,0.005689042492415242
conditional-fit-0094,axis1_general,633,0.004095212116907488
conditional-fit-0094,axis1_general,634,0.002571059647540633
conditional-fit-0094,axis1_general,635,0.02124222559191704
conditional-fit-0094,axis1_general,636,4.9412470071574695e-06
conditional-fit-0094,axis1_general,637,0.0009936825510638342
conditional-fit-0094,axis1_general,638,0.03682645502003652
conditional-fit-0094,axis1_general,639,0.0017974411668477256
conditional-fit-0094,axis1_general,640,0.0005040456731031231
conditional-fit-0094,axis1_general,641,9.346242794524047e-07
conditional-fit-0094,axis1_general,642,0.0006264542096305478
conditional-fit-0094,axis1_general,643,6.029398326343048e-06
conditional-fit-0094,axis1_general,644,0.14163688906451513
conditional-fit-0094,axis1_general,645,0.13038774274331014
conditional-fit-0094,axis1_general,646,0.2923627971236539
conditional-fit-0094,axis1_general,647,0.0017452596671523437
conditional-fit-0094,axis1_general,648,0.004643516723251947
conditional-fit-0094,axis1_general,649,0.41516567630293477
conditional-fit-0094,axis1_general,650,0.4240687902410484
conditional-fit-0094,axis1_general,651,0.4811410744117706
conditional-fit-0094,axis1_general,652,0.0017669132171527074
conditional-fit-0094,axis1_general,653,0.03945658423736194
conditional-fit-0094,axis1_general,654,0.014126027035928447
conditional-fit-0094,axis1_general,655,0.08310926470159005
conditional-fit-0094,axis1_general,656,0.000268344335044184
conditional-fit-0094,axis1_general,657,0.010773511796134443
conditional-fit-0094,axis1_general,658,0.0018445145509475768
conditional-fit-0094,axis1_general,659,2.100377742684007e-05
conditional-fit-0094,axis1_general,660,0.000360552286011234
conditional-fit-0094,axis1_general,661,6.222140849832538e-05
conditional-fit-0094,axis1_general,662,6.40832901871375e-06
conditional-fit-0094,axis1_general,663,0.010471587814497196
conditional-fit-0094,axis1_general,664,6.95788600564867e-05
conditional-fit-0094,axis1_general,665,0.07732461157900013
conditional-fit-0094,axis1_general,666,0.009217919978492362
conditional-fit-0094,axis1_general,667,0.001071689546623675
conditional-fit-0094,axis1_general,668,0.009477652677831431
conditional-fit-0094,axis1_general,669,0.0025490327903915358
conditional-fit-0094,axis1_general,670,0.028468747898832115
conditional-fit-0094,axis1_general,671,0.09121568564937707
conditional-fit-0094,axis1_general,672,0.020042153836418074
conditional-fit-0094,axis1_general,673,0.00653911136092078
conditional-fit-0094,axis1_general,674,0.0070103605404958184
conditional-fit-0094,axis1_general,675,0.0019612861107625897
conditional-fit-0094,axis1_general,676,0.00010736485290061752
conditional-fit-0094,axis1_general,677,0.020462361429435555
conditional-fit-0094,axis1_general,678,0.04741878044876878
conditional-fit-0094,axis1_general,679,0.0195467053190779
conditional-fit-0094,axis1_general,680,0.026860388810700478
conditional-fit-0094,axis1_general,681,0.038889139623334
conditional-fit-0094,axis1_general,682,6.654237897711814e-06
conditional-fit-0094,axis1_general,683,0.0001208029519383183
conditional-fit-0094,axis1_general,684,0.07584210959466262
conditional-fit-0094,axis1_general,685,4.6839842051388865e-05
conditional-fit-0094,axis1_general,686,0.009295445673353653
conditional-fit-0094,axis1_general,687,1.315687657566131e-07
conditional-fit-0094,axis1_general,688,0.000751019210132267
conditional-fit-0094,axis1_general,689,2.3304638175044374e-05
conditional-fit-0094,axis1_general,690,3.4657809136737614e-06
conditional-fit-0094,axis1_general,691,0.08839215555975498
conditional-fit-0094,axis1_general,692,0.07779572786656716
conditional-fit-0094,axis1_general,693,0.009228258253475613
conditional-fit-0094,axis1_general,694,0.00048649094243996484
conditional-fit-0094,axis1_general,695,0.01116072970416505
conditional-fit-0094,axis1_general,696,0.0002409713912738679
conditional-fit-0094,axis1_general,697,2.6044663821625256e-05
conditional-fit-0094,axis1_general,698,0.010285621618233945
conditional-fit-0094,axis1_general,699,0.0014502106072142144
conditional-fit-0094,axis1_general,700,0.0064146358450793235
conditional-fit-0094,axis1_general,701,0.009556664007045943
conditional-fit-0094,axis1_general,702,1.470380670043684e-05
conditional-fit-0094,axis1_general,703,0.003870236916172739
conditional-fit-0094,axis1_general,704,5.63805193716106e-06
conditional-fit-0094,axis1_general,705,2.190376085502562e-05
conditional-fit-0094,axis1_general,706,1.4001391947519849e-06
conditional-fit-0094,axis1_general,707,1.1136815955050566e-05
conditional-fit-0094,axis1_general,708,0.028035351256907606
conditional-fit-0094,axis1_general,709,0.0016473355645848652
conditional-fit-0094,axis1_general,710,0.03688098605486164
conditional-fit-0094,axis1_general,711,0.033984721330492185
conditional-fit-0094,axis1_general,712,0.025758635211437543
conditional-fit-0094,axis1_general,713,0.00783656216512564
conditional-fit-0094,axis1_general,714,0.0004212838824523596
conditional-fit-0094,axis1_general,715,0.00018129283388506313
conditional-fit-0094,axis1_general,716,0.04633674507590474
conditional-fit-0094,axis1_general,717,0.011621941034811036
conditional-fit-0094,axis1_general,718,2.511980371127585e-05
conditional-fit-0094,axis1_general,719,0.0009528611332561137
conditional-fit-0094,axis1_general,720,0.0007043825344546453
conditional-fit-0094,axis1_general,721,0.014479222676624447
conditional-fit-0094,axis1_general,722,0.06911358439795827
conditional-fit-0094,axis1_general,723,0.00017189065149013756
conditional-fit-0094,axis1_general,724,0.0012902222575671696
conditional-fit-0094,axis1_general,725,0.014898584335906295
conditional-fit-0094,axis1_general,726,0.02708505620242528
conditional-fit-0094,axis1_general,727,0.07738244996549244
conditional-fit-0094,axis1_general,728,0.06901415789131203
conditional-fit-0094,axis1_general,729,0.04933553951110364
conditional-fit-0094,axis1_general,730,0.04705965487052767
conditional-fit-0094,axis1_general,731,0.02634602378392575
conditional-fit-0094,axis1_general,732,0.03976072783923378
conditional-fit-0094,axis1_general,733,0.021929507689541165
conditional-fit-0094,axis1_general,734,0.011246432819644084
conditional-fit-0094,axis1_general,735,1.4166376683735649e-05
conditional-fit-0094,axis1_general,736,0.0009954597383204297
conditional-fit-0094,axis1_general,737,0.02572682455993744
conditional-fit-0094,axis1_general,738,0.021695466785728507
conditional-fit-0094,axis1_general,739,0.005819700034122276
conditional-fit-0094,axis1_general,740,0.00018604095196487108
conditional-fit-0094,axis1_general,741,0.0011347696944586222
conditional-fit-0094,axis1_general,742,0.0008202596406624269
conditional-fit-0094,axis1_general,743,2.012761657750037e-06
conditional-fit-0094,axis1_general,744,0.0012345114603636979
conditional-fit-0094,axis1_general,745,1.2165076527650288e-05
conditional-fit-0094,axis1_general,746,0.024514155390443798
conditional-fit-0094,axis1_general,747,0.08051599795229346
conditional-fit-0094,axis1_general,748,0.08912631059996702
conditional-fit-0094,axis1_general,749,0.007968953468484589
conditional-fit-0094,axis1_general,750,0.08932827811860405
conditional-fit-0094,axis1_general,751,0.008195395782497596
conditional-fit-0094,axis1_general,752,0.024885677284555797
conditional-fit-0094,axis1_general,753,0.09105820720017982
conditional-fit-0094,axis1_general,754,0.07386942289371012
conditional-fit-0094,axis1_general,755,0.008071961194795786
conditional-fit-0094,axis1_general,756,0.005611648084590249
conditional-fit-0094,axis1_general,757,0.0027118692494017566
conditional-fit-0094,axis1_general,758,0.013384301624163292
conditional-fit-0094,axis1_general,759,5.758185870757414e-06
conditional-fit-0094,axis1_general,760,0.0008400339247061563
conditional-fit-0094,axis1_general,761,0.0001301321185723818
conditional-fit-0094,axis1_general,762,5.5214360409364886e-05
conditional-fit-0094,axis1_general,763,0.006244720839993294
conditional-fit-0094,axis1_general,764,0.005401831381902873
conditional-fit-0094,axis1_general,765,0.012744496929524082
conditional-fit-0094,axis1_general,766,5.8721490866992634e-06
conditional-fit-0094,axis1_general,767,0.006609931091186509
conditional-fit-0094,axis1_general,768,3.8796487599309534e-05
conditional-fit-0094,axis1_general,769,0.03401922731935386
conditional-fit-0094,axis1_general,770,7.35066045233876e-05
conditional-fit-0094,axis1_general,771,0.028608409950021292
conditional-fit-0094,axis1_general,772,0.0018182531094684336
conditional-fit-0094,axis1_general,773,0.0010106588324351523
conditional-fit-0094,axis1_general,774,0.006992753405621217
conditional-fit-0094,axis1_general,775,2.2186475596998965e-05
conditional-fit-0094,axis1_general,776,0.05494907685660112
conditional-fit-0094,axis1_general,777,0.049791834652491
conditional-fit-0094,axis1_general,778,0.0017663470461983758
conditional-fit-0094,axis1_general,779,0.009153840221318339
conditional-fit-0094,axis1_general,780,0.0023873997147344254
conditional-fit-0094,axis1_general,781,0.00021060715987173182
conditional-fit-0094,axis1_general,782,7.254312505227698e-05
conditional-fit-0094,axis1_general,783,0.00012329708880194634
conditional-fit-0094,axis1_general,784,1.9154440549383784e-05
conditional-fit-0094,axis1_general,785,1.638996789602506e-05
conditional-fit-0094,axis1_general,786,0.011093798199207625
conditional-fit-0094,axis1_general,787,0.0009338873424514876
conditional-fit-0094,axis1_general,788,0.0004801705877014172
conditional-fit-0094,axis1_general,789,0.00043176273601553257
conditional-fit-0094,axis1_general,790,0.00013122889330471655
conditional-fit-0094,axis1_general,791,0.01801336943771889
conditional-fit-0094,axis1_general,792,0.030853261936833822
conditional-fit-0094,axis1_general,793,0.047792640862716576
conditional-fit-0094,axis1_general,794,0.06789987672553838
conditional-fit-0094,axis1_general,795,0.11455263396925261
conditional-fit-0094,axis1_general,796,0.021168341933786347
conditional-fit-0094,axis1_general,797,1.334304859704809
conditional-fit-0094,axis1_general,798,0.0741930443443496
conditional-fit-0094,axis1_general,799,0.03887156035343642
conditional-fit-0094,axis1_general,800,0.000797588992450527
conditional-fit-0094,axis1_general,801,0.01820753040135138
conditional-fit-0094,axis1_general,802,0.277363439245052
conditional-fit-0094,axis1_general,803,0.1436567594292979
conditional-fit-0094,axis1_general,804,0.0018558614493331136
conditional-fit-0094,axis1_general,805,0.0027136286672996336
conditional-fit-0094,axis1_general,806,0.25865401250872494
conditional-fit-0094,axis1_general,807,0.08830771610781707
conditional-fit-0094,axis1_general,808,0.00028573138213041613
conditional-fit-0094,axis1_general,809,8.081291602846353e-05
conditional-fit-0094,axis1_general,810,4.634504173818951e-05
conditional-fit-0094,axis1_general,811,0.0013413858224658438
conditional-fit-0094,axis1_general,812,0.004735084747535253
conditional-fit-0094,axis1_general,813,0.00023433802855434005
conditional-fit-0094,axis1_general,814,0.000287781315281908
conditional-fit-0094,axis1_general,815,0.0003604133302828003
conditional-fit-0094,axis1_general,816,5.526412344856288e-06
conditional-fit-0094,axis1_general,817,0.0027386659833839792
conditional-fit-0094,axis1_general,818,0.08546783793716768
conditional-fit-0094,axis1_general,819,0.018302791084416258
conditional-fit-0094,axis1_general,820,0.003455594472690011
conditional-fit-0094,axis1_general,821,0.13877375206798623
conditional-fit-0094,axis1_general,822,0.05286219741220822
conditional-fit-0094,axis1_general,823,0.0005000878106839189
conditional-fit-0094,axis1_general,824,0.007379148810142247
conditional-fit-0094,axis1_general,825,0.007861375300645162
conditional-fit-0094,axis1_general,826,0.0012770868275831673
conditional-fit-0094,axis1_general,827,0.023151193147233618
conditional-fit-0094,axis1_general,828,0.00012169774209683165
conditional-fit-0094,axis1_general,829,0.006010690673991119
conditional-fit-0094,axis1_general,830,0.003603546153814696
conditional-fit-0094,axis1_general,831,0.0004864346008512304
conditional-fit-0094,axis1_general,832,0.04878984790799333
conditional-fit-0094,axis1_general,833,0.0011193333821527154
conditional-fit-0094,axis1_general,834,0.003372758268854102
conditional-fit-0094,axis1_general,835,0.08896291673961154
conditional-fit-0094,axis1_general,836,0.012922700507557172
conditional-fit-0094,axis1_general,837,5.942001539259266e-06
conditional-fit-0094,axis1_general,838,0.009200298729886144
conditional-fit-0094,axis1_general,839,0.017625802458226723
conditional-fit-0094,axis1_general,840,0.003989188460831136
conditional-fit-0094,axis1_general,841,0.015781478249289646
conditional-fit-0094,axis1_general,842,0.028046443866287442
conditional-fit-0094,axis1_general,843,0.0036478413577233056
conditional-fit-0094,axis1_general,844,0.015797233822758043
conditional-fit-0094,axis1_general,845,0.044534464479904036
conditional-fit-0094,axis1_general,846,0.0037809848629942154
conditional-fit-0094,axis1_general,847,0.06306043076296511
conditional-fit-0094,axis1_general,848,0.01754536773716863
conditional-fit-0094,axis1_general,849,0.05059491967931817
conditional-fit-0094,axis1_general,850,0.00151975484981565
conditional-fit-0094,axis1_general,851,0.0026833147690747683
conditional-fit-0094,axis1_general,852,0.020374648590236827
conditional-fit-0094,axis1_general,853,0.11862357241361285
conditional-fit-0094,axis1_general,854,0.05968454927632346
conditional-fit-0094,axis1_general,855,0.008895030644891317
conditional-fit-0094,axis1_general,856,0.04997533912665379
conditional-fit-0094,axis1_general,857,5.134054130612275e-05
conditional-fit-0094,axis1_general,858,0.0022686366164852007
conditional-fit-0094,axis1_general,859,0.005788820053735291
conditional-fit-0094,axis1_general,860,0.007633059963997605
conditional-fit-0094,axis1_general,861,0.0010167158206065073
conditional-fit-0094,axis1_general,862,0.017284118368468552
conditional-fit-0094,axis1_general,863,6.136089671029949e-05
conditional-fit-0094,axis1_general,864,0.0039524285671844826
conditional-fit-0094,axis1_general,865,0.017858819406590468
conditional-fit-0094,axis1_general,866,0.085514480878281
conditional-fit-0094,axis1_general,867,0.0013102368343270903
conditional-fit-0094,axis1_general,868,0.00043085522592248857
conditional-fit-0094,axis1_general,869,0.00011877936143472
conditional-fit-0094,axis1_general,870,0.0006942636557068269
conditional-fit-0094,axis1_general,871,0.0018516481628677345
conditional-fit-0094,axis1_general,872,0.0048594931414340055
conditional-fit-0094,axis1_general,873,0.0180703333516893
conditional-fit-0094,axis1_general,874,0.00022229789171524704
conditional-fit-0094,axis1_general,875,0.0001600734540209178
conditional-fit-0094,axis1_general,876,0.0001030364853691128
conditional-fit-0094,axis1_general,877,0.003120111331528232
conditional-fit-0094,axis1_general,878,7.993232745494729e-05
conditional-fit-0094,axis1_general,879,9.278832194423986e-05
conditional-fit-0094,axis1_general,880,0.006018835475883354
conditional-fit-0094,axis1_general,881,0.0005487535235586675
conditional-fit-0094,axis1_general,882,0.00011530906190015346
conditional-fit-0094,axis1_general,883,0.03335422262130828
conditional-fit-0094,axis1_general,884,0.035294204998669865
conditional-fit-0094,axis1_general,885,0.08640337443236545
conditional-fit-0094,axis1_general,886,0.07999835863175811
conditional-fit-0094,axis1_general,887,0.0003523753137682611
conditional-fit-0094,axis1_general,888,0.002799789179158997
conditional-fit-0094,axis1_general,889,3.736785495331155e-05
conditional-fit-0094,axis1_general,890,0.012562798490984968
conditional-fit-0094,axis1_general,891,0.010519397138682357
conditional-fit-0094,axis1_general,892,2.9926846760846263e-05
conditional-fit-0094,axis1_general,893,0.00016139163471990536
conditional-fit-0094,axis1_general,894,0.011817008086707832
conditional-fit-0094,axis1_general,895,0.0005486989799727829
conditional-fit-0094,axis1_general,896,0.020918541992961375
conditional-fit-0094,axis1_general,897,0.06056565740244558
conditional-fit-0094,axis1_general,898,0.02044596642736054
conditional-fit-0094,axis1_general,899,0.027352430213699905
conditional-fit-0094,axis1_general,900,0.0022823651670119127
conditional-fit-0094,axis1_general,901,0.0003371927144288651
conditional-fit-0094,axis1_general,902,0.0035787406490135434
conditional-fit-0094,axis1_general,903,0.00010673752484860234
conditional-fit-0094,axis1_general,904,0.09767993112223816
conditional-fit-0094,axis1_general,905,0.007952007428518374
conditional-fit-0094,axis1_general,906,0.008700208534407486
conditional-fit-0094,axis1_general,907,7.31842330257038e-05
conditional-fit-0094,axis1_general,908,0.003899361461209224
conditional-fit-0094,axis1_general,909,0.028184922951494412
conditional-fit-0094,axis1_general,910,0.036704278958876214
conditional-fit-0094,axis1_general,911,0.0015635862375120782
conditional-fit-0094,axis1_general,912,0.05456409183479212
conditional-fit-0094,axis1_general,913,0.027347679157545265
conditional-fit-0094,axis1_general,914,0.0011910724441299946
conditional-fit-0094,axis1_general,915,0.002035732913086544
conditional-fit-0094,axis1_general,916,7.371336485085517e-05
conditional-fit-0094,axis1_general,917,0.0021422870233821986
conditional-fit-0094,axis1_general,918,2.0079806283902815e-05
conditional-fit-0094,axis1_general,919,0.001545731934465998
conditional-fit-0094,axis1_general,920,0.01522603890708422
conditional-fit-0094,axis1_general,921,0.0013590964656709625
conditional-fit-0094,axis1_general,922,0.00012900152862563714
conditional-fit-0094,axis1_general,923,0.003522149951382186
conditional-fit-0094,axis1_general,924,0.0005435793174072105
conditional-fit-0094,axis1_general,925,0.0008970530291493983
conditional-fit-0094,axis1_general,926,0.05419889080545777
conditional-fit-0094,axis1_general,927,0.0003206661478600663
conditional-fit-0094,axis1_general,928,0.0032625848803927745
conditional-fit-0094,axis1_general,929,0.001099749107198805
conditional-fit-0094,axis1_general,930,6.644728694644058e-06
conditional-fit-0094,axis1_general,931,0.00239396956128626
conditional-fit-0094,axis1_general,932,2.582121987197971e-05
conditional-fit-0094,axis1_general,933,5.276256083086928e-06
conditional-fit-0094,axis1_general,934,0.003430250287391293
conditional-fit-0094,axis1_general,935,0.020922236606363116
conditional-fit-0094,axis1_general,936,7.555710809310023e-05
conditional-fit-0094,axis1_general,937,0.03025146650683763
conditional-fit-0094,axis1_general,938,0.010546752995026368
conditional-fit-0094,axis1_general,939,0.01320476725265883
conditional-fit-0094,axis1_general,940,0.05306690736733317
conditional-fit-0094,axis1_general,941,0.08320487452964548
conditional-fit-0094,axis1_general,942,1.4193215170748512e-06
conditional-fit-0094,axis1_general,943,0.0067099250041461195
conditional-fit-0094,axis1_general,944,0.003701419378775717
conditional-fit-0094,axis1_general,945,0.004996107434155303
conditional-fit-0094,axis1_general,946,0.02452668262134739
conditional-fit-0094,axis1_general,947,0.008385392205982462
conditional-fit-0094,axis1_general,948,0.03504042612155394
conditional-fit-0094,axis1_general,949,0.026948338932823043
conditional-fit-0094,axis1_general,950,0.02013058933809463
conditional-fit-0094,axis1_general,951,0.018267866126414532
conditional-fit-0094,axis1_general,952,0.023926232796905214
conditional-fit-0094,axis1_general,953,0.002049672793368715
conditional-fit-0094,axis1_general,954,0.00034683720406799103
conditional-fit-0094,axis1_general,955,0.00039431483049411043
conditional-fit-0094,axis1_general,956,0.022533337285278933
conditional-fit-0094,axis1_general,957,0.021036982108330396
conditional-fit-0094,axis1_general,958,0.038239565892259395
conditional-fit-0094,axis1_general,959,0.021323680296691974
conditional-fit-0094,axis1_general,960,0.01483041566140535
conditional-fit-0094,axis1_general,961,0.01699274331661291
conditional-fit-0094,axis1_general,962,0.006032867415164247
conditional-fit-0094,axis1_general,963,0.0015231110119190187
conditional-fit-0094,axis1_general,964,6.641670095683835e-07
conditional-fit-0094,axis1_general,965,0.006225781495311693
conditional-fit-0094,axis1_general,966,0.002936496430142377
conditional-fit-0094,axis1_general,967,1.9203705907470646e-05
conditional-fit-0094,axis1_general,968,0.0005966394816002158
conditional-fit-0094,axis1_general,969,0.0005393281804402002
conditional-fit-0094,axis1_general,970,0.0004949009809596406
conditional-fit-0094,axis1_general,971,1.8045237947518274e-05
conditional-fit-0094,axis1_general,972,0.0040719494420933065
conditional-fit-0094,axis1_general,973,0.0006579062645098293
conditional-fit-0094,axis1_general,974,6.36265337579827e-05
conditional-fit-0094,axis1_general,975,0.0028761129063999136
conditional-fit-0094,axis1_general,976,0.012441612502011083
conditional-fit-0094,axis1_general,977,0.0006327328592529897
conditional-fit-0094,axis1_general,978,0.0003250535711364832
conditional-fit-0094,axis1_general,979,0.00022828134856244355
conditional-fit-0094,axis1_general,980,0.004314122985514299
conditional-fit-0094,axis1_general,981,0.002067098509481471
conditional-fit-0094,axis1_general,982,0.00423830388798426
conditional-fit-0094,axis1_general,983,0.007394155341447338
conditional-fit-0094,axis1_general,984,0.0816872858901122
conditional-fit-0094,axis1_general,985,0.2603337888688121
conditional-fit-0094,axis1_general,986,0.00014094725632967492
conditional-fit-0094,axis1_general,987,1.5518472215917427e-05
conditional-fit-0094,axis1_general,988,0.006906865231615206
conditional-fit-0094,axis1_general,989,3.747713277052044e-05
conditional-fit-0094,axis1_general,990,1.6619452078023908e-06
conditional-fit-0094,axis1_general,991,0.005226758627188839
conditional-fit-0094,axis1_general,992,0.03679063631029734
conditional-fit-0094,axis1_general,993,0.009565294385901577
conditional-fit-0094,axis1_general,994,0.10662187646756659
conditional-fit-0094,axis1_general,995,0.05556928476502941
conditional-fit-0094,axis1_general,996,0.027348688483585595
conditional-fit-0094,axis1_general,997,0.01439890011469146
conditional-fit-0094,axis1_general,998,0.009787965120139661
conditional-fit-0094,axis1_general,999,0.003722191527196207
conditional-fit-0094,axis1_general,1000,0.06911235319229847
conditional-fit-0094,axis1_general,1001,0.06286393823354412
conditional-fit-0094,axis1_general,1002,0.0028914772995638875
conditional-fit-0094,axis1_general,1003,0.015458332242324091
conditional-fit-0094,axis1_general,1004,0.010108419519855825
conditional-fit-0094,axis1_general,1005,0.014851738151694105
conditional-fit-0094,axis1_general,1006,2.6180463598866664e-06
conditional-fit-0094,axis1_general,1007,0.000802518448420518
conditional-fit-0094,axis1_general,1008,0.005950013508894142
conditional-fit-0094,axis1_general,1009,0.00028960021085790686
conditional-fit-0094,axis1_general,1010,0.004518019859595162
conditional-fit-0094,axis1_general,1011,0.009414750582768316
conditional-fit-0094,axis1_general,1012,0.015896966054763283
conditional-fit-0094,axis1_general,1013,0.005961288638164492
conditional-fit-0094,axis1_general,1014,0.03360046965841387
conditional-fit-0094,axis1_general,1015,0.003884108808429291
conditional-fit-0094,axis1_general,1016,0.007653795423058267
conditional-fit-0094,axis1_general,1017,0.038605436721800696
conditional-fit-0094,axis1_general,1018,0.004695656119165198
conditional-fit-0094,axis1_general,1019,0.006647803806231455
conditional-fit-0094,axis1_general,1020,0.014192408526452253
conditional-fit-0094,axis1_general,1021,0.00010995451644146389
conditional-fit-0094,axis1_general,1022,0.003271656894539821
conditional-fit-0094,axis1_general,1023,0.006142284735272905
conditional-fit-0094,axis1_general,1024,0.010602286506912998
conditional-fit-0094,axis1_general,1025,0.0008140423892638218
conditional-fit-0094,axis1_general,1026,0.0007024103363272005
conditional-fit-0094,axis1_general,1027,0.008562806791369736
conditional-fit-0094,axis1_general,1028,0.00034083481721326606
conditional-fit-0094,axis1_general,1029,0.017977907999311676
conditional-fit-0094,axis1_general,1030,0.02005510520214535
conditional-fit-0094,axis1_general,1031,0.012352671972052618
conditional-fit-0094,axis1_general,1032,0.018281102525561414
conditional-fit-0094,axis1_general,1033,0.007912716222798065
conditional-fit-0094,axis1_general,1034,0.012139133413947189
conditional-fit-0094,axis1_general,1035,0.004978638083143733
conditional-fit-0094,axis1_general,1036,0.006691057025421034
conditional-fit-0094,axis1_general,1037,0.006147515776204508
conditional-fit-0094,axis1_general,1038,0.008730004368845674
conditional-fit-0094,axis1_general,1039,0.010180947423172104
conditional-fit-0094,axis1_general,1040,0.025114365270738608
conditional-fit-0094,axis1_general,1041,0.0005442421280804541
conditional-fit-0094,axis1_general,1042,2.3333049460125904e-05
conditional-fit-0094,axis1_general,1043,2.275006123842421e-05
conditional-fit-0094,axis1_general,1044,0.00011945308760990204
conditional-fit-0094,axis1_general,1045,0.008269255811231455
conditional-fit-0094,axis1_general,1046,0.0003128620767885661
conditional-fit-0094,axis1_general,1047,7.481898087490124e-05
conditional-fit-0094,axis1_general,1048,0.00010433683686655629
conditional-fit-0094,axis1_general,1049,9.575753642360709e-06
conditional-fit-0094,axis1_general,1050,0.002409824124325554
conditional-fit-0094,axis1_general,1051,0.11349086125678451
conditional-fit-0094,axis1_general,1052,0.06616566406206233
conditional-fit-0094,axis1_general,1053,0.032234328381140785
conditional-fit-0094,axis1_general,1054,0.0058420019033501094
conditional-fit-0094,axis1_general,1055,0.039655594348357616
conditional-fit-0094,axis1_general,1056,7.985943251106704e-05
conditional-fit-0094,axis1_general,1057,2.5348526891110564e-05
conditional-fit-0094,axis1_general,1058,1.2021886904298242e-05
conditional-fit-0094,axis1_general,1059,4.734000956386397e-06
conditional-fit-0094,axis1_general,1060,0.0017092141445084216
conditional-fit-0094,axis1_general,1061,9.609220233338826e-05
conditional-fit-0094,axis1_general,1062,1.4200343392454572e-05
conditional-fit-0094,axis1_general,1063,3.598981812433435e-05
conditional-fit-0094,axis1_general,1064,3.380241151367822e-05
conditional-fit-0094,axis1_general,1065,0.00014578613999982024
conditional-fit-0094,axis1_general,1066,0.019373144740394498
conditional-fit-0094,axis1_general,1067,0.037902304071894745
conditional-fit-0094,axis1_general,1068,0.011678700394438647
conditional-fit-0094,axis1_general,1069,0.004377533598875438
conditional-fit-0094,axis1_general,1070,0.005435207066399501
conditional-fit-0094,axis1_general,1071,8.536011142481958e-05
conditional-fit-0094,axis1_general,1072,0.00024198873855302814
conditional-fit-0094,axis1_general,1073,0.008641705477527965
conditional-fit-0094,axis1_general,1074,0.0055955715181339825
conditional-fit-0094,axis1_general,1075,0.007488731015747413
conditional-fit-0094,axis1_general,1076,0.021691762198717178
conditional-fit-0094,axis1_general,1077,0.004157509852126793
conditional-fit-0094,axis1_general,1078,0.0002698883873534944
conditional-fit-0094,axis1_general,1079,0.0012202161308560414
conditional-fit-0094,axis1_general,1080,3.10756035069179e-06
conditional-fit-0094,axis1_general,1081,0.00033011805250353116
conditional-fit-0094,axis1_general,1082,0.0020792389460447635
conditional-fit-0094,axis1_general,1083,8.650400964160275e-05
conditional-fit-0094,axis1_general,1084,0.0087263769149604
conditional-fit-0094,axis1_general,1085,5.337215633600176e-05
conditional-fit-0094,axis1_general,1086,2.4602243373588686e-06
conditional-fit-0094,axis1_general,1087,0.0009909167190277745
conditional-fit-0094,axis1_general,1088,0.08831213270378202
conditional-fit-0094,axis1_general,1089,0.0046269070034967805
conditional-fit-0094,axis1_general,1090,0.02760877471095894
conditional-fit-0094,axis1_general,1091,0.0010731330753513979
conditional-fit-0094,axis1_general,1092,0.02311101305299354
conditional-fit-0094,axis1_general,1093,0.0007087327747939303
conditional-fit-0094,axis1_general,1094,0.011209681605572515
conditional-fit-0094,axis1_general,1095,0.03435517570541481
conditional-fit-0094,axis1_general,1096,0.019700414084055658
conditional-fit-0094,axis1_general,1097,0.00841478247968172
conditional-fit-0094,axis1_general,1098,0.0025074328092370276
conditional-fit-0094,axis1_general,1099,0.018883106409774447
conditional-fit-0094,axis1_general,1100,0.0038193784895482834
conditional-fit-0094,axis1_general,1101,4.1135339382100675e-05
conditional-fit-0094,axis1_general,1102,0.013917994951444052
conditional-fit-0094,axis1_general,1103,0.0006138474096843778
conditional-fit-0094,axis1_general,1104,0.02308667401675646
conditional-fit-0094,axis1_general,1105,0.008241877707301039
conditional-fit-0094,axis1_general,1106,0.013070774589282096
conditional-fit-0094,axis1_general,1107,0.028315067803855655
conditional-fit-0094,axis1_general,1108,0.0007773690580840635
conditional-fit-0094,axis1_general,1109,0.008321311231957925
conditional-fit-0094,axis1_general,1110,0.0053924560276341635
conditional-fit-0094,axis1_general,1111,0.019471512001375143
conditional-fit-0094,axis1_general,1112,0.028269421876451446
conditional-fit-0094,axis1_general,1113,0.009024035134055822
conditional-fit-0094,axis1_general,1114,0.00899032912696925
conditional-fit-0094,axis1_general,1115,0.023782331218304927
conditional-fit-0094,axis1_general,1116,0.00023488196254316417
conditional-fit-0094,axis1_general,1117,0.008797713051902226
conditional-fit-0094,axis1_general,1118,0.0008562464322179439
conditional-fit-0094,axis1_general,1119,0.009786531289564531
conditional-fit-0094,axis1_general,1120,0.0029257295310317092
conditional-fit-0094,axis1_general,1121,0.013253744421904839
conditional-fit-0094,axis1_general,1122,0.026468042277751035
conditional-fit-0094,axis1_general,1123,0.00271021188053171
conditional-fit-0094,axis1_general,1124,0.006062142987477023
conditional-fit-0094,axis1_general,1125,0.002173109939791246
conditional-fit-0094,axis1_general,1126,0.0002829775132491047
conditional-fit-0094,axis1_general,1127,0.0045742611167141735
conditional-fit-0094,axis1_general,1128,3.981606380142511e-05
conditional-fit-0094,axis1_general,1129,0.007050635814520825
conditional-fit-0094,axis1_general,1130,0.015580867077734872
conditional-fit-0094,axis1_general,1131,4.662270158141057e-05
conditional-fit-0094,axis1_general,1132,0.0006860181573557205
conditional-fit-0094,axis1_general,1133,0.0012321225951550227
conditional-fit-0094,axis1_general,1134,7.233879682038242e-07
conditional-fit-0094,axis1_general,1135,0.0008575969439070623
conditional-fit-0094,axis1_general,1136,0.04449753307700677
conditional-fit-0094,axis1_general,1137,0.0026115578434379887
conditional-fit-0094,axis1_general,1138,0.014818536919080801
conditional-fit-0094,axis1_general,1139,0.04015758032012031
conditional-fit-0094,axis1_general,1140,0.0025382755458508923
conditional-fit-0094,axis1_general,1141,0.0034174374473892955
conditional-fit-0094,axis1_general,1142,0.009749537418735844
conditional-fit-0094,axis1_general,1143,0.0026078667632152656
conditional-fit-0094,axis1_general,1144,0.0011674453539505109
conditional-fit-0094,axis1_general,1145,0.0002614651383543755
conditional-fit-0094,axis1_general,1146,0.0002566482748389174
conditional-fit-0094,axis1_general,1147,3.619308319725094e-05
conditional-fit-0094,axis1_general,1148,0.016410857328421243
conditional-fit-0094,axis1_general,1149,0.008162691210904825
conditional-fit-0094,axis1_general,1150,0.009130733310758775
conditional-fit-0094,axis1_general,1151,0.048757413961246644
conditional-fit-0094,axis1_general,1152,0.02112115572466136
conditional-fit-0094,axis1_general,1153,0.0036734946146096915
conditional-fit-0094,axis1_general,1154,0.008773327303274958
conditional-fit-0094,axis1_general,1155,0.028001940841703057
conditional-fit-0094,axis1_general,1156,0.0005269888486061627
conditional-fit-0094,axis1_general,1157,0.006861633066871181
conditional-fit-0094,axis1_general,1158,9.65788236355719e-05
conditional-fit-0094,axis1_general,1159,0.0024370803206024455
conditional-fit-0094,axis1_general,1160,0.018762492260301127
conditional-fit-0094,axis1_general,1161,0.030451123198101185
conditional-fit-0094,axis1_general,1162,0.03270599052453687
conditional-fit-0094,axis1_general,1163,0.017970975111581675
conditional-fit-0094,axis1_general,1164,0.010580717164156248
conditional-fit-0094,axis1_general,1165,5.100127914244368e-05
conditional-fit-0094,axis1_general,1166,0.008101326429446184
conditional-fit-0094,axis1_general,1167,0.008376217097470256
conditional-fit-0094,axis1_general,1168,0.02656537001334059
conditional-fit-0094,axis1_general,1169,0.020647630262974538
conditional-fit-0094,axis1_general,1170,0.02182263131223066
conditional-fit-0094,axis1_general,1171,0.007516469646745672
conditional-fit-0094,axis1_general,1172,0.05909012755686769
conditional-fit-0094,axis1_general,1173,0.021209624015003564
conditional-fit-0094,axis1_general,1174,0.01922048995446696
conditional-fit-0094,axis1_general,1175,0.008864619166472396
conditional-fit-0094,axis1_general,1176,0.004702700299443179
conditional-fit-0094,axis1_general,1177,0.017361354731367875
conditional-fit-0094,axis1_general,1178,0.008375668739797427
conditional-fit-0094,axis1_general,1179,0.001441147522548022
conditional-fit-0094,axis1_general,1180,0.00038339260853150663
conditional-fit-0094,axis1_general,1181,0.007676481389881006
conditional-fit-0094,axis1_general,1182,5.0826435257972135e-06
conditional-fit-0094,axis1_general,1183,0.005787353526478321
conditional-fit-0094,axis1_general,1184,0.0007961463805281172
conditional-fit-0094,axis1_general,1185,1.8419342008693695e-05
conditional-fit-0094,axis1_general,1186,0.010392751755063358
conditional-fit-0094,axis1_general,1187,0.0004376327388441309
conditional-fit-0094,axis1_general,1188,1.848432843597497e-05
conditional-fit-0094,axis1_general,1189,0.007810330359676255
conditional-fit-0094,axis1_general,1190,0.0035447759416332393
conditional-fit-0094,axis1_general,1191,0.01196643379452321
conditional-fit-0094,axis1_general,1192,0.007819007631024735
conditional-fit-0094,axis1_general,1193,0.008178792879440056
conditional-fit-0094,axis1_general,1194,7.95713503486972e-07
conditional-fit-0094,axis1_general,1195,0.0034739403012211643
conditional-fit-0094,axis1_general,1196,0.0039506754833881896
conditional-fit-0094,axis1_general,1197,0.001427502179923117
conditional-fit-0094,axis1_general,1198,0.00024312706537403522
conditional-fit-0094,axis1_general,1199,0.0002498885471031165
conditional-fit-0094,axis1_general,1200,0.0007221543618985372
conditional-fit-0094,axis1_general,1201,7.939571937708317e-05
conditional-fit-0094,axis1_general,1202,0.00897975869302556
conditional-fit-0094,axis1_general,1203,0.005183027817898851
conditional-fit-0094,axis1_general,1204,0.00015909296511583415
conditional-fit-0094,axis1_general,1205,0.0006780129940692041
conditional-fit-0094,axis1_general,1206,0.0034165151162862803
conditional-fit-0094,axis1_general,1207,0.001838909539055299
conditional-fit-0094,axis1_general,1208,7.763522233341356e-08
conditional-fit-0094,axis1_general,1209,0.008574595509867496
conditional-fit-0094,axis1_general,1210,0.027814465095648735
conditional-fit-0094,axis1_general,1211,0.0017338470708567065
conditional-fit-0094,axis1_general,1212,0.0015702182608563007
conditional-fit-0094,axis1_general,1213,0.006537008593792023
conditional-fit-0094,axis1_general,1214,0.0037296641233539097
conditional-fit-0094,axis1_general,1215,0.0009482975523578375
conditional-fit-0094,axis1_general,1216,0.010407923648712146
conditional-fit-0094,axis1_general,1217,6.054165954757936e-07
conditional-fit-0094,axis1_general,1218,0.0013085955194882671
conditional-fit-0094,axis1_general,1219,0.013481001492985542
conditional-fit-0094,axis1_general,1220,0.0012722818654758935
conditional-fit-0094,axis1_general,1221,0.0005866568359498047
conditional-fit-0094,axis1_general,1222,0.0058081354140442475
conditional-fit-0094,axis1_general,1223,1.1087196387427358e-05
conditional-fit-0094,axis1_general,1224,0.01757184940894181
conditional-fit-0094,axis1_general,1225,2.00513677406479e-06
conditional-fit-0094,axis1_general,1226,0.0006160810233082688
conditional-fit-0094,axis1_general,1227,0.0026262332692406198
conditional-fit-0094,axis1_general,1228,6.982887657099109e-06
conditional-fit-0094,axis1_general,1229,0.014044964199406134
conditional-fit-0094,axis1_general,1230,0.0002756767158070205
conditional-fit-0094,axis1_general,1231,0.00010000820795402817
conditional-fit-0094,axis1_general,1232,0.0005893437805785944
conditional-fit-0094,axis1_general,1233,0.03704428688703626
conditional-fit-0094,axis1_general,1234,0.0030041735904100895
conditional-fit-0094,axis1_general,1235,0.016026313017310514
conditional-fit-0094,axis1_general,1236,0.002495199507607463
conditional-fit-0094,axis1_general,1237,0.0013868621316196926
conditional-fit-0094,axis1_general,1238,0.025106996620040692
conditional-fit-0094,axis1_general,1239,0.0081833944309796
conditional-fit-0094,axis1_general,1240,0.0010849470804251277
conditional-fit-0094,axis1_general,1241,0.011379492504510902
conditional-fit-0094,axis1_general,1242,0.0008107649924640147
conditional-fit-0094,axis1_general,1243,0.0009497830723318723
conditional-fit-0094,axis1_general,1244,3.9865671394138146e-05
conditional-fit-0094,axis1_general,1245,5.5940021731868214e-05
conditional-fit-0094,axis1_general,1246,0.003569221821966416
conditional-fit-0094,axis1_general,1247,0.014105383077089551
conditional-fit-0094,axis1_general,1248,0.0076604703610393815
conditional-fit-0094,axis1_general,1249,0.01072888643474093
conditional-fit-0094,axis1_general,1250,0.027712954205948534
conditional-fit-0094,axis1_general,1251,0.00012523055388320676
conditional-fit-0094,axis1_general,1252,0.005722305890396295
conditional-fit-0094,axis1_general,1253,0.0029355984441619665
conditional-fit-0094,axis1_general,1254,0.002113386957144446
conditional-fit-0094,axis1_general,1255,0.00047740479064355937
conditional-fit-0094,axis1_general,1256,0.019676277080444726
conditional-fit-0094,axis1_general,1257,0.007427733027728267
conditional-fit-0094,axis1_general,1258,0.000514995959315122
conditional-fit-0094,axis1_general,1259,0.03270332267737941
conditional-fit-0094,axis1_general,1260,0.03207233230346973
conditional-fit-0094,axis1_general,1261,0.04327106648893046
conditional-fit-0094,axis1_general,1262,0.014087129773287535
conditional-fit-0094,axis1_general,1263,0.001498373101042701
conditional-fit-0094,axis1_general,1264,2.8508465786484258e-05
conditional-fit-0094,axis1_general,1265,0.0003907962983110166
conditional-fit-0094,axis1_general,1266,0.009244244752839928
conditional-fit-0094,axis1_general,1267,0.024444786217890275
conditional-fit-0094,axis1_general,1268,0.00586636396262176
conditional-fit-0094,axis1_general,1269,0.0010720118898749952
conditional-fit-0094,axis1_general,1270,0.0004895157516252717
conditional-fit-0094,axis1_general,1271,0.012981840833128094
conditional-fit-0094,axis1_general,1272,0.03240276075830321
conditional-fit-0094,axis1_general,1273,0.010094742590522973
conditional-fit-0094,axis1_general,1274,0.008033475401071143
conditional-fit-0094,axis1_general,1275,0.05392260684919058
conditional-fit-0094,axis1_general,1276,0.0005243617068770477
conditional-fit-0094,axis1_general,1277,0.04870920627875219
conditional-fit-0094,axis1_general,1278,0.01346234672062514
conditional-fit-0094,axis1_general,1279,0.007041110613595872
conditional-fit-0094,axis1_general,1280,0.03151217429702481
conditional-fit-0094,axis1_general,1281,0.025768066681163822
conditional-fit-0094,axis1_general,1282,0.0006888039442664696
conditional-fit-0094,axis1_general,1283,5.430234334087185e-05
conditional-fit-0094,axis1_general,1284,1.3354907012685357e-05
conditional-fit-0094,axis1_general,1285,0.0010328222150752082
conditional-fit-0094,axis1_general,1286,1.128319769343859e-06
conditional-fit-0094,axis1_general,1287,0.00021158939789036243
conditional-fit-0094,axis1_general,1288,0.010797315857454562
conditional-fit-0094,axis1_general,1289,0.029101345993418015
conditional-fit-0094,axis1_general,1290,0.017968282432773056
conditional-fit-0094,axis1_general,1291,0.0011488781565616633
conditional-fit-0094,axis1_general,1292,0.007737054930030553
conditional-fit-0094,axis1_general,1293,0.012253337310251064
conditional-fit-0094,axis1_general,1294,0.0013008625136374957
conditional-fit-0094,axis1_general,1295,0.028571533957819084
conditional-fit-0094,axis1_general,1296,0.01156166491703543
conditional-fit-0094,axis1_general,1297,0.00014534502163985816
conditional-fit-0094,axis1_general,1298,0.00014990019491196624
conditional-fit-0094,axis1_general,1299,3.061403408429094e-05
conditional-fit-0094,axis1_general,1300,0.001818737157717889
conditional-fit-0094,axis1_general,1301,0.0015699942541193823
conditional-fit-0094,axis1_general,1302,0.011531156326989589
conditional-fit-0094,axis1_general,1303,0.01744180571994107
conditional-fit-0094,axis1_general,1304,0.004787933252952133
conditional-fit-0094,axis1_general,1305,8.575637749468962e-05
conditional-fit-0094,axis1_general,1306,3.2299203104604367e-05
conditional-fit-0094,axis1_general,1307,0.0044115302658845855
conditional-fit-0094,axis1_general,1308,0.0013009890205307381
conditional-fit-0094,axis1_general,1309,0.035130181226829274
conditional-fit-0094,axis1_general,1310,0.0008843734609303244
conditional-fit-0094,axis1_general,1311,0.018780914756310253
conditional-fit-0094,axis1_general,1312,0.004386705494570138
conditional-fit-0094,axis1_general,1313,0.002790598744459645
conditional-fit-0094,axis1_general,1314,0.006478453301152489
conditional-fit-0094,axis1_general,1315,0.030591551148176147
conditional-fit-0094,axis1_general,1316,0.03519470060628618
conditional-fit-0094,axis1_general,1317,0.011329255169949086
conditional-fit-0094,axis1_general,1318,0.00045271226438784676
conditional-fit-0094,axis1_general,1319,0.0002832220139952011
conditional-fit-0094,axis1_general,1320,0.02330508576656182
conditional-fit-0094,axis1_general,1321,0.0008040342016672051
conditional-fit-0094,axis1_general,1322,0.0017751764186823803
conditional-fit-0094,axis1_general,1323,2.4394393047121966e-05
conditional-fit-0094,axis1_general,1324,1.8503088591663677e-05
conditional-fit-0094,axis1_general,1325,2.830004604335094e-05
conditional-fit-0094,axis1_general,1326,2.5914800525675367e-05
conditional-fit-0094,axis1_general,1327,0.005187430252746372
conditional-fit-0094,axis1_general,1328,0.0001779108938151994
conditional-fit-0094,axis1_general,1329,7.701227755353238e-05
conditional-fit-0094,axis1_general,1330,0.0021349766882947773
conditional-fit-0094,axis1_general,1331,2.116902969730685e-05
conditional-fit-0094,axis1_general,1332,0.0011502347803916493
conditional-fit-0094,axis1_general,1333,0.13199860497163013
conditional-fit-0094,axis1_general,1334,0.002224939226044073
conditional-fit-0094,axis1_general,1335,0.015292846592752807
conditional-fit-0094,axis1_general,1336,0.11973859347875032
conditional-fit-0094,axis1_general,1337,0.2740666015112244
conditional-fit-0094,axis1_general,1338,0.07240141281717957
conditional-fit-0094,axis1_general,1339,0.029224585573158577
conditional-fit-0094,axis1_general,1340,0.04344318772434411
conditional-fit-0094,axis1_general,1341,0.0003408393328908668
conditional-fit-0094,axis1_general,1342,0.008887347879715518
conditional-fit-0094,axis1_general,1343,0.00015410467394491673
conditional-fit-0094,axis1_general,1344,0.0004542545440948826
conditional-fit-0094,axis1_general,1345,0.0003550863665439983
conditional-fit-0094,axis1_general,1346,0.016927653115565086
conditional-fit-0094,axis1_general,1347,0.00013407992988643391
conditional-fit-0094,axis1_general,1348,0.04477246501271703
conditional-fit-0094,axis1_general,1349,0.06064462200791615
conditional-fit-0094,axis1_general,1350,0.09970812300073949
conditional-fit-0094,axis1_general,1351,0.0006327071129066753
conditional-fit-0094,axis1_general,1352,0.00039523647769880053
conditional-fit-0094,axis1_general,1353,0.0011996414291580294
conditional-fit-0094,axis1_general,1354,0.000316489609439133
conditional-fit-0094,axis1_general,1355,0.0240503672859277
conditional-fit-0094,axis1_general,1356,1.1086637828039632e-05
conditional-fit-0094,axis1_general,1357,2.1051768533802985e-05
conditional-fit-0094,axis1_general,1358,5.561054204336004e-05
conditional-fit-0094,axis1_general,1359,0.00024337752234690032
conditional-fit-0094,axis1_general,1360,0.003869568264491409
conditional-fit-0094,axis1_general,1361,7.962306892036916e-05
conditional-fit-0094,axis1_general,1362,0.0003141213907100885
conditional-fit-0094,axis1_general,1363,9.502076180946503e-05
conditional-fit-0094,axis1_general,1364,1.1831154136899283e-05
conditional-fit-0094,axis1_general,1365,0.00016289644264553448
conditional-fit-0094,axis1_general,1366,0.0409759032513755
conditional-fit-0094,axis1_general,1367,0.006236010973054103
conditional-fit-0094,axis1_general,1368,4.658620632028264e-05
conditional-fit-0094,axis1_general,1369,0.0003735338110645811
conditional-fit-0094,axis1_general,1370,0.000516543598326554
conditional-fit-0094,axis1_general,1371,0.011898314992433033
conditional-fit-0094,axis1_general,1372,0.0401783532184149
conditional-fit-0094,axis1_general,1373,0.01707649921209792
conditional-fit-0094,axis1_general,1374,0.01441926540537361
conditional-fit-0094,axis1_general,1375,0.042766524928692165
conditional-fit-0094,axis1_general,1376,0.025161250887204688
conditional-fit-0094,axis1_general,1377,0.00015511292201133772
conditional-fit-0094,axis1_general,1378,0.010016030835323424
conditional-fit-0094,axis1_general,1379,0.0015435933982221408
conditional-fit-0094,axis1_general,1380,1.5852580578782092e-05
conditional-fit-0094,axis1_general,1381,0.0042534506853931465
conditional-fit-0094,axis1_general,1382,0.0016732181150428637
conditional-fit-0094,axis1_general,1383,0.036668154632651835
conditional-fit-0094,axis1_general,1384,0.05678716850568938
conditional-fit-0094,axis1_general,1385,0.04711064658900268
conditional-fit-0094,axis1_general,1386,0.06110577225936707
conditional-fit-0094,axis1_general,1387,0.019276110241475485
conditional-fit-0094,axis1_general,1388,0.02516914619824148
conditional-fit-0094,axis1_general,1389,0.011936709459563932
conditional-fit-0094,axis1_general,1390,0.006316846673654522
conditional-fit-0094,axis1_general,1391,0.0007205481103793171
conditional-fit-0094,axis1_general,1392,0.02144800125287964
conditional-fit-0094,axis1_general,1393,0.01431488042618384
conditional-fit-0094,axis1_general,1394,0.022691666137275204
conditional-fit-0094,axis1_general,1395,0.008245364576768846
conditional-fit-0094,axis1_general,1396,0.011552394254215038
conditional-fit-0094,axis1_general,1397,0.019620414513953896
conditional-fit-0094,axis1_general,1398,0.018792615079545966
conditional-fit-0094,axis1_general,1399,0.0011760376323324837
conditional-fit-0094,axis1_general,1400,6.492872357316068e-05
conditional-fit-0094,axis1_general,1401,1.273208071337143e-05
conditional-fit-0094,axis1_general,1402,0.0006057698099423154
conditional-fit-0094,axis1_general,1403,0.007302603586299155
conditional-fit-0094,axis1_general,1404,3.976426098635789e-05
conditional-fit-0094,axis1_general,1405,0.00712968492042722
conditional-fit-0094,axis1_general,1406,0.0007411733508769151
conditional-fit-0094,axis1_general,1407,1.0720137177127709e-05
conditional-fit-0094,axis1_general,1408,0.0071743908795046316
conditional-fit-0094,axis1_general,1409,0.032975383678831405
conditional-fit-0094,axis1_general,1410,0.09398411780265026
conditional-fit-0094,axis1_general,1411,0.0005997039411211155
conditional-fit-0094,axis1_general,1412,0.023941858522870275
conditional-fit-0094,axis1_general,1413,0.006759228495843481
conditional-fit-0094,axis1_general,1414,0.00019000490991279002
conditional-fit-0094,axis1_general,1415,0.00012026621766768183
conditional-fit-0094,axis1_general,1416,0.0019191230369819039
conditional-fit-0094,axis1_general,1417,0.008761840515134293
conditional-fit-0094,axis1_general,1418,0.0040714956786748885
conditional-fit-0094,axis1_general,1419,4.6218738316413144e-05
conditional-fit-0094,axis1_general,1420,0.00018282826880528153
conditional-fit-0094,axis1_general,1421,5.070759807879276e-06
conditional-fit-0094,axis1_general,1422,0.00011372682531302493
conditional-fit-0094,axis1_general,1423,1.2682574414528997e-05
conditional-fit-0094,axis1_general,1424,0.009046481916111494
conditional-fit-0094,axis1_general,1425,0.0004008351287472652
conditional-fit-0094,axis1_general,1426,0.0005270634318276868
conditional-fit-0094,axis1_general,1427,0.001319935585877458
conditional-fit-0094,axis1_general,1428,0.0003124899764127808
conditional-fit-0094,axis1_general,1429,1.8397007018002133e-05
conditional-fit-0094,axis1_general,1430,0.00013184970901845508
conditional-fit-0094,axis1_general,1431,0.0008160928258719158
conditional-fit-0094,axis1_general,1432,0.0019969315331170817
conditional-fit-0094,axis1_general,1433,0.0015381465481115347
conditional-fit-0094,axis1_general,1434,0.002304621938052592
conditional-fit-0094,axis1_general,1435,0.0021067620134456342
conditional-fit-0094,axis1_general,1436,0.0007817831297235347
conditional-fit-0094,axis1_general,1437,0.0005147099739950498
conditional-fit-0094,axis1_general,1438,0.0025667098749987613
conditional-fit-0094,axis1_general,1439,0.00132841959639266
conditional-fit-0094,axis1_general,1440,0.00018209249601363692
conditional-fit-0094,axis1_general,1441,0.0038575768477401144
conditional-fit-0094,axis1_general,1442,0.0011834324684423425
conditional-fit-0094,axis1_general,1443,0.005735250400174932
conditional-fit-0094,axis1_general,1444,0.0009890218429911297
conditional-fit-0094,axis1_general,1445,0.001279945873541129
conditional-fit-0094,axis1_general,1446,8.259301530644917e-05
conditional-fit-0094,axis1_general,1447,0.0003404776256377493
conditional-fit-0094,axis1_general,1448,0.00020587247019806295
conditional-fit-0094,axis1_general,1449,0.005622693342885648
conditional-fit-0094,axis1_general,1450,2.133227852225623e-05
conditional-fit-0094,axis1_general,1451,0.0016631116770443905
conditional-fit-0094,axis1_general,1452,0.0010879407875079878
conditional-fit-0094,axis1_general,1453,3.46713821727795e-06
conditional-fit-0094,axis1_general,1454,0.010169426636189888
conditional-fit-0094,axis1_general,1455,0.00012245294316428777
conditional-fit-0094,axis1_general,1456,1.480570369197414e-06
conditional-fit-0094,axis1_general,1457,0.01155393138505402
conditional-fit-0094,axis1_general,1458,0.015096573992932337
conditional-fit-0094,axis1_general,1459,0.013991461393019912
conditional-fit-0094,axis1_general,1460,0.04265523458987561
conditional-fit-0094,axis1_general,1461,0.010356782796084013
conditional-fit-0094,axis1_general,1462,0.0004784959350306234
conditional-fit-0094,axis1_general,1463,0.0012080659443300494
conditional-fit-0094,axis1_general,1464,0.00030986991340963585
conditional-fit-0094,axis1_general,1465,0.0068931719702532805
conditional-fit-0094,axis1_general,1466,0.0031329985215352713
conditional-fit-0094,axis1_general,1467,0.10111777668980289
conditional-fit-0094,axis1_general,1468,0.0025632646949949297
conditional-fit-0094,axis1_general,1469,0.0005143820967615952
conditional-fit-0094,axis1_general,1470,2.420809062110053e-05
conditional-fit-0094,axis1_general,1471,0.005828692939801872
conditional-fit-0094,axis1_general,1472,0.0016067077097578972
conditional-fit-0094,axis1_general,1473,0.011334644098218365
conditional-fit-0094,axis1_general,1474,0.020837446644687257
conditional-fit-0094,axis1_general,1475,0.008429657850411346
conditional-fit-0094,axis1_general,1476,0.00012193492085084035
conditional-fit-0094,axis1_general,1477,0.0003303689810472477
conditional-fit-0094,axis1_general,1478,2.0273574546319064e-05
conditional-fit-0094,axis1_general,1479,0.00013979410078164399
conditional-fit-0094,axis1_general,1480,7.824766560149915e-05
conditional-fit-0094,axis1_general,1481,0.00031904034337208476
conditional-fit-0094,axis1_general,1482,2.2710599598791036e-06
conditional-fit-0094,axis1_general,1483,0.00019910034644203209
conditional-fit-0094,axis1_general,1484,0.0019485857611820311
conditional-fit-0094,axis1_general,1485,0.01506546401834629
conditional-fit-0094,axis1_general,1486,0.0037214505104053034
conditional-fit-0094,axis1_general,1487,9.41292092405469e-05
conditional-fit-0094,axis1_general,1488,0.0016825736501079559
conditional-fit-0094,axis1_general,1489,0.002471235292906642
conditional-fit-0094,axis1_general,1490,1.1150526625626059e-05
conditional-fit-0094,axis1_general,1491,5.680604691745179e-05
conditional-fit-0094,axis1_general,1492,3.705980846570324e-05
conditional-fit-0094,axis1_general,1493,0.00230680130808012
conditional-fit-0094,axis1_general,1494,9.077011256481442e-05
conditional-fit-0094,axis1_general,1495,0.0001047850168498617
conditional-fit-0094,axis1_general,1496,0.009088560156902145
conditional-fit-0094,axis1_general,1497,4.545842459825358e-06
conditional-fit-0094,axis1_general,1498,0.002190235138460368
conditional-fit-0094,axis1_general,1499,0.00020228628444448585
conditional-fit-0094,axis1_general,1500,1.3746272452887766e-05
conditional-fit-0094,axis1_general,1501,6.797073627732756e-05
conditional-fit-0094,axis1_general,1502,0.0005950336563479166
conditional-fit-0094,axis1_general,1503,0.010661562855629116
conditional-fit-0094,axis1_general,1504,0.004747171379298261
conditional-fit-0094,axis1_general,1505,0.0008628771953827601
conditional-fit-0094,axis1_general,1506,0.00015554893916106777
conditional-fit-0094,axis1_general,1507,1.606849166238501e-05
conditional-fit-0094,axis1_general,1508,0.00021848967377017186
conditional-fit-0094,axis1_general,1509,0.0004049837380251975
conditional-fit-0094,axis1_general,1510,9.667315568036069e-06
conditional-fit-0094,axis1_general,1511,0.0006289838294162185
conditional-fit-0094,axis1_general,1512,0.007546159869873946
conditional-fit-0094,axis1_general,1513,8.037471070724855e-06
conditional-fit-0094,axis1_general,1514,0.008984996068316934
conditional-fit-0094,axis1_general,1515,0.0005440508461841752
conditional-fit-0094,axis1_general,1516,9.403571519266157e-06
conditional-fit-0094,axis1_general,1517,0.0006841645765542593
conditional-fit-0094,axis1_general,1518,0.016663495898732936
conditional-fit-0094,axis1_general,1519,2.7619669037376004e-06
conditional-fit-0094,axis1_general,1520,0.0028904757240447955
conditional-fit-0094,axis1_general,1521,0.024274633945889683
conditional-fit-0094,axis1_general,1522,0.00837748300302146
conditional-fit-0094,axis1_general,1523,4.512214586714439e-07
conditional-fit-0094,axis1_general,1524,0.0012063613793932351
conditional-fit-0094,axis1_general,1525,0.0010138460220275208
conditional-fit-0094,axis1_general,1526,0.0003240554269116282
conditional-fit-0094,axis1_general,1527,0.04818607521187937
conditional-fit-0094,axis1_general,1528,0.004198117209885954
conditional-fit-0094,axis1_general,1529,0.0004091768547072835
conditional-fit-0094,axis1_general,1530,1.5498795395367713e-05
conditional-fit-0094,axis1_general,1531,0.001992281347831422
conditional-fit-0094,axis1_general,1532,0.0012226745592065083
conditional-fit-0094,axis1_general,1533,4.4451120929047516e-05
conditional-fit-0094,axis1_general,1534,1.9562475488096342e-05
conditional-fit-0094,axis1_general,1535,0.0003824443300181207
conditional-fit-0094,axis1_general,1536,9.547626728035447e-05
conditional-fit-0094,axis1_general,1537,0.000656527129344652
conditional-fit-0094,axis1_general,1538,1.8659777037278405e-05
conditional-fit-0094,axis1_general,1539,1.4998576353002236e-08
conditional-fit-0094,axis1_general,1540,7.121297504055858e-05
conditional-fit-0094,axis1_general,1541,0.0006953438503535448
conditional-fit-0094,axis1_general,1542,0.0002930204538673128
conditional-fit-0094,axis1_general,1543,6.875073096946325e-06
conditional-fit-0094,axis1_general,1544,0.0002210725402915014
conditional-fit-0094,axis1_general,1545,0.0001143088123092119
conditional-fit-0094,axis1_general,1546,0.00013713177162193217
conditional-fit-0094,axis1_general,1547,0.0008553025840454034
conditional-fit-0094,axis1_general,1548,4.6626117572563085e-05
conditional-fit-0094,axis1_general,1549,4.668631871904873e-08
conditional-fit-0094,axis1_general,1550,2.9795917159066537e-05
conditional-fit-0094,axis1_general,1551,0.0009083091462037073
conditional-fit-0094,axis1_general,1552,0.011519627110747003
conditional-fit-0094,axis1_general,1553,0.0001420164317059968
conditional-fit-0094,axis1_general,1554,0.0021789874359245563
conditional-fit-0094,axis1_general,1555,0.006727293089870315
conditional-fit-0094,axis1_general,1556,0.0009067084074897923
conditional-fit-0094,axis1_general,1557,5.935681812554172e-07
conditional-fit-0094,axis1_general,1558,0.002756699321013815
conditional-fit-0094,axis1_general,1559,0.0989865693092264
conditional-fit-0094,axis1_general,1560,1.8470967134051315e-05
conditional-fit-0094,axis1_general,1561,0.006197604496278732
conditional-fit-0094,axis1_general,1562,0.0003098538463977746
conditional-fit-0094,axis1_general,1563,1.923543274004011e-05
conditional-fit-0094,axis1_general,1564,0.0035480236116240613
conditional-fit-0094,axis1_general,1565,0.021482352819265294
conditional-fit-0094,axis1_general,1566,0.0025357261362617557
conditional-fit-0094,axis1_general,1567,0.03892411067878293
conditional-fit-0094,axis1_general,1568,0.001948643986528368
conditional-fit-0094,axis1_general,1569,0.009493097163994692
conditional-fit-0094,axis1_general,1570,0.07522024912495541
conditional-fit-0094,axis1_general,1571,0.012426245819185711
conditional-fit-0094,axis1_general,1572,0.0006725938407163515
conditional-fit-0094,axis1_general,1573,0.00869077981788423
conditional-fit-0094,axis1_general,1574,0.038832228715783165
conditional-fit-0094,axis1_general,1575,0.02575548239777445
conditional-fit-0094,axis1_general,1576,0.0024237783062664997
conditional-fit-0094,axis1_general,1577,0.011440640029483574
conditional-fit-0094,axis1_general,1578,0.0004533157621084585
conditional-fit-0094,axis1_general,1579,0.0010076171450951361
conditional-fit-0094,axis1_general,1580,0.027556761357550162
conditional-fit-0094,axis1_general,1581,0.009404642320716519
conditional-fit-0094,axis1_general,1582,0.03203836521539314
conditional-fit-0094,axis1_general,1583,0.024680835192686768
conditional-fit-0094,axis1_general,1584,0.01096192001862547
conditional-fit-0094,axis1_general,1585,0.017103334510809767
conditional-fit-0094,axis1_general,1586,0.002401656665664666
conditional-fit-0094,axis1_general,1587,0.012689170937691632
conditional-fit-0094,axis1_general,1588,0.0001781650560480676
conditional-fit-0094,axis1_general,1589,0.02171640010925744
conditional-fit-0094,axis1_general,1590,0.0017373436616253714
conditional-fit-0094,axis1_general,1591,0.017889941292436096
conditional-fit-0094,axis1_general,1592,3.8366314946868374e-05
conditional-fit-0094,axis1_general,1593,0.021450841090972908
conditional-fit-0094,axis1_general,1594,0.015194959853776273
conditional-fit-0094,axis1_general,1595,0.013243333151156583
conditional-fit-0094,axis1_general,1596,0.01133194636072712
conditional-fit-0094,axis1_general,1597,0.004645041339848839
conditional-fit-0094,axis1_general,1598,5.752271881093337e-05
conditional-fit-0094,axis1_general,1599,0.00831371619878462
conditional-fit-0094,axis1_general,1600,1.1685825181423908e-05
conditional-fit-0094,axis1_general,1601,0.02422837541590317
conditional-fit-0094,axis1_general,1602,0.0003472657680198545
conditional-fit-0094,axis1_general,1603,6.174802931245283e-05
conditional-fit-0094,axis1_general,1604,5.545753511287832e-05
conditional-fit-0094,axis1_general,1605,0.0011654272040910077
conditional-fit-0094,axis1_general,1606,0.092985739024878
conditional-fit-0094,axis1_general,1607,0.0008704235008810836
conditional-fit-0094,axis1_general,1608,0.00023600026820880964
conditional-fit-0094,axis1_general,1609,0.003448181063542095
conditional-fit-0094,axis1_general,1610,0.020897880287878676
conditional-fit-0094,axis1_general,1611,0.00020702798641689902
conditional-fit-0094,axis1_general,1612,0.00010011077317054749
conditional-fit-0094,axis1_general,1613,0.0003355672895649642
conditional-fit-0094,axis1_general,1614,0.00016229576389948177
conditional-fit-0094,axis1_general,1615,0.0015138677892182094
conditional-fit-0094,axis1_general,1616,3.0507786705024483e-05
conditional-fit-0094,axis1_general,1617,8.781614479686087e-06
conditional-fit-0094,axis1_general,1618,0.004025790720273724
conditional-fit-0094,axis1_general,1619,0.011455440391048422
conditional-fit-0094,axis1_general,1620,0.0021743354161386863
conditional-fit-0094,axis1_general,1621,0.00029355005017750956
conditional-fit-0094,axis1_general,1622,0.0010015031609771638
conditional-fit-0094,axis1_general,1623,0.0024717230203341154
conditional-fit-0094,axis1_general,1624,0.00010838178852199938
conditional-fit-0094,axis1_general,1625,0.0012090805146086224
conditional-fit-0094,axis1_general,1626,0.0010608726038291985
conditional-fit-0094,axis1_general,1627,0.05207060764726102
conditional-fit-0094,axis1_general,1628,0.0026508259621785433
conditional-fit-0094,axis1_general,1629,0.022150113899617775
conditional-fit-0094,axis1_general,1630,7.503408049395349e-05
conditional-fit-0094,axis1_general,1631,0.000499832225216931
conditional-fit-0094,axis1_general,1632,0.00014379409361235212
conditional-fit-0094,axis1_general,1633,0.0007918071427474268
conditional-fit-0094,axis1_general,1634,9.323828612981089e-05
conditional-fit-0094,axis1_general,1635,0.0002125416200667394
conditional-fit-0094,axis1_general,1636,0.0008397375415387817
conditional-fit-0094,axis1_general,1637,0.00012866996696950998
conditional-fit-0094,axis1_general,1638,0.000360656344023289
conditional-fit-0094,axis1_general,1639,0.0003369439940486947
conditional-fit-0094,axis1_general,1640,0.026879717915929316
conditional-fit-0094,axis1_general,1641,0.009863478367554378
conditional-fit-0094,axis1_general,1642,0.0015939635085846986
conditional-fit-0094,axis1_general,1643,0.005297150531176377
conditional-fit-0094,axis1_general,1644,0.012379993553498298
conditional-fit-0094,axis1_general,1645,0.0004649197520948693
conditional-fit-0094,axis1_general,1646,0.003265452712017724
conditional-fit-0094,axis1_general,1647,7.899973137016362e-05
conditional-fit-0094,axis1_general,1648,0.00016840949891018184
conditional-fit-0094,axis1_general,1649,0.0019513159488062865
conditional-fit-0094,axis1_general,1650,0.00023340830703684354
conditional-fit-0094,axis1_general,1651,0.0005266189505403883
conditional-fit-0094,axis1_general,1652,0.0001601165212731456
conditional-fit-0094,axis1_general,1653,3.004083680130907e-05
conditional-fit-0094,axis1_general,1654,0.005534480608334547
conditional-fit-0094,axis1_general,1655,0.00593570867265612
conditional-fit-0094,axis1_general,1656,0.059657332852246295
conditional-fit-0094,axis1_general,1657,0.0011247314455591437
conditional-fit-0094,axis1_general,1658,0.008251427667326467
conditional-fit-0094,axis1_general,1659,0.0003776149484255466
conditional-fit-0094,axis1_general,1660,0.00014735833217598227
conditional-fit-0094,axis1_general,1661,7.695075694953213e-05
conditional-fit-0094,axis1_general,1662,0.00011929243492911671
conditional-fit-0094,axis1_general,1663,8.693788463610722e-06
conditional-fit-0094,axis1_general,1664,1.1666204704313082e-05
conditional-fit-0094,axis1_general,1665,0.0008639273770150777
conditional-fit-0094,axis1_general,1666,0.00010647067260337824
conditional-fit-0094,axis1_general,1667,9.590654081452845e-06
conditional-fit-0094,axis1_general,1668,0.00018390121728675124
conditional-fit-0094,axis1_general,1669,1.8438987043461347e-05
conditional-fit-0094,axis1_general,1670,0.0009484696531988752
conditional-fit-0094,axis1_general,1671,0.09175803655552943
conditional-fit-0094,axis1_general,1672,0.01869489742151114
conditional-fit-0094,axis1_general,1673,0.016970313732034555
conditional-fit-0094,axis1_general,1674,0.032668911275655604
conditional-fit-0094,axis1_general,1675,0.01446316515220522
conditional-fit-0094,axis1_general,1676,0.04280525394279683
conditional-fit-0094,axis1_general,1677,3.682071835908955e-05
conditional-fit-0094,axis1_general,1678,8.018285102396834e-05
conditional-fit-0094,axis1_general,1679,6.620441805073032e-06
conditional-fit-0094,axis1_general,1680,1.6019459087979774e-06
conditional-fit-0094,axis1_general,1681,0.00032060448617998136
conditional-fit-0094,axis1_general,1682,0.0008171615622772489
conditional-fit-0094,axis1_general,1683,0.00017735426277986775
conditional-fit-0094,axis1_general,1684,7.274212308811434e-05
conditional-fit-0094,axis1_general,1685,1.5275266631651862e-05
conditional-fit-0094,axis1_general,1686,0.00031362452758712354
conditional-fit-0094,axis1_general,1687,0.023068050748269037
conditional-fit-0094,axis1_general,1688,0.0003393310478118014
conditional-fit-0094,axis1_general,1689,0.001058683636842861
conditional-fit-0094,axis1_general,1690,0.027569655893839286
conditional-fit-0094,axis1_general,1691,0.004132459674685139
conditional-fit-0094,axis1_general,1692,0.0011488926316160354
conditional-fit-0094,axis1_general,1693,0.0001600299590982207
conditional-fit-0094,axis1_general,1694,0.004574186465659721
conditional-fit-0094,axis1_general,1695,0.00046172409378231254
conditional-fit-0094,axis1_general,1696,0.0005914043076792916
conditional-fit-0094,axis1_general,1697,2.8630311382777715e-05
conditional-fit-0094,axis1_general,1698,0.0002059667341602158
conditional-fit-0094,axis1_general,1699,0.003919345305528984
conditional-fit-0094,axis1_general,1700,7.326971058534532e-05
conditional-fit-0094,axis1_general,1701,0.0187988336218703
conditional-fit-0094,axis1_general,1702,1.8063344350291696e-05
conditional-fit-0094,axis1_general,1703,0.0003045672695901276
conditional-fit-0094,axis1_general,1704,3.258917341452974e-06
conditional-fit-0094,axis1_general,1705,0.026844798730791628
conditional-fit-0094,axis1_general,1706,0.0017435982323129296
conditional-fit-0094,axis1_general,1707,0.0053717781086786934
conditional-fit-0094,axis1_general,1708,0.07638943156593567
conditional-fit-0094,axis1_general,1709,0.02312864067212992
conditional-fit-0094,axis1_general,1710,0.01051107484444365
conditional-fit-0094,axis1_general,1711,0.014634192708898616
conditional-fit-0094,axis1_general,1712,0.006972804767452327
conditional-fit-0094,axis1_general,1713,0.00441306681893755
conditional-fit-0094,axis1_general,1714,0.005076139414033166
conditional-fit-0094,axis1_general,1715,1.3797868825383386e-05
conditional-fit-0094,axis1_general,1716,1.5090535894534739e-06
conditional-fit-0094,axis1_general,1717,3.767697067537797e-05
conditional-fit-0094,axis1_general,1718,0.00015179520362023854
conditional-fit-0094,axis1_general,1719,0.003558372120188455
conditional-fit-0094,axis1_general,1720,0.021855824573349586
conditional-fit-0094,axis1_general,1721,0.015068871611571843
conditional-fit-0094,axis1_general,1722,0.0013244346210083563
conditional-fit-0094,axis1_general,1723,0.005372123375325621
conditional-fit-0094,axis1_general,1724,0.0003512526132087205
conditional-fit-0094,axis1_general,1725,0.0024705209811878457
conditional-fit-0094,axis1_general,1726,0.0013067561634622859
conditional-fit-0094,axis1_general,1727,0.011278249045590613
conditional-fit-0094,axis1_general,1728,0.0022904904887627586
conditional-fit-0094,axis1_general,1729,0.0007833082245160376
conditional-fit-0094,axis1_general,1730,0.005138964631897105
conditional-fit-0094,axis1_general,1731,0.000588691852591458
conditional-fit-0094,axis1_general,1732,0.001089876741714093
conditional-fit-0094,axis1_general,1733,0.00024847354093198825
conditional-fit-0094,axis1_general,1734,0.021143206162563245
conditional-fit-0094,axis1_general,1735,0.0025889682070403875
conditional-fit-0094,axis1_general,1736,0.004767299137940582
conditional-fit-0094,axis1_general,1737,0.020056512489845628
conditional-fit-0094,axis1_general,1738,0.006143115657331775
conditional-fit-0094,axis1_general,1739,0.018303245781741233
conditional-fit-0094,axis1_general,1740,0.005613406153259217
conditional-fit-0094,axis1_general,1741,0.00043429738262126447
conditional-fit-0094,axis1_general,1742,0.00015461233363238695
conditional-fit-0094,axis1_general,1743,0.0020418014650773154
conditional-fit-0094,axis1_general,1744,0.008028933016287779
conditional-fit-0094,axis1_general,1745,0.0029814280297944724
conditional-fit-0094,axis1_general,1746,4.973091561347185e-06
conditional-fit-0094,axis1_general,1747,0.002139111403139656
conditional-fit-0094,axis1_general,1748,0.00012997575169759921
conditional-fit-0094,axis1_general,1749,5.01051153799627e-06
conditional-fit-0094,axis1_general,1750,0.006103381836748847
conditional-fit-0094,axis1_general,1751,2.7201084497875886e-05
conditional-fit-0094,axis1_general,1752,0.013502774739838111
conditional-fit-0094,axis1_general,1753,0.003231082140541193
conditional-fit-0094,axis1_general,1754,0.006168517305442791
conditional-fit-0094,axis1_general,1755,0.009015146787587022
conditional-fit-0094,axis1_general,1756,0.0011159190889897426
conditional-fit-0094,axis1_general,1757,0.0021126376002253283
conditional-fit-0094,axis1_general,1758,0.0002083385885513454
conditional-fit-0094,axis1_general,1759,0.019434885046705846
conditional-fit-0094,axis1_general,1760,0.004596709906058424
conditional-fit-0094,axis1_general,1761,0.016181113155190795
conditional-fit-0094,axis1_general,1762,0.0015547534534800286
conditional-fit-0094,axis1_general,1763,0.0006908638847736032
conditional-fit-0094,axis1_general,1764,0.0230047135880316
conditional-fit-0094,axis1_general,1765,0.006990979748867901
conditional-fit-0094,axis1_general,1766,0.0011846210501194044
conditional-fit-0094,axis1_general,1767,0.0053917211080275924
conditional-fit-0094,axis1_general,1768,0.010845917172084255
conditional-fit-0094,axis1_general,1769,0.007839560272566725
conditional-fit-0094,axis1_general,1770,0.0004415227398776062
conditional-fit-0094,axis1_general,1771,0.04133898229915138
conditional-fit-0094,axis1_general,1772,0.012614160739683683
conditional-fit-0094,axis1_general,1773,0.00044862684082199367
conditional-fit-0094,axis1_general,1774,0.0164110157488924
conditional-fit-0094,axis1_general,1775,0.008669251206330525
conditional-fit-0094,axis1_general,1776,0.0005065629684390335
conditional-fit-0094,axis1_general,1777,0.00013978895291685806
conditional-fit-0094,axis1_general,1778,0.0021070210531459023
conditional-fit-0094,axis1_general,1779,0.0015572613645838218
conditional-fit-0094,axis1_general,1780,0.0022173795044765094
conditional-fit-0094,axis1_general,1781,0.00010253344297062245
conditional-fit-0094,axis1_general,1782,0.0003586655096926662
conditional-fit-0094,axis1_general,1783,3.4974533821079335e-05
conditional-fit-0094,axis1_general,1784,4.50431967745335e-06
conditional-fit-0094,axis1_general,1785,5.977279322957639e-05
conditional-fit-0094,axis1_general,1786,0.00012787136992523644
conditional-fit-0094,axis1_general,1787,7.526669671469921e-06
conditional-fit-0094,axis1_general,1788,0.0058708325738629115
conditional-fit-0094,axis1_general,1789,1.5802748387473187e-05
conditional-fit-0094,axis1_general,1790,0.0059943738886538015
conditional-fit-0094,axis1_general,1791,0.06969974503334905
conditional-fit-0094,axis1_general,1792,0.011343732118232228
conditional-fit-0094,axis1_general,1793,0.024775041316641988
conditional-fit-0094,axis1_general,1794,0.005806512819286239
conditional-fit-0094,axis1_general,1795,0.000441479618319559
conditional-fit-0094,axis1_general,1796,0.01311462975124486
conditional-fit-0094,axis1_general,1797,0.0030189143199357065
conditional-fit-0094,axis1_general,1798,0.0003508371187987765
conditional-fit-0094,axis1_general,1799,3.868190358914223e-06
conditional-fit-0094,axis1_general,1800,0.00148985625030915
conditional-fit-0094,axis1_general,1801,0.02103492178962227
conditional-fit-0094,axis1_general,1802,0.0004626317526768741
conditional-fit-0094,axis1_general,1803,0.00024802956102139024
conditional-fit-0094,axis1_general,1804,0.03083568796885766
conditional-fit-0094,axis1_general,1805,0.006063186598621181
conditional-fit-0094,axis1_general,1806,9.734956814281184e-05
conditional-fit-0094,axis1_general,1807,8.061142587650514e-05
conditional-fit-0094,axis1_general,1808,0.030087242966466022
conditional-fit-0094,axis1_general,1809,0.014878880604656572
conditional-fit-0094,axis1_general,1810,0.020621776253873472
conditional-fit-0094,axis1_general,1811,6.911491589713402e-05
conditional-fit-0094,axis1_general,1812,0.0007828267226582775
conditional-fit-0094,axis1_general,1813,4.390634642678284e-05
conditional-fit-0094,axis1_general,1814,0.00010904277788149962
conditional-fit-0094,axis1_general,1815,0.00034616770122689977
conditional-fit-0094,axis1_general,1816,1.0738550352256387e-05
conditional-fit-0094,axis1_general,1817,0.017957644831661124
conditional-fit-0094,axis1_general,1818,0.003409179227155775
conditional-fit-0094,axis1_general,1819,0.005882041482637029
conditional-fit-0094,axis1_general,1820,0.0007337935658721562
conditional-fit-0094,axis1_general,1821,0.04216965675514031
conditional-fit-0094,axis1_general,1822,0.006483365815944819
conditional-fit-0094,axis1_general,1823,0.0015413044913079193
conditional-fit-0094,axis1_general,1824,0.006285483591000615
conditional-fit-0094,axis1_general,1825,0.009561109633575302
conditional-fit-0094,axis1_general,1826,0.01209204932608034
conditional-fit-0094,axis1_general,1827,0.00022283873393854725
conditional-fit-0094,axis1_general,1828,3.618618150797999e-05
conditional-fit-0094,axis1_general,1829,0.0010288205992727523
conditional-fit-0094,axis1_general,1830,0.00028602746622458395
conditional-fit-0094,axis1_general,1831,0.0002602478238146083
conditional-fit-0094,axis1_general,1832,0.0003933994010565427
conditional-fit-0094,axis1_general,1833,6.016944717582241e-05
conditional-fit-0094,axis1_general,1834,5.201418423658305e-06
conditional-fit-0094,axis1_general,1835,0.00012462798468063655
conditional-fit-0094,axis1_general,1836,0.008508487994837288
conditional-fit-0094,axis1_general,1837,0.026787122107400065
conditional-fit-0094,axis1_general,1838,0.0021474564405738234
conditional-fit-0094,axis1_general,1839,1.9644843384915457e-05
conditional-fit-0094,axis1_general,1840,2.8151367648638274e-05
conditional-fit-0094,axis1_general,1841,1.2301582269154734e-05
conditional-fit-0094,axis1_general,1842,0.0006165354271216454
conditional-fit-0094,axis1_general,1843,0.011330661488359295
conditional-fit-0094,axis1_general,1844,4.0459124389803694e-05
conditional-fit-0094,axis1_general,1845,0.00039985504715715395
conditional-fit-0094,axis1_general,1846,0.002673926193310471
conditional-fit-0094,axis1_general,1847,0.07741109501113377
conditional-fit-0094,axis1_general,1848,0.043068287107563455
conditional-fit-0094,axis1_general,1849,0.008508805019164485
conditional-fit-0094,axis1_general,1850,0.011563725340121078
conditional-fit-0094,axis1_general,1851,0.011143039095896935
conditional-fit-0094,axis1_general,1852,0.017181602017603007
conditional-fit-0094,axis1_general,1853,0.003684864556089149
conditional-fit-0094,axis1_general,1854,0.01391604850742728
conditional-fit-0094,axis1_general,1855,1.9060397585861807e-06
conditional-fit-0094,axis1_general,1856,0.0005166578810982066
conditional-fit-0094,axis1_general,1857,0.007840001199245486
conditional-fit-0094,axis1_general,1858,1.0202286596225215e-05
conditional-fit-0094,axis1_general,1859,0.010849808951806044
conditional-fit-0094,axis1_general,1860,0.0011644462850237155
conditional-fit-0094,axis1_general,1861,2.7951153228014848e-05
conditional-fit-0094,axis1_general,1862,0.003671802751763818
conditional-fit-0094,axis1_general,1863,0.0019701116417230936
conditional-fit-0094,axis1_general,1864,0.031100238941927212
conditional-fit-0094,axis1_general,1865,0.022113440951915198
conditional-fit-0094,axis1_general,1866,0.013359957198731509
conditional-fit-0094,axis1_general,1867,0.002827735629905105
conditional-fit-0094,axis1_general,1868,0.007976212666844326
conditional-fit-0094,axis1_general,1869,0.0006759799608677599
conditional-fit-0094,axis1_general,1870,0.031114891322332087
conditional-fit-0094,axis1_general,1871,3.414644152229744e-05
conditional-fit-0094,axis1_general,1872,8.923032181928857e-05
conditional-fit-0094,axis1_general,1873,0.002021165258687935
conditional-fit-0094,axis1_general,1874,0.0014111636552729939
conditional-fit-0094,axis1_general,1875,0.04235260767641995
conditional-fit-0094,axis1_general,1876,0.003983501674028896
conditional-fit-0094,axis1_general,1877,0.025654935826974243
conditional-fit-0094,axis1_general,1878,0.010992730240202874
conditional-fit-0094,axis1_general,1879,0.03092172772336514
conditional-fit-0094,axis1_general,1880,0.0005974948028060807
conditional-fit-0094,axis1_general,1881,0.01546915085269706
conditional-fit-0094,axis1_general,1882,0.007213892842158034
conditional-fit-0094,axis1_general,1883,0.002847668672196029
conditional-fit-0094,axis1_general,1884,0.00766045101496482
conditional-fit-0094,axis1_general,1885,0.0025524395105789013
conditional-fit-0094,axis1_general,1886,0.0011699427503621455
conditional-fit-0094,axis1_general,1887,3.193839420007536e-05
conditional-fit-0094,axis1_general,1888,4.782234515656188e-05
conditional-fit-0094,axis1_general,1889,0.000583813704953427
conditional-fit-0094,axis1_general,1890,0.030061054882426955
conditional-fit-0094,axis1_general,1891,0.013602952102482727
conditional-fit-0094,axis1_general,1892,0.014690467657068725
conditional-fit-0094,axis1_general,1893,0.010611123601263745
conditional-fit-0094,axis1_general,1894,0.003753403798429208
conditional-fit-0094,axis1_general,1895,0.01254578376085253
conditional-fit-0094,axis1_general,1896,0.0038792714217057277
conditional-fit-0094,axis1_general,1897,0.01221973740493958
conditional-fit-0094,axis1_general,1898,0.007832909017768222
conditional-fit-0094,axis1_general,1899,3.4088554589331445e-05
conditional-fit-0094,axis1_general,1900,0.0001351077689380889
conditional-fit-0094,axis1_general,1901,0.018187030693230213
conditional-fit-0094,axis1_general,1902,0.00909190673155761
conditional-fit-0094,axis1_general,1903,0.00047990733985155826
conditional-fit-0094,axis1_general,1904,0.009278438304511825
conditional-fit-0094,axis1_general,1905,7.35648073458506e-05
conditional-fit-0094,axis1_general,1906,0.007777282024809621
conditional-fit-0094,axis1_general,1907,0.0463901871870832
conditional-fit-0094,axis1_general,1908,0.05279746320644452
conditional-fit-0094,axis1_general,1909,0.010457033080283605
conditional-fit-0094,axis1_general,1910,0.014785245475849033
conditional-fit-0094,axis1_general,1911,8.261962359620666e-05
conditional-fit-0094,axis1_general,1912,4.765531868720703e-05
conditional-fit-0094,axis1_general,1913,0.0008287759517656597
conditional-fit-0094,axis1_general,1914,0.016380426633755878
conditional-fit-0094,axis1_general,1915,0.013640692806284084
conditional-fit-0094,axis1_general,1916,0.008040418733224952
conditional-fit-0094,axis1_general,1917,0.017144978012105475
conditional-fit-0094,axis1_general,1918,0.011436356789417141
conditional-fit-0094,axis1_general,1919,0.014728013420452879
conditional-fit-0094,axis1_general,1920,0.012834421234868977
conditional-fit-0094,axis1_general,1921,0.011207940725268688
conditional-fit-0094,axis1_general,1922,0.0011870784682846453
conditional-fit-0094,axis1_general,1923,0.012032109556661312
conditional-fit-0094,axis1_general,1924,0.0014306747146724768
conditional-fit-0094,axis1_general,1925,8.948721588548047e-06
conditional-fit-0094,axis1_general,1926,0.006511136358537099
conditional-fit-0094,axis1_general,1927,0.01428376415198157
conditional-fit-0094,axis1_general,1928,0.007175217484721302
conditional-fit-0094,axis1_general,1929,0.014776237395459756
conditional-fit-0094,axis1_general,1930,0.08067104213242
conditional-fit-0094,axis1_general,1931,0.08877468375359786
conditional-fit-0094,axis1_general,1932,0.08480284242382274
conditional-fit-0094,axis1_general,1933,0.030316999423958234
conditional-fit-0094,axis1_general,1934,0.004289381201638649
conditional-fit-0094,axis1_general,1935,0.04410069556213073
conditional-fit-0094,axis1_general,1936,0.0011962395983487928
conditional-fit-0094,axis1_general,1937,0.0015698974849370911
conditional-fit-0094,axis1_general,1938,0.00013823337847928776
conditional-fit-0094,axis1_general,1939,5.003431044549706e-05
conditional-fit-0094,axis1_general,1940,0.000974818223694207
conditional-fit-0094,axis1_general,1941,0.00012020569249202884
conditional-fit-0094,axis1_general,1942,1.5932724853966352e-05
conditional-fit-0094,axis1_general,1943,6.6130340423731964e-06
conditional-fit-0094,axis1_general,1944,0.04631708063196534
conditional-fit-0094,axis1_general,1945,0.00022912270113648796
conditional-fit-0094,axis1_general,1946,3.685817307131529e-05
conditional-fit-0094,axis1_general,1947,0.00017651443836633258
conditional-fit-0094,axis1_general,1948,0.0002542278986192082
conditional-fit-0094,axis1_general,1949,0.0006429750611125078
conditional-fit-0094,axis1_general,1950,0.040460860399910314
conditional-fit-0094,axis1_general,1951,0.0015475021466278605
conditional-fit-0094,axis1_general,1952,0.026225552824097415
conditional-fit-0094,axis1_general,1953,0.02941636344171783
conditional-fit-0094,axis1_general,1954,0.0008659178137729476
conditional-fit-0094,axis1_general,1955,0.0030639473744235477
conditional-fit-0094,axis1_general,1956,0.00047259932152768987
conditional-fit-0094,axis1_general,1957,0.0020151606041335485
conditional-fit-0094,axis1_general,1958,0.011008046307727608
conditional-fit-0094,axis1_general,1959,0.0018244207619701742
conditional-fit-0094,axis1_general,1960,3.234768107838272e-05
conditional-fit-0094,axis1_general,1961,1.661303355154348e-05
conditional-fit-0094,axis1_general,1962,9.98210949834806e-05
conditional-fit-0094,axis1_general,1963,5.256830525336268e-05
conditional-fit-0094,axis1_general,1964,0.0003987531497131663
conditional-fit-0094,axis1_general,1965,3.520335868794761e-05
conditional-fit-0094,axis1_general,1966,5.2790512881295716e-05
conditional-fit-0094,axis1_general,1967,0.0001965403643994173
conditional-fit-0094,axis1_general,1968,2.260748316771025e-05
conditional-fit-0094,axis1_general,1969,0.0016254918897951362
conditional-fit-0094,axis1_general,1970,0.09379348892649092
conditional-fit-0094,axis1_general,1971,0.013656964626515023
conditional-fit-0094,axis1_general,1972,0.04107168861564541
conditional-fit-0094,axis1_general,1973,0.028985027393277223
conditional-fit-0094,axis1_general,1974,0.03566548351221066
conditional-fit-0094,axis1_general,1975,0.04883026414098834
conditional-fit-0094,axis1_general,1976,0.08039002244401068
conditional-fit-0094,axis1_general,1977,0.016043022816566947
conditional-fit-0094,axis1_general,1978,0.033783875239668824
conditional-fit-0094,axis1_general,1979,0.6978730467939389
conditional-fit-0094,axis1_general,1980,0.0054520097503431
conditional-fit-0094,axis1_general,1981,1.5815666393450767e-05
conditional-fit-0094,axis1_general,1982,4.110768778510989e-05
conditional-fit-0094,axis1_general,1983,2.366924867843408e-05
conditional-fit-0094,axis1_general,1984,3.405980379857055e-05
conditional-fit-0094,axis1_general,1985,0.0001397612392846109
conditional-fit-0094,axis1_general,1986,0.0004685957620002625
conditional-fit-0094,axis1_general,1987,7.28434733851549e-05
conditional-fit-0094,axis1_general,1988,6.034682243746797e-05
conditional-fit-0094,axis1_general,1989,2.4635534311987474e-05
conditional-fit-0094,axis1_general,1990,0.0003797774890802836
conditional-fit-0094,axis1_general,1991,0.018056646844702724
conditional-fit-0094,axis1_general,1992,0.01885204977512759
conditional-fit-0094,axis1_general,1993,0.08590726433873261
conditional-fit-0094,axis1_general,1994,0.005655491539772174
conditional-fit-0094,axis1_general,1995,0.00036702500488663346
conditional-fit-0094,axis1_general,1996,0.0010681408707459046
conditional-fit-0094,axis1_general,1997,0.0006211768619035765
conditional-fit-0094,axis1_general,1998,5.519154282118696e-05
conditional-fit-0094,axis1_general,1999,9.775694427853578e-05
conditional-fit-0094,axis1_general,2000,0.0005102993432003478
conditional-fit-0094,axis1_general,2001,2.9058885219673275e-05
conditional-fit-0094,axis1_general,2002,2.706456871621829e-06
conditional-fit-0094,axis1_general,2003,0.002201175214073424
conditional-fit-0094,axis1_general,2004,0.0002335975077129594
conditional-fit-0094,axis1_general,2005,0.0002258546848055836
conditional-fit-0094,axis1_general,2006,0.0007670126422464769
conditional-fit-0094,axis1_general,2007,2.84606102030322e-05
conditional-fit-0094,axis1_general,2008,0.0008299629386400422
conditional-fit-0094,axis1_general,2009,0.0682422928795222
conditional-fit-0094,axis1_general,2010,0.022376046161102427
conditional-fit-0094,axis1_general,2011,0.08006568974668996
conditional-fit-0094,axis1_general,2012,0.03377487460609249
conditional-fit-0094,axis1_general,2013,0.0017713249156519608
conditional-fit-0094,axis1_general,2014,0.0001708492312900195
conditional-fit-0094,axis1_general,2015,0.12448682637322747
conditional-fit-0094,axis1_general,2016,0.21339197470369936
conditional-fit-0094,axis1_general,2017,0.3056782414106124
conditional-fit-0094,axis1_general,2018,0.031800610842953346
conditional-fit-0094,axis1_general,2019,8.572860893018552e-05
conditional-fit-0094,axis1_general,2020,0.0043720804174904
conditional-fit-0094,axis1_general,2021,0.1476528556392806
conditional-fit-0094,axis1_general,2022,0.039738730109167966
conditional-fit-0094,axis1_general,2023,0.035645621947524644
conditional-fit-0094,axis1_general,2024,0.03277013695561921
conditional-fit-0094,axis1_general,2025,0.009311499873694139
conditional-fit-0094,axis1_general,2026,0.02176890360178995
conditional-fit-0094,axis1_general,2027,0.0968778908676968
conditional-fit-0094,axis1_general,2028,0.06980013692448514
conditional-fit-0094,axis1_general,2029,0.029236260071954
conditional-fit-0094,axis1_general,2030,0.028263269870878946
conditional-fit-0094,axis1_general,2031,8.524017541333203e-05
conditional-fit-0094,axis1_general,2032,5.989123562823054e-05
conditional-fit-0094,axis1_general,2033,0.00028655229993612214
conditional-fit-0094,axis1_general,2034,0.0014863883283424081
conditional-fit-0094,axis1_general,2035,0.0014517327632565208
conditional-fit-0094,axis1_general,2036,0.00010780029794850782
conditional-fit-0094,axis1_general,2037,9.103395830075125e-06
conditional-fit-0094,axis1_general,2038,1.698902781838483e-05
conditional-fit-0094,axis1_general,2039,1.0257235621980987e-06
conditional-fit-0094,axis1_general,2040,0.02943841706769211
conditional-fit-0094,axis1_general,2041,0.03734439487762336
conditional-fit-0094,axis1_general,2042,0.0022032877378118437
conditional-fit-0094,axis1_general,2043,0.016009974578412155
conditional-fit-0094,axis1_general,2044,0.013559260774611547
conditional-fit-0094,axis1_general,2045,0.007199736340757496
conditional-fit-0094,axis1_general,2046,0.04314845956508875
