window_id,domain,pos,kld
conditional-fit-0010,axis3_code_agentic,0,1.7251984397146725
conditional-fit-0010,axis3_code_agentic,1,1.630498673765916
conditional-fit-0010,axis3_code_agentic,2,0.08788836587987597
conditional-fit-0010,axis3_code_agentic,3,0.2680593735310718
conditional-fit-0010,axis3_code_agentic,4,0.0191093362578118
conditional-fit-0010,axis3_code_agentic,5,0.0646925162853631
conditional-fit-0010,axis3_code_agentic,6,0.24137258290244526
conditional-fit-0010,axis3_code_agentic,7,0.33426766226584403
conditional-fit-0010,axis3_code_agentic,8,0.08297370403620824
conditional-fit-0010,axis3_code_agentic,9,0.2087237588326881
conditional-fit-0010,axis3_code_agentic,10,0.07746835926707901
conditional-fit-0010,axis3_code_agentic,11,0.022304486183032338
conditional-fit-0010,axis3_code_agentic,12,0.009923845177283515
conditional-fit-0010,axis3_code_agentic,13,0.23603621771499397
conditional-fit-0010,axis3_code_agentic,14,0.0007503339050103006
conditional-fit-0010,axis3_code_agentic,15,0.1429277184166887
conditional-fit-0010,axis3_code_agentic,16,0.05774852625459873
conditional-fit-0010,axis3_code_agentic,17,0.1172540377830482
conditional-fit-0010,axis3_code_agentic,18,0.09067161693591724
conditional-fit-0010,axis3_code_agentic,19,0.003962969942450435
conditional-fit-0010,axis3_code_agentic,20,0.13951081101861756
conditional-fit-0010,axis3_code_agentic,21,0.13279068443137393
conditional-fit-0010,axis3_code_agentic,22,0.019263462825198276
conditional-fit-0010,axis3_code_agentic,23,0.25869458303353077
conditional-fit-0010,axis3_code_agentic,24,0.07995424732609958
conditional-fit-0010,axis3_code_agentic,25,0.09020569824933646
conditional-fit-0010,axis3_code_agentic,26,0.1653888804823045
conditional-fit-0010,axis3_code_agentic,27,0.03523187411163006
conditional-fit-0010,axis3_code_agentic,28,0.14728606876066438
conditional-fit-0010,axis3_code_agentic,29,0.04133030167751168
conditional-fit-0010,axis3_code_agentic,30,0.2195266668391805
conditional-fit-0010,axis3_code_agentic,31,0.23069193136495414
conditional-fit-0010,axis3_code_agentic,32,0.006746260278587183
conditional-fit-0010,axis3_code_agentic,33,0.294847124182949
conditional-fit-0010,axis3_code_agentic,34,0.13391524480832748
conditional-fit-0010,axis3_code_agentic,35,0.12196964684068821
conditional-fit-0010,axis3_code_agentic,36,0.4513793390062384
conditional-fit-0010,axis3_code_agentic,37,0.09192037370912325
conditional-fit-0010,axis3_code_agentic,38,0.1759192517884442
conditional-fit-0010,axis3_code_agentic,39,0.116868661662642
conditional-fit-0010,axis3_code_agentic,40,0.029955935158707155
conditional-fit-0010,axis3_code_agentic,41,0.14363232933118258
conditional-fit-0010,axis3_code_agentic,42,0.17644506211491914
conditional-fit-0010,axis3_code_agentic,43,0.02425231764105206
conditional-fit-0010,axis3_code_agentic,44,0.11232368426051037
conditional-fit-0010,axis3_code_agentic,45,0.004606259262502068
conditional-fit-0010,axis3_code_agentic,46,0.14762928615831694
conditional-fit-0010,axis3_code_agentic,47,0.018262341847543086
conditional-fit-0010,axis3_code_agentic,48,0.006169023923869142
conditional-fit-0010,axis3_code_agentic,49,0.04149950110961238
conditional-fit-0010,axis3_code_agentic,50,0.0070068707396661566
conditional-fit-0010,axis3_code_agentic,51,0.037247026653729594
conditional-fit-0010,axis3_code_agentic,52,0.0068855255068725335
conditional-fit-0010,axis3_code_agentic,53,0.03107968034856921
conditional-fit-0010,axis3_code_agentic,54,0.13480351165533472
conditional-fit-0010,axis3_code_agentic,55,0.13074850645101532
conditional-fit-0010,axis3_code_agentic,56,0.19976833924229553
conditional-fit-0010,axis3_code_agentic,57,0.19035095714167974
conditional-fit-0010,axis3_code_agentic,58,0.11032998291765062
conditional-fit-0010,axis3_code_agentic,59,0.15538491787377834
conditional-fit-0010,axis3_code_agentic,60,0.037780604895387274
conditional-fit-0010,axis3_code_agentic,61,0.03714438281257291
conditional-fit-0010,axis3_code_agentic,62,0.1465779175612863
conditional-fit-0010,axis3_code_agentic,63,0.0359481977815739
conditional-fit-0010,axis3_code_agentic,64,0.00017352383929089565
conditional-fit-0010,axis3_code_agentic,65,0.034514216037525164
conditional-fit-0010,axis3_code_agentic,66,0.006644026260718781
conditional-fit-0010,axis3_code_agentic,67,0.15866731762578778
conditional-fit-0010,axis3_code_agentic,68,0.09052812813710326
conditional-fit-0010,axis3_code_agentic,69,0.004074391254812135
conditional-fit-0010,axis3_code_agentic,70,0.027488674975362754
conditional-fit-0010,axis3_code_agentic,71,0.004399147512974385
conditional-fit-0010,axis3_code_agentic,72,0.12738170889248984
conditional-fit-0010,axis3_code_agentic,73,0.018357521218807845
conditional-fit-0010,axis3_code_agentic,74,0.012650635497128197
conditional-fit-0010,axis3_code_agentic,75,0.1338216600128476
conditional-fit-0010,axis3_code_agentic,76,0.11255312683964037
conditional-fit-0010,axis3_code_agentic,77,0.07774759451120308
conditional-fit-0010,axis3_code_agentic,78,0.22812649491973536
conditional-fit-0010,axis3_code_agentic,79,0.015530817857269959
conditional-fit-0010,axis3_code_agentic,80,0.08819253405815872
conditional-fit-0010,axis3_code_agentic,81,0.02270559136722313
conditional-fit-0010,axis3_code_agentic,82,0.010685175786590291
conditional-fit-0010,axis3_code_agentic,83,0.09089364861882618
conditional-fit-0010,axis3_code_agentic,84,0.05781606877045583
conditional-fit-0010,axis3_code_agentic,85,0.005589481957876794
conditional-fit-0010,axis3_code_agentic,86,0.08115691750981073
conditional-fit-0010,axis3_code_agentic,87,0.008102027795476412
conditional-fit-0010,axis3_code_agentic,88,0.01222925702595973
conditional-fit-0010,axis3_code_agentic,89,0.04541394059855357
conditional-fit-0010,axis3_code_agentic,90,0.07679455030971442
conditional-fit-0010,axis3_code_agentic,91,0.04790040001919063
conditional-fit-0010,axis3_code_agentic,92,0.2119339475722293
conditional-fit-0010,axis3_code_agentic,93,0.10151951552511487
conditional-fit-0010,axis3_code_agentic,94,0.05090772058828891
conditional-fit-0010,axis3_code_agentic,95,0.070763321735094
conditional-fit-0010,axis3_code_agentic,96,0.0043911994474710205
conditional-fit-0010,axis3_code_agentic,97,0.09769334974830274
conditional-fit-0010,axis3_code_agentic,98,0.0744049576230992
conditional-fit-0010,axis3_code_agentic,99,0.04141884882118244
conditional-fit-0010,axis3_code_agentic,100,0.013465454060362564
conditional-fit-0010,axis3_code_agentic,101,0.01672079023593527
conditional-fit-0010,axis3_code_agentic,102,0.015985163286190058
conditional-fit-0010,axis3_code_agentic,103,0.04643476768678823
conditional-fit-0010,axis3_code_agentic,104,0.1009600287754614
conditional-fit-0010,axis3_code_agentic,105,0.01589685114130183
conditional-fit-0010,axis3_code_agentic,106,0.0004775648318863061
conditional-fit-0010,axis3_code_agentic,107,0.05023565408384735
conditional-fit-0010,axis3_code_agentic,108,0.030821023625983483
conditional-fit-0010,axis3_code_agentic,109,0.16269901606410256
conditional-fit-0010,axis3_code_agentic,110,0.09104560854336424
conditional-fit-0010,axis3_code_agentic,111,0.13055767774626595
conditional-fit-0010,axis3_code_agentic,112,0.0005514327997552788
conditional-fit-0010,axis3_code_agentic,113,0.027105328066929335
conditional-fit-0010,axis3_code_agentic,114,0.1976712073735244
conditional-fit-0010,axis3_code_agentic,115,0.00041067971523785647
conditional-fit-0010,axis3_code_agentic,116,0.1028941154717927
conditional-fit-0010,axis3_code_agentic,117,0.012297332067950355
conditional-fit-0010,axis3_code_agentic,118,0.02759786536080259
conditional-fit-0010,axis3_code_agentic,119,0.05072550917190448
conditional-fit-0010,axis3_code_agentic,120,0.02650838344193236
conditional-fit-0010,axis3_code_agentic,121,0.005023759995333979
conditional-fit-0010,axis3_code_agentic,122,0.048990992272224865
conditional-fit-0010,axis3_code_agentic,123,0.007843341538989043
conditional-fit-0010,axis3_code_agentic,124,0.034714166614929196
conditional-fit-0010,axis3_code_agentic,125,0.011657260116380309
conditional-fit-0010,axis3_code_agentic,126,0.000791233746765499
conditional-fit-0010,axis3_code_agentic,127,0.0021788283000268843
conditional-fit-0010,axis3_code_agentic,128,0.008509689555948087
conditional-fit-0010,axis3_code_agentic,129,0.0013527250369297574
conditional-fit-0010,axis3_code_agentic,130,0.001974440199548463
conditional-fit-0010,axis3_code_agentic,131,0.015420958776870958
conditional-fit-0010,axis3_code_agentic,132,0.009163717662173696
conditional-fit-0010,axis3_code_agentic,133,0.017853626278414927
conditional-fit-0010,axis3_code_agentic,134,0.004848989959256898
conditional-fit-0010,axis3_code_agentic,135,3.5502801283645406e-05
conditional-fit-0010,axis3_code_agentic,136,0.06822832594157564
conditional-fit-0010,axis3_code_agentic,137,0.0018824245105809262
conditional-fit-0010,axis3_code_agentic,138,0.0005322921159578735
conditional-fit-0010,axis3_code_agentic,139,0.006985180405510471
conditional-fit-0010,axis3_code_agentic,140,0.00549147410510832
conditional-fit-0010,axis3_code_agentic,141,0.03836651499710165
conditional-fit-0010,axis3_code_agentic,142,0.00533554289741602
conditional-fit-0010,axis3_code_agentic,143,0.023077532057565093
conditional-fit-0010,axis3_code_agentic,144,5.3475100893243533e-05
conditional-fit-0010,axis3_code_agentic,145,0.02413065217726973
conditional-fit-0010,axis3_code_agentic,146,0.013742927905123022
conditional-fit-0010,axis3_code_agentic,147,0.018800346462302484
conditional-fit-0010,axis3_code_agentic,148,0.007250566262048471
conditional-fit-0010,axis3_code_agentic,149,0.03956165227147891
conditional-fit-0010,axis3_code_agentic,150,0.0023354359705414643
conditional-fit-0010,axis3_code_agentic,151,0.006351693497119439
conditional-fit-0010,axis3_code_agentic,152,0.0001853967281097516
conditional-fit-0010,axis3_code_agentic,153,0.04821437523995671
conditional-fit-0010,axis3_code_agentic,154,0.01544242622760422
conditional-fit-0010,axis3_code_agentic,155,0.03424493106161806
conditional-fit-0010,axis3_code_agentic,156,0.013547647440695722
conditional-fit-0010,axis3_code_agentic,157,3.466210084081521e-05
conditional-fit-0010,axis3_code_agentic,158,0.0001557285469661338
conditional-fit-0010,axis3_code_agentic,159,0.0008011048244770606
conditional-fit-0010,axis3_code_agentic,160,9.330360159639853e-06
conditional-fit-0010,axis3_code_agentic,161,0.00519104955947583
conditional-fit-0010,axis3_code_agentic,162,0.012933509545419558
conditional-fit-0010,axis3_code_agentic,163,3.474900735232024e-05
conditional-fit-0010,axis3_code_agentic,164,0.08178657684475386
conditional-fit-0010,axis3_code_agentic,165,0.00033450101121164415
conditional-fit-0010,axis3_code_agentic,166,0.015782434472084737
conditional-fit-0010,axis3_code_agentic,167,0.0007250062930182071
conditional-fit-0010,axis3_code_agentic,168,0.0016306658050550303
conditional-fit-0010,axis3_code_agentic,169,0.00032522819206941945
conditional-fit-0010,axis3_code_agentic,170,0.008252897728572687
conditional-fit-0010,axis3_code_agentic,171,2.0079006095457982e-05
conditional-fit-0010,axis3_code_agentic,172,0.0017415581007298726
conditional-fit-0010,axis3_code_agentic,173,1.4551060453389985e-05
conditional-fit-0010,axis3_code_agentic,174,0.0028695866426847417
conditional-fit-0010,axis3_code_agentic,175,0.00031343841164138887
conditional-fit-0010,axis3_code_agentic,176,0.12695260854210952
conditional-fit-0010,axis3_code_agentic,177,0.042863317188272264
conditional-fit-0010,axis3_code_agentic,178,4.373680439634653e-05
conditional-fit-0010,axis3_code_agentic,179,9.090672992195439e-06
conditional-fit-0010,axis3_code_agentic,180,0.00019536969422405753
conditional-fit-0010,axis3_code_agentic,181,2.5433808579251503e-05
conditional-fit-0010,axis3_code_agentic,182,0.011597256839941604
conditional-fit-0010,axis3_code_agentic,183,0.22582718383393824
conditional-fit-0010,axis3_code_agentic,184,0.0009280167158766772
conditional-fit-0010,axis3_code_agentic,185,6.100815177521797e-05
conditional-fit-0010,axis3_code_agentic,186,0.010432523623594793
conditional-fit-0010,axis3_code_agentic,187,0.001881597761464571
conditional-fit-0010,axis3_code_agentic,188,0.003376867750123253
conditional-fit-0010,axis3_code_agentic,189,0.005675288612304539
conditional-fit-0010,axis3_code_agentic,190,0.09264566061643031
conditional-fit-0010,axis3_code_agentic,191,0.10245693403742397
conditional-fit-0010,axis3_code_agentic,192,0.06376552237150174
conditional-fit-0010,axis3_code_agentic,193,0.05730270018040923
conditional-fit-0010,axis3_code_agentic,194,0.015556426867608391
conditional-fit-0010,axis3_code_agentic,195,0.03410764443013607
conditional-fit-0010,axis3_code_agentic,196,0.03873715062728711
conditional-fit-0010,axis3_code_agentic,197,0.0006625109268144193
conditional-fit-0010,axis3_code_agentic,198,0.029965360930591912
conditional-fit-0010,axis3_code_agentic,199,0.02033162876747034
conditional-fit-0010,axis3_code_agentic,200,0.04723877707648994
conditional-fit-0010,axis3_code_agentic,201,0.002138390764830857
conditional-fit-0010,axis3_code_agentic,202,0.010019209660488266
conditional-fit-0010,axis3_code_agentic,203,0.0021908852470651774
conditional-fit-0010,axis3_code_agentic,204,0.0010129908401783007
conditional-fit-0010,axis3_code_agentic,205,0.12275322906150823
conditional-fit-0010,axis3_code_agentic,206,0.09997994350246084
conditional-fit-0010,axis3_code_agentic,207,0.0009795162623336257
conditional-fit-0010,axis3_code_agentic,208,0.04549623630022793
conditional-fit-0010,axis3_code_agentic,209,0.00013640255973438334
conditional-fit-0010,axis3_code_agentic,210,0.00022022241623391968
conditional-fit-0010,axis3_code_agentic,211,0.0005144801913088654
conditional-fit-0010,axis3_code_agentic,212,0.0070822989744896425
conditional-fit-0010,axis3_code_agentic,213,0.030512395633198235
conditional-fit-0010,axis3_code_agentic,214,0.0003224550539991462
conditional-fit-0010,axis3_code_agentic,215,0.0001401343459393358
conditional-fit-0010,axis3_code_agentic,216,1.894937244818328e-05
conditional-fit-0010,axis3_code_agentic,217,0.00017317451914026412
conditional-fit-0010,axis3_code_agentic,218,3.092636463828839e-05
conditional-fit-0010,axis3_code_agentic,219,2.3940311718359237e-06
conditional-fit-0010,axis3_code_agentic,220,0.0004941171103825697
conditional-fit-0010,axis3_code_agentic,221,4.851514964328689e-05
conditional-fit-0010,axis3_code_agentic,222,0.00019746684387572872
conditional-fit-0010,axis3_code_agentic,223,0.00027425101906315344
conditional-fit-0010,axis3_code_agentic,224,9.895684028996073e-05
conditional-fit-0010,axis3_code_agentic,225,4.2322277032586615e-05
conditional-fit-0010,axis3_code_agentic,226,0.001110577835080564
conditional-fit-0010,axis3_code_agentic,227,2.519986239177291e-05
conditional-fit-0010,axis3_code_agentic,228,0.004055747508645886
conditional-fit-0010,axis3_code_agentic,229,0.03884871168545107
conditional-fit-0010,axis3_code_agentic,230,0.03665547245578529
conditional-fit-0010,axis3_code_agentic,231,0.04934709736041901
conditional-fit-0010,axis3_code_agentic,232,0.01769265175597818
conditional-fit-0010,axis3_code_agentic,233,0.004787892731213472
conditional-fit-0010,axis3_code_agentic,234,0.030202044649999666
conditional-fit-0010,axis3_code_agentic,235,0.0002567018463048924
conditional-fit-0010,axis3_code_agentic,236,0.009719870156147966
conditional-fit-0010,axis3_code_agentic,237,0.01880277939707484
conditional-fit-0010,axis3_code_agentic,238,0.010383644163279648
conditional-fit-0010,axis3_code_agentic,239,0.025929836779270264
conditional-fit-0010,axis3_code_agentic,240,0.0001306805906916301
conditional-fit-0010,axis3_code_agentic,241,6.198913168330557e-05
conditional-fit-0010,axis3_code_agentic,242,0.0001872635845056511
conditional-fit-0010,axis3_code_agentic,243,3.0327009672211524e-05
conditional-fit-0010,axis3_code_agentic,244,0.033582761907303485
conditional-fit-0010,axis3_code_agentic,245,0.014952382992706592
conditional-fit-0010,axis3_code_agentic,246,4.459904982830619e-05
conditional-fit-0010,axis3_code_agentic,247,1.2698782095616232e-05
conditional-fit-0010,axis3_code_agentic,248,1.785445942968889e-05
conditional-fit-0010,axis3_code_agentic,249,3.146602499951216e-05
conditional-fit-0010,axis3_code_agentic,250,5.377413746286253e-05
conditional-fit-0010,axis3_code_agentic,251,1.6657480183281957e-06
conditional-fit-0010,axis3_code_agentic,252,0.00259096450735911
conditional-fit-0010,axis3_code_agentic,253,0.05310046518937783
conditional-fit-0010,axis3_code_agentic,254,6.650926368743172e-05
conditional-fit-0010,axis3_code_agentic,255,0.0006810738620174902
conditional-fit-0010,axis3_code_agentic,256,0.00033864610736330787
conditional-fit-0010,axis3_code_agentic,257,1.0775582986448042e-06
conditional-fit-0010,axis3_code_agentic,258,0.09875345078756315
conditional-fit-0010,axis3_code_agentic,259,0.0013801392612505523
conditional-fit-0010,axis3_code_agentic,260,0.0006014963425006853
conditional-fit-0010,axis3_code_agentic,261,0.004242199528780889
conditional-fit-0010,axis3_code_agentic,262,3.2470994574039126e-05
conditional-fit-0010,axis3_code_agentic,263,2.5211666700032625e-06
conditional-fit-0010,axis3_code_agentic,264,1.962984607604042e-05
conditional-fit-0010,axis3_code_agentic,265,3.93627350093718e-05
conditional-fit-0010,axis3_code_agentic,266,5.547736385344008e-05
conditional-fit-0010,axis3_code_agentic,267,0.0003117655284691544
conditional-fit-0010,axis3_code_agentic,268,1.2368544571477247e-05
conditional-fit-0010,axis3_code_agentic,269,5.7323663463419234e-05
conditional-fit-0010,axis3_code_agentic,270,0.000798480554501817
conditional-fit-0010,axis3_code_agentic,271,5.177398332384767e-06
conditional-fit-0010,axis3_code_agentic,272,0.10284615125605465
conditional-fit-0010,axis3_code_agentic,273,6.671480102714029e-05
conditional-fit-0010,axis3_code_agentic,274,0.006343582002717261
conditional-fit-0010,axis3_code_agentic,275,6.425061589295888e-05
conditional-fit-0010,axis3_code_agentic,276,1.3050958795013555e-05
conditional-fit-0010,axis3_code_agentic,277,0.00011781441262713847
conditional-fit-0010,axis3_code_agentic,278,4.9368885140380607e-05
conditional-fit-0010,axis3_code_agentic,279,3.359951985868994e-06
conditional-fit-0010,axis3_code_agentic,280,1.311294709410762e-05
conditional-fit-0010,axis3_code_agentic,281,3.1557412331577305e-05
conditional-fit-0010,axis3_code_agentic,282,3.0241100481708556e-05
conditional-fit-0010,axis3_code_agentic,283,0.0002656385866508931
conditional-fit-0010,axis3_code_agentic,284,0.0034405667957438596
conditional-fit-0010,axis3_code_agentic,285,0.0005350697078413159
conditional-fit-0010,axis3_code_agentic,286,0.004513278904298249
conditional-fit-0010,axis3_code_agentic,287,0.05443206302900583
conditional-fit-0010,axis3_code_agentic,288,0.00032510572386669956
conditional-fit-0010,axis3_code_agentic,289,0.00901001021308153
conditional-fit-0010,axis3_code_agentic,290,0.0012121163185227581
conditional-fit-0010,axis3_code_agentic,291,0.0009590614203697587
conditional-fit-0010,axis3_code_agentic,292,0.005965815508049387
conditional-fit-0010,axis3_code_agentic,293,5.9437558305593136e-05
conditional-fit-0010,axis3_code_agentic,294,0.04102695888224271
conditional-fit-0010,axis3_code_agentic,295,0.014395298489623173
conditional-fit-0010,axis3_code_agentic,296,0.0007359044714134739
conditional-fit-0010,axis3_code_agentic,297,0.00020426967508413465
conditional-fit-0010,axis3_code_agentic,298,0.0002631249378301252
conditional-fit-0010,axis3_code_agentic,299,0.00012281572070403765
conditional-fit-0010,axis3_code_agentic,300,0.0018679049456483108
conditional-fit-0010,axis3_code_agentic,301,0.0008603514424716831
conditional-fit-0010,axis3_code_agentic,302,4.9992621816650896e-05
conditional-fit-0010,axis3_code_agentic,303,0.033629108727610366
conditional-fit-0010,axis3_code_agentic,304,0.01650600453880395
conditional-fit-0010,axis3_code_agentic,305,0.0005007591412066602
conditional-fit-0010,axis3_code_agentic,306,0.0005128506268682881
conditional-fit-0010,axis3_code_agentic,307,0.0004910097604042052
conditional-fit-0010,axis3_code_agentic,308,0.0017629378937244373
conditional-fit-0010,axis3_code_agentic,309,9.906638340721512e-05
conditional-fit-0010,axis3_code_agentic,310,0.0001286203817490192
conditional-fit-0010,axis3_code_agentic,311,2.0392360794488575e-05
conditional-fit-0010,axis3_code_agentic,312,4.64592435909476e-05
conditional-fit-0010,axis3_code_agentic,313,3.5122340363328295e-05
conditional-fit-0010,axis3_code_agentic,314,0.000526366103188584
conditional-fit-0010,axis3_code_agentic,315,0.001000834916082664
conditional-fit-0010,axis3_code_agentic,316,4.4258619967961566e-05
conditional-fit-0010,axis3_code_agentic,317,0.0004791618573555549
conditional-fit-0010,axis3_code_agentic,318,0.00023890304054431587
conditional-fit-0010,axis3_code_agentic,319,0.0003072045582418471
conditional-fit-0010,axis3_code_agentic,320,2.513264912245604e-05
conditional-fit-0010,axis3_code_agentic,321,0.0003900945065891481
conditional-fit-0010,axis3_code_agentic,322,6.285966699261251e-06
conditional-fit-0010,axis3_code_agentic,323,8.441916188677289e-06
conditional-fit-0010,axis3_code_agentic,324,3.3957862414205994e-05
conditional-fit-0010,axis3_code_agentic,325,2.2028730129482264e-05
conditional-fit-0010,axis3_code_agentic,326,0.00011435856271956724
conditional-fit-0010,axis3_code_agentic,327,0.01670574274327442
conditional-fit-0010,axis3_code_agentic,328,0.0020582191070130608
conditional-fit-0010,axis3_code_agentic,329,0.03697822448575722
conditional-fit-0010,axis3_code_agentic,330,0.05419078516963198
conditional-fit-0010,axis3_code_agentic,331,0.033118987790384705
conditional-fit-0010,axis3_code_agentic,332,0.06577847636335366
conditional-fit-0010,axis3_code_agentic,333,0.0165217966006612
conditional-fit-0010,axis3_code_agentic,334,0.008891480830313783
conditional-fit-0010,axis3_code_agentic,335,0.01967198303917665
conditional-fit-0010,axis3_code_agentic,336,0.014137706000178748
conditional-fit-0010,axis3_code_agentic,337,0.2815761472606869
conditional-fit-0010,axis3_code_agentic,338,0.00828755455822987
conditional-fit-0010,axis3_code_agentic,339,0.009314578689330022
conditional-fit-0010,axis3_code_agentic,340,0.029980793831516982
conditional-fit-0010,axis3_code_agentic,341,0.01093889404702451
conditional-fit-0010,axis3_code_agentic,342,0.01678310986556012
conditional-fit-0010,axis3_code_agentic,343,2.880402227451773e-05
conditional-fit-0010,axis3_code_agentic,344,2.136503376259657e-05
conditional-fit-0010,axis3_code_agentic,345,3.85942149221447e-06
conditional-fit-0010,axis3_code_agentic,346,3.2534193904381527e-06
conditional-fit-0010,axis3_code_agentic,347,0.00017074140767677187
conditional-fit-0010,axis3_code_agentic,348,0.0003627431476207381
conditional-fit-0010,axis3_code_agentic,349,8.981501123106145e-06
conditional-fit-0010,axis3_code_agentic,350,9.196160612961397e-06
conditional-fit-0010,axis3_code_agentic,351,8.632770340005582e-06
conditional-fit-0010,axis3_code_agentic,352,0.00016879890775747306
conditional-fit-0010,axis3_code_agentic,353,7.1763501954092e-06
conditional-fit-0010,axis3_code_agentic,354,1.9855918878962684e-05
conditional-fit-0010,axis3_code_agentic,355,0.003353744700268773
conditional-fit-0010,axis3_code_agentic,356,0.00010147938992195957
conditional-fit-0010,axis3_code_agentic,357,0.00010022248655635372
conditional-fit-0010,axis3_code_agentic,358,8.720145083691829e-05
conditional-fit-0010,axis3_code_agentic,359,1.7052222098615316e-05
conditional-fit-0010,axis3_code_agentic,360,0.00019067828518500138
conditional-fit-0010,axis3_code_agentic,361,5.037648281009293e-05
conditional-fit-0010,axis3_code_agentic,362,1.290197518499838e-06
conditional-fit-0010,axis3_code_agentic,363,0.00011968238125451743
conditional-fit-0010,axis3_code_agentic,364,2.7958797982801886e-05
conditional-fit-0010,axis3_code_agentic,365,5.771581096154851e-05
conditional-fit-0010,axis3_code_agentic,366,0.0008011215908182528
conditional-fit-0010,axis3_code_agentic,367,0.0004688440171831988
conditional-fit-0010,axis3_code_agentic,368,0.00020716947926553546
conditional-fit-0010,axis3_code_agentic,369,0.02229764969670759
conditional-fit-0010,axis3_code_agentic,370,0.004286579739131716
conditional-fit-0010,axis3_code_agentic,371,0.02101884911178962
conditional-fit-0010,axis3_code_agentic,372,1.4303663603222916e-05
conditional-fit-0010,axis3_code_agentic,373,0.020644703518861225
conditional-fit-0010,axis3_code_agentic,374,0.04851813179967995
conditional-fit-0010,axis3_code_agentic,375,0.016672860367371492
conditional-fit-0010,axis3_code_agentic,376,1.7711396294121725e-05
conditional-fit-0010,axis3_code_agentic,377,2.0186309840216512e-05
conditional-fit-0010,axis3_code_agentic,378,0.021343214781493522
conditional-fit-0010,axis3_code_agentic,379,9.230853377471262e-05
conditional-fit-0010,axis3_code_agentic,380,0.016391882591759444
conditional-fit-0010,axis3_code_agentic,381,0.014141715041377054
conditional-fit-0010,axis3_code_agentic,382,4.999782082713785e-05
conditional-fit-0010,axis3_code_agentic,383,0.0003678324695401971
conditional-fit-0010,axis3_code_agentic,384,0.0003408043623800258
conditional-fit-0010,axis3_code_agentic,385,0.0003906438660096823
conditional-fit-0010,axis3_code_agentic,386,0.0012732505361663456
conditional-fit-0010,axis3_code_agentic,387,1.985999868539765e-05
conditional-fit-0010,axis3_code_agentic,388,0.006922608844046044
conditional-fit-0010,axis3_code_agentic,389,0.00037811666230467026
conditional-fit-0010,axis3_code_agentic,390,0.005979447791342691
conditional-fit-0010,axis3_code_agentic,391,5.333423623175478e-05
conditional-fit-0010,axis3_code_agentic,392,0.001356374132677109
conditional-fit-0010,axis3_code_agentic,393,0.00012402579363198952
conditional-fit-0010,axis3_code_agentic,394,0.00010269128258787875
conditional-fit-0010,axis3_code_agentic,395,0.00038203217884043994
conditional-fit-0010,axis3_code_agentic,396,0.006485848014100251
conditional-fit-0010,axis3_code_agentic,397,7.279345096058389e-05
conditional-fit-0010,axis3_code_agentic,398,0.0005504094685726046
conditional-fit-0010,axis3_code_agentic,399,1.2543052693746752e-06
conditional-fit-0010,axis3_code_agentic,400,0.00017276278165583215
conditional-fit-0010,axis3_code_agentic,401,0.00029466886391100945
conditional-fit-0010,axis3_code_agentic,402,1.5120990110482204e-05
conditional-fit-0010,axis3_code_agentic,403,1.6169032523656366e-05
conditional-fit-0010,axis3_code_agentic,404,1.5621966800352895e-05
conditional-fit-0010,axis3_code_agentic,405,0.00027617471176985905
conditional-fit-0010,axis3_code_agentic,406,0.00024396638402527152
conditional-fit-0010,axis3_code_agentic,407,9.321310425104478e-05
conditional-fit-0010,axis3_code_agentic,408,1.4967819200747735e-05
conditional-fit-0010,axis3_code_agentic,409,1.0189938777363089e-05
conditional-fit-0010,axis3_code_agentic,410,1.987109542953667e-05
conditional-fit-0010,axis3_code_agentic,411,8.990955409949138e-05
conditional-fit-0010,axis3_code_agentic,412,5.576218133647409e-05
conditional-fit-0010,axis3_code_agentic,413,1.9715388176706453e-05
conditional-fit-0010,axis3_code_agentic,414,2.1342091202430417e-05
conditional-fit-0010,axis3_code_agentic,415,4.177884305176753e-06
conditional-fit-0010,axis3_code_agentic,416,0.00017736179850416428
conditional-fit-0010,axis3_code_agentic,417,4.180739934800943e-05
conditional-fit-0010,axis3_code_agentic,418,0.0010718507539998687
conditional-fit-0010,axis3_code_agentic,419,0.0013560840594424657
conditional-fit-0010,axis3_code_agentic,420,0.00021809241173955876
conditional-fit-0010,axis3_code_agentic,421,0.02264108692193119
conditional-fit-0010,axis3_code_agentic,422,0.10149172525328139
conditional-fit-0010,axis3_code_agentic,423,0.045288948398057666
conditional-fit-0010,axis3_code_agentic,424,0.052630231642610534
conditional-fit-0010,axis3_code_agentic,425,0.037057232268112375
conditional-fit-0010,axis3_code_agentic,426,0.16076448487995917
conditional-fit-0010,axis3_code_agentic,427,0.002584758897321969
conditional-fit-0010,axis3_code_agentic,428,0.04962049103797084
conditional-fit-0010,axis3_code_agentic,429,0.009724035480616853
conditional-fit-0010,axis3_code_agentic,430,0.0167897574459933
conditional-fit-0010,axis3_code_agentic,431,0.005536553856664698
conditional-fit-0010,axis3_code_agentic,432,0.0024816855976002856
conditional-fit-0010,axis3_code_agentic,433,0.0006158358611172907
conditional-fit-0010,axis3_code_agentic,434,0.011079507870625706
conditional-fit-0010,axis3_code_agentic,435,0.002971796794512507
conditional-fit-0010,axis3_code_agentic,436,0.06510190319507461
conditional-fit-0010,axis3_code_agentic,437,0.024636459745317536
conditional-fit-0010,axis3_code_agentic,438,0.0008815362065970355
conditional-fit-0010,axis3_code_agentic,439,0.01341601912874079
conditional-fit-0010,axis3_code_agentic,440,0.004453718737124307
conditional-fit-0010,axis3_code_agentic,441,0.001847725326137051
conditional-fit-0010,axis3_code_agentic,442,0.014503115274217371
conditional-fit-0010,axis3_code_agentic,443,0.009926557833080893
conditional-fit-0010,axis3_code_agentic,444,0.08466420825201644
conditional-fit-0010,axis3_code_agentic,445,0.01155656291393635
conditional-fit-0010,axis3_code_agentic,446,0.052839897508106935
conditional-fit-0010,axis3_code_agentic,447,0.03727833261865075
conditional-fit-0010,axis3_code_agentic,448,0.04383566155565903
conditional-fit-0010,axis3_code_agentic,449,0.015011875117080438
conditional-fit-0010,axis3_code_agentic,450,0.07010246590008584
conditional-fit-0010,axis3_code_agentic,451,0.06261676932084168
conditional-fit-0010,axis3_code_agentic,452,0.0001513054666022676
conditional-fit-0010,axis3_code_agentic,453,0.0038416705534014455
conditional-fit-0010,axis3_code_agentic,454,0.09767101129603385
conditional-fit-0010,axis3_code_agentic,455,0.04282637773466204
conditional-fit-0010,axis3_code_agentic,456,0.0003332844497937328
conditional-fit-0010,axis3_code_agentic,457,0.027534435736881108
conditional-fit-0010,axis3_code_agentic,458,2.4018088905146147e-05
conditional-fit-0010,axis3_code_agentic,459,0.00018262605340705793
conditional-fit-0010,axis3_code_agentic,460,0.0012650010170035695
conditional-fit-0010,axis3_code_agentic,461,3.6955762855166453e-06
conditional-fit-0010,axis3_code_agentic,462,0.0013142359091600758
conditional-fit-0010,axis3_code_agentic,463,0.05805774557463457
conditional-fit-0010,axis3_code_agentic,464,0.00010558865939961054
conditional-fit-0010,axis3_code_agentic,465,0.014360524321512302
conditional-fit-0010,axis3_code_agentic,466,0.006687009505548125
conditional-fit-0010,axis3_code_agentic,467,6.770562014609106e-06
conditional-fit-0010,axis3_code_agentic,468,2.145589300127373e-05
conditional-fit-0010,axis3_code_agentic,469,3.096471961790565e-05
conditional-fit-0010,axis3_code_agentic,470,3.842273374064938e-05
conditional-fit-0010,axis3_code_agentic,471,0.0029471943235087877
conditional-fit-0010,axis3_code_agentic,472,0.015292150463367453
conditional-fit-0010,axis3_code_agentic,473,0.00020096537127487152
conditional-fit-0010,axis3_code_agentic,474,8.240515713591193e-05
conditional-fit-0010,axis3_code_agentic,475,1.9214689330343484e-05
conditional-fit-0010,axis3_code_agentic,476,1.8827869266516578e-06
conditional-fit-0010,axis3_code_agentic,477,1.0975285682721607e-05
conditional-fit-0010,axis3_code_agentic,478,2.0434859398168756e-05
conditional-fit-0010,axis3_code_agentic,479,0.0014117740841489573
conditional-fit-0010,axis3_code_agentic,480,0.0001116910449189166
conditional-fit-0010,axis3_code_agentic,481,9.890095258832844e-05
conditional-fit-0010,axis3_code_agentic,482,5.843385315765629e-05
conditional-fit-0010,axis3_code_agentic,483,1.1382225595641615e-05
conditional-fit-0010,axis3_code_agentic,484,2.5365249775772404e-05
conditional-fit-0010,axis3_code_agentic,485,5.559145481543899e-05
conditional-fit-0010,axis3_code_agentic,486,0.00011405942031982066
conditional-fit-0010,axis3_code_agentic,487,0.07047469267293424
conditional-fit-0010,axis3_code_agentic,488,0.12802802337949343
conditional-fit-0010,axis3_code_agentic,489,0.03127459564398646
conditional-fit-0010,axis3_code_agentic,490,0.2795887413458634
conditional-fit-0010,axis3_code_agentic,491,0.3526587408794515
conditional-fit-0010,axis3_code_agentic,492,0.29943930793827084
conditional-fit-0010,axis3_code_agentic,493,0.0620020326948605
conditional-fit-0010,axis3_code_agentic,494,0.0025796800179601212
conditional-fit-0010,axis3_code_agentic,495,0.0017577666572480694
conditional-fit-0010,axis3_code_agentic,496,0.00023682029012117237
conditional-fit-0010,axis3_code_agentic,497,0.00010106647202851726
conditional-fit-0010,axis3_code_agentic,498,0.12174504923256614
conditional-fit-0010,axis3_code_agentic,499,0.00021775080975476588
conditional-fit-0010,axis3_code_agentic,500,2.1000452590747142e-05
conditional-fit-0010,axis3_code_agentic,501,0.00022117237322536408
conditional-fit-0010,axis3_code_agentic,502,0.0002953446725338186
conditional-fit-0010,axis3_code_agentic,503,0.006078508799643653
conditional-fit-0010,axis3_code_agentic,504,0.10299904589285723
conditional-fit-0010,axis3_code_agentic,505,0.0375295443592004
conditional-fit-0010,axis3_code_agentic,506,0.12199600633012181
conditional-fit-0010,axis3_code_agentic,507,0.03632206474166581
conditional-fit-0010,axis3_code_agentic,508,0.11235298571122958
conditional-fit-0010,axis3_code_agentic,509,0.14222842267966845
conditional-fit-0010,axis3_code_agentic,510,0.0567716257166329
conditional-fit-0010,axis3_code_agentic,511,0.0011191220775409348
conditional-fit-0010,axis3_code_agentic,512,0.047058004526371225
conditional-fit-0010,axis3_code_agentic,513,0.03587745156352409
conditional-fit-0010,axis3_code_agentic,514,0.01281688624772139
conditional-fit-0010,axis3_code_agentic,515,0.00047832645700478607
conditional-fit-0010,axis3_code_agentic,516,0.05103557226340977
conditional-fit-0010,axis3_code_agentic,517,0.05383494012586879
conditional-fit-0010,axis3_code_agentic,518,0.007170081611284285
conditional-fit-0010,axis3_code_agentic,519,0.0021501816686174853
conditional-fit-0010,axis3_code_agentic,520,0.024592126273254036
conditional-fit-0010,axis3_code_agentic,521,0.0016153682890198869
conditional-fit-0010,axis3_code_agentic,522,0.0008997873289400913
conditional-fit-0010,axis3_code_agentic,523,0.0023277015290266885
conditional-fit-0010,axis3_code_agentic,524,0.0016473205768445882
conditional-fit-0010,axis3_code_agentic,525,0.07838194229366306
conditional-fit-0010,axis3_code_agentic,526,0.062064077678571375
conditional-fit-0010,axis3_code_agentic,527,0.049635030115333094
conditional-fit-0010,axis3_code_agentic,528,0.0014852845869312657
conditional-fit-0010,axis3_code_agentic,529,0.02428064387264616
conditional-fit-0010,axis3_code_agentic,530,0.013848216551228126
conditional-fit-0010,axis3_code_agentic,531,0.020284128100640855
conditional-fit-0010,axis3_code_agentic,532,0.008191169114363246
conditional-fit-0010,axis3_code_agentic,533,0.08744382854105212
conditional-fit-0010,axis3_code_agentic,534,0.12337863844500147
conditional-fit-0010,axis3_code_agentic,535,0.12089688280983726
conditional-fit-0010,axis3_code_agentic,536,0.08658622929515056
conditional-fit-0010,axis3_code_agentic,537,0.004472711727294732
conditional-fit-0010,axis3_code_agentic,538,0.008059620504736374
conditional-fit-0010,axis3_code_agentic,539,0.00851099137734717
conditional-fit-0010,axis3_code_agentic,540,0.042477722106639165
conditional-fit-0010,axis3_code_agentic,541,0.05560528938570462
conditional-fit-0010,axis3_code_agentic,542,0.01122545863935399
conditional-fit-0010,axis3_code_agentic,543,0.06594727675373922
conditional-fit-0010,axis3_code_agentic,544,0.09947577658036594
conditional-fit-0010,axis3_code_agentic,545,0.005895745356916837
conditional-fit-0010,axis3_code_agentic,546,0.040935713656959416
conditional-fit-0010,axis3_code_agentic,547,0.051912462011113075
conditional-fit-0010,axis3_code_agentic,548,0.0017238179240617124
conditional-fit-0010,axis3_code_agentic,549,0.0416278029730285
conditional-fit-0010,axis3_code_agentic,550,0.00013701155282567842
conditional-fit-0010,axis3_code_agentic,551,0.010712112319108971
conditional-fit-0010,axis3_code_agentic,552,0.06622257019984654
conditional-fit-0010,axis3_code_agentic,553,0.04277991963049295
conditional-fit-0010,axis3_code_agentic,554,0.0202890772152086
conditional-fit-0010,axis3_code_agentic,555,0.00015293725207514279
conditional-fit-0010,axis3_code_agentic,556,0.006968928497628278
conditional-fit-0010,axis3_code_agentic,557,0.026112653082368924
conditional-fit-0010,axis3_code_agentic,558,0.016687487053882087
conditional-fit-0010,axis3_code_agentic,559,0.003425265679170374
conditional-fit-0010,axis3_code_agentic,560,2.7892252634486745e-05
conditional-fit-0010,axis3_code_agentic,561,0.000563078332249399
conditional-fit-0010,axis3_code_agentic,562,0.00010034140189134535
conditional-fit-0010,axis3_code_agentic,563,1.1482447400608729e-05
conditional-fit-0010,axis3_code_agentic,564,0.0024531373690378933
conditional-fit-0010,axis3_code_agentic,565,0.05628683513888712
conditional-fit-0010,axis3_code_agentic,566,0.06156171893702777
conditional-fit-0010,axis3_code_agentic,567,0.002080511450408795
conditional-fit-0010,axis3_code_agentic,568,0.02120723661435573
conditional-fit-0010,axis3_code_agentic,569,0.3661900464283912
conditional-fit-0010,axis3_code_agentic,570,0.000588715259885217
conditional-fit-0010,axis3_code_agentic,571,0.8361642400512704
conditional-fit-0010,axis3_code_agentic,572,0.009299791249918553
conditional-fit-0010,axis3_code_agentic,573,0.025256214577724118
conditional-fit-0010,axis3_code_agentic,574,0.0024901195628222236
conditional-fit-0010,axis3_code_agentic,575,0.00011174200741777103
conditional-fit-0010,axis3_code_agentic,576,0.01657283830380781
conditional-fit-0010,axis3_code_agentic,577,0.03658167835366532
conditional-fit-0010,axis3_code_agentic,578,0.047426698025105185
conditional-fit-0010,axis3_code_agentic,579,0.010029754444860688
conditional-fit-0010,axis3_code_agentic,580,0.019312493085494983
conditional-fit-0010,axis3_code_agentic,581,3.3559110485209737e-06
conditional-fit-0010,axis3_code_agentic,582,0.00722330113984225
conditional-fit-0010,axis3_code_agentic,583,0.0011581366723956788
conditional-fit-0010,axis3_code_agentic,584,0.08176062415706808
conditional-fit-0010,axis3_code_agentic,585,0.024949163742062686
conditional-fit-0010,axis3_code_agentic,586,0.05395216667468489
conditional-fit-0010,axis3_code_agentic,587,0.004571356356071002
conditional-fit-0010,axis3_code_agentic,588,0.020224051485608727
conditional-fit-0010,axis3_code_agentic,589,0.03289303009466034
conditional-fit-0010,axis3_code_agentic,590,0.00409022614585647
conditional-fit-0010,axis3_code_agentic,591,0.0148042464515914
conditional-fit-0010,axis3_code_agentic,592,5.9591196177693427e-05
conditional-fit-0010,axis3_code_agentic,593,0.0004065227915394064
conditional-fit-0010,axis3_code_agentic,594,0.0002490390108875185
conditional-fit-0010,axis3_code_agentic,595,0.0028636897488066027
conditional-fit-0010,axis3_code_agentic,596,0.005476685314747655
conditional-fit-0010,axis3_code_agentic,597,0.024771094303024474
conditional-fit-0010,axis3_code_agentic,598,0.00043789349494911117
conditional-fit-0010,axis3_code_agentic,599,0.0004386679280768324
conditional-fit-0010,axis3_code_agentic,600,0.0003112472288957946
conditional-fit-0010,axis3_code_agentic,601,0.0002713544708137441
conditional-fit-0010,axis3_code_agentic,602,0.003059757963166301
conditional-fit-0010,axis3_code_agentic,603,5.124836784979869e-06
conditional-fit-0010,axis3_code_agentic,604,0.0002500487860505021
conditional-fit-0010,axis3_code_agentic,605,2.157350470502122e-05
conditional-fit-0010,axis3_code_agentic,606,0.002453216636532268
conditional-fit-0010,axis3_code_agentic,607,0.0001236287852344719
conditional-fit-0010,axis3_code_agentic,608,4.5296595596129715e-05
conditional-fit-0010,axis3_code_agentic,609,0.0025050223793172685
conditional-fit-0010,axis3_code_agentic,610,0.008623981807274222
conditional-fit-0010,axis3_code_agentic,611,0.013166322835534736
conditional-fit-0010,axis3_code_agentic,612,5.233081823072666e-05
conditional-fit-0010,axis3_code_agentic,613,0.0004869976736277122
conditional-fit-0010,axis3_code_agentic,614,0.0026800139195289614
conditional-fit-0010,axis3_code_agentic,615,0.05266351422262251
conditional-fit-0010,axis3_code_agentic,616,0.0009354438966038202
conditional-fit-0010,axis3_code_agentic,617,0.005018679700709572
conditional-fit-0010,axis3_code_agentic,618,0.005459363010702177
conditional-fit-0010,axis3_code_agentic,619,9.022180799796864e-06
conditional-fit-0010,axis3_code_agentic,620,0.005373813747962069
conditional-fit-0010,axis3_code_agentic,621,0.0002154647468901583
conditional-fit-0010,axis3_code_agentic,622,0.003254371111476922
conditional-fit-0010,axis3_code_agentic,623,7.329243301808217e-05
conditional-fit-0010,axis3_code_agentic,624,0.0014534029483374935
conditional-fit-0010,axis3_code_agentic,625,0.01834888222386087
conditional-fit-0010,axis3_code_agentic,626,0.15461848178580676
conditional-fit-0010,axis3_code_agentic,627,0.0013139621559008045
conditional-fit-0010,axis3_code_agentic,628,0.06786353309313067
conditional-fit-0010,axis3_code_agentic,629,0.058240739532096464
conditional-fit-0010,axis3_code_agentic,630,0.08318399404441662
conditional-fit-0010,axis3_code_agentic,631,0.05641747997468092
conditional-fit-0010,axis3_code_agentic,632,0.01567968528019294
conditional-fit-0010,axis3_code_agentic,633,0.05518656053391918
conditional-fit-0010,axis3_code_agentic,634,0.033236120546661904
conditional-fit-0010,axis3_code_agentic,635,0.003875244590810763
conditional-fit-0010,axis3_code_agentic,636,1.4250137794246481e-05
conditional-fit-0010,axis3_code_agentic,637,4.507423050685844e-05
conditional-fit-0010,axis3_code_agentic,638,2.0303642122314747e-05
conditional-fit-0010,axis3_code_agentic,639,5.509905669361082e-05
conditional-fit-0010,axis3_code_agentic,640,1.3983478007318574e-05
conditional-fit-0010,axis3_code_agentic,641,5.92485787314182e-06
conditional-fit-0010,axis3_code_agentic,642,0.0013441734730557917
conditional-fit-0010,axis3_code_agentic,643,3.2678252739737537e-06
conditional-fit-0010,axis3_code_agentic,644,0.0008434524117956655
conditional-fit-0010,axis3_code_agentic,645,0.032916959744590024
conditional-fit-0010,axis3_code_agentic,646,0.08605818234802046
conditional-fit-0010,axis3_code_agentic,647,0.07498409736134806
conditional-fit-0010,axis3_code_agentic,648,0.002792379822934557
conditional-fit-0010,axis3_code_agentic,649,0.0003580310056638701
conditional-fit-0010,axis3_code_agentic,650,0.0006337406707575146
conditional-fit-0010,axis3_code_agentic,651,0.000778565064120051
conditional-fit-0010,axis3_code_agentic,652,3.991295735280281e-05
conditional-fit-0010,axis3_code_agentic,653,0.0011917314750926177
conditional-fit-0010,axis3_code_agentic,654,1.2403395115403631e-05
conditional-fit-0010,axis3_code_agentic,655,0.0004811830982188603
conditional-fit-0010,axis3_code_agentic,656,7.779264132998228e-06
conditional-fit-0010,axis3_code_agentic,657,0.00013219897341464867
conditional-fit-0010,axis3_code_agentic,658,1.5390536380927054e-05
conditional-fit-0010,axis3_code_agentic,659,0.007889956951915515
conditional-fit-0010,axis3_code_agentic,660,0.0008715478948096996
conditional-fit-0010,axis3_code_agentic,661,0.0023134368390184575
conditional-fit-0010,axis3_code_agentic,662,6.426617860696977e-05
conditional-fit-0010,axis3_code_agentic,663,0.00019895367069027952
conditional-fit-0010,axis3_code_agentic,664,7.485272904745155e-05
conditional-fit-0010,axis3_code_agentic,665,2.410426508275237e-05
conditional-fit-0010,axis3_code_agentic,666,0.004095104513777202
conditional-fit-0010,axis3_code_agentic,667,1.6569852429556734e-05
conditional-fit-0010,axis3_code_agentic,668,0.0020134048074128357
conditional-fit-0010,axis3_code_agentic,669,0.048156078168718974
conditional-fit-0010,axis3_code_agentic,670,0.06843977469085646
conditional-fit-0010,axis3_code_agentic,671,1.995058871276318e-05
conditional-fit-0010,axis3_code_agentic,672,0.00714687959931058
conditional-fit-0010,axis3_code_agentic,673,0.00011475757622852578
conditional-fit-0010,axis3_code_agentic,674,0.010236882036185058
conditional-fit-0010,axis3_code_agentic,675,0.0010769286894547429
conditional-fit-0010,axis3_code_agentic,676,0.0011146366955614871
conditional-fit-0010,axis3_code_agentic,677,0.03120603886420384
conditional-fit-0010,axis3_code_agentic,678,0.063792834577319
conditional-fit-0010,axis3_code_agentic,679,2.7262547638505356e-05
conditional-fit-0010,axis3_code_agentic,680,8.835297567356954e-05
conditional-fit-0010,axis3_code_agentic,681,2.373270276446284e-06
conditional-fit-0010,axis3_code_agentic,682,0.0001333942400622131
conditional-fit-0010,axis3_code_agentic,683,9.05027305542636e-05
conditional-fit-0010,axis3_code_agentic,684,0.0005865722432851573
conditional-fit-0010,axis3_code_agentic,685,0.0036350747286766597
conditional-fit-0010,axis3_code_agentic,686,1.9527784456487556e-05
conditional-fit-0010,axis3_code_agentic,687,0.00015021861498877231
conditional-fit-0010,axis3_code_agentic,688,0.00028236329749546283
conditional-fit-0010,axis3_code_agentic,689,0.0024500401178118338
conditional-fit-0010,axis3_code_agentic,690,0.013750913080249602
conditional-fit-0010,axis3_code_agentic,691,8.967222510936936e-05
conditional-fit-0010,axis3_code_agentic,692,0.00198508887478515
conditional-fit-0010,axis3_code_agentic,693,3.981210576512117e-06
conditional-fit-0010,axis3_code_agentic,694,0.00011119242773963402
conditional-fit-0010,axis3_code_agentic,695,0.0011315082132168585
conditional-fit-0010,axis3_code_agentic,696,6.166010851241502e-06
conditional-fit-0010,axis3_code_agentic,697,8.914173637358125e-06
conditional-fit-0010,axis3_code_agentic,698,8.680984492681668e-05
conditional-fit-0010,axis3_code_agentic,699,2.392991353575819e-05
conditional-fit-0010,axis3_code_agentic,700,0.00013537981366279765
conditional-fit-0010,axis3_code_agentic,701,1.304940953548593e-05
conditional-fit-0010,axis3_code_agentic,702,0.0018225047532926422
conditional-fit-0010,axis3_code_agentic,703,0.0001215995279611311
conditional-fit-0010,axis3_code_agentic,704,4.717895187561312e-05
conditional-fit-0010,axis3_code_agentic,705,0.004967079901196459
conditional-fit-0010,axis3_code_agentic,706,0.000183746239213187
conditional-fit-0010,axis3_code_agentic,707,6.685297256877915e-06
conditional-fit-0010,axis3_code_agentic,708,1.4449186135505728e-05
conditional-fit-0010,axis3_code_agentic,709,5.519428776152053e-06
conditional-fit-0010,axis3_code_agentic,710,9.805894613296729e-05
conditional-fit-0010,axis3_code_agentic,711,0.0006472733776488974
conditional-fit-0010,axis3_code_agentic,712,0.00028487987640949704
conditional-fit-0010,axis3_code_agentic,713,0.002358434380886794
conditional-fit-0010,axis3_code_agentic,714,0.0005354285809846683
conditional-fit-0010,axis3_code_agentic,715,3.669548961368412e-06
conditional-fit-0010,axis3_code_agentic,716,0.0004474794825072221
conditional-fit-0010,axis3_code_agentic,717,2.3568687042662984e-05
conditional-fit-0010,axis3_code_agentic,718,0.032735107840588085
conditional-fit-0010,axis3_code_agentic,719,0.0004191836107816744
conditional-fit-0010,axis3_code_agentic,720,2.704053342797889e-06
conditional-fit-0010,axis3_code_agentic,721,0.00045251503121955224
conditional-fit-0010,axis3_code_agentic,722,1.6273669064458792e-05
conditional-fit-0010,axis3_code_agentic,723,1.0401993990971586e-05
conditional-fit-0010,axis3_code_agentic,724,7.12623895789757e-07
conditional-fit-0010,axis3_code_agentic,725,3.4964696070127693e-06
conditional-fit-0010,axis3_code_agentic,726,5.1035234959284466e-05
conditional-fit-0010,axis3_code_agentic,727,0.0002407466557839117
conditional-fit-0010,axis3_code_agentic,728,4.40125311799132e-06
conditional-fit-0010,axis3_code_agentic,729,0.0002919811895839415
conditional-fit-0010,axis3_code_agentic,730,9.087853618572277e-05
conditional-fit-0010,axis3_code_agentic,731,1.173743874457972e-05
conditional-fit-0010,axis3_code_agentic,732,0.00021558421149817602
conditional-fit-0010,axis3_code_agentic,733,1.1055953478820283e-05
conditional-fit-0010,axis3_code_agentic,734,3.114473472049222e-05
conditional-fit-0010,axis3_code_agentic,735,5.1968026229050176e-05
conditional-fit-0010,axis3_code_agentic,736,8.867698080960105e-06
conditional-fit-0010,axis3_code_agentic,737,2.4535511806926085e-05
conditional-fit-0010,axis3_code_agentic,738,0.0005778801444967982
conditional-fit-0010,axis3_code_agentic,739,8.189806286789798e-06
conditional-fit-0010,axis3_code_agentic,740,4.0902508905619606e-05
conditional-fit-0010,axis3_code_agentic,741,0.0023708907973357778
conditional-fit-0010,axis3_code_agentic,742,0.004282946695790855
conditional-fit-0010,axis3_code_agentic,743,1.1266974439052086e-05
conditional-fit-0010,axis3_code_agentic,744,0.00596989949967352
conditional-fit-0010,axis3_code_agentic,745,1.593343769418637e-05
conditional-fit-0010,axis3_code_agentic,746,6.93274247743068e-06
conditional-fit-0010,axis3_code_agentic,747,0.005261164316235405
conditional-fit-0010,axis3_code_agentic,748,0.19098109006679606
conditional-fit-0010,axis3_code_agentic,749,0.1512592068892513
conditional-fit-0010,axis3_code_agentic,750,0.16501041916540288
conditional-fit-0010,axis3_code_agentic,751,0.02307109149539718
conditional-fit-0010,axis3_code_agentic,752,0.1723634330353444
conditional-fit-0010,axis3_code_agentic,753,0.01819273361431848
conditional-fit-0010,axis3_code_agentic,754,0.01387434657522144
conditional-fit-0010,axis3_code_agentic,755,0.16263544286372064
conditional-fit-0010,axis3_code_agentic,756,0.09997630592736106
conditional-fit-0010,axis3_code_agentic,757,0.005877305514726009
conditional-fit-0010,axis3_code_agentic,758,0.0016572962044425783
conditional-fit-0010,axis3_code_agentic,759,0.031058271573997875
conditional-fit-0010,axis3_code_agentic,760,0.00015552571343042154
conditional-fit-0010,axis3_code_agentic,761,0.000189416932992973
conditional-fit-0010,axis3_code_agentic,762,0.0020683650724682354
conditional-fit-0010,axis3_code_agentic,763,0.0006348667429432282
conditional-fit-0010,axis3_code_agentic,764,0.004000842312250107
conditional-fit-0010,axis3_code_agentic,765,2.8714010819007335e-05
conditional-fit-0010,axis3_code_agentic,766,4.672566862784142e-05
conditional-fit-0010,axis3_code_agentic,767,0.0003521784428711447
conditional-fit-0010,axis3_code_agentic,768,0.00019703069164598327
conditional-fit-0010,axis3_code_agentic,769,0.0010619178512843558
conditional-fit-0010,axis3_code_agentic,770,1.5268241026657173e-05
conditional-fit-0010,axis3_code_agentic,771,0.051574203351201685
conditional-fit-0010,axis3_code_agentic,772,0.12532666473138696
conditional-fit-0010,axis3_code_agentic,773,0.000475127688476886
conditional-fit-0010,axis3_code_agentic,774,0.0008143113138627473
conditional-fit-0010,axis3_code_agentic,775,0.02586233410348725
conditional-fit-0010,axis3_code_agentic,776,0.0030152339083323477
conditional-fit-0010,axis3_code_agentic,777,7.033001115603065e-05
conditional-fit-0010,axis3_code_agentic,778,0.0013470572137810229
conditional-fit-0010,axis3_code_agentic,779,0.003846178557733608
conditional-fit-0010,axis3_code_agentic,780,9.867292276793263e-05
conditional-fit-0010,axis3_code_agentic,781,0.0003144620343960442
conditional-fit-0010,axis3_code_agentic,782,0.0025764930316345466
conditional-fit-0010,axis3_code_agentic,783,3.952207245065018e-05
conditional-fit-0010,axis3_code_agentic,784,0.0027641542396085756
conditional-fit-0010,axis3_code_agentic,785,0.18165763987377734
conditional-fit-0010,axis3_code_agentic,786,1.906384866600486e-05
conditional-fit-0010,axis3_code_agentic,787,1.686249643724224e-05
conditional-fit-0010,axis3_code_agentic,788,2.79591438888112e-06
conditional-fit-0010,axis3_code_agentic,789,5.174781141721296e-06
conditional-fit-0010,axis3_code_agentic,790,1.590019399843711e-05
conditional-fit-0010,axis3_code_agentic,791,7.142100862360032e-05
conditional-fit-0010,axis3_code_agentic,792,6.080318911614215e-06
conditional-fit-0010,axis3_code_agentic,793,8.785467593727816e-06
conditional-fit-0010,axis3_code_agentic,794,1.8590054821000183e-05
conditional-fit-0010,axis3_code_agentic,795,2.2698473372959797e-05
conditional-fit-0010,axis3_code_agentic,796,4.228017769291281e-05
conditional-fit-0010,axis3_code_agentic,797,0.043822142289486984
conditional-fit-0010,axis3_code_agentic,798,0.00676076689334734
conditional-fit-0010,axis3_code_agentic,799,3.7837135392032544e-06
conditional-fit-0010,axis3_code_agentic,800,0.0446536431103645
conditional-fit-0010,axis3_code_agentic,801,0.06347741609325433
conditional-fit-0010,axis3_code_agentic,802,0.00456810980862803
conditional-fit-0010,axis3_code_agentic,803,0.0023142926692313118
conditional-fit-0010,axis3_code_agentic,804,0.09415572166618683
conditional-fit-0010,axis3_code_agentic,805,0.08505464393177692
conditional-fit-0010,axis3_code_agentic,806,0.09717635394666675
conditional-fit-0010,axis3_code_agentic,807,0.015969034945203874
conditional-fit-0010,axis3_code_agentic,808,0.014716201832011798
conditional-fit-0010,axis3_code_agentic,809,0.00034974703883770093
conditional-fit-0010,axis3_code_agentic,810,0.005650647561173089
conditional-fit-0010,axis3_code_agentic,811,0.005494030752138862
conditional-fit-0010,axis3_code_agentic,812,0.0002548439315143482
conditional-fit-0010,axis3_code_agentic,813,0.11570598577833563
conditional-fit-0010,axis3_code_agentic,814,0.005177153983234501
conditional-fit-0010,axis3_code_agentic,815,0.0006396920093758266
conditional-fit-0010,axis3_code_agentic,816,0.0024702508657453333
conditional-fit-0010,axis3_code_agentic,817,0.0023308284821761858
conditional-fit-0010,axis3_code_agentic,818,5.410670697321138e-07
conditional-fit-0010,axis3_code_agentic,819,0.007713890599784675
conditional-fit-0010,axis3_code_agentic,820,0.0005233156057057295
conditional-fit-0010,axis3_code_agentic,821,0.007743320414513749
conditional-fit-0010,axis3_code_agentic,822,3.0331796093712834e-05
conditional-fit-0010,axis3_code_agentic,823,0.0009547464458208968
conditional-fit-0010,axis3_code_agentic,824,5.829394947241097e-06
conditional-fit-0010,axis3_code_agentic,825,0.00035568988205180916
conditional-fit-0010,axis3_code_agentic,826,0.0004396686504382712
conditional-fit-0010,axis3_code_agentic,827,0.039353269864622724
conditional-fit-0010,axis3_code_agentic,828,2.465230697901719e-05
conditional-fit-0010,axis3_code_agentic,829,0.0017299514037933158
conditional-fit-0010,axis3_code_agentic,830,0.0001196126514645174
conditional-fit-0010,axis3_code_agentic,831,0.00023026999952509866
conditional-fit-0010,axis3_code_agentic,832,0.007788087073354181
conditional-fit-0010,axis3_code_agentic,833,0.032229663067932346
conditional-fit-0010,axis3_code_agentic,834,0.0003688862495344794
conditional-fit-0010,axis3_code_agentic,835,1.2839994882666445e-05
conditional-fit-0010,axis3_code_agentic,836,1.212326775100136e-05
conditional-fit-0010,axis3_code_agentic,837,0.01090272984165319
conditional-fit-0010,axis3_code_agentic,838,5.911571309315265e-05
conditional-fit-0010,axis3_code_agentic,839,0.0031658314452542393
conditional-fit-0010,axis3_code_agentic,840,0.0016118909169234702
conditional-fit-0010,axis3_code_agentic,841,3.3603320562251804e-06
conditional-fit-0010,axis3_code_agentic,842,7.815666271205201e-05
conditional-fit-0010,axis3_code_agentic,843,8.582741199043328e-08
conditional-fit-0010,axis3_code_agentic,844,7.594148542630577e-07
conditional-fit-0010,axis3_code_agentic,845,6.38596448015531e-05
conditional-fit-0010,axis3_code_agentic,846,6.387874071193511e-06
conditional-fit-0010,axis3_code_agentic,847,6.756981918664313e-06
conditional-fit-0010,axis3_code_agentic,848,1.8808692424380623e-05
conditional-fit-0010,axis3_code_agentic,849,3.3396212616875817e-06
conditional-fit-0010,axis3_code_agentic,850,1.2475874761720805e-07
conditional-fit-0010,axis3_code_agentic,851,5.858059330993249e-07
conditional-fit-0010,axis3_code_agentic,852,0.00033007780494629236
conditional-fit-0010,axis3_code_agentic,853,4.846983469096999e-05
conditional-fit-0010,axis3_code_agentic,854,7.355198500707529e-08
conditional-fit-0010,axis3_code_agentic,855,0.006886479738888748
conditional-fit-0010,axis3_code_agentic,856,0.002120428514275386
conditional-fit-0010,axis3_code_agentic,857,5.021782482960895e-06
conditional-fit-0010,axis3_code_agentic,858,0.08618026270153267
conditional-fit-0010,axis3_code_agentic,859,0.001101682773656836
conditional-fit-0010,axis3_code_agentic,860,2.0668203393599895e-05
conditional-fit-0010,axis3_code_agentic,861,0.0009622867808221319
conditional-fit-0010,axis3_code_agentic,862,8.163156800505298e-05
conditional-fit-0010,axis3_code_agentic,863,9.144199282667639e-05
conditional-fit-0010,axis3_code_agentic,864,0.007460097536209466
conditional-fit-0010,axis3_code_agentic,865,3.3368213536495504e-06
conditional-fit-0010,axis3_code_agentic,866,0.002898064433064098
conditional-fit-0010,axis3_code_agentic,867,0.23006064870369408
conditional-fit-0010,axis3_code_agentic,868,7.365227844504922e-07
conditional-fit-0010,axis3_code_agentic,869,0.0013265785995406447
conditional-fit-0010,axis3_code_agentic,870,5.401707628022135e-05
conditional-fit-0010,axis3_code_agentic,871,0.00016957994301041742
conditional-fit-0010,axis3_code_agentic,872,0.07343026483613853
conditional-fit-0010,axis3_code_agentic,873,2.088312391602153e-05
conditional-fit-0010,axis3_code_agentic,874,0.0007895104453655144
conditional-fit-0010,axis3_code_agentic,875,0.0006010629079537009
conditional-fit-0010,axis3_code_agentic,876,0.08399411895277811
conditional-fit-0010,axis3_code_agentic,877,0.0078966788380596
conditional-fit-0010,axis3_code_agentic,878,0.040856802391349104
conditional-fit-0010,axis3_code_agentic,879,0.030088850527831355
conditional-fit-0010,axis3_code_agentic,880,0.008505866440452668
conditional-fit-0010,axis3_code_agentic,881,0.0036747159007518024
conditional-fit-0010,axis3_code_agentic,882,0.0013327158100139474
conditional-fit-0010,axis3_code_agentic,883,4.3706638221023055e-07
conditional-fit-0010,axis3_code_agentic,884,0.0003663358500314171
conditional-fit-0010,axis3_code_agentic,885,0.0002914404107928428
conditional-fit-0010,axis3_code_agentic,886,2.013607154972676e-06
conditional-fit-0010,axis3_code_agentic,887,2.7795531759149437e-05
conditional-fit-0010,axis3_code_agentic,888,0.00035016749330905373
conditional-fit-0010,axis3_code_agentic,889,0.007690544758766325
conditional-fit-0010,axis3_code_agentic,890,0.0002004363411929025
conditional-fit-0010,axis3_code_agentic,891,3.00897777153469e-06
conditional-fit-0010,axis3_code_agentic,892,9.720872244587626e-07
conditional-fit-0010,axis3_code_agentic,893,1.2490018847538433e-05
conditional-fit-0010,axis3_code_agentic,894,0.002313985289923375
conditional-fit-0010,axis3_code_agentic,895,0.0034621913034074965
conditional-fit-0010,axis3_code_agentic,896,1.0242333460088542e-06
conditional-fit-0010,axis3_code_agentic,897,0.007470089119560788
conditional-fit-0010,axis3_code_agentic,898,1.607956713119054e-05
conditional-fit-0010,axis3_code_agentic,899,9.57721797319782e-07
conditional-fit-0010,axis3_code_agentic,900,1.2440374061793912e-06
conditional-fit-0010,axis3_code_agentic,901,1.2268228679031171e-05
conditional-fit-0010,axis3_code_agentic,902,3.1353339548870017e-07
conditional-fit-0010,axis3_code_agentic,903,2.4813738100505826e-05
conditional-fit-0010,axis3_code_agentic,904,2.9536775343627213e-06
conditional-fit-0010,axis3_code_agentic,905,7.0469636954621934e-06
conditional-fit-0010,axis3_code_agentic,906,5.569236762452195e-06
conditional-fit-0010,axis3_code_agentic,907,1.907759660266323e-06
conditional-fit-0010,axis3_code_agentic,908,1.5489691348114925e-06
conditional-fit-0010,axis3_code_agentic,909,4.8741604976104575e-06
conditional-fit-0010,axis3_code_agentic,910,9.922341344127496e-06
conditional-fit-0010,axis3_code_agentic,911,0.00024446835104606924
conditional-fit-0010,axis3_code_agentic,912,0.00013487514348237633
conditional-fit-0010,axis3_code_agentic,913,1.353367817929861e-07
conditional-fit-0010,axis3_code_agentic,914,7.981454301583635e-05
conditional-fit-0010,axis3_code_agentic,915,5.6865048938007636e-05
conditional-fit-0010,axis3_code_agentic,916,6.083082780821834e-06
conditional-fit-0010,axis3_code_agentic,917,0.00014452610335420661
conditional-fit-0010,axis3_code_agentic,918,0.00018379505148267814
conditional-fit-0010,axis3_code_agentic,919,1.57234946240181e-05
conditional-fit-0010,axis3_code_agentic,920,3.731330725277747e-06
conditional-fit-0010,axis3_code_agentic,921,0.00010643039819769706
conditional-fit-0010,axis3_code_agentic,922,1.831237078855072e-05
conditional-fit-0010,axis3_code_agentic,923,1.8457146376821826e-06
conditional-fit-0010,axis3_code_agentic,924,0.04194761046728812
conditional-fit-0010,axis3_code_agentic,925,0.00022686448170895535
conditional-fit-0010,axis3_code_agentic,926,0.037825069978185105
conditional-fit-0010,axis3_code_agentic,927,0.014692451953373343
conditional-fit-0010,axis3_code_agentic,928,2.630884309142932e-07
conditional-fit-0010,axis3_code_agentic,929,0.00014846931828085055
conditional-fit-0010,axis3_code_agentic,930,0.00017366635249702934
conditional-fit-0010,axis3_code_agentic,931,5.453714414144468e-05
conditional-fit-0010,axis3_code_agentic,932,4.1630606115052083e-07
conditional-fit-0010,axis3_code_agentic,933,9.950032392895374e-05
conditional-fit-0010,axis3_code_agentic,934,0.0006294691112622153
conditional-fit-0010,axis3_code_agentic,935,0.006400232988675756
conditional-fit-0010,axis3_code_agentic,936,0.002823593977841458
conditional-fit-0010,axis3_code_agentic,937,0.0006847078073560547
conditional-fit-0010,axis3_code_agentic,938,0.0026590068264181095
conditional-fit-0010,axis3_code_agentic,939,0.000224336257296282
conditional-fit-0010,axis3_code_agentic,940,2.490174117661567e-05
conditional-fit-0010,axis3_code_agentic,941,0.000676177145650205
conditional-fit-0010,axis3_code_agentic,942,5.122574229613388e-06
conditional-fit-0010,axis3_code_agentic,943,0.011609310522681625
conditional-fit-0010,axis3_code_agentic,944,3.220777643249256e-05
conditional-fit-0010,axis3_code_agentic,945,3.903037652620023e-06
conditional-fit-0010,axis3_code_agentic,946,5.664748761652246e-06
conditional-fit-0010,axis3_code_agentic,947,4.312468656211528e-06
conditional-fit-0010,axis3_code_agentic,948,4.529156309078865e-06
conditional-fit-0010,axis3_code_agentic,949,6.407595037655219e-06
conditional-fit-0010,axis3_code_agentic,950,1.1930275967792767e-06
conditional-fit-0010,axis3_code_agentic,951,0.00014585965135986307
conditional-fit-0010,axis3_code_agentic,952,6.969883280886211e-06
conditional-fit-0010,axis3_code_agentic,953,5.956833901243374e-09
conditional-fit-0010,axis3_code_agentic,954,2.4338216993440418e-05
conditional-fit-0010,axis3_code_agentic,955,0.0006927972546319571
conditional-fit-0010,axis3_code_agentic,956,1.0049686320590185e-05
conditional-fit-0010,axis3_code_agentic,957,0.001025691933458878
conditional-fit-0010,axis3_code_agentic,958,2.4950644217290915e-05
conditional-fit-0010,axis3_code_agentic,959,5.953708805496446e-06
conditional-fit-0010,axis3_code_agentic,960,7.426547008108969e-06
conditional-fit-0010,axis3_code_agentic,961,9.648706773328529e-05
conditional-fit-0010,axis3_code_agentic,962,0.000600668295993527
conditional-fit-0010,axis3_code_agentic,963,0.000336877871646162
conditional-fit-0010,axis3_code_agentic,964,0.00016825773366135362
conditional-fit-0010,axis3_code_agentic,965,0.00013005556272706033
conditional-fit-0010,axis3_code_agentic,966,2.0455112194987665e-07
conditional-fit-0010,axis3_code_agentic,967,2.1892113427338295e-05
conditional-fit-0010,axis3_code_agentic,968,2.275570133492416e-05
conditional-fit-0010,axis3_code_agentic,969,0.0012318348739345118
conditional-fit-0010,axis3_code_agentic,970,7.050251101047812e-05
conditional-fit-0010,axis3_code_agentic,971,0.00012901060460795874
conditional-fit-0010,axis3_code_agentic,972,2.4681525343352817e-05
conditional-fit-0010,axis3_code_agentic,973,2.998814037249639e-06
conditional-fit-0010,axis3_code_agentic,974,0.0010545282004702713
conditional-fit-0010,axis3_code_agentic,975,9.49408409623429e-06
conditional-fit-0010,axis3_code_agentic,976,4.067439758931589e-05
conditional-fit-0010,axis3_code_agentic,977,1.5577043295793042e-07
conditional-fit-0010,axis3_code_agentic,978,8.156215476640405e-05
conditional-fit-0010,axis3_code_agentic,979,8.96471801292355e-05
conditional-fit-0010,axis3_code_agentic,980,2.357853799981677e-06
conditional-fit-0010,axis3_code_agentic,981,0.016359955824628597
conditional-fit-0010,axis3_code_agentic,982,2.290173595179269e-05
conditional-fit-0010,axis3_code_agentic,983,3.55673737438981e-05
conditional-fit-0010,axis3_code_agentic,984,7.813747349284507e-07
conditional-fit-0010,axis3_code_agentic,985,2.8731380037295414e-06
conditional-fit-0010,axis3_code_agentic,986,3.51075280736532e-05
conditional-fit-0010,axis3_code_agentic,987,0.00016330138139338088
conditional-fit-0010,axis3_code_agentic,988,0.0014136787947456259
conditional-fit-0010,axis3_code_agentic,989,2.602170468727184e-05
conditional-fit-0010,axis3_code_agentic,990,0.00017858793974900514
conditional-fit-0010,axis3_code_agentic,991,2.5301356876948294e-07
conditional-fit-0010,axis3_code_agentic,992,9.466263734504746e-06
conditional-fit-0010,axis3_code_agentic,993,9.157606550828084e-06
conditional-fit-0010,axis3_code_agentic,994,4.662679903325582e-06
conditional-fit-0010,axis3_code_agentic,995,1.362680942545194e-05
conditional-fit-0010,axis3_code_agentic,996,6.181109319105532e-07
conditional-fit-0010,axis3_code_agentic,997,2.2038787073407945e-05
conditional-fit-0010,axis3_code_agentic,998,1.6221460167567313e-05
conditional-fit-0010,axis3_code_agentic,999,2.571890880350441e-06
conditional-fit-0010,axis3_code_agentic,1000,1.9716244199838496e-06
conditional-fit-0010,axis3_code_agentic,1001,0.00017346773112644184
conditional-fit-0010,axis3_code_agentic,1002,0.0001206478920424493
conditional-fit-0010,axis3_code_agentic,1003,2.9537075023805205e-08
conditional-fit-0010,axis3_code_agentic,1004,0.00037677934243232137
conditional-fit-0010,axis3_code_agentic,1005,0.00014087468191627552
conditional-fit-0010,axis3_code_agentic,1006,9.946393625380306e-06
conditional-fit-0010,axis3_code_agentic,1007,8.332406667585832e-06
conditional-fit-0010,axis3_code_agentic,1008,2.2950569874027005e-05
conditional-fit-0010,axis3_code_agentic,1009,8.092139025888291e-05
conditional-fit-0010,axis3_code_agentic,1010,4.580927774913145e-06
conditional-fit-0010,axis3_code_agentic,1011,0.00021837836039769658
conditional-fit-0010,axis3_code_agentic,1012,0.0009883950707072675
conditional-fit-0010,axis3_code_agentic,1013,4.125343241190502e-05
conditional-fit-0010,axis3_code_agentic,1014,5.4593538204595674e-06
conditional-fit-0010,axis3_code_agentic,1015,3.9646083726025284e-07
conditional-fit-0010,axis3_code_agentic,1016,3.147256553136394e-06
conditional-fit-0010,axis3_code_agentic,1017,3.508730055954271e-05
conditional-fit-0010,axis3_code_agentic,1018,0.000683328309857302
conditional-fit-0010,axis3_code_agentic,1019,4.912910778335206e-07
conditional-fit-0010,axis3_code_agentic,1020,0.03085445346436992
conditional-fit-0010,axis3_code_agentic,1021,0.006996463348122225
conditional-fit-0010,axis3_code_agentic,1022,0.00026069096953212375
conditional-fit-0010,axis3_code_agentic,1023,5.1300506659458285e-05
conditional-fit-0010,axis3_code_agentic,1024,3.1302586346935654e-06
conditional-fit-0010,axis3_code_agentic,1025,2.5573341903852568e-05
conditional-fit-0010,axis3_code_agentic,1026,0.002501939394527153
conditional-fit-0010,axis3_code_agentic,1027,5.410741956800304e-05
conditional-fit-0010,axis3_code_agentic,1028,2.024349788112558e-05
conditional-fit-0010,axis3_code_agentic,1029,4.070008762423997e-05
conditional-fit-0010,axis3_code_agentic,1030,3.7044965389119136e-05
conditional-fit-0010,axis3_code_agentic,1031,0.019201936073051817
conditional-fit-0010,axis3_code_agentic,1032,0.05789445912543554
conditional-fit-0010,axis3_code_agentic,1033,0.0018374073418597914
conditional-fit-0010,axis3_code_agentic,1034,0.017654916136928607
conditional-fit-0010,axis3_code_agentic,1035,0.004379926811797137
conditional-fit-0010,axis3_code_agentic,1036,0.0019453605385430402
conditional-fit-0010,axis3_code_agentic,1037,0.001022020524592616
conditional-fit-0010,axis3_code_agentic,1038,0.0048208355519638625
conditional-fit-0010,axis3_code_agentic,1039,0.00017933800351173962
conditional-fit-0010,axis3_code_agentic,1040,3.783953698640504e-06
conditional-fit-0010,axis3_code_agentic,1041,7.791103127085903e-06
conditional-fit-0010,axis3_code_agentic,1042,1.4836087793995034e-05
conditional-fit-0010,axis3_code_agentic,1043,5.80640129011271e-06
conditional-fit-0010,axis3_code_agentic,1044,2.2207731641887936e-05
conditional-fit-0010,axis3_code_agentic,1045,0.009122465472195153
conditional-fit-0010,axis3_code_agentic,1046,0.04005279556400197
conditional-fit-0010,axis3_code_agentic,1047,0.005739101472669136
conditional-fit-0010,axis3_code_agentic,1048,0.004827704009092822
conditional-fit-0010,axis3_code_agentic,1049,0.0014451975094411317
conditional-fit-0010,axis3_code_agentic,1050,0.0077984981691178856
conditional-fit-0010,axis3_code_agentic,1051,0.027684482704326427
conditional-fit-0010,axis3_code_agentic,1052,0.0014805971066886032
conditional-fit-0010,axis3_code_agentic,1053,0.016494595933635198
conditional-fit-0010,axis3_code_agentic,1054,0.024314730833153102
conditional-fit-0010,axis3_code_agentic,1055,0.011547996948080168
conditional-fit-0010,axis3_code_agentic,1056,0.01791628455690268
conditional-fit-0010,axis3_code_agentic,1057,0.00197336136540127
conditional-fit-0010,axis3_code_agentic,1058,1.0446003917740523e-05
conditional-fit-0010,axis3_code_agentic,1059,5.96248496886678e-05
conditional-fit-0010,axis3_code_agentic,1060,0.0004403688242338344
conditional-fit-0010,axis3_code_agentic,1061,5.7404194304358185e-06
conditional-fit-0010,axis3_code_agentic,1062,0.04649483272511851
conditional-fit-0010,axis3_code_agentic,1063,0.0755480192871478
conditional-fit-0010,axis3_code_agentic,1064,0.032781934602025886
conditional-fit-0010,axis3_code_agentic,1065,0.010210866023855746
conditional-fit-0010,axis3_code_agentic,1066,0.00637172855778587
conditional-fit-0010,axis3_code_agentic,1067,0.016755701272465284
conditional-fit-0010,axis3_code_agentic,1068,0.027807575948303853
conditional-fit-0010,axis3_code_agentic,1069,0.026389969658531142
conditional-fit-0010,axis3_code_agentic,1070,0.044259320691687615
conditional-fit-0010,axis3_code_agentic,1071,0.12075119377240835
conditional-fit-0010,axis3_code_agentic,1072,3.496663870071338e-05
conditional-fit-0010,axis3_code_agentic,1073,0.0012354822628998896
conditional-fit-0010,axis3_code_agentic,1074,0.0012481164209258524
conditional-fit-0010,axis3_code_agentic,1075,0.009685083363243255
conditional-fit-0010,axis3_code_agentic,1076,0.00016717667091660423
conditional-fit-0010,axis3_code_agentic,1077,0.0019359970428716247
conditional-fit-0010,axis3_code_agentic,1078,0.00915068368582047
conditional-fit-0010,axis3_code_agentic,1079,0.006728936896580941
conditional-fit-0010,axis3_code_agentic,1080,0.01857810698061897
conditional-fit-0010,axis3_code_agentic,1081,0.0036075703243030723
conditional-fit-0010,axis3_code_agentic,1082,0.009541002816387478
conditional-fit-0010,axis3_code_agentic,1083,9.057056331759896e-05
conditional-fit-0010,axis3_code_agentic,1084,3.8010943341750055e-05
conditional-fit-0010,axis3_code_agentic,1085,0.02509128166987706
conditional-fit-0010,axis3_code_agentic,1086,9.340321439697794e-05
conditional-fit-0010,axis3_code_agentic,1087,0.005912262339674329
conditional-fit-0010,axis3_code_agentic,1088,0.00023176394267285304
conditional-fit-0010,axis3_code_agentic,1089,0.0056623145668727275
conditional-fit-0010,axis3_code_agentic,1090,0.0001937280300717043
conditional-fit-0010,axis3_code_agentic,1091,0.0009879994349665353
conditional-fit-0010,axis3_code_agentic,1092,0.06701429765301084
conditional-fit-0010,axis3_code_agentic,1093,2.823884698527832e-05
conditional-fit-0010,axis3_code_agentic,1094,0.00046726082714558065
conditional-fit-0010,axis3_code_agentic,1095,0.009118266543682208
conditional-fit-0010,axis3_code_agentic,1096,0.00019128051214901707
conditional-fit-0010,axis3_code_agentic,1097,0.0027949309800178335
conditional-fit-0010,axis3_code_agentic,1098,0.003360195847408912
conditional-fit-0010,axis3_code_agentic,1099,0.32250319626364243
conditional-fit-0010,axis3_code_agentic,1100,0.030134929663453918
conditional-fit-0010,axis3_code_agentic,1101,0.002295922513847754
conditional-fit-0010,axis3_code_agentic,1102,1.5606804206873904e-06
conditional-fit-0010,axis3_code_agentic,1103,2.991842980063087e-05
conditional-fit-0010,axis3_code_agentic,1104,0.0002551253810721963
conditional-fit-0010,axis3_code_agentic,1105,0.026553478580828516
conditional-fit-0010,axis3_code_agentic,1106,1.7842620115429485e-05
conditional-fit-0010,axis3_code_agentic,1107,2.0134964339170618e-06
conditional-fit-0010,axis3_code_agentic,1108,0.0013234629944132948
conditional-fit-0010,axis3_code_agentic,1109,0.0007090285395722016
conditional-fit-0010,axis3_code_agentic,1110,0.006180145967225721
conditional-fit-0010,axis3_code_agentic,1111,0.000306519712635009
conditional-fit-0010,axis3_code_agentic,1112,2.158671064268973e-05
conditional-fit-0010,axis3_code_agentic,1113,0.016247250344501
conditional-fit-0010,axis3_code_agentic,1114,0.00023986134710534676
conditional-fit-0010,axis3_code_agentic,1115,5.773621007473484e-07
conditional-fit-0010,axis3_code_agentic,1116,0.00016163021049856344
conditional-fit-0010,axis3_code_agentic,1117,0.00012708016191928688
conditional-fit-0010,axis3_code_agentic,1118,0.005253223439484308
conditional-fit-0010,axis3_code_agentic,1119,3.476740458154112e-05
conditional-fit-0010,axis3_code_agentic,1120,0.05403879455582674
conditional-fit-0010,axis3_code_agentic,1121,0.024355670591361733
conditional-fit-0010,axis3_code_agentic,1122,0.02385577512351164
conditional-fit-0010,axis3_code_agentic,1123,2.2647352013478347e-06
conditional-fit-0010,axis3_code_agentic,1124,0.0071133115264645636
conditional-fit-0010,axis3_code_agentic,1125,0.03922472277856234
conditional-fit-0010,axis3_code_agentic,1126,0.011167688183607485
conditional-fit-0010,axis3_code_agentic,1127,0.005338673146674151
conditional-fit-0010,axis3_code_agentic,1128,0.03202293859812086
conditional-fit-0010,axis3_code_agentic,1129,0.04014299638121718
conditional-fit-0010,axis3_code_agentic,1130,0.015562444380217576
conditional-fit-0010,axis3_code_agentic,1131,0.012520379112538518
conditional-fit-0010,axis3_code_agentic,1132,0.027301829751135074
conditional-fit-0010,axis3_code_agentic,1133,4.0070242918878725e-05
conditional-fit-0010,axis3_code_agentic,1134,0.007877150527456734
conditional-fit-0010,axis3_code_agentic,1135,1.71164249088399e-05
conditional-fit-0010,axis3_code_agentic,1136,6.65248389113747e-05
conditional-fit-0010,axis3_code_agentic,1137,6.267019131931317e-05
conditional-fit-0010,axis3_code_agentic,1138,1.6062680689217214e-05
conditional-fit-0010,axis3_code_agentic,1139,1.2818028369700944e-06
conditional-fit-0010,axis3_code_agentic,1140,4.108869260443967e-05
conditional-fit-0010,axis3_code_agentic,1141,6.342155425759293e-06
conditional-fit-0010,axis3_code_agentic,1142,2.565512265701829e-06
conditional-fit-0010,axis3_code_agentic,1143,2.1415430641453371e-07
conditional-fit-0010,axis3_code_agentic,1144,0.0001028544377979299
conditional-fit-0010,axis3_code_agentic,1145,9.282891390621413e-05
conditional-fit-0010,axis3_code_agentic,1146,4.3866495412606646e-05
conditional-fit-0010,axis3_code_agentic,1147,6.728959311587705e-05
conditional-fit-0010,axis3_code_agentic,1148,6.139029110904325e-05
conditional-fit-0010,axis3_code_agentic,1149,7.399418908512874e-05
conditional-fit-0010,axis3_code_agentic,1150,0.005442046746584691
conditional-fit-0010,axis3_code_agentic,1151,6.625746190941035e-07
conditional-fit-0010,axis3_code_agentic,1152,1.6653901908804237e-05
conditional-fit-0010,axis3_code_agentic,1153,0.002745364812496515
conditional-fit-0010,axis3_code_agentic,1154,3.613474146646651e-06
conditional-fit-0010,axis3_code_agentic,1155,0.00035312482322035697
conditional-fit-0010,axis3_code_agentic,1156,0.0015368681557128385
conditional-fit-0010,axis3_code_agentic,1157,0.01037599448420338
conditional-fit-0010,axis3_code_agentic,1158,0.00047158313981548496
conditional-fit-0010,axis3_code_agentic,1159,1.8877632528636749e-06
conditional-fit-0010,axis3_code_agentic,1160,0.0005214354376336559
conditional-fit-0010,axis3_code_agentic,1161,1.9842468314082713e-06
conditional-fit-0010,axis3_code_agentic,1162,0.0027459183750457635
conditional-fit-0010,axis3_code_agentic,1163,0.008029966360743001
conditional-fit-0010,axis3_code_agentic,1164,0.010256102670441301
conditional-fit-0010,axis3_code_agentic,1165,4.27077472284786e-05
conditional-fit-0010,axis3_code_agentic,1166,1.631320098552682e-05
conditional-fit-0010,axis3_code_agentic,1167,0.01877264845857627
conditional-fit-0010,axis3_code_agentic,1168,1.6872796746554827e-07
conditional-fit-0010,axis3_code_agentic,1169,0.0008291200090422748
conditional-fit-0010,axis3_code_agentic,1170,0.10386429402238903
conditional-fit-0010,axis3_code_agentic,1171,0.007305355257854805
conditional-fit-0010,axis3_code_agentic,1172,0.0017041731625699903
conditional-fit-0010,axis3_code_agentic,1173,8.832743451965834e-06
conditional-fit-0010,axis3_code_agentic,1174,0.0428418099755012
conditional-fit-0010,axis3_code_agentic,1175,0.006187269230484883
conditional-fit-0010,axis3_code_agentic,1176,1.7126081099601938e-06
conditional-fit-0010,axis3_code_agentic,1177,9.190883253383345e-08
conditional-fit-0010,axis3_code_agentic,1178,0.03436383690195896
conditional-fit-0010,axis3_code_agentic,1179,0.08309955587401635
conditional-fit-0010,axis3_code_agentic,1180,4.8767533587688725e-05
conditional-fit-0010,axis3_code_agentic,1181,0.0005666559716393971
conditional-fit-0010,axis3_code_agentic,1182,4.187272746675424e-05
conditional-fit-0010,axis3_code_agentic,1183,5.312073590188187e-06
conditional-fit-0010,axis3_code_agentic,1184,6.262469621453081e-06
conditional-fit-0010,axis3_code_agentic,1185,0.00042169581773780903
conditional-fit-0010,axis3_code_agentic,1186,5.787107866788304e-05
conditional-fit-0010,axis3_code_agentic,1187,0.0004332013350099516
conditional-fit-0010,axis3_code_agentic,1188,2.143424669858254e-06
conditional-fit-0010,axis3_code_agentic,1189,3.288777091676929e-05
conditional-fit-0010,axis3_code_agentic,1190,1.921380090914577e-06
conditional-fit-0010,axis3_code_agentic,1191,8.155470452545366e-06
conditional-fit-0010,axis3_code_agentic,1192,0.00012122400599050062
conditional-fit-0010,axis3_code_agentic,1193,8.275041022260866e-08
conditional-fit-0010,axis3_code_agentic,1194,0.017043284050268507
conditional-fit-0010,axis3_code_agentic,1195,4.4236339111706155e-06
conditional-fit-0010,axis3_code_agentic,1196,2.9593484239629067e-05
conditional-fit-0010,axis3_code_agentic,1197,3.8335444672563675e-06
conditional-fit-0010,axis3_code_agentic,1198,6.92903117901518e-08
conditional-fit-0010,axis3_code_agentic,1199,1.1785707104812615e-06
conditional-fit-0010,axis3_code_agentic,1200,1.0452391547108244e-05
conditional-fit-0010,axis3_code_agentic,1201,1.572792032465385e-05
conditional-fit-0010,axis3_code_agentic,1202,0.0010245976718346868
conditional-fit-0010,axis3_code_agentic,1203,0.006979717897236625
conditional-fit-0010,axis3_code_agentic,1204,0.007664881318886638
conditional-fit-0010,axis3_code_agentic,1205,1.3388974799002637e-07
conditional-fit-0010,axis3_code_agentic,1206,0.002442823038602696
conditional-fit-0010,axis3_code_agentic,1207,1.1207972720492007e-06
conditional-fit-0010,axis3_code_agentic,1208,0.0006300270262615312
conditional-fit-0010,axis3_code_agentic,1209,6.036238182293363e-05
conditional-fit-0010,axis3_code_agentic,1210,4.402364782516875e-05
conditional-fit-0010,axis3_code_agentic,1211,7.459397347173992e-07
conditional-fit-0010,axis3_code_agentic,1212,1.3589819898504583e-05
conditional-fit-0010,axis3_code_agentic,1213,9.984769982389901e-06
conditional-fit-0010,axis3_code_agentic,1214,0.002578864053485172
conditional-fit-0010,axis3_code_agentic,1215,4.951420438404887e-05
conditional-fit-0010,axis3_code_agentic,1216,4.003028526838928e-05
conditional-fit-0010,axis3_code_agentic,1217,0.002793261980487672
conditional-fit-0010,axis3_code_agentic,1218,1.0974481878937797e-06
conditional-fit-0010,axis3_code_agentic,1219,0.0023848630361164155
conditional-fit-0010,axis3_code_agentic,1220,0.007490132792862575
conditional-fit-0010,axis3_code_agentic,1221,0.009049211350859662
conditional-fit-0010,axis3_code_agentic,1222,7.756189429951138e-05
conditional-fit-0010,axis3_code_agentic,1223,0.0004180977514691192
conditional-fit-0010,axis3_code_agentic,1224,6.677930156665279e-05
conditional-fit-0010,axis3_code_agentic,1225,0.008713550266559102
conditional-fit-0010,axis3_code_agentic,1226,2.552823609228627e-05
conditional-fit-0010,axis3_code_agentic,1227,5.7961394930783765e-08
conditional-fit-0010,axis3_code_agentic,1228,0.012780209419968037
conditional-fit-0010,axis3_code_agentic,1229,5.567714011761899e-06
conditional-fit-0010,axis3_code_agentic,1230,7.480916206389954e-05
conditional-fit-0010,axis3_code_agentic,1231,9.629479304840336e-06
conditional-fit-0010,axis3_code_agentic,1232,0.016165967046596206
conditional-fit-0010,axis3_code_agentic,1233,7.108866365864255e-07
conditional-fit-0010,axis3_code_agentic,1234,0.04537784204994137
conditional-fit-0010,axis3_code_agentic,1235,0.029738661771976132
conditional-fit-0010,axis3_code_agentic,1236,3.272966982038722e-05
conditional-fit-0010,axis3_code_agentic,1237,1.0452762308025814e-05
conditional-fit-0010,axis3_code_agentic,1238,0.21909955420920746
conditional-fit-0010,axis3_code_agentic,1239,3.7303015875629646e-05
conditional-fit-0010,axis3_code_agentic,1240,0.0003166633754046994
conditional-fit-0010,axis3_code_agentic,1241,9.00011039084617e-08
conditional-fit-0010,axis3_code_agentic,1242,0.02198061299908635
conditional-fit-0010,axis3_code_agentic,1243,0.00030898300246814557
conditional-fit-0010,axis3_code_agentic,1244,1.2195747886528525e-06
conditional-fit-0010,axis3_code_agentic,1245,0.003572465920466651
conditional-fit-0010,axis3_code_agentic,1246,3.5639352054731873e-06
conditional-fit-0010,axis3_code_agentic,1247,0.0001841913283586769
conditional-fit-0010,axis3_code_agentic,1248,0.01443938126356313
conditional-fit-0010,axis3_code_agentic,1249,0.0013015068905097922
conditional-fit-0010,axis3_code_agentic,1250,0.0019501049142253283
conditional-fit-0010,axis3_code_agentic,1251,0.0012067126693780345
conditional-fit-0010,axis3_code_agentic,1252,0.026316618624874694
conditional-fit-0010,axis3_code_agentic,1253,0.010299742497796829
conditional-fit-0010,axis3_code_agentic,1254,2.9516445926858793e-05
conditional-fit-0010,axis3_code_agentic,1255,0.0001134029293590433
conditional-fit-0010,axis3_code_agentic,1256,4.2521372455879456e-07
conditional-fit-0010,axis3_code_agentic,1257,5.792566198052488e-05
conditional-fit-0010,axis3_code_agentic,1258,1.801645552556791e-06
conditional-fit-0010,axis3_code_agentic,1259,0.01692975195513937
conditional-fit-0010,axis3_code_agentic,1260,6.573288212521882e-06
conditional-fit-0010,axis3_code_agentic,1261,4.8225666133165575e-06
conditional-fit-0010,axis3_code_agentic,1262,8.372695502660872e-07
conditional-fit-0010,axis3_code_agentic,1263,0.0009482221159302568
conditional-fit-0010,axis3_code_agentic,1264,6.471374879605052e-06
conditional-fit-0010,axis3_code_agentic,1265,1.9054483781928414e-06
conditional-fit-0010,axis3_code_agentic,1266,0.018268180793503338
conditional-fit-0010,axis3_code_agentic,1267,5.122676708703971e-07
conditional-fit-0010,axis3_code_agentic,1268,1.777069404884486e-05
conditional-fit-0010,axis3_code_agentic,1269,0.004272300353093996
conditional-fit-0010,axis3_code_agentic,1270,6.572903653947519e-05
conditional-fit-0010,axis3_code_agentic,1271,5.825712333486372e-06
conditional-fit-0010,axis3_code_agentic,1272,2.1317740540589533e-05
conditional-fit-0010,axis3_code_agentic,1273,0.011722159222959092
conditional-fit-0010,axis3_code_agentic,1274,3.596185312807859e-06
conditional-fit-0010,axis3_code_agentic,1275,2.4314090199774426e-05
conditional-fit-0010,axis3_code_agentic,1276,9.949822091373455e-07
conditional-fit-0010,axis3_code_agentic,1277,2.0216353281936844e-05
conditional-fit-0010,axis3_code_agentic,1278,7.6235795677333555e-06
conditional-fit-0010,axis3_code_agentic,1279,9.405503441635368e-05
conditional-fit-0010,axis3_code_agentic,1280,2.0384692441246132e-08
conditional-fit-0010,axis3_code_agentic,1281,0.0004055246956492332
conditional-fit-0010,axis3_code_agentic,1282,0.0028281905318305583
conditional-fit-0010,axis3_code_agentic,1283,0.0003429279283980376
conditional-fit-0010,axis3_code_agentic,1284,9.151677402878165e-06
conditional-fit-0010,axis3_code_agentic,1285,1.2114931936988432e-05
conditional-fit-0010,axis3_code_agentic,1286,4.770658453690769e-06
conditional-fit-0010,axis3_code_agentic,1287,1.644983088002388e-06
conditional-fit-0010,axis3_code_agentic,1288,0.0006122285344396681
conditional-fit-0010,axis3_code_agentic,1289,0.0005170628323041139
conditional-fit-0010,axis3_code_agentic,1290,7.929784523958256e-08
conditional-fit-0010,axis3_code_agentic,1291,5.347510775085401e-05
conditional-fit-0010,axis3_code_agentic,1292,1.7864460884711006e-08
conditional-fit-0010,axis3_code_agentic,1293,7.59255647371207e-07
conditional-fit-0010,axis3_code_agentic,1294,7.366417684607582e-06
conditional-fit-0010,axis3_code_agentic,1295,1.3455027946493112e-06
conditional-fit-0010,axis3_code_agentic,1296,5.338861744472412e-05
conditional-fit-0010,axis3_code_agentic,1297,0.018242509888925625
conditional-fit-0010,axis3_code_agentic,1298,0.00010657928312149319
conditional-fit-0010,axis3_code_agentic,1299,1.7676139509946515e-06
conditional-fit-0010,axis3_code_agentic,1300,0.0016166050176875172
conditional-fit-0010,axis3_code_agentic,1301,2.9861821309979107e-05
conditional-fit-0010,axis3_code_agentic,1302,3.4505849648367866e-05
conditional-fit-0010,axis3_code_agentic,1303,7.7550746785619e-07
conditional-fit-0010,axis3_code_agentic,1304,7.730593756975955e-06
conditional-fit-0010,axis3_code_agentic,1305,1.291591758397846e-05
conditional-fit-0010,axis3_code_agentic,1306,3.0203475668887913e-06
conditional-fit-0010,axis3_code_agentic,1307,2.481916114226272e-05
conditional-fit-0010,axis3_code_agentic,1308,2.229471103772375e-05
conditional-fit-0010,axis3_code_agentic,1309,1.168339522446097e-07
conditional-fit-0010,axis3_code_agentic,1310,2.458481268260963e-05
conditional-fit-0010,axis3_code_agentic,1311,1.7986209928105303e-08
conditional-fit-0010,axis3_code_agentic,1312,7.646548992170532e-05
conditional-fit-0010,axis3_code_agentic,1313,0.0001589244016149947
conditional-fit-0010,axis3_code_agentic,1314,0.0004060733321185644
conditional-fit-0010,axis3_code_agentic,1315,1.5134542227866483e-05
conditional-fit-0010,axis3_code_agentic,1316,2.2067370729326175e-05
conditional-fit-0010,axis3_code_agentic,1317,0.0004590644177187395
conditional-fit-0010,axis3_code_agentic,1318,5.074035129839773e-06
conditional-fit-0010,axis3_code_agentic,1319,0.0023649399368705316
conditional-fit-0010,axis3_code_agentic,1320,0.0025743742242962052
conditional-fit-0010,axis3_code_agentic,1321,0.0002719695949790491
conditional-fit-0010,axis3_code_agentic,1322,0.00042154402039019424
conditional-fit-0010,axis3_code_agentic,1323,1.903797349178047e-05
conditional-fit-0010,axis3_code_agentic,1324,3.342441382818786e-06
conditional-fit-0010,axis3_code_agentic,1325,0.00014286289465886473
conditional-fit-0010,axis3_code_agentic,1326,2.766525323419535e-08
conditional-fit-0010,axis3_code_agentic,1327,0.00033717783244733337
conditional-fit-0010,axis3_code_agentic,1328,4.517078174754645e-05
conditional-fit-0010,axis3_code_agentic,1329,8.528079748380256e-06
conditional-fit-0010,axis3_code_agentic,1330,3.0165144266495102e-05
conditional-fit-0010,axis3_code_agentic,1331,1.7351078476229581e-06
conditional-fit-0010,axis3_code_agentic,1332,2.9246730745980773e-06
conditional-fit-0010,axis3_code_agentic,1333,4.4227854915116894e-06
conditional-fit-0010,axis3_code_agentic,1334,9.475811465221018e-06
conditional-fit-0010,axis3_code_agentic,1335,2.7568925922328892e-05
conditional-fit-0010,axis3_code_agentic,1336,0.00012010445862556405
conditional-fit-0010,axis3_code_agentic,1337,0.0035967431834064006
conditional-fit-0010,axis3_code_agentic,1338,7.583416798903385e-07
conditional-fit-0010,axis3_code_agentic,1339,0.0016175768682443028
conditional-fit-0010,axis3_code_agentic,1340,2.4007757594931335e-07
conditional-fit-0010,axis3_code_agentic,1341,0.0003025639649382063
conditional-fit-0010,axis3_code_agentic,1342,8.097602774598182e-06
conditional-fit-0010,axis3_code_agentic,1343,9.78276863151404e-06
conditional-fit-0010,axis3_code_agentic,1344,5.94035207147278e-07
conditional-fit-0010,axis3_code_agentic,1345,5.857214583289556e-05
conditional-fit-0010,axis3_code_agentic,1346,4.8982605722111296e-05
conditional-fit-0010,axis3_code_agentic,1347,0.000709681457443441
conditional-fit-0010,axis3_code_agentic,1348,3.659555993365368e-05
conditional-fit-0010,axis3_code_agentic,1349,5.395946011376389e-06
conditional-fit-0010,axis3_code_agentic,1350,1.1394762092258907e-05
conditional-fit-0010,axis3_code_agentic,1351,6.493373939265989e-07
conditional-fit-0010,axis3_code_agentic,1352,0.031473541065763354
conditional-fit-0010,axis3_code_agentic,1353,0.0018470459856325767
conditional-fit-0010,axis3_code_agentic,1354,0.010788671302101998
conditional-fit-0010,axis3_code_agentic,1355,3.6508777675607633e-06
conditional-fit-0010,axis3_code_agentic,1356,6.3110680532016375e-06
conditional-fit-0010,axis3_code_agentic,1357,1.9878059596750547e-06
conditional-fit-0010,axis3_code_agentic,1358,0.0001066227696535987
conditional-fit-0010,axis3_code_agentic,1359,0.0003861503077418221
conditional-fit-0010,axis3_code_agentic,1360,1.44050190868248e-06
conditional-fit-0010,axis3_code_agentic,1361,0.03615255231772052
conditional-fit-0010,axis3_code_agentic,1362,9.629350513413394e-06
conditional-fit-0010,axis3_code_agentic,1363,1.6205449067473093e-06
conditional-fit-0010,axis3_code_agentic,1364,0.03387112579422011
conditional-fit-0010,axis3_code_agentic,1365,9.569045892484424e-06
conditional-fit-0010,axis3_code_agentic,1366,8.258807397306488e-06
conditional-fit-0010,axis3_code_agentic,1367,0.00490682177590108
conditional-fit-0010,axis3_code_agentic,1368,0.00020523486142570412
conditional-fit-0010,axis3_code_agentic,1369,1.357012882786298e-05
conditional-fit-0010,axis3_code_agentic,1370,8.389109583294599e-05
conditional-fit-0010,axis3_code_agentic,1371,0.003782327790191525
conditional-fit-0010,axis3_code_agentic,1372,3.2337511477130586e-05
conditional-fit-0010,axis3_code_agentic,1373,0.0001904980162741986
conditional-fit-0010,axis3_code_agentic,1374,6.999150434602342e-08
conditional-fit-0010,axis3_code_agentic,1375,0.000492711450442611
conditional-fit-0010,axis3_code_agentic,1376,1.3894801038086733e-06
conditional-fit-0010,axis3_code_agentic,1377,0.004788108587457148
conditional-fit-0010,axis3_code_agentic,1378,1.9269773247360125e-05
conditional-fit-0010,axis3_code_agentic,1379,0.0014853307743538668
conditional-fit-0010,axis3_code_agentic,1380,1.1358375998716261e-05
conditional-fit-0010,axis3_code_agentic,1381,0.00018331441129049625
conditional-fit-0010,axis3_code_agentic,1382,2.8389945094107107e-06
conditional-fit-0010,axis3_code_agentic,1383,3.462510326957358e-06
conditional-fit-0010,axis3_code_agentic,1384,0.010907844831897228
conditional-fit-0010,axis3_code_agentic,1385,0.0008658829536056668
conditional-fit-0010,axis3_code_agentic,1386,0.001700882231394578
conditional-fit-0010,axis3_code_agentic,1387,0.0007318284034953748
conditional-fit-0010,axis3_code_agentic,1388,4.753231418476863e-08
conditional-fit-0010,axis3_code_agentic,1389,0.00017314988552650807
conditional-fit-0010,axis3_code_agentic,1390,1.4160802670286083e-05
conditional-fit-0010,axis3_code_agentic,1391,1.6059114244300116e-05
conditional-fit-0010,axis3_code_agentic,1392,1.7431022327466762e-06
conditional-fit-0010,axis3_code_agentic,1393,0.0046077786262290945
conditional-fit-0010,axis3_code_agentic,1394,6.915377641149121e-07
conditional-fit-0010,axis3_code_agentic,1395,0.0014924874910894385
conditional-fit-0010,axis3_code_agentic,1396,0.00010875524301920823
conditional-fit-0010,axis3_code_agentic,1397,6.046942189301441e-08
conditional-fit-0010,axis3_code_agentic,1398,0.0005465466272545844
conditional-fit-0010,axis3_code_agentic,1399,3.655298023300094e-06
conditional-fit-0010,axis3_code_agentic,1400,5.418728639256728e-07
conditional-fit-0010,axis3_code_agentic,1401,0.004194458582945253
conditional-fit-0010,axis3_code_agentic,1402,1.1267569912055348e-06
conditional-fit-0010,axis3_code_agentic,1403,1.6195734507315426e-05
conditional-fit-0010,axis3_code_agentic,1404,0.004467356742454047
conditional-fit-0010,axis3_code_agentic,1405,3.456388667362533e-06
conditional-fit-0010,axis3_code_agentic,1406,7.81047684646913e-06
conditional-fit-0010,axis3_code_agentic,1407,0.0004262400745614801
conditional-fit-0010,axis3_code_agentic,1408,0.01970277027958607
conditional-fit-0010,axis3_code_agentic,1409,3.502679172055538e-05
conditional-fit-0010,axis3_code_agentic,1410,6.272955293014248e-05
conditional-fit-0010,axis3_code_agentic,1411,2.694434541522807e-08
conditional-fit-0010,axis3_code_agentic,1412,0.004900070460097836
conditional-fit-0010,axis3_code_agentic,1413,2.5161612162542275e-07
conditional-fit-0010,axis3_code_agentic,1414,0.0004134737428951327
conditional-fit-0010,axis3_code_agentic,1415,7.854167290014337e-06
conditional-fit-0010,axis3_code_agentic,1416,2.725000800192511e-05
conditional-fit-0010,axis3_code_agentic,1417,5.8799317609624635e-06
conditional-fit-0010,axis3_code_agentic,1418,0.00111857962709098
conditional-fit-0010,axis3_code_agentic,1419,4.904265669915298e-07
conditional-fit-0010,axis3_code_agentic,1420,0.00024845247471126886
conditional-fit-0010,axis3_code_agentic,1421,4.6836583074091387e-07
conditional-fit-0010,axis3_code_agentic,1422,4.50667867646922e-05
conditional-fit-0010,axis3_code_agentic,1423,9.371601436336673e-05
conditional-fit-0010,axis3_code_agentic,1424,3.7471121467458685e-05
conditional-fit-0010,axis3_code_agentic,1425,1.4156528949284482e-07
conditional-fit-0010,axis3_code_agentic,1426,1.4010893170504346e-06
conditional-fit-0010,axis3_code_agentic,1427,0.00033141685588130177
conditional-fit-0010,axis3_code_agentic,1428,0.007964344138612035
conditional-fit-0010,axis3_code_agentic,1429,3.533513659106511e-05
conditional-fit-0010,axis3_code_agentic,1430,8.038421016531052e-06
conditional-fit-0010,axis3_code_agentic,1431,5.379567541962939e-05
conditional-fit-0010,axis3_code_agentic,1432,8.767383999000465e-06
conditional-fit-0010,axis3_code_agentic,1433,2.464709947833089e-05
conditional-fit-0010,axis3_code_agentic,1434,6.607795617083351e-05
conditional-fit-0010,axis3_code_agentic,1435,2.8885858871284315e-07
conditional-fit-0010,axis3_code_agentic,1436,5.2541907934206e-05
conditional-fit-0010,axis3_code_agentic,1437,3.8400556048322024e-06
conditional-fit-0010,axis3_code_agentic,1438,2.5177133101070733e-06
conditional-fit-0010,axis3_code_agentic,1439,0.0001917083007221565
conditional-fit-0010,axis3_code_agentic,1440,0.000502678661836516
conditional-fit-0010,axis3_code_agentic,1441,1.9245862153845845e-08
conditional-fit-0010,axis3_code_agentic,1442,0.0001639356200382445
conditional-fit-0010,axis3_code_agentic,1443,4.154259512203947e-07
conditional-fit-0010,axis3_code_agentic,1444,0.0003201182673738289
conditional-fit-0010,axis3_code_agentic,1445,6.070649653703346e-05
conditional-fit-0010,axis3_code_agentic,1446,1.5784397065333694e-05
conditional-fit-0010,axis3_code_agentic,1447,3.904015087002213e-06
conditional-fit-0010,axis3_code_agentic,1448,2.0694548511123114e-05
conditional-fit-0010,axis3_code_agentic,1449,5.1026587450066924e-06
conditional-fit-0010,axis3_code_agentic,1450,0.0004124469063622144
conditional-fit-0010,axis3_code_agentic,1451,2.265904868521221e-06
conditional-fit-0010,axis3_code_agentic,1452,1.1768197683337152e-07
conditional-fit-0010,axis3_code_agentic,1453,4.9651825756083834e-06
conditional-fit-0010,axis3_code_agentic,1454,1.9544216043764094e-08
conditional-fit-0010,axis3_code_agentic,1455,9.653996823492455e-05
conditional-fit-0010,axis3_code_agentic,1456,9.110068225573153e-06
conditional-fit-0010,axis3_code_agentic,1457,0.0003595628286116629
conditional-fit-0010,axis3_code_agentic,1458,4.431472783183483e-06
conditional-fit-0010,axis3_code_agentic,1459,9.20963027792157e-05
conditional-fit-0010,axis3_code_agentic,1460,1.1380118960323032e-06
conditional-fit-0010,axis3_code_agentic,1461,1.807771108568161e-05
conditional-fit-0010,axis3_code_agentic,1462,5.1466770801492795e-05
conditional-fit-0010,axis3_code_agentic,1463,2.0474226791599338e-07
conditional-fit-0010,axis3_code_agentic,1464,0.00028604491534933024
conditional-fit-0010,axis3_code_agentic,1465,3.957603166708411e-05
conditional-fit-0010,axis3_code_agentic,1466,2.2048540144721424e-07
conditional-fit-0010,axis3_code_agentic,1467,0.0008684817267298894
conditional-fit-0010,axis3_code_agentic,1468,7.500666789340699e-06
conditional-fit-0010,axis3_code_agentic,1469,5.741015618895072e-06
conditional-fit-0010,axis3_code_agentic,1470,0.00015004299957644302
conditional-fit-0010,axis3_code_agentic,1471,8.045945319274193e-05
conditional-fit-0010,axis3_code_agentic,1472,3.9926154723831366e-05
conditional-fit-0010,axis3_code_agentic,1473,3.774919023338388e-06
conditional-fit-0010,axis3_code_agentic,1474,0.00040535510095542613
conditional-fit-0010,axis3_code_agentic,1475,2.1838314006872618e-05
conditional-fit-0010,axis3_code_agentic,1476,1.911841325252038e-05
conditional-fit-0010,axis3_code_agentic,1477,7.19216038869869e-08
conditional-fit-0010,axis3_code_agentic,1478,0.0001599795379118993
conditional-fit-0010,axis3_code_agentic,1479,1.5244746907089613e-06
conditional-fit-0010,axis3_code_agentic,1480,0.0028360653324346584
conditional-fit-0010,axis3_code_agentic,1481,4.53257383146536e-06
conditional-fit-0010,axis3_code_agentic,1482,0.01876392815316086
conditional-fit-0010,axis3_code_agentic,1483,5.0909839545485605e-05
conditional-fit-0010,axis3_code_agentic,1484,3.106427146850325e-05
conditional-fit-0010,axis3_code_agentic,1485,1.4418132599654083e-08
conditional-fit-0010,axis3_code_agentic,1486,0.0019173713477481534
conditional-fit-0010,axis3_code_agentic,1487,0.009680913322843336
conditional-fit-0010,axis3_code_agentic,1488,1.5756417896957798e-05
conditional-fit-0010,axis3_code_agentic,1489,3.0377050261555758e-06
conditional-fit-0010,axis3_code_agentic,1490,0.013849864890042224
conditional-fit-0010,axis3_code_agentic,1491,0.0006806468966190331
conditional-fit-0010,axis3_code_agentic,1492,0.00015064683822944947
conditional-fit-0010,axis3_code_agentic,1493,8.651249529643183e-08
conditional-fit-0010,axis3_code_agentic,1494,0.0070040931886198934
conditional-fit-0010,axis3_code_agentic,1495,1.021021736425613e-05
conditional-fit-0010,axis3_code_agentic,1496,1.774005679139751e-07
conditional-fit-0010,axis3_code_agentic,1497,4.357555795189873e-05
conditional-fit-0010,axis3_code_agentic,1498,8.414921392934148e-06
conditional-fit-0010,axis3_code_agentic,1499,6.338015195671657e-06
conditional-fit-0010,axis3_code_agentic,1500,0.0034591615363639863
conditional-fit-0010,axis3_code_agentic,1501,4.257153642102437e-06
conditional-fit-0010,axis3_code_agentic,1502,5.945584755827236e-05
conditional-fit-0010,axis3_code_agentic,1503,0.0003182930569769031
conditional-fit-0010,axis3_code_agentic,1504,0.00867061530991168
conditional-fit-0010,axis3_code_agentic,1505,9.813212602156375e-06
conditional-fit-0010,axis3_code_agentic,1506,2.712985377420103e-05
conditional-fit-0010,axis3_code_agentic,1507,5.4649493178464327e-08
conditional-fit-0010,axis3_code_agentic,1508,0.00019400160976133996
conditional-fit-0010,axis3_code_agentic,1509,4.272235478813035e-07
conditional-fit-0010,axis3_code_agentic,1510,0.006009910438179583
conditional-fit-0010,axis3_code_agentic,1511,7.2487508064018185e-06
conditional-fit-0010,axis3_code_agentic,1512,0.002220952135094828
conditional-fit-0010,axis3_code_agentic,1513,8.512362855383163e-06
conditional-fit-0010,axis3_code_agentic,1514,8.155605988843719e-05
conditional-fit-0010,axis3_code_agentic,1515,8.424451291809787e-08
conditional-fit-0010,axis3_code_agentic,1516,0.0003847745242581019
conditional-fit-0010,axis3_code_agentic,1517,9.831635764365415e-08
conditional-fit-0010,axis3_code_agentic,1518,2.5937466230638426e-05
conditional-fit-0010,axis3_code_agentic,1519,0.0008128981815877141
conditional-fit-0010,axis3_code_agentic,1520,0.00045568114868873276
conditional-fit-0010,axis3_code_agentic,1521,1.0617128638033773e-05
conditional-fit-0010,axis3_code_agentic,1522,2.440205370565181e-06
conditional-fit-0010,axis3_code_agentic,1523,0.00011871252532035086
conditional-fit-0010,axis3_code_agentic,1524,4.2230818908272365e-06
conditional-fit-0010,axis3_code_agentic,1525,0.0003699152387124984
conditional-fit-0010,axis3_code_agentic,1526,2.17283336333044e-06
conditional-fit-0010,axis3_code_agentic,1527,7.82353782720813e-05
conditional-fit-0010,axis3_code_agentic,1528,2.4374849186152255e-08
conditional-fit-0010,axis3_code_agentic,1529,6.333598615788058e-05
conditional-fit-0010,axis3_code_agentic,1530,1.537701183990345e-05
conditional-fit-0010,axis3_code_agentic,1531,5.119507508220715e-06
conditional-fit-0010,axis3_code_agentic,1532,1.9619769648479804e-07
conditional-fit-0010,axis3_code_agentic,1533,0.0003492630368512454
conditional-fit-0010,axis3_code_agentic,1534,0.006240620409862056
conditional-fit-0010,axis3_code_agentic,1535,2.9381969235008217e-08
conditional-fit-0010,axis3_code_agentic,1536,0.002532829202684557
conditional-fit-0010,axis3_code_agentic,1537,1.98715658875231e-07
conditional-fit-0010,axis3_code_agentic,1538,8.089415123827681e-05
conditional-fit-0010,axis3_code_agentic,1539,1.7220496163735532e-05
conditional-fit-0010,axis3_code_agentic,1540,2.1073510316237177e-05
conditional-fit-0010,axis3_code_agentic,1541,6.081643885024324e-08
conditional-fit-0010,axis3_code_agentic,1542,0.00011820015641072267
conditional-fit-0010,axis3_code_agentic,1543,5.139355067694609e-06
conditional-fit-0010,axis3_code_agentic,1544,0.0004919586925340514
conditional-fit-0010,axis3_code_agentic,1545,1.8781307716851568e-05
conditional-fit-0010,axis3_code_agentic,1546,1.7627773141286647e-06
conditional-fit-0010,axis3_code_agentic,1547,1.4498638138245353e-05
conditional-fit-0010,axis3_code_agentic,1548,1.9818934971488583e-07
conditional-fit-0010,axis3_code_agentic,1549,0.00019984690704696808
conditional-fit-0010,axis3_code_agentic,1550,1.1375721734007626e-05
conditional-fit-0010,axis3_code_agentic,1551,7.769452314518933e-06
conditional-fit-0010,axis3_code_agentic,1552,2.1455251346410247e-06
conditional-fit-0010,axis3_code_agentic,1553,1.827067892153135e-06
conditional-fit-0010,axis3_code_agentic,1554,5.2373407396183515e-05
conditional-fit-0010,axis3_code_agentic,1555,3.702160049241851e-05
conditional-fit-0010,axis3_code_agentic,1556,1.1338205259208013e-08
conditional-fit-0010,axis3_code_agentic,1557,1.4521822609610524e-05
conditional-fit-0010,axis3_code_agentic,1558,8.290416304661088e-07
conditional-fit-0010,axis3_code_agentic,1559,0.008308584285749897
conditional-fit-0010,axis3_code_agentic,1560,0.029557540329839833
conditional-fit-0010,axis3_code_agentic,1561,0.33838408241518003
conditional-fit-0010,axis3_code_agentic,1562,0.006727953634164093
conditional-fit-0010,axis3_code_agentic,1563,0.004385329850809845
conditional-fit-0010,axis3_code_agentic,1564,0.005505226372303565
conditional-fit-0010,axis3_code_agentic,1565,5.8281836153053406e-05
conditional-fit-0010,axis3_code_agentic,1566,0.0033038031649722465
conditional-fit-0010,axis3_code_agentic,1567,0.0013853386793670154
conditional-fit-0010,axis3_code_agentic,1568,0.021514388816288428
conditional-fit-0010,axis3_code_agentic,1569,0.06496415407785112
conditional-fit-0010,axis3_code_agentic,1570,2.5909216693550345e-06
conditional-fit-0010,axis3_code_agentic,1571,0.0004353835310255074
conditional-fit-0010,axis3_code_agentic,1572,0.00013736726912626367
conditional-fit-0010,axis3_code_agentic,1573,1.0123676471732442e-06
conditional-fit-0010,axis3_code_agentic,1574,2.2999826727416255e-06
conditional-fit-0010,axis3_code_agentic,1575,7.268559675391301e-06
conditional-fit-0010,axis3_code_agentic,1576,3.067089203369469e-06
conditional-fit-0010,axis3_code_agentic,1577,4.560930821798304e-05
conditional-fit-0010,axis3_code_agentic,1578,0.042367874268864236
conditional-fit-0010,axis3_code_agentic,1579,2.295989973963474e-07
conditional-fit-0010,axis3_code_agentic,1580,0.024476914757116316
conditional-fit-0010,axis3_code_agentic,1581,1.096315557683832e-05
conditional-fit-0010,axis3_code_agentic,1582,0.14188144062813263
conditional-fit-0010,axis3_code_agentic,1583,6.308626025823891e-06
conditional-fit-0010,axis3_code_agentic,1584,4.024420161020163e-06
conditional-fit-0010,axis3_code_agentic,1585,9.5560822193739e-07
conditional-fit-0010,axis3_code_agentic,1586,9.778993688864483e-06
conditional-fit-0010,axis3_code_agentic,1587,1.9078069980972253e-05
conditional-fit-0010,axis3_code_agentic,1588,5.814435019997418e-08
conditional-fit-0010,axis3_code_agentic,1589,0.01419937977115743
conditional-fit-0010,axis3_code_agentic,1590,0.00034321022135020036
conditional-fit-0010,axis3_code_agentic,1591,5.120323343679188e-05
conditional-fit-0010,axis3_code_agentic,1592,8.582237672340288e-06
conditional-fit-0010,axis3_code_agentic,1593,0.0006300471594839363
conditional-fit-0010,axis3_code_agentic,1594,5.192004118122337e-08
conditional-fit-0010,axis3_code_agentic,1595,0.0007798890670349286
conditional-fit-0010,axis3_code_agentic,1596,1.432183625777554e-07
conditional-fit-0010,axis3_code_agentic,1597,0.0004093098046120309
conditional-fit-0010,axis3_code_agentic,1598,2.6078359988589323e-06
conditional-fit-0010,axis3_code_agentic,1599,0.0036226713933470685
conditional-fit-0010,axis3_code_agentic,1600,0.003423250699380726
conditional-fit-0010,axis3_code_agentic,1601,6.371317587077478e-06
conditional-fit-0010,axis3_code_agentic,1602,0.04968836475771177
conditional-fit-0010,axis3_code_agentic,1603,0.0007858184227996801
conditional-fit-0010,axis3_code_agentic,1604,2.4640591038712046e-05
conditional-fit-0010,axis3_code_agentic,1605,0.00046192883136961824
conditional-fit-0010,axis3_code_agentic,1606,0.04514803660161895
conditional-fit-0010,axis3_code_agentic,1607,0.00795506041051628
conditional-fit-0010,axis3_code_agentic,1608,0.048592655317044
conditional-fit-0010,axis3_code_agentic,1609,0.002873422529613461
conditional-fit-0010,axis3_code_agentic,1610,0.07350668471475914
conditional-fit-0010,axis3_code_agentic,1611,3.70907998308497e-06
conditional-fit-0010,axis3_code_agentic,1612,0.015554046985088478
conditional-fit-0010,axis3_code_agentic,1613,0.020926992835242218
conditional-fit-0010,axis3_code_agentic,1614,0.024104438606616617
conditional-fit-0010,axis3_code_agentic,1615,0.15155132494892792
conditional-fit-0010,axis3_code_agentic,1616,0.001499682771522664
conditional-fit-0010,axis3_code_agentic,1617,0.002847523894699961
conditional-fit-0010,axis3_code_agentic,1618,0.03046375567004512
conditional-fit-0010,axis3_code_agentic,1619,0.002123537144640121
conditional-fit-0010,axis3_code_agentic,1620,0.02176620196603024
conditional-fit-0010,axis3_code_agentic,1621,0.02648277777055763
conditional-fit-0010,axis3_code_agentic,1622,0.033409455063918306
conditional-fit-0010,axis3_code_agentic,1623,0.0181341324652668
conditional-fit-0010,axis3_code_agentic,1624,0.00014629520793044322
conditional-fit-0010,axis3_code_agentic,1625,0.0008561535819024958
conditional-fit-0010,axis3_code_agentic,1626,0.00014012823607485156
conditional-fit-0010,axis3_code_agentic,1627,0.00010164727520489767
conditional-fit-0010,axis3_code_agentic,1628,0.00045123072452859765
conditional-fit-0010,axis3_code_agentic,1629,0.009751774248118891
conditional-fit-0010,axis3_code_agentic,1630,0.01621780010731792
conditional-fit-0010,axis3_code_agentic,1631,0.004706005420620146
conditional-fit-0010,axis3_code_agentic,1632,7.261796729904524e-07
conditional-fit-0010,axis3_code_agentic,1633,0.00018158092521766502
conditional-fit-0010,axis3_code_agentic,1634,0.001080353010242663
conditional-fit-0010,axis3_code_agentic,1635,0.00637701919103088
conditional-fit-0010,axis3_code_agentic,1636,0.0011277711005525618
conditional-fit-0010,axis3_code_agentic,1637,4.7081548454384236e-05
conditional-fit-0010,axis3_code_agentic,1638,0.006229004904265574
conditional-fit-0010,axis3_code_agentic,1639,0.00546852179497
conditional-fit-0010,axis3_code_agentic,1640,0.028354597089986278
conditional-fit-0010,axis3_code_agentic,1641,0.012636554612336441
conditional-fit-0010,axis3_code_agentic,1642,0.008913659096454526
conditional-fit-0010,axis3_code_agentic,1643,0.0004001225242553449
conditional-fit-0010,axis3_code_agentic,1644,0.020490194378420534
conditional-fit-0010,axis3_code_agentic,1645,0.0071474679374837966
conditional-fit-0010,axis3_code_agentic,1646,0.0022463502743443925
conditional-fit-0010,axis3_code_agentic,1647,0.000170136922418409
conditional-fit-0010,axis3_code_agentic,1648,1.1830901844494137e-05
conditional-fit-0010,axis3_code_agentic,1649,0.0004783217341224463
conditional-fit-0010,axis3_code_agentic,1650,0.0014156711038966403
conditional-fit-0010,axis3_code_agentic,1651,0.012537794037646783
conditional-fit-0010,axis3_code_agentic,1652,0.009031428332940027
conditional-fit-0010,axis3_code_agentic,1653,0.00011028548390742865
conditional-fit-0010,axis3_code_agentic,1654,4.8925544007250485e-06
conditional-fit-0010,axis3_code_agentic,1655,9.150365786647266e-05
conditional-fit-0010,axis3_code_agentic,1656,0.0023909767018435533
conditional-fit-0010,axis3_code_agentic,1657,2.75817619778692e-06
conditional-fit-0010,axis3_code_agentic,1658,0.0004484532333164117
conditional-fit-0010,axis3_code_agentic,1659,0.0011746755034359874
conditional-fit-0010,axis3_code_agentic,1660,6.507878497925929e-05
conditional-fit-0010,axis3_code_agentic,1661,0.019707942502743353
conditional-fit-0010,axis3_code_agentic,1662,8.6629496146386e-06
conditional-fit-0010,axis3_code_agentic,1663,5.545340600985989e-06
conditional-fit-0010,axis3_code_agentic,1664,0.00017712757917919756
conditional-fit-0010,axis3_code_agentic,1665,0.0025358998100206247
conditional-fit-0010,axis3_code_agentic,1666,6.552754262523706e-05
conditional-fit-0010,axis3_code_agentic,1667,0.00019538745176647969
conditional-fit-0010,axis3_code_agentic,1668,0.04484420153504228
conditional-fit-0010,axis3_code_agentic,1669,3.5996250838537426e-05
conditional-fit-0010,axis3_code_agentic,1670,0.0001824690364177559
conditional-fit-0010,axis3_code_agentic,1671,5.366773673569093e-05
conditional-fit-0010,axis3_code_agentic,1672,0.013950694997623752
conditional-fit-0010,axis3_code_agentic,1673,4.459372788075561e-07
conditional-fit-0010,axis3_code_agentic,1674,3.3118709381582464e-05
conditional-fit-0010,axis3_code_agentic,1675,0.00014402495919086807
conditional-fit-0010,axis3_code_agentic,1676,9.553597939127854e-06
conditional-fit-0010,axis3_code_agentic,1677,0.00026314792802684486
conditional-fit-0010,axis3_code_agentic,1678,4.213492178481693e-05
conditional-fit-0010,axis3_code_agentic,1679,5.178913684667467e-05
conditional-fit-0010,axis3_code_agentic,1680,0.00048520044456812675
conditional-fit-0010,axis3_code_agentic,1681,0.005001880308918313
conditional-fit-0010,axis3_code_agentic,1682,2.5783664403149875e-05
conditional-fit-0010,axis3_code_agentic,1683,3.3643309815824725e-05
conditional-fit-0010,axis3_code_agentic,1684,0.003862001541493286
conditional-fit-0010,axis3_code_agentic,1685,0.006849628481744311
conditional-fit-0010,axis3_code_agentic,1686,0.000906865499398608
conditional-fit-0010,axis3_code_agentic,1687,0.007546724745307078
conditional-fit-0010,axis3_code_agentic,1688,0.0002256846947375833
conditional-fit-0010,axis3_code_agentic,1689,0.00039438815616573986
conditional-fit-0010,axis3_code_agentic,1690,0.0007696969389972151
conditional-fit-0010,axis3_code_agentic,1691,6.994034984941376e-06
conditional-fit-0010,axis3_code_agentic,1692,0.0007678730801914297
conditional-fit-0010,axis3_code_agentic,1693,0.0035122512778219747
conditional-fit-0010,axis3_code_agentic,1694,0.004490772010459905
conditional-fit-0010,axis3_code_agentic,1695,0.015332366388674107
conditional-fit-0010,axis3_code_agentic,1696,0.0006744458870244778
conditional-fit-0010,axis3_code_agentic,1697,0.0008788013782714329
conditional-fit-0010,axis3_code_agentic,1698,0.007121074856778579
conditional-fit-0010,axis3_code_agentic,1699,0.0002326955398118668
conditional-fit-0010,axis3_code_agentic,1700,0.0012024689632737185
conditional-fit-0010,axis3_code_agentic,1701,8.875772418468254e-05
conditional-fit-0010,axis3_code_agentic,1702,0.0009162719728829807
conditional-fit-0010,axis3_code_agentic,1703,2.0858888965770542e-05
conditional-fit-0010,axis3_code_agentic,1704,1.3622312037339631e-05
conditional-fit-0010,axis3_code_agentic,1705,0.0010031645218625661
conditional-fit-0010,axis3_code_agentic,1706,0.0009670011293218407
conditional-fit-0010,axis3_code_agentic,1707,0.0001709829256827385
conditional-fit-0010,axis3_code_agentic,1708,0.002984216306682758
conditional-fit-0010,axis3_code_agentic,1709,0.00035017122300683493
conditional-fit-0010,axis3_code_agentic,1710,1.7719954272203274e-05
conditional-fit-0010,axis3_code_agentic,1711,7.742827632978352e-05
conditional-fit-0010,axis3_code_agentic,1712,0.001828077098898896
conditional-fit-0010,axis3_code_agentic,1713,0.001346668771020312
conditional-fit-0010,axis3_code_agentic,1714,0.0054594244648887074
conditional-fit-0010,axis3_code_agentic,1715,7.573028619920864e-05
conditional-fit-0010,axis3_code_agentic,1716,1.3184362159509448e-05
conditional-fit-0010,axis3_code_agentic,1717,0.004919042099708169
conditional-fit-0010,axis3_code_agentic,1718,2.042299705522992e-06
conditional-fit-0010,axis3_code_agentic,1719,8.406785475609935e-05
conditional-fit-0010,axis3_code_agentic,1720,8.036949440611733e-06
conditional-fit-0010,axis3_code_agentic,1721,9.305176967245514e-06
conditional-fit-0010,axis3_code_agentic,1722,0.0006482615821459387
conditional-fit-0010,axis3_code_agentic,1723,1.1743402969212943e-05
conditional-fit-0010,axis3_code_agentic,1724,6.963286601551667e-06
conditional-fit-0010,axis3_code_agentic,1725,6.830346376367901e-06
conditional-fit-0010,axis3_code_agentic,1726,0.00015044906629515592
conditional-fit-0010,axis3_code_agentic,1727,1.9439051064913526e-06
conditional-fit-0010,axis3_code_agentic,1728,9.510758405855609e-06
conditional-fit-0010,axis3_code_agentic,1729,0.00019953551072663468
conditional-fit-0010,axis3_code_agentic,1730,0.001154671292601397
conditional-fit-0010,axis3_code_agentic,1731,7.111987878962906e-06
conditional-fit-0010,axis3_code_agentic,1732,7.626516435829864e-06
conditional-fit-0010,axis3_code_agentic,1733,3.1183237810770487e-06
conditional-fit-0010,axis3_code_agentic,1734,8.778109984463751e-06
conditional-fit-0010,axis3_code_agentic,1735,0.00035091447911920977
conditional-fit-0010,axis3_code_agentic,1736,0.0002892899409062782
conditional-fit-0010,axis3_code_agentic,1737,3.977507842603295e-05
conditional-fit-0010,axis3_code_agentic,1738,0.00017765222565246407
conditional-fit-0010,axis3_code_agentic,1739,2.0774263686277045e-05
conditional-fit-0010,axis3_code_agentic,1740,7.807906962556836e-07
conditional-fit-0010,axis3_code_agentic,1741,7.204033761802089e-06
conditional-fit-0010,axis3_code_agentic,1742,7.873074065675179e-05
conditional-fit-0010,axis3_code_agentic,1743,1.4390151996904844e-05
conditional-fit-0010,axis3_code_agentic,1744,0.0027932777967579784
conditional-fit-0010,axis3_code_agentic,1745,6.164877855114287e-06
conditional-fit-0010,axis3_code_agentic,1746,2.7020275149623423e-06
conditional-fit-0010,axis3_code_agentic,1747,9.277660316794352e-05
conditional-fit-0010,axis3_code_agentic,1748,7.77619263590153e-05
conditional-fit-0010,axis3_code_agentic,1749,5.984482502258981e-06
conditional-fit-0010,axis3_code_agentic,1750,3.83252357782863e-05
conditional-fit-0010,axis3_code_agentic,1751,2.060712705407049e-05
conditional-fit-0010,axis3_code_agentic,1752,3.836804432677145e-06
conditional-fit-0010,axis3_code_agentic,1753,0.00011015704987367113
conditional-fit-0010,axis3_code_agentic,1754,2.7472752143803173e-05
conditional-fit-0010,axis3_code_agentic,1755,0.0003250428316300845
conditional-fit-0010,axis3_code_agentic,1756,7.654408702105462e-06
conditional-fit-0010,axis3_code_agentic,1757,7.271099441475411e-07
conditional-fit-0010,axis3_code_agentic,1758,2.8102245876773405e-05
conditional-fit-0010,axis3_code_agentic,1759,0.005546282174379913
conditional-fit-0010,axis3_code_agentic,1760,2.9150520597416744e-06
conditional-fit-0010,axis3_code_agentic,1761,0.0002654973692267765
conditional-fit-0010,axis3_code_agentic,1762,2.568875914788162e-05
conditional-fit-0010,axis3_code_agentic,1763,0.0006331426797365228
conditional-fit-0010,axis3_code_agentic,1764,0.0002223055241127148
conditional-fit-0010,axis3_code_agentic,1765,2.8703542476997884e-06
conditional-fit-0010,axis3_code_agentic,1766,8.60882208833604e-07
conditional-fit-0010,axis3_code_agentic,1767,5.972673833837607e-06
conditional-fit-0010,axis3_code_agentic,1768,3.302334299747834e-05
conditional-fit-0010,axis3_code_agentic,1769,0.006849357266465746
conditional-fit-0010,axis3_code_agentic,1770,1.07869234132713e-05
conditional-fit-0010,axis3_code_agentic,1771,3.535147414045337e-06
conditional-fit-0010,axis3_code_agentic,1772,0.00036392668729747884
conditional-fit-0010,axis3_code_agentic,1773,0.00341893873018184
conditional-fit-0010,axis3_code_agentic,1774,0.007897886235696181
conditional-fit-0010,axis3_code_agentic,1775,0.13931429485568791
conditional-fit-0010,axis3_code_agentic,1776,0.028758230001140653
conditional-fit-0010,axis3_code_agentic,1777,3.422843101771289e-05
conditional-fit-0010,axis3_code_agentic,1778,1.0041843117107218e-05
conditional-fit-0010,axis3_code_agentic,1779,5.2815489274798806e-05
conditional-fit-0010,axis3_code_agentic,1780,0.005955050553224614
conditional-fit-0010,axis3_code_agentic,1781,1.369377015624205e-05
conditional-fit-0010,axis3_code_agentic,1782,0.000710237563365663
conditional-fit-0010,axis3_code_agentic,1783,0.027323632324967345
conditional-fit-0010,axis3_code_agentic,1784,0.0035769404706342493
conditional-fit-0010,axis3_code_agentic,1785,0.09318557978935352
conditional-fit-0010,axis3_code_agentic,1786,0.0017908828797092054
conditional-fit-0010,axis3_code_agentic,1787,0.00039640477576264417
conditional-fit-0010,axis3_code_agentic,1788,8.23466031361972e-05
conditional-fit-0010,axis3_code_agentic,1789,0.00021158814604868795
conditional-fit-0010,axis3_code_agentic,1790,8.43177943168723e-05
conditional-fit-0010,axis3_code_agentic,1791,0.004318729178213958
conditional-fit-0010,axis3_code_agentic,1792,0.002051440651252824
conditional-fit-0010,axis3_code_agentic,1793,0.00507698601878625
conditional-fit-0010,axis3_code_agentic,1794,0.004703582843633135
conditional-fit-0010,axis3_code_agentic,1795,5.94975696259486e-06
conditional-fit-0010,axis3_code_agentic,1796,0.0024179233619662554
conditional-fit-0010,axis3_code_agentic,1797,0.00014295165795177663
conditional-fit-0010,axis3_code_agentic,1798,0.0068487649816520715
conditional-fit-0010,axis3_code_agentic,1799,0.00437315007575679
conditional-fit-0010,axis3_code_agentic,1800,0.0012676489750965353
conditional-fit-0010,axis3_code_agentic,1801,0.007347518997216026
conditional-fit-0010,axis3_code_agentic,1802,0.00029731869290058427
conditional-fit-0010,axis3_code_agentic,1803,0.02141291854752142
conditional-fit-0010,axis3_code_agentic,1804,0.018299729926865103
conditional-fit-0010,axis3_code_agentic,1805,0.003649941782690447
conditional-fit-0010,axis3_code_agentic,1806,0.0282045740256196
conditional-fit-0010,axis3_code_agentic,1807,0.011946093584170665
conditional-fit-0010,axis3_code_agentic,1808,0.010725525534134445
conditional-fit-0010,axis3_code_agentic,1809,0.01323346890572342
conditional-fit-0010,axis3_code_agentic,1810,0.0697077652912394
conditional-fit-0010,axis3_code_agentic,1811,0.00498808462418935
conditional-fit-0010,axis3_code_agentic,1812,0.007499120889636965
conditional-fit-0010,axis3_code_agentic,1813,4.585176579115893e-06
conditional-fit-0010,axis3_code_agentic,1814,0.007533979605265907
conditional-fit-0010,axis3_code_agentic,1815,0.00013928820345455735
conditional-fit-0010,axis3_code_agentic,1816,0.014445936113446647
conditional-fit-0010,axis3_code_agentic,1817,0.0024194691212711403
conditional-fit-0010,axis3_code_agentic,1818,0.026165981593154756
conditional-fit-0010,axis3_code_agentic,1819,0.0004701824073145004
conditional-fit-0010,axis3_code_agentic,1820,0.009458117805844265
conditional-fit-0010,axis3_code_agentic,1821,0.011808339721728501
conditional-fit-0010,axis3_code_agentic,1822,0.0028416011942482737
conditional-fit-0010,axis3_code_agentic,1823,3.5281657812363754e-05
conditional-fit-0010,axis3_code_agentic,1824,0.0203123578724938
conditional-fit-0010,axis3_code_agentic,1825,0.001017269045692549
conditional-fit-0010,axis3_code_agentic,1826,0.050715359509062224
conditional-fit-0010,axis3_code_agentic,1827,0.010348743084983599
conditional-fit-0010,axis3_code_agentic,1828,0.028554235144282097
conditional-fit-0010,axis3_code_agentic,1829,0.09295485600617007
conditional-fit-0010,axis3_code_agentic,1830,0.00023697343797210793
conditional-fit-0010,axis3_code_agentic,1831,0.09232768427187049
conditional-fit-0010,axis3_code_agentic,1832,0.1316319161598318
conditional-fit-0010,axis3_code_agentic,1833,0.002656361825909729
conditional-fit-0010,axis3_code_agentic,1834,0.05836990635721362
conditional-fit-0010,axis3_code_agentic,1835,0.012041396295264857
conditional-fit-0010,axis3_code_agentic,1836,0.14425777443150323
conditional-fit-0010,axis3_code_agentic,1837,0.02861804657383212
conditional-fit-0010,axis3_code_agentic,1838,0.11814687117539298
conditional-fit-0010,axis3_code_agentic,1839,0.0007431178280622436
conditional-fit-0010,axis3_code_agentic,1840,0.002070531466812246
conditional-fit-0010,axis3_code_agentic,1841,4.540792927330843e-05
conditional-fit-0010,axis3_code_agentic,1842,0.0047102365271741746
conditional-fit-0010,axis3_code_agentic,1843,5.484430876085603e-05
conditional-fit-0010,axis3_code_agentic,1844,2.6005083560105998e-05
conditional-fit-0010,axis3_code_agentic,1845,0.004347565989260136
conditional-fit-0010,axis3_code_agentic,1846,0.0001733547708308301
conditional-fit-0010,axis3_code_agentic,1847,1.9339163827753385e-06
conditional-fit-0010,axis3_code_agentic,1848,1.7488778087157763e-05
conditional-fit-0010,axis3_code_agentic,1849,8.759754209182777e-06
conditional-fit-0010,axis3_code_agentic,1850,0.0023823854633843685
conditional-fit-0010,axis3_code_agentic,1851,0.0715644301597412
conditional-fit-0010,axis3_code_agentic,1852,0.04717055040247882
conditional-fit-0010,axis3_code_agentic,1853,0.038036314103216985
conditional-fit-0010,axis3_code_agentic,1854,0.006728910459655457
conditional-fit-0010,axis3_code_agentic,1855,0.00806354012613232
conditional-fit-0010,axis3_code_agentic,1856,0.0395948417464399
conditional-fit-0010,axis3_code_agentic,1857,0.0038712687758364886
conditional-fit-0010,axis3_code_agentic,1858,0.003552658893046904
conditional-fit-0010,axis3_code_agentic,1859,0.00013818568993472473
conditional-fit-0010,axis3_code_agentic,1860,0.02354676085713904
conditional-fit-0010,axis3_code_agentic,1861,0.007454483713679367
conditional-fit-0010,axis3_code_agentic,1862,0.054017534847932425
conditional-fit-0010,axis3_code_agentic,1863,0.05326475418153278
conditional-fit-0010,axis3_code_agentic,1864,0.1352355697212126
conditional-fit-0010,axis3_code_agentic,1865,0.10546704305752333
conditional-fit-0010,axis3_code_agentic,1866,0.0025513835737036314
conditional-fit-0010,axis3_code_agentic,1867,0.07533424831476451
conditional-fit-0010,axis3_code_agentic,1868,0.0001326489345185843
conditional-fit-0010,axis3_code_agentic,1869,7.364585944969759e-06
conditional-fit-0010,axis3_code_agentic,1870,2.7192007502050755e-05
conditional-fit-0010,axis3_code_agentic,1871,2.2667209048128326e-06
conditional-fit-0010,axis3_code_agentic,1872,8.414952894785763e-06
conditional-fit-0010,axis3_code_agentic,1873,0.0008796404274566245
conditional-fit-0010,axis3_code_agentic,1874,5.4479058803167405e-06
conditional-fit-0010,axis3_code_agentic,1875,7.351234880705092e-06
conditional-fit-0010,axis3_code_agentic,1876,5.66930940915231e-05
conditional-fit-0010,axis3_code_agentic,1877,2.7102113227150172e-05
conditional-fit-0010,axis3_code_agentic,1878,0.0015143477970730958
conditional-fit-0010,axis3_code_agentic,1879,0.022457394024156918
conditional-fit-0010,axis3_code_agentic,1880,0.0004697598998656601
conditional-fit-0010,axis3_code_agentic,1881,0.0004486393840492299
conditional-fit-0010,axis3_code_agentic,1882,0.003887139147236084
conditional-fit-0010,axis3_code_agentic,1883,0.0017937221437885533
conditional-fit-0010,axis3_code_agentic,1884,0.050092420457033146
conditional-fit-0010,axis3_code_agentic,1885,0.0038293058590334124
conditional-fit-0010,axis3_code_agentic,1886,0.007225638251163303
conditional-fit-0010,axis3_code_agentic,1887,9.598632354462406e-05
conditional-fit-0010,axis3_code_agentic,1888,0.0026231931969599555
conditional-fit-0010,axis3_code_agentic,1889,0.00011245885965518155
conditional-fit-0010,axis3_code_agentic,1890,0.0004252695895037362
conditional-fit-0010,axis3_code_agentic,1891,3.9943308777875116e-05
conditional-fit-0010,axis3_code_agentic,1892,0.00036181487950229105
conditional-fit-0010,axis3_code_agentic,1893,4.055591908759529e-05
conditional-fit-0010,axis3_code_agentic,1894,2.6440262692661495e-05
conditional-fit-0010,axis3_code_agentic,1895,0.0035951961973715468
conditional-fit-0010,axis3_code_agentic,1896,8.517041730133548e-05
conditional-fit-0010,axis3_code_agentic,1897,2.866263751794713e-06
conditional-fit-0010,axis3_code_agentic,1898,2.0362362387863096e-06
conditional-fit-0010,axis3_code_agentic,1899,4.132232586628912e-05
conditional-fit-0010,axis3_code_agentic,1900,0.0017618403686547532
conditional-fit-0010,axis3_code_agentic,1901,0.04534001176374501
conditional-fit-0010,axis3_code_agentic,1902,0.013613594038515052
conditional-fit-0010,axis3_code_agentic,1903,0.14242911620393703
conditional-fit-0010,axis3_code_agentic,1904,0.0341246020092922
conditional-fit-0010,axis3_code_agentic,1905,0.3264612978623275
conditional-fit-0010,axis3_code_agentic,1906,0.005555895664585036
conditional-fit-0010,axis3_code_agentic,1907,0.0005588811995797859
conditional-fit-0010,axis3_code_agentic,1908,0.05706266044326688
conditional-fit-0010,axis3_code_agentic,1909,0.020495228435847463
conditional-fit-0010,axis3_code_agentic,1910,0.0022303824925780126
conditional-fit-0010,axis3_code_agentic,1911,0.0006833615952916364
conditional-fit-0010,axis3_code_agentic,1912,0.0428218261678692
conditional-fit-0010,axis3_code_agentic,1913,0.0012833248381875165
conditional-fit-0010,axis3_code_agentic,1914,0.007975500668883315
conditional-fit-0010,axis3_code_agentic,1915,0.005780281604937439
conditional-fit-0010,axis3_code_agentic,1916,0.12221999522652108
conditional-fit-0010,axis3_code_agentic,1917,0.12223820674538863
conditional-fit-0010,axis3_code_agentic,1918,0.011358589264935694
conditional-fit-0010,axis3_code_agentic,1919,0.0005408662668293927
conditional-fit-0010,axis3_code_agentic,1920,0.00905919346282078
conditional-fit-0010,axis3_code_agentic,1921,7.448844122915202e-07
conditional-fit-0010,axis3_code_agentic,1922,0.0036143554989905937
conditional-fit-0010,axis3_code_agentic,1923,3.4653583006715585e-05
conditional-fit-0010,axis3_code_agentic,1924,0.0007073904609125245
conditional-fit-0010,axis3_code_agentic,1925,0.005470214463928019
conditional-fit-0010,axis3_code_agentic,1926,1.4613979866291973
conditional-fit-0010,axis3_code_agentic,1927,0.002199849731902962
conditional-fit-0010,axis3_code_agentic,1928,0.0015291161734573534
conditional-fit-0010,axis3_code_agentic,1929,0.03340110280759208
conditional-fit-0010,axis3_code_agentic,1930,0.05080206225518014
conditional-fit-0010,axis3_code_agentic,1931,0.05040528547729259
conditional-fit-0010,axis3_code_agentic,1932,0.0002990637211222039
conditional-fit-0010,axis3_code_agentic,1933,0.04483418790973941
conditional-fit-0010,axis3_code_agentic,1934,0.056661160602246435
conditional-fit-0010,axis3_code_agentic,1935,0.006516065230664539
conditional-fit-0010,axis3_code_agentic,1936,0.03476739998193855
conditional-fit-0010,axis3_code_agentic,1937,0.02103084190103948
conditional-fit-0010,axis3_code_agentic,1938,0.01639996575845764
conditional-fit-0010,axis3_code_agentic,1939,0.0267801181360084
conditional-fit-0010,axis3_code_agentic,1940,0.03177422727724765
conditional-fit-0010,axis3_code_agentic,1941,0.0018388681570823916
conditional-fit-0010,axis3_code_agentic,1942,0.001567212933400309
conditional-fit-0010,axis3_code_agentic,1943,0.10698290425689813
conditional-fit-0010,axis3_code_agentic,1944,0.01628343794450508
conditional-fit-0010,axis3_code_agentic,1945,0.0012031761909143811
conditional-fit-0010,axis3_code_agentic,1946,0.25773770601419344
conditional-fit-0010,axis3_code_agentic,1947,1.0037945283093908
conditional-fit-0010,axis3_code_agentic,1948,0.018666373836280684
conditional-fit-0010,axis3_code_agentic,1949,0.24264221350771215
conditional-fit-0010,axis3_code_agentic,1950,0.021134994831416808
conditional-fit-0010,axis3_code_agentic,1951,0.33095145378162816
conditional-fit-0010,axis3_code_agentic,1952,0.00416362351824696
conditional-fit-0010,axis3_code_agentic,1953,0.016442815118913847
conditional-fit-0010,axis3_code_agentic,1954,0.041585085094965786
conditional-fit-0010,axis3_code_agentic,1955,0.14837761225782106
conditional-fit-0010,axis3_code_agentic,1956,0.07962439195255501
conditional-fit-0010,axis3_code_agentic,1957,0.07541173053184563
conditional-fit-0010,axis3_code_agentic,1958,0.08092359954780784
conditional-fit-0010,axis3_code_agentic,1959,0.1495597443352923
conditional-fit-0010,axis3_code_agentic,1960,0.13440015506730799
conditional-fit-0010,axis3_code_agentic,1961,0.004469074225620998
conditional-fit-0010,axis3_code_agentic,1962,0.00046340433193806546
conditional-fit-0010,axis3_code_agentic,1963,0.0745488815493247
conditional-fit-0010,axis3_code_agentic,1964,0.09090687924031733
conditional-fit-0010,axis3_code_agentic,1965,0.022827679257068204
conditional-fit-0010,axis3_code_agentic,1966,0.07554725668168316
conditional-fit-0010,axis3_code_agentic,1967,0.12754233644844082
conditional-fit-0010,axis3_code_agentic,1968,0.010517535283801486
conditional-fit-0010,axis3_code_agentic,1969,0.10237707609660768
conditional-fit-0010,axis3_code_agentic,1970,0.007560938227536489
conditional-fit-0010,axis3_code_agentic,1971,0.012334663144817237
conditional-fit-0010,axis3_code_agentic,1972,0.0077196987777982395
conditional-fit-0010,axis3_code_agentic,1973,4.226594420049021e-05
conditional-fit-0010,axis3_code_agentic,1974,0.015416913270230856
conditional-fit-0010,axis3_code_agentic,1975,0.022368532009269828
conditional-fit-0010,axis3_code_agentic,1976,0.0045436594890888304
conditional-fit-0010,axis3_code_agentic,1977,0.003029054095118089
conditional-fit-0010,axis3_code_agentic,1978,0.012466809716984596
conditional-fit-0010,axis3_code_agentic,1979,0.05207863576141377
conditional-fit-0010,axis3_code_agentic,1980,0.15027081345324234
conditional-fit-0010,axis3_code_agentic,1981,0.019607240728296393
conditional-fit-0010,axis3_code_agentic,1982,0.04461026795565512
conditional-fit-0010,axis3_code_agentic,1983,0.005103848924849949
conditional-fit-0010,axis3_code_agentic,1984,0.028393757790012124
conditional-fit-0010,axis3_code_agentic,1985,0.16273529020435779
conditional-fit-0010,axis3_code_agentic,1986,0.0010552337415065897
conditional-fit-0010,axis3_code_agentic,1987,0.00853350792225318
conditional-fit-0010,axis3_code_agentic,1988,0.21242958712442545
conditional-fit-0010,axis3_code_agentic,1989,0.00018126311194592557
conditional-fit-0010,axis3_code_agentic,1990,2.5392506936911143e-05
conditional-fit-0010,axis3_code_agentic,1991,0.035933348994078886
conditional-fit-0010,axis3_code_agentic,1992,0.3277589528530101
conditional-fit-0010,axis3_code_agentic,1993,0.1430989439313069
conditional-fit-0010,axis3_code_agentic,1994,0.038491501833472386
conditional-fit-0010,axis3_code_agentic,1995,0.043906041959580845
conditional-fit-0010,axis3_code_agentic,1996,0.0335166252307691
conditional-fit-0010,axis3_code_agentic,1997,0.060582393729534126
conditional-fit-0010,axis3_code_agentic,1998,0.00024096450781319127
conditional-fit-0010,axis3_code_agentic,1999,0.032944513056788555
conditional-fit-0010,axis3_code_agentic,2000,0.003925781353112795
conditional-fit-0010,axis3_code_agentic,2001,0.012428495019038768
conditional-fit-0010,axis3_code_agentic,2002,0.009109191117804333
conditional-fit-0010,axis3_code_agentic,2003,0.11433793334315595
conditional-fit-0010,axis3_code_agentic,2004,0.01645617607102036
conditional-fit-0010,axis3_code_agentic,2005,0.05531676502021171
conditional-fit-0010,axis3_code_agentic,2006,0.13558807804488354
conditional-fit-0010,axis3_code_agentic,2007,0.003595858578243177
conditional-fit-0010,axis3_code_agentic,2008,8.157891148841538e-06
conditional-fit-0010,axis3_code_agentic,2009,0.02573389315585392
conditional-fit-0010,axis3_code_agentic,2010,0.002146135687057203
conditional-fit-0010,axis3_code_agentic,2011,0.005588365832792164
conditional-fit-0010,axis3_code_agentic,2012,0.035342281088695075
conditional-fit-0010,axis3_code_agentic,2013,0.0015119936724361555
conditional-fit-0010,axis3_code_agentic,2014,0.0066844882263836
conditional-fit-0010,axis3_code_agentic,2015,0.01712310763539098
conditional-fit-0010,axis3_code_agentic,2016,0.00011471011360144871
conditional-fit-0010,axis3_code_agentic,2017,0.0002056560046479253
conditional-fit-0010,axis3_code_agentic,2018,0.0005332948085283024
conditional-fit-0010,axis3_code_agentic,2019,0.020240014427640514
conditional-fit-0010,axis3_code_agentic,2020,0.003281882128147122
conditional-fit-0010,axis3_code_agentic,2021,0.03185050037681177
conditional-fit-0010,axis3_code_agentic,2022,0.11589459658415976
conditional-fit-0010,axis3_code_agentic,2023,0.0008896765361271573
conditional-fit-0010,axis3_code_agentic,2024,0.025757558674640885
conditional-fit-0010,axis3_code_agentic,2025,0.14859534662278448
conditional-fit-0010,axis3_code_agentic,2026,0.03799008022432247
conditional-fit-0010,axis3_code_agentic,2027,0.024569709478615993
conditional-fit-0010,axis3_code_agentic,2028,0.002655672100462664
conditional-fit-0010,axis3_code_agentic,2029,0.0038691470127392375
conditional-fit-0010,axis3_code_agentic,2030,0.010201967804399834
conditional-fit-0010,axis3_code_agentic,2031,0.1380930469398456
conditional-fit-0010,axis3_code_agentic,2032,0.003529319095386655
conditional-fit-0010,axis3_code_agentic,2033,0.009633074334113397
conditional-fit-0010,axis3_code_agentic,2034,0.027737846819612288
conditional-fit-0010,axis3_code_agentic,2035,0.05597954618514921
conditional-fit-0010,axis3_code_agentic,2036,0.1322454920269668
conditional-fit-0010,axis3_code_agentic,2037,0.053593901032866084
conditional-fit-0010,axis3_code_agentic,2038,0.031234911418080935
conditional-fit-0010,axis3_code_agentic,2039,0.2004631617351442
conditional-fit-0010,axis3_code_agentic,2040,0.12452395387179829
conditional-fit-0010,axis3_code_agentic,2041,0.07072258763472465
conditional-fit-0010,axis3_code_agentic,2042,0.033022373870268115
conditional-fit-0010,axis3_code_agentic,2043,0.09193482464822009
conditional-fit-0010,axis3_code_agentic,2044,0.08157342193793235
conditional-fit-0010,axis3_code_agentic,2045,0.12679035471932168
conditional-fit-0010,axis3_code_agentic,2046,0.15871702929035056
