window_id,domain,pos,kld
conditional-fit-0011,axis4_reasoning_termination,0,13.465736888643626
conditional-fit-0011,axis4_reasoning_termination,1,0.32865118915092806
conditional-fit-0011,axis4_reasoning_termination,2,0.5181909369644584
conditional-fit-0011,axis4_reasoning_termination,3,0.16841985056618114
conditional-fit-0011,axis4_reasoning_termination,4,0.5236945553053015
conditional-fit-0011,axis4_reasoning_termination,5,0.10225913422784741
conditional-fit-0011,axis4_reasoning_termination,6,0.1529888113216171
conditional-fit-0011,axis4_reasoning_termination,7,0.478553926407719
conditional-fit-0011,axis4_reasoning_termination,8,0.7397019651102312
conditional-fit-0011,axis4_reasoning_termination,9,0.032451539535964566
conditional-fit-0011,axis4_reasoning_termination,10,1.3769028216997148
conditional-fit-0011,axis4_reasoning_termination,11,0.7073657419594696
conditional-fit-0011,axis4_reasoning_termination,12,0.0019292453840453077
conditional-fit-0011,axis4_reasoning_termination,13,0.2108987033747077
conditional-fit-0011,axis4_reasoning_termination,14,0.3083376143444782
conditional-fit-0011,axis4_reasoning_termination,15,0.38661963251082015
conditional-fit-0011,axis4_reasoning_termination,16,0.3102781431049207
conditional-fit-0011,axis4_reasoning_termination,17,0.43345933208338217
conditional-fit-0011,axis4_reasoning_termination,18,0.03465553642470709
conditional-fit-0011,axis4_reasoning_termination,19,0.2189980258234789
conditional-fit-0011,axis4_reasoning_termination,20,0.07235777366681645
conditional-fit-0011,axis4_reasoning_termination,21,0.04862920341387087
conditional-fit-0011,axis4_reasoning_termination,22,0.33350992419490916
conditional-fit-0011,axis4_reasoning_termination,23,0.038739637665199604
conditional-fit-0011,axis4_reasoning_termination,24,0.009268068320842902
conditional-fit-0011,axis4_reasoning_termination,25,0.004729980930471199
conditional-fit-0011,axis4_reasoning_termination,26,0.002692839034113231
conditional-fit-0011,axis4_reasoning_termination,27,0.000466113368332379
conditional-fit-0011,axis4_reasoning_termination,28,0.05245164195899017
conditional-fit-0011,axis4_reasoning_termination,29,0.0822294108830001
conditional-fit-0011,axis4_reasoning_termination,30,0.3055859371749099
conditional-fit-0011,axis4_reasoning_termination,31,0.013823962476960728
conditional-fit-0011,axis4_reasoning_termination,32,1.6861571165581397e-05
conditional-fit-0011,axis4_reasoning_termination,33,0.016584872375185994
conditional-fit-0011,axis4_reasoning_termination,34,0.004993633240214416
conditional-fit-0011,axis4_reasoning_termination,35,0.1540459133835477
conditional-fit-0011,axis4_reasoning_termination,36,0.014748356414001289
conditional-fit-0011,axis4_reasoning_termination,37,0.010136030861751197
conditional-fit-0011,axis4_reasoning_termination,38,0.15211645996793974
conditional-fit-0011,axis4_reasoning_termination,39,6.437732093780167e-05
conditional-fit-0011,axis4_reasoning_termination,40,0.30477248005930324
conditional-fit-0011,axis4_reasoning_termination,41,0.0001503235344052892
conditional-fit-0011,axis4_reasoning_termination,42,2.4861499204166826e-05
conditional-fit-0011,axis4_reasoning_termination,43,0.0630443681348759
conditional-fit-0011,axis4_reasoning_termination,44,0.054069516965989065
conditional-fit-0011,axis4_reasoning_termination,45,0.02352101792383751
conditional-fit-0011,axis4_reasoning_termination,46,0.4269007409221198
conditional-fit-0011,axis4_reasoning_termination,47,0.2688213397996958
conditional-fit-0011,axis4_reasoning_termination,48,0.09458304330633441
conditional-fit-0011,axis4_reasoning_termination,49,0.04747648161015321
conditional-fit-0011,axis4_reasoning_termination,50,0.09294421728796329
conditional-fit-0011,axis4_reasoning_termination,51,0.20641355120432184
conditional-fit-0011,axis4_reasoning_termination,52,0.22671154330914906
conditional-fit-0011,axis4_reasoning_termination,53,0.29383310406354085
conditional-fit-0011,axis4_reasoning_termination,54,0.5890797090579575
conditional-fit-0011,axis4_reasoning_termination,55,0.06929916004463577
conditional-fit-0011,axis4_reasoning_termination,56,0.1943087409161574
conditional-fit-0011,axis4_reasoning_termination,57,0.1578214784667618
conditional-fit-0011,axis4_reasoning_termination,58,0.16540378099854092
conditional-fit-0011,axis4_reasoning_termination,59,0.24736134767929396
conditional-fit-0011,axis4_reasoning_termination,60,0.0928744849476289
conditional-fit-0011,axis4_reasoning_termination,61,0.06398979484499183
conditional-fit-0011,axis4_reasoning_termination,62,0.5530355958094227
conditional-fit-0011,axis4_reasoning_termination,63,0.24458986723721424
conditional-fit-0011,axis4_reasoning_termination,64,0.0168951694764768
conditional-fit-0011,axis4_reasoning_termination,65,0.0037401278601214365
conditional-fit-0011,axis4_reasoning_termination,66,0.2644823465503898
conditional-fit-0011,axis4_reasoning_termination,67,0.13102283622702648
conditional-fit-0011,axis4_reasoning_termination,68,0.3672623024186493
conditional-fit-0011,axis4_reasoning_termination,69,0.20928251710420218
conditional-fit-0011,axis4_reasoning_termination,70,0.0022780812995278747
conditional-fit-0011,axis4_reasoning_termination,71,0.06571204695088825
conditional-fit-0011,axis4_reasoning_termination,72,0.0973480828588832
conditional-fit-0011,axis4_reasoning_termination,73,6.211144290082921e-05
conditional-fit-0011,axis4_reasoning_termination,74,0.009953647186205252
conditional-fit-0011,axis4_reasoning_termination,75,0.10777126559367756
conditional-fit-0011,axis4_reasoning_termination,76,0.059933666915260204
conditional-fit-0011,axis4_reasoning_termination,77,0.0006902844458886033
conditional-fit-0011,axis4_reasoning_termination,78,0.009395609509598177
conditional-fit-0011,axis4_reasoning_termination,79,0.07761971445675442
conditional-fit-0011,axis4_reasoning_termination,80,0.2177723912858942
conditional-fit-0011,axis4_reasoning_termination,81,0.15321937068326333
conditional-fit-0011,axis4_reasoning_termination,82,0.02747146255975775
conditional-fit-0011,axis4_reasoning_termination,83,0.0027020024966960213
conditional-fit-0011,axis4_reasoning_termination,84,0.00024315187911623504
conditional-fit-0011,axis4_reasoning_termination,85,0.0002947170100094556
conditional-fit-0011,axis4_reasoning_termination,86,0.2649213909237282
conditional-fit-0011,axis4_reasoning_termination,87,0.002369015228432016
conditional-fit-0011,axis4_reasoning_termination,88,0.00019945353245158173
conditional-fit-0011,axis4_reasoning_termination,89,5.6894516219874824e-05
conditional-fit-0011,axis4_reasoning_termination,90,8.83928140183501e-05
conditional-fit-0011,axis4_reasoning_termination,91,0.00017219800144009564
conditional-fit-0011,axis4_reasoning_termination,92,0.008649725801509429
conditional-fit-0011,axis4_reasoning_termination,93,0.02134109646643241
conditional-fit-0011,axis4_reasoning_termination,94,0.001375402902277158
conditional-fit-0011,axis4_reasoning_termination,95,0.016042314690665863
conditional-fit-0011,axis4_reasoning_termination,96,0.18261793876210636
conditional-fit-0011,axis4_reasoning_termination,97,0.11717025264804698
conditional-fit-0011,axis4_reasoning_termination,98,0.12717170092505894
conditional-fit-0011,axis4_reasoning_termination,99,0.09505030064284142
conditional-fit-0011,axis4_reasoning_termination,100,0.005693840833417526
conditional-fit-0011,axis4_reasoning_termination,101,0.015609072127531154
conditional-fit-0011,axis4_reasoning_termination,102,0.025642579300094857
conditional-fit-0011,axis4_reasoning_termination,103,0.003883615168131918
conditional-fit-0011,axis4_reasoning_termination,104,0.12868501078173944
conditional-fit-0011,axis4_reasoning_termination,105,0.0020160600446293433
conditional-fit-0011,axis4_reasoning_termination,106,0.008571041150780993
conditional-fit-0011,axis4_reasoning_termination,107,0.012136296898964352
conditional-fit-0011,axis4_reasoning_termination,108,0.01628622284393296
conditional-fit-0011,axis4_reasoning_termination,109,0.21711431186708938
conditional-fit-0011,axis4_reasoning_termination,110,0.025783136162477946
conditional-fit-0011,axis4_reasoning_termination,111,0.0029404346363359826
conditional-fit-0011,axis4_reasoning_termination,112,0.002633647346448699
conditional-fit-0011,axis4_reasoning_termination,113,0.027524177298006262
conditional-fit-0011,axis4_reasoning_termination,114,0.07208142541186052
conditional-fit-0011,axis4_reasoning_termination,115,0.5276907575366134
conditional-fit-0011,axis4_reasoning_termination,116,0.029051016608588724
conditional-fit-0011,axis4_reasoning_termination,117,0.014946778065062559
conditional-fit-0011,axis4_reasoning_termination,118,0.03433586154834603
conditional-fit-0011,axis4_reasoning_termination,119,0.002184339478597752
conditional-fit-0011,axis4_reasoning_termination,120,0.0009719049400430964
conditional-fit-0011,axis4_reasoning_termination,121,0.14650190905909333
conditional-fit-0011,axis4_reasoning_termination,122,0.0751911508670362
conditional-fit-0011,axis4_reasoning_termination,123,0.05102371933864992
conditional-fit-0011,axis4_reasoning_termination,124,0.17461048064748036
conditional-fit-0011,axis4_reasoning_termination,125,0.001118218297242977
conditional-fit-0011,axis4_reasoning_termination,126,0.09954481247603422
conditional-fit-0011,axis4_reasoning_termination,127,0.03459578690828943
conditional-fit-0011,axis4_reasoning_termination,128,0.03134026520221493
conditional-fit-0011,axis4_reasoning_termination,129,0.005962815837509029
conditional-fit-0011,axis4_reasoning_termination,130,0.00016709668715629702
conditional-fit-0011,axis4_reasoning_termination,131,0.0718776732402224
conditional-fit-0011,axis4_reasoning_termination,132,4.596379287162768e-05
conditional-fit-0011,axis4_reasoning_termination,133,0.01581365208155653
conditional-fit-0011,axis4_reasoning_termination,134,0.010409554792714618
conditional-fit-0011,axis4_reasoning_termination,135,0.11125891932864414
conditional-fit-0011,axis4_reasoning_termination,136,0.0032458818443120057
conditional-fit-0011,axis4_reasoning_termination,137,0.04505807876600122
conditional-fit-0011,axis4_reasoning_termination,138,0.051413711467508116
conditional-fit-0011,axis4_reasoning_termination,139,0.016016779669901806
conditional-fit-0011,axis4_reasoning_termination,140,0.002433077617651759
conditional-fit-0011,axis4_reasoning_termination,141,0.010893225674012677
conditional-fit-0011,axis4_reasoning_termination,142,0.00043184666457050014
conditional-fit-0011,axis4_reasoning_termination,143,0.0010523128278419318
conditional-fit-0011,axis4_reasoning_termination,144,0.0072673259086607385
conditional-fit-0011,axis4_reasoning_termination,145,9.943699054401526e-05
conditional-fit-0011,axis4_reasoning_termination,146,2.0759254261143473e-05
conditional-fit-0011,axis4_reasoning_termination,147,5.562084575989963e-05
conditional-fit-0011,axis4_reasoning_termination,148,6.008346564282475e-05
conditional-fit-0011,axis4_reasoning_termination,149,0.0021993567494584952
conditional-fit-0011,axis4_reasoning_termination,150,4.446178811918529e-05
conditional-fit-0011,axis4_reasoning_termination,151,0.0014869725054704893
conditional-fit-0011,axis4_reasoning_termination,152,0.0005848375869413062
conditional-fit-0011,axis4_reasoning_termination,153,4.03227887885654e-05
conditional-fit-0011,axis4_reasoning_termination,154,0.10855740035373589
conditional-fit-0011,axis4_reasoning_termination,155,0.01636722859539247
conditional-fit-0011,axis4_reasoning_termination,156,7.886954400882341e-05
conditional-fit-0011,axis4_reasoning_termination,157,0.062010799148731935
conditional-fit-0011,axis4_reasoning_termination,158,0.023347316160443103
conditional-fit-0011,axis4_reasoning_termination,159,0.056493567353806666
conditional-fit-0011,axis4_reasoning_termination,160,0.005131799293027806
conditional-fit-0011,axis4_reasoning_termination,161,0.001031088243447368
conditional-fit-0011,axis4_reasoning_termination,162,0.015401008047669626
conditional-fit-0011,axis4_reasoning_termination,163,9.034605600844955e-05
conditional-fit-0011,axis4_reasoning_termination,164,1.9777657979040828e-05
conditional-fit-0011,axis4_reasoning_termination,165,0.011059738286976917
conditional-fit-0011,axis4_reasoning_termination,166,0.08771653226830625
conditional-fit-0011,axis4_reasoning_termination,167,0.02326126994233621
conditional-fit-0011,axis4_reasoning_termination,168,0.0025601628702884337
conditional-fit-0011,axis4_reasoning_termination,169,0.006535427949380478
conditional-fit-0011,axis4_reasoning_termination,170,0.0023533113309936494
conditional-fit-0011,axis4_reasoning_termination,171,0.03020682418467672
conditional-fit-0011,axis4_reasoning_termination,172,0.002328396710516672
conditional-fit-0011,axis4_reasoning_termination,173,0.008477004017853507
conditional-fit-0011,axis4_reasoning_termination,174,0.02637525899085024
conditional-fit-0011,axis4_reasoning_termination,175,0.0006672565562555673
conditional-fit-0011,axis4_reasoning_termination,176,0.023169085860363557
conditional-fit-0011,axis4_reasoning_termination,177,0.05336938216386719
conditional-fit-0011,axis4_reasoning_termination,178,0.007613233451091029
conditional-fit-0011,axis4_reasoning_termination,179,0.602946860759547
conditional-fit-0011,axis4_reasoning_termination,180,0.03941302411441727
conditional-fit-0011,axis4_reasoning_termination,181,0.002336751439113512
conditional-fit-0011,axis4_reasoning_termination,182,0.0015748957833643163
conditional-fit-0011,axis4_reasoning_termination,183,0.04792316396297589
conditional-fit-0011,axis4_reasoning_termination,184,0.13393183809979783
conditional-fit-0011,axis4_reasoning_termination,185,0.05554577970863373
conditional-fit-0011,axis4_reasoning_termination,186,0.0005130453919561467
conditional-fit-0011,axis4_reasoning_termination,187,0.002922661963456598
conditional-fit-0011,axis4_reasoning_termination,188,0.18781541432779547
conditional-fit-0011,axis4_reasoning_termination,189,0.09918659972609876
conditional-fit-0011,axis4_reasoning_termination,190,0.013230699311849435
conditional-fit-0011,axis4_reasoning_termination,191,0.11970591571571076
conditional-fit-0011,axis4_reasoning_termination,192,0.0035600733200382853
conditional-fit-0011,axis4_reasoning_termination,193,0.0010018159610629914
conditional-fit-0011,axis4_reasoning_termination,194,0.04753880477333618
conditional-fit-0011,axis4_reasoning_termination,195,0.18339782325490586
conditional-fit-0011,axis4_reasoning_termination,196,0.05939639042164853
conditional-fit-0011,axis4_reasoning_termination,197,0.07410253793959114
conditional-fit-0011,axis4_reasoning_termination,198,0.025812409377545108
conditional-fit-0011,axis4_reasoning_termination,199,0.24098070387540949
conditional-fit-0011,axis4_reasoning_termination,200,0.08616836400119728
conditional-fit-0011,axis4_reasoning_termination,201,2.9015333555247292e-05
conditional-fit-0011,axis4_reasoning_termination,202,0.005496816844643942
conditional-fit-0011,axis4_reasoning_termination,203,0.00013664184877023146
conditional-fit-0011,axis4_reasoning_termination,204,0.00041671979735282354
conditional-fit-0011,axis4_reasoning_termination,205,0.13696509640723187
conditional-fit-0011,axis4_reasoning_termination,206,0.007224300421895118
conditional-fit-0011,axis4_reasoning_termination,207,0.0077772972139384736
conditional-fit-0011,axis4_reasoning_termination,208,3.310056416243284e-05
conditional-fit-0011,axis4_reasoning_termination,209,7.71222693979638e-07
conditional-fit-0011,axis4_reasoning_termination,210,0.0003729436456276295
conditional-fit-0011,axis4_reasoning_termination,211,9.381838309232319e-05
conditional-fit-0011,axis4_reasoning_termination,212,0.006308145688793272
conditional-fit-0011,axis4_reasoning_termination,213,0.038112415384043585
conditional-fit-0011,axis4_reasoning_termination,214,0.00033343292988882375
conditional-fit-0011,axis4_reasoning_termination,215,0.04405136530301158
conditional-fit-0011,axis4_reasoning_termination,216,0.33761304042767315
conditional-fit-0011,axis4_reasoning_termination,217,0.022635238414356086
conditional-fit-0011,axis4_reasoning_termination,218,0.38162221700929333
conditional-fit-0011,axis4_reasoning_termination,219,0.010803942644586177
conditional-fit-0011,axis4_reasoning_termination,220,0.00015898233304132862
conditional-fit-0011,axis4_reasoning_termination,221,0.0019025276073306053
conditional-fit-0011,axis4_reasoning_termination,222,0.001315466520088559
conditional-fit-0011,axis4_reasoning_termination,223,0.10024299315851237
conditional-fit-0011,axis4_reasoning_termination,224,0.024796544167597554
conditional-fit-0011,axis4_reasoning_termination,225,0.0007592292758293811
conditional-fit-0011,axis4_reasoning_termination,226,0.00047723469760483874
conditional-fit-0011,axis4_reasoning_termination,227,0.05548428788408488
conditional-fit-0011,axis4_reasoning_termination,228,0.006418479752163022
conditional-fit-0011,axis4_reasoning_termination,229,0.002646724987878367
conditional-fit-0011,axis4_reasoning_termination,230,0.016828259823912214
conditional-fit-0011,axis4_reasoning_termination,231,0.0004323779591877005
conditional-fit-0011,axis4_reasoning_termination,232,0.00021481381759016317
conditional-fit-0011,axis4_reasoning_termination,233,0.04310151248527672
conditional-fit-0011,axis4_reasoning_termination,234,0.11985048615779202
conditional-fit-0011,axis4_reasoning_termination,235,0.028551225785031987
conditional-fit-0011,axis4_reasoning_termination,236,0.00610003852833521
conditional-fit-0011,axis4_reasoning_termination,237,0.0030044390375248016
conditional-fit-0011,axis4_reasoning_termination,238,0.005388243410944283
conditional-fit-0011,axis4_reasoning_termination,239,0.022961740559509634
conditional-fit-0011,axis4_reasoning_termination,240,8.063799555330862e-07
conditional-fit-0011,axis4_reasoning_termination,241,0.0006118491222463594
conditional-fit-0011,axis4_reasoning_termination,242,9.188491787480417e-05
conditional-fit-0011,axis4_reasoning_termination,243,8.969746637470064e-05
conditional-fit-0011,axis4_reasoning_termination,244,0.00023866856477471423
conditional-fit-0011,axis4_reasoning_termination,245,0.005684954939856295
conditional-fit-0011,axis4_reasoning_termination,246,0.003972609905085362
conditional-fit-0011,axis4_reasoning_termination,247,3.568923798558652e-05
conditional-fit-0011,axis4_reasoning_termination,248,7.322415125947092e-05
conditional-fit-0011,axis4_reasoning_termination,249,6.648747607242646e-05
conditional-fit-0011,axis4_reasoning_termination,250,2.5750303535009182e-05
conditional-fit-0011,axis4_reasoning_termination,251,0.00032652513913565356
conditional-fit-0011,axis4_reasoning_termination,252,0.0192033736205418
conditional-fit-0011,axis4_reasoning_termination,253,0.00010010109087716244
conditional-fit-0011,axis4_reasoning_termination,254,0.03763787221431926
conditional-fit-0011,axis4_reasoning_termination,255,0.009461786164532925
conditional-fit-0011,axis4_reasoning_termination,256,0.016863543623831193
conditional-fit-0011,axis4_reasoning_termination,257,0.520699966565431
conditional-fit-0011,axis4_reasoning_termination,258,0.03160859422223379
conditional-fit-0011,axis4_reasoning_termination,259,0.00018852637539072263
conditional-fit-0011,axis4_reasoning_termination,260,0.000783847598699752
conditional-fit-0011,axis4_reasoning_termination,261,0.0013272502304274725
conditional-fit-0011,axis4_reasoning_termination,262,0.14036946311601495
conditional-fit-0011,axis4_reasoning_termination,263,0.010402003778074164
conditional-fit-0011,axis4_reasoning_termination,264,0.0009092253796971813
conditional-fit-0011,axis4_reasoning_termination,265,0.0016767277616198055
conditional-fit-0011,axis4_reasoning_termination,266,0.005566144233292696
conditional-fit-0011,axis4_reasoning_termination,267,0.0012919938634213541
conditional-fit-0011,axis4_reasoning_termination,268,0.005352031904195762
conditional-fit-0011,axis4_reasoning_termination,269,8.196597603193723e-05
conditional-fit-0011,axis4_reasoning_termination,270,8.75637540809241e-05
conditional-fit-0011,axis4_reasoning_termination,271,0.14622579337488797
conditional-fit-0011,axis4_reasoning_termination,272,0.0007932132289670572
conditional-fit-0011,axis4_reasoning_termination,273,0.0005442697526427349
conditional-fit-0011,axis4_reasoning_termination,274,0.03338884538591407
conditional-fit-0011,axis4_reasoning_termination,275,7.034478512262033e-06
conditional-fit-0011,axis4_reasoning_termination,276,6.647053715821384e-05
conditional-fit-0011,axis4_reasoning_termination,277,0.00025137397890932284
conditional-fit-0011,axis4_reasoning_termination,278,8.037171559041499e-07
conditional-fit-0011,axis4_reasoning_termination,279,0.00010904257473442537
conditional-fit-0011,axis4_reasoning_termination,280,8.389408436688074e-05
conditional-fit-0011,axis4_reasoning_termination,281,0.0051280294533554765
conditional-fit-0011,axis4_reasoning_termination,282,1.9617008607089907e-06
conditional-fit-0011,axis4_reasoning_termination,283,5.569628532496327e-05
conditional-fit-0011,axis4_reasoning_termination,284,0.00022658151050868717
conditional-fit-0011,axis4_reasoning_termination,285,0.0008541355053550352
conditional-fit-0011,axis4_reasoning_termination,286,0.007849488521552764
conditional-fit-0011,axis4_reasoning_termination,287,0.0002843030267623114
conditional-fit-0011,axis4_reasoning_termination,288,2.4642083149099475e-05
conditional-fit-0011,axis4_reasoning_termination,289,9.225717344262271e-06
conditional-fit-0011,axis4_reasoning_termination,290,3.296844486277712e-05
conditional-fit-0011,axis4_reasoning_termination,291,0.00038235652685829813
conditional-fit-0011,axis4_reasoning_termination,292,0.00048608434477149696
conditional-fit-0011,axis4_reasoning_termination,293,0.0003643134668268548
conditional-fit-0011,axis4_reasoning_termination,294,1.041327550789777e-05
conditional-fit-0011,axis4_reasoning_termination,295,1.3191206075160279e-05
conditional-fit-0011,axis4_reasoning_termination,296,4.179737164230307e-05
conditional-fit-0011,axis4_reasoning_termination,297,5.205917195714571e-05
conditional-fit-0011,axis4_reasoning_termination,298,2.343506745698546e-05
conditional-fit-0011,axis4_reasoning_termination,299,6.0644758457367384e-05
conditional-fit-0011,axis4_reasoning_termination,300,0.00022142845821658598
conditional-fit-0011,axis4_reasoning_termination,301,0.0002521810383489939
conditional-fit-0011,axis4_reasoning_termination,302,0.00023239284335922742
conditional-fit-0011,axis4_reasoning_termination,303,0.00018788619454171033
conditional-fit-0011,axis4_reasoning_termination,304,0.0001396265147002602
conditional-fit-0011,axis4_reasoning_termination,305,9.975458893144947e-05
conditional-fit-0011,axis4_reasoning_termination,306,6.1552245970338e-05
conditional-fit-0011,axis4_reasoning_termination,307,0.0006015793535182924
conditional-fit-0011,axis4_reasoning_termination,308,0.00035552807705462134
conditional-fit-0011,axis4_reasoning_termination,309,0.03449167932732654
conditional-fit-0011,axis4_reasoning_termination,310,5.1329738171477275e-05
conditional-fit-0011,axis4_reasoning_termination,311,0.017860710827654107
conditional-fit-0011,axis4_reasoning_termination,312,0.0029087691018216235
conditional-fit-0011,axis4_reasoning_termination,313,0.007256697357630159
conditional-fit-0011,axis4_reasoning_termination,314,0.39274413907576855
conditional-fit-0011,axis4_reasoning_termination,315,0.0039709734120714265
conditional-fit-0011,axis4_reasoning_termination,316,0.0003325865963642866
conditional-fit-0011,axis4_reasoning_termination,317,0.0003388794200426355
conditional-fit-0011,axis4_reasoning_termination,318,0.0006433857453631512
conditional-fit-0011,axis4_reasoning_termination,319,0.14283478671648353
conditional-fit-0011,axis4_reasoning_termination,320,0.0007068688148987182
conditional-fit-0011,axis4_reasoning_termination,321,0.014988542081753282
conditional-fit-0011,axis4_reasoning_termination,322,0.0008794337451705172
conditional-fit-0011,axis4_reasoning_termination,323,0.003697278771738516
conditional-fit-0011,axis4_reasoning_termination,324,3.4417464221514954e-05
conditional-fit-0011,axis4_reasoning_termination,325,1.48519474548237e-05
conditional-fit-0011,axis4_reasoning_termination,326,0.008993498233325592
conditional-fit-0011,axis4_reasoning_termination,327,0.00028469364131091803
conditional-fit-0011,axis4_reasoning_termination,328,4.4949630720302184e-05
conditional-fit-0011,axis4_reasoning_termination,329,0.00011991455148556223
conditional-fit-0011,axis4_reasoning_termination,330,1.058519741543258e-06
conditional-fit-0011,axis4_reasoning_termination,331,0.0011815420004710983
conditional-fit-0011,axis4_reasoning_termination,332,0.0001754680130643633
conditional-fit-0011,axis4_reasoning_termination,333,0.00019384232822709606
conditional-fit-0011,axis4_reasoning_termination,334,1.0078125661378563e-05
conditional-fit-0011,axis4_reasoning_termination,335,2.219292066956488e-06
conditional-fit-0011,axis4_reasoning_termination,336,0.00011934301459629386
conditional-fit-0011,axis4_reasoning_termination,337,6.717414733844577e-07
conditional-fit-0011,axis4_reasoning_termination,338,1.408831825914903e-06
conditional-fit-0011,axis4_reasoning_termination,339,4.131140966345843e-06
conditional-fit-0011,axis4_reasoning_termination,340,6.739432219433054e-05
conditional-fit-0011,axis4_reasoning_termination,341,1.9425822461176073e-05
conditional-fit-0011,axis4_reasoning_termination,342,3.004681347583539e-05
conditional-fit-0011,axis4_reasoning_termination,343,0.0006730339546561325
conditional-fit-0011,axis4_reasoning_termination,344,5.49368390423482e-06
conditional-fit-0011,axis4_reasoning_termination,345,5.024591100272072e-06
conditional-fit-0011,axis4_reasoning_termination,346,6.218604263756125e-06
conditional-fit-0011,axis4_reasoning_termination,347,1.6189512416711768e-06
conditional-fit-0011,axis4_reasoning_termination,348,2.3905677761006187e-06
conditional-fit-0011,axis4_reasoning_termination,349,6.318609615279644e-06
conditional-fit-0011,axis4_reasoning_termination,350,1.4165219331605394e-06
conditional-fit-0011,axis4_reasoning_termination,351,3.285848954480057e-06
conditional-fit-0011,axis4_reasoning_termination,352,1.017617378202426e-06
conditional-fit-0011,axis4_reasoning_termination,353,4.430898174625829e-06
conditional-fit-0011,axis4_reasoning_termination,354,2.891191027976317e-05
conditional-fit-0011,axis4_reasoning_termination,355,1.5821950327899978e-05
conditional-fit-0011,axis4_reasoning_termination,356,6.881883505077019e-06
conditional-fit-0011,axis4_reasoning_termination,357,8.962420480922806e-06
conditional-fit-0011,axis4_reasoning_termination,358,1.7121813860890045e-05
conditional-fit-0011,axis4_reasoning_termination,359,0.000131935375916852
conditional-fit-0011,axis4_reasoning_termination,360,2.3937165378893798e-05
conditional-fit-0011,axis4_reasoning_termination,361,1.103375062389697e-05
conditional-fit-0011,axis4_reasoning_termination,362,0.0002531996498248846
conditional-fit-0011,axis4_reasoning_termination,363,2.128914283453451e-05
conditional-fit-0011,axis4_reasoning_termination,364,6.211537566499265e-05
conditional-fit-0011,axis4_reasoning_termination,365,1.2772351483429692e-05
conditional-fit-0011,axis4_reasoning_termination,366,4.265266163313123e-05
conditional-fit-0011,axis4_reasoning_termination,367,0.0001583285356261953
conditional-fit-0011,axis4_reasoning_termination,368,1.7546761540347339e-06
conditional-fit-0011,axis4_reasoning_termination,369,3.833002214218969e-06
conditional-fit-0011,axis4_reasoning_termination,370,0.0008911974477778681
conditional-fit-0011,axis4_reasoning_termination,371,6.63198056536e-05
conditional-fit-0011,axis4_reasoning_termination,372,4.169305507247191e-05
conditional-fit-0011,axis4_reasoning_termination,373,2.363315602457098e-05
conditional-fit-0011,axis4_reasoning_termination,374,8.47830099824622e-06
conditional-fit-0011,axis4_reasoning_termination,375,6.987813064644898e-06
conditional-fit-0011,axis4_reasoning_termination,376,1.5699503941576707e-05
conditional-fit-0011,axis4_reasoning_termination,377,1.8984307195659273e-06
conditional-fit-0011,axis4_reasoning_termination,378,0.00042076302955013485
conditional-fit-0011,axis4_reasoning_termination,379,0.018364038167823532
conditional-fit-0011,axis4_reasoning_termination,380,1.2487250708879397e-05
conditional-fit-0011,axis4_reasoning_termination,381,0.011525470141811016
conditional-fit-0011,axis4_reasoning_termination,382,0.006569614959615468
conditional-fit-0011,axis4_reasoning_termination,383,0.002125277175547877
conditional-fit-0011,axis4_reasoning_termination,384,0.4287228347044566
conditional-fit-0011,axis4_reasoning_termination,385,0.002890110869723889
conditional-fit-0011,axis4_reasoning_termination,386,0.00012013992739518411
conditional-fit-0011,axis4_reasoning_termination,387,0.0002753138631059193
conditional-fit-0011,axis4_reasoning_termination,388,0.000609068709413715
conditional-fit-0011,axis4_reasoning_termination,389,0.21982022644897017
conditional-fit-0011,axis4_reasoning_termination,390,0.0009875642402054556
conditional-fit-0011,axis4_reasoning_termination,391,0.005285520585838008
conditional-fit-0011,axis4_reasoning_termination,392,0.00029333192672830887
conditional-fit-0011,axis4_reasoning_termination,393,0.0028411883322682213
conditional-fit-0011,axis4_reasoning_termination,394,1.999340698359783e-05
conditional-fit-0011,axis4_reasoning_termination,395,1.628991146296365e-05
conditional-fit-0011,axis4_reasoning_termination,396,0.00042514142229552155
conditional-fit-0011,axis4_reasoning_termination,397,3.912523451669681e-06
conditional-fit-0011,axis4_reasoning_termination,398,2.4460194224728263e-05
conditional-fit-0011,axis4_reasoning_termination,399,4.0679271335111824e-05
conditional-fit-0011,axis4_reasoning_termination,400,3.542802924979496e-06
conditional-fit-0011,axis4_reasoning_termination,401,4.595593044838724e-05
conditional-fit-0011,axis4_reasoning_termination,402,1.980511519656746e-05
conditional-fit-0011,axis4_reasoning_termination,403,3.223396052728413e-05
conditional-fit-0011,axis4_reasoning_termination,404,5.482850102093509e-06
conditional-fit-0011,axis4_reasoning_termination,405,2.5798307415459092e-06
conditional-fit-0011,axis4_reasoning_termination,406,9.673865503434015e-06
conditional-fit-0011,axis4_reasoning_termination,407,1.872981765941411e-05
conditional-fit-0011,axis4_reasoning_termination,408,7.178704967468885e-06
conditional-fit-0011,axis4_reasoning_termination,409,5.7127923457153164e-05
conditional-fit-0011,axis4_reasoning_termination,410,1.738866196708759e-05
conditional-fit-0011,axis4_reasoning_termination,411,3.6783584160498845e-06
conditional-fit-0011,axis4_reasoning_termination,412,1.5837559861681186e-05
conditional-fit-0011,axis4_reasoning_termination,413,0.00012081283682721421
conditional-fit-0011,axis4_reasoning_termination,414,6.129676709940931e-06
conditional-fit-0011,axis4_reasoning_termination,415,1.0157125120764345e-05
conditional-fit-0011,axis4_reasoning_termination,416,0.00010170105195684647
conditional-fit-0011,axis4_reasoning_termination,417,4.752695209094501e-06
conditional-fit-0011,axis4_reasoning_termination,418,1.2787902828094934e-05
conditional-fit-0011,axis4_reasoning_termination,419,2.5585083950593706e-05
conditional-fit-0011,axis4_reasoning_termination,420,4.677409932430628e-06
conditional-fit-0011,axis4_reasoning_termination,421,4.448108589328857e-06
conditional-fit-0011,axis4_reasoning_termination,422,1.6254685290521878e-06
conditional-fit-0011,axis4_reasoning_termination,423,5.410163520533822e-06
conditional-fit-0011,axis4_reasoning_termination,424,1.1323002850180192e-05
conditional-fit-0011,axis4_reasoning_termination,425,2.5192330950472185e-05
conditional-fit-0011,axis4_reasoning_termination,426,2.9995909448160816e-05
conditional-fit-0011,axis4_reasoning_termination,427,2.6956395947271027e-06
conditional-fit-0011,axis4_reasoning_termination,428,2.256821355710301e-06
conditional-fit-0011,axis4_reasoning_termination,429,4.242368803775716e-05
conditional-fit-0011,axis4_reasoning_termination,430,5.092770211416676e-06
conditional-fit-0011,axis4_reasoning_termination,431,0.0002086975739553456
conditional-fit-0011,axis4_reasoning_termination,432,1.1225933474172729e-05
conditional-fit-0011,axis4_reasoning_termination,433,1.879697620523373e-05
conditional-fit-0011,axis4_reasoning_termination,434,4.46418313064172e-05
conditional-fit-0011,axis4_reasoning_termination,435,4.929825842190533e-06
conditional-fit-0011,axis4_reasoning_termination,436,1.9358829637491915e-05
conditional-fit-0011,axis4_reasoning_termination,437,0.0002227160948420477
conditional-fit-0011,axis4_reasoning_termination,438,1.7382057921116239e-06
conditional-fit-0011,axis4_reasoning_termination,439,2.8644416163476285e-06
conditional-fit-0011,axis4_reasoning_termination,440,0.00024334946688299848
conditional-fit-0011,axis4_reasoning_termination,441,3.441225646273638e-05
conditional-fit-0011,axis4_reasoning_termination,442,9.092980406513977e-06
conditional-fit-0011,axis4_reasoning_termination,443,1.5013302759752924e-05
conditional-fit-0011,axis4_reasoning_termination,444,5.453172078254279e-05
conditional-fit-0011,axis4_reasoning_termination,445,5.216054379355379e-06
conditional-fit-0011,axis4_reasoning_termination,446,1.0414681626656172e-05
conditional-fit-0011,axis4_reasoning_termination,447,4.1645202875981857e-07
conditional-fit-0011,axis4_reasoning_termination,448,2.25179562743139e-05
conditional-fit-0011,axis4_reasoning_termination,449,0.005908473644850676
conditional-fit-0011,axis4_reasoning_termination,450,6.183070936298659e-06
conditional-fit-0011,axis4_reasoning_termination,451,0.00395461391523033
conditional-fit-0011,axis4_reasoning_termination,452,0.03246948526291073
conditional-fit-0011,axis4_reasoning_termination,453,0.0009047421609702812
conditional-fit-0011,axis4_reasoning_termination,454,0.32779542814230433
conditional-fit-0011,axis4_reasoning_termination,455,0.0047889254125193055
conditional-fit-0011,axis4_reasoning_termination,456,0.00010608468439892791
conditional-fit-0011,axis4_reasoning_termination,457,0.00010949472846680908
conditional-fit-0011,axis4_reasoning_termination,458,0.000699876800430374
conditional-fit-0011,axis4_reasoning_termination,459,0.11529004862905937
conditional-fit-0011,axis4_reasoning_termination,460,0.001712622513889575
conditional-fit-0011,axis4_reasoning_termination,461,0.00015340489806552168
conditional-fit-0011,axis4_reasoning_termination,462,0.00030961993427927777
conditional-fit-0011,axis4_reasoning_termination,463,0.01336901906769504
conditional-fit-0011,axis4_reasoning_termination,464,0.0004003355919011154
conditional-fit-0011,axis4_reasoning_termination,465,0.0033972854408697156
conditional-fit-0011,axis4_reasoning_termination,466,6.9007622115797546e-06
conditional-fit-0011,axis4_reasoning_termination,467,4.319759156592982e-06
conditional-fit-0011,axis4_reasoning_termination,468,0.0013968992903555882
conditional-fit-0011,axis4_reasoning_termination,469,3.209532626273332e-05
conditional-fit-0011,axis4_reasoning_termination,470,1.7169254019871531e-06
conditional-fit-0011,axis4_reasoning_termination,471,4.5959045360314895e-05
conditional-fit-0011,axis4_reasoning_termination,472,4.46444808851939e-07
conditional-fit-0011,axis4_reasoning_termination,473,1.2518749326781718e-06
conditional-fit-0011,axis4_reasoning_termination,474,5.244463471414422e-05
conditional-fit-0011,axis4_reasoning_termination,475,7.932220515856113e-07
conditional-fit-0011,axis4_reasoning_termination,476,7.148675468264324e-06
conditional-fit-0011,axis4_reasoning_termination,477,2.5374259494163417e-06
conditional-fit-0011,axis4_reasoning_termination,478,2.0000175399960728e-05
conditional-fit-0011,axis4_reasoning_termination,479,8.423285948556761e-07
conditional-fit-0011,axis4_reasoning_termination,480,3.443903395184616e-06
conditional-fit-0011,axis4_reasoning_termination,481,1.1261329032814483e-05
conditional-fit-0011,axis4_reasoning_termination,482,1.7271601840573662e-05
conditional-fit-0011,axis4_reasoning_termination,483,0.00029546014255709893
conditional-fit-0011,axis4_reasoning_termination,484,3.38936084214339e-05
conditional-fit-0011,axis4_reasoning_termination,485,3.2805179711220624e-06
conditional-fit-0011,axis4_reasoning_termination,486,1.240048365811771e-06
conditional-fit-0011,axis4_reasoning_termination,487,5.919734455728481e-07
conditional-fit-0011,axis4_reasoning_termination,488,2.3354145291358175e-05
conditional-fit-0011,axis4_reasoning_termination,489,1.6606293418078988e-05
conditional-fit-0011,axis4_reasoning_termination,490,3.91300997059965e-06
conditional-fit-0011,axis4_reasoning_termination,491,8.119492669840928e-06
conditional-fit-0011,axis4_reasoning_termination,492,4.5047497152225036e-07
conditional-fit-0011,axis4_reasoning_termination,493,1.2615330926028354e-05
conditional-fit-0011,axis4_reasoning_termination,494,4.8358765845288005e-06
conditional-fit-0011,axis4_reasoning_termination,495,1.977424256736149e-06
conditional-fit-0011,axis4_reasoning_termination,496,7.150090245945688e-06
conditional-fit-0011,axis4_reasoning_termination,497,1.0070257942194913e-05
conditional-fit-0011,axis4_reasoning_termination,498,9.267604774525206e-06
conditional-fit-0011,axis4_reasoning_termination,499,8.21736424107103e-06
conditional-fit-0011,axis4_reasoning_termination,500,6.064712096575019e-05
conditional-fit-0011,axis4_reasoning_termination,501,1.4320266539215815e-05
conditional-fit-0011,axis4_reasoning_termination,502,8.118995193853906e-06
conditional-fit-0011,axis4_reasoning_termination,503,4.855082694143507e-06
conditional-fit-0011,axis4_reasoning_termination,504,5.1243146548461124e-06
conditional-fit-0011,axis4_reasoning_termination,505,0.0003005685843952445
conditional-fit-0011,axis4_reasoning_termination,506,0.005400012641653036
conditional-fit-0011,axis4_reasoning_termination,507,7.67963233232552e-06
conditional-fit-0011,axis4_reasoning_termination,508,0.007101357403060095
conditional-fit-0011,axis4_reasoning_termination,509,0.10052406403303438
conditional-fit-0011,axis4_reasoning_termination,510,0.0047072213943904415
conditional-fit-0011,axis4_reasoning_termination,511,0.0028863963228654846
conditional-fit-0011,axis4_reasoning_termination,512,0.24486123026021128
conditional-fit-0011,axis4_reasoning_termination,513,0.00225110179427073
conditional-fit-0011,axis4_reasoning_termination,514,6.532875877488192e-05
conditional-fit-0011,axis4_reasoning_termination,515,6.0413325723976e-05
conditional-fit-0011,axis4_reasoning_termination,516,0.0004196905796755006
conditional-fit-0011,axis4_reasoning_termination,517,0.07564636485947941
conditional-fit-0011,axis4_reasoning_termination,518,0.0007245416927972128
conditional-fit-0011,axis4_reasoning_termination,519,0.00027925104492349087
conditional-fit-0011,axis4_reasoning_termination,520,0.0002978368999590584
conditional-fit-0011,axis4_reasoning_termination,521,0.0035384929017399035
conditional-fit-0011,axis4_reasoning_termination,522,0.00031429657981496176
conditional-fit-0011,axis4_reasoning_termination,523,0.0034956958274584256
conditional-fit-0011,axis4_reasoning_termination,524,1.6224785068982275e-05
conditional-fit-0011,axis4_reasoning_termination,525,2.0831504312318303e-05
conditional-fit-0011,axis4_reasoning_termination,526,0.00015516728154813753
conditional-fit-0011,axis4_reasoning_termination,527,1.1029089479803759e-05
conditional-fit-0011,axis4_reasoning_termination,528,2.981758521163657e-06
conditional-fit-0011,axis4_reasoning_termination,529,0.00039275576962888255
conditional-fit-0011,axis4_reasoning_termination,530,5.684800787616014e-07
conditional-fit-0011,axis4_reasoning_termination,531,1.1522569822435997e-06
conditional-fit-0011,axis4_reasoning_termination,532,6.461145650371369e-05
conditional-fit-0011,axis4_reasoning_termination,533,1.1213853343414264e-06
conditional-fit-0011,axis4_reasoning_termination,534,0.0006889211344902652
conditional-fit-0011,axis4_reasoning_termination,535,1.490885680073477e-06
conditional-fit-0011,axis4_reasoning_termination,536,2.7513451049100934e-05
conditional-fit-0011,axis4_reasoning_termination,537,7.188296977298256e-07
conditional-fit-0011,axis4_reasoning_termination,538,4.7676129195536655e-06
conditional-fit-0011,axis4_reasoning_termination,539,5.6381297177907065e-06
conditional-fit-0011,axis4_reasoning_termination,540,1.2658513868633365e-05
conditional-fit-0011,axis4_reasoning_termination,541,8.110313251269344e-05
conditional-fit-0011,axis4_reasoning_termination,542,2.5010705365094478e-05
conditional-fit-0011,axis4_reasoning_termination,543,1.4490358367111022e-06
conditional-fit-0011,axis4_reasoning_termination,544,1.719995246167896e-05
conditional-fit-0011,axis4_reasoning_termination,545,4.1387594918144454e-07
conditional-fit-0011,axis4_reasoning_termination,546,1.2552980658193137e-05
conditional-fit-0011,axis4_reasoning_termination,547,1.4757344417115245e-05
conditional-fit-0011,axis4_reasoning_termination,548,8.539611601105404e-06
conditional-fit-0011,axis4_reasoning_termination,549,2.178257648313642e-05
conditional-fit-0011,axis4_reasoning_termination,550,1.2006493469151268e-06
conditional-fit-0011,axis4_reasoning_termination,551,2.3921073301208805e-06
conditional-fit-0011,axis4_reasoning_termination,552,1.05984899583737e-05
conditional-fit-0011,axis4_reasoning_termination,553,4.65122368541356e-06
conditional-fit-0011,axis4_reasoning_termination,554,4.228083240472157e-06
conditional-fit-0011,axis4_reasoning_termination,555,1.784124762431187e-05
conditional-fit-0011,axis4_reasoning_termination,556,9.041610776986308e-06
conditional-fit-0011,axis4_reasoning_termination,557,1.684967218176146e-05
conditional-fit-0011,axis4_reasoning_termination,558,2.9392021296947644e-05
conditional-fit-0011,axis4_reasoning_termination,559,5.9720845311809886e-05
conditional-fit-0011,axis4_reasoning_termination,560,5.908645187693365e-06
conditional-fit-0011,axis4_reasoning_termination,561,6.42741971769338e-06
conditional-fit-0011,axis4_reasoning_termination,562,2.2738688289994432e-05
conditional-fit-0011,axis4_reasoning_termination,563,0.00015628649293540308
conditional-fit-0011,axis4_reasoning_termination,564,0.005297603304818542
conditional-fit-0011,axis4_reasoning_termination,565,1.456391743695242e-05
conditional-fit-0011,axis4_reasoning_termination,566,0.003130395513011678
conditional-fit-0011,axis4_reasoning_termination,567,0.008730792326003173
conditional-fit-0011,axis4_reasoning_termination,568,0.011728043651137682
conditional-fit-0011,axis4_reasoning_termination,569,0.31647626859058225
conditional-fit-0011,axis4_reasoning_termination,570,0.0033183027633991867
conditional-fit-0011,axis4_reasoning_termination,571,3.761748605236951e-05
conditional-fit-0011,axis4_reasoning_termination,572,0.00016209160890274336
conditional-fit-0011,axis4_reasoning_termination,573,0.00015829336247593997
conditional-fit-0011,axis4_reasoning_termination,574,0.03372816649300982
conditional-fit-0011,axis4_reasoning_termination,575,0.00011885386461623756
conditional-fit-0011,axis4_reasoning_termination,576,0.008485021708369003
conditional-fit-0011,axis4_reasoning_termination,577,0.0002309947257037968
conditional-fit-0011,axis4_reasoning_termination,578,0.0007304309352874431
conditional-fit-0011,axis4_reasoning_termination,579,2.901071088136341e-06
conditional-fit-0011,axis4_reasoning_termination,580,1.2955622699858174e-06
conditional-fit-0011,axis4_reasoning_termination,581,0.0004318710657221695
conditional-fit-0011,axis4_reasoning_termination,582,2.812370355675825e-06
conditional-fit-0011,axis4_reasoning_termination,583,4.395977037153252e-06
conditional-fit-0011,axis4_reasoning_termination,584,0.0001925726787536647
conditional-fit-0011,axis4_reasoning_termination,585,1.1816994683985993e-06
conditional-fit-0011,axis4_reasoning_termination,586,2.0012025392362056e-05
conditional-fit-0011,axis4_reasoning_termination,587,3.662227202975014e-05
conditional-fit-0011,axis4_reasoning_termination,588,1.2585101480774991e-05
conditional-fit-0011,axis4_reasoning_termination,589,2.633479424402085e-06
conditional-fit-0011,axis4_reasoning_termination,590,9.073651536384132e-08
conditional-fit-0011,axis4_reasoning_termination,591,1.5239995822793156e-06
conditional-fit-0011,axis4_reasoning_termination,592,3.753782370731033e-07
conditional-fit-0011,axis4_reasoning_termination,593,1.735150662980105e-06
conditional-fit-0011,axis4_reasoning_termination,594,5.9307912373544396e-06
conditional-fit-0011,axis4_reasoning_termination,595,1.983239593054309e-05
conditional-fit-0011,axis4_reasoning_termination,596,6.0132039730881304e-05
conditional-fit-0011,axis4_reasoning_termination,597,1.8769912141623928e-06
conditional-fit-0011,axis4_reasoning_termination,598,4.869536747510659e-05
conditional-fit-0011,axis4_reasoning_termination,599,3.388935375768874e-06
conditional-fit-0011,axis4_reasoning_termination,600,4.090308783165665e-06
conditional-fit-0011,axis4_reasoning_termination,601,2.9867891072252444e-05
conditional-fit-0011,axis4_reasoning_termination,602,2.8174689520447095e-06
conditional-fit-0011,axis4_reasoning_termination,603,2.9900407553536344e-06
conditional-fit-0011,axis4_reasoning_termination,604,4.538144048112635e-06
conditional-fit-0011,axis4_reasoning_termination,605,6.481509078776036e-07
conditional-fit-0011,axis4_reasoning_termination,606,1.6619001433862078e-07
conditional-fit-0011,axis4_reasoning_termination,607,7.018767856234195e-07
conditional-fit-0011,axis4_reasoning_termination,608,6.398693042150984e-07
conditional-fit-0011,axis4_reasoning_termination,609,3.775973044950299e-06
conditional-fit-0011,axis4_reasoning_termination,610,1.0449858827698737e-06
conditional-fit-0011,axis4_reasoning_termination,611,3.354144727687102e-06
conditional-fit-0011,axis4_reasoning_termination,612,1.1765780236124322e-06
conditional-fit-0011,axis4_reasoning_termination,613,8.015718303201351e-07
conditional-fit-0011,axis4_reasoning_termination,614,1.4863113346731679e-05
conditional-fit-0011,axis4_reasoning_termination,615,3.4374676014865216e-06
conditional-fit-0011,axis4_reasoning_termination,616,1.0009041714491884e-06
conditional-fit-0011,axis4_reasoning_termination,617,1.0397475248054081e-05
conditional-fit-0011,axis4_reasoning_termination,618,1.0521090427001742e-06
conditional-fit-0011,axis4_reasoning_termination,619,4.649172010393573e-06
conditional-fit-0011,axis4_reasoning_termination,620,7.067431060462489e-07
conditional-fit-0011,axis4_reasoning_termination,621,1.803112647024135e-06
conditional-fit-0011,axis4_reasoning_termination,622,4.24320985927596e-05
conditional-fit-0011,axis4_reasoning_termination,623,9.571698754866386e-07
conditional-fit-0011,axis4_reasoning_termination,624,3.847053108045825e-06
conditional-fit-0011,axis4_reasoning_termination,625,0.0009480158188137375
conditional-fit-0011,axis4_reasoning_termination,626,5.360936779131921e-06
conditional-fit-0011,axis4_reasoning_termination,627,8.153475024808757e-06
conditional-fit-0011,axis4_reasoning_termination,628,3.34792741390936e-06
conditional-fit-0011,axis4_reasoning_termination,629,1.6890044183342378e-05
conditional-fit-0011,axis4_reasoning_termination,630,1.2434102485446987e-06
conditional-fit-0011,axis4_reasoning_termination,631,5.476131166768285e-06
conditional-fit-0011,axis4_reasoning_termination,632,2.9226835613692677e-07
conditional-fit-0011,axis4_reasoning_termination,633,0.00039083901059518334
conditional-fit-0011,axis4_reasoning_termination,634,0.008576307856335424
conditional-fit-0011,axis4_reasoning_termination,635,6.619086240971379e-06
conditional-fit-0011,axis4_reasoning_termination,636,0.003687043292627483
conditional-fit-0011,axis4_reasoning_termination,637,0.004436922514160481
conditional-fit-0011,axis4_reasoning_termination,638,0.0002484302500315002
conditional-fit-0011,axis4_reasoning_termination,639,0.27224601969780887
conditional-fit-0011,axis4_reasoning_termination,640,0.0032068741033263264
conditional-fit-0011,axis4_reasoning_termination,641,3.1845927938492793e-05
conditional-fit-0011,axis4_reasoning_termination,642,7.657770429935737e-05
conditional-fit-0011,axis4_reasoning_termination,643,5.2082668173043154e-05
conditional-fit-0011,axis4_reasoning_termination,644,0.0276622130640858
conditional-fit-0011,axis4_reasoning_termination,645,6.69363341905639e-05
conditional-fit-0011,axis4_reasoning_termination,646,2.094001033079953e-06
conditional-fit-0011,axis4_reasoning_termination,647,9.85489955262031e-06
conditional-fit-0011,axis4_reasoning_termination,648,0.0005059596635854775
conditional-fit-0011,axis4_reasoning_termination,649,0.008536906114977247
conditional-fit-0011,axis4_reasoning_termination,650,0.0005941640713581861
conditional-fit-0011,axis4_reasoning_termination,651,0.00924009131681146
conditional-fit-0011,axis4_reasoning_termination,652,9.971538900505282e-06
conditional-fit-0011,axis4_reasoning_termination,653,1.7206316594176184e-06
conditional-fit-0011,axis4_reasoning_termination,654,0.0003005590572238072
conditional-fit-0011,axis4_reasoning_termination,655,0.000516297807849457
conditional-fit-0011,axis4_reasoning_termination,656,1.4463255270584998e-05
conditional-fit-0011,axis4_reasoning_termination,657,4.787569837101777e-06
conditional-fit-0011,axis4_reasoning_termination,658,2.2197185904299497e-05
conditional-fit-0011,axis4_reasoning_termination,659,3.1776891152167736e-06
conditional-fit-0011,axis4_reasoning_termination,660,2.380273328632166e-05
conditional-fit-0011,axis4_reasoning_termination,661,2.4281908334901358e-08
conditional-fit-0011,axis4_reasoning_termination,662,1.6076605828663119e-06
conditional-fit-0011,axis4_reasoning_termination,663,1.4480822118935843e-06
conditional-fit-0011,axis4_reasoning_termination,664,5.034474695474005e-06
conditional-fit-0011,axis4_reasoning_termination,665,1.2484018272745979e-06
conditional-fit-0011,axis4_reasoning_termination,666,7.2583472219788555e-06
conditional-fit-0011,axis4_reasoning_termination,667,2.4079577459073404e-06
conditional-fit-0011,axis4_reasoning_termination,668,1.4645877665370869e-05
conditional-fit-0011,axis4_reasoning_termination,669,2.2212872554255838e-07
conditional-fit-0011,axis4_reasoning_termination,670,3.04691970376035e-07
conditional-fit-0011,axis4_reasoning_termination,671,0.00011926837208496856
conditional-fit-0011,axis4_reasoning_termination,672,0.00036814721347131927
conditional-fit-0011,axis4_reasoning_termination,673,0.0039472284828745985
conditional-fit-0011,axis4_reasoning_termination,674,1.182237781074375e-05
conditional-fit-0011,axis4_reasoning_termination,675,0.005125479314857338
conditional-fit-0011,axis4_reasoning_termination,676,0.00646624696363871
conditional-fit-0011,axis4_reasoning_termination,677,0.0015040240797322463
conditional-fit-0011,axis4_reasoning_termination,678,0.15329436914063754
conditional-fit-0011,axis4_reasoning_termination,679,0.0015322730267509574
conditional-fit-0011,axis4_reasoning_termination,680,0.3917265385298708
conditional-fit-0011,axis4_reasoning_termination,681,0.3164528304013848
conditional-fit-0011,axis4_reasoning_termination,682,0.44360505078921464
conditional-fit-0011,axis4_reasoning_termination,683,0.006612528822571577
conditional-fit-0011,axis4_reasoning_termination,684,0.3996433780302323
conditional-fit-0011,axis4_reasoning_termination,685,0.2755333877267002
conditional-fit-0011,axis4_reasoning_termination,686,0.07123391694089015
conditional-fit-0011,axis4_reasoning_termination,687,0.17965696260845226
conditional-fit-0011,axis4_reasoning_termination,688,0.18018257420295225
conditional-fit-0011,axis4_reasoning_termination,689,0.16735992032116503
conditional-fit-0011,axis4_reasoning_termination,690,0.01577948648048249
conditional-fit-0011,axis4_reasoning_termination,691,0.01767059851646128
conditional-fit-0011,axis4_reasoning_termination,692,0.13014544681104553
conditional-fit-0011,axis4_reasoning_termination,693,0.08607359520996084
conditional-fit-0011,axis4_reasoning_termination,694,0.17738303219937485
conditional-fit-0011,axis4_reasoning_termination,695,0.10074362575213475
conditional-fit-0011,axis4_reasoning_termination,696,0.15918188490035381
conditional-fit-0011,axis4_reasoning_termination,697,0.14856661620591638
conditional-fit-0011,axis4_reasoning_termination,698,0.12367108008533659
conditional-fit-0011,axis4_reasoning_termination,699,0.08150457115423125
conditional-fit-0011,axis4_reasoning_termination,700,0.19895444018033573
conditional-fit-0011,axis4_reasoning_termination,701,0.49731310568441056
conditional-fit-0011,axis4_reasoning_termination,702,0.14903063104596362
conditional-fit-0011,axis4_reasoning_termination,703,0.0021158631073863506
conditional-fit-0011,axis4_reasoning_termination,704,0.0003552857348103248
conditional-fit-0011,axis4_reasoning_termination,705,6.583021776985582e-05
conditional-fit-0011,axis4_reasoning_termination,706,0.000683987133572313
conditional-fit-0011,axis4_reasoning_termination,707,0.011367297334531443
conditional-fit-0011,axis4_reasoning_termination,708,8.864423166511835e-06
conditional-fit-0011,axis4_reasoning_termination,709,0.005601893379516982
conditional-fit-0011,axis4_reasoning_termination,710,1.7384903745128255e-05
conditional-fit-0011,axis4_reasoning_termination,711,1.0463148821139626e-05
conditional-fit-0011,axis4_reasoning_termination,712,9.605501637993314e-06
conditional-fit-0011,axis4_reasoning_termination,713,0.00018195001018646924
conditional-fit-0011,axis4_reasoning_termination,714,0.006601753499199901
conditional-fit-0011,axis4_reasoning_termination,715,0.004044294738829174
conditional-fit-0011,axis4_reasoning_termination,716,0.0011295278124430425
conditional-fit-0011,axis4_reasoning_termination,717,0.0006223398832087015
conditional-fit-0011,axis4_reasoning_termination,718,0.0001030912608709285
conditional-fit-0011,axis4_reasoning_termination,719,2.311551029730782e-05
conditional-fit-0011,axis4_reasoning_termination,720,0.0002502398952071539
conditional-fit-0011,axis4_reasoning_termination,721,0.0012537280669380148
conditional-fit-0011,axis4_reasoning_termination,722,0.0001974828462848553
conditional-fit-0011,axis4_reasoning_termination,723,0.0001304378706443802
conditional-fit-0011,axis4_reasoning_termination,724,7.889808612230817e-06
conditional-fit-0011,axis4_reasoning_termination,725,0.00010290660234913888
conditional-fit-0011,axis4_reasoning_termination,726,0.00010151532381655568
conditional-fit-0011,axis4_reasoning_termination,727,0.0007764349810954206
conditional-fit-0011,axis4_reasoning_termination,728,0.0004995712272746395
conditional-fit-0011,axis4_reasoning_termination,729,0.00017225245714394254
conditional-fit-0011,axis4_reasoning_termination,730,0.002469068644146464
conditional-fit-0011,axis4_reasoning_termination,731,0.0015888867051296169
conditional-fit-0011,axis4_reasoning_termination,732,0.00027523538781814216
conditional-fit-0011,axis4_reasoning_termination,733,0.003273016266469642
conditional-fit-0011,axis4_reasoning_termination,734,0.0007062559916374679
conditional-fit-0011,axis4_reasoning_termination,735,0.00025831951442286646
conditional-fit-0011,axis4_reasoning_termination,736,0.0002659006048394225
conditional-fit-0011,axis4_reasoning_termination,737,0.004117643730075027
conditional-fit-0011,axis4_reasoning_termination,738,0.00643343675174417
conditional-fit-0011,axis4_reasoning_termination,739,0.09079175928288252
conditional-fit-0011,axis4_reasoning_termination,740,0.0002021444849987281
conditional-fit-0011,axis4_reasoning_termination,741,0.004079370101925229
conditional-fit-0011,axis4_reasoning_termination,742,0.0041807998379360875
conditional-fit-0011,axis4_reasoning_termination,743,0.009896350134029109
conditional-fit-0011,axis4_reasoning_termination,744,0.15417284126633804
conditional-fit-0011,axis4_reasoning_termination,745,0.09817999454125136
conditional-fit-0011,axis4_reasoning_termination,746,0.0009069164653203172
conditional-fit-0011,axis4_reasoning_termination,747,0.0002684671855333661
conditional-fit-0011,axis4_reasoning_termination,748,0.00023597057092679234
conditional-fit-0011,axis4_reasoning_termination,749,0.03712515350269354
conditional-fit-0011,axis4_reasoning_termination,750,0.00020050123878991407
conditional-fit-0011,axis4_reasoning_termination,751,4.363955776961084e-05
conditional-fit-0011,axis4_reasoning_termination,752,0.00024811974163415344
conditional-fit-0011,axis4_reasoning_termination,753,0.0018236820000927206
conditional-fit-0011,axis4_reasoning_termination,754,0.0011167577911668813
conditional-fit-0011,axis4_reasoning_termination,755,0.020448129384610863
conditional-fit-0011,axis4_reasoning_termination,756,7.62546667922015e-05
conditional-fit-0011,axis4_reasoning_termination,757,8.270152976841186e-05
conditional-fit-0011,axis4_reasoning_termination,758,0.0005113292886674146
conditional-fit-0011,axis4_reasoning_termination,759,6.300594122023507e-06
conditional-fit-0011,axis4_reasoning_termination,760,2.06298717727756e-06
conditional-fit-0011,axis4_reasoning_termination,761,3.193586455640931e-06
conditional-fit-0011,axis4_reasoning_termination,762,1.1362977425397966e-06
conditional-fit-0011,axis4_reasoning_termination,763,1.808213574792619e-06
conditional-fit-0011,axis4_reasoning_termination,764,2.8746894767938814e-05
conditional-fit-0011,axis4_reasoning_termination,765,3.4791079536355934e-06
conditional-fit-0011,axis4_reasoning_termination,766,6.515317026391282e-06
conditional-fit-0011,axis4_reasoning_termination,767,7.238880067443432e-06
conditional-fit-0011,axis4_reasoning_termination,768,5.1582058692423675e-06
conditional-fit-0011,axis4_reasoning_termination,769,4.2066139149459707e-07
conditional-fit-0011,axis4_reasoning_termination,770,2.569226809946766e-06
conditional-fit-0011,axis4_reasoning_termination,771,2.445839494194727e-05
conditional-fit-0011,axis4_reasoning_termination,772,2.0966773681247657e-05
conditional-fit-0011,axis4_reasoning_termination,773,0.00010723273214740061
conditional-fit-0011,axis4_reasoning_termination,774,9.683433272991808e-05
conditional-fit-0011,axis4_reasoning_termination,775,1.4071112986755031e-05
conditional-fit-0011,axis4_reasoning_termination,776,4.730297650142779e-05
conditional-fit-0011,axis4_reasoning_termination,777,1.285137670479974e-06
conditional-fit-0011,axis4_reasoning_termination,778,1.2039639217103075e-05
conditional-fit-0011,axis4_reasoning_termination,779,0.0001058724493044435
conditional-fit-0011,axis4_reasoning_termination,780,3.385459030737277e-05
conditional-fit-0011,axis4_reasoning_termination,781,1.4470817743313926e-06
conditional-fit-0011,axis4_reasoning_termination,782,1.8090087469177685e-05
conditional-fit-0011,axis4_reasoning_termination,783,5.6156296067231e-06
conditional-fit-0011,axis4_reasoning_termination,784,2.1618003882184466e-05
conditional-fit-0011,axis4_reasoning_termination,785,1.2742381273513339e-05
conditional-fit-0011,axis4_reasoning_termination,786,6.635546380759967e-06
conditional-fit-0011,axis4_reasoning_termination,787,1.5263615899705368e-05
conditional-fit-0011,axis4_reasoning_termination,788,4.769063356256206e-06
conditional-fit-0011,axis4_reasoning_termination,789,1.2911025359548382e-05
conditional-fit-0011,axis4_reasoning_termination,790,2.006655391535386e-05
conditional-fit-0011,axis4_reasoning_termination,791,1.3297155270754673e-05
conditional-fit-0011,axis4_reasoning_termination,792,5.7705901917973585e-05
conditional-fit-0011,axis4_reasoning_termination,793,3.622099244686441e-05
conditional-fit-0011,axis4_reasoning_termination,794,0.00030951593896637455
conditional-fit-0011,axis4_reasoning_termination,795,2.966054787303243e-05
conditional-fit-0011,axis4_reasoning_termination,796,0.0017075115417540224
conditional-fit-0011,axis4_reasoning_termination,797,9.051891442582968e-06
conditional-fit-0011,axis4_reasoning_termination,798,0.005700892549873831
conditional-fit-0011,axis4_reasoning_termination,799,0.01694058585053068
conditional-fit-0011,axis4_reasoning_termination,800,0.0039784033558773815
conditional-fit-0011,axis4_reasoning_termination,801,0.24035551424146298
conditional-fit-0011,axis4_reasoning_termination,802,0.026090850553246062
conditional-fit-0011,axis4_reasoning_termination,803,0.0025676397491379336
conditional-fit-0011,axis4_reasoning_termination,804,0.021213996946216822
conditional-fit-0011,axis4_reasoning_termination,805,0.0011153637948186437
conditional-fit-0011,axis4_reasoning_termination,806,2.5286014842590002e-05
conditional-fit-0011,axis4_reasoning_termination,807,0.00022980963079719232
conditional-fit-0011,axis4_reasoning_termination,808,0.0006275676422402824
conditional-fit-0011,axis4_reasoning_termination,809,0.00021854541714533488
conditional-fit-0011,axis4_reasoning_termination,810,0.00018002453166007654
conditional-fit-0011,axis4_reasoning_termination,811,3.6860405504229515e-05
conditional-fit-0011,axis4_reasoning_termination,812,3.7767566023697435e-05
conditional-fit-0011,axis4_reasoning_termination,813,3.545736097472285e-05
conditional-fit-0011,axis4_reasoning_termination,814,0.0001349922488119267
conditional-fit-0011,axis4_reasoning_termination,815,0.00025743436702103164
conditional-fit-0011,axis4_reasoning_termination,816,0.0004457059089891331
conditional-fit-0011,axis4_reasoning_termination,817,0.00025709279627272153
conditional-fit-0011,axis4_reasoning_termination,818,7.652085111811703e-06
conditional-fit-0011,axis4_reasoning_termination,819,7.868336852131113e-05
conditional-fit-0011,axis4_reasoning_termination,820,6.290690642610802e-05
conditional-fit-0011,axis4_reasoning_termination,821,0.00035019681252152537
conditional-fit-0011,axis4_reasoning_termination,822,0.00356964098655526
conditional-fit-0011,axis4_reasoning_termination,823,0.0006152551207567366
conditional-fit-0011,axis4_reasoning_termination,824,0.022520035090616966
conditional-fit-0011,axis4_reasoning_termination,825,0.00022494156390594387
conditional-fit-0011,axis4_reasoning_termination,826,3.40854923732371e-06
conditional-fit-0011,axis4_reasoning_termination,827,2.8697044642491035e-05
conditional-fit-0011,axis4_reasoning_termination,828,2.2758196293759898e-07
conditional-fit-0011,axis4_reasoning_termination,829,1.4525634200959821e-06
conditional-fit-0011,axis4_reasoning_termination,830,8.21957878762688e-06
conditional-fit-0011,axis4_reasoning_termination,831,1.0465584956122438e-06
conditional-fit-0011,axis4_reasoning_termination,832,8.107150544581871e-07
conditional-fit-0011,axis4_reasoning_termination,833,7.598907427993722e-06
conditional-fit-0011,axis4_reasoning_termination,834,5.243254316986246e-05
conditional-fit-0011,axis4_reasoning_termination,835,7.602980586153778e-07
conditional-fit-0011,axis4_reasoning_termination,836,2.378862884829644e-06
conditional-fit-0011,axis4_reasoning_termination,837,1.0427513253661567e-05
conditional-fit-0011,axis4_reasoning_termination,838,2.8550038463905983e-05
conditional-fit-0011,axis4_reasoning_termination,839,9.069034151037845e-05
conditional-fit-0011,axis4_reasoning_termination,840,1.0864653711070259e-05
conditional-fit-0011,axis4_reasoning_termination,841,1.323486770828731e-06
conditional-fit-0011,axis4_reasoning_termination,842,1.0467156246848395e-06
conditional-fit-0011,axis4_reasoning_termination,843,1.915981106726695e-07
conditional-fit-0011,axis4_reasoning_termination,844,4.136812361536094e-05
conditional-fit-0011,axis4_reasoning_termination,845,1.4179641478410252e-05
conditional-fit-0011,axis4_reasoning_termination,846,2.110490479682248e-06
conditional-fit-0011,axis4_reasoning_termination,847,7.766698678067694e-07
conditional-fit-0011,axis4_reasoning_termination,848,9.464134837192903e-07
conditional-fit-0011,axis4_reasoning_termination,849,1.5730759395892933e-05
conditional-fit-0011,axis4_reasoning_termination,850,8.417465013303865e-06
conditional-fit-0011,axis4_reasoning_termination,851,1.5352433847118405e-06
conditional-fit-0011,axis4_reasoning_termination,852,4.361646229666956e-05
conditional-fit-0011,axis4_reasoning_termination,853,3.580333662539113e-05
conditional-fit-0011,axis4_reasoning_termination,854,1.2500663934756652e-05
conditional-fit-0011,axis4_reasoning_termination,855,1.0153631942515897e-05
conditional-fit-0011,axis4_reasoning_termination,856,4.42641900977465e-05
conditional-fit-0011,axis4_reasoning_termination,857,6.006668058773068e-06
conditional-fit-0011,axis4_reasoning_termination,858,3.554083536188734e-06
conditional-fit-0011,axis4_reasoning_termination,859,5.82679278660015e-06
conditional-fit-0011,axis4_reasoning_termination,860,0.0001335930593069729
conditional-fit-0011,axis4_reasoning_termination,861,3.060660049632101e-05
conditional-fit-0011,axis4_reasoning_termination,862,0.0008989136649088486
conditional-fit-0011,axis4_reasoning_termination,863,3.695851562768608e-06
conditional-fit-0011,axis4_reasoning_termination,864,0.00414635035782593
conditional-fit-0011,axis4_reasoning_termination,865,0.016173834556147754
conditional-fit-0011,axis4_reasoning_termination,866,0.00481339641538441
conditional-fit-0011,axis4_reasoning_termination,867,0.28263601027372465
conditional-fit-0011,axis4_reasoning_termination,868,0.007080535657570799
conditional-fit-0011,axis4_reasoning_termination,869,2.236601722725381e-05
conditional-fit-0011,axis4_reasoning_termination,870,1.8762484300823536e-05
conditional-fit-0011,axis4_reasoning_termination,871,1.263393485176418e-05
conditional-fit-0011,axis4_reasoning_termination,872,0.013394422877074614
conditional-fit-0011,axis4_reasoning_termination,873,0.0002049154594169269
conditional-fit-0011,axis4_reasoning_termination,874,1.2354263234745337e-05
conditional-fit-0011,axis4_reasoning_termination,875,3.7148128401210756e-05
conditional-fit-0011,axis4_reasoning_termination,876,0.00025580057688736967
conditional-fit-0011,axis4_reasoning_termination,877,0.00013236359991623096
conditional-fit-0011,axis4_reasoning_termination,878,0.001777786111361841
conditional-fit-0011,axis4_reasoning_termination,879,1.1361489682575622e-05
conditional-fit-0011,axis4_reasoning_termination,880,1.0932739812358152e-05
conditional-fit-0011,axis4_reasoning_termination,881,0.0005106725584596648
conditional-fit-0011,axis4_reasoning_termination,882,1.5072455695129828e-06
conditional-fit-0011,axis4_reasoning_termination,883,4.426038705255423e-07
conditional-fit-0011,axis4_reasoning_termination,884,9.977094715049246e-06
conditional-fit-0011,axis4_reasoning_termination,885,3.3265619025083326e-07
conditional-fit-0011,axis4_reasoning_termination,886,1.8164576672794848e-06
conditional-fit-0011,axis4_reasoning_termination,887,9.579191707655241e-06
conditional-fit-0011,axis4_reasoning_termination,888,1.904574925674068e-06
conditional-fit-0011,axis4_reasoning_termination,889,1.763365112466371e-05
conditional-fit-0011,axis4_reasoning_termination,890,1.6329968411664976e-06
conditional-fit-0011,axis4_reasoning_termination,891,0.00010267080831303103
conditional-fit-0011,axis4_reasoning_termination,892,3.332452306240699e-07
conditional-fit-0011,axis4_reasoning_termination,893,5.906098315197675e-06
conditional-fit-0011,axis4_reasoning_termination,894,1.3409330303177201e-05
conditional-fit-0011,axis4_reasoning_termination,895,8.955296007785022e-07
conditional-fit-0011,axis4_reasoning_termination,896,7.299261977731459e-06
conditional-fit-0011,axis4_reasoning_termination,897,5.776361519778339e-06
conditional-fit-0011,axis4_reasoning_termination,898,8.999413058782943e-07
conditional-fit-0011,axis4_reasoning_termination,899,7.030270447234355e-07
conditional-fit-0011,axis4_reasoning_termination,900,3.1969655049957454e-07
conditional-fit-0011,axis4_reasoning_termination,901,5.650640372788189e-06
conditional-fit-0011,axis4_reasoning_termination,902,9.755037104138939e-06
conditional-fit-0011,axis4_reasoning_termination,903,9.113935069515767e-06
conditional-fit-0011,axis4_reasoning_termination,904,2.358063053333036e-06
conditional-fit-0011,axis4_reasoning_termination,905,2.725277990059186e-06
conditional-fit-0011,axis4_reasoning_termination,906,0.0003345458455993661
conditional-fit-0011,axis4_reasoning_termination,907,9.05817079305353e-06
conditional-fit-0011,axis4_reasoning_termination,908,3.182874321775032e-06
conditional-fit-0011,axis4_reasoning_termination,909,1.9700743744586627e-05
conditional-fit-0011,axis4_reasoning_termination,910,1.4149272395586447e-05
conditional-fit-0011,axis4_reasoning_termination,911,4.212015134230499e-06
conditional-fit-0011,axis4_reasoning_termination,912,2.8043604943476933e-06
conditional-fit-0011,axis4_reasoning_termination,913,8.166640044686699e-06
conditional-fit-0011,axis4_reasoning_termination,914,5.0227450594453905e-06
conditional-fit-0011,axis4_reasoning_termination,915,9.19168695442202e-06
conditional-fit-0011,axis4_reasoning_termination,916,3.2278638067300905e-05
conditional-fit-0011,axis4_reasoning_termination,917,0.00041009467051883756
conditional-fit-0011,axis4_reasoning_termination,918,5.098737817610419e-05
conditional-fit-0011,axis4_reasoning_termination,919,0.0010870891128628548
conditional-fit-0011,axis4_reasoning_termination,920,2.518647557143681e-05
conditional-fit-0011,axis4_reasoning_termination,921,0.00511872378668121
conditional-fit-0011,axis4_reasoning_termination,922,0.06389759673394806
conditional-fit-0011,axis4_reasoning_termination,923,0.2214829752683582
conditional-fit-0011,axis4_reasoning_termination,924,0.007997733630109
conditional-fit-0011,axis4_reasoning_termination,925,0.0003801986320716087
conditional-fit-0011,axis4_reasoning_termination,926,0.03654409370444111
conditional-fit-0011,axis4_reasoning_termination,927,1.4137867181065718e-06
conditional-fit-0011,axis4_reasoning_termination,928,0.0007991024939141815
conditional-fit-0011,axis4_reasoning_termination,929,5.2708919355735005e-06
conditional-fit-0011,axis4_reasoning_termination,930,1.0264865970521398e-06
conditional-fit-0011,axis4_reasoning_termination,931,0.0021145993244404675
conditional-fit-0011,axis4_reasoning_termination,932,0.00032148953401132604
conditional-fit-0011,axis4_reasoning_termination,933,0.0003542819463094887
conditional-fit-0011,axis4_reasoning_termination,934,0.0003275529422630811
conditional-fit-0011,axis4_reasoning_termination,935,0.00021867046184083643
conditional-fit-0011,axis4_reasoning_termination,936,0.0006343191873151129
conditional-fit-0011,axis4_reasoning_termination,937,0.00011746885773933833
conditional-fit-0011,axis4_reasoning_termination,938,0.00020620169429940542
conditional-fit-0011,axis4_reasoning_termination,939,0.0015656455417290107
conditional-fit-0011,axis4_reasoning_termination,940,0.0001763724936953472
conditional-fit-0011,axis4_reasoning_termination,941,8.34954188279759e-05
conditional-fit-0011,axis4_reasoning_termination,942,9.296106996682065e-06
conditional-fit-0011,axis4_reasoning_termination,943,0.00011958154268049023
conditional-fit-0011,axis4_reasoning_termination,944,1.8351683002918536e-05
conditional-fit-0011,axis4_reasoning_termination,945,0.0012315891949213986
conditional-fit-0011,axis4_reasoning_termination,946,0.0034499415253433437
conditional-fit-0011,axis4_reasoning_termination,947,0.0030375435104127058
conditional-fit-0011,axis4_reasoning_termination,948,0.04440123311383764
conditional-fit-0011,axis4_reasoning_termination,949,0.000307540334198575
conditional-fit-0011,axis4_reasoning_termination,950,0.00031032932473306366
conditional-fit-0011,axis4_reasoning_termination,951,8.904752926970137e-05
conditional-fit-0011,axis4_reasoning_termination,952,5.509374207118023e-05
conditional-fit-0011,axis4_reasoning_termination,953,0.0012187811155395542
conditional-fit-0011,axis4_reasoning_termination,954,1.6396172703200502e-05
conditional-fit-0011,axis4_reasoning_termination,955,1.8480855426934148e-05
conditional-fit-0011,axis4_reasoning_termination,956,9.812934991143989e-06
conditional-fit-0011,axis4_reasoning_termination,957,2.153102041314098e-05
conditional-fit-0011,axis4_reasoning_termination,958,0.0010122463718006982
conditional-fit-0011,axis4_reasoning_termination,959,0.0002016929342585249
conditional-fit-0011,axis4_reasoning_termination,960,0.0001381446522992819
conditional-fit-0011,axis4_reasoning_termination,961,3.970854372055999e-06
conditional-fit-0011,axis4_reasoning_termination,962,1.2967347745986666e-05
conditional-fit-0011,axis4_reasoning_termination,963,0.00020962229366378434
conditional-fit-0011,axis4_reasoning_termination,964,3.46826609003333e-05
conditional-fit-0011,axis4_reasoning_termination,965,0.0001055122686328725
conditional-fit-0011,axis4_reasoning_termination,966,9.090183968902659e-06
conditional-fit-0011,axis4_reasoning_termination,967,0.0009146124460743832
conditional-fit-0011,axis4_reasoning_termination,968,9.26798660363137e-06
conditional-fit-0011,axis4_reasoning_termination,969,5.025279831437163e-05
conditional-fit-0011,axis4_reasoning_termination,970,1.4768843089256565e-05
conditional-fit-0011,axis4_reasoning_termination,971,1.7834191770083317e-07
conditional-fit-0011,axis4_reasoning_termination,972,0.001443799892496805
conditional-fit-0011,axis4_reasoning_termination,973,0.000232373871570477
conditional-fit-0011,axis4_reasoning_termination,974,0.0014625670787722913
conditional-fit-0011,axis4_reasoning_termination,975,0.0009959699799669255
conditional-fit-0011,axis4_reasoning_termination,976,1.2921267476983039e-05
conditional-fit-0011,axis4_reasoning_termination,977,0.0066735646809027846
conditional-fit-0011,axis4_reasoning_termination,978,0.05351803874680254
conditional-fit-0011,axis4_reasoning_termination,979,0.0211806005874067
conditional-fit-0011,axis4_reasoning_termination,980,0.0002483410351753131
conditional-fit-0011,axis4_reasoning_termination,981,0.3013273741300545
conditional-fit-0011,axis4_reasoning_termination,982,0.0013061418778520994
conditional-fit-0011,axis4_reasoning_termination,983,1.5158847738526058e-05
conditional-fit-0011,axis4_reasoning_termination,984,1.5321552203875428e-05
conditional-fit-0011,axis4_reasoning_termination,985,1.0804962639647086e-05
conditional-fit-0011,axis4_reasoning_termination,986,0.06814542464435344
conditional-fit-0011,axis4_reasoning_termination,987,2.6828325472644185e-05
conditional-fit-0011,axis4_reasoning_termination,988,0.0010720261239914057
conditional-fit-0011,axis4_reasoning_termination,989,0.00016138817238469196
conditional-fit-0011,axis4_reasoning_termination,990,0.006865190432329171
conditional-fit-0011,axis4_reasoning_termination,991,1.9981764921379367e-05
conditional-fit-0011,axis4_reasoning_termination,992,4.946944326731948e-06
conditional-fit-0011,axis4_reasoning_termination,993,0.00012049132394725216
conditional-fit-0011,axis4_reasoning_termination,994,1.6474186691659312e-06
conditional-fit-0011,axis4_reasoning_termination,995,1.8566893821492647e-06
conditional-fit-0011,axis4_reasoning_termination,996,7.748177171017443e-05
conditional-fit-0011,axis4_reasoning_termination,997,2.898958889482688e-07
conditional-fit-0011,axis4_reasoning_termination,998,7.614057628038453e-06
conditional-fit-0011,axis4_reasoning_termination,999,4.1084245610992705e-06
conditional-fit-0011,axis4_reasoning_termination,1000,6.716603612023079e-05
conditional-fit-0011,axis4_reasoning_termination,1001,0.0002620947803974594
conditional-fit-0011,axis4_reasoning_termination,1002,8.928248062402501e-08
conditional-fit-0011,axis4_reasoning_termination,1003,2.269847247171947e-06
conditional-fit-0011,axis4_reasoning_termination,1004,2.764795161825686e-07
conditional-fit-0011,axis4_reasoning_termination,1005,3.192330974264732e-07
conditional-fit-0011,axis4_reasoning_termination,1006,1.1004042565623093e-05
conditional-fit-0011,axis4_reasoning_termination,1007,7.1463214252562594e-06
conditional-fit-0011,axis4_reasoning_termination,1008,1.4856801324739623e-06
conditional-fit-0011,axis4_reasoning_termination,1009,1.7342905188542914e-06
conditional-fit-0011,axis4_reasoning_termination,1010,7.267142441653318e-06
conditional-fit-0011,axis4_reasoning_termination,1011,8.026299986866882e-07
conditional-fit-0011,axis4_reasoning_termination,1012,1.4187226894176194e-07
conditional-fit-0011,axis4_reasoning_termination,1013,2.228027301599065e-06
conditional-fit-0011,axis4_reasoning_termination,1014,3.6561941177034247e-07
conditional-fit-0011,axis4_reasoning_termination,1015,7.344509950359298e-07
conditional-fit-0011,axis4_reasoning_termination,1016,1.2274865951955167e-06
conditional-fit-0011,axis4_reasoning_termination,1017,8.024684922009501e-07
conditional-fit-0011,axis4_reasoning_termination,1018,1.27074594939707e-07
conditional-fit-0011,axis4_reasoning_termination,1019,4.952462573382508e-08
conditional-fit-0011,axis4_reasoning_termination,1020,5.499316161021017e-07
conditional-fit-0011,axis4_reasoning_termination,1021,1.344449433127109e-06
conditional-fit-0011,axis4_reasoning_termination,1022,9.999428656484991e-06
conditional-fit-0011,axis4_reasoning_termination,1023,2.6466331171526836e-06
conditional-fit-0011,axis4_reasoning_termination,1024,3.991500648612297e-07
conditional-fit-0011,axis4_reasoning_termination,1025,6.14587205612257e-07
conditional-fit-0011,axis4_reasoning_termination,1026,5.323729663713782e-06
conditional-fit-0011,axis4_reasoning_termination,1027,1.6186706051586688e-06
conditional-fit-0011,axis4_reasoning_termination,1028,8.813696345171016e-07
conditional-fit-0011,axis4_reasoning_termination,1029,8.97759246537024e-06
conditional-fit-0011,axis4_reasoning_termination,1030,1.82023955947052e-07
conditional-fit-0011,axis4_reasoning_termination,1031,3.0186859141415976e-06
conditional-fit-0011,axis4_reasoning_termination,1032,1.590394829683161e-06
conditional-fit-0011,axis4_reasoning_termination,1033,1.505740365383523e-06
conditional-fit-0011,axis4_reasoning_termination,1034,0.00014591725274261378
conditional-fit-0011,axis4_reasoning_termination,1035,7.219760709930433e-07
conditional-fit-0011,axis4_reasoning_termination,1036,1.2352443739350582e-05
conditional-fit-0011,axis4_reasoning_termination,1037,0.0006884590913770805
conditional-fit-0011,axis4_reasoning_termination,1038,3.875373891882859e-05
conditional-fit-0011,axis4_reasoning_termination,1039,8.743156121346547e-06
conditional-fit-0011,axis4_reasoning_termination,1040,1.1477870418042286e-05
conditional-fit-0011,axis4_reasoning_termination,1041,4.885805772106997e-05
conditional-fit-0011,axis4_reasoning_termination,1042,1.510119942969285e-06
conditional-fit-0011,axis4_reasoning_termination,1043,2.2738046499586738e-05
conditional-fit-0011,axis4_reasoning_termination,1044,5.572514788726059e-07
conditional-fit-0011,axis4_reasoning_termination,1045,1.1102085405511449e-05
conditional-fit-0011,axis4_reasoning_termination,1046,0.0004941412762514361
conditional-fit-0011,axis4_reasoning_termination,1047,1.2381025124724643e-05
conditional-fit-0011,axis4_reasoning_termination,1048,0.01699818031100964
conditional-fit-0011,axis4_reasoning_termination,1049,1.2214862612018798
conditional-fit-0011,axis4_reasoning_termination,1050,0.3177951713914251
conditional-fit-0011,axis4_reasoning_termination,1051,0.00019332555086917146
conditional-fit-0011,axis4_reasoning_termination,1052,0.2167337030410954
conditional-fit-0011,axis4_reasoning_termination,1053,0.002597411442729663
conditional-fit-0011,axis4_reasoning_termination,1054,1.9273104724741882e-05
conditional-fit-0011,axis4_reasoning_termination,1055,4.4572571889498424e-05
conditional-fit-0011,axis4_reasoning_termination,1056,3.3766819468896245e-05
conditional-fit-0011,axis4_reasoning_termination,1057,0.007873105287998831
conditional-fit-0011,axis4_reasoning_termination,1058,2.2467230179009757e-05
conditional-fit-0011,axis4_reasoning_termination,1059,2.5813451099722153e-05
conditional-fit-0011,axis4_reasoning_termination,1060,3.900580446879022e-05
conditional-fit-0011,axis4_reasoning_termination,1061,7.871449390461202e-07
conditional-fit-0011,axis4_reasoning_termination,1062,0.0002483939660850473
conditional-fit-0011,axis4_reasoning_termination,1063,0.0039827031780896045
conditional-fit-0011,axis4_reasoning_termination,1064,0.002044531730924406
conditional-fit-0011,axis4_reasoning_termination,1065,0.0066353477136890104
conditional-fit-0011,axis4_reasoning_termination,1066,0.00010148378244615738
conditional-fit-0011,axis4_reasoning_termination,1067,1.92849951673094e-05
conditional-fit-0011,axis4_reasoning_termination,1068,0.00032976667350944017
conditional-fit-0011,axis4_reasoning_termination,1069,2.9183976266640462e-06
conditional-fit-0011,axis4_reasoning_termination,1070,9.400393948454048e-06
conditional-fit-0011,axis4_reasoning_termination,1071,1.7743965656750173e-05
conditional-fit-0011,axis4_reasoning_termination,1072,2.435101383641517e-06
conditional-fit-0011,axis4_reasoning_termination,1073,5.2974698912887085e-06
conditional-fit-0011,axis4_reasoning_termination,1074,6.684541459960019e-05
conditional-fit-0011,axis4_reasoning_termination,1075,6.151912376251582e-07
conditional-fit-0011,axis4_reasoning_termination,1076,3.6366870009916053e-07
conditional-fit-0011,axis4_reasoning_termination,1077,2.6324246436235455e-06
conditional-fit-0011,axis4_reasoning_termination,1078,1.4597995658847757e-05
conditional-fit-0011,axis4_reasoning_termination,1079,1.2390223404983598e-05
conditional-fit-0011,axis4_reasoning_termination,1080,8.407073574424144e-06
conditional-fit-0011,axis4_reasoning_termination,1081,7.728337195347195e-06
conditional-fit-0011,axis4_reasoning_termination,1082,4.9507504920936874e-06
conditional-fit-0011,axis4_reasoning_termination,1083,4.282226894890853e-07
conditional-fit-0011,axis4_reasoning_termination,1084,1.1726996549274888e-06
conditional-fit-0011,axis4_reasoning_termination,1085,9.463342567065194e-07
conditional-fit-0011,axis4_reasoning_termination,1086,5.136840603631442e-07
conditional-fit-0011,axis4_reasoning_termination,1087,1.0655755576291235e-05
conditional-fit-0011,axis4_reasoning_termination,1088,2.4214333727012426e-06
conditional-fit-0011,axis4_reasoning_termination,1089,2.745933651879141e-05
conditional-fit-0011,axis4_reasoning_termination,1090,0.0001406159286658772
conditional-fit-0011,axis4_reasoning_termination,1091,1.473296479208893e-07
conditional-fit-0011,axis4_reasoning_termination,1092,9.925873331529226e-06
conditional-fit-0011,axis4_reasoning_termination,1093,1.3247286413361981e-05
conditional-fit-0011,axis4_reasoning_termination,1094,2.2729811718763103e-05
conditional-fit-0011,axis4_reasoning_termination,1095,0.00015664234353746556
conditional-fit-0011,axis4_reasoning_termination,1096,3.506564212958168e-05
conditional-fit-0011,axis4_reasoning_termination,1097,0.008948891789773757
conditional-fit-0011,axis4_reasoning_termination,1098,0.004717469024148206
conditional-fit-0011,axis4_reasoning_termination,1099,0.002312806189870431
conditional-fit-0011,axis4_reasoning_termination,1100,0.1770641691790312
conditional-fit-0011,axis4_reasoning_termination,1101,0.041777133419962406
conditional-fit-0011,axis4_reasoning_termination,1102,1.2214145155294306e-05
conditional-fit-0011,axis4_reasoning_termination,1103,3.057829741871881e-05
conditional-fit-0011,axis4_reasoning_termination,1104,7.144794917022468e-06
conditional-fit-0011,axis4_reasoning_termination,1105,0.01768677828403118
conditional-fit-0011,axis4_reasoning_termination,1106,3.4044624196026194e-06
conditional-fit-0011,axis4_reasoning_termination,1107,1.8230817396537812e-05
conditional-fit-0011,axis4_reasoning_termination,1108,6.953645240483971e-06
conditional-fit-0011,axis4_reasoning_termination,1109,9.715828637886276e-08
conditional-fit-0011,axis4_reasoning_termination,1110,2.611515294494898e-05
conditional-fit-0011,axis4_reasoning_termination,1111,0.00022341092132722407
conditional-fit-0011,axis4_reasoning_termination,1112,0.0003891691460892522
conditional-fit-0011,axis4_reasoning_termination,1113,0.0002240610548140173
conditional-fit-0011,axis4_reasoning_termination,1114,1.372373900567928e-05
conditional-fit-0011,axis4_reasoning_termination,1115,2.6186469971710544e-06
conditional-fit-0011,axis4_reasoning_termination,1116,1.9614443401964212e-05
conditional-fit-0011,axis4_reasoning_termination,1117,6.568971154160821e-07
conditional-fit-0011,axis4_reasoning_termination,1118,3.853263260600848e-06
conditional-fit-0011,axis4_reasoning_termination,1119,1.4544374885013843e-06
conditional-fit-0011,axis4_reasoning_termination,1120,4.3947522479979863e-07
conditional-fit-0011,axis4_reasoning_termination,1121,1.3145448728352086e-06
conditional-fit-0011,axis4_reasoning_termination,1122,1.3616745609873944e-06
conditional-fit-0011,axis4_reasoning_termination,1123,5.626989918172557e-07
conditional-fit-0011,axis4_reasoning_termination,1124,3.224177415790558e-05
conditional-fit-0011,axis4_reasoning_termination,1125,9.428505560778842e-07
conditional-fit-0011,axis4_reasoning_termination,1126,1.1098381653457894e-05
conditional-fit-0011,axis4_reasoning_termination,1127,1.0832853899359588e-06
conditional-fit-0011,axis4_reasoning_termination,1128,7.341973618002826e-07
conditional-fit-0011,axis4_reasoning_termination,1129,2.993619148964871e-07
conditional-fit-0011,axis4_reasoning_termination,1130,6.796140185523268e-05
conditional-fit-0011,axis4_reasoning_termination,1131,8.759877399835086e-07
conditional-fit-0011,axis4_reasoning_termination,1132,8.883994013198814e-07
conditional-fit-0011,axis4_reasoning_termination,1133,4.5752653360737203e-07
conditional-fit-0011,axis4_reasoning_termination,1134,4.189737025230703e-07
conditional-fit-0011,axis4_reasoning_termination,1135,4.607807855116393e-05
conditional-fit-0011,axis4_reasoning_termination,1136,4.378079789208686e-07
conditional-fit-0011,axis4_reasoning_termination,1137,0.00021583986538509947
conditional-fit-0011,axis4_reasoning_termination,1138,6.3131229475933755e-06
conditional-fit-0011,axis4_reasoning_termination,1139,6.662507220276346e-07
conditional-fit-0011,axis4_reasoning_termination,1140,1.1218332242491062e-05
conditional-fit-0011,axis4_reasoning_termination,1141,1.0356272345005943e-06
conditional-fit-0011,axis4_reasoning_termination,1142,1.0878702423686321e-05
conditional-fit-0011,axis4_reasoning_termination,1143,0.00016947485842049915
conditional-fit-0011,axis4_reasoning_termination,1144,1.4598380029724154e-05
conditional-fit-0011,axis4_reasoning_termination,1145,0.012015318437916431
conditional-fit-0011,axis4_reasoning_termination,1146,0.00571886453457888
conditional-fit-0011,axis4_reasoning_termination,1147,0.01807574136915272
conditional-fit-0011,axis4_reasoning_termination,1148,0.0013133083753412128
conditional-fit-0011,axis4_reasoning_termination,1149,0.3011084103164321
conditional-fit-0011,axis4_reasoning_termination,1150,0.0021253209083481397
conditional-fit-0011,axis4_reasoning_termination,1151,2.228541755913439e-05
conditional-fit-0011,axis4_reasoning_termination,1152,0.023398196893359934
conditional-fit-0011,axis4_reasoning_termination,1153,2.272805190466119e-05
conditional-fit-0011,axis4_reasoning_termination,1154,4.793256883535411e-06
conditional-fit-0011,axis4_reasoning_termination,1155,1.8731417035769522e-05
conditional-fit-0011,axis4_reasoning_termination,1156,3.6713920176020743e-06
conditional-fit-0011,axis4_reasoning_termination,1157,1.5154310961217812e-06
conditional-fit-0011,axis4_reasoning_termination,1158,1.3443715624401866e-05
conditional-fit-0011,axis4_reasoning_termination,1159,1.6440470664515254e-06
conditional-fit-0011,axis4_reasoning_termination,1160,2.41508667190758e-06
conditional-fit-0011,axis4_reasoning_termination,1161,1.155117328049143e-06
conditional-fit-0011,axis4_reasoning_termination,1162,6.155009655880917e-05
conditional-fit-0011,axis4_reasoning_termination,1163,1.5416705533894114e-05
conditional-fit-0011,axis4_reasoning_termination,1164,1.209503138179705e-05
conditional-fit-0011,axis4_reasoning_termination,1165,6.203249675769071e-06
conditional-fit-0011,axis4_reasoning_termination,1166,1.2793958006610825e-06
conditional-fit-0011,axis4_reasoning_termination,1167,1.4482188048309478e-05
conditional-fit-0011,axis4_reasoning_termination,1168,6.3318215368636325e-06
conditional-fit-0011,axis4_reasoning_termination,1169,2.5742519165182522e-05
conditional-fit-0011,axis4_reasoning_termination,1170,0.002581845258365733
conditional-fit-0011,axis4_reasoning_termination,1171,0.0006833891160849584
conditional-fit-0011,axis4_reasoning_termination,1172,0.003506652352462565
conditional-fit-0011,axis4_reasoning_termination,1173,2.7240778461158493e-06
conditional-fit-0011,axis4_reasoning_termination,1174,2.543612702607635e-07
conditional-fit-0011,axis4_reasoning_termination,1175,3.6094166116463614e-06
conditional-fit-0011,axis4_reasoning_termination,1176,7.114020972173428e-08
conditional-fit-0011,axis4_reasoning_termination,1177,2.2301584171347923e-06
conditional-fit-0011,axis4_reasoning_termination,1178,1.9245301880459407e-06
conditional-fit-0011,axis4_reasoning_termination,1179,7.089531013102558e-07
conditional-fit-0011,axis4_reasoning_termination,1180,7.071382209455218e-08
conditional-fit-0011,axis4_reasoning_termination,1181,5.832707937940819e-07
conditional-fit-0011,axis4_reasoning_termination,1182,5.327193699377642e-07
conditional-fit-0011,axis4_reasoning_termination,1183,7.051421657421219e-08
conditional-fit-0011,axis4_reasoning_termination,1184,1.0325528181118382e-06
conditional-fit-0011,axis4_reasoning_termination,1185,2.0347796236023483e-06
conditional-fit-0011,axis4_reasoning_termination,1186,2.377835588198868e-06
conditional-fit-0011,axis4_reasoning_termination,1187,1.3535189602569662e-05
conditional-fit-0011,axis4_reasoning_termination,1188,2.5348271098546705e-06
conditional-fit-0011,axis4_reasoning_termination,1189,2.935084604628943e-07
conditional-fit-0011,axis4_reasoning_termination,1190,7.501837435687437e-08
conditional-fit-0011,axis4_reasoning_termination,1191,1.1982765041392894e-07
conditional-fit-0011,axis4_reasoning_termination,1192,8.741281443660201e-07
conditional-fit-0011,axis4_reasoning_termination,1193,1.0342559957347909e-05
conditional-fit-0011,axis4_reasoning_termination,1194,4.833816176522442e-07
conditional-fit-0011,axis4_reasoning_termination,1195,9.054345798394776e-08
conditional-fit-0011,axis4_reasoning_termination,1196,1.2193661249918121e-06
conditional-fit-0011,axis4_reasoning_termination,1197,1.2199573432578446e-05
conditional-fit-0011,axis4_reasoning_termination,1198,9.383278162815435e-07
conditional-fit-0011,axis4_reasoning_termination,1199,3.850769127562909e-07
conditional-fit-0011,axis4_reasoning_termination,1200,2.5844465493987297e-06
conditional-fit-0011,axis4_reasoning_termination,1201,6.505043166924612e-06
conditional-fit-0011,axis4_reasoning_termination,1202,1.1479793121161343e-05
conditional-fit-0011,axis4_reasoning_termination,1203,1.9500877673890814e-07
conditional-fit-0011,axis4_reasoning_termination,1204,1.9740839950775424e-06
conditional-fit-0011,axis4_reasoning_termination,1205,5.605005451975895e-07
conditional-fit-0011,axis4_reasoning_termination,1206,6.160328221019392e-07
conditional-fit-0011,axis4_reasoning_termination,1207,1.0165572733733302e-06
conditional-fit-0011,axis4_reasoning_termination,1208,1.586743660900002e-05
conditional-fit-0011,axis4_reasoning_termination,1209,2.179123843230471e-05
conditional-fit-0011,axis4_reasoning_termination,1210,0.00011148226038919675
conditional-fit-0011,axis4_reasoning_termination,1211,4.493845225896356e-06
conditional-fit-0011,axis4_reasoning_termination,1212,0.005452773115559133
conditional-fit-0011,axis4_reasoning_termination,1213,0.09850405722729486
conditional-fit-0011,axis4_reasoning_termination,1214,4.509414261749164e-05
conditional-fit-0011,axis4_reasoning_termination,1215,0.15667273294907647
conditional-fit-0011,axis4_reasoning_termination,1216,0.03933063765552912
conditional-fit-0011,axis4_reasoning_termination,1217,9.06984219282078e-07
conditional-fit-0011,axis4_reasoning_termination,1218,5.752908930619128e-06
conditional-fit-0011,axis4_reasoning_termination,1219,7.628445122288544e-06
conditional-fit-0011,axis4_reasoning_termination,1220,0.005111137858572142
conditional-fit-0011,axis4_reasoning_termination,1221,2.3298820846576264e-06
conditional-fit-0011,axis4_reasoning_termination,1222,1.076947397936927e-05
conditional-fit-0011,axis4_reasoning_termination,1223,8.57210185930732e-06
conditional-fit-0011,axis4_reasoning_termination,1224,0.00015090859667846637
conditional-fit-0011,axis4_reasoning_termination,1225,0.00029462840044332136
conditional-fit-0011,axis4_reasoning_termination,1226,0.00030953462698497954
conditional-fit-0011,axis4_reasoning_termination,1227,3.6503343940016285e-06
conditional-fit-0011,axis4_reasoning_termination,1228,4.244665522572746e-06
conditional-fit-0011,axis4_reasoning_termination,1229,3.248557225955856e-05
conditional-fit-0011,axis4_reasoning_termination,1230,4.6842089043083765e-07
conditional-fit-0011,axis4_reasoning_termination,1231,9.213592812009829e-07
conditional-fit-0011,axis4_reasoning_termination,1232,1.565968209680804e-06
conditional-fit-0011,axis4_reasoning_termination,1233,1.4654133058773059e-07
conditional-fit-0011,axis4_reasoning_termination,1234,3.2689532276450205e-07
conditional-fit-0011,axis4_reasoning_termination,1235,1.124449964586777e-05
conditional-fit-0011,axis4_reasoning_termination,1236,5.073905742838713e-07
conditional-fit-0011,axis4_reasoning_termination,1237,3.1182007436853427e-06
conditional-fit-0011,axis4_reasoning_termination,1238,1.0192405459283478e-06
conditional-fit-0011,axis4_reasoning_termination,1239,4.405552379393547e-06
conditional-fit-0011,axis4_reasoning_termination,1240,7.721493341741161e-07
conditional-fit-0011,axis4_reasoning_termination,1241,5.785533545066821e-07
conditional-fit-0011,axis4_reasoning_termination,1242,2.127336045305169e-06
conditional-fit-0011,axis4_reasoning_termination,1243,6.562440752965126e-07
conditional-fit-0011,axis4_reasoning_termination,1244,1.6402727187826546e-05
conditional-fit-0011,axis4_reasoning_termination,1245,3.2872208077560614e-06
conditional-fit-0011,axis4_reasoning_termination,1246,2.173554932905638e-06
conditional-fit-0011,axis4_reasoning_termination,1247,2.2538580112988106e-07
conditional-fit-0011,axis4_reasoning_termination,1248,1.28747416754956e-07
conditional-fit-0011,axis4_reasoning_termination,1249,2.986131740474739e-06
conditional-fit-0011,axis4_reasoning_termination,1250,2.663061472470967e-06
conditional-fit-0011,axis4_reasoning_termination,1251,2.0326472931946848e-06
conditional-fit-0011,axis4_reasoning_termination,1252,2.5325738279419393e-07
conditional-fit-0011,axis4_reasoning_termination,1253,1.7804857865771472e-07
conditional-fit-0011,axis4_reasoning_termination,1254,1.2733655968164713e-05
conditional-fit-0011,axis4_reasoning_termination,1255,3.450602324096782e-06
conditional-fit-0011,axis4_reasoning_termination,1256,1.8726451196310992e-06
conditional-fit-0011,axis4_reasoning_termination,1257,2.49821803876572e-06
conditional-fit-0011,axis4_reasoning_termination,1258,2.8666350332546936e-06
conditional-fit-0011,axis4_reasoning_termination,1259,4.933803792139507e-06
conditional-fit-0011,axis4_reasoning_termination,1260,5.280342891334877e-06
conditional-fit-0011,axis4_reasoning_termination,1261,4.042998163054867e-06
conditional-fit-0011,axis4_reasoning_termination,1262,7.0483158486404745e-06
conditional-fit-0011,axis4_reasoning_termination,1263,9.718217384491754e-06
conditional-fit-0011,axis4_reasoning_termination,1264,2.563182349705261e-06
conditional-fit-0011,axis4_reasoning_termination,1265,3.799566055803471e-05
conditional-fit-0011,axis4_reasoning_termination,1266,0.0002572997820991782
conditional-fit-0011,axis4_reasoning_termination,1267,0.0001572914590216352
conditional-fit-0011,axis4_reasoning_termination,1268,5.165239521765322e-06
conditional-fit-0011,axis4_reasoning_termination,1269,0.004595387175116432
conditional-fit-0011,axis4_reasoning_termination,1270,0.02317045029197473
conditional-fit-0011,axis4_reasoning_termination,1271,0.2215696781994135
conditional-fit-0011,axis4_reasoning_termination,1272,0.017775593729012704
conditional-fit-0011,axis4_reasoning_termination,1273,2.0988756740328848e-06
conditional-fit-0011,axis4_reasoning_termination,1274,1.0985630861360036e-05
conditional-fit-0011,axis4_reasoning_termination,1275,1.5013290304986813e-05
conditional-fit-0011,axis4_reasoning_termination,1276,0.0037301042907321516
conditional-fit-0011,axis4_reasoning_termination,1277,5.852410570066461e-06
conditional-fit-0011,axis4_reasoning_termination,1278,2.7652976969793854e-07
conditional-fit-0011,axis4_reasoning_termination,1279,1.935344786669862e-06
conditional-fit-0011,axis4_reasoning_termination,1280,4.70504941143785e-05
conditional-fit-0011,axis4_reasoning_termination,1281,4.121646698439899e-05
conditional-fit-0011,axis4_reasoning_termination,1282,0.00044478220470370306
conditional-fit-0011,axis4_reasoning_termination,1283,0.003275781769858766
conditional-fit-0011,axis4_reasoning_termination,1284,1.6375768162400212e-06
conditional-fit-0011,axis4_reasoning_termination,1285,1.934998331301983e-06
conditional-fit-0011,axis4_reasoning_termination,1286,9.624738815552855e-05
conditional-fit-0011,axis4_reasoning_termination,1287,4.20822816139572e-05
conditional-fit-0011,axis4_reasoning_termination,1288,1.2168084678298624e-06
conditional-fit-0011,axis4_reasoning_termination,1289,6.916693129465152e-07
conditional-fit-0011,axis4_reasoning_termination,1290,1.5874569441576459e-06
conditional-fit-0011,axis4_reasoning_termination,1291,3.942679765713918e-07
conditional-fit-0011,axis4_reasoning_termination,1292,2.3211322190827125e-06
conditional-fit-0011,axis4_reasoning_termination,1293,6.44670335196361e-09
conditional-fit-0011,axis4_reasoning_termination,1294,2.8667873611903614e-06
conditional-fit-0011,axis4_reasoning_termination,1295,5.583648896654323e-08
conditional-fit-0011,axis4_reasoning_termination,1296,3.918222481153264e-05
conditional-fit-0011,axis4_reasoning_termination,1297,8.065884595908999e-07
conditional-fit-0011,axis4_reasoning_termination,1298,1.639336958213638e-06
conditional-fit-0011,axis4_reasoning_termination,1299,3.2539906511288313e-06
conditional-fit-0011,axis4_reasoning_termination,1300,1.896308981192052e-05
conditional-fit-0011,axis4_reasoning_termination,1301,9.002263101698357e-09
conditional-fit-0011,axis4_reasoning_termination,1302,2.7618524706945555e-06
conditional-fit-0011,axis4_reasoning_termination,1303,2.0994604522465112e-06
conditional-fit-0011,axis4_reasoning_termination,1304,4.983528756822399e-06
conditional-fit-0011,axis4_reasoning_termination,1305,6.172872256477123e-05
conditional-fit-0011,axis4_reasoning_termination,1306,5.0435598370260295e-06
conditional-fit-0011,axis4_reasoning_termination,1307,0.005809269850581297
conditional-fit-0011,axis4_reasoning_termination,1308,0.0018168293337971278
conditional-fit-0011,axis4_reasoning_termination,1309,0.03265520622224036
conditional-fit-0011,axis4_reasoning_termination,1310,6.0898308264269876e-05
conditional-fit-0011,axis4_reasoning_termination,1311,0.26083612538084155
conditional-fit-0011,axis4_reasoning_termination,1312,0.015515643248279712
conditional-fit-0011,axis4_reasoning_termination,1313,3.035862144038445e-06
conditional-fit-0011,axis4_reasoning_termination,1314,2.1212504163249295e-05
conditional-fit-0011,axis4_reasoning_termination,1315,3.7451256570908114e-06
conditional-fit-0011,axis4_reasoning_termination,1316,0.002676231742101606
conditional-fit-0011,axis4_reasoning_termination,1317,2.7335964078672865e-06
conditional-fit-0011,axis4_reasoning_termination,1318,1.9842946631441587e-06
conditional-fit-0011,axis4_reasoning_termination,1319,1.3090665267625185e-05
conditional-fit-0011,axis4_reasoning_termination,1320,0.00022938361841811942
conditional-fit-0011,axis4_reasoning_termination,1321,0.0001130401141558955
conditional-fit-0011,axis4_reasoning_termination,1322,0.0004806562755935572
conditional-fit-0011,axis4_reasoning_termination,1323,4.507794183322019e-06
conditional-fit-0011,axis4_reasoning_termination,1324,6.40565817533448e-06
conditional-fit-0011,axis4_reasoning_termination,1325,2.6647928597373563e-05
conditional-fit-0011,axis4_reasoning_termination,1326,5.176816387379236e-07
conditional-fit-0011,axis4_reasoning_termination,1327,1.665369425539684e-07
conditional-fit-0011,axis4_reasoning_termination,1328,3.4480002860955896e-06
conditional-fit-0011,axis4_reasoning_termination,1329,1.1350469566217099e-07
conditional-fit-0011,axis4_reasoning_termination,1330,2.3032142921473308e-07
conditional-fit-0011,axis4_reasoning_termination,1331,9.067866833906501e-07
conditional-fit-0011,axis4_reasoning_termination,1332,3.852810403260112e-07
conditional-fit-0011,axis4_reasoning_termination,1333,1.7974650707666835e-07
conditional-fit-0011,axis4_reasoning_termination,1334,2.5997133962143393e-07
conditional-fit-0011,axis4_reasoning_termination,1335,9.595768650386937e-07
conditional-fit-0011,axis4_reasoning_termination,1336,7.364244104725628e-07
conditional-fit-0011,axis4_reasoning_termination,1337,6.946296572805322e-07
conditional-fit-0011,axis4_reasoning_termination,1338,2.1676507825379815e-06
conditional-fit-0011,axis4_reasoning_termination,1339,7.912371074843571e-07
conditional-fit-0011,axis4_reasoning_termination,1340,6.982297575081778e-06
conditional-fit-0011,axis4_reasoning_termination,1341,9.333406097257413e-06
conditional-fit-0011,axis4_reasoning_termination,1342,7.601518245212018e-07
conditional-fit-0011,axis4_reasoning_termination,1343,1.492741697727351e-06
conditional-fit-0011,axis4_reasoning_termination,1344,2.958508972530653e-07
conditional-fit-0011,axis4_reasoning_termination,1345,1.8646257197138888e-06
conditional-fit-0011,axis4_reasoning_termination,1346,2.0347656253650675e-06
conditional-fit-0011,axis4_reasoning_termination,1347,1.4494020868918848e-06
conditional-fit-0011,axis4_reasoning_termination,1348,5.111986365095761e-07
conditional-fit-0011,axis4_reasoning_termination,1349,1.4954486736329876e-07
conditional-fit-0011,axis4_reasoning_termination,1350,1.4993208677914485e-05
conditional-fit-0011,axis4_reasoning_termination,1351,4.936487340008955e-06
conditional-fit-0011,axis4_reasoning_termination,1352,1.811416691272974e-06
conditional-fit-0011,axis4_reasoning_termination,1353,1.5401387096385298e-05
conditional-fit-0011,axis4_reasoning_termination,1354,4.991588104199148e-06
conditional-fit-0011,axis4_reasoning_termination,1355,1.7554881777716397e-05
conditional-fit-0011,axis4_reasoning_termination,1356,5.777609080023951e-07
conditional-fit-0011,axis4_reasoning_termination,1357,1.4578273780925941e-05
conditional-fit-0011,axis4_reasoning_termination,1358,5.8477269660804196e-06
conditional-fit-0011,axis4_reasoning_termination,1359,3.215224108449913e-06
conditional-fit-0011,axis4_reasoning_termination,1360,4.8346208356044e-06
conditional-fit-0011,axis4_reasoning_termination,1361,0.00017204128761015705
conditional-fit-0011,axis4_reasoning_termination,1362,2.448182164828099e-05
conditional-fit-0011,axis4_reasoning_termination,1363,0.00022114439617804013
conditional-fit-0011,axis4_reasoning_termination,1364,4.9861644947345e-06
conditional-fit-0011,axis4_reasoning_termination,1365,0.004075156436438998
conditional-fit-0011,axis4_reasoning_termination,1366,0.020337917512538148
conditional-fit-0011,axis4_reasoning_termination,1367,0.20958871018665973
conditional-fit-0011,axis4_reasoning_termination,1368,0.017178570673094917
conditional-fit-0011,axis4_reasoning_termination,1369,2.6250439295229732e-06
conditional-fit-0011,axis4_reasoning_termination,1370,2.894109357422888e-05
conditional-fit-0011,axis4_reasoning_termination,1371,1.5016394130768197e-05
conditional-fit-0011,axis4_reasoning_termination,1372,0.0024984755953609437
conditional-fit-0011,axis4_reasoning_termination,1373,2.094383631566511e-06
conditional-fit-0011,axis4_reasoning_termination,1374,5.746953080690004e-06
conditional-fit-0011,axis4_reasoning_termination,1375,8.031977738304751e-06
conditional-fit-0011,axis4_reasoning_termination,1376,4.469276662289668e-05
conditional-fit-0011,axis4_reasoning_termination,1377,0.00043707834191297404
conditional-fit-0011,axis4_reasoning_termination,1378,0.0007608401184354728
conditional-fit-0011,axis4_reasoning_termination,1379,1.7134240851760151e-06
conditional-fit-0011,axis4_reasoning_termination,1380,2.849144826277977e-06
conditional-fit-0011,axis4_reasoning_termination,1381,3.6617403173554036e-05
conditional-fit-0011,axis4_reasoning_termination,1382,4.4163773020876657e-07
conditional-fit-0011,axis4_reasoning_termination,1383,7.770841201680985e-07
conditional-fit-0011,axis4_reasoning_termination,1384,3.19470961014013e-06
conditional-fit-0011,axis4_reasoning_termination,1385,3.160649242723748e-07
conditional-fit-0011,axis4_reasoning_termination,1386,2.12327128370479e-06
conditional-fit-0011,axis4_reasoning_termination,1387,4.45747117616295e-06
conditional-fit-0011,axis4_reasoning_termination,1388,1.9442800945471542e-06
conditional-fit-0011,axis4_reasoning_termination,1389,6.31114206743503e-07
conditional-fit-0011,axis4_reasoning_termination,1390,2.2575835443699567e-07
conditional-fit-0011,axis4_reasoning_termination,1391,9.987968402219713e-06
conditional-fit-0011,axis4_reasoning_termination,1392,1.4897573663260374e-06
conditional-fit-0011,axis4_reasoning_termination,1393,1.4469654386821822e-06
conditional-fit-0011,axis4_reasoning_termination,1394,5.005059309210565e-06
conditional-fit-0011,axis4_reasoning_termination,1395,1.740339128030176e-06
conditional-fit-0011,axis4_reasoning_termination,1396,5.490587603295563e-06
conditional-fit-0011,axis4_reasoning_termination,1397,9.359147166081338e-06
conditional-fit-0011,axis4_reasoning_termination,1398,1.0221039695836182e-06
conditional-fit-0011,axis4_reasoning_termination,1399,5.806470917271022e-07
conditional-fit-0011,axis4_reasoning_termination,1400,4.0594825091424084e-07
conditional-fit-0011,axis4_reasoning_termination,1401,3.18821966097252e-06
conditional-fit-0011,axis4_reasoning_termination,1402,7.309885274443698e-06
conditional-fit-0011,axis4_reasoning_termination,1403,3.6439710529793575e-06
conditional-fit-0011,axis4_reasoning_termination,1404,3.446002976337791e-06
conditional-fit-0011,axis4_reasoning_termination,1405,4.979966869816496e-06
conditional-fit-0011,axis4_reasoning_termination,1406,1.7360925036558586e-05
conditional-fit-0011,axis4_reasoning_termination,1407,1.1481726664917626e-05
conditional-fit-0011,axis4_reasoning_termination,1408,5.329304862407779e-06
conditional-fit-0011,axis4_reasoning_termination,1409,1.522687012175632e-05
conditional-fit-0011,axis4_reasoning_termination,1410,1.4381997962081068e-05
conditional-fit-0011,axis4_reasoning_termination,1411,5.464356450239117e-06
conditional-fit-0011,axis4_reasoning_termination,1412,5.542558098207913e-07
conditional-fit-0011,axis4_reasoning_termination,1413,4.997372126737889e-06
conditional-fit-0011,axis4_reasoning_termination,1414,2.2534675569431934e-06
conditional-fit-0011,axis4_reasoning_termination,1415,1.0227131238708042e-05
conditional-fit-0011,axis4_reasoning_termination,1416,2.6729306441462586e-05
conditional-fit-0011,axis4_reasoning_termination,1417,0.00015619454275534443
conditional-fit-0011,axis4_reasoning_termination,1418,0.0003249085580603797
conditional-fit-0011,axis4_reasoning_termination,1419,0.0015680619702638583
conditional-fit-0011,axis4_reasoning_termination,1420,1.0132359236708862e-05
conditional-fit-0011,axis4_reasoning_termination,1421,0.024967786161792488
conditional-fit-0011,axis4_reasoning_termination,1422,0.10282107332396129
conditional-fit-0011,axis4_reasoning_termination,1423,0.00011815257114400416
conditional-fit-0011,axis4_reasoning_termination,1424,0.23274385521844254
conditional-fit-0011,axis4_reasoning_termination,1425,0.00671677836335776
conditional-fit-0011,axis4_reasoning_termination,1426,1.3740058106997635e-05
conditional-fit-0011,axis4_reasoning_termination,1427,0.0013210869830185734
conditional-fit-0011,axis4_reasoning_termination,1428,2.794382607838316e-07
conditional-fit-0011,axis4_reasoning_termination,1429,1.6430671100676044e-06
conditional-fit-0011,axis4_reasoning_termination,1430,3.498259485002135e-06
conditional-fit-0011,axis4_reasoning_termination,1431,7.463289577863924e-08
conditional-fit-0011,axis4_reasoning_termination,1432,9.502163613968328e-06
conditional-fit-0011,axis4_reasoning_termination,1433,2.6001499807834038e-06
conditional-fit-0011,axis4_reasoning_termination,1434,1.1295335330033036e-06
conditional-fit-0011,axis4_reasoning_termination,1435,1.4936809895846503e-06
conditional-fit-0011,axis4_reasoning_termination,1436,1.556341214225167e-06
conditional-fit-0011,axis4_reasoning_termination,1437,1.983516481754496e-06
conditional-fit-0011,axis4_reasoning_termination,1438,1.0683338829018405e-06
conditional-fit-0011,axis4_reasoning_termination,1439,6.155851056249662e-07
conditional-fit-0011,axis4_reasoning_termination,1440,1.958716859782626e-06
conditional-fit-0011,axis4_reasoning_termination,1441,7.1282711371169005e-06
conditional-fit-0011,axis4_reasoning_termination,1442,5.88024069205726e-07
conditional-fit-0011,axis4_reasoning_termination,1443,1.3768161105984988e-06
conditional-fit-0011,axis4_reasoning_termination,1444,1.7248939366164662e-06
conditional-fit-0011,axis4_reasoning_termination,1445,0.0007466968777406768
conditional-fit-0011,axis4_reasoning_termination,1446,1.3690784476149807e-05
conditional-fit-0011,axis4_reasoning_termination,1447,9.890586915031754e-05
conditional-fit-0011,axis4_reasoning_termination,1448,0.00031213249960485056
conditional-fit-0011,axis4_reasoning_termination,1449,0.0006505880104600533
conditional-fit-0011,axis4_reasoning_termination,1450,3.742142527191798e-07
conditional-fit-0011,axis4_reasoning_termination,1451,3.7631107078723785e-07
conditional-fit-0011,axis4_reasoning_termination,1452,1.6624797019421115e-06
conditional-fit-0011,axis4_reasoning_termination,1453,1.1735595038146416e-06
conditional-fit-0011,axis4_reasoning_termination,1454,6.975976354632584e-06
conditional-fit-0011,axis4_reasoning_termination,1455,9.492693705328356e-07
conditional-fit-0011,axis4_reasoning_termination,1456,6.323951996550004e-08
conditional-fit-0011,axis4_reasoning_termination,1457,3.897093119659891e-07
conditional-fit-0011,axis4_reasoning_termination,1458,3.5239380793808633e-07
conditional-fit-0011,axis4_reasoning_termination,1459,3.129242834118413e-06
conditional-fit-0011,axis4_reasoning_termination,1460,3.5954170715515923e-07
conditional-fit-0011,axis4_reasoning_termination,1461,1.791705718833003e-06
conditional-fit-0011,axis4_reasoning_termination,1462,3.3438320064115415e-07
conditional-fit-0011,axis4_reasoning_termination,1463,7.740636272754649e-07
conditional-fit-0011,axis4_reasoning_termination,1464,1.355012317661437e-07
conditional-fit-0011,axis4_reasoning_termination,1465,8.094209308847267e-07
conditional-fit-0011,axis4_reasoning_termination,1466,2.820013233025438e-07
conditional-fit-0011,axis4_reasoning_termination,1467,7.880225803066152e-08
conditional-fit-0011,axis4_reasoning_termination,1468,7.830576248907007e-06
conditional-fit-0011,axis4_reasoning_termination,1469,8.231917590496623e-07
conditional-fit-0011,axis4_reasoning_termination,1470,5.662659736645994e-06
conditional-fit-0011,axis4_reasoning_termination,1471,7.870656100083638e-06
conditional-fit-0011,axis4_reasoning_termination,1472,2.0533612645507695e-08
conditional-fit-0011,axis4_reasoning_termination,1473,5.420340888120572e-07
conditional-fit-0011,axis4_reasoning_termination,1474,8.057414730479034e-07
conditional-fit-0011,axis4_reasoning_termination,1475,9.318108872800503e-06
conditional-fit-0011,axis4_reasoning_termination,1476,0.00025723971278994966
conditional-fit-0011,axis4_reasoning_termination,1477,6.5305914332822444e-06
conditional-fit-0011,axis4_reasoning_termination,1478,0.009636379859062552
conditional-fit-0011,axis4_reasoning_termination,1479,0.07336764055574313
conditional-fit-0011,axis4_reasoning_termination,1480,0.00012766191616828853
conditional-fit-0011,axis4_reasoning_termination,1481,0.16298707157901676
conditional-fit-0011,axis4_reasoning_termination,1482,0.00718730114541645
conditional-fit-0011,axis4_reasoning_termination,1483,2.2541276021103698e-06
conditional-fit-0011,axis4_reasoning_termination,1484,5.94701798655354e-06
conditional-fit-0011,axis4_reasoning_termination,1485,3.4967200113688e-07
conditional-fit-0011,axis4_reasoning_termination,1486,0.0008349840404424515
conditional-fit-0011,axis4_reasoning_termination,1487,1.2251820181528608e-05
conditional-fit-0011,axis4_reasoning_termination,1488,9.51744141888528e-05
conditional-fit-0011,axis4_reasoning_termination,1489,0.00013318781558200379
conditional-fit-0011,axis4_reasoning_termination,1490,0.0011585216684968833
conditional-fit-0011,axis4_reasoning_termination,1491,3.911297203837939e-06
conditional-fit-0011,axis4_reasoning_termination,1492,3.92760755956435e-06
conditional-fit-0011,axis4_reasoning_termination,1493,3.962102711072613e-05
conditional-fit-0011,axis4_reasoning_termination,1494,3.979222567550438e-07
conditional-fit-0011,axis4_reasoning_termination,1495,8.102579878865327e-07
conditional-fit-0011,axis4_reasoning_termination,1496,1.458150007838535e-06
conditional-fit-0011,axis4_reasoning_termination,1497,1.6921875755756237e-07
conditional-fit-0011,axis4_reasoning_termination,1498,3.5769051241785117e-07
conditional-fit-0011,axis4_reasoning_termination,1499,1.2754452802939995e-06
conditional-fit-0011,axis4_reasoning_termination,1500,4.242141050736514e-06
conditional-fit-0011,axis4_reasoning_termination,1501,1.3948724494923763e-06
conditional-fit-0011,axis4_reasoning_termination,1502,1.0371311987712929e-07
conditional-fit-0011,axis4_reasoning_termination,1503,5.387120456518196e-07
conditional-fit-0011,axis4_reasoning_termination,1504,1.9208058330706125e-08
conditional-fit-0011,axis4_reasoning_termination,1505,2.0731361802382875e-07
conditional-fit-0011,axis4_reasoning_termination,1506,2.7536814197125644e-06
conditional-fit-0011,axis4_reasoning_termination,1507,8.02233264767096e-08
conditional-fit-0011,axis4_reasoning_termination,1508,2.5418539453545628e-06
conditional-fit-0011,axis4_reasoning_termination,1509,4.52377857086272e-07
conditional-fit-0011,axis4_reasoning_termination,1510,1.1207888516926622e-05
conditional-fit-0011,axis4_reasoning_termination,1511,4.658739055273575e-08
conditional-fit-0011,axis4_reasoning_termination,1512,7.68683362114402e-07
conditional-fit-0011,axis4_reasoning_termination,1513,1.849246451456747e-05
conditional-fit-0011,axis4_reasoning_termination,1514,2.3234337012847735e-07
conditional-fit-0011,axis4_reasoning_termination,1515,2.84372524655948e-06
conditional-fit-0011,axis4_reasoning_termination,1516,7.122227346273177e-07
conditional-fit-0011,axis4_reasoning_termination,1517,8.690619155534724e-08
conditional-fit-0011,axis4_reasoning_termination,1518,1.5872048193873298e-07
conditional-fit-0011,axis4_reasoning_termination,1519,1.2725618196445478e-07
conditional-fit-0011,axis4_reasoning_termination,1520,3.014399465679776e-06
conditional-fit-0011,axis4_reasoning_termination,1521,8.329342714455838e-07
conditional-fit-0011,axis4_reasoning_termination,1522,1.2123859653844964e-07
conditional-fit-0011,axis4_reasoning_termination,1523,4.225038805654599e-07
conditional-fit-0011,axis4_reasoning_termination,1524,4.595810573530784e-08
conditional-fit-0011,axis4_reasoning_termination,1525,3.2145939545507823e-06
conditional-fit-0011,axis4_reasoning_termination,1526,1.1527413248831892e-06
conditional-fit-0011,axis4_reasoning_termination,1527,2.8274397577634563e-07
conditional-fit-0011,axis4_reasoning_termination,1528,1.066464588118742e-06
conditional-fit-0011,axis4_reasoning_termination,1529,3.852775716441791e-07
conditional-fit-0011,axis4_reasoning_termination,1530,5.4617818445649995e-08
conditional-fit-0011,axis4_reasoning_termination,1531,2.2893785917093125e-07
conditional-fit-0011,axis4_reasoning_termination,1532,1.2065742373556655e-07
conditional-fit-0011,axis4_reasoning_termination,1533,9.730050435080008e-07
conditional-fit-0011,axis4_reasoning_termination,1534,8.17360907872427e-07
conditional-fit-0011,axis4_reasoning_termination,1535,1.2337899358271765e-07
conditional-fit-0011,axis4_reasoning_termination,1536,6.710434775572842e-08
conditional-fit-0011,axis4_reasoning_termination,1537,2.1353061282898065e-05
conditional-fit-0011,axis4_reasoning_termination,1538,2.603196339425755e-06
conditional-fit-0011,axis4_reasoning_termination,1539,3.753949641436415e-07
conditional-fit-0011,axis4_reasoning_termination,1540,1.0867717068325487e-06
conditional-fit-0011,axis4_reasoning_termination,1541,2.1171770935469534e-06
conditional-fit-0011,axis4_reasoning_termination,1542,6.338307658169225e-07
conditional-fit-0011,axis4_reasoning_termination,1543,2.313333916852797e-06
conditional-fit-0011,axis4_reasoning_termination,1544,1.28926126872238e-07
conditional-fit-0011,axis4_reasoning_termination,1545,2.9637522509317868e-06
conditional-fit-0011,axis4_reasoning_termination,1546,0.00015893379354890128
conditional-fit-0011,axis4_reasoning_termination,1547,2.6155343248438936e-06
conditional-fit-0011,axis4_reasoning_termination,1548,0.00988542573448291
conditional-fit-0011,axis4_reasoning_termination,1549,0.12944972978842623
conditional-fit-0011,axis4_reasoning_termination,1550,0.1415700093018437
conditional-fit-0011,axis4_reasoning_termination,1551,0.06383464571026845
conditional-fit-0011,axis4_reasoning_termination,1552,6.217688077373023e-06
conditional-fit-0011,axis4_reasoning_termination,1553,1.7157631754524203e-06
conditional-fit-0011,axis4_reasoning_termination,1554,4.3513943411821376e-05
conditional-fit-0011,axis4_reasoning_termination,1555,0.005315142907606324
conditional-fit-0011,axis4_reasoning_termination,1556,7.413058588522057e-06
conditional-fit-0011,axis4_reasoning_termination,1557,0.00014033653653091528
conditional-fit-0011,axis4_reasoning_termination,1558,0.00034345847135200305
conditional-fit-0011,axis4_reasoning_termination,1559,0.00037873985324410125
conditional-fit-0011,axis4_reasoning_termination,1560,1.0613331693244999e-06
conditional-fit-0011,axis4_reasoning_termination,1561,3.46114230799806e-06
conditional-fit-0011,axis4_reasoning_termination,1562,2.0335996365558338e-05
conditional-fit-0011,axis4_reasoning_termination,1563,1.3511372490522843e-07
conditional-fit-0011,axis4_reasoning_termination,1564,3.2922022667074605e-06
conditional-fit-0011,axis4_reasoning_termination,1565,5.48408025048405e-06
conditional-fit-0011,axis4_reasoning_termination,1566,1.1891370556226987e-07
conditional-fit-0011,axis4_reasoning_termination,1567,3.0329871414025853e-06
conditional-fit-0011,axis4_reasoning_termination,1568,1.6992811199564414e-06
conditional-fit-0011,axis4_reasoning_termination,1569,3.974130560726203e-06
conditional-fit-0011,axis4_reasoning_termination,1570,8.617289218766453e-06
conditional-fit-0011,axis4_reasoning_termination,1571,1.4790696020813695e-07
conditional-fit-0011,axis4_reasoning_termination,1572,3.889550271848504e-07
conditional-fit-0011,axis4_reasoning_termination,1573,3.110398138200447e-08
conditional-fit-0011,axis4_reasoning_termination,1574,9.589596621759907e-08
conditional-fit-0011,axis4_reasoning_termination,1575,3.726745455104459e-06
conditional-fit-0011,axis4_reasoning_termination,1576,2.65308681533899e-06
conditional-fit-0011,axis4_reasoning_termination,1577,4.5195063313048055e-06
conditional-fit-0011,axis4_reasoning_termination,1578,5.576489708004481e-07
conditional-fit-0011,axis4_reasoning_termination,1579,3.857221053554326e-06
conditional-fit-0011,axis4_reasoning_termination,1580,5.377535946883792e-08
conditional-fit-0011,axis4_reasoning_termination,1581,2.7442161845990503e-06
conditional-fit-0011,axis4_reasoning_termination,1582,4.458207653650349e-06
conditional-fit-0011,axis4_reasoning_termination,1583,2.5814433289344437e-07
conditional-fit-0011,axis4_reasoning_termination,1584,1.127226325217044e-06
conditional-fit-0011,axis4_reasoning_termination,1585,9.764708125549433e-07
conditional-fit-0011,axis4_reasoning_termination,1586,1.352369280831956e-06
conditional-fit-0011,axis4_reasoning_termination,1587,1.1405241716657043e-07
conditional-fit-0011,axis4_reasoning_termination,1588,4.494341401554307e-08
conditional-fit-0011,axis4_reasoning_termination,1589,2.5286489805412177e-06
conditional-fit-0011,axis4_reasoning_termination,1590,7.729129952885333e-07
conditional-fit-0011,axis4_reasoning_termination,1591,3.0243510459918076e-07
conditional-fit-0011,axis4_reasoning_termination,1592,1.6751143962595345e-06
conditional-fit-0011,axis4_reasoning_termination,1593,8.928579505075187e-08
conditional-fit-0011,axis4_reasoning_termination,1594,1.0301930008356737e-06
conditional-fit-0011,axis4_reasoning_termination,1595,2.8071519816048427e-06
conditional-fit-0011,axis4_reasoning_termination,1596,1.190669715461154e-06
conditional-fit-0011,axis4_reasoning_termination,1597,2.626399435557534e-06
conditional-fit-0011,axis4_reasoning_termination,1598,9.072813259850566e-07
conditional-fit-0011,axis4_reasoning_termination,1599,5.712328959915574e-07
conditional-fit-0011,axis4_reasoning_termination,1600,1.3918464603526494e-06
conditional-fit-0011,axis4_reasoning_termination,1601,2.3134918611620893e-07
conditional-fit-0011,axis4_reasoning_termination,1602,2.2953051912553886e-06
conditional-fit-0011,axis4_reasoning_termination,1603,1.1047255362605037e-05
conditional-fit-0011,axis4_reasoning_termination,1604,6.19421137117289e-07
conditional-fit-0011,axis4_reasoning_termination,1605,1.0807400489249771e-07
conditional-fit-0011,axis4_reasoning_termination,1606,1.8070401249970534e-05
conditional-fit-0011,axis4_reasoning_termination,1607,2.7952886879507694e-06
conditional-fit-0011,axis4_reasoning_termination,1608,1.6518879498704712e-06
conditional-fit-0011,axis4_reasoning_termination,1609,1.562686215382848e-06
conditional-fit-0011,axis4_reasoning_termination,1610,1.2923911726514995e-06
conditional-fit-0011,axis4_reasoning_termination,1611,6.107539280708586e-07
conditional-fit-0011,axis4_reasoning_termination,1612,3.045763576964016e-06
conditional-fit-0011,axis4_reasoning_termination,1613,2.140260980589125e-07
conditional-fit-0011,axis4_reasoning_termination,1614,4.723655222861293e-06
conditional-fit-0011,axis4_reasoning_termination,1615,0.00018619646614520194
conditional-fit-0011,axis4_reasoning_termination,1616,2.782971168078481e-06
conditional-fit-0011,axis4_reasoning_termination,1617,0.007089955902638636
conditional-fit-0011,axis4_reasoning_termination,1618,0.31377203028916617
conditional-fit-0011,axis4_reasoning_termination,1619,8.545013897664339e-05
conditional-fit-0011,axis4_reasoning_termination,1620,0.21888019629375177
conditional-fit-0011,axis4_reasoning_termination,1621,0.007218483508586997
conditional-fit-0011,axis4_reasoning_termination,1622,2.517562365203952e-06
conditional-fit-0011,axis4_reasoning_termination,1623,1.6583149211253559e-06
conditional-fit-0011,axis4_reasoning_termination,1624,2.1985822688789772e-07
conditional-fit-0011,axis4_reasoning_termination,1625,0.0024419117685640108
conditional-fit-0011,axis4_reasoning_termination,1626,6.64415173446e-07
conditional-fit-0011,axis4_reasoning_termination,1627,2.526712324506077e-07
conditional-fit-0011,axis4_reasoning_termination,1628,1.7066494324841925e-06
conditional-fit-0011,axis4_reasoning_termination,1629,1.5015263517553028e-05
conditional-fit-0011,axis4_reasoning_termination,1630,2.5947946344519608e-05
conditional-fit-0011,axis4_reasoning_termination,1631,0.0015991774205581619
conditional-fit-0011,axis4_reasoning_termination,1632,0.0010754010535515947
conditional-fit-0011,axis4_reasoning_termination,1633,3.3286229725311863e-06
conditional-fit-0011,axis4_reasoning_termination,1634,2.723748676107079e-06
conditional-fit-0011,axis4_reasoning_termination,1635,0.00023025481100275136
conditional-fit-0011,axis4_reasoning_termination,1636,2.647146055388214e-06
conditional-fit-0011,axis4_reasoning_termination,1637,3.345021436162058e-06
conditional-fit-0011,axis4_reasoning_termination,1638,1.0601149732747508e-06
conditional-fit-0011,axis4_reasoning_termination,1639,1.1173991922124248e-06
conditional-fit-0011,axis4_reasoning_termination,1640,1.6152397844361467e-07
conditional-fit-0011,axis4_reasoning_termination,1641,2.610783063571563e-06
conditional-fit-0011,axis4_reasoning_termination,1642,4.056391193541159e-09
conditional-fit-0011,axis4_reasoning_termination,1643,3.3971054328761864e-07
conditional-fit-0011,axis4_reasoning_termination,1644,3.0177762444999735e-08
conditional-fit-0011,axis4_reasoning_termination,1645,4.866968013174161e-06
conditional-fit-0011,axis4_reasoning_termination,1646,6.346657894471347e-07
conditional-fit-0011,axis4_reasoning_termination,1647,6.829540854857692e-07
conditional-fit-0011,axis4_reasoning_termination,1648,3.4584587132940573e-06
conditional-fit-0011,axis4_reasoning_termination,1649,9.319204956159212e-06
conditional-fit-0011,axis4_reasoning_termination,1650,2.4220779920004208e-08
conditional-fit-0011,axis4_reasoning_termination,1651,1.0303048195330712e-06
conditional-fit-0011,axis4_reasoning_termination,1652,9.662743017643516e-06
conditional-fit-0011,axis4_reasoning_termination,1653,1.5987113584425737e-05
conditional-fit-0011,axis4_reasoning_termination,1654,3.94932606577945e-05
conditional-fit-0011,axis4_reasoning_termination,1655,2.1309229419963554e-06
conditional-fit-0011,axis4_reasoning_termination,1656,0.023086913272796217
conditional-fit-0011,axis4_reasoning_termination,1657,0.10426140129244983
conditional-fit-0011,axis4_reasoning_termination,1658,5.821347768877629e-05
conditional-fit-0011,axis4_reasoning_termination,1659,0.18177621490206858
conditional-fit-0011,axis4_reasoning_termination,1660,0.025719204836735968
conditional-fit-0011,axis4_reasoning_termination,1661,1.4448279409608488e-06
conditional-fit-0011,axis4_reasoning_termination,1662,1.0659377810385991e-05
conditional-fit-0011,axis4_reasoning_termination,1663,8.380966313728013e-07
conditional-fit-0011,axis4_reasoning_termination,1664,0.00817219673360129
conditional-fit-0011,axis4_reasoning_termination,1665,4.842423462502984e-07
conditional-fit-0011,axis4_reasoning_termination,1666,2.4532938450440867e-06
conditional-fit-0011,axis4_reasoning_termination,1667,1.9210637557044744e-06
conditional-fit-0011,axis4_reasoning_termination,1668,1.284307771008868e-07
conditional-fit-0011,axis4_reasoning_termination,1669,5.879966411530003e-06
conditional-fit-0011,axis4_reasoning_termination,1670,3.512993428623588e-05
conditional-fit-0011,axis4_reasoning_termination,1671,0.00014350926954787845
conditional-fit-0011,axis4_reasoning_termination,1672,0.00013808239173241878
conditional-fit-0011,axis4_reasoning_termination,1673,3.7825332585745924e-06
conditional-fit-0011,axis4_reasoning_termination,1674,1.122174042386142e-06
conditional-fit-0011,axis4_reasoning_termination,1675,1.0900636150169077e-05
conditional-fit-0011,axis4_reasoning_termination,1676,3.496451483637348e-07
conditional-fit-0011,axis4_reasoning_termination,1677,4.2120655093961897e-07
conditional-fit-0011,axis4_reasoning_termination,1678,4.4878330868192585e-07
conditional-fit-0011,axis4_reasoning_termination,1679,8.507407711802174e-07
conditional-fit-0011,axis4_reasoning_termination,1680,1.771895430473336e-06
conditional-fit-0011,axis4_reasoning_termination,1681,4.541330178976315e-06
conditional-fit-0011,axis4_reasoning_termination,1682,2.0582898417854253e-07
conditional-fit-0011,axis4_reasoning_termination,1683,1.102105746596418e-05
conditional-fit-0011,axis4_reasoning_termination,1684,4.6178954285873136e-07
conditional-fit-0011,axis4_reasoning_termination,1685,2.1103093602958745e-06
conditional-fit-0011,axis4_reasoning_termination,1686,6.416889375087917e-07
conditional-fit-0011,axis4_reasoning_termination,1687,9.847101079687872e-07
conditional-fit-0011,axis4_reasoning_termination,1688,2.358278015452789e-06
conditional-fit-0011,axis4_reasoning_termination,1689,3.2190580509970364e-06
conditional-fit-0011,axis4_reasoning_termination,1690,2.4516957231340606e-07
conditional-fit-0011,axis4_reasoning_termination,1691,1.425101909028733e-05
conditional-fit-0011,axis4_reasoning_termination,1692,1.5768443392347407e-06
conditional-fit-0011,axis4_reasoning_termination,1693,2.162046684725684e-06
conditional-fit-0011,axis4_reasoning_termination,1694,2.065727946079108e-05
conditional-fit-0011,axis4_reasoning_termination,1695,1.8847534931201664e-05
conditional-fit-0011,axis4_reasoning_termination,1696,6.776780518186602e-05
conditional-fit-0011,axis4_reasoning_termination,1697,7.310084489052103e-06
conditional-fit-0011,axis4_reasoning_termination,1698,8.630116856886792e-08
conditional-fit-0011,axis4_reasoning_termination,1699,1.1454575611363633e-05
conditional-fit-0011,axis4_reasoning_termination,1700,9.97068547262045e-06
conditional-fit-0011,axis4_reasoning_termination,1701,1.820471856942671e-05
conditional-fit-0011,axis4_reasoning_termination,1702,1.8186473220873083e-05
conditional-fit-0011,axis4_reasoning_termination,1703,5.498091156915445e-06
conditional-fit-0011,axis4_reasoning_termination,1704,0.019120275766688965
conditional-fit-0011,axis4_reasoning_termination,1705,0.14756891902409794
conditional-fit-0011,axis4_reasoning_termination,1706,5.564340972384198e-05
conditional-fit-0011,axis4_reasoning_termination,1707,0.07927424566275594
conditional-fit-0011,axis4_reasoning_termination,1708,0.015908918230722727
conditional-fit-0011,axis4_reasoning_termination,1709,3.572165881830619e-06
conditional-fit-0011,axis4_reasoning_termination,1710,4.693836337554282e-06
conditional-fit-0011,axis4_reasoning_termination,1711,2.974439941431099e-07
conditional-fit-0011,axis4_reasoning_termination,1712,0.0017646704522249097
conditional-fit-0011,axis4_reasoning_termination,1713,3.4822390925173896e-06
conditional-fit-0011,axis4_reasoning_termination,1714,2.5524918030357552e-05
conditional-fit-0011,axis4_reasoning_termination,1715,8.99861560729565e-05
conditional-fit-0011,axis4_reasoning_termination,1716,0.00013920228790970758
conditional-fit-0011,axis4_reasoning_termination,1717,2.609122725018961e-06
conditional-fit-0011,axis4_reasoning_termination,1718,1.4038435340316673e-05
conditional-fit-0011,axis4_reasoning_termination,1719,1.1378131795144444e-05
conditional-fit-0011,axis4_reasoning_termination,1720,5.470529894798557e-07
conditional-fit-0011,axis4_reasoning_termination,1721,1.4019314488045284e-06
conditional-fit-0011,axis4_reasoning_termination,1722,1.7396171743731469e-06
conditional-fit-0011,axis4_reasoning_termination,1723,1.893484073863992e-07
conditional-fit-0011,axis4_reasoning_termination,1724,5.925967728050245e-06
conditional-fit-0011,axis4_reasoning_termination,1725,3.0109142569950955e-05
conditional-fit-0011,axis4_reasoning_termination,1726,2.4252240237916553e-06
conditional-fit-0011,axis4_reasoning_termination,1727,5.23146213635016e-06
conditional-fit-0011,axis4_reasoning_termination,1728,6.041607131285278e-07
conditional-fit-0011,axis4_reasoning_termination,1729,4.6166505215310277e-07
conditional-fit-0011,axis4_reasoning_termination,1730,1.4613932758354377e-07
conditional-fit-0011,axis4_reasoning_termination,1731,3.072983612400336e-06
conditional-fit-0011,axis4_reasoning_termination,1732,4.110581446539545e-06
conditional-fit-0011,axis4_reasoning_termination,1733,5.325914217525594e-06
conditional-fit-0011,axis4_reasoning_termination,1734,1.0279221836805163e-06
conditional-fit-0011,axis4_reasoning_termination,1735,5.941411046784852e-07
conditional-fit-0011,axis4_reasoning_termination,1736,3.6877436038248726e-06
conditional-fit-0011,axis4_reasoning_termination,1737,1.8100815076617062e-07
conditional-fit-0011,axis4_reasoning_termination,1738,9.261472811216536e-07
conditional-fit-0011,axis4_reasoning_termination,1739,1.6434649674321108e-06
conditional-fit-0011,axis4_reasoning_termination,1740,3.5615903025761216e-07
conditional-fit-0011,axis4_reasoning_termination,1741,6.475905307192916e-07
conditional-fit-0011,axis4_reasoning_termination,1742,1.7791159993256206e-06
conditional-fit-0011,axis4_reasoning_termination,1743,1.5900662317315886e-07
conditional-fit-0011,axis4_reasoning_termination,1744,5.846234453750761e-07
conditional-fit-0011,axis4_reasoning_termination,1745,9.82094884410011e-08
conditional-fit-0011,axis4_reasoning_termination,1746,5.81673195268654e-07
conditional-fit-0011,axis4_reasoning_termination,1747,1.209699379463313e-06
conditional-fit-0011,axis4_reasoning_termination,1748,6.746859780328564e-07
conditional-fit-0011,axis4_reasoning_termination,1749,3.056065795154626e-06
conditional-fit-0011,axis4_reasoning_termination,1750,1.9211605988483052e-07
conditional-fit-0011,axis4_reasoning_termination,1751,2.0331104560100618e-07
conditional-fit-0011,axis4_reasoning_termination,1752,8.589750462291501e-06
conditional-fit-0011,axis4_reasoning_termination,1753,1.513047868040803e-06
conditional-fit-0011,axis4_reasoning_termination,1754,4.678827787689719e-06
conditional-fit-0011,axis4_reasoning_termination,1755,4.749564019107454e-06
conditional-fit-0011,axis4_reasoning_termination,1756,3.021481107279478e-07
conditional-fit-0011,axis4_reasoning_termination,1757,7.536111084683591e-06
conditional-fit-0011,axis4_reasoning_termination,1758,1.695183196871057e-07
conditional-fit-0011,axis4_reasoning_termination,1759,2.6479488408148345e-06
conditional-fit-0011,axis4_reasoning_termination,1760,1.4084227211974925e-05
conditional-fit-0011,axis4_reasoning_termination,1761,4.106205916004339e-07
conditional-fit-0011,axis4_reasoning_termination,1762,3.5880751827524164e-06
conditional-fit-0011,axis4_reasoning_termination,1763,1.849914392025278e-05
conditional-fit-0011,axis4_reasoning_termination,1764,1.8714041908902392e-06
conditional-fit-0011,axis4_reasoning_termination,1765,4.255056475162408e-06
conditional-fit-0011,axis4_reasoning_termination,1766,9.935724185272492e-07
conditional-fit-0011,axis4_reasoning_termination,1767,3.9312319245800015e-06
conditional-fit-0011,axis4_reasoning_termination,1768,7.652784663190402e-07
conditional-fit-0011,axis4_reasoning_termination,1769,1.9091049466801755e-06
conditional-fit-0011,axis4_reasoning_termination,1770,4.500486113452285e-07
conditional-fit-0011,axis4_reasoning_termination,1771,2.2137169446249626e-05
conditional-fit-0011,axis4_reasoning_termination,1772,0.00013225120589462763
conditional-fit-0011,axis4_reasoning_termination,1773,1.984144162699382e-06
conditional-fit-0011,axis4_reasoning_termination,1774,0.017264551207700887
conditional-fit-0011,axis4_reasoning_termination,1775,0.1080011935959199
conditional-fit-0011,axis4_reasoning_termination,1776,0.0001329093876035404
conditional-fit-0011,axis4_reasoning_termination,1777,0.14353281876426038
conditional-fit-0011,axis4_reasoning_termination,1778,0.022849789118078376
conditional-fit-0011,axis4_reasoning_termination,1779,3.770228174583949e-06
conditional-fit-0011,axis4_reasoning_termination,1780,9.937211217492955e-06
conditional-fit-0011,axis4_reasoning_termination,1781,2.7742507401575057e-07
conditional-fit-0011,axis4_reasoning_termination,1782,0.001970730981649819
conditional-fit-0011,axis4_reasoning_termination,1783,1.7149021388199393e-06
conditional-fit-0011,axis4_reasoning_termination,1784,8.265310056699107e-06
conditional-fit-0011,axis4_reasoning_termination,1785,2.912312058890692e-06
conditional-fit-0011,axis4_reasoning_termination,1786,0.0001804871809208686
conditional-fit-0011,axis4_reasoning_termination,1787,0.00011127839355313838
conditional-fit-0011,axis4_reasoning_termination,1788,0.0004572617432952042
conditional-fit-0011,axis4_reasoning_termination,1789,1.78075740571805e-06
conditional-fit-0011,axis4_reasoning_termination,1790,1.0855515447543659e-06
conditional-fit-0011,axis4_reasoning_termination,1791,8.189876988716928e-05
conditional-fit-0011,axis4_reasoning_termination,1792,1.7828845601753282e-07
conditional-fit-0011,axis4_reasoning_termination,1793,1.0962194773213464e-07
conditional-fit-0011,axis4_reasoning_termination,1794,6.74968244148247e-07
conditional-fit-0011,axis4_reasoning_termination,1795,3.4620645080632646e-07
conditional-fit-0011,axis4_reasoning_termination,1796,7.87023358136438e-07
conditional-fit-0011,axis4_reasoning_termination,1797,1.0223346930592714e-05
conditional-fit-0011,axis4_reasoning_termination,1798,9.355569733851054e-07
conditional-fit-0011,axis4_reasoning_termination,1799,6.026189911059364e-07
conditional-fit-0011,axis4_reasoning_termination,1800,2.0882732244697995e-07
conditional-fit-0011,axis4_reasoning_termination,1801,1.5806703863401662e-06
conditional-fit-0011,axis4_reasoning_termination,1802,4.165869860017442e-07
conditional-fit-0011,axis4_reasoning_termination,1803,3.9200319072400066e-07
conditional-fit-0011,axis4_reasoning_termination,1804,1.4276702174523772e-06
conditional-fit-0011,axis4_reasoning_termination,1805,4.017689312889975e-07
conditional-fit-0011,axis4_reasoning_termination,1806,4.4210684844652855e-05
conditional-fit-0011,axis4_reasoning_termination,1807,5.380008243691675e-06
conditional-fit-0011,axis4_reasoning_termination,1808,1.547393543278611e-07
conditional-fit-0011,axis4_reasoning_termination,1809,2.236266922108334e-06
conditional-fit-0011,axis4_reasoning_termination,1810,4.813099337517654e-08
conditional-fit-0011,axis4_reasoning_termination,1811,1.198848473218052e-06
conditional-fit-0011,axis4_reasoning_termination,1812,2.7470829659301517e-06
conditional-fit-0011,axis4_reasoning_termination,1813,6.527483362495477e-07
conditional-fit-0011,axis4_reasoning_termination,1814,3.339497430809768e-06
conditional-fit-0011,axis4_reasoning_termination,1815,5.459874290052938e-07
conditional-fit-0011,axis4_reasoning_termination,1816,9.336425845698039e-07
conditional-fit-0011,axis4_reasoning_termination,1817,3.6548713601952155e-06
conditional-fit-0011,axis4_reasoning_termination,1818,8.832041625076108e-07
conditional-fit-0011,axis4_reasoning_termination,1819,7.0844197101092825e-06
conditional-fit-0011,axis4_reasoning_termination,1820,5.708908785959377e-06
conditional-fit-0011,axis4_reasoning_termination,1821,1.6019670572003319e-06
conditional-fit-0011,axis4_reasoning_termination,1822,4.779558864991883e-07
conditional-fit-0011,axis4_reasoning_termination,1823,2.436858384578013e-06
conditional-fit-0011,axis4_reasoning_termination,1824,1.1819763042702182e-06
conditional-fit-0011,axis4_reasoning_termination,1825,3.143582856866234e-06
conditional-fit-0011,axis4_reasoning_termination,1826,1.788443401144206e-06
conditional-fit-0011,axis4_reasoning_termination,1827,2.4377289900587762e-05
conditional-fit-0011,axis4_reasoning_termination,1828,3.569266850526189e-05
conditional-fit-0011,axis4_reasoning_termination,1829,6.096710876063529e-05
conditional-fit-0011,axis4_reasoning_termination,1830,3.5714578216747136e-06
conditional-fit-0011,axis4_reasoning_termination,1831,0.01296851706620046
conditional-fit-0011,axis4_reasoning_termination,1832,0.046537219400983314
conditional-fit-0011,axis4_reasoning_termination,1833,5.494987027292861e-05
conditional-fit-0011,axis4_reasoning_termination,1834,0.1456578834564035
conditional-fit-0011,axis4_reasoning_termination,1835,0.0014240213044804662
conditional-fit-0011,axis4_reasoning_termination,1836,6.87722857919145e-07
conditional-fit-0011,axis4_reasoning_termination,1837,8.419493932985104e-06
conditional-fit-0011,axis4_reasoning_termination,1838,9.265538234655594e-07
conditional-fit-0011,axis4_reasoning_termination,1839,0.004758408108869832
conditional-fit-0011,axis4_reasoning_termination,1840,2.911445466029111e-07
conditional-fit-0011,axis4_reasoning_termination,1841,1.298066307789009e-08
conditional-fit-0011,axis4_reasoning_termination,1842,1.2396185309149824e-06
conditional-fit-0011,axis4_reasoning_termination,1843,1.0565883178311652e-05
conditional-fit-0011,axis4_reasoning_termination,1844,4.517616538019197e-05
conditional-fit-0011,axis4_reasoning_termination,1845,0.00023052375275498638
conditional-fit-0011,axis4_reasoning_termination,1846,0.0007304460015996289
conditional-fit-0011,axis4_reasoning_termination,1847,1.5772359776909077e-06
conditional-fit-0011,axis4_reasoning_termination,1848,1.0219602765445715e-06
conditional-fit-0011,axis4_reasoning_termination,1849,0.0003187742343857338
conditional-fit-0011,axis4_reasoning_termination,1850,8.294646526452758e-07
conditional-fit-0011,axis4_reasoning_termination,1851,6.744073175991097e-07
conditional-fit-0011,axis4_reasoning_termination,1852,7.778113076137035e-06
conditional-fit-0011,axis4_reasoning_termination,1853,1.758472316468447e-06
conditional-fit-0011,axis4_reasoning_termination,1854,2.7571621764735644e-07
conditional-fit-0011,axis4_reasoning_termination,1855,7.983757765034618e-05
conditional-fit-0011,axis4_reasoning_termination,1856,1.0513817581165189e-08
conditional-fit-0011,axis4_reasoning_termination,1857,1.6346844912697604e-07
conditional-fit-0011,axis4_reasoning_termination,1858,1.205606660441545e-07
conditional-fit-0011,axis4_reasoning_termination,1859,2.7013561238841765e-06
conditional-fit-0011,axis4_reasoning_termination,1860,7.184413725868138e-07
conditional-fit-0011,axis4_reasoning_termination,1861,9.366268681215419e-07
conditional-fit-0011,axis4_reasoning_termination,1862,1.3786942863535323e-06
conditional-fit-0011,axis4_reasoning_termination,1863,4.0993485553973075e-06
conditional-fit-0011,axis4_reasoning_termination,1864,2.5941758589108504e-08
conditional-fit-0011,axis4_reasoning_termination,1865,7.064056209352526e-07
conditional-fit-0011,axis4_reasoning_termination,1866,5.5849025421806634e-06
conditional-fit-0011,axis4_reasoning_termination,1867,8.166405160815733e-06
conditional-fit-0011,axis4_reasoning_termination,1868,2.178298032879848e-05
conditional-fit-0011,axis4_reasoning_termination,1869,2.5585844855431488e-06
conditional-fit-0011,axis4_reasoning_termination,1870,0.016899019062780355
conditional-fit-0011,axis4_reasoning_termination,1871,0.04293651141385362
conditional-fit-0011,axis4_reasoning_termination,1872,0.0003134894823278413
conditional-fit-0011,axis4_reasoning_termination,1873,0.07400769659556455
conditional-fit-0011,axis4_reasoning_termination,1874,0.005417027064831374
conditional-fit-0011,axis4_reasoning_termination,1875,2.830435417113145e-06
conditional-fit-0011,axis4_reasoning_termination,1876,2.003081392346693e-05
conditional-fit-0011,axis4_reasoning_termination,1877,1.0189275121410815e-06
conditional-fit-0011,axis4_reasoning_termination,1878,0.0017843669146369702
conditional-fit-0011,axis4_reasoning_termination,1879,4.314986271333937e-06
conditional-fit-0011,axis4_reasoning_termination,1880,0.00032550923655071297
conditional-fit-0011,axis4_reasoning_termination,1881,0.000554458090479651
conditional-fit-0011,axis4_reasoning_termination,1882,0.00021913099834640424
conditional-fit-0011,axis4_reasoning_termination,1883,2.6628586503421413e-06
conditional-fit-0011,axis4_reasoning_termination,1884,1.2418314070483427e-05
conditional-fit-0011,axis4_reasoning_termination,1885,3.113786668143905e-05
conditional-fit-0011,axis4_reasoning_termination,1886,3.0992546326943306e-07
conditional-fit-0011,axis4_reasoning_termination,1887,2.9081411023906973e-06
conditional-fit-0011,axis4_reasoning_termination,1888,1.0555319805083967e-06
conditional-fit-0011,axis4_reasoning_termination,1889,2.654962104094551e-07
conditional-fit-0011,axis4_reasoning_termination,1890,6.819857026330642e-06
conditional-fit-0011,axis4_reasoning_termination,1891,9.379921602200119e-06
conditional-fit-0011,axis4_reasoning_termination,1892,4.669322969111347e-06
conditional-fit-0011,axis4_reasoning_termination,1893,8.085060337326577e-06
conditional-fit-0011,axis4_reasoning_termination,1894,4.470995047597166e-07
conditional-fit-0011,axis4_reasoning_termination,1895,2.804293631907962e-07
conditional-fit-0011,axis4_reasoning_termination,1896,3.911187755146281e-05
conditional-fit-0011,axis4_reasoning_termination,1897,8.444523077351341e-07
conditional-fit-0011,axis4_reasoning_termination,1898,2.6169626101100433e-06
conditional-fit-0011,axis4_reasoning_termination,1899,1.3823362046033603e-06
conditional-fit-0011,axis4_reasoning_termination,1900,3.0446567354548843e-05
conditional-fit-0011,axis4_reasoning_termination,1901,6.802159046305287e-07
conditional-fit-0011,axis4_reasoning_termination,1902,1.964958727701269e-05
conditional-fit-0011,axis4_reasoning_termination,1903,8.668698459336455e-08
conditional-fit-0011,axis4_reasoning_termination,1904,4.56019266349041e-06
conditional-fit-0011,axis4_reasoning_termination,1905,3.902862245975926e-06
conditional-fit-0011,axis4_reasoning_termination,1906,1.609530537293997e-07
conditional-fit-0011,axis4_reasoning_termination,1907,5.98327225232921e-07
conditional-fit-0011,axis4_reasoning_termination,1908,7.079372337638433e-07
conditional-fit-0011,axis4_reasoning_termination,1909,1.8172248976276023e-07
conditional-fit-0011,axis4_reasoning_termination,1910,3.7399558399291855e-07
conditional-fit-0011,axis4_reasoning_termination,1911,1.5709298342313405e-07
conditional-fit-0011,axis4_reasoning_termination,1912,2.76609640591938e-06
conditional-fit-0011,axis4_reasoning_termination,1913,6.107651057008823e-07
conditional-fit-0011,axis4_reasoning_termination,1914,1.9594180973521104e-07
conditional-fit-0011,axis4_reasoning_termination,1915,6.496445592777471e-06
conditional-fit-0011,axis4_reasoning_termination,1916,1.1868690045453621e-07
conditional-fit-0011,axis4_reasoning_termination,1917,2.1290449612731514e-06
conditional-fit-0011,axis4_reasoning_termination,1918,4.552279733653658e-06
conditional-fit-0011,axis4_reasoning_termination,1919,9.181450740997474e-07
conditional-fit-0011,axis4_reasoning_termination,1920,2.77283423787503e-06
conditional-fit-0011,axis4_reasoning_termination,1921,4.289495460168973e-06
conditional-fit-0011,axis4_reasoning_termination,1922,1.2587410257634994e-06
conditional-fit-0011,axis4_reasoning_termination,1923,1.0642701046513161e-06
conditional-fit-0011,axis4_reasoning_termination,1924,2.7659048382391257e-07
conditional-fit-0011,axis4_reasoning_termination,1925,6.470495966171167e-06
conditional-fit-0011,axis4_reasoning_termination,1926,1.779688524754103e-05
conditional-fit-0011,axis4_reasoning_termination,1927,5.045470248967702e-07
conditional-fit-0011,axis4_reasoning_termination,1928,5.088948193694763e-07
conditional-fit-0011,axis4_reasoning_termination,1929,2.223409923231253e-05
conditional-fit-0011,axis4_reasoning_termination,1930,3.4724084811022375e-06
conditional-fit-0011,axis4_reasoning_termination,1931,8.307599356850806e-07
conditional-fit-0011,axis4_reasoning_termination,1932,1.1012445698060509e-06
conditional-fit-0011,axis4_reasoning_termination,1933,7.782553978120197e-06
conditional-fit-0011,axis4_reasoning_termination,1934,6.347938736006701e-07
conditional-fit-0011,axis4_reasoning_termination,1935,3.8491412317366726e-05
conditional-fit-0011,axis4_reasoning_termination,1936,2.5803248182219084e-07
conditional-fit-0011,axis4_reasoning_termination,1937,1.0353678160196438e-05
conditional-fit-0011,axis4_reasoning_termination,1938,0.00018013240931489454
conditional-fit-0011,axis4_reasoning_termination,1939,3.335072651628087e-06
conditional-fit-0011,axis4_reasoning_termination,1940,0.01880730177170665
conditional-fit-0011,axis4_reasoning_termination,1941,0.3013410199822215
conditional-fit-0011,axis4_reasoning_termination,1942,9.543241688613637e-05
conditional-fit-0011,axis4_reasoning_termination,1943,0.0978765216446581
conditional-fit-0011,axis4_reasoning_termination,1944,0.004786641550140858
conditional-fit-0011,axis4_reasoning_termination,1945,6.477607274503366e-07
conditional-fit-0011,axis4_reasoning_termination,1946,5.0038313089755345e-06
conditional-fit-0011,axis4_reasoning_termination,1947,5.126546230258555e-07
conditional-fit-0011,axis4_reasoning_termination,1948,0.004773283252248239
conditional-fit-0011,axis4_reasoning_termination,1949,1.0043022163692122e-06
conditional-fit-0011,axis4_reasoning_termination,1950,2.8568110873926785e-06
conditional-fit-0011,axis4_reasoning_termination,1951,3.5078191776693925e-06
conditional-fit-0011,axis4_reasoning_termination,1952,1.9755497526244524e-05
conditional-fit-0011,axis4_reasoning_termination,1953,0.0004596878453428226
conditional-fit-0011,axis4_reasoning_termination,1954,0.0006624244371294158
conditional-fit-0011,axis4_reasoning_termination,1955,1.1805361794315652e-05
conditional-fit-0011,axis4_reasoning_termination,1956,5.7421033695597265e-06
conditional-fit-0011,axis4_reasoning_termination,1957,2.3932989892536217e-05
conditional-fit-0011,axis4_reasoning_termination,1958,3.701465255897607e-07
conditional-fit-0011,axis4_reasoning_termination,1959,1.28204556015118e-07
conditional-fit-0011,axis4_reasoning_termination,1960,1.8813013951656743e-06
conditional-fit-0011,axis4_reasoning_termination,1961,2.259034306675065e-07
conditional-fit-0011,axis4_reasoning_termination,1962,1.1529928209165568e-07
conditional-fit-0011,axis4_reasoning_termination,1963,4.782892221056455e-06
conditional-fit-0011,axis4_reasoning_termination,1964,4.6645033132199146e-07
conditional-fit-0011,axis4_reasoning_termination,1965,1.2758964324065222e-07
conditional-fit-0011,axis4_reasoning_termination,1966,1.3787066074782306e-07
conditional-fit-0011,axis4_reasoning_termination,1967,4.114776310178471e-08
conditional-fit-0011,axis4_reasoning_termination,1968,1.3125561369228287e-06
conditional-fit-0011,axis4_reasoning_termination,1969,5.612465553578305e-07
conditional-fit-0011,axis4_reasoning_termination,1970,3.987736824649049e-06
conditional-fit-0011,axis4_reasoning_termination,1971,2.755773961424326e-07
conditional-fit-0011,axis4_reasoning_termination,1972,5.95501676705447e-06
conditional-fit-0011,axis4_reasoning_termination,1973,8.62512139469183e-06
conditional-fit-0011,axis4_reasoning_termination,1974,7.25389336978194e-08
conditional-fit-0011,axis4_reasoning_termination,1975,5.589691335461906e-07
conditional-fit-0011,axis4_reasoning_termination,1976,2.63304649070781e-07
conditional-fit-0011,axis4_reasoning_termination,1977,3.434839787479841e-06
conditional-fit-0011,axis4_reasoning_termination,1978,2.9621682105540234e-06
conditional-fit-0011,axis4_reasoning_termination,1979,7.622917005955244e-07
conditional-fit-0011,axis4_reasoning_termination,1980,6.113943646000702e-07
conditional-fit-0011,axis4_reasoning_termination,1981,1.8954292197473e-07
conditional-fit-0011,axis4_reasoning_termination,1982,1.939594366869002e-07
conditional-fit-0011,axis4_reasoning_termination,1983,1.7146650476776833e-06
conditional-fit-0011,axis4_reasoning_termination,1984,2.415821732616188e-06
conditional-fit-0011,axis4_reasoning_termination,1985,2.328143248004926e-05
conditional-fit-0011,axis4_reasoning_termination,1986,4.462638417969415e-06
conditional-fit-0011,axis4_reasoning_termination,1987,9.159956477415771e-07
conditional-fit-0011,axis4_reasoning_termination,1988,4.53249733232425e-07
conditional-fit-0011,axis4_reasoning_termination,1989,2.2216929550212887e-06
conditional-fit-0011,axis4_reasoning_termination,1990,1.6614834003532627e-06
conditional-fit-0011,axis4_reasoning_termination,1991,3.455970479370076e-06
conditional-fit-0011,axis4_reasoning_termination,1992,8.797200155015184e-07
conditional-fit-0011,axis4_reasoning_termination,1993,1.2073915700609954e-05
conditional-fit-0011,axis4_reasoning_termination,1994,8.639053291496515e-05
conditional-fit-0011,axis4_reasoning_termination,1995,6.420653691083223e-05
conditional-fit-0011,axis4_reasoning_termination,1996,1.4566658931747754e-05
conditional-fit-0011,axis4_reasoning_termination,1997,0.023146755798663102
conditional-fit-0011,axis4_reasoning_termination,1998,0.22996343870267896
conditional-fit-0011,axis4_reasoning_termination,1999,8.800503304417904e-05
conditional-fit-0011,axis4_reasoning_termination,2000,0.09264729200630391
conditional-fit-0011,axis4_reasoning_termination,2001,0.030426028908385694
conditional-fit-0011,axis4_reasoning_termination,2002,1.1742123228907989e-06
conditional-fit-0011,axis4_reasoning_termination,2003,1.1062616067227394e-05
conditional-fit-0011,axis4_reasoning_termination,2004,6.166884928760861e-07
conditional-fit-0011,axis4_reasoning_termination,2005,0.0017531612644895644
conditional-fit-0011,axis4_reasoning_termination,2006,2.4744605536439717e-07
conditional-fit-0011,axis4_reasoning_termination,2007,4.395578764822641e-08
conditional-fit-0011,axis4_reasoning_termination,2008,4.604207505355057e-07
conditional-fit-0011,axis4_reasoning_termination,2009,2.50425663477317e-06
conditional-fit-0011,axis4_reasoning_termination,2010,7.468742098160377e-05
conditional-fit-0011,axis4_reasoning_termination,2011,0.0010030993292802783
conditional-fit-0011,axis4_reasoning_termination,2012,0.0006555502900379584
conditional-fit-0011,axis4_reasoning_termination,2013,1.4245476164431566e-06
conditional-fit-0011,axis4_reasoning_termination,2014,1.2761453662872807e-06
conditional-fit-0011,axis4_reasoning_termination,2015,1.671625974250446e-05
conditional-fit-0011,axis4_reasoning_termination,2016,1.0236856260191821e-06
conditional-fit-0011,axis4_reasoning_termination,2017,7.468442166797394e-07
conditional-fit-0011,axis4_reasoning_termination,2018,1.2520532630148617e-05
conditional-fit-0011,axis4_reasoning_termination,2019,1.7081394563936736e-06
conditional-fit-0011,axis4_reasoning_termination,2020,4.1834777993242554e-07
conditional-fit-0011,axis4_reasoning_termination,2021,1.7975342447807313e-06
conditional-fit-0011,axis4_reasoning_termination,2022,8.925186378600803e-09
conditional-fit-0011,axis4_reasoning_termination,2023,1.413343189565892e-07
conditional-fit-0011,axis4_reasoning_termination,2024,1.042018945807376e-06
conditional-fit-0011,axis4_reasoning_termination,2025,2.280815950169608e-05
conditional-fit-0011,axis4_reasoning_termination,2026,7.966393071007191e-07
conditional-fit-0011,axis4_reasoning_termination,2027,1.8222690437553693e-06
conditional-fit-0011,axis4_reasoning_termination,2028,9.420712636590523e-07
conditional-fit-0011,axis4_reasoning_termination,2029,1.191864496318988e-06
conditional-fit-0011,axis4_reasoning_termination,2030,1.5367446584736805e-08
conditional-fit-0011,axis4_reasoning_termination,2031,2.2795832358922675e-06
conditional-fit-0011,axis4_reasoning_termination,2032,7.601168861694053e-06
conditional-fit-0011,axis4_reasoning_termination,2033,1.2628007710995509e-06
conditional-fit-0011,axis4_reasoning_termination,2034,2.4423685663095555e-05
conditional-fit-0011,axis4_reasoning_termination,2035,3.421114927299475e-06
conditional-fit-0011,axis4_reasoning_termination,2036,0.005132197678030696
conditional-fit-0011,axis4_reasoning_termination,2037,0.0619804794030362
conditional-fit-0011,axis4_reasoning_termination,2038,0.0007258482524451598
conditional-fit-0011,axis4_reasoning_termination,2039,0.059351608575620156
conditional-fit-0011,axis4_reasoning_termination,2040,0.004468707830193774
conditional-fit-0011,axis4_reasoning_termination,2041,1.8921000892991265e-05
conditional-fit-0011,axis4_reasoning_termination,2042,0.010148685515529086
conditional-fit-0011,axis4_reasoning_termination,2043,2.440111764395312e-07
conditional-fit-0011,axis4_reasoning_termination,2044,5.643033601567376e-07
conditional-fit-0011,axis4_reasoning_termination,2045,2.646213521273689e-07
conditional-fit-0011,axis4_reasoning_termination,2046,3.274375765865006e-08
