window_id,domain,pos,kld
conditional-fit-0047,axis4_reasoning_termination,0,13.465736888643626
conditional-fit-0047,axis4_reasoning_termination,1,0.21198773659770642
conditional-fit-0047,axis4_reasoning_termination,2,0.3121157955006353
conditional-fit-0047,axis4_reasoning_termination,3,0.20670989581174481
conditional-fit-0047,axis4_reasoning_termination,4,0.35196596359038246
conditional-fit-0047,axis4_reasoning_termination,5,0.7646078581825226
conditional-fit-0047,axis4_reasoning_termination,6,0.5253490149142721
conditional-fit-0047,axis4_reasoning_termination,7,0.23090874082405705
conditional-fit-0047,axis4_reasoning_termination,8,0.7683918035183852
conditional-fit-0047,axis4_reasoning_termination,9,0.702120252262294
conditional-fit-0047,axis4_reasoning_termination,10,0.582892113433626
conditional-fit-0047,axis4_reasoning_termination,11,0.6720065849344081
conditional-fit-0047,axis4_reasoning_termination,12,0.23459922737055644
conditional-fit-0047,axis4_reasoning_termination,13,0.36898064278070103
conditional-fit-0047,axis4_reasoning_termination,14,0.5552844411728002
conditional-fit-0047,axis4_reasoning_termination,15,0.07367223114379987
conditional-fit-0047,axis4_reasoning_termination,16,0.12397248456792101
conditional-fit-0047,axis4_reasoning_termination,17,0.2614231609990034
conditional-fit-0047,axis4_reasoning_termination,18,0.12117918605681355
conditional-fit-0047,axis4_reasoning_termination,19,0.03872517988510605
conditional-fit-0047,axis4_reasoning_termination,20,0.009907781205611046
conditional-fit-0047,axis4_reasoning_termination,21,0.06375202502019255
conditional-fit-0047,axis4_reasoning_termination,22,0.02333604022498683
conditional-fit-0047,axis4_reasoning_termination,23,0.012946948126014397
conditional-fit-0047,axis4_reasoning_termination,24,0.16482164698584975
conditional-fit-0047,axis4_reasoning_termination,25,0.0002865094352934597
conditional-fit-0047,axis4_reasoning_termination,26,0.11468435104727556
conditional-fit-0047,axis4_reasoning_termination,27,0.0008671436367691079
conditional-fit-0047,axis4_reasoning_termination,28,0.07261473920649199
conditional-fit-0047,axis4_reasoning_termination,29,0.01019834588851147
conditional-fit-0047,axis4_reasoning_termination,30,0.12720101025069
conditional-fit-0047,axis4_reasoning_termination,31,0.0659301703608287
conditional-fit-0047,axis4_reasoning_termination,32,0.6044437401215818
conditional-fit-0047,axis4_reasoning_termination,33,0.7311075085734362
conditional-fit-0047,axis4_reasoning_termination,34,0.2868156703044268
conditional-fit-0047,axis4_reasoning_termination,35,0.02989116279259118
conditional-fit-0047,axis4_reasoning_termination,36,0.031908561408706564
conditional-fit-0047,axis4_reasoning_termination,37,0.0009133972961220725
conditional-fit-0047,axis4_reasoning_termination,38,0.0008123216001629586
conditional-fit-0047,axis4_reasoning_termination,39,0.014188407802692225
conditional-fit-0047,axis4_reasoning_termination,40,5.3703774877694484e-05
conditional-fit-0047,axis4_reasoning_termination,41,3.3631974591490576e-05
conditional-fit-0047,axis4_reasoning_termination,42,1.0005493107241966e-05
conditional-fit-0047,axis4_reasoning_termination,43,0.00010985532400095639
conditional-fit-0047,axis4_reasoning_termination,44,0.009768407687285936
conditional-fit-0047,axis4_reasoning_termination,45,0.0005204968214759265
conditional-fit-0047,axis4_reasoning_termination,46,0.02546004999164505
conditional-fit-0047,axis4_reasoning_termination,47,0.00023689165283840582
conditional-fit-0047,axis4_reasoning_termination,48,0.0007019062696061197
conditional-fit-0047,axis4_reasoning_termination,49,0.01645419058679888
conditional-fit-0047,axis4_reasoning_termination,50,0.0007519340706190195
conditional-fit-0047,axis4_reasoning_termination,51,7.407210672025156e-05
conditional-fit-0047,axis4_reasoning_termination,52,0.024221489471243276
conditional-fit-0047,axis4_reasoning_termination,53,0.04200731970540322
conditional-fit-0047,axis4_reasoning_termination,54,0.13186536565239038
conditional-fit-0047,axis4_reasoning_termination,55,0.031019688080031846
conditional-fit-0047,axis4_reasoning_termination,56,0.004541269674236111
conditional-fit-0047,axis4_reasoning_termination,57,0.0254478360903519
conditional-fit-0047,axis4_reasoning_termination,58,0.00059656901218316
conditional-fit-0047,axis4_reasoning_termination,59,6.212775483393959e-05
conditional-fit-0047,axis4_reasoning_termination,60,0.03983930099684399
conditional-fit-0047,axis4_reasoning_termination,61,0.0497307618138544
conditional-fit-0047,axis4_reasoning_termination,62,0.023970187947863496
conditional-fit-0047,axis4_reasoning_termination,63,0.006468306403676356
conditional-fit-0047,axis4_reasoning_termination,64,0.003352252883137001
conditional-fit-0047,axis4_reasoning_termination,65,0.01121563370989688
conditional-fit-0047,axis4_reasoning_termination,66,0.012058166663462983
conditional-fit-0047,axis4_reasoning_termination,67,0.0008743008731837563
conditional-fit-0047,axis4_reasoning_termination,68,0.036102461597431246
conditional-fit-0047,axis4_reasoning_termination,69,0.9909210105822712
conditional-fit-0047,axis4_reasoning_termination,70,0.2153764337870932
conditional-fit-0047,axis4_reasoning_termination,71,0.08841612992295698
conditional-fit-0047,axis4_reasoning_termination,72,0.02809751149981303
conditional-fit-0047,axis4_reasoning_termination,73,0.37498892342778506
conditional-fit-0047,axis4_reasoning_termination,74,1.2147907293750926
conditional-fit-0047,axis4_reasoning_termination,75,1.2671886136462764
conditional-fit-0047,axis4_reasoning_termination,76,0.1859185642142692
conditional-fit-0047,axis4_reasoning_termination,77,0.027175516077256653
conditional-fit-0047,axis4_reasoning_termination,78,0.6782301729349788
conditional-fit-0047,axis4_reasoning_termination,79,0.19755303308376085
conditional-fit-0047,axis4_reasoning_termination,80,0.013220895927672028
conditional-fit-0047,axis4_reasoning_termination,81,0.2944793886239409
conditional-fit-0047,axis4_reasoning_termination,82,2.2146955743685894
conditional-fit-0047,axis4_reasoning_termination,83,0.2814522900219749
conditional-fit-0047,axis4_reasoning_termination,84,0.013387324202150509
conditional-fit-0047,axis4_reasoning_termination,85,0.001675198373457055
conditional-fit-0047,axis4_reasoning_termination,86,0.07153763072754613
conditional-fit-0047,axis4_reasoning_termination,87,0.011837124782347344
conditional-fit-0047,axis4_reasoning_termination,88,0.06458558229024075
conditional-fit-0047,axis4_reasoning_termination,89,0.03064133199831734
conditional-fit-0047,axis4_reasoning_termination,90,0.0003169519410906106
conditional-fit-0047,axis4_reasoning_termination,91,0.36827293226147917
conditional-fit-0047,axis4_reasoning_termination,92,0.003436466512252221
conditional-fit-0047,axis4_reasoning_termination,93,0.0026052688075122498
conditional-fit-0047,axis4_reasoning_termination,94,0.018010950734728734
conditional-fit-0047,axis4_reasoning_termination,95,0.0007251715442928666
conditional-fit-0047,axis4_reasoning_termination,96,0.027074576461300875
conditional-fit-0047,axis4_reasoning_termination,97,4.301849021916189e-05
conditional-fit-0047,axis4_reasoning_termination,98,0.01349721800508595
conditional-fit-0047,axis4_reasoning_termination,99,0.007610882202728888
conditional-fit-0047,axis4_reasoning_termination,100,0.005622923916019215
conditional-fit-0047,axis4_reasoning_termination,101,0.005020629517792008
conditional-fit-0047,axis4_reasoning_termination,102,0.035832072781685896
conditional-fit-0047,axis4_reasoning_termination,103,0.020746919597346404
conditional-fit-0047,axis4_reasoning_termination,104,0.0002720159747748029
conditional-fit-0047,axis4_reasoning_termination,105,0.00010889437160027429
conditional-fit-0047,axis4_reasoning_termination,106,0.0009622169939507447
conditional-fit-0047,axis4_reasoning_termination,107,0.0002640697460507809
conditional-fit-0047,axis4_reasoning_termination,108,0.00633578986426162
conditional-fit-0047,axis4_reasoning_termination,109,0.03203984971519666
conditional-fit-0047,axis4_reasoning_termination,110,1.1892737990231297e-05
conditional-fit-0047,axis4_reasoning_termination,111,4.073336097779079e-06
conditional-fit-0047,axis4_reasoning_termination,112,2.0433603071003677e-05
conditional-fit-0047,axis4_reasoning_termination,113,2.2199306004787246e-05
conditional-fit-0047,axis4_reasoning_termination,114,0.00011279525795938121
conditional-fit-0047,axis4_reasoning_termination,115,1.3751019742969786e-05
conditional-fit-0047,axis4_reasoning_termination,116,0.0006938817872920164
conditional-fit-0047,axis4_reasoning_termination,117,8.715450058443541e-05
conditional-fit-0047,axis4_reasoning_termination,118,0.0001330761701478823
conditional-fit-0047,axis4_reasoning_termination,119,0.002243671249277373
conditional-fit-0047,axis4_reasoning_termination,120,7.92594101157488e-05
conditional-fit-0047,axis4_reasoning_termination,121,2.0681499160360727e-05
conditional-fit-0047,axis4_reasoning_termination,122,0.00041578024901010575
conditional-fit-0047,axis4_reasoning_termination,123,0.0001765253509551004
conditional-fit-0047,axis4_reasoning_termination,124,0.0005604889159466816
conditional-fit-0047,axis4_reasoning_termination,125,0.00028174319150829386
conditional-fit-0047,axis4_reasoning_termination,126,3.828173805892102e-05
conditional-fit-0047,axis4_reasoning_termination,127,0.002015409505996426
conditional-fit-0047,axis4_reasoning_termination,128,7.134474837039289e-06
conditional-fit-0047,axis4_reasoning_termination,129,1.1693866841485329e-05
conditional-fit-0047,axis4_reasoning_termination,130,0.0004320220675518402
conditional-fit-0047,axis4_reasoning_termination,131,0.0005232054865720975
conditional-fit-0047,axis4_reasoning_termination,132,0.0016230697294574174
conditional-fit-0047,axis4_reasoning_termination,133,1.4812153533648206e-05
conditional-fit-0047,axis4_reasoning_termination,134,0.00010265482666416145
conditional-fit-0047,axis4_reasoning_termination,135,2.754059673519122e-05
conditional-fit-0047,axis4_reasoning_termination,136,6.467723227806651e-05
conditional-fit-0047,axis4_reasoning_termination,137,1.9685822429147858e-05
conditional-fit-0047,axis4_reasoning_termination,138,0.002041522317105138
conditional-fit-0047,axis4_reasoning_termination,139,0.054073541980426326
conditional-fit-0047,axis4_reasoning_termination,140,0.0008246860870668685
conditional-fit-0047,axis4_reasoning_termination,141,0.16037805253025955
conditional-fit-0047,axis4_reasoning_termination,142,0.006985344306928246
conditional-fit-0047,axis4_reasoning_termination,143,0.014104798462820905
conditional-fit-0047,axis4_reasoning_termination,144,1.029652691464785
conditional-fit-0047,axis4_reasoning_termination,145,0.19353745888853746
conditional-fit-0047,axis4_reasoning_termination,146,0.01650648665767606
conditional-fit-0047,axis4_reasoning_termination,147,0.000600235971949658
conditional-fit-0047,axis4_reasoning_termination,148,0.0008929587985056404
conditional-fit-0047,axis4_reasoning_termination,149,0.03502860268015495
conditional-fit-0047,axis4_reasoning_termination,150,0.0003550591441663021
conditional-fit-0047,axis4_reasoning_termination,151,0.01516250170287916
conditional-fit-0047,axis4_reasoning_termination,152,0.0005914645763735637
conditional-fit-0047,axis4_reasoning_termination,153,0.03370644622909699
conditional-fit-0047,axis4_reasoning_termination,154,0.00022169524916634614
conditional-fit-0047,axis4_reasoning_termination,155,0.0001064144987164253
conditional-fit-0047,axis4_reasoning_termination,156,0.004701037374623137
conditional-fit-0047,axis4_reasoning_termination,157,0.0009214640461731636
conditional-fit-0047,axis4_reasoning_termination,158,0.0005041691169801331
conditional-fit-0047,axis4_reasoning_termination,159,0.0012459955403709966
conditional-fit-0047,axis4_reasoning_termination,160,1.77172393789722e-05
conditional-fit-0047,axis4_reasoning_termination,161,0.008067075251804532
conditional-fit-0047,axis4_reasoning_termination,162,2.1288618480495534e-05
conditional-fit-0047,axis4_reasoning_termination,163,0.00014874409335391238
conditional-fit-0047,axis4_reasoning_termination,164,1.1087190326215238e-05
conditional-fit-0047,axis4_reasoning_termination,165,0.004337907106618974
conditional-fit-0047,axis4_reasoning_termination,166,0.0009161973623486264
conditional-fit-0047,axis4_reasoning_termination,167,2.513835916213182e-06
conditional-fit-0047,axis4_reasoning_termination,168,0.0003433613568315189
conditional-fit-0047,axis4_reasoning_termination,169,2.2758032964641712e-05
conditional-fit-0047,axis4_reasoning_termination,170,0.000336789666399671
conditional-fit-0047,axis4_reasoning_termination,171,6.759616377165532e-05
conditional-fit-0047,axis4_reasoning_termination,172,0.0005157899593919979
conditional-fit-0047,axis4_reasoning_termination,173,0.0014754519897274784
conditional-fit-0047,axis4_reasoning_termination,174,2.843632680041835e-06
conditional-fit-0047,axis4_reasoning_termination,175,9.901606528686957e-06
conditional-fit-0047,axis4_reasoning_termination,176,3.799466162426107e-06
conditional-fit-0047,axis4_reasoning_termination,177,4.505199212443351e-06
conditional-fit-0047,axis4_reasoning_termination,178,5.531981266421555e-05
conditional-fit-0047,axis4_reasoning_termination,179,0.00013473133489584404
conditional-fit-0047,axis4_reasoning_termination,180,7.64424983962832e-07
conditional-fit-0047,axis4_reasoning_termination,181,3.231424569095466e-07
conditional-fit-0047,axis4_reasoning_termination,182,2.433762724169027e-06
conditional-fit-0047,axis4_reasoning_termination,183,1.3423815042065367e-05
conditional-fit-0047,axis4_reasoning_termination,184,2.639576731192757e-05
conditional-fit-0047,axis4_reasoning_termination,185,3.339078055436384e-06
conditional-fit-0047,axis4_reasoning_termination,186,0.000434065430667518
conditional-fit-0047,axis4_reasoning_termination,187,1.1383084502939966e-06
conditional-fit-0047,axis4_reasoning_termination,188,7.945095241332499e-07
conditional-fit-0047,axis4_reasoning_termination,189,7.94567585016194e-06
conditional-fit-0047,axis4_reasoning_termination,190,8.906764587974396e-07
conditional-fit-0047,axis4_reasoning_termination,191,3.504198504655388e-05
conditional-fit-0047,axis4_reasoning_termination,192,8.673380636900098e-05
conditional-fit-0047,axis4_reasoning_termination,193,1.1355377551730033e-05
conditional-fit-0047,axis4_reasoning_termination,194,1.813234002366438e-06
conditional-fit-0047,axis4_reasoning_termination,195,1.77046530075574e-06
conditional-fit-0047,axis4_reasoning_termination,196,1.8291313560632325e-05
conditional-fit-0047,axis4_reasoning_termination,197,6.699499611419544e-06
conditional-fit-0047,axis4_reasoning_termination,198,4.743855948681391e-07
conditional-fit-0047,axis4_reasoning_termination,199,5.472794583869594e-07
conditional-fit-0047,axis4_reasoning_termination,200,5.4554881659088815e-05
conditional-fit-0047,axis4_reasoning_termination,201,2.48230574309132e-05
conditional-fit-0047,axis4_reasoning_termination,202,0.00011384239666567417
conditional-fit-0047,axis4_reasoning_termination,203,4.5431070856034e-06
conditional-fit-0047,axis4_reasoning_termination,204,2.7546431864071092e-05
conditional-fit-0047,axis4_reasoning_termination,205,1.3096453669842949e-05
conditional-fit-0047,axis4_reasoning_termination,206,1.0135536043424799e-05
conditional-fit-0047,axis4_reasoning_termination,207,1.0273518321040295e-06
conditional-fit-0047,axis4_reasoning_termination,208,0.0005277613963776483
conditional-fit-0047,axis4_reasoning_termination,209,0.3918236675496153
conditional-fit-0047,axis4_reasoning_termination,210,0.00020059626330092456
conditional-fit-0047,axis4_reasoning_termination,211,0.019991607515332365
conditional-fit-0047,axis4_reasoning_termination,212,0.00877458893127836
conditional-fit-0047,axis4_reasoning_termination,213,1.7255791894521628
conditional-fit-0047,axis4_reasoning_termination,214,0.06355792631233036
conditional-fit-0047,axis4_reasoning_termination,215,0.016800819199774174
conditional-fit-0047,axis4_reasoning_termination,216,0.0008918435949099208
conditional-fit-0047,axis4_reasoning_termination,217,0.0033171766061095187
conditional-fit-0047,axis4_reasoning_termination,218,0.004543769765460562
conditional-fit-0047,axis4_reasoning_termination,219,0.0006172164273173497
conditional-fit-0047,axis4_reasoning_termination,220,0.02740058807538926
conditional-fit-0047,axis4_reasoning_termination,221,0.0003289238630483412
conditional-fit-0047,axis4_reasoning_termination,222,0.005002318517484491
conditional-fit-0047,axis4_reasoning_termination,223,5.511797893274945e-05
conditional-fit-0047,axis4_reasoning_termination,224,4.807781530364339e-05
conditional-fit-0047,axis4_reasoning_termination,225,0.0007386963660428382
conditional-fit-0047,axis4_reasoning_termination,226,0.00011898713087012781
conditional-fit-0047,axis4_reasoning_termination,227,0.00014836615918130796
conditional-fit-0047,axis4_reasoning_termination,228,0.0002426130888866832
conditional-fit-0047,axis4_reasoning_termination,229,2.2448376216474255e-06
conditional-fit-0047,axis4_reasoning_termination,230,0.0019702085748482456
conditional-fit-0047,axis4_reasoning_termination,231,5.899210261346404e-06
conditional-fit-0047,axis4_reasoning_termination,232,3.191582623832791e-05
conditional-fit-0047,axis4_reasoning_termination,233,1.3192067131175105e-05
conditional-fit-0047,axis4_reasoning_termination,234,4.168712813939415e-06
conditional-fit-0047,axis4_reasoning_termination,235,4.314829131018179e-05
conditional-fit-0047,axis4_reasoning_termination,236,1.0246775332862188e-05
conditional-fit-0047,axis4_reasoning_termination,237,7.863840833080644e-05
conditional-fit-0047,axis4_reasoning_termination,238,1.6974127196809968e-06
conditional-fit-0047,axis4_reasoning_termination,239,8.808109575269282e-05
conditional-fit-0047,axis4_reasoning_termination,240,2.660947285710339e-05
conditional-fit-0047,axis4_reasoning_termination,241,0.00015080858979026827
conditional-fit-0047,axis4_reasoning_termination,242,1.5390123557233597e-05
conditional-fit-0047,axis4_reasoning_termination,243,2.6716880774463927e-06
conditional-fit-0047,axis4_reasoning_termination,244,3.695815330438085e-06
conditional-fit-0047,axis4_reasoning_termination,245,2.885797171276724e-05
conditional-fit-0047,axis4_reasoning_termination,246,1.1744129196777751e-06
conditional-fit-0047,axis4_reasoning_termination,247,2.0571400354832782e-05
conditional-fit-0047,axis4_reasoning_termination,248,0.00014070364182804015
conditional-fit-0047,axis4_reasoning_termination,249,3.013224118678763e-07
conditional-fit-0047,axis4_reasoning_termination,250,0.00010005612943327495
conditional-fit-0047,axis4_reasoning_termination,251,2.302971207614725e-06
conditional-fit-0047,axis4_reasoning_termination,252,6.048065276129997e-05
conditional-fit-0047,axis4_reasoning_termination,253,6.478510418604472e-06
conditional-fit-0047,axis4_reasoning_termination,254,2.079298642469016e-06
conditional-fit-0047,axis4_reasoning_termination,255,4.941938030529107e-06
conditional-fit-0047,axis4_reasoning_termination,256,1.1806079654466513e-05
conditional-fit-0047,axis4_reasoning_termination,257,1.000185675450983e-05
conditional-fit-0047,axis4_reasoning_termination,258,9.635793184904771e-06
conditional-fit-0047,axis4_reasoning_termination,259,2.470885521339633e-06
conditional-fit-0047,axis4_reasoning_termination,260,1.6378144574153725e-07
conditional-fit-0047,axis4_reasoning_termination,261,4.084442590264206e-06
conditional-fit-0047,axis4_reasoning_termination,262,2.436836792959275e-05
conditional-fit-0047,axis4_reasoning_termination,263,2.423871767201062e-06
conditional-fit-0047,axis4_reasoning_termination,264,2.2965000817170636e-07
conditional-fit-0047,axis4_reasoning_termination,265,8.202327930569864e-06
conditional-fit-0047,axis4_reasoning_termination,266,2.8489463529956644e-05
conditional-fit-0047,axis4_reasoning_termination,267,3.0663908178737673e-07
conditional-fit-0047,axis4_reasoning_termination,268,8.175720357356941e-07
conditional-fit-0047,axis4_reasoning_termination,269,6.555197088748531e-05
conditional-fit-0047,axis4_reasoning_termination,270,5.52245825069275e-06
conditional-fit-0047,axis4_reasoning_termination,271,3.2507044456995464e-05
conditional-fit-0047,axis4_reasoning_termination,272,5.37862789569753e-06
conditional-fit-0047,axis4_reasoning_termination,273,2.4360228221380115e-05
conditional-fit-0047,axis4_reasoning_termination,274,2.7104228636927692e-05
conditional-fit-0047,axis4_reasoning_termination,275,2.1196725639766928e-05
conditional-fit-0047,axis4_reasoning_termination,276,1.2386120197538432e-06
conditional-fit-0047,axis4_reasoning_termination,277,0.00021658127592208223
conditional-fit-0047,axis4_reasoning_termination,278,0.09238730351171066
conditional-fit-0047,axis4_reasoning_termination,279,0.00015851020085375762
conditional-fit-0047,axis4_reasoning_termination,280,0.011154205581655103
conditional-fit-0047,axis4_reasoning_termination,281,0.08332350337211239
conditional-fit-0047,axis4_reasoning_termination,282,0.016884220984100848
conditional-fit-0047,axis4_reasoning_termination,283,1.0450954917881652
conditional-fit-0047,axis4_reasoning_termination,284,0.31685941840479986
conditional-fit-0047,axis4_reasoning_termination,285,0.002691212674585508
conditional-fit-0047,axis4_reasoning_termination,286,0.00023611517619025478
conditional-fit-0047,axis4_reasoning_termination,287,0.0005909024363234299
conditional-fit-0047,axis4_reasoning_termination,288,0.00034873293601066647
conditional-fit-0047,axis4_reasoning_termination,289,0.0003181990431830913
conditional-fit-0047,axis4_reasoning_termination,290,0.006895504993613165
conditional-fit-0047,axis4_reasoning_termination,291,0.002382502145248718
conditional-fit-0047,axis4_reasoning_termination,292,0.0012615187449243593
conditional-fit-0047,axis4_reasoning_termination,293,8.796446053586855e-06
conditional-fit-0047,axis4_reasoning_termination,294,1.699593227622825e-05
conditional-fit-0047,axis4_reasoning_termination,295,0.0005057115027385931
conditional-fit-0047,axis4_reasoning_termination,296,0.00013745361116546627
conditional-fit-0047,axis4_reasoning_termination,297,4.964111785735357e-05
conditional-fit-0047,axis4_reasoning_termination,298,5.975533402787677e-05
conditional-fit-0047,axis4_reasoning_termination,299,2.291720690304436e-06
conditional-fit-0047,axis4_reasoning_termination,300,0.00039945255480598935
conditional-fit-0047,axis4_reasoning_termination,301,1.3031094262517716e-06
conditional-fit-0047,axis4_reasoning_termination,302,1.3104950485399504e-05
conditional-fit-0047,axis4_reasoning_termination,303,5.762801071688093e-06
conditional-fit-0047,axis4_reasoning_termination,304,2.63323913435952e-06
conditional-fit-0047,axis4_reasoning_termination,305,4.974391843979469e-05
conditional-fit-0047,axis4_reasoning_termination,306,3.517541141603834e-07
conditional-fit-0047,axis4_reasoning_termination,307,0.0001366510270723828
conditional-fit-0047,axis4_reasoning_termination,308,1.035451817828301e-06
conditional-fit-0047,axis4_reasoning_termination,309,8.279606078941534e-06
conditional-fit-0047,axis4_reasoning_termination,310,5.792506584291236e-06
conditional-fit-0047,axis4_reasoning_termination,311,9.767410144095822e-06
conditional-fit-0047,axis4_reasoning_termination,312,8.258731758599192e-05
conditional-fit-0047,axis4_reasoning_termination,313,1.2992024075886186e-07
conditional-fit-0047,axis4_reasoning_termination,314,1.1512937109611414e-06
conditional-fit-0047,axis4_reasoning_termination,315,6.768473319112519e-06
conditional-fit-0047,axis4_reasoning_termination,316,3.0254190871802378e-06
conditional-fit-0047,axis4_reasoning_termination,317,5.854311508612606e-06
conditional-fit-0047,axis4_reasoning_termination,318,8.056424672610561e-05
conditional-fit-0047,axis4_reasoning_termination,319,5.293979943082497e-07
conditional-fit-0047,axis4_reasoning_termination,320,1.0194844912801438e-06
conditional-fit-0047,axis4_reasoning_termination,321,3.0976911430426574e-07
conditional-fit-0047,axis4_reasoning_termination,322,5.3912168327296564e-06
conditional-fit-0047,axis4_reasoning_termination,323,5.630978370610193e-06
conditional-fit-0047,axis4_reasoning_termination,324,2.1979883305997414e-06
conditional-fit-0047,axis4_reasoning_termination,325,3.129191844027364e-05
conditional-fit-0047,axis4_reasoning_termination,326,5.080215174547335e-07
conditional-fit-0047,axis4_reasoning_termination,327,1.7215924476923838e-06
conditional-fit-0047,axis4_reasoning_termination,328,3.7303669377181168e-06
conditional-fit-0047,axis4_reasoning_termination,329,1.2445569452612304e-06
conditional-fit-0047,axis4_reasoning_termination,330,5.297099316478705e-06
conditional-fit-0047,axis4_reasoning_termination,331,2.0828267494678313e-06
conditional-fit-0047,axis4_reasoning_termination,332,2.5696973128760764e-07
conditional-fit-0047,axis4_reasoning_termination,333,2.180777409708405e-06
conditional-fit-0047,axis4_reasoning_termination,334,8.757487784224348e-07
conditional-fit-0047,axis4_reasoning_termination,335,3.731194174536576e-07
conditional-fit-0047,axis4_reasoning_termination,336,1.3215394983707479e-05
conditional-fit-0047,axis4_reasoning_termination,337,3.990218551869457e-07
conditional-fit-0047,axis4_reasoning_termination,338,1.632342996693715e-06
conditional-fit-0047,axis4_reasoning_termination,339,6.414907345849073e-05
conditional-fit-0047,axis4_reasoning_termination,340,4.770015183590069e-06
conditional-fit-0047,axis4_reasoning_termination,341,7.480084151778335e-07
conditional-fit-0047,axis4_reasoning_termination,342,8.35150270377954e-07
conditional-fit-0047,axis4_reasoning_termination,343,1.7563275251645015e-05
conditional-fit-0047,axis4_reasoning_termination,344,8.172901860610841e-07
conditional-fit-0047,axis4_reasoning_termination,345,3.3476500145509885e-06
conditional-fit-0047,axis4_reasoning_termination,346,6.633299175084186e-07
conditional-fit-0047,axis4_reasoning_termination,347,0.0003929059094678358
conditional-fit-0047,axis4_reasoning_termination,348,0.01707708871533403
conditional-fit-0047,axis4_reasoning_termination,349,8.411674485642153e-05
conditional-fit-0047,axis4_reasoning_termination,350,0.007201097030082553
conditional-fit-0047,axis4_reasoning_termination,351,0.0038563929977617727
conditional-fit-0047,axis4_reasoning_termination,352,0.016266944067705257
conditional-fit-0047,axis4_reasoning_termination,353,0.8007115699919322
conditional-fit-0047,axis4_reasoning_termination,354,0.0811045864902725
conditional-fit-0047,axis4_reasoning_termination,355,0.0015140811571117399
conditional-fit-0047,axis4_reasoning_termination,356,1.6362860395397886e-05
conditional-fit-0047,axis4_reasoning_termination,357,0.00046917139613108784
conditional-fit-0047,axis4_reasoning_termination,358,0.00041193041183561934
conditional-fit-0047,axis4_reasoning_termination,359,0.1942121635821355
conditional-fit-0047,axis4_reasoning_termination,360,0.0006433484483440499
conditional-fit-0047,axis4_reasoning_termination,361,0.022316058787216694
conditional-fit-0047,axis4_reasoning_termination,362,0.05725765153204095
conditional-fit-0047,axis4_reasoning_termination,363,0.11553070056452217
conditional-fit-0047,axis4_reasoning_termination,364,0.03561038055595677
conditional-fit-0047,axis4_reasoning_termination,365,0.15789700002672152
conditional-fit-0047,axis4_reasoning_termination,366,0.003336554202704351
conditional-fit-0047,axis4_reasoning_termination,367,0.0015339927700783798
conditional-fit-0047,axis4_reasoning_termination,368,0.2409511082859977
conditional-fit-0047,axis4_reasoning_termination,369,0.394141767551927
conditional-fit-0047,axis4_reasoning_termination,370,0.07981308120655745
conditional-fit-0047,axis4_reasoning_termination,371,0.029010523004051072
conditional-fit-0047,axis4_reasoning_termination,372,0.1570149414591485
conditional-fit-0047,axis4_reasoning_termination,373,0.06754578291443558
conditional-fit-0047,axis4_reasoning_termination,374,0.021170764894503404
conditional-fit-0047,axis4_reasoning_termination,375,8.013021606031815e-05
conditional-fit-0047,axis4_reasoning_termination,376,0.004196399632627011
conditional-fit-0047,axis4_reasoning_termination,377,0.0001829361256382633
conditional-fit-0047,axis4_reasoning_termination,378,0.0013319208761064668
conditional-fit-0047,axis4_reasoning_termination,379,0.016765083276094002
conditional-fit-0047,axis4_reasoning_termination,380,0.012862568176284095
conditional-fit-0047,axis4_reasoning_termination,381,0.021826765800529058
conditional-fit-0047,axis4_reasoning_termination,382,3.950888840717478e-05
conditional-fit-0047,axis4_reasoning_termination,383,2.6047455262579054e-06
conditional-fit-0047,axis4_reasoning_termination,384,0.00011497525074225524
conditional-fit-0047,axis4_reasoning_termination,385,0.0005408447616262733
conditional-fit-0047,axis4_reasoning_termination,386,0.14357743813898516
conditional-fit-0047,axis4_reasoning_termination,387,0.03996020952839459
conditional-fit-0047,axis4_reasoning_termination,388,0.00014109117433524048
conditional-fit-0047,axis4_reasoning_termination,389,0.003117906000500317
conditional-fit-0047,axis4_reasoning_termination,390,0.0039815489350184495
conditional-fit-0047,axis4_reasoning_termination,391,0.004164655261230197
conditional-fit-0047,axis4_reasoning_termination,392,0.0031368358960946535
conditional-fit-0047,axis4_reasoning_termination,393,0.6846044771644568
conditional-fit-0047,axis4_reasoning_termination,394,1.2144184651356287
conditional-fit-0047,axis4_reasoning_termination,395,0.001578465447079203
conditional-fit-0047,axis4_reasoning_termination,396,0.0012054325745199817
conditional-fit-0047,axis4_reasoning_termination,397,0.0007702708273497321
conditional-fit-0047,axis4_reasoning_termination,398,0.011774047845640786
conditional-fit-0047,axis4_reasoning_termination,399,0.0007789985878648853
conditional-fit-0047,axis4_reasoning_termination,400,0.009473225594519347
conditional-fit-0047,axis4_reasoning_termination,401,0.00017116922374362905
conditional-fit-0047,axis4_reasoning_termination,402,0.002091314836809537
conditional-fit-0047,axis4_reasoning_termination,403,7.189938016817289e-06
conditional-fit-0047,axis4_reasoning_termination,404,7.973049794924367e-06
conditional-fit-0047,axis4_reasoning_termination,405,0.003002481706572086
conditional-fit-0047,axis4_reasoning_termination,406,0.00013631065150459355
conditional-fit-0047,axis4_reasoning_termination,407,0.0005627993723330141
conditional-fit-0047,axis4_reasoning_termination,408,0.0019054062834677797
conditional-fit-0047,axis4_reasoning_termination,409,1.018923164138759e-05
conditional-fit-0047,axis4_reasoning_termination,410,0.00969518554155152
conditional-fit-0047,axis4_reasoning_termination,411,3.4952896950467364e-05
conditional-fit-0047,axis4_reasoning_termination,412,0.00012160431432894144
conditional-fit-0047,axis4_reasoning_termination,413,4.8317804769027506e-05
conditional-fit-0047,axis4_reasoning_termination,414,1.3723922501145411e-06
conditional-fit-0047,axis4_reasoning_termination,415,3.944621122458743e-05
conditional-fit-0047,axis4_reasoning_termination,416,3.1295394438077426e-07
conditional-fit-0047,axis4_reasoning_termination,417,1.2347647741882872e-05
conditional-fit-0047,axis4_reasoning_termination,418,1.3792723348529117e-05
conditional-fit-0047,axis4_reasoning_termination,419,4.5915324983470016e-05
conditional-fit-0047,axis4_reasoning_termination,420,1.7825546484196565e-05
conditional-fit-0047,axis4_reasoning_termination,421,0.00023866746324966253
conditional-fit-0047,axis4_reasoning_termination,422,0.0001594453177888323
conditional-fit-0047,axis4_reasoning_termination,423,3.393901198343816e-06
conditional-fit-0047,axis4_reasoning_termination,424,1.484832140333744e-05
conditional-fit-0047,axis4_reasoning_termination,425,9.180765153363777e-05
conditional-fit-0047,axis4_reasoning_termination,426,4.508484165382032e-06
conditional-fit-0047,axis4_reasoning_termination,427,4.772625206855459e-05
conditional-fit-0047,axis4_reasoning_termination,428,0.0002469686572530356
conditional-fit-0047,axis4_reasoning_termination,429,1.292162964605488e-07
conditional-fit-0047,axis4_reasoning_termination,430,1.1656773934228921e-07
conditional-fit-0047,axis4_reasoning_termination,431,6.814238290322471e-07
conditional-fit-0047,axis4_reasoning_termination,432,1.888568360398308e-06
conditional-fit-0047,axis4_reasoning_termination,433,8.913411238852749e-06
conditional-fit-0047,axis4_reasoning_termination,434,2.332430594739189e-06
conditional-fit-0047,axis4_reasoning_termination,435,2.1210933026901503e-05
conditional-fit-0047,axis4_reasoning_termination,436,3.139022103001134e-06
conditional-fit-0047,axis4_reasoning_termination,437,5.346176307168278e-06
conditional-fit-0047,axis4_reasoning_termination,438,7.124923249121794e-05
conditional-fit-0047,axis4_reasoning_termination,439,3.800962004162761e-06
conditional-fit-0047,axis4_reasoning_termination,440,4.612902383531106e-06
conditional-fit-0047,axis4_reasoning_termination,441,2.202885536850375e-05
conditional-fit-0047,axis4_reasoning_termination,442,3.7974342642430337e-06
conditional-fit-0047,axis4_reasoning_termination,443,8.86703026582407e-06
conditional-fit-0047,axis4_reasoning_termination,444,1.8024312123569033e-06
conditional-fit-0047,axis4_reasoning_termination,445,3.210052784369869e-06
conditional-fit-0047,axis4_reasoning_termination,446,6.129791518261768e-06
conditional-fit-0047,axis4_reasoning_termination,447,7.532125001796697e-07
conditional-fit-0047,axis4_reasoning_termination,448,1.1054573202413015e-06
conditional-fit-0047,axis4_reasoning_termination,449,0.00010236570039368921
conditional-fit-0047,axis4_reasoning_termination,450,5.677046377565073e-05
conditional-fit-0047,axis4_reasoning_termination,451,7.656430920551188e-06
conditional-fit-0047,axis4_reasoning_termination,452,2.8624626257696247e-06
conditional-fit-0047,axis4_reasoning_termination,453,3.1308302020536106e-06
conditional-fit-0047,axis4_reasoning_termination,454,3.899628459317875e-06
conditional-fit-0047,axis4_reasoning_termination,455,4.0521149260183424e-05
conditional-fit-0047,axis4_reasoning_termination,456,1.6094049898468614e-06
conditional-fit-0047,axis4_reasoning_termination,457,6.273142063769749e-05
conditional-fit-0047,axis4_reasoning_termination,458,0.0018824572284366838
conditional-fit-0047,axis4_reasoning_termination,459,5.018843939992403e-05
conditional-fit-0047,axis4_reasoning_termination,460,0.0025649859475129736
conditional-fit-0047,axis4_reasoning_termination,461,0.01713140816866064
conditional-fit-0047,axis4_reasoning_termination,462,0.005563961717390597
conditional-fit-0047,axis4_reasoning_termination,463,0.8852348679752541
conditional-fit-0047,axis4_reasoning_termination,464,0.02842435883824454
conditional-fit-0047,axis4_reasoning_termination,465,0.4245394993161269
conditional-fit-0047,axis4_reasoning_termination,466,0.12522402525042117
conditional-fit-0047,axis4_reasoning_termination,467,0.023150196320834194
conditional-fit-0047,axis4_reasoning_termination,468,0.5871805187301603
conditional-fit-0047,axis4_reasoning_termination,469,0.1178224291029687
conditional-fit-0047,axis4_reasoning_termination,470,0.00010845349866896544
conditional-fit-0047,axis4_reasoning_termination,471,0.3682335762635963
conditional-fit-0047,axis4_reasoning_termination,472,0.17101211527142607
conditional-fit-0047,axis4_reasoning_termination,473,0.08276587032096422
conditional-fit-0047,axis4_reasoning_termination,474,0.15448618190307464
conditional-fit-0047,axis4_reasoning_termination,475,0.06301919120099529
conditional-fit-0047,axis4_reasoning_termination,476,0.12993434511465027
conditional-fit-0047,axis4_reasoning_termination,477,0.131263443970486
conditional-fit-0047,axis4_reasoning_termination,478,0.04948045859519483
conditional-fit-0047,axis4_reasoning_termination,479,0.15345750472750394
conditional-fit-0047,axis4_reasoning_termination,480,0.16780156045819383
conditional-fit-0047,axis4_reasoning_termination,481,0.1000271079205067
conditional-fit-0047,axis4_reasoning_termination,482,0.14077656108235415
conditional-fit-0047,axis4_reasoning_termination,483,0.13309485171672714
conditional-fit-0047,axis4_reasoning_termination,484,0.27665527370081255
conditional-fit-0047,axis4_reasoning_termination,485,0.05959885868190069
conditional-fit-0047,axis4_reasoning_termination,486,0.1873814083222211
conditional-fit-0047,axis4_reasoning_termination,487,2.2664206058735217
conditional-fit-0047,axis4_reasoning_termination,488,0.2640306263536577
conditional-fit-0047,axis4_reasoning_termination,489,0.13300860858920985
conditional-fit-0047,axis4_reasoning_termination,490,0.005513257027978404
conditional-fit-0047,axis4_reasoning_termination,491,0.01973977202164974
conditional-fit-0047,axis4_reasoning_termination,492,0.14706271782317148
conditional-fit-0047,axis4_reasoning_termination,493,0.02374297663534919
conditional-fit-0047,axis4_reasoning_termination,494,0.008065708764375948
conditional-fit-0047,axis4_reasoning_termination,495,0.014752263769191788
conditional-fit-0047,axis4_reasoning_termination,496,0.0015243667708724766
conditional-fit-0047,axis4_reasoning_termination,497,0.037221030292554906
conditional-fit-0047,axis4_reasoning_termination,498,0.03714387042055755
conditional-fit-0047,axis4_reasoning_termination,499,0.15124344750755728
conditional-fit-0047,axis4_reasoning_termination,500,0.07312585046048788
conditional-fit-0047,axis4_reasoning_termination,501,5.855643226930698e-05
conditional-fit-0047,axis4_reasoning_termination,502,0.034090618431886544
conditional-fit-0047,axis4_reasoning_termination,503,0.13640503850445398
conditional-fit-0047,axis4_reasoning_termination,504,0.05775309342826349
conditional-fit-0047,axis4_reasoning_termination,505,0.014142653533609838
conditional-fit-0047,axis4_reasoning_termination,506,0.0762797963101091
conditional-fit-0047,axis4_reasoning_termination,507,0.10977446405770587
conditional-fit-0047,axis4_reasoning_termination,508,0.00017454357970046774
conditional-fit-0047,axis4_reasoning_termination,509,0.02637073485752501
conditional-fit-0047,axis4_reasoning_termination,510,0.0011175389646327723
conditional-fit-0047,axis4_reasoning_termination,511,0.00010632036150729076
conditional-fit-0047,axis4_reasoning_termination,512,0.020681851926891516
conditional-fit-0047,axis4_reasoning_termination,513,0.012007960888355786
conditional-fit-0047,axis4_reasoning_termination,514,0.015146791860765837
conditional-fit-0047,axis4_reasoning_termination,515,0.031316005597295596
conditional-fit-0047,axis4_reasoning_termination,516,0.0017703420110585155
conditional-fit-0047,axis4_reasoning_termination,517,0.008910728749805632
conditional-fit-0047,axis4_reasoning_termination,518,0.0021636456669467917
conditional-fit-0047,axis4_reasoning_termination,519,0.0064286882891640175
conditional-fit-0047,axis4_reasoning_termination,520,0.0077327957417901855
conditional-fit-0047,axis4_reasoning_termination,521,0.5527544327159415
conditional-fit-0047,axis4_reasoning_termination,522,0.11530471934622355
conditional-fit-0047,axis4_reasoning_termination,523,0.003076865832800603
conditional-fit-0047,axis4_reasoning_termination,524,0.18757040878071857
conditional-fit-0047,axis4_reasoning_termination,525,0.17202407855252827
conditional-fit-0047,axis4_reasoning_termination,526,0.13768817745893489
conditional-fit-0047,axis4_reasoning_termination,527,0.027603637982300706
conditional-fit-0047,axis4_reasoning_termination,528,0.004433555405035887
conditional-fit-0047,axis4_reasoning_termination,529,0.0008283475263392934
conditional-fit-0047,axis4_reasoning_termination,530,0.0006110263226839154
conditional-fit-0047,axis4_reasoning_termination,531,0.001066209311212872
conditional-fit-0047,axis4_reasoning_termination,532,0.0014047410334805334
conditional-fit-0047,axis4_reasoning_termination,533,0.00022803198750538347
conditional-fit-0047,axis4_reasoning_termination,534,0.0002207953099211428
conditional-fit-0047,axis4_reasoning_termination,535,0.0028929020312123003
conditional-fit-0047,axis4_reasoning_termination,536,0.0005000388268769991
conditional-fit-0047,axis4_reasoning_termination,537,0.001010992963451411
conditional-fit-0047,axis4_reasoning_termination,538,3.9878351184901214e-05
conditional-fit-0047,axis4_reasoning_termination,539,0.002007312319080495
conditional-fit-0047,axis4_reasoning_termination,540,5.347921082222939e-05
conditional-fit-0047,axis4_reasoning_termination,541,0.0037893047921032973
conditional-fit-0047,axis4_reasoning_termination,542,0.014133388864226755
conditional-fit-0047,axis4_reasoning_termination,543,0.02773252581135057
conditional-fit-0047,axis4_reasoning_termination,544,0.08258544422615413
conditional-fit-0047,axis4_reasoning_termination,545,0.09452053177584352
conditional-fit-0047,axis4_reasoning_termination,546,0.13223630530341768
conditional-fit-0047,axis4_reasoning_termination,547,0.04474849452069813
conditional-fit-0047,axis4_reasoning_termination,548,0.0033375648165224034
conditional-fit-0047,axis4_reasoning_termination,549,0.114604937724115
conditional-fit-0047,axis4_reasoning_termination,550,0.0382928584931771
conditional-fit-0047,axis4_reasoning_termination,551,4.967714564628754e-05
conditional-fit-0047,axis4_reasoning_termination,552,0.10627611078296183
conditional-fit-0047,axis4_reasoning_termination,553,0.04983893555405289
conditional-fit-0047,axis4_reasoning_termination,554,0.05602866625156623
conditional-fit-0047,axis4_reasoning_termination,555,0.00023996479126320357
conditional-fit-0047,axis4_reasoning_termination,556,0.007369939857907705
conditional-fit-0047,axis4_reasoning_termination,557,0.08470845003817926
conditional-fit-0047,axis4_reasoning_termination,558,0.09259286209811898
conditional-fit-0047,axis4_reasoning_termination,559,0.03276577226032641
conditional-fit-0047,axis4_reasoning_termination,560,0.11533828473234158
conditional-fit-0047,axis4_reasoning_termination,561,0.0036067533422815576
conditional-fit-0047,axis4_reasoning_termination,562,0.0008075177862995451
conditional-fit-0047,axis4_reasoning_termination,563,2.869409708788267e-05
conditional-fit-0047,axis4_reasoning_termination,564,0.1382901678620698
conditional-fit-0047,axis4_reasoning_termination,565,0.038417484905144024
conditional-fit-0047,axis4_reasoning_termination,566,2.5448804235628672e-05
conditional-fit-0047,axis4_reasoning_termination,567,8.282472035604628e-05
conditional-fit-0047,axis4_reasoning_termination,568,1.565287119079651e-05
conditional-fit-0047,axis4_reasoning_termination,569,0.00011644301574847071
conditional-fit-0047,axis4_reasoning_termination,570,0.017240927041471378
conditional-fit-0047,axis4_reasoning_termination,571,0.006183827239651525
conditional-fit-0047,axis4_reasoning_termination,572,0.0019758792802894113
conditional-fit-0047,axis4_reasoning_termination,573,0.010947282007727953
conditional-fit-0047,axis4_reasoning_termination,574,0.1994139695362785
conditional-fit-0047,axis4_reasoning_termination,575,0.0577880052534428
conditional-fit-0047,axis4_reasoning_termination,576,0.04270848878097056
conditional-fit-0047,axis4_reasoning_termination,577,0.0907375425356041
conditional-fit-0047,axis4_reasoning_termination,578,0.017161457971988703
conditional-fit-0047,axis4_reasoning_termination,579,0.031167719008040037
conditional-fit-0047,axis4_reasoning_termination,580,0.01071478152281519
conditional-fit-0047,axis4_reasoning_termination,581,0.039821586481934276
conditional-fit-0047,axis4_reasoning_termination,582,0.011273145154898646
conditional-fit-0047,axis4_reasoning_termination,583,0.00048255267737144677
conditional-fit-0047,axis4_reasoning_termination,584,0.005940748495546972
conditional-fit-0047,axis4_reasoning_termination,585,0.011819980766827401
conditional-fit-0047,axis4_reasoning_termination,586,0.003302352627525774
conditional-fit-0047,axis4_reasoning_termination,587,0.39494853045572376
conditional-fit-0047,axis4_reasoning_termination,588,0.01145145135856514
conditional-fit-0047,axis4_reasoning_termination,589,0.00018857856111950626
conditional-fit-0047,axis4_reasoning_termination,590,0.0689918172262648
conditional-fit-0047,axis4_reasoning_termination,591,0.005895183059316737
conditional-fit-0047,axis4_reasoning_termination,592,0.0015084180114794863
conditional-fit-0047,axis4_reasoning_termination,593,0.00014054037341145232
conditional-fit-0047,axis4_reasoning_termination,594,8.868744478472405e-05
conditional-fit-0047,axis4_reasoning_termination,595,1.0574134448228108e-05
conditional-fit-0047,axis4_reasoning_termination,596,0.00028944550877229024
conditional-fit-0047,axis4_reasoning_termination,597,2.770424967260324e-05
conditional-fit-0047,axis4_reasoning_termination,598,7.794389273234945e-05
conditional-fit-0047,axis4_reasoning_termination,599,0.0003565598673153631
conditional-fit-0047,axis4_reasoning_termination,600,0.00016801244259156294
conditional-fit-0047,axis4_reasoning_termination,601,0.0009758931422017309
conditional-fit-0047,axis4_reasoning_termination,602,0.00013717381832072822
conditional-fit-0047,axis4_reasoning_termination,603,0.000129508393152714
conditional-fit-0047,axis4_reasoning_termination,604,3.241082042589238e-05
conditional-fit-0047,axis4_reasoning_termination,605,9.954577379429139e-05
conditional-fit-0047,axis4_reasoning_termination,606,5.2524013679338275e-05
conditional-fit-0047,axis4_reasoning_termination,607,8.345893228701694e-05
conditional-fit-0047,axis4_reasoning_termination,608,0.004213403513278054
conditional-fit-0047,axis4_reasoning_termination,609,0.0027107054034639848
conditional-fit-0047,axis4_reasoning_termination,610,0.025937317111224996
conditional-fit-0047,axis4_reasoning_termination,611,7.818281663687864e-05
conditional-fit-0047,axis4_reasoning_termination,612,2.195625399429687e-05
conditional-fit-0047,axis4_reasoning_termination,613,0.0018311813954718895
conditional-fit-0047,axis4_reasoning_termination,614,9.95227917457613e-07
conditional-fit-0047,axis4_reasoning_termination,615,7.018426409355099e-05
conditional-fit-0047,axis4_reasoning_termination,616,0.0005864078998830528
conditional-fit-0047,axis4_reasoning_termination,617,1.2022465335764822e-07
conditional-fit-0047,axis4_reasoning_termination,618,2.7408793788064528e-05
conditional-fit-0047,axis4_reasoning_termination,619,1.3922502846361646e-05
conditional-fit-0047,axis4_reasoning_termination,620,0.00018218264274484655
conditional-fit-0047,axis4_reasoning_termination,621,5.462985689243001e-07
conditional-fit-0047,axis4_reasoning_termination,622,3.6510883604953887e-06
conditional-fit-0047,axis4_reasoning_termination,623,7.097336408599533e-05
conditional-fit-0047,axis4_reasoning_termination,624,0.00011173320184034002
conditional-fit-0047,axis4_reasoning_termination,625,0.011562642925802155
conditional-fit-0047,axis4_reasoning_termination,626,5.237711119422539e-05
conditional-fit-0047,axis4_reasoning_termination,627,2.394842777442828e-06
conditional-fit-0047,axis4_reasoning_termination,628,1.1268304083269337e-05
conditional-fit-0047,axis4_reasoning_termination,629,2.5981030463891625e-06
conditional-fit-0047,axis4_reasoning_termination,630,0.0002500001034777247
conditional-fit-0047,axis4_reasoning_termination,631,5.1543296760570386e-05
conditional-fit-0047,axis4_reasoning_termination,632,2.322927265053644e-06
conditional-fit-0047,axis4_reasoning_termination,633,2.9398195599927867e-06
conditional-fit-0047,axis4_reasoning_termination,634,8.2595753933249e-06
conditional-fit-0047,axis4_reasoning_termination,635,3.812586858903188e-05
conditional-fit-0047,axis4_reasoning_termination,636,4.442211392458165e-06
conditional-fit-0047,axis4_reasoning_termination,637,8.717597475814518e-06
conditional-fit-0047,axis4_reasoning_termination,638,0.00012904557884629484
conditional-fit-0047,axis4_reasoning_termination,639,6.399586908408328e-05
conditional-fit-0047,axis4_reasoning_termination,640,0.00048053196962218893
conditional-fit-0047,axis4_reasoning_termination,641,1.0340302359751436e-05
conditional-fit-0047,axis4_reasoning_termination,642,0.0016779260994426513
conditional-fit-0047,axis4_reasoning_termination,643,0.0003581669725210051
conditional-fit-0047,axis4_reasoning_termination,644,2.7724733862224347e-05
conditional-fit-0047,axis4_reasoning_termination,645,6.068510873461964e-05
conditional-fit-0047,axis4_reasoning_termination,646,9.826320000501163e-05
conditional-fit-0047,axis4_reasoning_termination,647,0.00011698162140143657
conditional-fit-0047,axis4_reasoning_termination,648,0.00039587925892471264
conditional-fit-0047,axis4_reasoning_termination,649,3.418269379610792e-05
conditional-fit-0047,axis4_reasoning_termination,650,0.0034833329730784976
conditional-fit-0047,axis4_reasoning_termination,651,0.0499141855942931
conditional-fit-0047,axis4_reasoning_termination,652,0.016631741276916606
conditional-fit-0047,axis4_reasoning_termination,653,0.0022043157384887117
conditional-fit-0047,axis4_reasoning_termination,654,0.4075703147187385
conditional-fit-0047,axis4_reasoning_termination,655,0.008710840899921987
conditional-fit-0047,axis4_reasoning_termination,656,0.0009566585770195302
conditional-fit-0047,axis4_reasoning_termination,657,0.007268585875570343
conditional-fit-0047,axis4_reasoning_termination,658,0.004655010358220445
conditional-fit-0047,axis4_reasoning_termination,659,0.14010864231268694
conditional-fit-0047,axis4_reasoning_termination,660,0.008024677300895922
conditional-fit-0047,axis4_reasoning_termination,661,0.000461489537710577
conditional-fit-0047,axis4_reasoning_termination,662,0.0006778608852231673
conditional-fit-0047,axis4_reasoning_termination,663,0.004206589581388187
conditional-fit-0047,axis4_reasoning_termination,664,0.003603153788612785
conditional-fit-0047,axis4_reasoning_termination,665,0.09876209916692204
conditional-fit-0047,axis4_reasoning_termination,666,0.0017413852496058959
conditional-fit-0047,axis4_reasoning_termination,667,0.000786807601731009
conditional-fit-0047,axis4_reasoning_termination,668,0.11807487351958856
conditional-fit-0047,axis4_reasoning_termination,669,0.009812501619831824
conditional-fit-0047,axis4_reasoning_termination,670,6.276569817793261e-05
conditional-fit-0047,axis4_reasoning_termination,671,0.00022226404837531196
conditional-fit-0047,axis4_reasoning_termination,672,2.977423432514355e-05
conditional-fit-0047,axis4_reasoning_termination,673,0.0002803776655094402
conditional-fit-0047,axis4_reasoning_termination,674,0.004406283881662106
conditional-fit-0047,axis4_reasoning_termination,675,1.2176156261328446e-06
conditional-fit-0047,axis4_reasoning_termination,676,4.230409903513371e-05
conditional-fit-0047,axis4_reasoning_termination,677,1.6391357232865443e-05
conditional-fit-0047,axis4_reasoning_termination,678,3.4546379247828126e-05
conditional-fit-0047,axis4_reasoning_termination,679,2.684323803842481e-06
conditional-fit-0047,axis4_reasoning_termination,680,1.5370719752954414e-05
conditional-fit-0047,axis4_reasoning_termination,681,0.001622176357173623
conditional-fit-0047,axis4_reasoning_termination,682,0.00022285279663661318
conditional-fit-0047,axis4_reasoning_termination,683,0.0003309010499623309
conditional-fit-0047,axis4_reasoning_termination,684,0.0018146686911252724
conditional-fit-0047,axis4_reasoning_termination,685,2.9234409006315827e-05
conditional-fit-0047,axis4_reasoning_termination,686,2.7458384392248142e-06
conditional-fit-0047,axis4_reasoning_termination,687,3.815249289962094e-06
conditional-fit-0047,axis4_reasoning_termination,688,2.636208857392007e-05
conditional-fit-0047,axis4_reasoning_termination,689,0.0016106990144324172
conditional-fit-0047,axis4_reasoning_termination,690,5.0270146102142576e-06
conditional-fit-0047,axis4_reasoning_termination,691,1.0354548105058952e-05
conditional-fit-0047,axis4_reasoning_termination,692,1.9899003838572804e-06
conditional-fit-0047,axis4_reasoning_termination,693,1.4763552718639975e-05
conditional-fit-0047,axis4_reasoning_termination,694,4.593740628006949e-05
conditional-fit-0047,axis4_reasoning_termination,695,2.1407920437822423e-05
conditional-fit-0047,axis4_reasoning_termination,696,3.522045993292774e-05
conditional-fit-0047,axis4_reasoning_termination,697,0.0003964523705514391
conditional-fit-0047,axis4_reasoning_termination,698,0.0003282248528694548
conditional-fit-0047,axis4_reasoning_termination,699,0.0001899082835318103
conditional-fit-0047,axis4_reasoning_termination,700,0.0014066881245702104
conditional-fit-0047,axis4_reasoning_termination,701,0.0007536690030571476
conditional-fit-0047,axis4_reasoning_termination,702,0.00038727638760765917
conditional-fit-0047,axis4_reasoning_termination,703,0.00011737474778906826
conditional-fit-0047,axis4_reasoning_termination,704,3.8296756923020925e-05
conditional-fit-0047,axis4_reasoning_termination,705,0.0004093864175077905
conditional-fit-0047,axis4_reasoning_termination,706,0.004372704568743646
conditional-fit-0047,axis4_reasoning_termination,707,3.9137561892017935e-05
conditional-fit-0047,axis4_reasoning_termination,708,0.006057594701647702
conditional-fit-0047,axis4_reasoning_termination,709,0.0051516303620186485
conditional-fit-0047,axis4_reasoning_termination,710,0.01576942039405879
conditional-fit-0047,axis4_reasoning_termination,711,0.23705131306289468
conditional-fit-0047,axis4_reasoning_termination,712,0.00503004614303942
conditional-fit-0047,axis4_reasoning_termination,713,4.6485080692760294e-05
conditional-fit-0047,axis4_reasoning_termination,714,0.0002896638443431074
conditional-fit-0047,axis4_reasoning_termination,715,0.00011322558542198509
conditional-fit-0047,axis4_reasoning_termination,716,0.04688321903839453
conditional-fit-0047,axis4_reasoning_termination,717,0.0003412566905143794
conditional-fit-0047,axis4_reasoning_termination,718,2.2756278649673184e-05
conditional-fit-0047,axis4_reasoning_termination,719,3.8269881199183774e-05
conditional-fit-0047,axis4_reasoning_termination,720,0.0035141392964984954
conditional-fit-0047,axis4_reasoning_termination,721,0.0004960186190554174
conditional-fit-0047,axis4_reasoning_termination,722,0.001468061084216814
conditional-fit-0047,axis4_reasoning_termination,723,8.152161058403268e-05
conditional-fit-0047,axis4_reasoning_termination,724,1.3682242665000006e-05
conditional-fit-0047,axis4_reasoning_termination,725,0.0016025714597901134
conditional-fit-0047,axis4_reasoning_termination,726,6.8787669711487685e-06
conditional-fit-0047,axis4_reasoning_termination,727,2.178515633709501e-05
conditional-fit-0047,axis4_reasoning_termination,728,0.000154465981934758
conditional-fit-0047,axis4_reasoning_termination,729,1.3174198469030007e-07
conditional-fit-0047,axis4_reasoning_termination,730,2.6853897014553848e-06
conditional-fit-0047,axis4_reasoning_termination,731,3.306497811483534e-05
conditional-fit-0047,axis4_reasoning_termination,732,2.651134795410565e-07
conditional-fit-0047,axis4_reasoning_termination,733,0.00010848101531764987
conditional-fit-0047,axis4_reasoning_termination,734,1.3988495878980176e-06
conditional-fit-0047,axis4_reasoning_termination,735,5.780683578839303e-06
conditional-fit-0047,axis4_reasoning_termination,736,4.6216078521098383e-07
conditional-fit-0047,axis4_reasoning_termination,737,7.711841036630113e-06
conditional-fit-0047,axis4_reasoning_termination,738,4.614160603996316e-05
conditional-fit-0047,axis4_reasoning_termination,739,7.927872215122397e-05
conditional-fit-0047,axis4_reasoning_termination,740,0.00013826859099754405
conditional-fit-0047,axis4_reasoning_termination,741,1.8827820826735488e-05
conditional-fit-0047,axis4_reasoning_termination,742,4.306617608143962e-07
conditional-fit-0047,axis4_reasoning_termination,743,1.191047424193804e-05
conditional-fit-0047,axis4_reasoning_termination,744,8.924464070167884e-07
conditional-fit-0047,axis4_reasoning_termination,745,5.3268417618938135e-05
conditional-fit-0047,axis4_reasoning_termination,746,0.00020252576318256904
conditional-fit-0047,axis4_reasoning_termination,747,6.239409303577101e-07
conditional-fit-0047,axis4_reasoning_termination,748,1.898480287949e-06
conditional-fit-0047,axis4_reasoning_termination,749,2.1503148624707292e-07
conditional-fit-0047,axis4_reasoning_termination,750,0.00012646529233250667
conditional-fit-0047,axis4_reasoning_termination,751,6.602215417513255e-06
conditional-fit-0047,axis4_reasoning_termination,752,1.8389875110724713e-05
conditional-fit-0047,axis4_reasoning_termination,753,3.3081722183404296e-05
conditional-fit-0047,axis4_reasoning_termination,754,1.1135819049031457e-05
conditional-fit-0047,axis4_reasoning_termination,755,1.3773235736521564e-05
conditional-fit-0047,axis4_reasoning_termination,756,6.866275857564522e-06
conditional-fit-0047,axis4_reasoning_termination,757,5.907369448652171e-05
conditional-fit-0047,axis4_reasoning_termination,758,4.504600020988139e-05
conditional-fit-0047,axis4_reasoning_termination,759,3.4233532274025334e-05
conditional-fit-0047,axis4_reasoning_termination,760,1.3849665931088855e-05
conditional-fit-0047,axis4_reasoning_termination,761,0.0002493147458179259
conditional-fit-0047,axis4_reasoning_termination,762,4.831646024306703e-05
conditional-fit-0047,axis4_reasoning_termination,763,0.00024112513911905711
conditional-fit-0047,axis4_reasoning_termination,764,2.540607984012896e-05
conditional-fit-0047,axis4_reasoning_termination,765,0.009991205375758708
conditional-fit-0047,axis4_reasoning_termination,766,0.2539338225705617
conditional-fit-0047,axis4_reasoning_termination,767,0.0028111459230339008
conditional-fit-0047,axis4_reasoning_termination,768,0.2779704169398727
conditional-fit-0047,axis4_reasoning_termination,769,0.006117981204508079
conditional-fit-0047,axis4_reasoning_termination,770,2.871731811016902e-05
conditional-fit-0047,axis4_reasoning_termination,771,0.0005025478728866324
conditional-fit-0047,axis4_reasoning_termination,772,0.00017944769118370034
conditional-fit-0047,axis4_reasoning_termination,773,0.06888060554785363
conditional-fit-0047,axis4_reasoning_termination,774,9.554915963639938e-06
conditional-fit-0047,axis4_reasoning_termination,775,0.0030752073820562937
conditional-fit-0047,axis4_reasoning_termination,776,4.765871286905665e-06
conditional-fit-0047,axis4_reasoning_termination,777,2.775989861692823e-06
conditional-fit-0047,axis4_reasoning_termination,778,0.0005247501820179581
conditional-fit-0047,axis4_reasoning_termination,779,0.007317093051575852
conditional-fit-0047,axis4_reasoning_termination,780,0.0010034826107374467
conditional-fit-0047,axis4_reasoning_termination,781,0.005006282087467521
conditional-fit-0047,axis4_reasoning_termination,782,0.00011979619388558287
conditional-fit-0047,axis4_reasoning_termination,783,5.689789644949806e-05
conditional-fit-0047,axis4_reasoning_termination,784,0.01319234117069624
conditional-fit-0047,axis4_reasoning_termination,785,0.0002779437590312196
conditional-fit-0047,axis4_reasoning_termination,786,0.00017852278535227602
conditional-fit-0047,axis4_reasoning_termination,787,0.000540589899507792
conditional-fit-0047,axis4_reasoning_termination,788,4.5306498620510586e-05
conditional-fit-0047,axis4_reasoning_termination,789,4.202594916743748e-05
conditional-fit-0047,axis4_reasoning_termination,790,4.21866304589354e-05
conditional-fit-0047,axis4_reasoning_termination,791,5.254878321193087e-06
conditional-fit-0047,axis4_reasoning_termination,792,6.558041808386567e-06
conditional-fit-0047,axis4_reasoning_termination,793,3.223145316714786e-05
conditional-fit-0047,axis4_reasoning_termination,794,0.00027967181363474405
conditional-fit-0047,axis4_reasoning_termination,795,0.00592176832217779
conditional-fit-0047,axis4_reasoning_termination,796,4.102243118148535e-05
conditional-fit-0047,axis4_reasoning_termination,797,1.592667401559787e-06
conditional-fit-0047,axis4_reasoning_termination,798,6.652323347197423e-06
conditional-fit-0047,axis4_reasoning_termination,799,2.2381903162731582e-05
conditional-fit-0047,axis4_reasoning_termination,800,0.0003226191908393416
conditional-fit-0047,axis4_reasoning_termination,801,0.00010830988981810419
conditional-fit-0047,axis4_reasoning_termination,802,4.997292735194248e-06
conditional-fit-0047,axis4_reasoning_termination,803,0.0003552367270467553
conditional-fit-0047,axis4_reasoning_termination,804,5.76095912699229e-06
conditional-fit-0047,axis4_reasoning_termination,805,9.468295410393197e-05
conditional-fit-0047,axis4_reasoning_termination,806,0.0004629279629921706
conditional-fit-0047,axis4_reasoning_termination,807,1.778370713498144e-05
conditional-fit-0047,axis4_reasoning_termination,808,0.00024833753656109406
conditional-fit-0047,axis4_reasoning_termination,809,0.00015698176715719166
conditional-fit-0047,axis4_reasoning_termination,810,0.00709944715178302
conditional-fit-0047,axis4_reasoning_termination,811,0.0009633987918680786
conditional-fit-0047,axis4_reasoning_termination,812,2.011285180918267e-05
conditional-fit-0047,axis4_reasoning_termination,813,0.004945373908420763
conditional-fit-0047,axis4_reasoning_termination,814,0.005059374621387988
conditional-fit-0047,axis4_reasoning_termination,815,0.005256661800546146
conditional-fit-0047,axis4_reasoning_termination,816,0.006286308201242812
conditional-fit-0047,axis4_reasoning_termination,817,0.24640159394299008
conditional-fit-0047,axis4_reasoning_termination,818,0.0038721712541855877
conditional-fit-0047,axis4_reasoning_termination,819,1.775734509799706e-05
conditional-fit-0047,axis4_reasoning_termination,820,0.00010463172192223691
conditional-fit-0047,axis4_reasoning_termination,821,9.004107391897648e-05
conditional-fit-0047,axis4_reasoning_termination,822,0.03611859841121208
conditional-fit-0047,axis4_reasoning_termination,823,0.0002173590484286467
conditional-fit-0047,axis4_reasoning_termination,824,6.2171737565167244e-06
conditional-fit-0047,axis4_reasoning_termination,825,6.7440161579212044e-06
conditional-fit-0047,axis4_reasoning_termination,826,0.00015776128378156538
conditional-fit-0047,axis4_reasoning_termination,827,0.0045095036395613386
conditional-fit-0047,axis4_reasoning_termination,828,0.00010401084493135611
conditional-fit-0047,axis4_reasoning_termination,829,0.0010099192266992284
conditional-fit-0047,axis4_reasoning_termination,830,1.2486514802436395e-05
conditional-fit-0047,axis4_reasoning_termination,831,7.843352420321415e-06
conditional-fit-0047,axis4_reasoning_termination,832,0.001970513725076768
conditional-fit-0047,axis4_reasoning_termination,833,0.0008120860705539248
conditional-fit-0047,axis4_reasoning_termination,834,1.8936692876284604e-06
conditional-fit-0047,axis4_reasoning_termination,835,3.6997778984878865e-06
conditional-fit-0047,axis4_reasoning_termination,836,5.882568088343942e-06
conditional-fit-0047,axis4_reasoning_termination,837,2.0468212050121448e-05
conditional-fit-0047,axis4_reasoning_termination,838,0.00026942398045296336
conditional-fit-0047,axis4_reasoning_termination,839,7.938939356449798e-08
conditional-fit-0047,axis4_reasoning_termination,840,2.20300052457886e-06
conditional-fit-0047,axis4_reasoning_termination,841,1.588794126889719e-06
conditional-fit-0047,axis4_reasoning_termination,842,4.747170511980634e-06
conditional-fit-0047,axis4_reasoning_termination,843,3.1908222849563476e-06
conditional-fit-0047,axis4_reasoning_termination,844,2.3013221407116685e-05
conditional-fit-0047,axis4_reasoning_termination,845,1.1468123448301686e-06
conditional-fit-0047,axis4_reasoning_termination,846,1.251112484356612e-06
conditional-fit-0047,axis4_reasoning_termination,847,4.427100782133665e-09
conditional-fit-0047,axis4_reasoning_termination,848,1.3785392831087685e-06
conditional-fit-0047,axis4_reasoning_termination,849,6.755507562722921e-05
conditional-fit-0047,axis4_reasoning_termination,850,6.152097481592286e-05
conditional-fit-0047,axis4_reasoning_termination,851,0.0005198051478232533
conditional-fit-0047,axis4_reasoning_termination,852,1.815364020249497e-05
conditional-fit-0047,axis4_reasoning_termination,853,0.004619848095195805
conditional-fit-0047,axis4_reasoning_termination,854,0.038260936815229726
conditional-fit-0047,axis4_reasoning_termination,855,0.004181284689973955
conditional-fit-0047,axis4_reasoning_termination,856,0.2751268888415783
conditional-fit-0047,axis4_reasoning_termination,857,0.008903568714877928
conditional-fit-0047,axis4_reasoning_termination,858,4.764568863755587e-05
conditional-fit-0047,axis4_reasoning_termination,859,0.00032376820820560564
conditional-fit-0047,axis4_reasoning_termination,860,2.3110936912829634e-05
conditional-fit-0047,axis4_reasoning_termination,861,0.047415093707166976
conditional-fit-0047,axis4_reasoning_termination,862,2.1154413612480033e-06
conditional-fit-0047,axis4_reasoning_termination,863,1.3247130750151473e-05
conditional-fit-0047,axis4_reasoning_termination,864,9.138686456785413e-06
conditional-fit-0047,axis4_reasoning_termination,865,2.7251878234672053e-07
conditional-fit-0047,axis4_reasoning_termination,866,0.00012270693524059866
conditional-fit-0047,axis4_reasoning_termination,867,0.0017737373049454125
conditional-fit-0047,axis4_reasoning_termination,868,0.0025954921712934313
conditional-fit-0047,axis4_reasoning_termination,869,0.0007538260688543397
conditional-fit-0047,axis4_reasoning_termination,870,3.346414726168452e-05
conditional-fit-0047,axis4_reasoning_termination,871,5.4337041949111744e-06
conditional-fit-0047,axis4_reasoning_termination,872,0.0004308273371472035
conditional-fit-0047,axis4_reasoning_termination,873,6.098298012921082e-07
conditional-fit-0047,axis4_reasoning_termination,874,1.7991049330253608e-05
conditional-fit-0047,axis4_reasoning_termination,875,3.1152089941647496e-05
conditional-fit-0047,axis4_reasoning_termination,876,3.927157027237098e-05
conditional-fit-0047,axis4_reasoning_termination,877,1.7654774811435698e-05
conditional-fit-0047,axis4_reasoning_termination,878,7.352270922822865e-06
conditional-fit-0047,axis4_reasoning_termination,879,0.00031724072984563287
conditional-fit-0047,axis4_reasoning_termination,880,1.288654407011158e-05
conditional-fit-0047,axis4_reasoning_termination,881,6.887092042318716e-06
conditional-fit-0047,axis4_reasoning_termination,882,7.598382540935958e-06
conditional-fit-0047,axis4_reasoning_termination,883,2.3847399663884667e-05
conditional-fit-0047,axis4_reasoning_termination,884,6.019541990796557e-06
conditional-fit-0047,axis4_reasoning_termination,885,2.3429157015591103e-05
conditional-fit-0047,axis4_reasoning_termination,886,3.0192050023500173e-06
conditional-fit-0047,axis4_reasoning_termination,887,1.0157953950955229e-06
conditional-fit-0047,axis4_reasoning_termination,888,1.4193855379156038e-05
conditional-fit-0047,axis4_reasoning_termination,889,5.7590641718010994e-05
conditional-fit-0047,axis4_reasoning_termination,890,1.0871300124307213e-06
conditional-fit-0047,axis4_reasoning_termination,891,2.9977089850182044e-05
conditional-fit-0047,axis4_reasoning_termination,892,1.3245790542949898e-06
conditional-fit-0047,axis4_reasoning_termination,893,0.0020982720399886127
conditional-fit-0047,axis4_reasoning_termination,894,1.794433484532089e-05
conditional-fit-0047,axis4_reasoning_termination,895,8.04508986474252e-07
conditional-fit-0047,axis4_reasoning_termination,896,5.2635528652116484e-06
conditional-fit-0047,axis4_reasoning_termination,897,2.3305006905109295e-05
conditional-fit-0047,axis4_reasoning_termination,898,9.981586777428773e-06
conditional-fit-0047,axis4_reasoning_termination,899,8.275046113612659e-05
conditional-fit-0047,axis4_reasoning_termination,900,9.12373435161181e-06
conditional-fit-0047,axis4_reasoning_termination,901,0.005531786977895815
conditional-fit-0047,axis4_reasoning_termination,902,0.008144914154923848
conditional-fit-0047,axis4_reasoning_termination,903,0.0016226473863593645
conditional-fit-0047,axis4_reasoning_termination,904,0.21923554824830804
conditional-fit-0047,axis4_reasoning_termination,905,0.030322839289808737
conditional-fit-0047,axis4_reasoning_termination,906,1.2183951333787526e-05
conditional-fit-0047,axis4_reasoning_termination,907,0.0002533964852106944
conditional-fit-0047,axis4_reasoning_termination,908,1.2699722898038364e-05
conditional-fit-0047,axis4_reasoning_termination,909,0.03627295071284575
conditional-fit-0047,axis4_reasoning_termination,910,4.288061238951271e-05
conditional-fit-0047,axis4_reasoning_termination,911,4.1503564115424317e-07
conditional-fit-0047,axis4_reasoning_termination,912,1.090443481055955e-06
conditional-fit-0047,axis4_reasoning_termination,913,3.644125633947753e-05
conditional-fit-0047,axis4_reasoning_termination,914,0.001113148212245111
conditional-fit-0047,axis4_reasoning_termination,915,0.0008171601821854418
conditional-fit-0047,axis4_reasoning_termination,916,0.0014841256054815115
conditional-fit-0047,axis4_reasoning_termination,917,1.4822830246512964e-05
conditional-fit-0047,axis4_reasoning_termination,918,1.3805684528748121e-06
conditional-fit-0047,axis4_reasoning_termination,919,0.0004028750674889718
conditional-fit-0047,axis4_reasoning_termination,920,1.5854147053579885e-05
conditional-fit-0047,axis4_reasoning_termination,921,2.705761033901824e-06
conditional-fit-0047,axis4_reasoning_termination,922,2.765577520289611e-05
conditional-fit-0047,axis4_reasoning_termination,923,1.2423097835776252e-05
conditional-fit-0047,axis4_reasoning_termination,924,1.9639103015026047e-06
conditional-fit-0047,axis4_reasoning_termination,925,2.708092650404503e-06
conditional-fit-0047,axis4_reasoning_termination,926,5.918635592940139e-09
conditional-fit-0047,axis4_reasoning_termination,927,8.889130746349037e-07
conditional-fit-0047,axis4_reasoning_termination,928,2.0279630108790535e-06
conditional-fit-0047,axis4_reasoning_termination,929,3.2605072599566366e-06
conditional-fit-0047,axis4_reasoning_termination,930,2.3139408615304987e-06
conditional-fit-0047,axis4_reasoning_termination,931,3.515986317337883e-06
conditional-fit-0047,axis4_reasoning_termination,932,3.1780285913596154e-06
conditional-fit-0047,axis4_reasoning_termination,933,1.454664232098804e-05
conditional-fit-0047,axis4_reasoning_termination,934,9.98664638575979e-08
conditional-fit-0047,axis4_reasoning_termination,935,3.320072007103106e-05
conditional-fit-0047,axis4_reasoning_termination,936,1.143653715834442e-05
conditional-fit-0047,axis4_reasoning_termination,937,2.6251958162706837e-05
conditional-fit-0047,axis4_reasoning_termination,938,7.248530144836457e-05
conditional-fit-0047,axis4_reasoning_termination,939,6.23595896530856e-06
conditional-fit-0047,axis4_reasoning_termination,940,0.0029744807935891617
conditional-fit-0047,axis4_reasoning_termination,941,0.15954838418785608
conditional-fit-0047,axis4_reasoning_termination,942,0.03212538849631836
conditional-fit-0047,axis4_reasoning_termination,943,0.126913052108136
conditional-fit-0047,axis4_reasoning_termination,944,0.0066531237163485624
conditional-fit-0047,axis4_reasoning_termination,945,9.371130702144597e-06
conditional-fit-0047,axis4_reasoning_termination,946,0.0001329975890854364
conditional-fit-0047,axis4_reasoning_termination,947,3.557168624777887e-05
conditional-fit-0047,axis4_reasoning_termination,948,0.04035867732828596
conditional-fit-0047,axis4_reasoning_termination,949,0.0006544190915413533
conditional-fit-0047,axis4_reasoning_termination,950,0.0017564066333295959
conditional-fit-0047,axis4_reasoning_termination,951,0.0003085316805122244
conditional-fit-0047,axis4_reasoning_termination,952,0.00041124977870054017
conditional-fit-0047,axis4_reasoning_termination,953,3.815939562973028e-06
conditional-fit-0047,axis4_reasoning_termination,954,2.5860985996815606e-06
conditional-fit-0047,axis4_reasoning_termination,955,0.0004534890801000394
conditional-fit-0047,axis4_reasoning_termination,956,6.4865810304706e-07
conditional-fit-0047,axis4_reasoning_termination,957,3.123797189747508e-05
conditional-fit-0047,axis4_reasoning_termination,958,1.9756579533310476e-05
conditional-fit-0047,axis4_reasoning_termination,959,6.617802913570818e-07
conditional-fit-0047,axis4_reasoning_termination,960,1.1225761500782972e-05
conditional-fit-0047,axis4_reasoning_termination,961,9.716033281591496e-06
conditional-fit-0047,axis4_reasoning_termination,962,1.9939948307178176e-06
conditional-fit-0047,axis4_reasoning_termination,963,7.132025307244952e-06
conditional-fit-0047,axis4_reasoning_termination,964,1.5061825214712432e-07
conditional-fit-0047,axis4_reasoning_termination,965,4.864947272851178e-06
conditional-fit-0047,axis4_reasoning_termination,966,6.89357421758501e-07
conditional-fit-0047,axis4_reasoning_termination,967,2.6009847229784273e-06
conditional-fit-0047,axis4_reasoning_termination,968,1.1411147135225955e-06
conditional-fit-0047,axis4_reasoning_termination,969,3.470048831690466e-05
conditional-fit-0047,axis4_reasoning_termination,970,6.401134406608288e-06
conditional-fit-0047,axis4_reasoning_termination,971,8.234905772161676e-06
conditional-fit-0047,axis4_reasoning_termination,972,8.408826884904477e-06
conditional-fit-0047,axis4_reasoning_termination,973,5.451796123489557e-07
conditional-fit-0047,axis4_reasoning_termination,974,3.741197998304938e-06
conditional-fit-0047,axis4_reasoning_termination,975,1.6913828802384975e-06
conditional-fit-0047,axis4_reasoning_termination,976,1.325594281688165e-05
conditional-fit-0047,axis4_reasoning_termination,977,7.610110192123675e-07
conditional-fit-0047,axis4_reasoning_termination,978,1.710220486362737e-05
conditional-fit-0047,axis4_reasoning_termination,979,4.861939594321704e-07
conditional-fit-0047,axis4_reasoning_termination,980,2.924019738756884e-07
conditional-fit-0047,axis4_reasoning_termination,981,7.207040896382865e-08
conditional-fit-0047,axis4_reasoning_termination,982,1.7410817286969012e-05
conditional-fit-0047,axis4_reasoning_termination,983,3.6511801524053356e-06
conditional-fit-0047,axis4_reasoning_termination,984,5.797464581082814e-07
conditional-fit-0047,axis4_reasoning_termination,985,1.9051875321260373e-06
conditional-fit-0047,axis4_reasoning_termination,986,8.863957005345506e-07
conditional-fit-0047,axis4_reasoning_termination,987,2.8188679562014264e-07
conditional-fit-0047,axis4_reasoning_termination,988,2.4498040241226402e-05
conditional-fit-0047,axis4_reasoning_termination,989,4.808941097952889e-06
conditional-fit-0047,axis4_reasoning_termination,990,8.689158934176435e-07
conditional-fit-0047,axis4_reasoning_termination,991,1.7896303194794964e-05
conditional-fit-0047,axis4_reasoning_termination,992,2.973082666341035e-07
conditional-fit-0047,axis4_reasoning_termination,993,8.643628685018302e-06
conditional-fit-0047,axis4_reasoning_termination,994,3.426518668555793e-06
conditional-fit-0047,axis4_reasoning_termination,995,1.8315960233939733e-06
conditional-fit-0047,axis4_reasoning_termination,996,5.7408934133849105e-06
conditional-fit-0047,axis4_reasoning_termination,997,3.980861642860289e-07
conditional-fit-0047,axis4_reasoning_termination,998,6.678289072037128e-07
conditional-fit-0047,axis4_reasoning_termination,999,1.023661444382983e-05
conditional-fit-0047,axis4_reasoning_termination,1000,1.9201098810776057e-05
conditional-fit-0047,axis4_reasoning_termination,1001,2.747222373575476e-06
conditional-fit-0047,axis4_reasoning_termination,1002,1.8151041187106112e-06
conditional-fit-0047,axis4_reasoning_termination,1003,5.2625735438604225e-06
conditional-fit-0047,axis4_reasoning_termination,1004,1.5856324194161516e-06
conditional-fit-0047,axis4_reasoning_termination,1005,9.01478002611697e-06
conditional-fit-0047,axis4_reasoning_termination,1006,1.8291114604561256e-06
conditional-fit-0047,axis4_reasoning_termination,1007,5.821817169921718e-05
conditional-fit-0047,axis4_reasoning_termination,1008,0.000308227015618405
conditional-fit-0047,axis4_reasoning_termination,1009,8.6000642160508e-06
conditional-fit-0047,axis4_reasoning_termination,1010,0.004929804976911069
conditional-fit-0047,axis4_reasoning_termination,1011,0.08608060378376402
conditional-fit-0047,axis4_reasoning_termination,1012,0.0029630914148046465
conditional-fit-0047,axis4_reasoning_termination,1013,0.1743670634979211
conditional-fit-0047,axis4_reasoning_termination,1014,0.07263070064847943
conditional-fit-0047,axis4_reasoning_termination,1015,1.1408990011448604e-05
conditional-fit-0047,axis4_reasoning_termination,1016,7.299879498671113e-05
conditional-fit-0047,axis4_reasoning_termination,1017,4.872402841457188e-05
conditional-fit-0047,axis4_reasoning_termination,1018,0.06713233236274091
conditional-fit-0047,axis4_reasoning_termination,1019,0.00010629244998704199
conditional-fit-0047,axis4_reasoning_termination,1020,2.0086705456618944e-05
conditional-fit-0047,axis4_reasoning_termination,1021,2.9797376067393033e-05
conditional-fit-0047,axis4_reasoning_termination,1022,0.0011174060566994627
conditional-fit-0047,axis4_reasoning_termination,1023,7.405507098445751e-05
conditional-fit-0047,axis4_reasoning_termination,1024,0.00015963917548309582
conditional-fit-0047,axis4_reasoning_termination,1025,3.236943556063703e-06
conditional-fit-0047,axis4_reasoning_termination,1026,1.218867867193988e-06
conditional-fit-0047,axis4_reasoning_termination,1027,0.00011112728181145347
conditional-fit-0047,axis4_reasoning_termination,1028,8.047887772915711e-07
conditional-fit-0047,axis4_reasoning_termination,1029,8.316999364421918e-08
conditional-fit-0047,axis4_reasoning_termination,1030,1.3436877918300379e-05
conditional-fit-0047,axis4_reasoning_termination,1031,7.420915020584183e-08
conditional-fit-0047,axis4_reasoning_termination,1032,1.6317096198959784e-06
conditional-fit-0047,axis4_reasoning_termination,1033,2.0265804753916136e-06
conditional-fit-0047,axis4_reasoning_termination,1034,3.023800529968339e-07
conditional-fit-0047,axis4_reasoning_termination,1035,1.2210343867710827e-06
conditional-fit-0047,axis4_reasoning_termination,1036,2.1528771631036512e-07
conditional-fit-0047,axis4_reasoning_termination,1037,3.207006094457143e-06
conditional-fit-0047,axis4_reasoning_termination,1038,1.0847109770422383e-07
conditional-fit-0047,axis4_reasoning_termination,1039,9.626800324263584e-07
conditional-fit-0047,axis4_reasoning_termination,1040,1.568155118308053e-05
conditional-fit-0047,axis4_reasoning_termination,1041,8.191921526562863e-06
conditional-fit-0047,axis4_reasoning_termination,1042,7.106094504577386e-06
conditional-fit-0047,axis4_reasoning_termination,1043,5.931494464167449e-06
conditional-fit-0047,axis4_reasoning_termination,1044,1.1132421778435308e-05
conditional-fit-0047,axis4_reasoning_termination,1045,5.993059056129402e-08
conditional-fit-0047,axis4_reasoning_termination,1046,2.9111385188758184e-08
conditional-fit-0047,axis4_reasoning_termination,1047,3.0108773533193447e-06
conditional-fit-0047,axis4_reasoning_termination,1048,4.942429217520363e-06
conditional-fit-0047,axis4_reasoning_termination,1049,9.641837399414972e-08
conditional-fit-0047,axis4_reasoning_termination,1050,1.090599326913241e-06
conditional-fit-0047,axis4_reasoning_termination,1051,1.7054365986474488e-07
conditional-fit-0047,axis4_reasoning_termination,1052,3.1919191502671433e-06
conditional-fit-0047,axis4_reasoning_termination,1053,2.210458401103292e-06
conditional-fit-0047,axis4_reasoning_termination,1054,4.604717623485569e-07
conditional-fit-0047,axis4_reasoning_termination,1055,7.681008889648013e-06
conditional-fit-0047,axis4_reasoning_termination,1056,4.415466894344866e-06
conditional-fit-0047,axis4_reasoning_termination,1057,5.675834984766466e-06
conditional-fit-0047,axis4_reasoning_termination,1058,7.389812782203428e-07
conditional-fit-0047,axis4_reasoning_termination,1059,1.2048486625047753e-05
conditional-fit-0047,axis4_reasoning_termination,1060,1.223319600148252e-06
conditional-fit-0047,axis4_reasoning_termination,1061,4.993783846671664e-07
conditional-fit-0047,axis4_reasoning_termination,1062,5.269365898678067e-07
conditional-fit-0047,axis4_reasoning_termination,1063,1.3764452683603607e-05
conditional-fit-0047,axis4_reasoning_termination,1064,5.914502009530853e-06
conditional-fit-0047,axis4_reasoning_termination,1065,0.00012393038198102547
conditional-fit-0047,axis4_reasoning_termination,1066,8.91019268851453e-06
conditional-fit-0047,axis4_reasoning_termination,1067,0.005513458222914204
conditional-fit-0047,axis4_reasoning_termination,1068,0.06883940406983652
conditional-fit-0047,axis4_reasoning_termination,1069,0.0025647380287648998
conditional-fit-0047,axis4_reasoning_termination,1070,0.18825494614257274
conditional-fit-0047,axis4_reasoning_termination,1071,0.0035100082750833626
conditional-fit-0047,axis4_reasoning_termination,1072,6.024045035813902e-06
conditional-fit-0047,axis4_reasoning_termination,1073,8.233026771496434e-05
conditional-fit-0047,axis4_reasoning_termination,1074,2.4968994958932564e-05
conditional-fit-0047,axis4_reasoning_termination,1075,0.044906692411860044
conditional-fit-0047,axis4_reasoning_termination,1076,7.528307554197218e-05
conditional-fit-0047,axis4_reasoning_termination,1077,1.8123926972688635e-07
conditional-fit-0047,axis4_reasoning_termination,1078,9.256778976151135e-06
conditional-fit-0047,axis4_reasoning_termination,1079,1.6592536205291658e-05
conditional-fit-0047,axis4_reasoning_termination,1080,0.0002778621635839362
conditional-fit-0047,axis4_reasoning_termination,1081,0.006458669601421313
conditional-fit-0047,axis4_reasoning_termination,1082,0.00023741202956850484
conditional-fit-0047,axis4_reasoning_termination,1083,1.7263723413081009e-06
conditional-fit-0047,axis4_reasoning_termination,1084,5.873878872061366e-07
conditional-fit-0047,axis4_reasoning_termination,1085,7.800167101718969e-05
conditional-fit-0047,axis4_reasoning_termination,1086,1.866455646406632e-06
conditional-fit-0047,axis4_reasoning_termination,1087,8.056696877075326e-07
conditional-fit-0047,axis4_reasoning_termination,1088,3.7069426288554966e-05
conditional-fit-0047,axis4_reasoning_termination,1089,4.964306673858722e-06
conditional-fit-0047,axis4_reasoning_termination,1090,1.898904087314777e-07
conditional-fit-0047,axis4_reasoning_termination,1091,0.0003092133405582346
conditional-fit-0047,axis4_reasoning_termination,1092,1.859028917954871e-08
conditional-fit-0047,axis4_reasoning_termination,1093,1.700594890359822e-07
conditional-fit-0047,axis4_reasoning_termination,1094,4.902152078749923e-07
conditional-fit-0047,axis4_reasoning_termination,1095,5.770219831020985e-06
conditional-fit-0047,axis4_reasoning_termination,1096,1.070891838960972e-06
conditional-fit-0047,axis4_reasoning_termination,1097,2.8587736821021514e-06
conditional-fit-0047,axis4_reasoning_termination,1098,1.2461756854885472e-06
conditional-fit-0047,axis4_reasoning_termination,1099,2.6827359868621004e-06
conditional-fit-0047,axis4_reasoning_termination,1100,3.1149644433745326e-09
conditional-fit-0047,axis4_reasoning_termination,1101,1.5441965432658862e-06
conditional-fit-0047,axis4_reasoning_termination,1102,4.499196107462776e-06
conditional-fit-0047,axis4_reasoning_termination,1103,7.029700029169459e-06
conditional-fit-0047,axis4_reasoning_termination,1104,8.760094478787477e-05
conditional-fit-0047,axis4_reasoning_termination,1105,5.048050530092543e-06
conditional-fit-0047,axis4_reasoning_termination,1106,0.007897034818307927
conditional-fit-0047,axis4_reasoning_termination,1107,0.0040582431325428174
conditional-fit-0047,axis4_reasoning_termination,1108,0.02482082846969038
conditional-fit-0047,axis4_reasoning_termination,1109,0.004140888829081917
conditional-fit-0047,axis4_reasoning_termination,1110,0.12729618438707307
conditional-fit-0047,axis4_reasoning_termination,1111,0.0022451128178707317
conditional-fit-0047,axis4_reasoning_termination,1112,1.4964910862020545e-05
conditional-fit-0047,axis4_reasoning_termination,1113,1.1289114390494106e-05
conditional-fit-0047,axis4_reasoning_termination,1114,2.6058583052610443e-06
conditional-fit-0047,axis4_reasoning_termination,1115,0.028461718644250202
conditional-fit-0047,axis4_reasoning_termination,1116,1.860483428906264e-05
conditional-fit-0047,axis4_reasoning_termination,1117,4.900905874728371e-06
conditional-fit-0047,axis4_reasoning_termination,1118,3.7061056476816064e-06
conditional-fit-0047,axis4_reasoning_termination,1119,0.0001514238165103393
conditional-fit-0047,axis4_reasoning_termination,1120,0.002648683654045314
conditional-fit-0047,axis4_reasoning_termination,1121,0.00027742311144450125
conditional-fit-0047,axis4_reasoning_termination,1122,5.832533015264588e-06
conditional-fit-0047,axis4_reasoning_termination,1123,1.178196134449488e-06
conditional-fit-0047,axis4_reasoning_termination,1124,1.8135723468498757e-05
conditional-fit-0047,axis4_reasoning_termination,1125,3.212440563349982e-07
conditional-fit-0047,axis4_reasoning_termination,1126,1.312007918857121e-07
conditional-fit-0047,axis4_reasoning_termination,1127,4.423371980389938e-05
conditional-fit-0047,axis4_reasoning_termination,1128,6.398066232261014e-08
conditional-fit-0047,axis4_reasoning_termination,1129,1.082547537726214e-06
conditional-fit-0047,axis4_reasoning_termination,1130,1.0262421061130794e-06
conditional-fit-0047,axis4_reasoning_termination,1131,1.3485078904670147e-06
conditional-fit-0047,axis4_reasoning_termination,1132,2.7352823425303756e-06
conditional-fit-0047,axis4_reasoning_termination,1133,6.199160025801957e-07
conditional-fit-0047,axis4_reasoning_termination,1134,8.09534054039845e-06
conditional-fit-0047,axis4_reasoning_termination,1135,4.807845718781264e-07
conditional-fit-0047,axis4_reasoning_termination,1136,4.043547366527663e-06
conditional-fit-0047,axis4_reasoning_termination,1137,2.5782155361948334e-06
conditional-fit-0047,axis4_reasoning_termination,1138,1.7016943228613475e-05
conditional-fit-0047,axis4_reasoning_termination,1139,4.916043498704423e-06
conditional-fit-0047,axis4_reasoning_termination,1140,1.3130761314078793e-05
conditional-fit-0047,axis4_reasoning_termination,1141,2.186584187118243e-06
conditional-fit-0047,axis4_reasoning_termination,1142,4.4046961230659726e-08
conditional-fit-0047,axis4_reasoning_termination,1143,1.9403674563843299e-07
conditional-fit-0047,axis4_reasoning_termination,1144,1.7081702551543862e-05
conditional-fit-0047,axis4_reasoning_termination,1145,1.653344908589485e-05
conditional-fit-0047,axis4_reasoning_termination,1146,2.412929149108526e-06
conditional-fit-0047,axis4_reasoning_termination,1147,3.365885456361114e-08
conditional-fit-0047,axis4_reasoning_termination,1148,2.2005546582687175e-07
conditional-fit-0047,axis4_reasoning_termination,1149,7.039873762674673e-07
conditional-fit-0047,axis4_reasoning_termination,1150,5.2949401885098685e-06
conditional-fit-0047,axis4_reasoning_termination,1151,1.3988134704771996e-05
conditional-fit-0047,axis4_reasoning_termination,1152,2.1224697486701535e-05
conditional-fit-0047,axis4_reasoning_termination,1153,2.8488200275843046e-06
conditional-fit-0047,axis4_reasoning_termination,1154,4.810585338452849e-06
conditional-fit-0047,axis4_reasoning_termination,1155,1.7717158902253317e-06
conditional-fit-0047,axis4_reasoning_termination,1156,3.526963321046602e-05
conditional-fit-0047,axis4_reasoning_termination,1157,1.506148252269503e-05
conditional-fit-0047,axis4_reasoning_termination,1158,6.018577003143855e-06
conditional-fit-0047,axis4_reasoning_termination,1159,3.7120654315601765e-05
conditional-fit-0047,axis4_reasoning_termination,1160,2.3982405804828887e-05
conditional-fit-0047,axis4_reasoning_termination,1161,7.884993455593416e-06
conditional-fit-0047,axis4_reasoning_termination,1162,2.540667222124436e-05
conditional-fit-0047,axis4_reasoning_termination,1163,3.7480927565303304e-06
conditional-fit-0047,axis4_reasoning_termination,1164,0.00975747622972551
conditional-fit-0047,axis4_reasoning_termination,1165,0.009209176344831954
conditional-fit-0047,axis4_reasoning_termination,1166,0.0017106011364096975
conditional-fit-0047,axis4_reasoning_termination,1167,0.16058868020400144
conditional-fit-0047,axis4_reasoning_termination,1168,0.018168889201510108
conditional-fit-0047,axis4_reasoning_termination,1169,3.3860386222929078e-06
conditional-fit-0047,axis4_reasoning_termination,1170,1.2678906442820664e-05
conditional-fit-0047,axis4_reasoning_termination,1171,4.183148218350352e-06
conditional-fit-0047,axis4_reasoning_termination,1172,0.039167931615088476
conditional-fit-0047,axis4_reasoning_termination,1173,1.1962175477185066e-06
conditional-fit-0047,axis4_reasoning_termination,1174,5.824167963231177e-06
conditional-fit-0047,axis4_reasoning_termination,1175,8.340501665119195e-06
conditional-fit-0047,axis4_reasoning_termination,1176,8.158648306734328e-08
conditional-fit-0047,axis4_reasoning_termination,1177,1.6626291163686904e-05
conditional-fit-0047,axis4_reasoning_termination,1178,0.00044738083303370467
conditional-fit-0047,axis4_reasoning_termination,1179,0.00018825856260016718
conditional-fit-0047,axis4_reasoning_termination,1180,0.00042288167263310867
conditional-fit-0047,axis4_reasoning_termination,1181,2.145093169023728e-06
conditional-fit-0047,axis4_reasoning_termination,1182,1.2071609617061203e-06
conditional-fit-0047,axis4_reasoning_termination,1183,6.123982564630203e-05
conditional-fit-0047,axis4_reasoning_termination,1184,6.064327326329928e-07
conditional-fit-0047,axis4_reasoning_termination,1185,1.9026304406249027e-06
conditional-fit-0047,axis4_reasoning_termination,1186,8.86637130391477e-06
conditional-fit-0047,axis4_reasoning_termination,1187,8.154513659287142e-07
conditional-fit-0047,axis4_reasoning_termination,1188,1.447788607569799e-06
conditional-fit-0047,axis4_reasoning_termination,1189,4.482265408148248e-06
conditional-fit-0047,axis4_reasoning_termination,1190,1.6180254665570703e-06
conditional-fit-0047,axis4_reasoning_termination,1191,2.1836878348458764e-05
conditional-fit-0047,axis4_reasoning_termination,1192,2.239247761536092e-06
conditional-fit-0047,axis4_reasoning_termination,1193,1.3592446903589575e-06
conditional-fit-0047,axis4_reasoning_termination,1194,0.00010004975872978374
conditional-fit-0047,axis4_reasoning_termination,1195,4.279726564231555e-06
conditional-fit-0047,axis4_reasoning_termination,1196,6.203363194996563e-07
conditional-fit-0047,axis4_reasoning_termination,1197,1.8694448381333836e-05
conditional-fit-0047,axis4_reasoning_termination,1198,3.02243743303239e-07
conditional-fit-0047,axis4_reasoning_termination,1199,1.7728175629929161e-06
conditional-fit-0047,axis4_reasoning_termination,1200,3.610641417799734e-07
conditional-fit-0047,axis4_reasoning_termination,1201,1.1074413288813636e-06
conditional-fit-0047,axis4_reasoning_termination,1202,1.5814532469412757e-05
conditional-fit-0047,axis4_reasoning_termination,1203,4.849314548670093e-08
conditional-fit-0047,axis4_reasoning_termination,1204,0.0027247681416601825
conditional-fit-0047,axis4_reasoning_termination,1205,8.452351764899974e-06
conditional-fit-0047,axis4_reasoning_termination,1206,1.4824436759101911e-07
conditional-fit-0047,axis4_reasoning_termination,1207,2.0656546256128798e-05
conditional-fit-0047,axis4_reasoning_termination,1208,1.875749286054173e-06
conditional-fit-0047,axis4_reasoning_termination,1209,8.426904315666967e-06
conditional-fit-0047,axis4_reasoning_termination,1210,6.379493985924153e-05
conditional-fit-0047,axis4_reasoning_termination,1211,3.2891649698345024e-06
conditional-fit-0047,axis4_reasoning_termination,1212,0.006221715298150392
conditional-fit-0047,axis4_reasoning_termination,1213,0.06634566156384825
conditional-fit-0047,axis4_reasoning_termination,1214,0.0036043489520117935
conditional-fit-0047,axis4_reasoning_termination,1215,0.11686214858800474
conditional-fit-0047,axis4_reasoning_termination,1216,0.003347736968826972
conditional-fit-0047,axis4_reasoning_termination,1217,1.1210407042631318e-05
conditional-fit-0047,axis4_reasoning_termination,1218,1.3466962327518375e-05
conditional-fit-0047,axis4_reasoning_termination,1219,9.872644028805073e-06
conditional-fit-0047,axis4_reasoning_termination,1220,0.030477204968600687
conditional-fit-0047,axis4_reasoning_termination,1221,2.9821625387610226e-05
conditional-fit-0047,axis4_reasoning_termination,1222,1.365554578928974e-05
conditional-fit-0047,axis4_reasoning_termination,1223,0.00013399938592196405
conditional-fit-0047,axis4_reasoning_termination,1224,0.000156588650464776
conditional-fit-0047,axis4_reasoning_termination,1225,8.274864757134479e-07
conditional-fit-0047,axis4_reasoning_termination,1226,1.7186754240271313e-06
conditional-fit-0047,axis4_reasoning_termination,1227,0.0007856622437712751
conditional-fit-0047,axis4_reasoning_termination,1228,7.213248893412927e-08
conditional-fit-0047,axis4_reasoning_termination,1229,1.140248985063979e-06
conditional-fit-0047,axis4_reasoning_termination,1230,7.415498388073572e-06
conditional-fit-0047,axis4_reasoning_termination,1231,7.346696795753598e-08
conditional-fit-0047,axis4_reasoning_termination,1232,1.7101451974490879e-06
conditional-fit-0047,axis4_reasoning_termination,1233,6.406695324997834e-07
conditional-fit-0047,axis4_reasoning_termination,1234,1.3826312708767694e-06
conditional-fit-0047,axis4_reasoning_termination,1235,3.4727988133641537e-06
conditional-fit-0047,axis4_reasoning_termination,1236,1.731355980502913e-07
conditional-fit-0047,axis4_reasoning_termination,1237,1.5862803767745425e-06
conditional-fit-0047,axis4_reasoning_termination,1238,3.52188773877296e-08
conditional-fit-0047,axis4_reasoning_termination,1239,6.300573363309801e-08
conditional-fit-0047,axis4_reasoning_termination,1240,1.3900551407790598e-06
conditional-fit-0047,axis4_reasoning_termination,1241,4.5146566835443515e-06
conditional-fit-0047,axis4_reasoning_termination,1242,1.6505679481505458e-06
conditional-fit-0047,axis4_reasoning_termination,1243,1.026440593334154e-06
conditional-fit-0047,axis4_reasoning_termination,1244,3.288888335941607e-05
conditional-fit-0047,axis4_reasoning_termination,1245,8.297502488555179e-08
conditional-fit-0047,axis4_reasoning_termination,1246,5.980730655489905e-07
conditional-fit-0047,axis4_reasoning_termination,1247,1.162667806031107e-06
conditional-fit-0047,axis4_reasoning_termination,1248,9.149348101875595e-07
conditional-fit-0047,axis4_reasoning_termination,1249,3.424665487775079e-06
conditional-fit-0047,axis4_reasoning_termination,1250,3.074262070797108e-05
conditional-fit-0047,axis4_reasoning_termination,1251,7.835888217807563e-08
conditional-fit-0047,axis4_reasoning_termination,1252,7.999626179479147e-08
conditional-fit-0047,axis4_reasoning_termination,1253,8.415551468245303e-08
conditional-fit-0047,axis4_reasoning_termination,1254,4.284638281296062e-07
conditional-fit-0047,axis4_reasoning_termination,1255,2.292121182000438e-06
conditional-fit-0047,axis4_reasoning_termination,1256,1.9213600670369945e-07
conditional-fit-0047,axis4_reasoning_termination,1257,8.844038809247972e-07
conditional-fit-0047,axis4_reasoning_termination,1258,4.432027119811292e-07
conditional-fit-0047,axis4_reasoning_termination,1259,2.8209205766944146e-06
conditional-fit-0047,axis4_reasoning_termination,1260,1.8886195172975405e-05
conditional-fit-0047,axis4_reasoning_termination,1261,9.947107374672993e-07
conditional-fit-0047,axis4_reasoning_termination,1262,4.215125920299186e-07
conditional-fit-0047,axis4_reasoning_termination,1263,8.022047335788182e-07
conditional-fit-0047,axis4_reasoning_termination,1264,2.0831520970731734e-07
conditional-fit-0047,axis4_reasoning_termination,1265,1.3480674388636355e-06
conditional-fit-0047,axis4_reasoning_termination,1266,3.099061899885072e-07
conditional-fit-0047,axis4_reasoning_termination,1267,3.967683321293331e-07
conditional-fit-0047,axis4_reasoning_termination,1268,6.702683447843833e-06
conditional-fit-0047,axis4_reasoning_termination,1269,1.0864873591391197e-07
conditional-fit-0047,axis4_reasoning_termination,1270,1.5825106016949607e-07
conditional-fit-0047,axis4_reasoning_termination,1271,3.8295485715259725e-05
conditional-fit-0047,axis4_reasoning_termination,1272,9.214043063670197e-06
conditional-fit-0047,axis4_reasoning_termination,1273,7.339212293462817e-07
conditional-fit-0047,axis4_reasoning_termination,1274,1.5425558498504347e-06
conditional-fit-0047,axis4_reasoning_termination,1275,6.942949418210861e-06
conditional-fit-0047,axis4_reasoning_termination,1276,3.0105543529409664e-06
conditional-fit-0047,axis4_reasoning_termination,1277,2.47482814368734e-05
conditional-fit-0047,axis4_reasoning_termination,1278,2.1207204495147862e-07
conditional-fit-0047,axis4_reasoning_termination,1279,1.5905013933044728e-05
conditional-fit-0047,axis4_reasoning_termination,1280,8.283256525114306e-05
conditional-fit-0047,axis4_reasoning_termination,1281,2.9408468767036223e-06
conditional-fit-0047,axis4_reasoning_termination,1282,0.007810218189000831
conditional-fit-0047,axis4_reasoning_termination,1283,0.04604077602921365
conditional-fit-0047,axis4_reasoning_termination,1284,0.00274776628481762
conditional-fit-0047,axis4_reasoning_termination,1285,0.11147922436037286
conditional-fit-0047,axis4_reasoning_termination,1286,0.0024332229531766197
conditional-fit-0047,axis4_reasoning_termination,1287,9.427435881500883e-06
conditional-fit-0047,axis4_reasoning_termination,1288,2.1391478027784835e-05
conditional-fit-0047,axis4_reasoning_termination,1289,1.2781150970674713e-05
conditional-fit-0047,axis4_reasoning_termination,1290,0.01984453372128728
conditional-fit-0047,axis4_reasoning_termination,1291,1.658860460072972e-05
conditional-fit-0047,axis4_reasoning_termination,1292,0.00024291479132520903
conditional-fit-0047,axis4_reasoning_termination,1293,0.001249001094595225
conditional-fit-0047,axis4_reasoning_termination,1294,0.00044442259827056935
conditional-fit-0047,axis4_reasoning_termination,1295,5.8471592872321894e-06
conditional-fit-0047,axis4_reasoning_termination,1296,1.8614740269168572e-06
conditional-fit-0047,axis4_reasoning_termination,1297,0.00016061125433930627
conditional-fit-0047,axis4_reasoning_termination,1298,1.2687506504434575e-07
conditional-fit-0047,axis4_reasoning_termination,1299,7.800073017888854e-06
conditional-fit-0047,axis4_reasoning_termination,1300,1.1617951475916295e-06
conditional-fit-0047,axis4_reasoning_termination,1301,2.1407128729113112e-07
conditional-fit-0047,axis4_reasoning_termination,1302,7.703860491407048e-06
conditional-fit-0047,axis4_reasoning_termination,1303,1.062438830276865e-06
conditional-fit-0047,axis4_reasoning_termination,1304,3.8936265634089766e-07
conditional-fit-0047,axis4_reasoning_termination,1305,1.2171131673635925e-06
conditional-fit-0047,axis4_reasoning_termination,1306,3.575084550227269e-07
conditional-fit-0047,axis4_reasoning_termination,1307,3.255337863232777e-07
conditional-fit-0047,axis4_reasoning_termination,1308,1.956514533926631e-07
conditional-fit-0047,axis4_reasoning_termination,1309,1.1960767357705633e-06
conditional-fit-0047,axis4_reasoning_termination,1310,1.7578391441843267e-06
conditional-fit-0047,axis4_reasoning_termination,1311,1.2775077205650842e-06
conditional-fit-0047,axis4_reasoning_termination,1312,4.242581105515428e-06
conditional-fit-0047,axis4_reasoning_termination,1313,6.702642485817572e-07
conditional-fit-0047,axis4_reasoning_termination,1314,7.973888563808232e-06
conditional-fit-0047,axis4_reasoning_termination,1315,1.3722144724535192e-07
conditional-fit-0047,axis4_reasoning_termination,1316,1.003655400973216e-06
conditional-fit-0047,axis4_reasoning_termination,1317,5.520404622322973e-05
conditional-fit-0047,axis4_reasoning_termination,1318,1.178308077929206e-06
conditional-fit-0047,axis4_reasoning_termination,1319,5.60273298057077e-07
conditional-fit-0047,axis4_reasoning_termination,1320,4.330573468113897e-05
conditional-fit-0047,axis4_reasoning_termination,1321,5.230252071104622e-07
conditional-fit-0047,axis4_reasoning_termination,1322,2.3097006705459298e-07
conditional-fit-0047,axis4_reasoning_termination,1323,4.744677653105592e-06
conditional-fit-0047,axis4_reasoning_termination,1324,3.0761017193145263e-06
conditional-fit-0047,axis4_reasoning_termination,1325,4.2461594526320915e-06
conditional-fit-0047,axis4_reasoning_termination,1326,4.169367458183347e-07
conditional-fit-0047,axis4_reasoning_termination,1327,5.419107189532497e-07
conditional-fit-0047,axis4_reasoning_termination,1328,5.625169038579185e-07
conditional-fit-0047,axis4_reasoning_termination,1329,1.780553527892994e-06
conditional-fit-0047,axis4_reasoning_termination,1330,5.7693801259276425e-06
conditional-fit-0047,axis4_reasoning_termination,1331,1.839636285389387e-06
conditional-fit-0047,axis4_reasoning_termination,1332,4.550681302409593e-07
conditional-fit-0047,axis4_reasoning_termination,1333,3.690909688883727e-06
conditional-fit-0047,axis4_reasoning_termination,1334,1.1401122889157534e-06
conditional-fit-0047,axis4_reasoning_termination,1335,3.0419570278997056e-06
conditional-fit-0047,axis4_reasoning_termination,1336,1.7845636187567267e-07
conditional-fit-0047,axis4_reasoning_termination,1337,8.082660969380921e-07
conditional-fit-0047,axis4_reasoning_termination,1338,3.4031004685392725e-06
conditional-fit-0047,axis4_reasoning_termination,1339,1.2088756387199667e-07
conditional-fit-0047,axis4_reasoning_termination,1340,8.587299966310245e-07
conditional-fit-0047,axis4_reasoning_termination,1341,1.0386751016661343e-05
conditional-fit-0047,axis4_reasoning_termination,1342,2.5124249020486855e-06
conditional-fit-0047,axis4_reasoning_termination,1343,6.690125568910899e-06
conditional-fit-0047,axis4_reasoning_termination,1344,1.1098363285314192e-06
conditional-fit-0047,axis4_reasoning_termination,1345,1.5474741375038924e-06
conditional-fit-0047,axis4_reasoning_termination,1346,7.9029514725482e-07
conditional-fit-0047,axis4_reasoning_termination,1347,1.005318140957369e-05
conditional-fit-0047,axis4_reasoning_termination,1348,5.244911867745809e-07
conditional-fit-0047,axis4_reasoning_termination,1349,5.615218866336589e-06
conditional-fit-0047,axis4_reasoning_termination,1350,5.8029722639781954e-05
conditional-fit-0047,axis4_reasoning_termination,1351,3.822918404933095e-06
conditional-fit-0047,axis4_reasoning_termination,1352,0.009781153344285967
conditional-fit-0047,axis4_reasoning_termination,1353,0.07203310324160188
conditional-fit-0047,axis4_reasoning_termination,1354,0.004151815232061222
conditional-fit-0047,axis4_reasoning_termination,1355,0.05334873145082497
conditional-fit-0047,axis4_reasoning_termination,1356,0.004960679499869787
conditional-fit-0047,axis4_reasoning_termination,1357,1.969694762327041e-06
conditional-fit-0047,axis4_reasoning_termination,1358,8.001373038834064e-06
conditional-fit-0047,axis4_reasoning_termination,1359,1.5272726645357635e-06
conditional-fit-0047,axis4_reasoning_termination,1360,0.01606265091518772
conditional-fit-0047,axis4_reasoning_termination,1361,5.087890118896197e-07
conditional-fit-0047,axis4_reasoning_termination,1362,1.9543563409269614e-06
conditional-fit-0047,axis4_reasoning_termination,1363,3.8536844002172786e-06
conditional-fit-0047,axis4_reasoning_termination,1364,6.4382894558704e-08
conditional-fit-0047,axis4_reasoning_termination,1365,1.0398136403801255e-05
conditional-fit-0047,axis4_reasoning_termination,1366,5.6731366519617726e-05
conditional-fit-0047,axis4_reasoning_termination,1367,0.0018297795356150995
conditional-fit-0047,axis4_reasoning_termination,1368,0.0003708092270851667
conditional-fit-0047,axis4_reasoning_termination,1369,2.8107934926872825e-06
conditional-fit-0047,axis4_reasoning_termination,1370,1.4883762413460213e-06
conditional-fit-0047,axis4_reasoning_termination,1371,7.626198039511981e-06
conditional-fit-0047,axis4_reasoning_termination,1372,1.4966984080991087e-07
conditional-fit-0047,axis4_reasoning_termination,1373,1.5703356173506464e-06
conditional-fit-0047,axis4_reasoning_termination,1374,6.0066054503664005e-06
conditional-fit-0047,axis4_reasoning_termination,1375,7.552352097307563e-06
conditional-fit-0047,axis4_reasoning_termination,1376,3.4653009893530245e-06
conditional-fit-0047,axis4_reasoning_termination,1377,2.007787014482514e-05
conditional-fit-0047,axis4_reasoning_termination,1378,3.21676156635077e-07
conditional-fit-0047,axis4_reasoning_termination,1379,1.4374060206290964e-07
conditional-fit-0047,axis4_reasoning_termination,1380,1.381901268662374e-06
conditional-fit-0047,axis4_reasoning_termination,1381,1.1848354631484026e-06
conditional-fit-0047,axis4_reasoning_termination,1382,1.038536367463766e-06
conditional-fit-0047,axis4_reasoning_termination,1383,6.823795180862319e-06
conditional-fit-0047,axis4_reasoning_termination,1384,3.0378442742970405e-05
conditional-fit-0047,axis4_reasoning_termination,1385,2.3356462765607084e-07
conditional-fit-0047,axis4_reasoning_termination,1386,1.5703710714591267e-07
conditional-fit-0047,axis4_reasoning_termination,1387,4.3022176510889635e-07
conditional-fit-0047,axis4_reasoning_termination,1388,3.6207009620194916e-07
conditional-fit-0047,axis4_reasoning_termination,1389,1.422988150498287e-07
conditional-fit-0047,axis4_reasoning_termination,1390,8.977487371386474e-06
conditional-fit-0047,axis4_reasoning_termination,1391,8.45796679914299e-07
conditional-fit-0047,axis4_reasoning_termination,1392,2.1478543568539897e-05
conditional-fit-0047,axis4_reasoning_termination,1393,1.4662875570773817e-05
conditional-fit-0047,axis4_reasoning_termination,1394,2.9623774718514726e-07
conditional-fit-0047,axis4_reasoning_termination,1395,5.304699962821542e-06
conditional-fit-0047,axis4_reasoning_termination,1396,9.674988265092896e-07
conditional-fit-0047,axis4_reasoning_termination,1397,3.5989458996304747e-06
conditional-fit-0047,axis4_reasoning_termination,1398,3.351294329195466e-05
conditional-fit-0047,axis4_reasoning_termination,1399,4.802618314103139e-06
conditional-fit-0047,axis4_reasoning_termination,1400,0.021463246046602196
conditional-fit-0047,axis4_reasoning_termination,1401,0.004113499124333673
conditional-fit-0047,axis4_reasoning_termination,1402,0.19606542545321776
conditional-fit-0047,axis4_reasoning_termination,1403,0.0029245630947542017
conditional-fit-0047,axis4_reasoning_termination,1404,0.08741637022190554
conditional-fit-0047,axis4_reasoning_termination,1405,0.0016399690026191165
conditional-fit-0047,axis4_reasoning_termination,1406,3.3575922668670428e-06
conditional-fit-0047,axis4_reasoning_termination,1407,4.509407226744127e-06
conditional-fit-0047,axis4_reasoning_termination,1408,1.4191400719971821e-06
conditional-fit-0047,axis4_reasoning_termination,1409,0.014179685707905895
conditional-fit-0047,axis4_reasoning_termination,1410,3.695508711886465e-06
conditional-fit-0047,axis4_reasoning_termination,1411,8.99397629135266e-08
conditional-fit-0047,axis4_reasoning_termination,1412,2.168289032089344e-06
conditional-fit-0047,axis4_reasoning_termination,1413,3.746391765853711e-06
conditional-fit-0047,axis4_reasoning_termination,1414,4.340969368763579e-05
conditional-fit-0047,axis4_reasoning_termination,1415,4.205361273349641e-05
conditional-fit-0047,axis4_reasoning_termination,1416,0.0002420667522177644
conditional-fit-0047,axis4_reasoning_termination,1417,3.3239556566209623e-06
conditional-fit-0047,axis4_reasoning_termination,1418,3.5459618974756106e-07
conditional-fit-0047,axis4_reasoning_termination,1419,2.9566787825323805e-05
conditional-fit-0047,axis4_reasoning_termination,1420,1.6761182202207486e-06
conditional-fit-0047,axis4_reasoning_termination,1421,3.321397656813085e-07
conditional-fit-0047,axis4_reasoning_termination,1422,1.4799411946605372e-06
conditional-fit-0047,axis4_reasoning_termination,1423,5.515556497716579e-07
conditional-fit-0047,axis4_reasoning_termination,1424,1.4914049902748038e-07
conditional-fit-0047,axis4_reasoning_termination,1425,3.0467393399290686e-07
conditional-fit-0047,axis4_reasoning_termination,1426,1.1258336466236501e-07
conditional-fit-0047,axis4_reasoning_termination,1427,5.76984575256456e-08
conditional-fit-0047,axis4_reasoning_termination,1428,1.9762703170460225e-07
conditional-fit-0047,axis4_reasoning_termination,1429,1.2432851211996975e-06
conditional-fit-0047,axis4_reasoning_termination,1430,5.100427600828252e-07
conditional-fit-0047,axis4_reasoning_termination,1431,1.573077546987581e-07
conditional-fit-0047,axis4_reasoning_termination,1432,1.2938021536985905e-06
conditional-fit-0047,axis4_reasoning_termination,1433,1.537954785127051e-06
conditional-fit-0047,axis4_reasoning_termination,1434,1.227261575647098e-08
conditional-fit-0047,axis4_reasoning_termination,1435,4.2130628962680527e-07
conditional-fit-0047,axis4_reasoning_termination,1436,1.217465471908218e-06
conditional-fit-0047,axis4_reasoning_termination,1437,6.601186456680255e-06
conditional-fit-0047,axis4_reasoning_termination,1438,7.110087957614881e-05
conditional-fit-0047,axis4_reasoning_termination,1439,3.7699601908387084e-06
conditional-fit-0047,axis4_reasoning_termination,1440,0.018552471295941987
conditional-fit-0047,axis4_reasoning_termination,1441,0.19662167585489454
conditional-fit-0047,axis4_reasoning_termination,1442,0.00505089793555153
conditional-fit-0047,axis4_reasoning_termination,1443,0.18177369634705376
conditional-fit-0047,axis4_reasoning_termination,1444,0.003128378980342343
conditional-fit-0047,axis4_reasoning_termination,1445,9.050991191632962e-07
conditional-fit-0047,axis4_reasoning_termination,1446,1.6616899364465782e-05
conditional-fit-0047,axis4_reasoning_termination,1447,4.8705321020133296e-05
conditional-fit-0047,axis4_reasoning_termination,1448,0.015777617439699826
conditional-fit-0047,axis4_reasoning_termination,1449,7.497332856197821e-08
conditional-fit-0047,axis4_reasoning_termination,1450,1.107419403018298e-06
conditional-fit-0047,axis4_reasoning_termination,1451,1.1395017069821836e-05
conditional-fit-0047,axis4_reasoning_termination,1452,4.865330765524152e-08
conditional-fit-0047,axis4_reasoning_termination,1453,3.921110881854258e-06
conditional-fit-0047,axis4_reasoning_termination,1454,8.840094233299825e-05
conditional-fit-0047,axis4_reasoning_termination,1455,0.0005236559399531516
conditional-fit-0047,axis4_reasoning_termination,1456,7.302343146985145e-05
conditional-fit-0047,axis4_reasoning_termination,1457,1.3722254148161635e-06
conditional-fit-0047,axis4_reasoning_termination,1458,6.498298393845762e-07
conditional-fit-0047,axis4_reasoning_termination,1459,5.267255557885735e-06
conditional-fit-0047,axis4_reasoning_termination,1460,1.7179452459575957e-07
conditional-fit-0047,axis4_reasoning_termination,1461,6.776410216164056e-07
conditional-fit-0047,axis4_reasoning_termination,1462,3.14895892283512e-06
conditional-fit-0047,axis4_reasoning_termination,1463,3.0441503104837024e-06
conditional-fit-0047,axis4_reasoning_termination,1464,3.1342168670905617e-06
conditional-fit-0047,axis4_reasoning_termination,1465,4.5998526929028835e-06
conditional-fit-0047,axis4_reasoning_termination,1466,9.997550298165508e-08
conditional-fit-0047,axis4_reasoning_termination,1467,9.630661193879931e-07
conditional-fit-0047,axis4_reasoning_termination,1468,2.4781558843856337e-06
conditional-fit-0047,axis4_reasoning_termination,1469,6.327200640572281e-06
conditional-fit-0047,axis4_reasoning_termination,1470,1.7197623432272953e-06
conditional-fit-0047,axis4_reasoning_termination,1471,7.261470472894786e-06
conditional-fit-0047,axis4_reasoning_termination,1472,3.691758807058729e-05
conditional-fit-0047,axis4_reasoning_termination,1473,1.2302455932254768e-05
conditional-fit-0047,axis4_reasoning_termination,1474,1.2438717119743323e-06
conditional-fit-0047,axis4_reasoning_termination,1475,4.178214813674806e-06
conditional-fit-0047,axis4_reasoning_termination,1476,3.075713555565837e-07
conditional-fit-0047,axis4_reasoning_termination,1477,2.2860181406870738e-07
conditional-fit-0047,axis4_reasoning_termination,1478,3.3247710669700863e-06
conditional-fit-0047,axis4_reasoning_termination,1479,1.7580097447287538e-06
conditional-fit-0047,axis4_reasoning_termination,1480,2.1171277394820553e-06
conditional-fit-0047,axis4_reasoning_termination,1481,3.63488977842004e-06
conditional-fit-0047,axis4_reasoning_termination,1482,1.9438578047030316e-07
conditional-fit-0047,axis4_reasoning_termination,1483,4.192583107499163e-06
conditional-fit-0047,axis4_reasoning_termination,1484,8.248256879977506e-06
conditional-fit-0047,axis4_reasoning_termination,1485,3.893675568329332e-06
conditional-fit-0047,axis4_reasoning_termination,1486,1.7969296360931726e-05
conditional-fit-0047,axis4_reasoning_termination,1487,7.000905719619734e-06
conditional-fit-0047,axis4_reasoning_termination,1488,0.01804652630348128
conditional-fit-0047,axis4_reasoning_termination,1489,0.1468477031188466
conditional-fit-0047,axis4_reasoning_termination,1490,0.0019581695832143527
conditional-fit-0047,axis4_reasoning_termination,1491,0.18150712693978877
conditional-fit-0047,axis4_reasoning_termination,1492,0.0011466349789391993
conditional-fit-0047,axis4_reasoning_termination,1493,1.464935347064948e-06
conditional-fit-0047,axis4_reasoning_termination,1494,4.371246170960951e-06
conditional-fit-0047,axis4_reasoning_termination,1495,1.1291697550786563e-06
conditional-fit-0047,axis4_reasoning_termination,1496,0.010968208736268744
conditional-fit-0047,axis4_reasoning_termination,1497,3.2688751716005468e-06
conditional-fit-0047,axis4_reasoning_termination,1498,1.4807060150864157e-08
conditional-fit-0047,axis4_reasoning_termination,1499,1.5076628107564353e-06
conditional-fit-0047,axis4_reasoning_termination,1500,3.461363315859013e-06
conditional-fit-0047,axis4_reasoning_termination,1501,0.00023080084653253228
conditional-fit-0047,axis4_reasoning_termination,1502,0.0002935486990657312
conditional-fit-0047,axis4_reasoning_termination,1503,0.00011740616540453999
conditional-fit-0047,axis4_reasoning_termination,1504,5.944290792292663e-07
conditional-fit-0047,axis4_reasoning_termination,1505,5.131957081556401e-07
conditional-fit-0047,axis4_reasoning_termination,1506,3.896964141462684e-05
conditional-fit-0047,axis4_reasoning_termination,1507,3.697813758256072e-06
conditional-fit-0047,axis4_reasoning_termination,1508,2.0547655197362683e-06
conditional-fit-0047,axis4_reasoning_termination,1509,6.031015843731874e-07
conditional-fit-0047,axis4_reasoning_termination,1510,3.055126413842191e-06
conditional-fit-0047,axis4_reasoning_termination,1511,5.7727745801819256e-08
conditional-fit-0047,axis4_reasoning_termination,1512,8.308595282384652e-06
conditional-fit-0047,axis4_reasoning_termination,1513,8.591431613743842e-09
conditional-fit-0047,axis4_reasoning_termination,1514,1.909614674820886e-06
conditional-fit-0047,axis4_reasoning_termination,1515,3.8474573053075865e-07
conditional-fit-0047,axis4_reasoning_termination,1516,4.753912953626971e-07
conditional-fit-0047,axis4_reasoning_termination,1517,1.3617468456987696e-06
conditional-fit-0047,axis4_reasoning_termination,1518,6.817829850732755e-07
conditional-fit-0047,axis4_reasoning_termination,1519,5.64018022037723e-07
conditional-fit-0047,axis4_reasoning_termination,1520,4.285914844636876e-07
conditional-fit-0047,axis4_reasoning_termination,1521,9.205583825746079e-09
conditional-fit-0047,axis4_reasoning_termination,1522,5.054983756390902e-07
conditional-fit-0047,axis4_reasoning_termination,1523,8.717213425489681e-07
conditional-fit-0047,axis4_reasoning_termination,1524,4.120426525071245e-06
conditional-fit-0047,axis4_reasoning_termination,1525,6.622143438129457e-05
conditional-fit-0047,axis4_reasoning_termination,1526,1.6214012627519706e-06
conditional-fit-0047,axis4_reasoning_termination,1527,0.011794015650607443
conditional-fit-0047,axis4_reasoning_termination,1528,0.12131167467951386
conditional-fit-0047,axis4_reasoning_termination,1529,0.0005092514429710857
conditional-fit-0047,axis4_reasoning_termination,1530,0.0909194626733866
conditional-fit-0047,axis4_reasoning_termination,1531,0.004453187626404917
conditional-fit-0047,axis4_reasoning_termination,1532,1.292966791972131e-06
conditional-fit-0047,axis4_reasoning_termination,1533,6.9766582737499615e-06
conditional-fit-0047,axis4_reasoning_termination,1534,2.6134816026079033e-06
conditional-fit-0047,axis4_reasoning_termination,1535,0.008069648291561258
conditional-fit-0047,axis4_reasoning_termination,1536,5.534633843166843e-06
conditional-fit-0047,axis4_reasoning_termination,1537,7.462844290762296e-08
conditional-fit-0047,axis4_reasoning_termination,1538,1.369330781792432e-06
conditional-fit-0047,axis4_reasoning_termination,1539,3.567224152862939e-06
conditional-fit-0047,axis4_reasoning_termination,1540,0.0004108495659248937
conditional-fit-0047,axis4_reasoning_termination,1541,0.0011291508204560297
conditional-fit-0047,axis4_reasoning_termination,1542,7.355184601819548e-05
conditional-fit-0047,axis4_reasoning_termination,1543,2.364965935288613e-06
conditional-fit-0047,axis4_reasoning_termination,1544,8.44628579542191e-07
conditional-fit-0047,axis4_reasoning_termination,1545,3.06233798807685e-05
conditional-fit-0047,axis4_reasoning_termination,1546,7.614900822141253e-07
conditional-fit-0047,axis4_reasoning_termination,1547,2.6867193151485685e-07
conditional-fit-0047,axis4_reasoning_termination,1548,1.0318943914929902e-05
conditional-fit-0047,axis4_reasoning_termination,1549,1.913853823354099e-06
conditional-fit-0047,axis4_reasoning_termination,1550,9.919764470399324e-08
conditional-fit-0047,axis4_reasoning_termination,1551,6.179102228512342e-06
conditional-fit-0047,axis4_reasoning_termination,1552,5.736873665121879e-08
conditional-fit-0047,axis4_reasoning_termination,1553,6.339624678734593e-07
conditional-fit-0047,axis4_reasoning_termination,1554,1.4484561688031643e-07
conditional-fit-0047,axis4_reasoning_termination,1555,6.239156432223874e-07
conditional-fit-0047,axis4_reasoning_termination,1556,2.1780011452515216e-07
conditional-fit-0047,axis4_reasoning_termination,1557,1.026210107972809e-06
conditional-fit-0047,axis4_reasoning_termination,1558,5.459027222608854e-07
conditional-fit-0047,axis4_reasoning_termination,1559,1.5373243363138819e-06
conditional-fit-0047,axis4_reasoning_termination,1560,4.500304390542717e-09
conditional-fit-0047,axis4_reasoning_termination,1561,8.708744811658155e-07
conditional-fit-0047,axis4_reasoning_termination,1562,5.565919840101682e-07
conditional-fit-0047,axis4_reasoning_termination,1563,3.5173950269425392e-06
conditional-fit-0047,axis4_reasoning_termination,1564,2.9912574035152986e-05
conditional-fit-0047,axis4_reasoning_termination,1565,2.506382946233429e-06
conditional-fit-0047,axis4_reasoning_termination,1566,0.010164483091198663
conditional-fit-0047,axis4_reasoning_termination,1567,0.12785450133651344
conditional-fit-0047,axis4_reasoning_termination,1568,0.001235888614808924
conditional-fit-0047,axis4_reasoning_termination,1569,0.18924372348295154
conditional-fit-0047,axis4_reasoning_termination,1570,0.008039886292125218
conditional-fit-0047,axis4_reasoning_termination,1571,4.74497235680861e-06
conditional-fit-0047,axis4_reasoning_termination,1572,2.4799982478266915e-05
conditional-fit-0047,axis4_reasoning_termination,1573,2.5540869124955767e-06
conditional-fit-0047,axis4_reasoning_termination,1574,0.01271654002546439
conditional-fit-0047,axis4_reasoning_termination,1575,8.94423329151645e-06
conditional-fit-0047,axis4_reasoning_termination,1576,5.2709209928230255e-05
conditional-fit-0047,axis4_reasoning_termination,1577,0.0003932476177745832
conditional-fit-0047,axis4_reasoning_termination,1578,0.0003036527868377632
conditional-fit-0047,axis4_reasoning_termination,1579,3.6352434322744136e-06
conditional-fit-0047,axis4_reasoning_termination,1580,1.789813696328169e-06
conditional-fit-0047,axis4_reasoning_termination,1581,4.6650487744808804e-05
conditional-fit-0047,axis4_reasoning_termination,1582,5.861682081266863e-08
conditional-fit-0047,axis4_reasoning_termination,1583,6.454707739586331e-07
conditional-fit-0047,axis4_reasoning_termination,1584,8.997279081480059e-07
conditional-fit-0047,axis4_reasoning_termination,1585,5.566524988786254e-07
conditional-fit-0047,axis4_reasoning_termination,1586,1.0446829578538684e-05
conditional-fit-0047,axis4_reasoning_termination,1587,4.0776224923626766e-07
conditional-fit-0047,axis4_reasoning_termination,1588,6.788839849406004e-07
conditional-fit-0047,axis4_reasoning_termination,1589,1.3438986737396674e-06
conditional-fit-0047,axis4_reasoning_termination,1590,1.7177793954331537e-07
conditional-fit-0047,axis4_reasoning_termination,1591,1.8999064649227862e-07
conditional-fit-0047,axis4_reasoning_termination,1592,1.2036696166953957e-07
conditional-fit-0047,axis4_reasoning_termination,1593,2.5291510482229566e-06
conditional-fit-0047,axis4_reasoning_termination,1594,9.035996614628675e-07
conditional-fit-0047,axis4_reasoning_termination,1595,2.2482010695949406e-06
conditional-fit-0047,axis4_reasoning_termination,1596,2.8015363800169835e-06
conditional-fit-0047,axis4_reasoning_termination,1597,1.106244448654875e-06
conditional-fit-0047,axis4_reasoning_termination,1598,2.9289776988462445e-05
conditional-fit-0047,axis4_reasoning_termination,1599,2.4647959125030593e-07
conditional-fit-0047,axis4_reasoning_termination,1600,1.2159088128088782e-06
conditional-fit-0047,axis4_reasoning_termination,1601,2.344093349383098e-05
conditional-fit-0047,axis4_reasoning_termination,1602,1.0495683155853824e-06
conditional-fit-0047,axis4_reasoning_termination,1603,7.735281303769225e-06
conditional-fit-0047,axis4_reasoning_termination,1604,3.632587825973212e-05
conditional-fit-0047,axis4_reasoning_termination,1605,3.0919963185716804e-08
conditional-fit-0047,axis4_reasoning_termination,1606,1.718245263533057e-06
conditional-fit-0047,axis4_reasoning_termination,1607,1.1447160193587204e-07
conditional-fit-0047,axis4_reasoning_termination,1608,3.128891440974817e-06
conditional-fit-0047,axis4_reasoning_termination,1609,3.334907729656712e-06
conditional-fit-0047,axis4_reasoning_termination,1610,7.744490588353366e-07
conditional-fit-0047,axis4_reasoning_termination,1611,6.2475614663527815e-06
conditional-fit-0047,axis4_reasoning_termination,1612,2.1724555122921158e-06
conditional-fit-0047,axis4_reasoning_termination,1613,1.178188965200833e-05
conditional-fit-0047,axis4_reasoning_termination,1614,5.5637571217854475e-06
conditional-fit-0047,axis4_reasoning_termination,1615,8.392599309108634e-07
conditional-fit-0047,axis4_reasoning_termination,1616,1.0365873734712002e-07
conditional-fit-0047,axis4_reasoning_termination,1617,5.941579231500867e-07
conditional-fit-0047,axis4_reasoning_termination,1618,2.2384931638199073e-07
conditional-fit-0047,axis4_reasoning_termination,1619,4.83968153644544e-06
conditional-fit-0047,axis4_reasoning_termination,1620,1.0913058600816313e-07
conditional-fit-0047,axis4_reasoning_termination,1621,3.4767054056027957e-07
conditional-fit-0047,axis4_reasoning_termination,1622,2.322668406779041e-06
conditional-fit-0047,axis4_reasoning_termination,1623,2.2917861312654271e-07
conditional-fit-0047,axis4_reasoning_termination,1624,7.527160331590832e-07
conditional-fit-0047,axis4_reasoning_termination,1625,3.407575337497291e-06
conditional-fit-0047,axis4_reasoning_termination,1626,1.7013610035830615e-06
conditional-fit-0047,axis4_reasoning_termination,1627,1.2116884561377832e-07
conditional-fit-0047,axis4_reasoning_termination,1628,1.710484604116935e-06
conditional-fit-0047,axis4_reasoning_termination,1629,6.32575969107967e-06
conditional-fit-0047,axis4_reasoning_termination,1630,2.630165047236221e-07
conditional-fit-0047,axis4_reasoning_termination,1631,3.927643400538776e-06
conditional-fit-0047,axis4_reasoning_termination,1632,1.8969886329170996e-07
conditional-fit-0047,axis4_reasoning_termination,1633,6.2858203234398525e-06
conditional-fit-0047,axis4_reasoning_termination,1634,4.120423255057692e-05
conditional-fit-0047,axis4_reasoning_termination,1635,2.2370153293654028e-06
conditional-fit-0047,axis4_reasoning_termination,1636,0.005129211847220284
conditional-fit-0047,axis4_reasoning_termination,1637,0.07250200273271186
conditional-fit-0047,axis4_reasoning_termination,1638,0.001137551250929905
conditional-fit-0047,axis4_reasoning_termination,1639,0.22216451489021702
conditional-fit-0047,axis4_reasoning_termination,1640,0.008907391948911752
conditional-fit-0047,axis4_reasoning_termination,1641,2.0358915810054165e-06
conditional-fit-0047,axis4_reasoning_termination,1642,3.2058902164564027e-06
conditional-fit-0047,axis4_reasoning_termination,1643,1.5438693855566935e-06
conditional-fit-0047,axis4_reasoning_termination,1644,0.0053911389904990606
conditional-fit-0047,axis4_reasoning_termination,1645,2.331011267887438e-06
conditional-fit-0047,axis4_reasoning_termination,1646,1.7894046879898276e-06
conditional-fit-0047,axis4_reasoning_termination,1647,1.7928190561792905e-06
conditional-fit-0047,axis4_reasoning_termination,1648,0.0002993805496202659
conditional-fit-0047,axis4_reasoning_termination,1649,0.00010739348164602858
conditional-fit-0047,axis4_reasoning_termination,1650,0.00018906167377948942
conditional-fit-0047,axis4_reasoning_termination,1651,2.038338859408336e-06
conditional-fit-0047,axis4_reasoning_termination,1652,6.621179627348491e-07
conditional-fit-0047,axis4_reasoning_termination,1653,1.8187257199469873e-05
conditional-fit-0047,axis4_reasoning_termination,1654,1.7441390299712335e-07
conditional-fit-0047,axis4_reasoning_termination,1655,1.883409031531682e-08
conditional-fit-0047,axis4_reasoning_termination,1656,8.483996037285801e-07
conditional-fit-0047,axis4_reasoning_termination,1657,4.911424535132308e-07
conditional-fit-0047,axis4_reasoning_termination,1658,2.2972067244312343e-06
conditional-fit-0047,axis4_reasoning_termination,1659,4.486131273911499e-06
conditional-fit-0047,axis4_reasoning_termination,1660,1.168812296760664e-07
conditional-fit-0047,axis4_reasoning_termination,1661,1.6107439909700388e-07
conditional-fit-0047,axis4_reasoning_termination,1662,4.5579653135167923e-08
conditional-fit-0047,axis4_reasoning_termination,1663,1.2158930931807311e-06
conditional-fit-0047,axis4_reasoning_termination,1664,2.1547195382774185e-07
conditional-fit-0047,axis4_reasoning_termination,1665,7.858851590733536e-07
conditional-fit-0047,axis4_reasoning_termination,1666,2.7172920554169823e-06
conditional-fit-0047,axis4_reasoning_termination,1667,6.127352208093309e-07
conditional-fit-0047,axis4_reasoning_termination,1668,3.817623272233479e-06
conditional-fit-0047,axis4_reasoning_termination,1669,1.2996941033343242e-05
conditional-fit-0047,axis4_reasoning_termination,1670,1.5953685909153038e-07
conditional-fit-0047,axis4_reasoning_termination,1671,3.4350418489085897e-07
conditional-fit-0047,axis4_reasoning_termination,1672,4.526335868580854e-08
conditional-fit-0047,axis4_reasoning_termination,1673,7.549021809637341e-06
conditional-fit-0047,axis4_reasoning_termination,1674,0.00010652904539415832
conditional-fit-0047,axis4_reasoning_termination,1675,7.909069392468754e-08
conditional-fit-0047,axis4_reasoning_termination,1676,1.1322384660395329e-06
conditional-fit-0047,axis4_reasoning_termination,1677,6.589643781390011e-08
conditional-fit-0047,axis4_reasoning_termination,1678,9.287900573181538e-07
conditional-fit-0047,axis4_reasoning_termination,1679,3.0280009638860675e-06
conditional-fit-0047,axis4_reasoning_termination,1680,1.1451316165480477e-06
conditional-fit-0047,axis4_reasoning_termination,1681,3.267342912654791e-05
conditional-fit-0047,axis4_reasoning_termination,1682,8.091091077179884e-06
conditional-fit-0047,axis4_reasoning_termination,1683,5.156433301861059e-06
conditional-fit-0047,axis4_reasoning_termination,1684,2.9670516690612916e-06
conditional-fit-0047,axis4_reasoning_termination,1685,6.208194089590331e-06
conditional-fit-0047,axis4_reasoning_termination,1686,1.490258770030083e-06
conditional-fit-0047,axis4_reasoning_termination,1687,1.5527182119538307e-06
conditional-fit-0047,axis4_reasoning_termination,1688,4.88152739094968e-07
conditional-fit-0047,axis4_reasoning_termination,1689,2.4438969461141345e-05
conditional-fit-0047,axis4_reasoning_termination,1690,1.1296586860296938e-06
conditional-fit-0047,axis4_reasoning_termination,1691,2.089373689889779e-05
conditional-fit-0047,axis4_reasoning_termination,1692,3.7957647374402962e-06
conditional-fit-0047,axis4_reasoning_termination,1693,0.009518792436229126
conditional-fit-0047,axis4_reasoning_termination,1694,0.08169356139030583
conditional-fit-0047,axis4_reasoning_termination,1695,0.002026386933658174
conditional-fit-0047,axis4_reasoning_termination,1696,0.19889913846039037
conditional-fit-0047,axis4_reasoning_termination,1697,0.003680325338186203
conditional-fit-0047,axis4_reasoning_termination,1698,1.572233965980778e-06
conditional-fit-0047,axis4_reasoning_termination,1699,6.0375863640980336e-06
conditional-fit-0047,axis4_reasoning_termination,1700,2.197228281134826e-06
conditional-fit-0047,axis4_reasoning_termination,1701,0.0054076555234424326
conditional-fit-0047,axis4_reasoning_termination,1702,4.043170066674324e-06
conditional-fit-0047,axis4_reasoning_termination,1703,3.40058809830309e-05
conditional-fit-0047,axis4_reasoning_termination,1704,0.00014508687699122785
conditional-fit-0047,axis4_reasoning_termination,1705,0.0002635142795866811
conditional-fit-0047,axis4_reasoning_termination,1706,4.979078393768711e-07
conditional-fit-0047,axis4_reasoning_termination,1707,1.0050731826727206e-06
conditional-fit-0047,axis4_reasoning_termination,1708,3.114973184145665e-05
conditional-fit-0047,axis4_reasoning_termination,1709,2.833721591114402e-08
conditional-fit-0047,axis4_reasoning_termination,1710,2.373417066063273e-07
conditional-fit-0047,axis4_reasoning_termination,1711,6.089810185894914e-07
conditional-fit-0047,axis4_reasoning_termination,1712,2.3326518621492802e-07
conditional-fit-0047,axis4_reasoning_termination,1713,1.404906647997652e-06
conditional-fit-0047,axis4_reasoning_termination,1714,4.075115686338308e-07
conditional-fit-0047,axis4_reasoning_termination,1715,6.682363346898292e-07
conditional-fit-0047,axis4_reasoning_termination,1716,5.687511902812367e-07
conditional-fit-0047,axis4_reasoning_termination,1717,3.0708601001920855e-08
conditional-fit-0047,axis4_reasoning_termination,1718,7.730516760528344e-07
conditional-fit-0047,axis4_reasoning_termination,1719,1.0471626027832646e-07
conditional-fit-0047,axis4_reasoning_termination,1720,7.3969212549188695e-06
conditional-fit-0047,axis4_reasoning_termination,1721,6.40488680598378e-07
conditional-fit-0047,axis4_reasoning_termination,1722,5.664102910696605e-06
conditional-fit-0047,axis4_reasoning_termination,1723,3.3757943608792287e-07
conditional-fit-0047,axis4_reasoning_termination,1724,4.7012366899845295e-07
conditional-fit-0047,axis4_reasoning_termination,1725,6.570424555025086e-06
conditional-fit-0047,axis4_reasoning_termination,1726,4.9785610116042575e-08
conditional-fit-0047,axis4_reasoning_termination,1727,1.5243446628194322e-07
conditional-fit-0047,axis4_reasoning_termination,1728,2.535377423690318e-07
conditional-fit-0047,axis4_reasoning_termination,1729,3.620688204226296e-07
conditional-fit-0047,axis4_reasoning_termination,1730,4.0230638044670284e-07
conditional-fit-0047,axis4_reasoning_termination,1731,3.829783349439035e-05
conditional-fit-0047,axis4_reasoning_termination,1732,2.7794830856788316e-07
conditional-fit-0047,axis4_reasoning_termination,1733,3.8055354153209475e-07
conditional-fit-0047,axis4_reasoning_termination,1734,9.349825034269453e-07
conditional-fit-0047,axis4_reasoning_termination,1735,6.298959994712134e-07
conditional-fit-0047,axis4_reasoning_termination,1736,6.279260044887444e-06
conditional-fit-0047,axis4_reasoning_termination,1737,2.071390059409988e-07
conditional-fit-0047,axis4_reasoning_termination,1738,1.0439257014957418e-07
conditional-fit-0047,axis4_reasoning_termination,1739,1.23912476170014e-06
conditional-fit-0047,axis4_reasoning_termination,1740,1.1714679864054948e-06
conditional-fit-0047,axis4_reasoning_termination,1741,3.2718691674177452e-06
conditional-fit-0047,axis4_reasoning_termination,1742,8.459911264034718e-07
conditional-fit-0047,axis4_reasoning_termination,1743,2.25122260467622e-07
conditional-fit-0047,axis4_reasoning_termination,1744,1.1637730286313192e-06
conditional-fit-0047,axis4_reasoning_termination,1745,9.804080264548979e-08
conditional-fit-0047,axis4_reasoning_termination,1746,5.845976894882777e-07
conditional-fit-0047,axis4_reasoning_termination,1747,7.114725308501265e-08
conditional-fit-0047,axis4_reasoning_termination,1748,7.551210973484414e-07
conditional-fit-0047,axis4_reasoning_termination,1749,2.276899492713466e-05
conditional-fit-0047,axis4_reasoning_termination,1750,2.472615174712276e-08
conditional-fit-0047,axis4_reasoning_termination,1751,4.1550654067125676e-07
conditional-fit-0047,axis4_reasoning_termination,1752,6.32882917718799e-06
conditional-fit-0047,axis4_reasoning_termination,1753,1.9653431795461203e-06
conditional-fit-0047,axis4_reasoning_termination,1754,1.311983640054479e-06
conditional-fit-0047,axis4_reasoning_termination,1755,8.17247873952977e-07
conditional-fit-0047,axis4_reasoning_termination,1756,4.987650099906514e-06
conditional-fit-0047,axis4_reasoning_termination,1757,3.1752145669581617e-07
conditional-fit-0047,axis4_reasoning_termination,1758,1.372902877538351e-06
conditional-fit-0047,axis4_reasoning_termination,1759,2.4397121450335403e-07
conditional-fit-0047,axis4_reasoning_termination,1760,3.053179520356183e-05
conditional-fit-0047,axis4_reasoning_termination,1761,2.4521169748566384e-05
conditional-fit-0047,axis4_reasoning_termination,1762,2.792807688280901e-06
conditional-fit-0047,axis4_reasoning_termination,1763,0.013317795500568606
conditional-fit-0047,axis4_reasoning_termination,1764,0.007997606688820949
conditional-fit-0047,axis4_reasoning_termination,1765,0.012355177093884402
conditional-fit-0047,axis4_reasoning_termination,1766,0.0017622118749154037
conditional-fit-0047,axis4_reasoning_termination,1767,0.07326870142655278
conditional-fit-0047,axis4_reasoning_termination,1768,0.003081335536405371
conditional-fit-0047,axis4_reasoning_termination,1769,0.0003158369628343723
conditional-fit-0047,axis4_reasoning_termination,1770,0.062161184032168984
conditional-fit-0047,axis4_reasoning_termination,1771,0.0002745787849121723
conditional-fit-0047,axis4_reasoning_termination,1772,1.349584987008099e-05
conditional-fit-0047,axis4_reasoning_termination,1773,6.039738065599975e-05
conditional-fit-0047,axis4_reasoning_termination,1774,6.613224654247419e-05
conditional-fit-0047,axis4_reasoning_termination,1775,1.9486189758520457e-05
conditional-fit-0047,axis4_reasoning_termination,1776,6.457191572914898e-05
conditional-fit-0047,axis4_reasoning_termination,1777,1.7019058200404132e-05
conditional-fit-0047,axis4_reasoning_termination,1778,8.50592355804521e-06
conditional-fit-0047,axis4_reasoning_termination,1779,1.9306815048796257e-06
conditional-fit-0047,axis4_reasoning_termination,1780,3.200267174021648e-05
conditional-fit-0047,axis4_reasoning_termination,1781,9.538681285272918e-05
conditional-fit-0047,axis4_reasoning_termination,1782,6.805959034496166e-05
conditional-fit-0047,axis4_reasoning_termination,1783,3.9405776008739214e-05
conditional-fit-0047,axis4_reasoning_termination,1784,1.2687212700219586e-06
conditional-fit-0047,axis4_reasoning_termination,1785,0.00013326318626591442
conditional-fit-0047,axis4_reasoning_termination,1786,3.337380323761777e-06
conditional-fit-0047,axis4_reasoning_termination,1787,1.8046683072888504e-05
conditional-fit-0047,axis4_reasoning_termination,1788,0.007162369967604923
conditional-fit-0047,axis4_reasoning_termination,1789,0.0025873510285313065
conditional-fit-0047,axis4_reasoning_termination,1790,0.0032722806534125543
conditional-fit-0047,axis4_reasoning_termination,1791,6.975591084263207e-06
conditional-fit-0047,axis4_reasoning_termination,1792,3.2463857338164565e-06
conditional-fit-0047,axis4_reasoning_termination,1793,2.6786587878260545e-05
conditional-fit-0047,axis4_reasoning_termination,1794,6.169359483961939e-07
conditional-fit-0047,axis4_reasoning_termination,1795,2.104743176372807e-06
conditional-fit-0047,axis4_reasoning_termination,1796,1.056308803229713e-05
conditional-fit-0047,axis4_reasoning_termination,1797,5.427812705529073e-07
conditional-fit-0047,axis4_reasoning_termination,1798,1.7397427713308492e-06
conditional-fit-0047,axis4_reasoning_termination,1799,2.5798286430490362e-05
conditional-fit-0047,axis4_reasoning_termination,1800,1.005746537974784e-05
conditional-fit-0047,axis4_reasoning_termination,1801,1.3544435323895534e-07
conditional-fit-0047,axis4_reasoning_termination,1802,3.7494393790309333e-07
conditional-fit-0047,axis4_reasoning_termination,1803,2.71690793666585e-05
conditional-fit-0047,axis4_reasoning_termination,1804,2.4065898958030158e-05
conditional-fit-0047,axis4_reasoning_termination,1805,5.944863023124833e-05
conditional-fit-0047,axis4_reasoning_termination,1806,0.0006453736527259786
conditional-fit-0047,axis4_reasoning_termination,1807,2.945803992715907e-06
conditional-fit-0047,axis4_reasoning_termination,1808,1.1781824282709368e-06
conditional-fit-0047,axis4_reasoning_termination,1809,8.834440332920135e-08
conditional-fit-0047,axis4_reasoning_termination,1810,1.6975673963216584e-06
conditional-fit-0047,axis4_reasoning_termination,1811,3.8528842606832006e-05
conditional-fit-0047,axis4_reasoning_termination,1812,9.368415561555123e-07
conditional-fit-0047,axis4_reasoning_termination,1813,3.8097611964917846e-07
conditional-fit-0047,axis4_reasoning_termination,1814,5.4998948861101805e-08
conditional-fit-0047,axis4_reasoning_termination,1815,1.1319275334058018e-06
conditional-fit-0047,axis4_reasoning_termination,1816,3.6008158606432993e-06
conditional-fit-0047,axis4_reasoning_termination,1817,8.861726889439225e-06
conditional-fit-0047,axis4_reasoning_termination,1818,1.1047479560535406e-05
conditional-fit-0047,axis4_reasoning_termination,1819,2.2826316690422822e-05
conditional-fit-0047,axis4_reasoning_termination,1820,1.312847589307219e-05
conditional-fit-0047,axis4_reasoning_termination,1821,1.0579017477664008e-05
conditional-fit-0047,axis4_reasoning_termination,1822,3.5390551171981264e-05
conditional-fit-0047,axis4_reasoning_termination,1823,3.982341378047078e-06
conditional-fit-0047,axis4_reasoning_termination,1824,3.6980437159748683e-06
conditional-fit-0047,axis4_reasoning_termination,1825,1.0850070787270034e-05
conditional-fit-0047,axis4_reasoning_termination,1826,7.950809708690227e-06
conditional-fit-0047,axis4_reasoning_termination,1827,0.0001027489816762717
conditional-fit-0047,axis4_reasoning_termination,1828,0.0007022802221699152
conditional-fit-0047,axis4_reasoning_termination,1829,1.5498849193802076e-05
conditional-fit-0047,axis4_reasoning_termination,1830,0.010213287268232727
conditional-fit-0047,axis4_reasoning_termination,1831,0.08189572751452365
conditional-fit-0047,axis4_reasoning_termination,1832,0.004177865112204695
conditional-fit-0047,axis4_reasoning_termination,1833,0.31344546872551615
conditional-fit-0047,axis4_reasoning_termination,1834,0.04485712623807786
conditional-fit-0047,axis4_reasoning_termination,1835,1.2839069588706306e-06
conditional-fit-0047,axis4_reasoning_termination,1836,1.2273744717352621e-05
conditional-fit-0047,axis4_reasoning_termination,1837,1.2041686759995323e-05
conditional-fit-0047,axis4_reasoning_termination,1838,0.004339694064235726
conditional-fit-0047,axis4_reasoning_termination,1839,2.09329842874542e-06
conditional-fit-0047,axis4_reasoning_termination,1840,3.9742094646381195e-08
conditional-fit-0047,axis4_reasoning_termination,1841,2.640679289830093e-06
conditional-fit-0047,axis4_reasoning_termination,1842,2.086949923210249e-06
conditional-fit-0047,axis4_reasoning_termination,1843,1.6370239461634482e-05
conditional-fit-0047,axis4_reasoning_termination,1844,0.0003196025910985526
conditional-fit-0047,axis4_reasoning_termination,1845,0.00025125238895823393
conditional-fit-0047,axis4_reasoning_termination,1846,2.9768242863028044e-06
conditional-fit-0047,axis4_reasoning_termination,1847,4.962007563664701e-07
conditional-fit-0047,axis4_reasoning_termination,1848,2.966311230862741e-05
conditional-fit-0047,axis4_reasoning_termination,1849,5.622422427196956e-07
conditional-fit-0047,axis4_reasoning_termination,1850,5.692492473615404e-06
conditional-fit-0047,axis4_reasoning_termination,1851,1.1244030551061747e-06
conditional-fit-0047,axis4_reasoning_termination,1852,1.0962542996036206e-06
conditional-fit-0047,axis4_reasoning_termination,1853,1.0701655703739406e-07
conditional-fit-0047,axis4_reasoning_termination,1854,3.031818500205117e-06
conditional-fit-0047,axis4_reasoning_termination,1855,8.906205318676881e-09
conditional-fit-0047,axis4_reasoning_termination,1856,3.7080006390989595e-07
conditional-fit-0047,axis4_reasoning_termination,1857,6.633743671703726e-07
conditional-fit-0047,axis4_reasoning_termination,1858,6.222000179463989e-06
conditional-fit-0047,axis4_reasoning_termination,1859,4.637424428136137e-07
conditional-fit-0047,axis4_reasoning_termination,1860,3.477747337615224e-06
conditional-fit-0047,axis4_reasoning_termination,1861,9.923689539928135e-08
conditional-fit-0047,axis4_reasoning_termination,1862,2.9048882266550807e-06
conditional-fit-0047,axis4_reasoning_termination,1863,1.2945032882967196e-07
conditional-fit-0047,axis4_reasoning_termination,1864,1.1128738541255046e-07
conditional-fit-0047,axis4_reasoning_termination,1865,1.3425349566595687e-06
conditional-fit-0047,axis4_reasoning_termination,1866,2.4915417957516383e-06
conditional-fit-0047,axis4_reasoning_termination,1867,7.944360861161002e-05
conditional-fit-0047,axis4_reasoning_termination,1868,4.412959573294333e-06
conditional-fit-0047,axis4_reasoning_termination,1869,0.011462174512275214
conditional-fit-0047,axis4_reasoning_termination,1870,0.014733040260338316
conditional-fit-0047,axis4_reasoning_termination,1871,0.0007877942006753322
conditional-fit-0047,axis4_reasoning_termination,1872,0.1103963142641126
conditional-fit-0047,axis4_reasoning_termination,1873,0.012390042463216372
conditional-fit-0047,axis4_reasoning_termination,1874,6.680160988543326e-07
conditional-fit-0047,axis4_reasoning_termination,1875,4.840791526740206e-06
conditional-fit-0047,axis4_reasoning_termination,1876,8.050861257316218e-07
conditional-fit-0047,axis4_reasoning_termination,1877,0.0017322523951250075
conditional-fit-0047,axis4_reasoning_termination,1878,1.0231642899436141e-06
conditional-fit-0047,axis4_reasoning_termination,1879,1.1667018949919352e-06
conditional-fit-0047,axis4_reasoning_termination,1880,7.939659076893884e-07
conditional-fit-0047,axis4_reasoning_termination,1881,3.917818395264957e-05
conditional-fit-0047,axis4_reasoning_termination,1882,0.0008210242032509266
conditional-fit-0047,axis4_reasoning_termination,1883,8.602534325491634e-05
conditional-fit-0047,axis4_reasoning_termination,1884,3.6448176134269886e-07
conditional-fit-0047,axis4_reasoning_termination,1885,1.972249125099891e-07
conditional-fit-0047,axis4_reasoning_termination,1886,3.58076868495301e-05
conditional-fit-0047,axis4_reasoning_termination,1887,4.609610489761906e-07
conditional-fit-0047,axis4_reasoning_termination,1888,4.4118753599215026e-08
conditional-fit-0047,axis4_reasoning_termination,1889,4.535558701255485e-06
conditional-fit-0047,axis4_reasoning_termination,1890,3.7802691485916645e-08
conditional-fit-0047,axis4_reasoning_termination,1891,4.778874087844137e-07
conditional-fit-0047,axis4_reasoning_termination,1892,2.9384580506017296e-06
conditional-fit-0047,axis4_reasoning_termination,1893,1.9480369051345548e-07
conditional-fit-0047,axis4_reasoning_termination,1894,3.6805896499326934e-06
conditional-fit-0047,axis4_reasoning_termination,1895,1.0160227626999496e-07
conditional-fit-0047,axis4_reasoning_termination,1896,1.3169992470363792e-06
conditional-fit-0047,axis4_reasoning_termination,1897,9.707435297121178e-08
conditional-fit-0047,axis4_reasoning_termination,1898,3.370635096056807e-07
conditional-fit-0047,axis4_reasoning_termination,1899,2.4610740773009554e-06
conditional-fit-0047,axis4_reasoning_termination,1900,2.8435358285219334e-07
conditional-fit-0047,axis4_reasoning_termination,1901,3.747372210263422e-06
conditional-fit-0047,axis4_reasoning_termination,1902,3.881408139999016e-06
conditional-fit-0047,axis4_reasoning_termination,1903,5.539237082205665e-07
conditional-fit-0047,axis4_reasoning_termination,1904,9.386358377908139e-07
conditional-fit-0047,axis4_reasoning_termination,1905,2.685873727413795e-08
conditional-fit-0047,axis4_reasoning_termination,1906,3.3691259348111348e-06
conditional-fit-0047,axis4_reasoning_termination,1907,2.4848854400738823e-06
conditional-fit-0047,axis4_reasoning_termination,1908,5.675603083332265e-06
conditional-fit-0047,axis4_reasoning_termination,1909,3.1027176606118864e-07
conditional-fit-0047,axis4_reasoning_termination,1910,2.2310596618147874e-08
conditional-fit-0047,axis4_reasoning_termination,1911,6.631882776580294e-07
conditional-fit-0047,axis4_reasoning_termination,1912,9.375619803965605e-07
conditional-fit-0047,axis4_reasoning_termination,1913,1.2303050059471028e-06
conditional-fit-0047,axis4_reasoning_termination,1914,2.38706056508629e-06
conditional-fit-0047,axis4_reasoning_termination,1915,1.3222494857213011e-06
conditional-fit-0047,axis4_reasoning_termination,1916,2.2860356512233986e-07
conditional-fit-0047,axis4_reasoning_termination,1917,1.231806130349776e-07
conditional-fit-0047,axis4_reasoning_termination,1918,1.28785592949584e-06
conditional-fit-0047,axis4_reasoning_termination,1919,1.5086843937507254e-06
conditional-fit-0047,axis4_reasoning_termination,1920,1.8904847995432582e-07
conditional-fit-0047,axis4_reasoning_termination,1921,1.208338600336059e-06
conditional-fit-0047,axis4_reasoning_termination,1922,0.00019502028911960942
conditional-fit-0047,axis4_reasoning_termination,1923,1.9350369306786008e-05
conditional-fit-0047,axis4_reasoning_termination,1924,1.6106069151009705e-05
conditional-fit-0047,axis4_reasoning_termination,1925,2.007766005715245e-06
conditional-fit-0047,axis4_reasoning_termination,1926,0.01486702687135821
conditional-fit-0047,axis4_reasoning_termination,1927,0.1545418691085167
conditional-fit-0047,axis4_reasoning_termination,1928,0.0011136634472319919
conditional-fit-0047,axis4_reasoning_termination,1929,0.1545720423480639
conditional-fit-0047,axis4_reasoning_termination,1930,0.01173567691542287
conditional-fit-0047,axis4_reasoning_termination,1931,7.795105664991602e-07
conditional-fit-0047,axis4_reasoning_termination,1932,1.809106799331555e-06
conditional-fit-0047,axis4_reasoning_termination,1933,1.9027648047492894e-06
conditional-fit-0047,axis4_reasoning_termination,1934,0.00218057258274827
conditional-fit-0047,axis4_reasoning_termination,1935,5.674351979147472e-06
conditional-fit-0047,axis4_reasoning_termination,1936,6.5597539350370185e-06
conditional-fit-0047,axis4_reasoning_termination,1937,6.647622796564741e-05
conditional-fit-0047,axis4_reasoning_termination,1938,0.0002057933530593544
conditional-fit-0047,axis4_reasoning_termination,1939,7.124710412159202e-07
conditional-fit-0047,axis4_reasoning_termination,1940,1.3470990656104834e-06
conditional-fit-0047,axis4_reasoning_termination,1941,1.1266363419546942e-05
conditional-fit-0047,axis4_reasoning_termination,1942,4.444166856304088e-08
conditional-fit-0047,axis4_reasoning_termination,1943,3.956021784513912e-07
conditional-fit-0047,axis4_reasoning_termination,1944,3.4505859705312023e-07
conditional-fit-0047,axis4_reasoning_termination,1945,3.218714865989583e-07
conditional-fit-0047,axis4_reasoning_termination,1946,7.167496266266519e-06
conditional-fit-0047,axis4_reasoning_termination,1947,1.3698403805542247e-05
conditional-fit-0047,axis4_reasoning_termination,1948,2.3942418757252527e-06
conditional-fit-0047,axis4_reasoning_termination,1949,1.6142763171495772e-06
conditional-fit-0047,axis4_reasoning_termination,1950,9.279378707617313e-08
conditional-fit-0047,axis4_reasoning_termination,1951,3.295815763487479e-07
conditional-fit-0047,axis4_reasoning_termination,1952,3.711667199355983e-08
conditional-fit-0047,axis4_reasoning_termination,1953,4.664105502095929e-07
conditional-fit-0047,axis4_reasoning_termination,1954,1.0632967368249574e-06
conditional-fit-0047,axis4_reasoning_termination,1955,2.0892390374065363e-06
conditional-fit-0047,axis4_reasoning_termination,1956,1.8189332669616424e-05
conditional-fit-0047,axis4_reasoning_termination,1957,2.0581236199553998e-07
conditional-fit-0047,axis4_reasoning_termination,1958,1.8973745274259177e-06
conditional-fit-0047,axis4_reasoning_termination,1959,5.53893225370586e-07
conditional-fit-0047,axis4_reasoning_termination,1960,5.088539421225206e-07
conditional-fit-0047,axis4_reasoning_termination,1961,1.3352830005350363e-06
conditional-fit-0047,axis4_reasoning_termination,1962,1.9094834374343888e-07
conditional-fit-0047,axis4_reasoning_termination,1963,4.947607324947407e-07
conditional-fit-0047,axis4_reasoning_termination,1964,7.729002803597064e-05
conditional-fit-0047,axis4_reasoning_termination,1965,6.93871186745685e-08
conditional-fit-0047,axis4_reasoning_termination,1966,1.3672260638052198e-07
conditional-fit-0047,axis4_reasoning_termination,1967,8.52917430490951e-08
conditional-fit-0047,axis4_reasoning_termination,1968,4.273387966267982e-07
conditional-fit-0047,axis4_reasoning_termination,1969,1.5877077729207338e-06
conditional-fit-0047,axis4_reasoning_termination,1970,3.2179821818132485e-07
conditional-fit-0047,axis4_reasoning_termination,1971,1.6513660828298193e-06
conditional-fit-0047,axis4_reasoning_termination,1972,1.058623629997699e-06
conditional-fit-0047,axis4_reasoning_termination,1973,2.105683059756058e-06
conditional-fit-0047,axis4_reasoning_termination,1974,1.2797626383856182e-05
conditional-fit-0047,axis4_reasoning_termination,1975,6.852291030050896e-07
conditional-fit-0047,axis4_reasoning_termination,1976,5.385893560783329e-07
conditional-fit-0047,axis4_reasoning_termination,1977,1.6684240102892358e-06
conditional-fit-0047,axis4_reasoning_termination,1978,1.1551600182611559e-07
conditional-fit-0047,axis4_reasoning_termination,1979,1.1876553476112702e-06
conditional-fit-0047,axis4_reasoning_termination,1980,1.5957449329858736e-07
conditional-fit-0047,axis4_reasoning_termination,1981,3.922954304425909e-06
conditional-fit-0047,axis4_reasoning_termination,1982,6.3308185746719295e-06
conditional-fit-0047,axis4_reasoning_termination,1983,4.145289257455216e-08
conditional-fit-0047,axis4_reasoning_termination,1984,2.774387186421539e-08
conditional-fit-0047,axis4_reasoning_termination,1985,5.575803456726073e-06
conditional-fit-0047,axis4_reasoning_termination,1986,1.831887290294494e-06
conditional-fit-0047,axis4_reasoning_termination,1987,2.2883796281107833e-07
conditional-fit-0047,axis4_reasoning_termination,1988,4.828220024265159e-07
conditional-fit-0047,axis4_reasoning_termination,1989,6.4584798214461564e-06
conditional-fit-0047,axis4_reasoning_termination,1990,2.530618604528681e-07
conditional-fit-0047,axis4_reasoning_termination,1991,1.610055320314755e-06
conditional-fit-0047,axis4_reasoning_termination,1992,3.4783135265349036e-07
conditional-fit-0047,axis4_reasoning_termination,1993,3.4978125666467933e-06
conditional-fit-0047,axis4_reasoning_termination,1994,0.00013082563666164687
conditional-fit-0047,axis4_reasoning_termination,1995,2.3546303797025474e-06
conditional-fit-0047,axis4_reasoning_termination,1996,0.007192886681382449
conditional-fit-0047,axis4_reasoning_termination,1997,0.029941393142976107
conditional-fit-0047,axis4_reasoning_termination,1998,3.51173950607173e-05
conditional-fit-0047,axis4_reasoning_termination,1999,0.08770825964597523
conditional-fit-0047,axis4_reasoning_termination,2000,0.005720229546157654
conditional-fit-0047,axis4_reasoning_termination,2001,6.475899969871724e-07
conditional-fit-0047,axis4_reasoning_termination,2002,3.912778774267203e-06
conditional-fit-0047,axis4_reasoning_termination,2003,6.185109449170178e-07
conditional-fit-0047,axis4_reasoning_termination,2004,0.0021931657462339795
conditional-fit-0047,axis4_reasoning_termination,2005,8.740353675123767e-07
conditional-fit-0047,axis4_reasoning_termination,2006,4.538995608757759e-06
conditional-fit-0047,axis4_reasoning_termination,2007,2.0973134621927616e-06
conditional-fit-0047,axis4_reasoning_termination,2008,1.2877769203510227e-07
conditional-fit-0047,axis4_reasoning_termination,2009,2.300537129799521e-06
conditional-fit-0047,axis4_reasoning_termination,2010,9.553601024695238e-05
conditional-fit-0047,axis4_reasoning_termination,2011,0.0002608346797730749
conditional-fit-0047,axis4_reasoning_termination,2012,7.566459143380427e-05
conditional-fit-0047,axis4_reasoning_termination,2013,5.96558034000703e-07
conditional-fit-0047,axis4_reasoning_termination,2014,1.2165688188487909e-06
conditional-fit-0047,axis4_reasoning_termination,2015,9.657452472934314e-06
conditional-fit-0047,axis4_reasoning_termination,2016,7.5359307704271e-08
conditional-fit-0047,axis4_reasoning_termination,2017,5.897499138741266e-08
conditional-fit-0047,axis4_reasoning_termination,2018,9.335154434609653e-07
conditional-fit-0047,axis4_reasoning_termination,2019,9.365828454093619e-06
conditional-fit-0047,axis4_reasoning_termination,2020,1.6469667466004542e-06
conditional-fit-0047,axis4_reasoning_termination,2021,7.815376555263941e-07
conditional-fit-0047,axis4_reasoning_termination,2022,6.144764955810254e-06
conditional-fit-0047,axis4_reasoning_termination,2023,3.856446340124055e-06
conditional-fit-0047,axis4_reasoning_termination,2024,8.992518686216207e-07
conditional-fit-0047,axis4_reasoning_termination,2025,7.299476997780185e-07
conditional-fit-0047,axis4_reasoning_termination,2026,1.5013191820038322e-06
conditional-fit-0047,axis4_reasoning_termination,2027,5.303436114033747e-07
conditional-fit-0047,axis4_reasoning_termination,2028,1.4747653873375875e-06
conditional-fit-0047,axis4_reasoning_termination,2029,6.133135556635976e-07
conditional-fit-0047,axis4_reasoning_termination,2030,4.4574086349351573e-07
conditional-fit-0047,axis4_reasoning_termination,2031,3.599487125072754e-07
conditional-fit-0047,axis4_reasoning_termination,2032,8.888843710098244e-08
conditional-fit-0047,axis4_reasoning_termination,2033,2.4143086392549575e-07
conditional-fit-0047,axis4_reasoning_termination,2034,9.91659314322992e-06
conditional-fit-0047,axis4_reasoning_termination,2035,2.1982253224684355e-07
conditional-fit-0047,axis4_reasoning_termination,2036,1.817974046275316e-06
conditional-fit-0047,axis4_reasoning_termination,2037,1.398392231570183e-05
conditional-fit-0047,axis4_reasoning_termination,2038,1.4057546088169324e-06
conditional-fit-0047,axis4_reasoning_termination,2039,2.7917800485906197e-06
conditional-fit-0047,axis4_reasoning_termination,2040,2.128983402332785e-06
conditional-fit-0047,axis4_reasoning_termination,2041,5.828812435954502e-06
conditional-fit-0047,axis4_reasoning_termination,2042,2.830886864391103e-05
conditional-fit-0047,axis4_reasoning_termination,2043,2.1947186865373083e-06
conditional-fit-0047,axis4_reasoning_termination,2044,0.014162086489667925
conditional-fit-0047,axis4_reasoning_termination,2045,0.0347583825935799
conditional-fit-0047,axis4_reasoning_termination,2046,0.0002535221083231975
