window_id,domain,pos,kld
conditional-fit-0083,axis2_legal,0,13.15711834863723
conditional-fit-0083,axis2_legal,1,0.28603195006087606
conditional-fit-0083,axis2_legal,2,0.236192967848448
conditional-fit-0083,axis2_legal,3,0.08760391769393451
conditional-fit-0083,axis2_legal,4,0.274261094078635
conditional-fit-0083,axis2_legal,5,0.48881716527628616
conditional-fit-0083,axis2_legal,6,0.009443798850654831
conditional-fit-0083,axis2_legal,7,0.21489241421324723
conditional-fit-0083,axis2_legal,8,0.11938152415875053
conditional-fit-0083,axis2_legal,9,0.08892074214274602
conditional-fit-0083,axis2_legal,10,0.5587269349835976
conditional-fit-0083,axis2_legal,11,0.03445383357701881
conditional-fit-0083,axis2_legal,12,0.11418970692728597
conditional-fit-0083,axis2_legal,13,0.041874467775375214
conditional-fit-0083,axis2_legal,14,0.0877517081154808
conditional-fit-0083,axis2_legal,15,0.03036860133898418
conditional-fit-0083,axis2_legal,16,0.03905856917251426
conditional-fit-0083,axis2_legal,17,0.13385571730408957
conditional-fit-0083,axis2_legal,18,0.01888306281033096
conditional-fit-0083,axis2_legal,19,0.14035581844972606
conditional-fit-0083,axis2_legal,20,0.03257799040306582
conditional-fit-0083,axis2_legal,21,0.03584456402943019
conditional-fit-0083,axis2_legal,22,0.04261971312892113
conditional-fit-0083,axis2_legal,23,0.04988054349565958
conditional-fit-0083,axis2_legal,24,0.02437145854378378
conditional-fit-0083,axis2_legal,25,0.0162082189381454
conditional-fit-0083,axis2_legal,26,0.012103497094545473
conditional-fit-0083,axis2_legal,27,0.011953204634102836
conditional-fit-0083,axis2_legal,28,0.00036960577868853104
conditional-fit-0083,axis2_legal,29,0.005144600906658425
conditional-fit-0083,axis2_legal,30,0.006277473984669542
conditional-fit-0083,axis2_legal,31,0.0009411035856825186
conditional-fit-0083,axis2_legal,32,0.038191158943317274
conditional-fit-0083,axis2_legal,33,0.012101701916268172
conditional-fit-0083,axis2_legal,34,0.04046271652139861
conditional-fit-0083,axis2_legal,35,0.053655860676257466
conditional-fit-0083,axis2_legal,36,0.04712185704847616
conditional-fit-0083,axis2_legal,37,0.05370415624574515
conditional-fit-0083,axis2_legal,38,0.00022143736548941244
conditional-fit-0083,axis2_legal,39,0.025144520341323764
conditional-fit-0083,axis2_legal,40,0.06326447314515538
conditional-fit-0083,axis2_legal,41,0.11481801301066326
conditional-fit-0083,axis2_legal,42,0.11385430167618615
conditional-fit-0083,axis2_legal,43,0.04548776926044362
conditional-fit-0083,axis2_legal,44,0.07305568351169026
conditional-fit-0083,axis2_legal,45,0.005790145370002915
conditional-fit-0083,axis2_legal,46,0.0678419070240211
conditional-fit-0083,axis2_legal,47,0.12024752184034493
conditional-fit-0083,axis2_legal,48,0.11146865934439844
conditional-fit-0083,axis2_legal,49,0.13413807871315042
conditional-fit-0083,axis2_legal,50,0.03983303061363146
conditional-fit-0083,axis2_legal,51,0.06633146308004387
conditional-fit-0083,axis2_legal,52,0.012950281227942149
conditional-fit-0083,axis2_legal,53,0.02641164685018441
conditional-fit-0083,axis2_legal,54,0.05023969166809704
conditional-fit-0083,axis2_legal,55,0.03015053981375344
conditional-fit-0083,axis2_legal,56,0.03226052760147047
conditional-fit-0083,axis2_legal,57,0.11819347720575418
conditional-fit-0083,axis2_legal,58,0.10136179053397455
conditional-fit-0083,axis2_legal,59,0.04119379292552896
conditional-fit-0083,axis2_legal,60,0.0004280035618242006
conditional-fit-0083,axis2_legal,61,0.104623437611298
conditional-fit-0083,axis2_legal,62,0.022155939807099113
conditional-fit-0083,axis2_legal,63,0.012982988217232516
conditional-fit-0083,axis2_legal,64,0.05325483035030311
conditional-fit-0083,axis2_legal,65,0.08800275163600577
conditional-fit-0083,axis2_legal,66,0.016361415133819727
conditional-fit-0083,axis2_legal,67,0.01967514567426844
conditional-fit-0083,axis2_legal,68,0.08076387578978254
conditional-fit-0083,axis2_legal,69,0.06717692942654656
conditional-fit-0083,axis2_legal,70,0.05664563351410194
conditional-fit-0083,axis2_legal,71,0.07728363829604956
conditional-fit-0083,axis2_legal,72,0.09567699368294316
conditional-fit-0083,axis2_legal,73,0.2100382195931691
conditional-fit-0083,axis2_legal,74,0.14315155058688733
conditional-fit-0083,axis2_legal,75,0.06517459524576365
conditional-fit-0083,axis2_legal,76,0.02528457575982779
conditional-fit-0083,axis2_legal,77,0.022967042015161802
conditional-fit-0083,axis2_legal,78,0.09053402109087091
conditional-fit-0083,axis2_legal,79,0.14461903352104016
conditional-fit-0083,axis2_legal,80,0.12377035352404267
conditional-fit-0083,axis2_legal,81,0.5691394157308901
conditional-fit-0083,axis2_legal,82,0.2387786169294152
conditional-fit-0083,axis2_legal,83,0.03906051266647405
conditional-fit-0083,axis2_legal,84,0.016091058273781104
conditional-fit-0083,axis2_legal,85,0.017217274224703087
conditional-fit-0083,axis2_legal,86,0.31714833620989463
conditional-fit-0083,axis2_legal,87,0.027057277440032886
conditional-fit-0083,axis2_legal,88,0.034483816619813173
conditional-fit-0083,axis2_legal,89,0.07868875182473721
conditional-fit-0083,axis2_legal,90,0.05600690781689395
conditional-fit-0083,axis2_legal,91,0.127216883789194
conditional-fit-0083,axis2_legal,92,0.12794765984673132
conditional-fit-0083,axis2_legal,93,0.023819014341234738
conditional-fit-0083,axis2_legal,94,0.06079788350023671
conditional-fit-0083,axis2_legal,95,0.18173391097767583
conditional-fit-0083,axis2_legal,96,0.08572183495708297
conditional-fit-0083,axis2_legal,97,0.22161107307263156
conditional-fit-0083,axis2_legal,98,0.0009910824375898063
conditional-fit-0083,axis2_legal,99,0.03882638823392753
conditional-fit-0083,axis2_legal,100,0.12685821712935919
conditional-fit-0083,axis2_legal,101,0.06115554762967145
conditional-fit-0083,axis2_legal,102,0.0018684625854044129
conditional-fit-0083,axis2_legal,103,0.08294769575847635
conditional-fit-0083,axis2_legal,104,0.010369745771517723
conditional-fit-0083,axis2_legal,105,0.04552152589767252
conditional-fit-0083,axis2_legal,106,0.0010120075010952604
conditional-fit-0083,axis2_legal,107,0.0016396034247862304
conditional-fit-0083,axis2_legal,108,0.0035299686814179443
conditional-fit-0083,axis2_legal,109,1.4456764925208416
conditional-fit-0083,axis2_legal,110,0.1769922760468452
conditional-fit-0083,axis2_legal,111,0.142705593755841
conditional-fit-0083,axis2_legal,112,0.0002339501794841339
conditional-fit-0083,axis2_legal,113,0.0011277516192825716
conditional-fit-0083,axis2_legal,114,0.060783280657904684
conditional-fit-0083,axis2_legal,115,0.25499903005905933
conditional-fit-0083,axis2_legal,116,0.1518322637789053
conditional-fit-0083,axis2_legal,117,0.35739344585481614
conditional-fit-0083,axis2_legal,118,8.002153763984818e-05
conditional-fit-0083,axis2_legal,119,0.002586250011698169
conditional-fit-0083,axis2_legal,120,0.07128129473737954
conditional-fit-0083,axis2_legal,121,0.07099862721899776
conditional-fit-0083,axis2_legal,122,0.0065557148656297335
conditional-fit-0083,axis2_legal,123,0.0009259736854589979
conditional-fit-0083,axis2_legal,124,0.0012695017013104391
conditional-fit-0083,axis2_legal,125,0.011999804537542522
conditional-fit-0083,axis2_legal,126,0.0005558277521924369
conditional-fit-0083,axis2_legal,127,0.0004954925836393345
conditional-fit-0083,axis2_legal,128,0.07863786637727646
conditional-fit-0083,axis2_legal,129,0.007390417090504196
conditional-fit-0083,axis2_legal,130,0.18359769527736944
conditional-fit-0083,axis2_legal,131,0.0016292529476869392
conditional-fit-0083,axis2_legal,132,0.0010132070217014895
conditional-fit-0083,axis2_legal,133,0.02037799854244487
conditional-fit-0083,axis2_legal,134,0.02936835517267801
conditional-fit-0083,axis2_legal,135,0.012590261321100409
conditional-fit-0083,axis2_legal,136,0.052093785272335096
conditional-fit-0083,axis2_legal,137,0.00010412089773365036
conditional-fit-0083,axis2_legal,138,5.590627249265129e-05
conditional-fit-0083,axis2_legal,139,0.000539308147336116
conditional-fit-0083,axis2_legal,140,7.70702485695233e-05
conditional-fit-0083,axis2_legal,141,4.051924519915849e-05
conditional-fit-0083,axis2_legal,142,0.0001842862007628453
conditional-fit-0083,axis2_legal,143,0.005139978791621296
conditional-fit-0083,axis2_legal,144,0.0007145657087514401
conditional-fit-0083,axis2_legal,145,0.0008933597370911358
conditional-fit-0083,axis2_legal,146,0.0020016384782386536
conditional-fit-0083,axis2_legal,147,0.0005056171508917703
conditional-fit-0083,axis2_legal,148,0.00031092852548668566
conditional-fit-0083,axis2_legal,149,0.0007455818873650014
conditional-fit-0083,axis2_legal,150,0.0005621605508957035
conditional-fit-0083,axis2_legal,151,0.0016397877658091637
conditional-fit-0083,axis2_legal,152,0.00024553649632031837
conditional-fit-0083,axis2_legal,153,0.0005002149527338054
conditional-fit-0083,axis2_legal,154,5.767200686246429e-05
conditional-fit-0083,axis2_legal,155,0.4663347567209403
conditional-fit-0083,axis2_legal,156,0.0043684732621971315
conditional-fit-0083,axis2_legal,157,0.004257392434539018
conditional-fit-0083,axis2_legal,158,0.0002703154663042508
conditional-fit-0083,axis2_legal,159,3.626411301710395e-05
conditional-fit-0083,axis2_legal,160,0.00020102487673116773
conditional-fit-0083,axis2_legal,161,0.0005293600838710895
conditional-fit-0083,axis2_legal,162,0.0002071140317098961
conditional-fit-0083,axis2_legal,163,9.603005639053958e-05
conditional-fit-0083,axis2_legal,164,0.0003504861617445032
conditional-fit-0083,axis2_legal,165,0.006654473238254976
conditional-fit-0083,axis2_legal,166,0.002555946579121586
conditional-fit-0083,axis2_legal,167,0.043151588766248986
conditional-fit-0083,axis2_legal,168,0.0010802205796049621
conditional-fit-0083,axis2_legal,169,0.005963067770158164
conditional-fit-0083,axis2_legal,170,0.0073305001258430905
conditional-fit-0083,axis2_legal,171,0.0011370451544822034
conditional-fit-0083,axis2_legal,172,0.0003224357272613738
conditional-fit-0083,axis2_legal,173,0.0005722005955859285
conditional-fit-0083,axis2_legal,174,0.2988379868594651
conditional-fit-0083,axis2_legal,175,0.2655109105343244
conditional-fit-0083,axis2_legal,176,0.06932070854050817
conditional-fit-0083,axis2_legal,177,0.014039606765281785
conditional-fit-0083,axis2_legal,178,0.08599123962865766
conditional-fit-0083,axis2_legal,179,0.13147019805961024
conditional-fit-0083,axis2_legal,180,0.056847832378677535
conditional-fit-0083,axis2_legal,181,0.18619057810962658
conditional-fit-0083,axis2_legal,182,0.0010019688070121513
conditional-fit-0083,axis2_legal,183,0.01951351162644154
conditional-fit-0083,axis2_legal,184,0.2583304454877098
conditional-fit-0083,axis2_legal,185,0.16392732715583302
conditional-fit-0083,axis2_legal,186,0.006558531460881029
conditional-fit-0083,axis2_legal,187,0.06265609855878476
conditional-fit-0083,axis2_legal,188,0.23756719776166899
conditional-fit-0083,axis2_legal,189,0.002391909624512163
conditional-fit-0083,axis2_legal,190,0.000901894979338324
conditional-fit-0083,axis2_legal,191,0.02801019806834852
conditional-fit-0083,axis2_legal,192,0.0014967159575393467
conditional-fit-0083,axis2_legal,193,0.0011685138287507498
conditional-fit-0083,axis2_legal,194,0.0005147934220970143
conditional-fit-0083,axis2_legal,195,0.3020709954543527
conditional-fit-0083,axis2_legal,196,0.26694385107788987
conditional-fit-0083,axis2_legal,197,0.0018924583547570892
conditional-fit-0083,axis2_legal,198,0.009869267457238828
conditional-fit-0083,axis2_legal,199,0.002813608931852785
conditional-fit-0083,axis2_legal,200,0.0019217087995125138
conditional-fit-0083,axis2_legal,201,0.04636052000242918
conditional-fit-0083,axis2_legal,202,0.00013681768902583204
conditional-fit-0083,axis2_legal,203,0.02182821061532025
conditional-fit-0083,axis2_legal,204,0.005677875403755583
conditional-fit-0083,axis2_legal,205,0.0013300700677831938
conditional-fit-0083,axis2_legal,206,0.009438099929008101
conditional-fit-0083,axis2_legal,207,0.0010487120501300395
conditional-fit-0083,axis2_legal,208,0.0017052711865626394
conditional-fit-0083,axis2_legal,209,0.15278960535391026
conditional-fit-0083,axis2_legal,210,0.3581321237329406
conditional-fit-0083,axis2_legal,211,0.014567805613168087
conditional-fit-0083,axis2_legal,212,0.02412220547689288
conditional-fit-0083,axis2_legal,213,0.00032916608813165214
conditional-fit-0083,axis2_legal,214,0.0005267323976184524
conditional-fit-0083,axis2_legal,215,0.005199134578470587
conditional-fit-0083,axis2_legal,216,0.0009813868444458528
conditional-fit-0083,axis2_legal,217,5.397093233367695e-05
conditional-fit-0083,axis2_legal,218,0.00138828233485448
conditional-fit-0083,axis2_legal,219,0.00040828135689888043
conditional-fit-0083,axis2_legal,220,0.0012693152575190103
conditional-fit-0083,axis2_legal,221,0.001952215982518639
conditional-fit-0083,axis2_legal,222,0.00011884954464483786
conditional-fit-0083,axis2_legal,223,0.0004905253826695518
conditional-fit-0083,axis2_legal,224,0.0009689378996422537
conditional-fit-0083,axis2_legal,225,0.0016232050943805795
conditional-fit-0083,axis2_legal,226,0.0067657808774993075
conditional-fit-0083,axis2_legal,227,7.675170728803605e-05
conditional-fit-0083,axis2_legal,228,0.00014051916591398123
conditional-fit-0083,axis2_legal,229,0.00014021893162120938
conditional-fit-0083,axis2_legal,230,0.009367886097719528
conditional-fit-0083,axis2_legal,231,0.008082444250784544
conditional-fit-0083,axis2_legal,232,0.0011805207316940827
conditional-fit-0083,axis2_legal,233,0.000290911958896048
conditional-fit-0083,axis2_legal,234,0.00038197773056712587
conditional-fit-0083,axis2_legal,235,7.59900203513887e-05
conditional-fit-0083,axis2_legal,236,1.6993514524640814e-05
conditional-fit-0083,axis2_legal,237,0.00038767026126755756
conditional-fit-0083,axis2_legal,238,0.0007333487860370127
conditional-fit-0083,axis2_legal,239,0.0017249994986796116
conditional-fit-0083,axis2_legal,240,0.000652560976798033
conditional-fit-0083,axis2_legal,241,0.0003222843346499959
conditional-fit-0083,axis2_legal,242,0.00011809446009545442
conditional-fit-0083,axis2_legal,243,9.1395734579533e-05
conditional-fit-0083,axis2_legal,244,0.0004863747090887577
conditional-fit-0083,axis2_legal,245,0.0005632325886226508
conditional-fit-0083,axis2_legal,246,6.788158354670667e-05
conditional-fit-0083,axis2_legal,247,0.00022524769591918432
conditional-fit-0083,axis2_legal,248,0.00016255154399397414
conditional-fit-0083,axis2_legal,249,0.0005495630168182422
conditional-fit-0083,axis2_legal,250,0.0024170315803270477
conditional-fit-0083,axis2_legal,251,0.0010626470107492258
conditional-fit-0083,axis2_legal,252,5.8547586331194677e-05
conditional-fit-0083,axis2_legal,253,1.56520716677457e-05
conditional-fit-0083,axis2_legal,254,7.621389424718735e-05
conditional-fit-0083,axis2_legal,255,0.00016111209299193434
conditional-fit-0083,axis2_legal,256,2.85969346509957e-05
conditional-fit-0083,axis2_legal,257,5.7222312985881775e-05
conditional-fit-0083,axis2_legal,258,0.0005834576957798477
conditional-fit-0083,axis2_legal,259,0.0004188949646958055
conditional-fit-0083,axis2_legal,260,0.0001842514490351111
conditional-fit-0083,axis2_legal,261,0.0006183717411976598
conditional-fit-0083,axis2_legal,262,0.00014200443132585938
conditional-fit-0083,axis2_legal,263,3.7328907498495234e-05
conditional-fit-0083,axis2_legal,264,6.364321020810693e-05
conditional-fit-0083,axis2_legal,265,0.00039456540328295633
conditional-fit-0083,axis2_legal,266,0.00013363546406641423
conditional-fit-0083,axis2_legal,267,0.00020500251519999673
conditional-fit-0083,axis2_legal,268,0.0010553641226241331
conditional-fit-0083,axis2_legal,269,4.4859247040191145e-05
conditional-fit-0083,axis2_legal,270,0.0049909936190554996
conditional-fit-0083,axis2_legal,271,0.003544410080092292
conditional-fit-0083,axis2_legal,272,0.006452639138108497
conditional-fit-0083,axis2_legal,273,0.0002938994450744858
conditional-fit-0083,axis2_legal,274,3.272841110990283e-05
conditional-fit-0083,axis2_legal,275,0.0002722925541947179
conditional-fit-0083,axis2_legal,276,0.00032221697195697856
conditional-fit-0083,axis2_legal,277,9.101186008903413e-05
conditional-fit-0083,axis2_legal,278,1.6385221835057973e-05
conditional-fit-0083,axis2_legal,279,8.129832676016212e-05
conditional-fit-0083,axis2_legal,280,0.0009127627915574592
conditional-fit-0083,axis2_legal,281,0.0005572030494757319
conditional-fit-0083,axis2_legal,282,0.0002660093210582708
conditional-fit-0083,axis2_legal,283,0.0007610548772252451
conditional-fit-0083,axis2_legal,284,0.00013616160067023137
conditional-fit-0083,axis2_legal,285,0.00014998339149629704
conditional-fit-0083,axis2_legal,286,0.0004772256635909198
conditional-fit-0083,axis2_legal,287,0.0001903340009360665
conditional-fit-0083,axis2_legal,288,8.948889794653152e-05
conditional-fit-0083,axis2_legal,289,0.00015418423169172703
conditional-fit-0083,axis2_legal,290,1.0390206937094985e-05
conditional-fit-0083,axis2_legal,291,0.0004971134247929855
conditional-fit-0083,axis2_legal,292,0.00012925050168633464
conditional-fit-0083,axis2_legal,293,0.00042919006583935196
conditional-fit-0083,axis2_legal,294,0.11891027383437135
conditional-fit-0083,axis2_legal,295,0.40412101116776133
conditional-fit-0083,axis2_legal,296,0.045405279875174474
conditional-fit-0083,axis2_legal,297,0.06213283247393593
conditional-fit-0083,axis2_legal,298,0.24159245822360426
conditional-fit-0083,axis2_legal,299,0.13876453095945318
conditional-fit-0083,axis2_legal,300,0.06572997961511007
conditional-fit-0083,axis2_legal,301,0.10550495386234154
conditional-fit-0083,axis2_legal,302,0.15114520168931392
conditional-fit-0083,axis2_legal,303,0.14949469193270185
conditional-fit-0083,axis2_legal,304,0.0035425299875376983
conditional-fit-0083,axis2_legal,305,0.12989939392024347
conditional-fit-0083,axis2_legal,306,0.2775860075862028
conditional-fit-0083,axis2_legal,307,0.0611181313146932
conditional-fit-0083,axis2_legal,308,0.08866283445880957
conditional-fit-0083,axis2_legal,309,0.006666294376908563
conditional-fit-0083,axis2_legal,310,0.16898397752689637
conditional-fit-0083,axis2_legal,311,0.06016468561465178
conditional-fit-0083,axis2_legal,312,0.08825189223116339
conditional-fit-0083,axis2_legal,313,0.072713604143749
conditional-fit-0083,axis2_legal,314,0.03511939881624303
conditional-fit-0083,axis2_legal,315,0.024493178732748887
conditional-fit-0083,axis2_legal,316,0.0035863312606490725
conditional-fit-0083,axis2_legal,317,0.008403444439820041
conditional-fit-0083,axis2_legal,318,0.03707683313869076
conditional-fit-0083,axis2_legal,319,0.11125210912390807
conditional-fit-0083,axis2_legal,320,0.0489664133348455
conditional-fit-0083,axis2_legal,321,0.08182534541197514
conditional-fit-0083,axis2_legal,322,0.11968467542759026
conditional-fit-0083,axis2_legal,323,0.0009412792479089913
conditional-fit-0083,axis2_legal,324,0.09365799660857457
conditional-fit-0083,axis2_legal,325,0.14708791099321455
conditional-fit-0083,axis2_legal,326,0.0030812752647702236
conditional-fit-0083,axis2_legal,327,0.043303957054181705
conditional-fit-0083,axis2_legal,328,0.19911546177921347
conditional-fit-0083,axis2_legal,329,2.064363879170942e-05
conditional-fit-0083,axis2_legal,330,0.10903838427696197
conditional-fit-0083,axis2_legal,331,0.008918570739264022
conditional-fit-0083,axis2_legal,332,0.19324273109060777
conditional-fit-0083,axis2_legal,333,0.04924954078455154
conditional-fit-0083,axis2_legal,334,0.07616508899769939
conditional-fit-0083,axis2_legal,335,0.03606310544335822
conditional-fit-0083,axis2_legal,336,0.05117214420970832
conditional-fit-0083,axis2_legal,337,0.004946789165674332
conditional-fit-0083,axis2_legal,338,0.13562008072212323
conditional-fit-0083,axis2_legal,339,0.6547441360922509
conditional-fit-0083,axis2_legal,340,0.046449901030105586
conditional-fit-0083,axis2_legal,341,0.03679178601337749
conditional-fit-0083,axis2_legal,342,0.08196460126181725
conditional-fit-0083,axis2_legal,343,0.10516894668915261
conditional-fit-0083,axis2_legal,344,0.004992557700929129
conditional-fit-0083,axis2_legal,345,0.04623712066380034
conditional-fit-0083,axis2_legal,346,0.0013054712267879325
conditional-fit-0083,axis2_legal,347,0.0066139890903455885
conditional-fit-0083,axis2_legal,348,0.046736249516114235
conditional-fit-0083,axis2_legal,349,0.02577183031480156
conditional-fit-0083,axis2_legal,350,0.04995000899926576
conditional-fit-0083,axis2_legal,351,0.08786150739687884
conditional-fit-0083,axis2_legal,352,0.034595147721091575
conditional-fit-0083,axis2_legal,353,0.21323710989539485
conditional-fit-0083,axis2_legal,354,0.0018908110508610626
conditional-fit-0083,axis2_legal,355,0.05804243093122956
conditional-fit-0083,axis2_legal,356,0.10559777622865252
conditional-fit-0083,axis2_legal,357,0.02233089465644451
conditional-fit-0083,axis2_legal,358,0.04855806009411459
conditional-fit-0083,axis2_legal,359,0.0649484900908328
conditional-fit-0083,axis2_legal,360,0.04235207030054468
conditional-fit-0083,axis2_legal,361,0.028472812081845603
conditional-fit-0083,axis2_legal,362,0.16282897027106014
conditional-fit-0083,axis2_legal,363,0.07604462213604471
conditional-fit-0083,axis2_legal,364,0.11052724840533008
conditional-fit-0083,axis2_legal,365,0.06176370489325196
conditional-fit-0083,axis2_legal,366,0.03594965587381962
conditional-fit-0083,axis2_legal,367,0.07960770183220861
conditional-fit-0083,axis2_legal,368,0.04261349888992687
conditional-fit-0083,axis2_legal,369,0.09985491683317685
conditional-fit-0083,axis2_legal,370,0.054047645535697915
conditional-fit-0083,axis2_legal,371,0.06381856420713748
conditional-fit-0083,axis2_legal,372,2.503670697654744e-05
conditional-fit-0083,axis2_legal,373,0.0324227625318776
conditional-fit-0083,axis2_legal,374,0.016255526679959772
conditional-fit-0083,axis2_legal,375,0.034448828426566616
conditional-fit-0083,axis2_legal,376,0.03862537424828491
conditional-fit-0083,axis2_legal,377,0.07138737470808061
conditional-fit-0083,axis2_legal,378,0.0986295941215479
conditional-fit-0083,axis2_legal,379,0.0077772828496259095
conditional-fit-0083,axis2_legal,380,0.004550509821482221
conditional-fit-0083,axis2_legal,381,0.012820168282895965
conditional-fit-0083,axis2_legal,382,0.02694954368633099
conditional-fit-0083,axis2_legal,383,0.017576013676152136
conditional-fit-0083,axis2_legal,384,0.009104115023356198
conditional-fit-0083,axis2_legal,385,0.04024757358122964
conditional-fit-0083,axis2_legal,386,0.0290585688405302
conditional-fit-0083,axis2_legal,387,0.06717118379230212
conditional-fit-0083,axis2_legal,388,0.060840027229389367
conditional-fit-0083,axis2_legal,389,0.0007784400216178934
conditional-fit-0083,axis2_legal,390,0.022293031653727147
conditional-fit-0083,axis2_legal,391,0.05714808928010624
conditional-fit-0083,axis2_legal,392,0.049807382086965
conditional-fit-0083,axis2_legal,393,0.09637307317259751
conditional-fit-0083,axis2_legal,394,0.03727770985712614
conditional-fit-0083,axis2_legal,395,0.05041482405108376
conditional-fit-0083,axis2_legal,396,0.1026162128481725
conditional-fit-0083,axis2_legal,397,0.040917182323114844
conditional-fit-0083,axis2_legal,398,0.052267807634233665
conditional-fit-0083,axis2_legal,399,0.09241712091182064
conditional-fit-0083,axis2_legal,400,0.014380067315922397
conditional-fit-0083,axis2_legal,401,0.03702095977833044
conditional-fit-0083,axis2_legal,402,0.0615370728700406
conditional-fit-0083,axis2_legal,403,0.13914633643310018
conditional-fit-0083,axis2_legal,404,0.20288896158741782
conditional-fit-0083,axis2_legal,405,0.09029669205046599
conditional-fit-0083,axis2_legal,406,0.07989113340674825
conditional-fit-0083,axis2_legal,407,0.0795060180624273
conditional-fit-0083,axis2_legal,408,0.3089371485285935
conditional-fit-0083,axis2_legal,409,0.20848980700344696
conditional-fit-0083,axis2_legal,410,0.026284083861971133
conditional-fit-0083,axis2_legal,411,0.049752274264616085
conditional-fit-0083,axis2_legal,412,0.045391947078504274
conditional-fit-0083,axis2_legal,413,0.13750875819747496
conditional-fit-0083,axis2_legal,414,0.014519465082298615
conditional-fit-0083,axis2_legal,415,0.0336859244776546
conditional-fit-0083,axis2_legal,416,0.025954090400378188
conditional-fit-0083,axis2_legal,417,0.03751242302417177
conditional-fit-0083,axis2_legal,418,0.03201532573209852
conditional-fit-0083,axis2_legal,419,0.01740223284986423
conditional-fit-0083,axis2_legal,420,0.011199282130352529
conditional-fit-0083,axis2_legal,421,0.026754089472491284
conditional-fit-0083,axis2_legal,422,0.0323682179579515
conditional-fit-0083,axis2_legal,423,0.0001206543115076117
conditional-fit-0083,axis2_legal,424,0.0014707917635475708
conditional-fit-0083,axis2_legal,425,0.042989140118158416
conditional-fit-0083,axis2_legal,426,0.023742849923828142
conditional-fit-0083,axis2_legal,427,0.003064993443388335
conditional-fit-0083,axis2_legal,428,0.0003195594337154065
conditional-fit-0083,axis2_legal,429,0.0016300021415840775
conditional-fit-0083,axis2_legal,430,0.0008091713309311576
conditional-fit-0083,axis2_legal,431,0.0005798633021732468
conditional-fit-0083,axis2_legal,432,0.02951079409664255
conditional-fit-0083,axis2_legal,433,0.005728863551521028
conditional-fit-0083,axis2_legal,434,0.030529812497630544
conditional-fit-0083,axis2_legal,435,0.001658780956210425
conditional-fit-0083,axis2_legal,436,0.0026583942029236828
conditional-fit-0083,axis2_legal,437,0.00014668082098443403
conditional-fit-0083,axis2_legal,438,0.004315207951897921
conditional-fit-0083,axis2_legal,439,0.00034832800168937733
conditional-fit-0083,axis2_legal,440,0.0012774104106959862
conditional-fit-0083,axis2_legal,441,0.00486797712147927
conditional-fit-0083,axis2_legal,442,0.0019224718631457893
conditional-fit-0083,axis2_legal,443,0.004527600692996164
conditional-fit-0083,axis2_legal,444,0.00011529977421452091
conditional-fit-0083,axis2_legal,445,0.009158751002662979
conditional-fit-0083,axis2_legal,446,0.0007383961846434504
conditional-fit-0083,axis2_legal,447,0.004137473138139531
conditional-fit-0083,axis2_legal,448,0.003874916751677517
conditional-fit-0083,axis2_legal,449,0.00010454366524070041
conditional-fit-0083,axis2_legal,450,0.0004416544007345278
conditional-fit-0083,axis2_legal,451,0.0007783247085384244
conditional-fit-0083,axis2_legal,452,0.00020573517009587247
conditional-fit-0083,axis2_legal,453,0.00029277704930771127
conditional-fit-0083,axis2_legal,454,0.005688080975245486
conditional-fit-0083,axis2_legal,455,0.000705860024312161
conditional-fit-0083,axis2_legal,456,0.0015732241701797056
conditional-fit-0083,axis2_legal,457,0.00012776509018814602
conditional-fit-0083,axis2_legal,458,0.04182404640135223
conditional-fit-0083,axis2_legal,459,0.053935041469889096
conditional-fit-0083,axis2_legal,460,0.06594873111573907
conditional-fit-0083,axis2_legal,461,0.015086934428507677
conditional-fit-0083,axis2_legal,462,0.0012523316250585424
conditional-fit-0083,axis2_legal,463,0.0011966555428043098
conditional-fit-0083,axis2_legal,464,0.00039358670810922834
conditional-fit-0083,axis2_legal,465,0.008838097146925739
conditional-fit-0083,axis2_legal,466,0.03529204770997444
conditional-fit-0083,axis2_legal,467,0.20997258993995638
conditional-fit-0083,axis2_legal,468,0.003011120056039547
conditional-fit-0083,axis2_legal,469,0.0002719569571828233
conditional-fit-0083,axis2_legal,470,0.00010429236403588016
conditional-fit-0083,axis2_legal,471,0.003069979962599442
conditional-fit-0083,axis2_legal,472,0.0005315728008196132
conditional-fit-0083,axis2_legal,473,0.00799919108859229
conditional-fit-0083,axis2_legal,474,0.7181009131065703
conditional-fit-0083,axis2_legal,475,0.04229181436965271
conditional-fit-0083,axis2_legal,476,0.03960183611205376
conditional-fit-0083,axis2_legal,477,0.01973830678194737
conditional-fit-0083,axis2_legal,478,0.04287391370080437
conditional-fit-0083,axis2_legal,479,0.043574464830101856
conditional-fit-0083,axis2_legal,480,0.0027064724814082957
conditional-fit-0083,axis2_legal,481,0.018251925277538432
conditional-fit-0083,axis2_legal,482,0.017060525397472673
conditional-fit-0083,axis2_legal,483,0.013947703853765746
conditional-fit-0083,axis2_legal,484,0.0023889002604147065
conditional-fit-0083,axis2_legal,485,0.004963120253546366
conditional-fit-0083,axis2_legal,486,0.011826499440547134
conditional-fit-0083,axis2_legal,487,0.04966027232605316
conditional-fit-0083,axis2_legal,488,0.033075226383812585
conditional-fit-0083,axis2_legal,489,0.07745087365322648
conditional-fit-0083,axis2_legal,490,0.02910755014856587
conditional-fit-0083,axis2_legal,491,0.011592677043729856
conditional-fit-0083,axis2_legal,492,0.04319198451829032
conditional-fit-0083,axis2_legal,493,0.01132632855764961
conditional-fit-0083,axis2_legal,494,0.01677518712185945
conditional-fit-0083,axis2_legal,495,0.031087353373353676
conditional-fit-0083,axis2_legal,496,0.04515887390140484
conditional-fit-0083,axis2_legal,497,0.02894768055354448
conditional-fit-0083,axis2_legal,498,0.0031182467070513353
conditional-fit-0083,axis2_legal,499,0.02545090047317057
conditional-fit-0083,axis2_legal,500,0.031939910369517904
conditional-fit-0083,axis2_legal,501,0.09039575620036808
conditional-fit-0083,axis2_legal,502,0.04511709310485823
conditional-fit-0083,axis2_legal,503,0.014740951561774032
conditional-fit-0083,axis2_legal,504,0.08928781600670771
conditional-fit-0083,axis2_legal,505,0.000373034823119627
conditional-fit-0083,axis2_legal,506,0.0280065172835587
conditional-fit-0083,axis2_legal,507,0.005602174407349188
conditional-fit-0083,axis2_legal,508,0.009762514917607875
conditional-fit-0083,axis2_legal,509,0.004288137777272433
conditional-fit-0083,axis2_legal,510,0.019004619739271478
conditional-fit-0083,axis2_legal,511,0.029740649123799374
conditional-fit-0083,axis2_legal,512,0.07169984055289687
conditional-fit-0083,axis2_legal,513,0.01493909660251978
conditional-fit-0083,axis2_legal,514,0.09085534768586599
conditional-fit-0083,axis2_legal,515,0.07144252504914239
conditional-fit-0083,axis2_legal,516,0.03680338000829346
conditional-fit-0083,axis2_legal,517,0.045189998927790076
conditional-fit-0083,axis2_legal,518,0.04360991688271962
conditional-fit-0083,axis2_legal,519,1.9900484123976624e-05
conditional-fit-0083,axis2_legal,520,0.0004633106316796299
conditional-fit-0083,axis2_legal,521,0.07714840607682702
conditional-fit-0083,axis2_legal,522,0.006480669975735981
conditional-fit-0083,axis2_legal,523,0.020309289773681467
conditional-fit-0083,axis2_legal,524,0.03983251023478562
conditional-fit-0083,axis2_legal,525,0.011853481619845369
conditional-fit-0083,axis2_legal,526,0.006528592310322346
conditional-fit-0083,axis2_legal,527,0.009935439489406981
conditional-fit-0083,axis2_legal,528,0.042947625461559905
conditional-fit-0083,axis2_legal,529,0.06432178876038058
conditional-fit-0083,axis2_legal,530,0.03999176945382948
conditional-fit-0083,axis2_legal,531,0.028046895541597214
conditional-fit-0083,axis2_legal,532,0.01691140513268392
conditional-fit-0083,axis2_legal,533,0.001473394519561916
conditional-fit-0083,axis2_legal,534,0.027580600707158398
conditional-fit-0083,axis2_legal,535,0.015748742971765907
conditional-fit-0083,axis2_legal,536,0.021242038245493495
conditional-fit-0083,axis2_legal,537,0.005059780523135534
conditional-fit-0083,axis2_legal,538,0.05166620945240963
conditional-fit-0083,axis2_legal,539,0.012292147037481738
conditional-fit-0083,axis2_legal,540,0.14249934374658912
conditional-fit-0083,axis2_legal,541,0.10289190123852593
conditional-fit-0083,axis2_legal,542,0.020330745506671553
conditional-fit-0083,axis2_legal,543,0.024880101431458683
conditional-fit-0083,axis2_legal,544,9.577193807863002e-05
conditional-fit-0083,axis2_legal,545,0.10890465331993576
conditional-fit-0083,axis2_legal,546,0.01730487513010197
conditional-fit-0083,axis2_legal,547,0.006779259967208311
conditional-fit-0083,axis2_legal,548,0.14379246870080672
conditional-fit-0083,axis2_legal,549,0.027411302967074114
conditional-fit-0083,axis2_legal,550,1.3224257642528078e-05
conditional-fit-0083,axis2_legal,551,0.00025942361233015566
conditional-fit-0083,axis2_legal,552,0.11765628556558343
conditional-fit-0083,axis2_legal,553,0.03974704213861897
conditional-fit-0083,axis2_legal,554,0.14764186767766607
conditional-fit-0083,axis2_legal,555,0.02401076273317719
conditional-fit-0083,axis2_legal,556,0.0368894104356927
conditional-fit-0083,axis2_legal,557,0.002805748201236603
conditional-fit-0083,axis2_legal,558,0.08038590565865629
conditional-fit-0083,axis2_legal,559,0.1410755267121721
conditional-fit-0083,axis2_legal,560,0.049498526409101365
conditional-fit-0083,axis2_legal,561,0.044637831217883665
conditional-fit-0083,axis2_legal,562,0.019937368871201788
conditional-fit-0083,axis2_legal,563,0.10122202931286498
conditional-fit-0083,axis2_legal,564,0.02778023713322613
conditional-fit-0083,axis2_legal,565,0.0008827517664432136
conditional-fit-0083,axis2_legal,566,0.1034684282609445
conditional-fit-0083,axis2_legal,567,0.020047538201178536
conditional-fit-0083,axis2_legal,568,5.782871369480737e-05
conditional-fit-0083,axis2_legal,569,0.04089555615263091
conditional-fit-0083,axis2_legal,570,0.03155864647361342
conditional-fit-0083,axis2_legal,571,0.04660151378776162
conditional-fit-0083,axis2_legal,572,0.01797129930609645
conditional-fit-0083,axis2_legal,573,0.0187170156582048
conditional-fit-0083,axis2_legal,574,0.00012800129982495678
conditional-fit-0083,axis2_legal,575,0.040869442266848584
conditional-fit-0083,axis2_legal,576,0.06720169769869024
conditional-fit-0083,axis2_legal,577,0.02565530565223624
conditional-fit-0083,axis2_legal,578,0.01946426001845808
conditional-fit-0083,axis2_legal,579,0.02428385953786515
conditional-fit-0083,axis2_legal,580,0.01071979757072154
conditional-fit-0083,axis2_legal,581,0.0953846520023669
conditional-fit-0083,axis2_legal,582,0.010732781518097593
conditional-fit-0083,axis2_legal,583,0.024577001575673472
conditional-fit-0083,axis2_legal,584,0.039100049037964955
conditional-fit-0083,axis2_legal,585,0.0022008027072319887
conditional-fit-0083,axis2_legal,586,0.04823913817871243
conditional-fit-0083,axis2_legal,587,0.04631885263471143
conditional-fit-0083,axis2_legal,588,0.04758454427850555
conditional-fit-0083,axis2_legal,589,0.002437333299553749
conditional-fit-0083,axis2_legal,590,0.039018609154443135
conditional-fit-0083,axis2_legal,591,0.0617045529766808
conditional-fit-0083,axis2_legal,592,0.014384905837098352
conditional-fit-0083,axis2_legal,593,0.010924023656477233
conditional-fit-0083,axis2_legal,594,0.022653715890372104
conditional-fit-0083,axis2_legal,595,0.022753096143348292
conditional-fit-0083,axis2_legal,596,0.002219378591079277
conditional-fit-0083,axis2_legal,597,0.021354490831541145
conditional-fit-0083,axis2_legal,598,0.09456982028824504
conditional-fit-0083,axis2_legal,599,0.008267879671749849
conditional-fit-0083,axis2_legal,600,0.009525897394245359
conditional-fit-0083,axis2_legal,601,0.03892800981787407
conditional-fit-0083,axis2_legal,602,0.002648475733592944
conditional-fit-0083,axis2_legal,603,0.015066362181927237
conditional-fit-0083,axis2_legal,604,0.04700291690412395
conditional-fit-0083,axis2_legal,605,0.004654094060357996
conditional-fit-0083,axis2_legal,606,0.05788380411974637
conditional-fit-0083,axis2_legal,607,0.0033136466207640287
conditional-fit-0083,axis2_legal,608,0.024911987678696207
conditional-fit-0083,axis2_legal,609,0.06832092093032346
conditional-fit-0083,axis2_legal,610,0.09922181935756366
conditional-fit-0083,axis2_legal,611,0.1520990405101719
conditional-fit-0083,axis2_legal,612,0.04136362162879641
conditional-fit-0083,axis2_legal,613,0.010237226135074072
conditional-fit-0083,axis2_legal,614,0.04833475070820231
conditional-fit-0083,axis2_legal,615,0.0610971966623967
conditional-fit-0083,axis2_legal,616,0.044432861644075866
conditional-fit-0083,axis2_legal,617,0.042818257295136636
conditional-fit-0083,axis2_legal,618,0.032895945533330695
conditional-fit-0083,axis2_legal,619,0.01761522409236939
conditional-fit-0083,axis2_legal,620,0.01982216336206119
conditional-fit-0083,axis2_legal,621,0.044424937106013244
conditional-fit-0083,axis2_legal,622,0.04361674649123229
conditional-fit-0083,axis2_legal,623,0.015622784220449583
conditional-fit-0083,axis2_legal,624,0.010095057561694418
conditional-fit-0083,axis2_legal,625,0.011332114344350564
conditional-fit-0083,axis2_legal,626,0.009933194265154204
conditional-fit-0083,axis2_legal,627,0.03322492871788583
conditional-fit-0083,axis2_legal,628,0.019985268337611602
conditional-fit-0083,axis2_legal,629,0.01780214927475654
conditional-fit-0083,axis2_legal,630,0.01788039624913202
conditional-fit-0083,axis2_legal,631,0.05299112562597181
conditional-fit-0083,axis2_legal,632,0.009783034205100974
conditional-fit-0083,axis2_legal,633,0.0893167770435654
conditional-fit-0083,axis2_legal,634,0.03182494542837366
conditional-fit-0083,axis2_legal,635,0.020360380408117287
conditional-fit-0083,axis2_legal,636,0.042339459756333964
conditional-fit-0083,axis2_legal,637,0.044004320952034603
conditional-fit-0083,axis2_legal,638,0.07954860069220862
conditional-fit-0083,axis2_legal,639,0.001232312830373413
conditional-fit-0083,axis2_legal,640,0.10335693859440542
conditional-fit-0083,axis2_legal,641,0.06880586271314383
conditional-fit-0083,axis2_legal,642,1.0730629648084147
conditional-fit-0083,axis2_legal,643,0.05048767364247116
conditional-fit-0083,axis2_legal,644,0.05254460110489511
conditional-fit-0083,axis2_legal,645,0.14467895756132865
conditional-fit-0083,axis2_legal,646,0.1994442766983752
conditional-fit-0083,axis2_legal,647,0.23041986652801053
conditional-fit-0083,axis2_legal,648,0.0020150495494744448
conditional-fit-0083,axis2_legal,649,0.08865951094710706
conditional-fit-0083,axis2_legal,650,0.26013019392504244
conditional-fit-0083,axis2_legal,651,0.039852703794413066
conditional-fit-0083,axis2_legal,652,0.01160247904270633
conditional-fit-0083,axis2_legal,653,0.012883857087774666
conditional-fit-0083,axis2_legal,654,0.17875746600598041
conditional-fit-0083,axis2_legal,655,0.209839927113658
conditional-fit-0083,axis2_legal,656,0.0075953055226567505
conditional-fit-0083,axis2_legal,657,0.0806691097140517
conditional-fit-0083,axis2_legal,658,0.19907809901054266
conditional-fit-0083,axis2_legal,659,0.4432466446543142
conditional-fit-0083,axis2_legal,660,0.04200274784273452
conditional-fit-0083,axis2_legal,661,0.08121711339198243
conditional-fit-0083,axis2_legal,662,0.43751302079874554
conditional-fit-0083,axis2_legal,663,0.3594569021418238
conditional-fit-0083,axis2_legal,664,0.48918434815116574
conditional-fit-0083,axis2_legal,665,0.2948968980717057
conditional-fit-0083,axis2_legal,666,0.0782905940355109
conditional-fit-0083,axis2_legal,667,0.2341520866977957
conditional-fit-0083,axis2_legal,668,0.13808812147832256
conditional-fit-0083,axis2_legal,669,0.014646479910912192
conditional-fit-0083,axis2_legal,670,0.05734878259776706
conditional-fit-0083,axis2_legal,671,0.07256705165204819
conditional-fit-0083,axis2_legal,672,0.046187671154581764
conditional-fit-0083,axis2_legal,673,0.1329575921855048
conditional-fit-0083,axis2_legal,674,0.03602952356861008
conditional-fit-0083,axis2_legal,675,0.19000772246046918
conditional-fit-0083,axis2_legal,676,0.0791710142406013
conditional-fit-0083,axis2_legal,677,0.2704128039729939
conditional-fit-0083,axis2_legal,678,0.0017566232241798636
conditional-fit-0083,axis2_legal,679,0.20601383536801918
conditional-fit-0083,axis2_legal,680,0.4063539338444756
conditional-fit-0083,axis2_legal,681,0.0006808923488845554
conditional-fit-0083,axis2_legal,682,0.23473095757485724
conditional-fit-0083,axis2_legal,683,0.00045970054773014933
conditional-fit-0083,axis2_legal,684,0.4010673109896903
conditional-fit-0083,axis2_legal,685,0.0068532825729757385
conditional-fit-0083,axis2_legal,686,0.020733174976211504
conditional-fit-0083,axis2_legal,687,0.031036061879804795
conditional-fit-0083,axis2_legal,688,0.5620392959444384
conditional-fit-0083,axis2_legal,689,0.17441200413497815
conditional-fit-0083,axis2_legal,690,0.010562168520454492
conditional-fit-0083,axis2_legal,691,0.0025913199784220417
conditional-fit-0083,axis2_legal,692,0.024959528537268433
conditional-fit-0083,axis2_legal,693,0.006443743051270341
conditional-fit-0083,axis2_legal,694,0.0006824437585077217
conditional-fit-0083,axis2_legal,695,0.024953894862210113
conditional-fit-0083,axis2_legal,696,0.11983096206914307
conditional-fit-0083,axis2_legal,697,0.16618501462340782
conditional-fit-0083,axis2_legal,698,0.003359255116338695
conditional-fit-0083,axis2_legal,699,0.003514989657464515
conditional-fit-0083,axis2_legal,700,0.00298078034349733
conditional-fit-0083,axis2_legal,701,0.013774508310856637
conditional-fit-0083,axis2_legal,702,0.0021661303517020863
conditional-fit-0083,axis2_legal,703,0.0018576119459081286
conditional-fit-0083,axis2_legal,704,0.11335884251558248
conditional-fit-0083,axis2_legal,705,0.01171167640983178
conditional-fit-0083,axis2_legal,706,0.001697592319117505
conditional-fit-0083,axis2_legal,707,0.0065322360544324614
conditional-fit-0083,axis2_legal,708,0.006151911711584267
conditional-fit-0083,axis2_legal,709,0.0006016037996186449
conditional-fit-0083,axis2_legal,710,4.1566449446477114e-05
conditional-fit-0083,axis2_legal,711,0.000447970337005769
conditional-fit-0083,axis2_legal,712,0.13330146034224943
conditional-fit-0083,axis2_legal,713,0.001445448093644176
conditional-fit-0083,axis2_legal,714,0.00017943412593930246
conditional-fit-0083,axis2_legal,715,0.02131854784316654
conditional-fit-0083,axis2_legal,716,0.01066239741048575
conditional-fit-0083,axis2_legal,717,0.002532585720644943
conditional-fit-0083,axis2_legal,718,0.0005964892496373684
conditional-fit-0083,axis2_legal,719,0.0003894033635993097
conditional-fit-0083,axis2_legal,720,0.006724212730991984
conditional-fit-0083,axis2_legal,721,0.000454584006025681
conditional-fit-0083,axis2_legal,722,0.00023834720707644472
conditional-fit-0083,axis2_legal,723,0.021994262622738337
conditional-fit-0083,axis2_legal,724,0.0013595620146442514
conditional-fit-0083,axis2_legal,725,0.05180167982646962
conditional-fit-0083,axis2_legal,726,0.061656576523428985
conditional-fit-0083,axis2_legal,727,0.018938662400851056
conditional-fit-0083,axis2_legal,728,0.006113134385001401
conditional-fit-0083,axis2_legal,729,0.049792522252240824
conditional-fit-0083,axis2_legal,730,0.04244372584410571
conditional-fit-0083,axis2_legal,731,0.00025055039137603785
conditional-fit-0083,axis2_legal,732,0.05021381309457462
conditional-fit-0083,axis2_legal,733,0.0007813578105094323
conditional-fit-0083,axis2_legal,734,0.0017555936788596989
conditional-fit-0083,axis2_legal,735,0.014015953809247361
conditional-fit-0083,axis2_legal,736,0.07118708248351262
conditional-fit-0083,axis2_legal,737,0.0299472569264068
conditional-fit-0083,axis2_legal,738,0.06756919251033545
conditional-fit-0083,axis2_legal,739,0.001994917789216734
conditional-fit-0083,axis2_legal,740,0.046516307434070564
conditional-fit-0083,axis2_legal,741,0.05904746105080639
conditional-fit-0083,axis2_legal,742,0.03458867910601098
conditional-fit-0083,axis2_legal,743,0.05757988036714937
conditional-fit-0083,axis2_legal,744,0.11127320270174013
conditional-fit-0083,axis2_legal,745,0.015553410340876157
conditional-fit-0083,axis2_legal,746,0.013566061664289307
conditional-fit-0083,axis2_legal,747,0.0031408549037672847
conditional-fit-0083,axis2_legal,748,0.03355880028500392
conditional-fit-0083,axis2_legal,749,0.05755047487819939
conditional-fit-0083,axis2_legal,750,0.032582746224079515
conditional-fit-0083,axis2_legal,751,0.002400167181012855
conditional-fit-0083,axis2_legal,752,0.04457103019451048
conditional-fit-0083,axis2_legal,753,0.046342031742142964
conditional-fit-0083,axis2_legal,754,0.06468976615431685
conditional-fit-0083,axis2_legal,755,0.09038208450135957
conditional-fit-0083,axis2_legal,756,0.09372702908938095
conditional-fit-0083,axis2_legal,757,0.0075236743704124795
conditional-fit-0083,axis2_legal,758,0.060618881992765467
conditional-fit-0083,axis2_legal,759,0.09669163521920024
conditional-fit-0083,axis2_legal,760,0.05117746264035943
conditional-fit-0083,axis2_legal,761,0.06983784739633025
conditional-fit-0083,axis2_legal,762,0.02230734479720412
conditional-fit-0083,axis2_legal,763,0.0004691937432062673
conditional-fit-0083,axis2_legal,764,0.045272629982365475
conditional-fit-0083,axis2_legal,765,0.027790683745730613
conditional-fit-0083,axis2_legal,766,0.03804714845820713
conditional-fit-0083,axis2_legal,767,0.027169581075952534
conditional-fit-0083,axis2_legal,768,0.014974017934543067
conditional-fit-0083,axis2_legal,769,0.020935374273853703
conditional-fit-0083,axis2_legal,770,0.005685047567860066
conditional-fit-0083,axis2_legal,771,0.003006858465297717
conditional-fit-0083,axis2_legal,772,0.007037859193837754
conditional-fit-0083,axis2_legal,773,0.001070737484681251
conditional-fit-0083,axis2_legal,774,0.010829272114102721
conditional-fit-0083,axis2_legal,775,0.01563786671357754
conditional-fit-0083,axis2_legal,776,0.011985332641736006
conditional-fit-0083,axis2_legal,777,0.0024832322961359714
conditional-fit-0083,axis2_legal,778,0.002180786570179764
conditional-fit-0083,axis2_legal,779,0.008932933865250028
conditional-fit-0083,axis2_legal,780,0.02221069486688546
conditional-fit-0083,axis2_legal,781,0.019116634822056305
conditional-fit-0083,axis2_legal,782,0.028568324241796426
conditional-fit-0083,axis2_legal,783,0.009644802194872012
conditional-fit-0083,axis2_legal,784,0.012361279687879506
conditional-fit-0083,axis2_legal,785,0.04959949650743016
conditional-fit-0083,axis2_legal,786,0.03758643259049811
conditional-fit-0083,axis2_legal,787,0.026235937610874213
conditional-fit-0083,axis2_legal,788,0.04319848585358045
conditional-fit-0083,axis2_legal,789,0.0012415203053647078
conditional-fit-0083,axis2_legal,790,0.12026574842102158
conditional-fit-0083,axis2_legal,791,0.019546047890842473
conditional-fit-0083,axis2_legal,792,0.00063632804872962
conditional-fit-0083,axis2_legal,793,0.01695388671839512
conditional-fit-0083,axis2_legal,794,0.010385672205839944
conditional-fit-0083,axis2_legal,795,0.05890733530812439
conditional-fit-0083,axis2_legal,796,0.010697618704012505
conditional-fit-0083,axis2_legal,797,0.00517773113094383
conditional-fit-0083,axis2_legal,798,0.0007793045849355232
conditional-fit-0083,axis2_legal,799,0.003859651704728524
conditional-fit-0083,axis2_legal,800,0.010187579221874857
conditional-fit-0083,axis2_legal,801,0.01042697150410761
conditional-fit-0083,axis2_legal,802,0.012727888852807363
conditional-fit-0083,axis2_legal,803,0.023524501846600987
conditional-fit-0083,axis2_legal,804,0.026586010142457484
conditional-fit-0083,axis2_legal,805,0.05485678633361073
conditional-fit-0083,axis2_legal,806,0.0027731756026101494
conditional-fit-0083,axis2_legal,807,0.07151512192421047
conditional-fit-0083,axis2_legal,808,0.07026907164910719
conditional-fit-0083,axis2_legal,809,0.06525804081072407
conditional-fit-0083,axis2_legal,810,0.0051022084025815016
conditional-fit-0083,axis2_legal,811,0.01579360035062237
conditional-fit-0083,axis2_legal,812,0.032158982566187974
conditional-fit-0083,axis2_legal,813,0.030444294027234933
conditional-fit-0083,axis2_legal,814,0.016154596621941485
conditional-fit-0083,axis2_legal,815,0.05826044393941997
conditional-fit-0083,axis2_legal,816,0.029825593728288084
conditional-fit-0083,axis2_legal,817,0.059270917359876316
conditional-fit-0083,axis2_legal,818,0.04703098804052793
conditional-fit-0083,axis2_legal,819,0.2303698231434068
conditional-fit-0083,axis2_legal,820,0.05985962454200008
conditional-fit-0083,axis2_legal,821,0.01844282447450371
conditional-fit-0083,axis2_legal,822,0.0706196528715948
conditional-fit-0083,axis2_legal,823,0.027203969179331974
conditional-fit-0083,axis2_legal,824,0.16685603958788478
conditional-fit-0083,axis2_legal,825,0.22555891738885647
conditional-fit-0083,axis2_legal,826,0.001011596406315199
conditional-fit-0083,axis2_legal,827,0.09176796287021427
conditional-fit-0083,axis2_legal,828,0.07529437995628788
conditional-fit-0083,axis2_legal,829,0.08206470678451244
conditional-fit-0083,axis2_legal,830,0.3170653358864283
conditional-fit-0083,axis2_legal,831,0.00265973898561283
conditional-fit-0083,axis2_legal,832,0.5827968977385184
conditional-fit-0083,axis2_legal,833,0.031304670509091276
conditional-fit-0083,axis2_legal,834,0.0008050104863601659
conditional-fit-0083,axis2_legal,835,0.00928202129012445
conditional-fit-0083,axis2_legal,836,0.06486466803633657
conditional-fit-0083,axis2_legal,837,0.0010801822821769414
conditional-fit-0083,axis2_legal,838,0.00012661763551909485
conditional-fit-0083,axis2_legal,839,0.001686580895015109
conditional-fit-0083,axis2_legal,840,0.006187378523012366
conditional-fit-0083,axis2_legal,841,0.0008062062469331357
conditional-fit-0083,axis2_legal,842,0.30374138342598245
conditional-fit-0083,axis2_legal,843,0.004135672518617966
conditional-fit-0083,axis2_legal,844,0.00015705802145995142
conditional-fit-0083,axis2_legal,845,0.012870720924410169
conditional-fit-0083,axis2_legal,846,0.0008726167747904164
conditional-fit-0083,axis2_legal,847,0.0015845013002241364
conditional-fit-0083,axis2_legal,848,0.00048287716539032615
conditional-fit-0083,axis2_legal,849,0.0004829968000272494
conditional-fit-0083,axis2_legal,850,0.23374995766108342
conditional-fit-0083,axis2_legal,851,0.04558573546123457
conditional-fit-0083,axis2_legal,852,0.002418256029990076
conditional-fit-0083,axis2_legal,853,0.00014633074911013657
conditional-fit-0083,axis2_legal,854,0.015342792865565377
conditional-fit-0083,axis2_legal,855,0.0011873237486195165
conditional-fit-0083,axis2_legal,856,0.0002863867617857503
conditional-fit-0083,axis2_legal,857,0.00030570208725040496
conditional-fit-0083,axis2_legal,858,0.06301150300705251
conditional-fit-0083,axis2_legal,859,0.00028177998614826885
conditional-fit-0083,axis2_legal,860,0.01038051590407251
conditional-fit-0083,axis2_legal,861,0.00841428032129343
conditional-fit-0083,axis2_legal,862,0.013874822673169807
conditional-fit-0083,axis2_legal,863,0.030305991040715845
conditional-fit-0083,axis2_legal,864,0.2040856970196538
conditional-fit-0083,axis2_legal,865,0.004826891118129618
conditional-fit-0083,axis2_legal,866,0.0035695653924356294
conditional-fit-0083,axis2_legal,867,0.03825714317565302
conditional-fit-0083,axis2_legal,868,0.04224861417468875
conditional-fit-0083,axis2_legal,869,0.012700133695387644
conditional-fit-0083,axis2_legal,870,0.045578482650200626
conditional-fit-0083,axis2_legal,871,0.02590221128056453
conditional-fit-0083,axis2_legal,872,0.00296839935323174
conditional-fit-0083,axis2_legal,873,0.12125611918569822
conditional-fit-0083,axis2_legal,874,0.003328253925969454
conditional-fit-0083,axis2_legal,875,0.027966432401507577
conditional-fit-0083,axis2_legal,876,0.06064297779142423
conditional-fit-0083,axis2_legal,877,0.0313574152019319
conditional-fit-0083,axis2_legal,878,0.06939431931926524
conditional-fit-0083,axis2_legal,879,0.027503748784671177
conditional-fit-0083,axis2_legal,880,0.11989297194277133
conditional-fit-0083,axis2_legal,881,0.0023878910835029594
conditional-fit-0083,axis2_legal,882,0.058736817277302955
conditional-fit-0083,axis2_legal,883,0.0036131256057084053
conditional-fit-0083,axis2_legal,884,0.038406380894994374
conditional-fit-0083,axis2_legal,885,0.09678680275314906
conditional-fit-0083,axis2_legal,886,0.024981447248476937
conditional-fit-0083,axis2_legal,887,0.04601577472968925
conditional-fit-0083,axis2_legal,888,0.0016432563715572937
conditional-fit-0083,axis2_legal,889,0.039750924622371106
conditional-fit-0083,axis2_legal,890,0.002807268676440851
conditional-fit-0083,axis2_legal,891,0.0052631861826478304
conditional-fit-0083,axis2_legal,892,0.0329371717098503
conditional-fit-0083,axis2_legal,893,0.05467672651283756
conditional-fit-0083,axis2_legal,894,0.09432103248153251
conditional-fit-0083,axis2_legal,895,0.15147372617435031
conditional-fit-0083,axis2_legal,896,0.009843929367579694
conditional-fit-0083,axis2_legal,897,0.030280547317969714
conditional-fit-0083,axis2_legal,898,0.003153215458282424
conditional-fit-0083,axis2_legal,899,0.004455560955189482
conditional-fit-0083,axis2_legal,900,0.0010389848289809231
conditional-fit-0083,axis2_legal,901,0.00030020260500196905
conditional-fit-0083,axis2_legal,902,0.010090189716813192
conditional-fit-0083,axis2_legal,903,0.013300305696951793
conditional-fit-0083,axis2_legal,904,0.034998193939031016
conditional-fit-0083,axis2_legal,905,0.02787146280037988
conditional-fit-0083,axis2_legal,906,0.009661751713450531
conditional-fit-0083,axis2_legal,907,0.0031952507597880833
conditional-fit-0083,axis2_legal,908,0.007908538516468399
conditional-fit-0083,axis2_legal,909,0.00010725774991123313
conditional-fit-0083,axis2_legal,910,0.004405896724433827
conditional-fit-0083,axis2_legal,911,0.0035846681305502833
conditional-fit-0083,axis2_legal,912,0.0025501853168678375
conditional-fit-0083,axis2_legal,913,0.002292696185935842
conditional-fit-0083,axis2_legal,914,0.0008700556890550105
conditional-fit-0083,axis2_legal,915,0.00018377185544200895
conditional-fit-0083,axis2_legal,916,0.014275735945739026
conditional-fit-0083,axis2_legal,917,0.020844025604896115
conditional-fit-0083,axis2_legal,918,0.0021836304268471047
conditional-fit-0083,axis2_legal,919,0.028591711948849026
conditional-fit-0083,axis2_legal,920,0.01536875742867743
conditional-fit-0083,axis2_legal,921,0.003942990322425125
conditional-fit-0083,axis2_legal,922,0.07541212096226782
conditional-fit-0083,axis2_legal,923,0.04531607049418709
conditional-fit-0083,axis2_legal,924,0.014696110398512652
conditional-fit-0083,axis2_legal,925,0.010878876856501664
conditional-fit-0083,axis2_legal,926,0.04601369058666478
conditional-fit-0083,axis2_legal,927,0.010119610280157622
conditional-fit-0083,axis2_legal,928,0.002116090137775706
conditional-fit-0083,axis2_legal,929,0.015340012629020868
conditional-fit-0083,axis2_legal,930,0.06854704311410523
conditional-fit-0083,axis2_legal,931,0.07163540547484351
conditional-fit-0083,axis2_legal,932,0.0371823285330315
conditional-fit-0083,axis2_legal,933,0.010096419265862813
conditional-fit-0083,axis2_legal,934,0.016206955937927627
conditional-fit-0083,axis2_legal,935,0.07219948883624837
conditional-fit-0083,axis2_legal,936,0.01004316643556814
conditional-fit-0083,axis2_legal,937,0.018322787472431046
conditional-fit-0083,axis2_legal,938,0.015734622884495196
conditional-fit-0083,axis2_legal,939,0.008046792415672825
conditional-fit-0083,axis2_legal,940,0.011039159829008952
conditional-fit-0083,axis2_legal,941,0.004249020289658588
conditional-fit-0083,axis2_legal,942,0.01271686780773753
conditional-fit-0083,axis2_legal,943,0.03857011351698289
conditional-fit-0083,axis2_legal,944,0.009971723912656966
conditional-fit-0083,axis2_legal,945,0.00041539591768568833
conditional-fit-0083,axis2_legal,946,0.01956991532681554
conditional-fit-0083,axis2_legal,947,0.016323817716274766
conditional-fit-0083,axis2_legal,948,0.01175672268027246
conditional-fit-0083,axis2_legal,949,0.009716874537570499
conditional-fit-0083,axis2_legal,950,0.019126447618576556
conditional-fit-0083,axis2_legal,951,0.08841741324035249
conditional-fit-0083,axis2_legal,952,0.013811985998056678
conditional-fit-0083,axis2_legal,953,0.015991577467181946
conditional-fit-0083,axis2_legal,954,0.017232058214218596
conditional-fit-0083,axis2_legal,955,0.01579194248578534
conditional-fit-0083,axis2_legal,956,0.004092202229282112
conditional-fit-0083,axis2_legal,957,0.02176565598877281
conditional-fit-0083,axis2_legal,958,0.07298271075339353
conditional-fit-0083,axis2_legal,959,0.0013378475728626487
conditional-fit-0083,axis2_legal,960,0.04075976045312271
conditional-fit-0083,axis2_legal,961,0.01245675923605227
conditional-fit-0083,axis2_legal,962,0.017943684618141692
conditional-fit-0083,axis2_legal,963,0.016790587719193915
conditional-fit-0083,axis2_legal,964,0.0010092495092142752
conditional-fit-0083,axis2_legal,965,0.023318035445253307
conditional-fit-0083,axis2_legal,966,0.0020065103757614714
conditional-fit-0083,axis2_legal,967,0.07590620043987223
conditional-fit-0083,axis2_legal,968,0.007198400989384041
conditional-fit-0083,axis2_legal,969,0.01787032612213569
conditional-fit-0083,axis2_legal,970,0.08892438922324994
conditional-fit-0083,axis2_legal,971,0.0038094240075640176
conditional-fit-0083,axis2_legal,972,0.0003919567452885334
conditional-fit-0083,axis2_legal,973,0.003400847937231211
conditional-fit-0083,axis2_legal,974,9.722734710045599e-05
conditional-fit-0083,axis2_legal,975,0.009387371849092207
conditional-fit-0083,axis2_legal,976,0.014019097799873634
conditional-fit-0083,axis2_legal,977,0.044786572288625676
conditional-fit-0083,axis2_legal,978,0.026017379795223616
conditional-fit-0083,axis2_legal,979,0.029411774045683407
conditional-fit-0083,axis2_legal,980,0.0015093493653136956
conditional-fit-0083,axis2_legal,981,0.0010779317547265155
conditional-fit-0083,axis2_legal,982,0.0017119758421481675
conditional-fit-0083,axis2_legal,983,0.04852160222772691
conditional-fit-0083,axis2_legal,984,0.0003107872968985782
conditional-fit-0083,axis2_legal,985,0.004787897100471019
conditional-fit-0083,axis2_legal,986,0.02043524560968551
conditional-fit-0083,axis2_legal,987,0.004961902327764238
conditional-fit-0083,axis2_legal,988,0.014493873917789585
conditional-fit-0083,axis2_legal,989,0.002900360457856695
conditional-fit-0083,axis2_legal,990,0.0066788366313881645
conditional-fit-0083,axis2_legal,991,0.02574683547123437
conditional-fit-0083,axis2_legal,992,0.029891513014608295
conditional-fit-0083,axis2_legal,993,0.0008318057956210702
conditional-fit-0083,axis2_legal,994,0.01013643679399589
conditional-fit-0083,axis2_legal,995,0.053978374834432144
conditional-fit-0083,axis2_legal,996,0.016738398788182042
conditional-fit-0083,axis2_legal,997,0.061741469026148306
conditional-fit-0083,axis2_legal,998,0.023718901624379563
conditional-fit-0083,axis2_legal,999,0.005851734191602773
conditional-fit-0083,axis2_legal,1000,0.010228346988938111
conditional-fit-0083,axis2_legal,1001,0.004743386901436623
conditional-fit-0083,axis2_legal,1002,0.06920946495033119
conditional-fit-0083,axis2_legal,1003,0.0024414349465570395
conditional-fit-0083,axis2_legal,1004,0.0289961453445196
conditional-fit-0083,axis2_legal,1005,0.011749931462555098
conditional-fit-0083,axis2_legal,1006,0.17161555605368478
conditional-fit-0083,axis2_legal,1007,0.009876063222569875
conditional-fit-0083,axis2_legal,1008,0.02752715973844242
conditional-fit-0083,axis2_legal,1009,0.05562042152430394
conditional-fit-0083,axis2_legal,1010,0.021201814837175426
conditional-fit-0083,axis2_legal,1011,0.14237956841414864
conditional-fit-0083,axis2_legal,1012,0.024413536224441
conditional-fit-0083,axis2_legal,1013,0.030703081380037824
conditional-fit-0083,axis2_legal,1014,0.028173504388868086
conditional-fit-0083,axis2_legal,1015,0.04824681024116327
conditional-fit-0083,axis2_legal,1016,0.02194733860764085
conditional-fit-0083,axis2_legal,1017,0.0557236141752394
conditional-fit-0083,axis2_legal,1018,0.10886404587887435
conditional-fit-0083,axis2_legal,1019,0.03840262892319075
conditional-fit-0083,axis2_legal,1020,0.03918801408244395
conditional-fit-0083,axis2_legal,1021,0.08263283787482448
conditional-fit-0083,axis2_legal,1022,0.03763500813464932
conditional-fit-0083,axis2_legal,1023,0.009114522816218593
conditional-fit-0083,axis2_legal,1024,0.0046150930393264455
conditional-fit-0083,axis2_legal,1025,0.10688988246218174
conditional-fit-0083,axis2_legal,1026,0.05036006963723759
conditional-fit-0083,axis2_legal,1027,0.0009007743416031551
conditional-fit-0083,axis2_legal,1028,0.015062493785656737
conditional-fit-0083,axis2_legal,1029,0.010858336943913086
conditional-fit-0083,axis2_legal,1030,0.04014573845953903
conditional-fit-0083,axis2_legal,1031,0.0004178693550929579
conditional-fit-0083,axis2_legal,1032,0.005327280586428346
conditional-fit-0083,axis2_legal,1033,0.0013604188209015433
conditional-fit-0083,axis2_legal,1034,0.013970512008498484
conditional-fit-0083,axis2_legal,1035,0.010345734577897975
conditional-fit-0083,axis2_legal,1036,0.027901147568681096
conditional-fit-0083,axis2_legal,1037,0.004031983932419679
conditional-fit-0083,axis2_legal,1038,0.00037121673020121097
conditional-fit-0083,axis2_legal,1039,0.025891070596586553
conditional-fit-0083,axis2_legal,1040,0.0041650751923155965
conditional-fit-0083,axis2_legal,1041,0.03835265272112082
conditional-fit-0083,axis2_legal,1042,0.02551050150072409
conditional-fit-0083,axis2_legal,1043,0.0113908419014962
conditional-fit-0083,axis2_legal,1044,0.025937309743549082
conditional-fit-0083,axis2_legal,1045,0.0673113625428984
conditional-fit-0083,axis2_legal,1046,0.0026960903369991195
conditional-fit-0083,axis2_legal,1047,0.004816178046154893
conditional-fit-0083,axis2_legal,1048,0.04685992166366787
conditional-fit-0083,axis2_legal,1049,0.0002250558829295488
conditional-fit-0083,axis2_legal,1050,0.016486738233976145
conditional-fit-0083,axis2_legal,1051,0.0012640433164736427
conditional-fit-0083,axis2_legal,1052,0.0005710450498469441
conditional-fit-0083,axis2_legal,1053,0.004010317626854643
conditional-fit-0083,axis2_legal,1054,6.69362776849242e-05
conditional-fit-0083,axis2_legal,1055,0.0016282136280194061
conditional-fit-0083,axis2_legal,1056,0.014249770596748736
conditional-fit-0083,axis2_legal,1057,0.0005471302452728228
conditional-fit-0083,axis2_legal,1058,0.02391911209112394
conditional-fit-0083,axis2_legal,1059,0.23547661058585004
conditional-fit-0083,axis2_legal,1060,0.03632240274071558
conditional-fit-0083,axis2_legal,1061,0.007126133135078885
conditional-fit-0083,axis2_legal,1062,0.006520162442038521
conditional-fit-0083,axis2_legal,1063,0.0717288695099714
conditional-fit-0083,axis2_legal,1064,0.030883485086591014
conditional-fit-0083,axis2_legal,1065,0.014504377716211722
conditional-fit-0083,axis2_legal,1066,0.016473063776607122
conditional-fit-0083,axis2_legal,1067,0.020170229221837623
conditional-fit-0083,axis2_legal,1068,0.00034043909561769833
conditional-fit-0083,axis2_legal,1069,0.01336963242627815
conditional-fit-0083,axis2_legal,1070,0.035782968357324384
conditional-fit-0083,axis2_legal,1071,0.04211761850713447
conditional-fit-0083,axis2_legal,1072,0.011701880038597689
conditional-fit-0083,axis2_legal,1073,0.018078622652325613
conditional-fit-0083,axis2_legal,1074,0.0013049963582036491
conditional-fit-0083,axis2_legal,1075,0.01454922475639048
conditional-fit-0083,axis2_legal,1076,0.029449405677499926
conditional-fit-0083,axis2_legal,1077,0.00490572491664413
conditional-fit-0083,axis2_legal,1078,0.014860385831453863
conditional-fit-0083,axis2_legal,1079,0.05259210293908991
conditional-fit-0083,axis2_legal,1080,0.0006178338221974288
conditional-fit-0083,axis2_legal,1081,0.020164721590831894
conditional-fit-0083,axis2_legal,1082,0.01928999257408205
conditional-fit-0083,axis2_legal,1083,0.008224767349949404
conditional-fit-0083,axis2_legal,1084,0.0050918995714152974
conditional-fit-0083,axis2_legal,1085,0.0196493601021766
conditional-fit-0083,axis2_legal,1086,0.013864792758861526
conditional-fit-0083,axis2_legal,1087,0.028629234504715655
conditional-fit-0083,axis2_legal,1088,0.0004570961516584993
conditional-fit-0083,axis2_legal,1089,0.0451478131655271
conditional-fit-0083,axis2_legal,1090,0.05945631963635542
conditional-fit-0083,axis2_legal,1091,0.0010771393004213859
conditional-fit-0083,axis2_legal,1092,0.016868556301430533
conditional-fit-0083,axis2_legal,1093,0.043720416798045
conditional-fit-0083,axis2_legal,1094,0.03461376413431831
conditional-fit-0083,axis2_legal,1095,0.050957054326204884
conditional-fit-0083,axis2_legal,1096,0.01663602093820695
conditional-fit-0083,axis2_legal,1097,0.03658933157619602
conditional-fit-0083,axis2_legal,1098,0.04119928139686914
conditional-fit-0083,axis2_legal,1099,0.020096934789187764
conditional-fit-0083,axis2_legal,1100,0.026353152220763575
conditional-fit-0083,axis2_legal,1101,0.006360197074405627
conditional-fit-0083,axis2_legal,1102,0.0012261563797364915
conditional-fit-0083,axis2_legal,1103,0.02349019533076773
conditional-fit-0083,axis2_legal,1104,0.09529301222975245
conditional-fit-0083,axis2_legal,1105,0.0013781959452465755
conditional-fit-0083,axis2_legal,1106,0.0024392442177580236
conditional-fit-0083,axis2_legal,1107,0.01927447318433055
conditional-fit-0083,axis2_legal,1108,0.004508283791282165
conditional-fit-0083,axis2_legal,1109,0.020161618707090143
conditional-fit-0083,axis2_legal,1110,0.024113481851822716
conditional-fit-0083,axis2_legal,1111,0.009994548104186235
conditional-fit-0083,axis2_legal,1112,0.0002856413694858542
conditional-fit-0083,axis2_legal,1113,0.009307948629730393
conditional-fit-0083,axis2_legal,1114,0.04795287719208819
conditional-fit-0083,axis2_legal,1115,0.010223066330766074
conditional-fit-0083,axis2_legal,1116,0.009001636644120539
conditional-fit-0083,axis2_legal,1117,0.00010131237323198633
conditional-fit-0083,axis2_legal,1118,2.983470742293322e-05
conditional-fit-0083,axis2_legal,1119,0.026418024584426214
conditional-fit-0083,axis2_legal,1120,0.0013615161756522875
conditional-fit-0083,axis2_legal,1121,0.0014511220807246026
conditional-fit-0083,axis2_legal,1122,0.01828406216707637
conditional-fit-0083,axis2_legal,1123,0.010412461479417531
conditional-fit-0083,axis2_legal,1124,0.0764818889198001
conditional-fit-0083,axis2_legal,1125,0.004582235530265646
conditional-fit-0083,axis2_legal,1126,0.008945368665868111
conditional-fit-0083,axis2_legal,1127,0.3663495783213081
conditional-fit-0083,axis2_legal,1128,0.006855849970424659
conditional-fit-0083,axis2_legal,1129,0.010488859594693816
conditional-fit-0083,axis2_legal,1130,0.004894438808077275
conditional-fit-0083,axis2_legal,1131,0.0018021102876805218
conditional-fit-0083,axis2_legal,1132,0.0039255026428213135
conditional-fit-0083,axis2_legal,1133,0.006344207155088908
conditional-fit-0083,axis2_legal,1134,0.03511097974885767
conditional-fit-0083,axis2_legal,1135,0.014420899747288852
conditional-fit-0083,axis2_legal,1136,0.0005291641085463764
conditional-fit-0083,axis2_legal,1137,0.019261050068223533
conditional-fit-0083,axis2_legal,1138,0.0010396611284156174
conditional-fit-0083,axis2_legal,1139,0.001938570248044867
conditional-fit-0083,axis2_legal,1140,0.023373572495469504
conditional-fit-0083,axis2_legal,1141,0.02525940959126801
conditional-fit-0083,axis2_legal,1142,0.2741241820007341
conditional-fit-0083,axis2_legal,1143,0.005369517300268701
conditional-fit-0083,axis2_legal,1144,0.0029468039400458524
conditional-fit-0083,axis2_legal,1145,0.00863818471927261
conditional-fit-0083,axis2_legal,1146,0.0027717406895384237
conditional-fit-0083,axis2_legal,1147,0.0027022936431954463
conditional-fit-0083,axis2_legal,1148,0.014918219167449944
conditional-fit-0083,axis2_legal,1149,0.008130931591481535
conditional-fit-0083,axis2_legal,1150,0.004956979548423189
conditional-fit-0083,axis2_legal,1151,0.00038197774238886233
conditional-fit-0083,axis2_legal,1152,0.004471642246391207
conditional-fit-0083,axis2_legal,1153,0.00281540711186832
conditional-fit-0083,axis2_legal,1154,0.004787876793524092
conditional-fit-0083,axis2_legal,1155,0.000639803942825617
conditional-fit-0083,axis2_legal,1156,6.213341778190285e-05
conditional-fit-0083,axis2_legal,1157,0.0034189651268463953
conditional-fit-0083,axis2_legal,1158,0.0006366440082618795
conditional-fit-0083,axis2_legal,1159,8.735911200650466e-05
conditional-fit-0083,axis2_legal,1160,0.0017812546577042493
conditional-fit-0083,axis2_legal,1161,0.00321094002367891
conditional-fit-0083,axis2_legal,1162,0.03399922064755443
conditional-fit-0083,axis2_legal,1163,0.03756117099597756
conditional-fit-0083,axis2_legal,1164,0.01597327137066907
conditional-fit-0083,axis2_legal,1165,0.06302301548885778
conditional-fit-0083,axis2_legal,1166,0.003474468292670641
conditional-fit-0083,axis2_legal,1167,0.0478068500149537
conditional-fit-0083,axis2_legal,1168,0.030844305514911574
conditional-fit-0083,axis2_legal,1169,0.11230152148530129
conditional-fit-0083,axis2_legal,1170,0.10485506221599522
conditional-fit-0083,axis2_legal,1171,0.011337184099556408
conditional-fit-0083,axis2_legal,1172,0.027609348240446883
conditional-fit-0083,axis2_legal,1173,0.06950821601713131
conditional-fit-0083,axis2_legal,1174,0.009848492118370251
conditional-fit-0083,axis2_legal,1175,0.02768036005327464
conditional-fit-0083,axis2_legal,1176,0.003989484455237995
conditional-fit-0083,axis2_legal,1177,0.031388320120991416
conditional-fit-0083,axis2_legal,1178,0.0004156871000210371
conditional-fit-0083,axis2_legal,1179,0.00835598889312169
conditional-fit-0083,axis2_legal,1180,0.029891563093653345
conditional-fit-0083,axis2_legal,1181,0.0062798327866190155
conditional-fit-0083,axis2_legal,1182,0.029163254623252415
conditional-fit-0083,axis2_legal,1183,0.10229850064910127
conditional-fit-0083,axis2_legal,1184,0.00830711597805047
conditional-fit-0083,axis2_legal,1185,0.04135948889214991
conditional-fit-0083,axis2_legal,1186,0.032272569339079606
conditional-fit-0083,axis2_legal,1187,0.0023857177656185944
conditional-fit-0083,axis2_legal,1188,0.00957641359546719
conditional-fit-0083,axis2_legal,1189,0.0035763719086855097
conditional-fit-0083,axis2_legal,1190,0.051985772557328495
conditional-fit-0083,axis2_legal,1191,0.0918204886628799
conditional-fit-0083,axis2_legal,1192,0.01643826167587775
conditional-fit-0083,axis2_legal,1193,0.00019045007151340408
conditional-fit-0083,axis2_legal,1194,0.0030209792994894706
conditional-fit-0083,axis2_legal,1195,0.011507010594015214
conditional-fit-0083,axis2_legal,1196,6.631852245562103e-05
conditional-fit-0083,axis2_legal,1197,0.0022001855383256426
conditional-fit-0083,axis2_legal,1198,0.014480251507164695
conditional-fit-0083,axis2_legal,1199,0.1084670300029023
conditional-fit-0083,axis2_legal,1200,0.020549590725150058
conditional-fit-0083,axis2_legal,1201,0.0006113350026292058
conditional-fit-0083,axis2_legal,1202,0.01339300750632234
conditional-fit-0083,axis2_legal,1203,0.003084511272406887
conditional-fit-0083,axis2_legal,1204,0.0614555576124955
conditional-fit-0083,axis2_legal,1205,0.025009374761294723
conditional-fit-0083,axis2_legal,1206,0.05563434623264123
conditional-fit-0083,axis2_legal,1207,0.00532724650184062
conditional-fit-0083,axis2_legal,1208,0.013039063779617895
conditional-fit-0083,axis2_legal,1209,0.00029453016143278466
conditional-fit-0083,axis2_legal,1210,0.07039197229899895
conditional-fit-0083,axis2_legal,1211,0.011139030335534587
conditional-fit-0083,axis2_legal,1212,0.05425173845721541
conditional-fit-0083,axis2_legal,1213,0.08442938643323644
conditional-fit-0083,axis2_legal,1214,0.12367252596487432
conditional-fit-0083,axis2_legal,1215,0.16885543369505665
conditional-fit-0083,axis2_legal,1216,0.00024059184382412352
conditional-fit-0083,axis2_legal,1217,0.0643946685328823
conditional-fit-0083,axis2_legal,1218,0.033092874910144114
conditional-fit-0083,axis2_legal,1219,0.12676270706838294
conditional-fit-0083,axis2_legal,1220,0.0026341882727004234
conditional-fit-0083,axis2_legal,1221,0.20888347544309513
conditional-fit-0083,axis2_legal,1222,0.006312470145111728
conditional-fit-0083,axis2_legal,1223,0.006985597821924458
conditional-fit-0083,axis2_legal,1224,0.002353044008521822
conditional-fit-0083,axis2_legal,1225,0.0013335195329022644
conditional-fit-0083,axis2_legal,1226,0.026346517737245036
conditional-fit-0083,axis2_legal,1227,0.16401845768986192
conditional-fit-0083,axis2_legal,1228,0.004344018795827057
conditional-fit-0083,axis2_legal,1229,0.0021790598497628214
conditional-fit-0083,axis2_legal,1230,0.030661050135528833
conditional-fit-0083,axis2_legal,1231,0.06221261180169517
conditional-fit-0083,axis2_legal,1232,0.0010571478999482121
conditional-fit-0083,axis2_legal,1233,0.006795014493779301
conditional-fit-0083,axis2_legal,1234,0.00563192508128027
conditional-fit-0083,axis2_legal,1235,0.0006509184819650719
conditional-fit-0083,axis2_legal,1236,0.0003511180168848661
conditional-fit-0083,axis2_legal,1237,0.0046556964638094864
conditional-fit-0083,axis2_legal,1238,0.04345607095763526
conditional-fit-0083,axis2_legal,1239,0.6377457923446234
conditional-fit-0083,axis2_legal,1240,0.04875783084966772
conditional-fit-0083,axis2_legal,1241,0.0060825548848508874
conditional-fit-0083,axis2_legal,1242,0.04979675353453226
conditional-fit-0083,axis2_legal,1243,0.007770303188858713
conditional-fit-0083,axis2_legal,1244,0.0009071858948739016
conditional-fit-0083,axis2_legal,1245,0.006274730924767774
conditional-fit-0083,axis2_legal,1246,0.0003552167548301685
conditional-fit-0083,axis2_legal,1247,0.0008044313420680045
conditional-fit-0083,axis2_legal,1248,0.0007484034085577948
conditional-fit-0083,axis2_legal,1249,0.002828440923610633
conditional-fit-0083,axis2_legal,1250,0.01584661355957836
conditional-fit-0083,axis2_legal,1251,2.64005957232944e-06
conditional-fit-0083,axis2_legal,1252,0.0002600180528710763
conditional-fit-0083,axis2_legal,1253,0.02800527705381578
conditional-fit-0083,axis2_legal,1254,0.00084797965884617
conditional-fit-0083,axis2_legal,1255,0.003740188892357406
conditional-fit-0083,axis2_legal,1256,0.00017332755281685523
conditional-fit-0083,axis2_legal,1257,0.002255843224994432
conditional-fit-0083,axis2_legal,1258,0.0004240992278320572
conditional-fit-0083,axis2_legal,1259,0.0011176789752490126
conditional-fit-0083,axis2_legal,1260,0.00014964493855168485
conditional-fit-0083,axis2_legal,1261,0.002239754750266033
conditional-fit-0083,axis2_legal,1262,0.0020106079802927343
conditional-fit-0083,axis2_legal,1263,0.008773792222080828
conditional-fit-0083,axis2_legal,1264,0.13075147089064204
conditional-fit-0083,axis2_legal,1265,0.041599354360969065
conditional-fit-0083,axis2_legal,1266,0.0036945071120381492
conditional-fit-0083,axis2_legal,1267,4.412603019461862e-05
conditional-fit-0083,axis2_legal,1268,0.010742900711227077
conditional-fit-0083,axis2_legal,1269,0.002167158236917395
conditional-fit-0083,axis2_legal,1270,0.01668472621213694
conditional-fit-0083,axis2_legal,1271,0.038589458227967645
conditional-fit-0083,axis2_legal,1272,0.000691242282292734
conditional-fit-0083,axis2_legal,1273,0.0003881864229695333
conditional-fit-0083,axis2_legal,1274,0.004539526799735481
conditional-fit-0083,axis2_legal,1275,0.0005340539974365191
conditional-fit-0083,axis2_legal,1276,0.0001473542375979302
conditional-fit-0083,axis2_legal,1277,0.00017991548044807607
conditional-fit-0083,axis2_legal,1278,0.0003182886615411063
conditional-fit-0083,axis2_legal,1279,0.0018922414893995723
conditional-fit-0083,axis2_legal,1280,0.000608170515353714
conditional-fit-0083,axis2_legal,1281,0.006754817239605195
conditional-fit-0083,axis2_legal,1282,0.00012641083210712374
conditional-fit-0083,axis2_legal,1283,0.0014239362627796427
conditional-fit-0083,axis2_legal,1284,0.10448734536071778
conditional-fit-0083,axis2_legal,1285,0.010383891458359811
conditional-fit-0083,axis2_legal,1286,0.05445097597636564
conditional-fit-0083,axis2_legal,1287,0.0008171930948689071
conditional-fit-0083,axis2_legal,1288,0.03370246288804875
conditional-fit-0083,axis2_legal,1289,7.773793988749562e-05
conditional-fit-0083,axis2_legal,1290,0.02586724387547898
conditional-fit-0083,axis2_legal,1291,0.005688099012030597
conditional-fit-0083,axis2_legal,1292,0.016944097003172703
conditional-fit-0083,axis2_legal,1293,0.0007053852279388245
conditional-fit-0083,axis2_legal,1294,0.0007972678727082034
conditional-fit-0083,axis2_legal,1295,0.004481078217676473
conditional-fit-0083,axis2_legal,1296,0.006081878979175415
conditional-fit-0083,axis2_legal,1297,0.004190720998944323
conditional-fit-0083,axis2_legal,1298,0.1326827842314751
conditional-fit-0083,axis2_legal,1299,0.00573732983316087
conditional-fit-0083,axis2_legal,1300,0.0005797917045853903
conditional-fit-0083,axis2_legal,1301,0.02586357830474684
conditional-fit-0083,axis2_legal,1302,0.0018615966142865466
conditional-fit-0083,axis2_legal,1303,0.053927475754078
conditional-fit-0083,axis2_legal,1304,0.00860865372658043
conditional-fit-0083,axis2_legal,1305,0.012995435721124524
conditional-fit-0083,axis2_legal,1306,0.05311239023291461
conditional-fit-0083,axis2_legal,1307,0.0006024634550591663
conditional-fit-0083,axis2_legal,1308,0.031807619627998204
conditional-fit-0083,axis2_legal,1309,0.00024320747587374943
conditional-fit-0083,axis2_legal,1310,0.00010336936852291603
conditional-fit-0083,axis2_legal,1311,0.021703210759533388
conditional-fit-0083,axis2_legal,1312,0.007195448856521077
conditional-fit-0083,axis2_legal,1313,0.031085118130102538
conditional-fit-0083,axis2_legal,1314,0.06672867877069501
conditional-fit-0083,axis2_legal,1315,0.0220154976999013
conditional-fit-0083,axis2_legal,1316,0.0004514224590536916
conditional-fit-0083,axis2_legal,1317,0.010523919515047688
conditional-fit-0083,axis2_legal,1318,0.0018358717176312316
conditional-fit-0083,axis2_legal,1319,9.051435214736458e-05
conditional-fit-0083,axis2_legal,1320,0.06623421483005411
conditional-fit-0083,axis2_legal,1321,0.025779614375974425
conditional-fit-0083,axis2_legal,1322,0.028483902815827317
conditional-fit-0083,axis2_legal,1323,0.031569220290384545
conditional-fit-0083,axis2_legal,1324,0.04205523557809012
conditional-fit-0083,axis2_legal,1325,0.03139565355062626
conditional-fit-0083,axis2_legal,1326,0.01283979326894771
conditional-fit-0083,axis2_legal,1327,0.03035658364915584
conditional-fit-0083,axis2_legal,1328,0.09572371292512125
conditional-fit-0083,axis2_legal,1329,0.023549600054624045
conditional-fit-0083,axis2_legal,1330,0.04181199187434988
conditional-fit-0083,axis2_legal,1331,0.07059541808237561
conditional-fit-0083,axis2_legal,1332,0.014639726726641385
conditional-fit-0083,axis2_legal,1333,0.03078009680971617
conditional-fit-0083,axis2_legal,1334,0.08513286994929925
conditional-fit-0083,axis2_legal,1335,0.030615790280051933
conditional-fit-0083,axis2_legal,1336,0.029112378514154505
conditional-fit-0083,axis2_legal,1337,0.31086155162388573
conditional-fit-0083,axis2_legal,1338,0.03996786504294609
conditional-fit-0083,axis2_legal,1339,0.08224806237438373
conditional-fit-0083,axis2_legal,1340,0.06323263689409102
conditional-fit-0083,axis2_legal,1341,0.0937585920374081
conditional-fit-0083,axis2_legal,1342,0.006232732411857373
conditional-fit-0083,axis2_legal,1343,0.07034123439776323
conditional-fit-0083,axis2_legal,1344,0.008872816760551848
conditional-fit-0083,axis2_legal,1345,0.07786106529912744
conditional-fit-0083,axis2_legal,1346,0.010685068965764252
conditional-fit-0083,axis2_legal,1347,0.011691673390054403
conditional-fit-0083,axis2_legal,1348,0.02869079125667464
conditional-fit-0083,axis2_legal,1349,0.0007856028326416775
conditional-fit-0083,axis2_legal,1350,0.008576008608659588
conditional-fit-0083,axis2_legal,1351,0.013284250938220922
conditional-fit-0083,axis2_legal,1352,0.039346204934295456
conditional-fit-0083,axis2_legal,1353,0.08580224063966185
conditional-fit-0083,axis2_legal,1354,0.018357861790465765
conditional-fit-0083,axis2_legal,1355,0.052910728015874035
conditional-fit-0083,axis2_legal,1356,0.0298572606870951
conditional-fit-0083,axis2_legal,1357,0.0009585653312521748
conditional-fit-0083,axis2_legal,1358,0.020851608904846036
conditional-fit-0083,axis2_legal,1359,0.07227419356227024
conditional-fit-0083,axis2_legal,1360,0.019908397064726933
conditional-fit-0083,axis2_legal,1361,0.03139926186772241
conditional-fit-0083,axis2_legal,1362,0.11312668546699822
conditional-fit-0083,axis2_legal,1363,0.002638216417399374
conditional-fit-0083,axis2_legal,1364,0.017456229677362906
conditional-fit-0083,axis2_legal,1365,0.033388669933588314
conditional-fit-0083,axis2_legal,1366,0.01894295474589664
conditional-fit-0083,axis2_legal,1367,0.007392856238473246
conditional-fit-0083,axis2_legal,1368,0.009260737634319192
conditional-fit-0083,axis2_legal,1369,0.0403613374946132
conditional-fit-0083,axis2_legal,1370,0.04079347946035044
conditional-fit-0083,axis2_legal,1371,0.035921637573348444
conditional-fit-0083,axis2_legal,1372,0.013711966062456633
conditional-fit-0083,axis2_legal,1373,0.03843954623967205
conditional-fit-0083,axis2_legal,1374,0.01962067526900816
conditional-fit-0083,axis2_legal,1375,0.017752667730244386
conditional-fit-0083,axis2_legal,1376,0.0024063716734317943
conditional-fit-0083,axis2_legal,1377,0.0056402231045399286
conditional-fit-0083,axis2_legal,1378,0.01901017490683791
conditional-fit-0083,axis2_legal,1379,0.018787129939449986
conditional-fit-0083,axis2_legal,1380,7.08641876065266e-05
conditional-fit-0083,axis2_legal,1381,0.004791562086236132
conditional-fit-0083,axis2_legal,1382,0.010702933424922793
conditional-fit-0083,axis2_legal,1383,0.003663518403778097
conditional-fit-0083,axis2_legal,1384,0.05758283709074777
conditional-fit-0083,axis2_legal,1385,0.008312403081397609
conditional-fit-0083,axis2_legal,1386,0.013875665654450902
conditional-fit-0083,axis2_legal,1387,0.003614088401600115
conditional-fit-0083,axis2_legal,1388,0.00016118328967486365
conditional-fit-0083,axis2_legal,1389,0.014085584409848313
conditional-fit-0083,axis2_legal,1390,0.013397115858624457
conditional-fit-0083,axis2_legal,1391,0.04585759330280763
conditional-fit-0083,axis2_legal,1392,0.05655296088961137
conditional-fit-0083,axis2_legal,1393,0.01399654127575909
conditional-fit-0083,axis2_legal,1394,0.016370321020567933
conditional-fit-0083,axis2_legal,1395,0.005798428142154287
conditional-fit-0083,axis2_legal,1396,0.02478234497517077
conditional-fit-0083,axis2_legal,1397,0.005826360226724463
conditional-fit-0083,axis2_legal,1398,0.027170863586196754
conditional-fit-0083,axis2_legal,1399,0.05279733775926702
conditional-fit-0083,axis2_legal,1400,0.02720755639791346
conditional-fit-0083,axis2_legal,1401,0.0013457944593840403
conditional-fit-0083,axis2_legal,1402,0.00308899935851959
conditional-fit-0083,axis2_legal,1403,0.0025333603582028234
conditional-fit-0083,axis2_legal,1404,0.003854464840020005
conditional-fit-0083,axis2_legal,1405,0.013675315538747373
conditional-fit-0083,axis2_legal,1406,0.02767537361501018
conditional-fit-0083,axis2_legal,1407,0.013583055334053578
conditional-fit-0083,axis2_legal,1408,0.005326924285932131
conditional-fit-0083,axis2_legal,1409,0.014509868507593525
conditional-fit-0083,axis2_legal,1410,0.0015713857815526262
conditional-fit-0083,axis2_legal,1411,0.005785674959511953
conditional-fit-0083,axis2_legal,1412,0.0003327466484218765
conditional-fit-0083,axis2_legal,1413,0.012072345262117536
conditional-fit-0083,axis2_legal,1414,0.028582100254198963
conditional-fit-0083,axis2_legal,1415,1.7613686501132893e-05
conditional-fit-0083,axis2_legal,1416,0.0029222976859511747
conditional-fit-0083,axis2_legal,1417,0.005072993297448661
conditional-fit-0083,axis2_legal,1418,0.0020721471335610232
conditional-fit-0083,axis2_legal,1419,0.002566346091324183
conditional-fit-0083,axis2_legal,1420,0.021176108023888425
conditional-fit-0083,axis2_legal,1421,0.010293212499934798
conditional-fit-0083,axis2_legal,1422,0.06010504739073429
conditional-fit-0083,axis2_legal,1423,0.015094417523642115
conditional-fit-0083,axis2_legal,1424,0.1293867565028442
conditional-fit-0083,axis2_legal,1425,0.0019039119208815686
conditional-fit-0083,axis2_legal,1426,0.004371409124027563
conditional-fit-0083,axis2_legal,1427,0.003201071808373865
conditional-fit-0083,axis2_legal,1428,0.06734858350158933
conditional-fit-0083,axis2_legal,1429,0.06728853129905336
conditional-fit-0083,axis2_legal,1430,0.028114492727875504
conditional-fit-0083,axis2_legal,1431,2.3981209951191814e-05
conditional-fit-0083,axis2_legal,1432,0.002789524668420715
conditional-fit-0083,axis2_legal,1433,0.025723437742733165
conditional-fit-0083,axis2_legal,1434,0.14864058567685726
conditional-fit-0083,axis2_legal,1435,0.003232420808393503
conditional-fit-0083,axis2_legal,1436,0.032627744099586506
conditional-fit-0083,axis2_legal,1437,7.870545130054114e-05
conditional-fit-0083,axis2_legal,1438,0.01129063739131301
conditional-fit-0083,axis2_legal,1439,0.0001894674148788619
conditional-fit-0083,axis2_legal,1440,0.017577903561542454
conditional-fit-0083,axis2_legal,1441,0.03460256495579217
conditional-fit-0083,axis2_legal,1442,0.12127137736797418
conditional-fit-0083,axis2_legal,1443,0.00026153589503116737
conditional-fit-0083,axis2_legal,1444,0.0035365744266822067
conditional-fit-0083,axis2_legal,1445,0.08758602411669195
conditional-fit-0083,axis2_legal,1446,0.0300050335028514
conditional-fit-0083,axis2_legal,1447,0.003736649305451213
conditional-fit-0083,axis2_legal,1448,1.5781189557409635e-05
conditional-fit-0083,axis2_legal,1449,0.006144707745599637
conditional-fit-0083,axis2_legal,1450,0.0014615086824361452
conditional-fit-0083,axis2_legal,1451,0.0032655927043212284
conditional-fit-0083,axis2_legal,1452,4.470185074738583e-05
conditional-fit-0083,axis2_legal,1453,0.0003580872858652465
conditional-fit-0083,axis2_legal,1454,0.011387294478114117
conditional-fit-0083,axis2_legal,1455,0.01568668669503838
conditional-fit-0083,axis2_legal,1456,0.04827725138082294
conditional-fit-0083,axis2_legal,1457,0.023067876176698747
conditional-fit-0083,axis2_legal,1458,0.029030596978695325
conditional-fit-0083,axis2_legal,1459,0.005815314589897744
conditional-fit-0083,axis2_legal,1460,0.0031116522273207394
conditional-fit-0083,axis2_legal,1461,2.5564203992577267e-05
conditional-fit-0083,axis2_legal,1462,0.015149982760466786
conditional-fit-0083,axis2_legal,1463,0.00020034938389359568
conditional-fit-0083,axis2_legal,1464,0.00011527186038648606
conditional-fit-0083,axis2_legal,1465,0.00014909054221999291
conditional-fit-0083,axis2_legal,1466,0.004243684988125841
conditional-fit-0083,axis2_legal,1467,0.0008957487134668006
conditional-fit-0083,axis2_legal,1468,0.06537077086426944
conditional-fit-0083,axis2_legal,1469,0.07033440786399071
conditional-fit-0083,axis2_legal,1470,0.03199776862925363
conditional-fit-0083,axis2_legal,1471,0.09020355196249943
conditional-fit-0083,axis2_legal,1472,0.023042501376823663
conditional-fit-0083,axis2_legal,1473,0.023978812722737053
conditional-fit-0083,axis2_legal,1474,0.009968052758485238
conditional-fit-0083,axis2_legal,1475,0.02377544080748407
conditional-fit-0083,axis2_legal,1476,0.016066516200795345
conditional-fit-0083,axis2_legal,1477,7.382600432889814e-05
conditional-fit-0083,axis2_legal,1478,0.03743693719063667
conditional-fit-0083,axis2_legal,1479,0.024777175022250922
conditional-fit-0083,axis2_legal,1480,0.005682092004381835
conditional-fit-0083,axis2_legal,1481,0.012605770586908163
conditional-fit-0083,axis2_legal,1482,0.027396717856324908
conditional-fit-0083,axis2_legal,1483,0.08537912260202668
conditional-fit-0083,axis2_legal,1484,0.0477052424521863
conditional-fit-0083,axis2_legal,1485,0.004732496951629528
conditional-fit-0083,axis2_legal,1486,0.022254014429050846
conditional-fit-0083,axis2_legal,1487,0.004763534985574244
conditional-fit-0083,axis2_legal,1488,0.10242413769437123
conditional-fit-0083,axis2_legal,1489,0.017819738405904836
conditional-fit-0083,axis2_legal,1490,0.015329030658143996
conditional-fit-0083,axis2_legal,1491,0.100993221232401
conditional-fit-0083,axis2_legal,1492,0.04787074087650535
conditional-fit-0083,axis2_legal,1493,0.29493524834817114
conditional-fit-0083,axis2_legal,1494,0.020418336964235957
conditional-fit-0083,axis2_legal,1495,0.00030431324456882874
conditional-fit-0083,axis2_legal,1496,8.300561688950046e-06
conditional-fit-0083,axis2_legal,1497,0.007915918138211287
conditional-fit-0083,axis2_legal,1498,0.033362637046737524
conditional-fit-0083,axis2_legal,1499,0.02358824566514718
conditional-fit-0083,axis2_legal,1500,0.022030818544358205
conditional-fit-0083,axis2_legal,1501,0.02061115229303813
conditional-fit-0083,axis2_legal,1502,0.016895191066473168
conditional-fit-0083,axis2_legal,1503,0.22925158939581095
conditional-fit-0083,axis2_legal,1504,7.5246382916243455e-06
conditional-fit-0083,axis2_legal,1505,0.02219289002100668
conditional-fit-0083,axis2_legal,1506,0.049016699671322536
conditional-fit-0083,axis2_legal,1507,0.0002091133044212395
conditional-fit-0083,axis2_legal,1508,0.002631491751779831
conditional-fit-0083,axis2_legal,1509,0.013203420554030044
conditional-fit-0083,axis2_legal,1510,0.01078258200461963
conditional-fit-0083,axis2_legal,1511,0.002160019321716546
conditional-fit-0083,axis2_legal,1512,0.03740945499474528
conditional-fit-0083,axis2_legal,1513,0.01860785788543508
conditional-fit-0083,axis2_legal,1514,0.026809329858512206
conditional-fit-0083,axis2_legal,1515,0.009276495862572487
conditional-fit-0083,axis2_legal,1516,0.006858877515282864
conditional-fit-0083,axis2_legal,1517,0.04351612090044534
conditional-fit-0083,axis2_legal,1518,0.036443938317949606
conditional-fit-0083,axis2_legal,1519,0.042903586959728866
conditional-fit-0083,axis2_legal,1520,0.013966395868564064
conditional-fit-0083,axis2_legal,1521,0.02953150419170157
conditional-fit-0083,axis2_legal,1522,0.07341805990833382
conditional-fit-0083,axis2_legal,1523,6.57247597270892e-05
conditional-fit-0083,axis2_legal,1524,3.8647715993905174e-05
conditional-fit-0083,axis2_legal,1525,0.016435066475698805
conditional-fit-0083,axis2_legal,1526,0.07218048488849728
conditional-fit-0083,axis2_legal,1527,0.0034748473311250806
conditional-fit-0083,axis2_legal,1528,0.02393075157552351
conditional-fit-0083,axis2_legal,1529,0.04340573444301446
conditional-fit-0083,axis2_legal,1530,0.05295090100641883
conditional-fit-0083,axis2_legal,1531,0.014557722473324841
conditional-fit-0083,axis2_legal,1532,0.008003947560003393
conditional-fit-0083,axis2_legal,1533,0.003320179428263453
conditional-fit-0083,axis2_legal,1534,0.039224416631742774
conditional-fit-0083,axis2_legal,1535,0.01587635111229917
conditional-fit-0083,axis2_legal,1536,0.0765196329274198
conditional-fit-0083,axis2_legal,1537,0.11272605717017374
conditional-fit-0083,axis2_legal,1538,0.03585368235235459
conditional-fit-0083,axis2_legal,1539,0.007065194817972593
conditional-fit-0083,axis2_legal,1540,0.0001580668555604609
conditional-fit-0083,axis2_legal,1541,0.0004903734382116045
conditional-fit-0083,axis2_legal,1542,0.007966630713700145
conditional-fit-0083,axis2_legal,1543,0.0006089186300019168
conditional-fit-0083,axis2_legal,1544,0.00010219663200953632
conditional-fit-0083,axis2_legal,1545,0.06120477928532016
conditional-fit-0083,axis2_legal,1546,0.04720644669351723
conditional-fit-0083,axis2_legal,1547,0.7729012604583669
conditional-fit-0083,axis2_legal,1548,0.006010088905894641
conditional-fit-0083,axis2_legal,1549,0.018951565139015004
conditional-fit-0083,axis2_legal,1550,0.008436714918354323
conditional-fit-0083,axis2_legal,1551,7.804484163339068e-05
conditional-fit-0083,axis2_legal,1552,7.451700206325581e-05
conditional-fit-0083,axis2_legal,1553,0.0008561338552814446
conditional-fit-0083,axis2_legal,1554,0.0010781523147849652
conditional-fit-0083,axis2_legal,1555,7.502937090475055e-05
conditional-fit-0083,axis2_legal,1556,0.01357124253847085
conditional-fit-0083,axis2_legal,1557,0.005291449987028455
conditional-fit-0083,axis2_legal,1558,0.0914078945450908
conditional-fit-0083,axis2_legal,1559,0.007272843259989788
conditional-fit-0083,axis2_legal,1560,0.0008417351516206078
conditional-fit-0083,axis2_legal,1561,8.614421314356719e-05
conditional-fit-0083,axis2_legal,1562,0.013343064370159499
conditional-fit-0083,axis2_legal,1563,0.018114590735083612
conditional-fit-0083,axis2_legal,1564,0.0875464419024283
conditional-fit-0083,axis2_legal,1565,0.13343882603151414
conditional-fit-0083,axis2_legal,1566,0.07968723669103911
conditional-fit-0083,axis2_legal,1567,0.014683333843632533
conditional-fit-0083,axis2_legal,1568,0.07092778280963376
conditional-fit-0083,axis2_legal,1569,0.17004695540735776
conditional-fit-0083,axis2_legal,1570,0.012781023306099037
conditional-fit-0083,axis2_legal,1571,0.0004522837209097033
conditional-fit-0083,axis2_legal,1572,0.04525758006518697
conditional-fit-0083,axis2_legal,1573,0.12655799555426042
conditional-fit-0083,axis2_legal,1574,0.026051858560368513
conditional-fit-0083,axis2_legal,1575,0.008978814660634788
conditional-fit-0083,axis2_legal,1576,0.022273392316447597
conditional-fit-0083,axis2_legal,1577,0.09311852686769809
conditional-fit-0083,axis2_legal,1578,0.11543198052869204
conditional-fit-0083,axis2_legal,1579,0.028742953186154586
conditional-fit-0083,axis2_legal,1580,0.12155767316281926
conditional-fit-0083,axis2_legal,1581,0.10363924217113141
conditional-fit-0083,axis2_legal,1582,0.11702021326041814
conditional-fit-0083,axis2_legal,1583,0.005982490187504532
conditional-fit-0083,axis2_legal,1584,0.33667273598138064
conditional-fit-0083,axis2_legal,1585,0.0398297803446863
conditional-fit-0083,axis2_legal,1586,0.03999177860398075
conditional-fit-0083,axis2_legal,1587,0.21329217608637685
conditional-fit-0083,axis2_legal,1588,0.008923876321482286
conditional-fit-0083,axis2_legal,1589,0.10434029245556356
conditional-fit-0083,axis2_legal,1590,0.012928375383427339
conditional-fit-0083,axis2_legal,1591,0.0852255353912445
conditional-fit-0083,axis2_legal,1592,0.031810633241389094
conditional-fit-0083,axis2_legal,1593,0.07031026089338335
conditional-fit-0083,axis2_legal,1594,0.042260461402677
conditional-fit-0083,axis2_legal,1595,4.514667428122889e-05
conditional-fit-0083,axis2_legal,1596,0.042522994312679835
conditional-fit-0083,axis2_legal,1597,0.005368100817742539
conditional-fit-0083,axis2_legal,1598,0.30510869871436536
conditional-fit-0083,axis2_legal,1599,0.025582828133258607
conditional-fit-0083,axis2_legal,1600,0.7525193741398354
conditional-fit-0083,axis2_legal,1601,0.00023473493562429484
conditional-fit-0083,axis2_legal,1602,0.01927284076041278
conditional-fit-0083,axis2_legal,1603,0.020580899293221128
conditional-fit-0083,axis2_legal,1604,0.04573865361426048
conditional-fit-0083,axis2_legal,1605,0.007449469453167549
conditional-fit-0083,axis2_legal,1606,0.03075300680812351
conditional-fit-0083,axis2_legal,1607,0.06086785947489417
conditional-fit-0083,axis2_legal,1608,0.004258124088826663
conditional-fit-0083,axis2_legal,1609,0.07158612006183482
conditional-fit-0083,axis2_legal,1610,0.03309702357082028
conditional-fit-0083,axis2_legal,1611,0.0010708433441713257
conditional-fit-0083,axis2_legal,1612,0.0875889184280904
conditional-fit-0083,axis2_legal,1613,0.023492328566984765
conditional-fit-0083,axis2_legal,1614,0.03448609481441639
conditional-fit-0083,axis2_legal,1615,0.032405096818771816
conditional-fit-0083,axis2_legal,1616,0.04699373082925135
conditional-fit-0083,axis2_legal,1617,0.019211557578869023
conditional-fit-0083,axis2_legal,1618,0.02421448413760901
conditional-fit-0083,axis2_legal,1619,0.04555486603708691
conditional-fit-0083,axis2_legal,1620,0.1643398931187058
conditional-fit-0083,axis2_legal,1621,0.0006111353049110447
conditional-fit-0083,axis2_legal,1622,0.051669823059863985
conditional-fit-0083,axis2_legal,1623,0.15932556054016248
conditional-fit-0083,axis2_legal,1624,0.01997320473350086
conditional-fit-0083,axis2_legal,1625,0.025690182906086028
conditional-fit-0083,axis2_legal,1626,0.00021415119002286264
conditional-fit-0083,axis2_legal,1627,0.0036330354969378947
conditional-fit-0083,axis2_legal,1628,0.005808533026254333
conditional-fit-0083,axis2_legal,1629,0.008101548422287799
conditional-fit-0083,axis2_legal,1630,0.023991578699026496
conditional-fit-0083,axis2_legal,1631,0.033270523003287866
conditional-fit-0083,axis2_legal,1632,0.017286759128213
conditional-fit-0083,axis2_legal,1633,0.01018842083913832
conditional-fit-0083,axis2_legal,1634,0.06086631638609522
conditional-fit-0083,axis2_legal,1635,0.007375214433398253
conditional-fit-0083,axis2_legal,1636,0.0016762818097532002
conditional-fit-0083,axis2_legal,1637,0.03485767305000994
conditional-fit-0083,axis2_legal,1638,0.009315862090526653
conditional-fit-0083,axis2_legal,1639,5.018277547723854e-05
conditional-fit-0083,axis2_legal,1640,0.0014230879870221233
conditional-fit-0083,axis2_legal,1641,0.009539969173548091
conditional-fit-0083,axis2_legal,1642,0.024701233414423856
conditional-fit-0083,axis2_legal,1643,0.04323576056859764
conditional-fit-0083,axis2_legal,1644,0.0019275113641518023
conditional-fit-0083,axis2_legal,1645,0.036861714043063154
conditional-fit-0083,axis2_legal,1646,0.014074353874126325
conditional-fit-0083,axis2_legal,1647,0.042858260203441884
conditional-fit-0083,axis2_legal,1648,0.0764778968346387
conditional-fit-0083,axis2_legal,1649,0.0010756464133249754
conditional-fit-0083,axis2_legal,1650,0.015036465642556316
conditional-fit-0083,axis2_legal,1651,0.006682775259935445
conditional-fit-0083,axis2_legal,1652,0.11590944994614531
conditional-fit-0083,axis2_legal,1653,2.2332805805275447e-05
conditional-fit-0083,axis2_legal,1654,0.0005289854091242883
conditional-fit-0083,axis2_legal,1655,0.037303942703067604
conditional-fit-0083,axis2_legal,1656,0.00146568685263495
conditional-fit-0083,axis2_legal,1657,0.011167365703131331
conditional-fit-0083,axis2_legal,1658,0.018082297001150546
conditional-fit-0083,axis2_legal,1659,0.03420694932574573
conditional-fit-0083,axis2_legal,1660,0.060089908960468286
conditional-fit-0083,axis2_legal,1661,8.601840643731616e-05
conditional-fit-0083,axis2_legal,1662,0.00015635519811415917
conditional-fit-0083,axis2_legal,1663,0.0004834187075731371
conditional-fit-0083,axis2_legal,1664,0.018370028350245687
conditional-fit-0083,axis2_legal,1665,0.022894779691738316
conditional-fit-0083,axis2_legal,1666,0.03888503441767929
conditional-fit-0083,axis2_legal,1667,0.037579661270398836
conditional-fit-0083,axis2_legal,1668,0.007715846787257497
conditional-fit-0083,axis2_legal,1669,0.028900571196623547
conditional-fit-0083,axis2_legal,1670,0.01969465152027093
conditional-fit-0083,axis2_legal,1671,0.016554188158873277
conditional-fit-0083,axis2_legal,1672,0.00013140584785325504
conditional-fit-0083,axis2_legal,1673,0.0017064021776314253
conditional-fit-0083,axis2_legal,1674,0.033217857958439394
conditional-fit-0083,axis2_legal,1675,0.003008191141609556
conditional-fit-0083,axis2_legal,1676,0.00026496854939886286
conditional-fit-0083,axis2_legal,1677,0.099947406443409
conditional-fit-0083,axis2_legal,1678,0.0011755287406138171
conditional-fit-0083,axis2_legal,1679,0.01243326586047459
conditional-fit-0083,axis2_legal,1680,0.0034551218081996862
conditional-fit-0083,axis2_legal,1681,0.028102958096802005
conditional-fit-0083,axis2_legal,1682,0.020594976276361386
conditional-fit-0083,axis2_legal,1683,0.015660905163540788
conditional-fit-0083,axis2_legal,1684,0.04710519064759132
conditional-fit-0083,axis2_legal,1685,0.040915335829073175
conditional-fit-0083,axis2_legal,1686,0.06199350257148041
conditional-fit-0083,axis2_legal,1687,0.04486087333741869
conditional-fit-0083,axis2_legal,1688,0.07092465988006394
conditional-fit-0083,axis2_legal,1689,0.014800059921862087
conditional-fit-0083,axis2_legal,1690,0.015055589273151907
conditional-fit-0083,axis2_legal,1691,0.04175496873359822
conditional-fit-0083,axis2_legal,1692,0.007260643637048484
conditional-fit-0083,axis2_legal,1693,0.06545932275153547
conditional-fit-0083,axis2_legal,1694,0.24567068729288416
conditional-fit-0083,axis2_legal,1695,0.16682456808981264
conditional-fit-0083,axis2_legal,1696,0.07910350455978704
conditional-fit-0083,axis2_legal,1697,0.029443586799384757
conditional-fit-0083,axis2_legal,1698,0.002613615700363064
conditional-fit-0083,axis2_legal,1699,0.01599760585195238
conditional-fit-0083,axis2_legal,1700,0.026259901606709848
conditional-fit-0083,axis2_legal,1701,0.00955450601857017
conditional-fit-0083,axis2_legal,1702,0.0696094824460893
conditional-fit-0083,axis2_legal,1703,0.022266678750627746
conditional-fit-0083,axis2_legal,1704,0.018317053727615197
conditional-fit-0083,axis2_legal,1705,0.05035697074350805
conditional-fit-0083,axis2_legal,1706,0.12046750232201188
conditional-fit-0083,axis2_legal,1707,0.021459114061422292
conditional-fit-0083,axis2_legal,1708,0.052809891454393534
conditional-fit-0083,axis2_legal,1709,0.030136158413098284
conditional-fit-0083,axis2_legal,1710,0.007034961656355343
conditional-fit-0083,axis2_legal,1711,0.1891004913209763
conditional-fit-0083,axis2_legal,1712,0.006813771775495322
conditional-fit-0083,axis2_legal,1713,0.0005265043102873755
conditional-fit-0083,axis2_legal,1714,0.04756784871017722
conditional-fit-0083,axis2_legal,1715,0.013068287567531481
conditional-fit-0083,axis2_legal,1716,0.0037415329724327494
conditional-fit-0083,axis2_legal,1717,0.10026978335901438
conditional-fit-0083,axis2_legal,1718,0.00559119453823378
conditional-fit-0083,axis2_legal,1719,0.04239900801773727
conditional-fit-0083,axis2_legal,1720,0.08842999514245774
conditional-fit-0083,axis2_legal,1721,0.006371399381826801
conditional-fit-0083,axis2_legal,1722,0.0721883563673055
conditional-fit-0083,axis2_legal,1723,0.0004631205115682091
conditional-fit-0083,axis2_legal,1724,0.00010521791719634834
conditional-fit-0083,axis2_legal,1725,0.00012805655083095532
conditional-fit-0083,axis2_legal,1726,0.007211123530043141
conditional-fit-0083,axis2_legal,1727,0.05414565761949721
conditional-fit-0083,axis2_legal,1728,0.0010979464301996904
conditional-fit-0083,axis2_legal,1729,0.004637211567356603
conditional-fit-0083,axis2_legal,1730,0.00026824585423919594
conditional-fit-0083,axis2_legal,1731,0.012522727915818155
conditional-fit-0083,axis2_legal,1732,0.006936315682793493
conditional-fit-0083,axis2_legal,1733,0.18310897490642508
conditional-fit-0083,axis2_legal,1734,0.02059056238233376
conditional-fit-0083,axis2_legal,1735,0.0575066263980194
conditional-fit-0083,axis2_legal,1736,0.0060389661231225415
conditional-fit-0083,axis2_legal,1737,0.0342443629223033
conditional-fit-0083,axis2_legal,1738,0.00017433396680838626
conditional-fit-0083,axis2_legal,1739,0.10476499550887694
conditional-fit-0083,axis2_legal,1740,0.07969103406134713
conditional-fit-0083,axis2_legal,1741,0.10295372267111154
conditional-fit-0083,axis2_legal,1742,0.020027803533881654
conditional-fit-0083,axis2_legal,1743,0.008798556785386394
conditional-fit-0083,axis2_legal,1744,0.058540744328174625
conditional-fit-0083,axis2_legal,1745,0.023726267681574084
conditional-fit-0083,axis2_legal,1746,0.03336223295809459
conditional-fit-0083,axis2_legal,1747,0.026168352559890164
conditional-fit-0083,axis2_legal,1748,0.08162966048800228
conditional-fit-0083,axis2_legal,1749,0.09163217883952035
conditional-fit-0083,axis2_legal,1750,0.0010329015294027945
conditional-fit-0083,axis2_legal,1751,0.03445141199835185
conditional-fit-0083,axis2_legal,1752,0.12423376231564798
conditional-fit-0083,axis2_legal,1753,0.041154137205593105
conditional-fit-0083,axis2_legal,1754,0.033468930824794615
conditional-fit-0083,axis2_legal,1755,0.06609880913065219
conditional-fit-0083,axis2_legal,1756,0.03424344411825067
conditional-fit-0083,axis2_legal,1757,0.04636239427375265
conditional-fit-0083,axis2_legal,1758,0.1888999027995924
conditional-fit-0083,axis2_legal,1759,0.06634503697446853
conditional-fit-0083,axis2_legal,1760,0.12603728742850795
conditional-fit-0083,axis2_legal,1761,0.07346325348634508
conditional-fit-0083,axis2_legal,1762,0.0036837728888373016
conditional-fit-0083,axis2_legal,1763,0.04795206070813011
conditional-fit-0083,axis2_legal,1764,0.04516823673295814
conditional-fit-0083,axis2_legal,1765,0.04928614086049656
conditional-fit-0083,axis2_legal,1766,0.028009955609401158
conditional-fit-0083,axis2_legal,1767,0.07776411842959005
conditional-fit-0083,axis2_legal,1768,0.14216066069473227
conditional-fit-0083,axis2_legal,1769,0.02627291428446269
conditional-fit-0083,axis2_legal,1770,4.943104495341227e-05
conditional-fit-0083,axis2_legal,1771,0.0019410090759972645
conditional-fit-0083,axis2_legal,1772,0.03773364031371994
conditional-fit-0083,axis2_legal,1773,0.009447362292680672
conditional-fit-0083,axis2_legal,1774,0.07673287963209212
conditional-fit-0083,axis2_legal,1775,0.0023265550128701643
conditional-fit-0083,axis2_legal,1776,0.00025218420848665326
conditional-fit-0083,axis2_legal,1777,0.03002180439049303
conditional-fit-0083,axis2_legal,1778,3.109932718784496e-06
conditional-fit-0083,axis2_legal,1779,0.004934443588990645
conditional-fit-0083,axis2_legal,1780,0.058319834069185936
conditional-fit-0083,axis2_legal,1781,0.0168626233112822
conditional-fit-0083,axis2_legal,1782,0.04509294611435194
conditional-fit-0083,axis2_legal,1783,0.00028237932303537116
conditional-fit-0083,axis2_legal,1784,0.022896089964339467
conditional-fit-0083,axis2_legal,1785,0.03970965976830296
conditional-fit-0083,axis2_legal,1786,0.0447416911858059
conditional-fit-0083,axis2_legal,1787,0.008965156244540588
conditional-fit-0083,axis2_legal,1788,0.02606045484571979
conditional-fit-0083,axis2_legal,1789,0.017298128684980325
conditional-fit-0083,axis2_legal,1790,0.05296666585103456
conditional-fit-0083,axis2_legal,1791,0.0038119254922010784
conditional-fit-0083,axis2_legal,1792,0.013384728042714442
conditional-fit-0083,axis2_legal,1793,0.06883252850383492
conditional-fit-0083,axis2_legal,1794,0.004336257707428301
conditional-fit-0083,axis2_legal,1795,2.58346921825265e-05
conditional-fit-0083,axis2_legal,1796,0.004323893798898152
conditional-fit-0083,axis2_legal,1797,0.001153720415391123
conditional-fit-0083,axis2_legal,1798,0.0013270475778070303
conditional-fit-0083,axis2_legal,1799,0.0006279959449077761
conditional-fit-0083,axis2_legal,1800,0.0002271282919383442
conditional-fit-0083,axis2_legal,1801,0.11177835138816408
conditional-fit-0083,axis2_legal,1802,0.001631474361188003
conditional-fit-0083,axis2_legal,1803,0.08086545285933405
conditional-fit-0083,axis2_legal,1804,0.00014442826891669872
conditional-fit-0083,axis2_legal,1805,6.245348914034012e-05
conditional-fit-0083,axis2_legal,1806,0.055772189913066796
conditional-fit-0083,axis2_legal,1807,0.000742735547087687
conditional-fit-0083,axis2_legal,1808,0.002355927977528887
conditional-fit-0083,axis2_legal,1809,0.018102575448297832
conditional-fit-0083,axis2_legal,1810,0.0005348973294208782
conditional-fit-0083,axis2_legal,1811,4.6126797041227315e-05
conditional-fit-0083,axis2_legal,1812,0.0001844302956681541
conditional-fit-0083,axis2_legal,1813,2.248267553871858e-05
conditional-fit-0083,axis2_legal,1814,3.1512087627368414e-06
conditional-fit-0083,axis2_legal,1815,0.08338704700074286
conditional-fit-0083,axis2_legal,1816,0.015764468618636188
conditional-fit-0083,axis2_legal,1817,3.427632487379923e-05
conditional-fit-0083,axis2_legal,1818,0.0008655381915952833
conditional-fit-0083,axis2_legal,1819,5.1218362732615927e-05
conditional-fit-0083,axis2_legal,1820,6.569598570317089e-05
conditional-fit-0083,axis2_legal,1821,0.0009810457290976718
conditional-fit-0083,axis2_legal,1822,0.00032923914552362163
conditional-fit-0083,axis2_legal,1823,1.8089637290540485e-05
conditional-fit-0083,axis2_legal,1824,6.976260796176928e-05
conditional-fit-0083,axis2_legal,1825,8.452961327732385e-05
conditional-fit-0083,axis2_legal,1826,0.00628860071302431
conditional-fit-0083,axis2_legal,1827,0.005653684617527386
conditional-fit-0083,axis2_legal,1828,0.03226285173232642
conditional-fit-0083,axis2_legal,1829,0.000357157239951127
conditional-fit-0083,axis2_legal,1830,8.659286951013552e-06
conditional-fit-0083,axis2_legal,1831,0.000750990732436901
conditional-fit-0083,axis2_legal,1832,0.007775330800520695
conditional-fit-0083,axis2_legal,1833,0.0021154120138996537
conditional-fit-0083,axis2_legal,1834,0.09527402762227707
conditional-fit-0083,axis2_legal,1835,0.026582338440302115
conditional-fit-0083,axis2_legal,1836,0.009802160681810182
conditional-fit-0083,axis2_legal,1837,0.01485992141173481
conditional-fit-0083,axis2_legal,1838,0.00048298143011191316
conditional-fit-0083,axis2_legal,1839,0.001000869117381768
conditional-fit-0083,axis2_legal,1840,0.03048885055110698
conditional-fit-0083,axis2_legal,1841,0.0013499244734999352
conditional-fit-0083,axis2_legal,1842,0.0001415202120689074
conditional-fit-0083,axis2_legal,1843,0.07029686853077781
conditional-fit-0083,axis2_legal,1844,0.0014410651618247897
conditional-fit-0083,axis2_legal,1845,0.27440881363464387
conditional-fit-0083,axis2_legal,1846,0.0005204157857148221
conditional-fit-0083,axis2_legal,1847,0.00032988583746759866
conditional-fit-0083,axis2_legal,1848,0.0002823991664313679
conditional-fit-0083,axis2_legal,1849,0.08628189015043637
conditional-fit-0083,axis2_legal,1850,0.029624906707505488
conditional-fit-0083,axis2_legal,1851,6.1490736711540296e-06
conditional-fit-0083,axis2_legal,1852,0.00019219407686832732
conditional-fit-0083,axis2_legal,1853,0.003124448580684567
conditional-fit-0083,axis2_legal,1854,0.004700856749114211
conditional-fit-0083,axis2_legal,1855,5.201938544706623e-06
conditional-fit-0083,axis2_legal,1856,6.491327753447584e-05
conditional-fit-0083,axis2_legal,1857,0.0013100108107570291
conditional-fit-0083,axis2_legal,1858,0.017066314823457194
conditional-fit-0083,axis2_legal,1859,0.000507922430501383
conditional-fit-0083,axis2_legal,1860,0.005900667236325199
conditional-fit-0083,axis2_legal,1861,0.0012545738286792866
conditional-fit-0083,axis2_legal,1862,0.05990660231912047
conditional-fit-0083,axis2_legal,1863,0.4845953048974516
conditional-fit-0083,axis2_legal,1864,0.002121750953523611
conditional-fit-0083,axis2_legal,1865,0.0005738116078120809
conditional-fit-0083,axis2_legal,1866,0.17928868284725025
conditional-fit-0083,axis2_legal,1867,0.0007375087099248521
conditional-fit-0083,axis2_legal,1868,0.1394198849437431
conditional-fit-0083,axis2_legal,1869,0.00232065631209305
conditional-fit-0083,axis2_legal,1870,0.001866719741535932
conditional-fit-0083,axis2_legal,1871,0.0015543480149581414
conditional-fit-0083,axis2_legal,1872,0.02108530121488673
conditional-fit-0083,axis2_legal,1873,0.00032538509032412023
conditional-fit-0083,axis2_legal,1874,7.701905588505514e-05
conditional-fit-0083,axis2_legal,1875,0.008621764490136685
conditional-fit-0083,axis2_legal,1876,0.12499973638341787
conditional-fit-0083,axis2_legal,1877,0.0023549888780031174
conditional-fit-0083,axis2_legal,1878,0.002551514359427512
conditional-fit-0083,axis2_legal,1879,0.03657154066502544
conditional-fit-0083,axis2_legal,1880,0.009785959032777016
conditional-fit-0083,axis2_legal,1881,0.0018872492303459005
conditional-fit-0083,axis2_legal,1882,0.0014025722246186162
conditional-fit-0083,axis2_legal,1883,0.04603706812876087
conditional-fit-0083,axis2_legal,1884,0.06050276318629376
conditional-fit-0083,axis2_legal,1885,0.007501933546619985
conditional-fit-0083,axis2_legal,1886,0.25018516275408
conditional-fit-0083,axis2_legal,1887,0.14146251016895325
conditional-fit-0083,axis2_legal,1888,0.20792430286773447
conditional-fit-0083,axis2_legal,1889,0.03856735233434483
conditional-fit-0083,axis2_legal,1890,0.10221074759394516
conditional-fit-0083,axis2_legal,1891,0.08805131586300197
conditional-fit-0083,axis2_legal,1892,0.020341742233975793
conditional-fit-0083,axis2_legal,1893,0.03292997072309086
conditional-fit-0083,axis2_legal,1894,0.00019718087085363403
conditional-fit-0083,axis2_legal,1895,0.03345011493815686
conditional-fit-0083,axis2_legal,1896,0.00035629759936056974
conditional-fit-0083,axis2_legal,1897,0.00022992005093006452
conditional-fit-0083,axis2_legal,1898,0.00017359101816727526
conditional-fit-0083,axis2_legal,1899,0.0001749448898733578
conditional-fit-0083,axis2_legal,1900,0.017725284136480862
conditional-fit-0083,axis2_legal,1901,3.264416936990807e-05
conditional-fit-0083,axis2_legal,1902,0.0004659662139565068
conditional-fit-0083,axis2_legal,1903,0.0031947055444242587
conditional-fit-0083,axis2_legal,1904,1.2298372533607008e-05
conditional-fit-0083,axis2_legal,1905,0.00020376983220684127
conditional-fit-0083,axis2_legal,1906,0.011139151827334819
conditional-fit-0083,axis2_legal,1907,0.7151893174821591
conditional-fit-0083,axis2_legal,1908,0.0008565805719655134
conditional-fit-0083,axis2_legal,1909,0.0011140833303635441
conditional-fit-0083,axis2_legal,1910,3.6893957391296976
conditional-fit-0083,axis2_legal,1911,0.1209744122224293
conditional-fit-0083,axis2_legal,1912,0.005259176971720308
conditional-fit-0083,axis2_legal,1913,0.13107561842619306
conditional-fit-0083,axis2_legal,1914,0.00197405461489607
conditional-fit-0083,axis2_legal,1915,0.0015549534888472253
conditional-fit-0083,axis2_legal,1916,0.0272122843651511
conditional-fit-0083,axis2_legal,1917,0.0010394337630201362
conditional-fit-0083,axis2_legal,1918,0.00037563812812688494
conditional-fit-0083,axis2_legal,1919,6.553835012379151e-05
conditional-fit-0083,axis2_legal,1920,6.98738823459844e-05
conditional-fit-0083,axis2_legal,1921,0.00039557185523100976
conditional-fit-0083,axis2_legal,1922,0.0019797987717586635
conditional-fit-0083,axis2_legal,1923,0.08544856860357243
conditional-fit-0083,axis2_legal,1924,0.011543956610849716
conditional-fit-0083,axis2_legal,1925,0.0004268871106961593
conditional-fit-0083,axis2_legal,1926,0.11103712772215306
conditional-fit-0083,axis2_legal,1927,0.0007318860363163993
conditional-fit-0083,axis2_legal,1928,0.002220856017811841
conditional-fit-0083,axis2_legal,1929,8.243535381247702e-06
conditional-fit-0083,axis2_legal,1930,0.008021731891382049
conditional-fit-0083,axis2_legal,1931,0.0007194334003454092
conditional-fit-0083,axis2_legal,1932,0.033453971933767014
conditional-fit-0083,axis2_legal,1933,4.262574540087406e-05
conditional-fit-0083,axis2_legal,1934,0.0010674965472535509
conditional-fit-0083,axis2_legal,1935,0.06402517757503623
conditional-fit-0083,axis2_legal,1936,7.11859052568963e-05
conditional-fit-0083,axis2_legal,1937,9.908710460180681e-05
conditional-fit-0083,axis2_legal,1938,0.0033632288791333436
conditional-fit-0083,axis2_legal,1939,8.619306772577446e-05
conditional-fit-0083,axis2_legal,1940,0.00012707711469688628
conditional-fit-0083,axis2_legal,1941,7.407833111116635e-05
conditional-fit-0083,axis2_legal,1942,5.4202234367004896e-05
conditional-fit-0083,axis2_legal,1943,4.9097334510496737e-05
conditional-fit-0083,axis2_legal,1944,0.02939802396351282
conditional-fit-0083,axis2_legal,1945,0.025185157236595195
conditional-fit-0083,axis2_legal,1946,0.0006465701618134222
conditional-fit-0083,axis2_legal,1947,0.16824905136322274
conditional-fit-0083,axis2_legal,1948,0.049061924700224725
conditional-fit-0083,axis2_legal,1949,0.00020800053602717625
conditional-fit-0083,axis2_legal,1950,0.016827763423899328
conditional-fit-0083,axis2_legal,1951,0.001603368581536394
conditional-fit-0083,axis2_legal,1952,0.004722680967023078
conditional-fit-0083,axis2_legal,1953,0.022349367966228943
conditional-fit-0083,axis2_legal,1954,0.01937057772197343
conditional-fit-0083,axis2_legal,1955,0.0016927861228529862
conditional-fit-0083,axis2_legal,1956,0.03210033816942766
conditional-fit-0083,axis2_legal,1957,0.013781015768039726
conditional-fit-0083,axis2_legal,1958,0.004151116550704591
conditional-fit-0083,axis2_legal,1959,0.00048094117076051784
conditional-fit-0083,axis2_legal,1960,0.004151832663647603
conditional-fit-0083,axis2_legal,1961,0.00528129163664423
conditional-fit-0083,axis2_legal,1962,0.0003285602842216948
conditional-fit-0083,axis2_legal,1963,0.004401833737776315
conditional-fit-0083,axis2_legal,1964,0.0005400642607114688
conditional-fit-0083,axis2_legal,1965,0.026740267721792815
conditional-fit-0083,axis2_legal,1966,0.02611050333250432
conditional-fit-0083,axis2_legal,1967,0.00015369886434582323
conditional-fit-0083,axis2_legal,1968,0.0007197226533890565
conditional-fit-0083,axis2_legal,1969,0.06170976311329915
conditional-fit-0083,axis2_legal,1970,0.09845207750512028
conditional-fit-0083,axis2_legal,1971,0.21840369377496044
conditional-fit-0083,axis2_legal,1972,0.04305182369820363
conditional-fit-0083,axis2_legal,1973,0.039105855126736644
conditional-fit-0083,axis2_legal,1974,0.032882342999815406
conditional-fit-0083,axis2_legal,1975,0.06803289181169347
conditional-fit-0083,axis2_legal,1976,0.010362376554248251
conditional-fit-0083,axis2_legal,1977,0.0009787308581802236
conditional-fit-0083,axis2_legal,1978,0.006234697694852994
conditional-fit-0083,axis2_legal,1979,0.03897729478867382
conditional-fit-0083,axis2_legal,1980,0.008682822394956338
conditional-fit-0083,axis2_legal,1981,0.0005866941270918211
conditional-fit-0083,axis2_legal,1982,0.02650862481810251
conditional-fit-0083,axis2_legal,1983,0.07323404488210533
conditional-fit-0083,axis2_legal,1984,0.0029791521813533543
conditional-fit-0083,axis2_legal,1985,0.00970851090082116
conditional-fit-0083,axis2_legal,1986,0.005172013181694896
conditional-fit-0083,axis2_legal,1987,0.0028608941961498022
conditional-fit-0083,axis2_legal,1988,0.002572687502702892
conditional-fit-0083,axis2_legal,1989,0.0034267238615873427
conditional-fit-0083,axis2_legal,1990,0.12076576643562688
conditional-fit-0083,axis2_legal,1991,0.004155310735446331
conditional-fit-0083,axis2_legal,1992,0.0005864427789481182
conditional-fit-0083,axis2_legal,1993,0.0843588346275885
conditional-fit-0083,axis2_legal,1994,0.01765850793331145
conditional-fit-0083,axis2_legal,1995,0.00998966265248921
conditional-fit-0083,axis2_legal,1996,0.009566360438080186
conditional-fit-0083,axis2_legal,1997,0.058887336063421065
conditional-fit-0083,axis2_legal,1998,0.0006176061644086032
conditional-fit-0083,axis2_legal,1999,0.031246450390200103
conditional-fit-0083,axis2_legal,2000,0.06822324408662876
conditional-fit-0083,axis2_legal,2001,0.008034474416038054
conditional-fit-0083,axis2_legal,2002,3.52103435631956e-05
conditional-fit-0083,axis2_legal,2003,0.008731744777656878
conditional-fit-0083,axis2_legal,2004,0.0002149385488466421
conditional-fit-0083,axis2_legal,2005,0.00014710910725053224
conditional-fit-0083,axis2_legal,2006,0.03026689554098775
conditional-fit-0083,axis2_legal,2007,0.059949094303793395
conditional-fit-0083,axis2_legal,2008,0.0021964802759933243
conditional-fit-0083,axis2_legal,2009,0.18152358438919852
conditional-fit-0083,axis2_legal,2010,0.002926664060755084
conditional-fit-0083,axis2_legal,2011,0.009916515388330906
conditional-fit-0083,axis2_legal,2012,0.007291637332771696
conditional-fit-0083,axis2_legal,2013,0.02437569595203646
conditional-fit-0083,axis2_legal,2014,0.015211001114327077
conditional-fit-0083,axis2_legal,2015,0.020232497726643102
conditional-fit-0083,axis2_legal,2016,0.04422267625061244
conditional-fit-0083,axis2_legal,2017,0.000373632707632278
conditional-fit-0083,axis2_legal,2018,0.009444763414372306
conditional-fit-0083,axis2_legal,2019,0.010360364584623586
conditional-fit-0083,axis2_legal,2020,0.05235647889690444
conditional-fit-0083,axis2_legal,2021,0.01427009301973926
conditional-fit-0083,axis2_legal,2022,0.06091175286148698
conditional-fit-0083,axis2_legal,2023,0.0012435709511289467
conditional-fit-0083,axis2_legal,2024,0.027408473874913426
conditional-fit-0083,axis2_legal,2025,0.004261595717174038
conditional-fit-0083,axis2_legal,2026,0.001293820805104717
conditional-fit-0083,axis2_legal,2027,0.009075195510657177
conditional-fit-0083,axis2_legal,2028,0.003626779682003091
conditional-fit-0083,axis2_legal,2029,4.672671653149544e-05
conditional-fit-0083,axis2_legal,2030,0.02721610702807223
conditional-fit-0083,axis2_legal,2031,0.024998844719241308
conditional-fit-0083,axis2_legal,2032,0.010031884140207791
conditional-fit-0083,axis2_legal,2033,0.015593920851923973
conditional-fit-0083,axis2_legal,2034,0.014359518312493626
conditional-fit-0083,axis2_legal,2035,0.023009512439408894
conditional-fit-0083,axis2_legal,2036,0.007504897432732409
conditional-fit-0083,axis2_legal,2037,0.03425279270304628
conditional-fit-0083,axis2_legal,2038,0.007224618976552677
conditional-fit-0083,axis2_legal,2039,0.03580025524943496
conditional-fit-0083,axis2_legal,2040,0.003893353742511208
conditional-fit-0083,axis2_legal,2041,0.02056279986240495
conditional-fit-0083,axis2_legal,2042,0.02611044220870419
conditional-fit-0083,axis2_legal,2043,0.0005363677712275803
conditional-fit-0083,axis2_legal,2044,0.0004286702301167166
conditional-fit-0083,axis2_legal,2045,0.001320217459683439
conditional-fit-0083,axis2_legal,2046,0.004192732144596981
