window_id,domain,pos,kld
conditional-fit-0098,axis2_legal,0,6.420220823454369
conditional-fit-0098,axis2_legal,1,2.5184586165770657
conditional-fit-0098,axis2_legal,2,1.1168674579542357
conditional-fit-0098,axis2_legal,3,0.7417801575756511
conditional-fit-0098,axis2_legal,4,1.1809853088924576
conditional-fit-0098,axis2_legal,5,0.9295304439189307
conditional-fit-0098,axis2_legal,6,1.0601633348478372
conditional-fit-0098,axis2_legal,7,2.629911203489679
conditional-fit-0098,axis2_legal,8,0.7875010501915305
conditional-fit-0098,axis2_legal,9,0.3862702085203418
conditional-fit-0098,axis2_legal,10,0.43139599166348785
conditional-fit-0098,axis2_legal,11,0.12919357873126344
conditional-fit-0098,axis2_legal,12,0.3375854284985831
conditional-fit-0098,axis2_legal,13,0.21819413988104241
conditional-fit-0098,axis2_legal,14,0.40535538818342304
conditional-fit-0098,axis2_legal,15,0.09262826638832322
conditional-fit-0098,axis2_legal,16,0.087588553637782
conditional-fit-0098,axis2_legal,17,0.06010534855924478
conditional-fit-0098,axis2_legal,18,0.06594064655848353
conditional-fit-0098,axis2_legal,19,0.2109076633814127
conditional-fit-0098,axis2_legal,20,0.04749516629858515
conditional-fit-0098,axis2_legal,21,0.151603440562518
conditional-fit-0098,axis2_legal,22,0.08687649733904598
conditional-fit-0098,axis2_legal,23,0.08849268627258738
conditional-fit-0098,axis2_legal,24,0.07784405568441584
conditional-fit-0098,axis2_legal,25,0.0003556181936771775
conditional-fit-0098,axis2_legal,26,0.05244126089006701
conditional-fit-0098,axis2_legal,27,0.3626544075669078
conditional-fit-0098,axis2_legal,28,0.5690346516569728
conditional-fit-0098,axis2_legal,29,0.000112687368329846
conditional-fit-0098,axis2_legal,30,0.1277509667544249
conditional-fit-0098,axis2_legal,31,0.0010778383207541557
conditional-fit-0098,axis2_legal,32,0.009364259606903187
conditional-fit-0098,axis2_legal,33,0.6606666659039756
conditional-fit-0098,axis2_legal,34,0.23425182989253485
conditional-fit-0098,axis2_legal,35,0.6327341640113721
conditional-fit-0098,axis2_legal,36,0.003211794116011556
conditional-fit-0098,axis2_legal,37,0.2673269609229409
conditional-fit-0098,axis2_legal,38,0.48270174774207397
conditional-fit-0098,axis2_legal,39,0.5547252629656472
conditional-fit-0098,axis2_legal,40,0.06988720343016652
conditional-fit-0098,axis2_legal,41,0.2182953576523023
conditional-fit-0098,axis2_legal,42,0.08600636697956832
conditional-fit-0098,axis2_legal,43,0.5247631659691747
conditional-fit-0098,axis2_legal,44,0.043558290310063905
conditional-fit-0098,axis2_legal,45,0.0019651804646503472
conditional-fit-0098,axis2_legal,46,0.0014840801897915985
conditional-fit-0098,axis2_legal,47,0.0033351012698267716
conditional-fit-0098,axis2_legal,48,0.6057004971778087
conditional-fit-0098,axis2_legal,49,0.803711832707928
conditional-fit-0098,axis2_legal,50,0.04845918168539025
conditional-fit-0098,axis2_legal,51,0.03236989338643843
conditional-fit-0098,axis2_legal,52,0.03398184412131476
conditional-fit-0098,axis2_legal,53,0.033150214927005796
conditional-fit-0098,axis2_legal,54,0.0004391072316714752
conditional-fit-0098,axis2_legal,55,0.00013034828825447267
conditional-fit-0098,axis2_legal,56,0.00464659115870121
conditional-fit-0098,axis2_legal,57,0.00032689821121914433
conditional-fit-0098,axis2_legal,58,0.0004530140860534972
conditional-fit-0098,axis2_legal,59,0.25981522716116234
conditional-fit-0098,axis2_legal,60,0.025846825943173498
conditional-fit-0098,axis2_legal,61,0.013427075652393467
conditional-fit-0098,axis2_legal,62,0.07612133089961555
conditional-fit-0098,axis2_legal,63,0.10854803266191805
conditional-fit-0098,axis2_legal,64,0.000561595132986846
conditional-fit-0098,axis2_legal,65,0.07465049606611626
conditional-fit-0098,axis2_legal,66,0.23303061280248955
conditional-fit-0098,axis2_legal,67,0.0024528986341893805
conditional-fit-0098,axis2_legal,68,0.0032279270999230384
conditional-fit-0098,axis2_legal,69,0.0031218863164087455
conditional-fit-0098,axis2_legal,70,0.024232808319011232
conditional-fit-0098,axis2_legal,71,0.010127850050972763
conditional-fit-0098,axis2_legal,72,0.012266453163629802
conditional-fit-0098,axis2_legal,73,0.026212332408358796
conditional-fit-0098,axis2_legal,74,0.12950616750522942
conditional-fit-0098,axis2_legal,75,0.0835704126467747
conditional-fit-0098,axis2_legal,76,0.004123625926628152
conditional-fit-0098,axis2_legal,77,0.014729710164007861
conditional-fit-0098,axis2_legal,78,5.8990372268305255e-05
conditional-fit-0098,axis2_legal,79,0.0010209504540011083
conditional-fit-0098,axis2_legal,80,0.0020513754004845212
conditional-fit-0098,axis2_legal,81,0.004823091371825862
conditional-fit-0098,axis2_legal,82,0.003708882420354758
conditional-fit-0098,axis2_legal,83,0.5098648073185856
conditional-fit-0098,axis2_legal,84,0.0005552791051276757
conditional-fit-0098,axis2_legal,85,0.0006303937574633047
conditional-fit-0098,axis2_legal,86,0.0016853005890067126
conditional-fit-0098,axis2_legal,87,0.0003594723471966021
conditional-fit-0098,axis2_legal,88,3.9828684520646816e-05
conditional-fit-0098,axis2_legal,89,0.08237893009357593
conditional-fit-0098,axis2_legal,90,0.00394007531359486
conditional-fit-0098,axis2_legal,91,0.00017539161892588158
conditional-fit-0098,axis2_legal,92,0.011022645029486782
conditional-fit-0098,axis2_legal,93,0.0002569950972153647
conditional-fit-0098,axis2_legal,94,0.0026899941254849486
conditional-fit-0098,axis2_legal,95,0.0011102690077971972
conditional-fit-0098,axis2_legal,96,0.000590343779249172
conditional-fit-0098,axis2_legal,97,0.0005000149371149443
conditional-fit-0098,axis2_legal,98,0.0013553106792702544
conditional-fit-0098,axis2_legal,99,0.09775236112760088
conditional-fit-0098,axis2_legal,100,0.0009429540077468988
conditional-fit-0098,axis2_legal,101,0.298473570466666
conditional-fit-0098,axis2_legal,102,0.2076317696070653
conditional-fit-0098,axis2_legal,103,0.001489444344499861
conditional-fit-0098,axis2_legal,104,0.10358346111693961
conditional-fit-0098,axis2_legal,105,0.0007372587805428432
conditional-fit-0098,axis2_legal,106,0.20694730437922604
conditional-fit-0098,axis2_legal,107,0.16358062573344379
conditional-fit-0098,axis2_legal,108,0.35177321479559676
conditional-fit-0098,axis2_legal,109,0.03431578480336652
conditional-fit-0098,axis2_legal,110,0.0011608683600467682
conditional-fit-0098,axis2_legal,111,0.030988932895891344
conditional-fit-0098,axis2_legal,112,0.04479018173325844
conditional-fit-0098,axis2_legal,113,0.31410187506847004
conditional-fit-0098,axis2_legal,114,0.3917179379993707
conditional-fit-0098,axis2_legal,115,0.1994665838445845
conditional-fit-0098,axis2_legal,116,0.06370300978337046
conditional-fit-0098,axis2_legal,117,0.05819978828671207
conditional-fit-0098,axis2_legal,118,0.06580628651353665
conditional-fit-0098,axis2_legal,119,0.16634700482644071
conditional-fit-0098,axis2_legal,120,0.056594140983026966
conditional-fit-0098,axis2_legal,121,0.011367039066174261
conditional-fit-0098,axis2_legal,122,0.008117066944940573
conditional-fit-0098,axis2_legal,123,0.04998432842793263
conditional-fit-0098,axis2_legal,124,1.804026718578149e-05
conditional-fit-0098,axis2_legal,125,0.013312319669449865
conditional-fit-0098,axis2_legal,126,0.0024962543176183815
conditional-fit-0098,axis2_legal,127,0.13482022392755533
conditional-fit-0098,axis2_legal,128,0.009989729393400263
conditional-fit-0098,axis2_legal,129,0.0011357299920921988
conditional-fit-0098,axis2_legal,130,0.004757844195255613
conditional-fit-0098,axis2_legal,131,0.0028025993383438263
conditional-fit-0098,axis2_legal,132,0.006152665599163816
conditional-fit-0098,axis2_legal,133,0.0006576056518239474
conditional-fit-0098,axis2_legal,134,0.001452434348398782
conditional-fit-0098,axis2_legal,135,0.007233482708188661
conditional-fit-0098,axis2_legal,136,0.4959497186018526
conditional-fit-0098,axis2_legal,137,0.011085865073405535
conditional-fit-0098,axis2_legal,138,0.005585841765462484
conditional-fit-0098,axis2_legal,139,0.00020104373689878167
conditional-fit-0098,axis2_legal,140,0.011184674240778944
conditional-fit-0098,axis2_legal,141,0.0014711637435136289
conditional-fit-0098,axis2_legal,142,0.10796710303564333
conditional-fit-0098,axis2_legal,143,0.05330216289677568
conditional-fit-0098,axis2_legal,144,0.06232618451779087
conditional-fit-0098,axis2_legal,145,0.18777626630592262
conditional-fit-0098,axis2_legal,146,0.008776403658325202
conditional-fit-0098,axis2_legal,147,0.07813151850170147
conditional-fit-0098,axis2_legal,148,0.03632967839150197
conditional-fit-0098,axis2_legal,149,0.004365865192519048
conditional-fit-0098,axis2_legal,150,0.0024723446676908943
conditional-fit-0098,axis2_legal,151,0.004212724898795197
conditional-fit-0098,axis2_legal,152,0.00872120465199991
conditional-fit-0098,axis2_legal,153,0.16893460605524493
conditional-fit-0098,axis2_legal,154,0.8191190035224256
conditional-fit-0098,axis2_legal,155,0.0005165441602458822
conditional-fit-0098,axis2_legal,156,0.017931005093430312
conditional-fit-0098,axis2_legal,157,0.0006102233681852104
conditional-fit-0098,axis2_legal,158,0.007111399669510411
conditional-fit-0098,axis2_legal,159,1.2854774492082888
conditional-fit-0098,axis2_legal,160,0.017409386125923493
conditional-fit-0098,axis2_legal,161,0.0011442148746855906
conditional-fit-0098,axis2_legal,162,0.000395708099778049
conditional-fit-0098,axis2_legal,163,0.1467819573933748
conditional-fit-0098,axis2_legal,164,0.002320399189902142
conditional-fit-0098,axis2_legal,165,0.008908056122991804
conditional-fit-0098,axis2_legal,166,0.0011999901853220994
conditional-fit-0098,axis2_legal,167,0.040237272877690335
conditional-fit-0098,axis2_legal,168,0.012762332497392403
conditional-fit-0098,axis2_legal,169,0.018885263071826086
conditional-fit-0098,axis2_legal,170,0.21268844824522115
conditional-fit-0098,axis2_legal,171,0.12880323471787605
conditional-fit-0098,axis2_legal,172,0.14475592500083662
conditional-fit-0098,axis2_legal,173,0.0015697795252912834
conditional-fit-0098,axis2_legal,174,0.004751006963839755
conditional-fit-0098,axis2_legal,175,0.001575216331504238
conditional-fit-0098,axis2_legal,176,0.006327791891142733
conditional-fit-0098,axis2_legal,177,0.04929394042175225
conditional-fit-0098,axis2_legal,178,0.0044338429105418254
conditional-fit-0098,axis2_legal,179,0.224885372122017
conditional-fit-0098,axis2_legal,180,0.04942544894452713
conditional-fit-0098,axis2_legal,181,0.12052544168707338
conditional-fit-0098,axis2_legal,182,0.4471690514763283
conditional-fit-0098,axis2_legal,183,0.004742574018887534
conditional-fit-0098,axis2_legal,184,0.003346989428302192
conditional-fit-0098,axis2_legal,185,0.0010153921518199162
conditional-fit-0098,axis2_legal,186,0.0056970306065797305
conditional-fit-0098,axis2_legal,187,0.01292531265593183
conditional-fit-0098,axis2_legal,188,0.002632269629283763
conditional-fit-0098,axis2_legal,189,0.008141431729265644
conditional-fit-0098,axis2_legal,190,0.0092949357719478
conditional-fit-0098,axis2_legal,191,0.001034459789429913
conditional-fit-0098,axis2_legal,192,0.025218466705410093
conditional-fit-0098,axis2_legal,193,0.0014170818196201666
conditional-fit-0098,axis2_legal,194,0.00015283784846372586
conditional-fit-0098,axis2_legal,195,0.22591733956669516
conditional-fit-0098,axis2_legal,196,6.760310254306304e-05
conditional-fit-0098,axis2_legal,197,6.055154403602141e-06
conditional-fit-0098,axis2_legal,198,0.04924083637157739
conditional-fit-0098,axis2_legal,199,8.550150952139532e-06
conditional-fit-0098,axis2_legal,200,0.0002467663435587493
conditional-fit-0098,axis2_legal,201,0.018251446153573506
conditional-fit-0098,axis2_legal,202,0.37894667953267563
conditional-fit-0098,axis2_legal,203,0.022036697685564294
conditional-fit-0098,axis2_legal,204,0.1586075518514685
conditional-fit-0098,axis2_legal,205,0.005910008047033337
conditional-fit-0098,axis2_legal,206,0.010051588345858104
conditional-fit-0098,axis2_legal,207,0.001829769689701608
conditional-fit-0098,axis2_legal,208,0.2617636376031116
conditional-fit-0098,axis2_legal,209,0.004247570427127958
conditional-fit-0098,axis2_legal,210,0.007163227061409379
conditional-fit-0098,axis2_legal,211,0.033432026596542
conditional-fit-0098,axis2_legal,212,0.03166051028080761
conditional-fit-0098,axis2_legal,213,0.000300549488301545
conditional-fit-0098,axis2_legal,214,0.017339123049859042
conditional-fit-0098,axis2_legal,215,0.0032137857573308376
conditional-fit-0098,axis2_legal,216,0.07478481328008274
conditional-fit-0098,axis2_legal,217,0.04391733035026487
conditional-fit-0098,axis2_legal,218,0.2237614968985781
conditional-fit-0098,axis2_legal,219,0.00015558476998771693
conditional-fit-0098,axis2_legal,220,0.0002472565305967367
conditional-fit-0098,axis2_legal,221,0.01836775840969291
conditional-fit-0098,axis2_legal,222,0.0017692797691367616
conditional-fit-0098,axis2_legal,223,0.010114724100191468
conditional-fit-0098,axis2_legal,224,0.00032213774962059434
conditional-fit-0098,axis2_legal,225,0.0326115283092835
conditional-fit-0098,axis2_legal,226,0.11402677415707807
conditional-fit-0098,axis2_legal,227,0.0021687217424277883
conditional-fit-0098,axis2_legal,228,0.00011532488079171532
conditional-fit-0098,axis2_legal,229,0.03683312600586139
conditional-fit-0098,axis2_legal,230,0.024469538212739568
conditional-fit-0098,axis2_legal,231,0.0025081836721928498
conditional-fit-0098,axis2_legal,232,0.0005836393944993393
conditional-fit-0098,axis2_legal,233,0.0005629679979133295
conditional-fit-0098,axis2_legal,234,0.030671263191284357
conditional-fit-0098,axis2_legal,235,0.6400256616525286
conditional-fit-0098,axis2_legal,236,0.001357351157817021
conditional-fit-0098,axis2_legal,237,0.00389046192708548
conditional-fit-0098,axis2_legal,238,0.015151715368993825
conditional-fit-0098,axis2_legal,239,0.0014660938206778646
conditional-fit-0098,axis2_legal,240,0.0031130047223241787
conditional-fit-0098,axis2_legal,241,0.0013285852228553234
conditional-fit-0098,axis2_legal,242,0.15152784065032798
conditional-fit-0098,axis2_legal,243,0.006517023399317143
conditional-fit-0098,axis2_legal,244,0.14460538318749816
conditional-fit-0098,axis2_legal,245,0.028736809581129327
conditional-fit-0098,axis2_legal,246,0.004429533260688595
conditional-fit-0098,axis2_legal,247,0.008057503161418254
conditional-fit-0098,axis2_legal,248,0.06514670166046314
conditional-fit-0098,axis2_legal,249,0.011925827835804748
conditional-fit-0098,axis2_legal,250,0.0007105767617037775
conditional-fit-0098,axis2_legal,251,0.012079987760648874
conditional-fit-0098,axis2_legal,252,0.009897972339209981
conditional-fit-0098,axis2_legal,253,0.0011315761807543377
conditional-fit-0098,axis2_legal,254,0.00017641635766030305
conditional-fit-0098,axis2_legal,255,0.01290293626314902
conditional-fit-0098,axis2_legal,256,0.00042632262846842495
conditional-fit-0098,axis2_legal,257,0.0009494549152941944
conditional-fit-0098,axis2_legal,258,0.07971696406628526
conditional-fit-0098,axis2_legal,259,0.006283667843509848
conditional-fit-0098,axis2_legal,260,0.0007839672593321532
conditional-fit-0098,axis2_legal,261,0.008909485014058225
conditional-fit-0098,axis2_legal,262,0.0005623419238913223
conditional-fit-0098,axis2_legal,263,0.0016031460065601562
conditional-fit-0098,axis2_legal,264,0.0037301412773778787
conditional-fit-0098,axis2_legal,265,0.0032778030678062126
conditional-fit-0098,axis2_legal,266,0.0013469189673628403
conditional-fit-0098,axis2_legal,267,0.0007432131472286104
conditional-fit-0098,axis2_legal,268,0.004898307765409138
conditional-fit-0098,axis2_legal,269,0.002471301040579286
conditional-fit-0098,axis2_legal,270,0.00295956664260813
conditional-fit-0098,axis2_legal,271,0.06857458061157966
conditional-fit-0098,axis2_legal,272,0.011390095576583385
conditional-fit-0098,axis2_legal,273,0.02609151787074166
conditional-fit-0098,axis2_legal,274,0.05736471195787602
conditional-fit-0098,axis2_legal,275,0.00849799166574028
conditional-fit-0098,axis2_legal,276,0.029138947907193055
conditional-fit-0098,axis2_legal,277,0.07160464851398496
conditional-fit-0098,axis2_legal,278,0.005060891810717397
conditional-fit-0098,axis2_legal,279,0.011746820111310301
conditional-fit-0098,axis2_legal,280,0.000306855404277603
conditional-fit-0098,axis2_legal,281,0.010574563512830832
conditional-fit-0098,axis2_legal,282,0.04943895034364454
conditional-fit-0098,axis2_legal,283,0.010639086259009022
conditional-fit-0098,axis2_legal,284,0.04993913859746335
conditional-fit-0098,axis2_legal,285,0.08654097819768655
conditional-fit-0098,axis2_legal,286,0.001455555845215505
conditional-fit-0098,axis2_legal,287,0.025277475282960038
conditional-fit-0098,axis2_legal,288,0.017491470884570492
conditional-fit-0098,axis2_legal,289,0.003219074598035697
conditional-fit-0098,axis2_legal,290,0.0011957867893029198
conditional-fit-0098,axis2_legal,291,0.0005263951113218029
conditional-fit-0098,axis2_legal,292,0.0018230570476293149
conditional-fit-0098,axis2_legal,293,0.003789223725997144
conditional-fit-0098,axis2_legal,294,6.537559480676263e-05
conditional-fit-0098,axis2_legal,295,0.0008878567810814602
conditional-fit-0098,axis2_legal,296,0.009710967574667509
conditional-fit-0098,axis2_legal,297,0.0020671919491461344
conditional-fit-0098,axis2_legal,298,0.00246470645647845
conditional-fit-0098,axis2_legal,299,0.0008101000900412436
conditional-fit-0098,axis2_legal,300,0.006001589623107558
conditional-fit-0098,axis2_legal,301,0.0900630669972661
conditional-fit-0098,axis2_legal,302,0.0032628694372768443
conditional-fit-0098,axis2_legal,303,0.05795008949696262
conditional-fit-0098,axis2_legal,304,0.054433029070201186
conditional-fit-0098,axis2_legal,305,0.03600455923179294
conditional-fit-0098,axis2_legal,306,0.18474379026275664
conditional-fit-0098,axis2_legal,307,0.005925834130332091
conditional-fit-0098,axis2_legal,308,0.03749571468960536
conditional-fit-0098,axis2_legal,309,0.02736782460683758
conditional-fit-0098,axis2_legal,310,0.03184400988569708
conditional-fit-0098,axis2_legal,311,0.049079014433861035
conditional-fit-0098,axis2_legal,312,0.10526659300866648
conditional-fit-0098,axis2_legal,313,0.010545992793445596
conditional-fit-0098,axis2_legal,314,0.01000819316378331
conditional-fit-0098,axis2_legal,315,0.00957604624825264
conditional-fit-0098,axis2_legal,316,0.004473524123829021
conditional-fit-0098,axis2_legal,317,0.0024747657901928403
conditional-fit-0098,axis2_legal,318,0.005252673807637892
conditional-fit-0098,axis2_legal,319,0.13330917167135625
conditional-fit-0098,axis2_legal,320,0.013774942865515567
conditional-fit-0098,axis2_legal,321,0.0007532477001426675
conditional-fit-0098,axis2_legal,322,0.06785319793729189
conditional-fit-0098,axis2_legal,323,0.03540547084610362
conditional-fit-0098,axis2_legal,324,0.03804031958432888
conditional-fit-0098,axis2_legal,325,0.02934325264779578
conditional-fit-0098,axis2_legal,326,0.350080696742684
conditional-fit-0098,axis2_legal,327,0.0004557912291981624
conditional-fit-0098,axis2_legal,328,0.04607026598482196
conditional-fit-0098,axis2_legal,329,0.0231325733511574
conditional-fit-0098,axis2_legal,330,0.0007700360361603761
conditional-fit-0098,axis2_legal,331,0.0220481717155301
conditional-fit-0098,axis2_legal,332,0.022805591628911107
conditional-fit-0098,axis2_legal,333,0.0038117688866401668
conditional-fit-0098,axis2_legal,334,0.001702668189903851
conditional-fit-0098,axis2_legal,335,0.02213903197649392
conditional-fit-0098,axis2_legal,336,0.00017035050174683496
conditional-fit-0098,axis2_legal,337,0.016776951110299504
conditional-fit-0098,axis2_legal,338,0.01575416816374213
conditional-fit-0098,axis2_legal,339,0.04912537062693885
conditional-fit-0098,axis2_legal,340,0.004765565666151661
conditional-fit-0098,axis2_legal,341,0.019193952072701997
conditional-fit-0098,axis2_legal,342,0.03845246903017789
conditional-fit-0098,axis2_legal,343,0.00867425358950056
conditional-fit-0098,axis2_legal,344,0.018098908427653146
conditional-fit-0098,axis2_legal,345,0.0028023372429412793
conditional-fit-0098,axis2_legal,346,0.003643569144587737
conditional-fit-0098,axis2_legal,347,0.04042557212636255
conditional-fit-0098,axis2_legal,348,0.0006698671629410126
conditional-fit-0098,axis2_legal,349,0.010627926071606925
conditional-fit-0098,axis2_legal,350,0.017097648054299686
conditional-fit-0098,axis2_legal,351,0.00014502596866852784
conditional-fit-0098,axis2_legal,352,0.021310643543080446
conditional-fit-0098,axis2_legal,353,0.02135639987361343
conditional-fit-0098,axis2_legal,354,0.00026458754660709324
conditional-fit-0098,axis2_legal,355,0.011308432492166521
conditional-fit-0098,axis2_legal,356,0.004751728185703354
conditional-fit-0098,axis2_legal,357,0.012821130179649573
conditional-fit-0098,axis2_legal,358,0.002015419936079621
conditional-fit-0098,axis2_legal,359,0.0002493172117297601
conditional-fit-0098,axis2_legal,360,0.001597612053053654
conditional-fit-0098,axis2_legal,361,0.0006206584071964975
conditional-fit-0098,axis2_legal,362,0.00029667422513628323
conditional-fit-0098,axis2_legal,363,5.8257197782767236e-05
conditional-fit-0098,axis2_legal,364,0.0012978934785602726
conditional-fit-0098,axis2_legal,365,0.05797555174119177
conditional-fit-0098,axis2_legal,366,9.07963797837642e-05
conditional-fit-0098,axis2_legal,367,0.035821461043923856
conditional-fit-0098,axis2_legal,368,0.020896829755394492
conditional-fit-0098,axis2_legal,369,0.00388888638430512
conditional-fit-0098,axis2_legal,370,0.03869613149579762
conditional-fit-0098,axis2_legal,371,0.08138141905948212
conditional-fit-0098,axis2_legal,372,0.10585873185371229
conditional-fit-0098,axis2_legal,373,0.04102803963681845
conditional-fit-0098,axis2_legal,374,0.030348578739539334
conditional-fit-0098,axis2_legal,375,0.00025632463454298683
conditional-fit-0098,axis2_legal,376,0.019944343803291683
conditional-fit-0098,axis2_legal,377,0.05928155631791121
conditional-fit-0098,axis2_legal,378,0.011735482884028692
conditional-fit-0098,axis2_legal,379,0.0011738775591027136
conditional-fit-0098,axis2_legal,380,0.007716113060333523
conditional-fit-0098,axis2_legal,381,0.01232493518343191
conditional-fit-0098,axis2_legal,382,0.018243529498214794
conditional-fit-0098,axis2_legal,383,0.00023462243622497637
conditional-fit-0098,axis2_legal,384,0.02959269085829785
conditional-fit-0098,axis2_legal,385,0.03026376792487341
conditional-fit-0098,axis2_legal,386,0.0018472590514893924
conditional-fit-0098,axis2_legal,387,0.011402482076050019
conditional-fit-0098,axis2_legal,388,0.0008810762022901196
conditional-fit-0098,axis2_legal,389,0.119735346019047
conditional-fit-0098,axis2_legal,390,0.02760711903637721
conditional-fit-0098,axis2_legal,391,0.002318397199901283
conditional-fit-0098,axis2_legal,392,0.00936902123498319
conditional-fit-0098,axis2_legal,393,0.1545865726214688
conditional-fit-0098,axis2_legal,394,0.03664148893462589
conditional-fit-0098,axis2_legal,395,0.025049926633593674
conditional-fit-0098,axis2_legal,396,0.010549014129511244
conditional-fit-0098,axis2_legal,397,0.11729432766077091
conditional-fit-0098,axis2_legal,398,0.24391472986025897
conditional-fit-0098,axis2_legal,399,0.30111749522278386
conditional-fit-0098,axis2_legal,400,0.668139682365241
conditional-fit-0098,axis2_legal,401,0.011464065692669532
conditional-fit-0098,axis2_legal,402,0.0030590440364566705
conditional-fit-0098,axis2_legal,403,0.010713680655094752
conditional-fit-0098,axis2_legal,404,0.06625018255350332
conditional-fit-0098,axis2_legal,405,0.004872518547273545
conditional-fit-0098,axis2_legal,406,0.00845147550449025
conditional-fit-0098,axis2_legal,407,0.004986391802292113
conditional-fit-0098,axis2_legal,408,0.009542555626717145
conditional-fit-0098,axis2_legal,409,0.00022225707973568286
conditional-fit-0098,axis2_legal,410,0.015116355474056582
conditional-fit-0098,axis2_legal,411,0.05991390531459081
conditional-fit-0098,axis2_legal,412,0.0010012210037428975
conditional-fit-0098,axis2_legal,413,0.005087819801860173
conditional-fit-0098,axis2_legal,414,0.00115996651836202
conditional-fit-0098,axis2_legal,415,0.0018891288949368038
conditional-fit-0098,axis2_legal,416,0.011854430583462815
conditional-fit-0098,axis2_legal,417,0.009419102743216976
conditional-fit-0098,axis2_legal,418,0.00019355355947574913
conditional-fit-0098,axis2_legal,419,0.011526012821152763
conditional-fit-0098,axis2_legal,420,0.0007160456011597255
conditional-fit-0098,axis2_legal,421,0.016269798722635197
conditional-fit-0098,axis2_legal,422,0.0033248039353454568
conditional-fit-0098,axis2_legal,423,0.006196906319858639
conditional-fit-0098,axis2_legal,424,0.03581823100991734
conditional-fit-0098,axis2_legal,425,0.0002515280527842663
conditional-fit-0098,axis2_legal,426,0.01714635347657402
conditional-fit-0098,axis2_legal,427,0.002338696766318177
conditional-fit-0098,axis2_legal,428,0.0001312579652172245
conditional-fit-0098,axis2_legal,429,0.012533523118188155
conditional-fit-0098,axis2_legal,430,0.0015853371636032274
conditional-fit-0098,axis2_legal,431,0.013147310609551058
conditional-fit-0098,axis2_legal,432,0.04769652960251114
conditional-fit-0098,axis2_legal,433,0.03196537143926426
conditional-fit-0098,axis2_legal,434,0.002356972951582428
conditional-fit-0098,axis2_legal,435,0.035160857609565
conditional-fit-0098,axis2_legal,436,0.009441317967354916
conditional-fit-0098,axis2_legal,437,0.0013888542188876009
conditional-fit-0098,axis2_legal,438,0.00020143335690438687
conditional-fit-0098,axis2_legal,439,0.01363859861364668
conditional-fit-0098,axis2_legal,440,0.0336615002837677
conditional-fit-0098,axis2_legal,441,0.0006344588859504411
conditional-fit-0098,axis2_legal,442,0.005163940883454322
conditional-fit-0098,axis2_legal,443,0.01911859022241468
conditional-fit-0098,axis2_legal,444,0.0036033914354195824
conditional-fit-0098,axis2_legal,445,0.004120397276405823
conditional-fit-0098,axis2_legal,446,0.0019585038257977565
conditional-fit-0098,axis2_legal,447,0.0009303667755118012
conditional-fit-0098,axis2_legal,448,0.033762296940132955
conditional-fit-0098,axis2_legal,449,0.000381677488909586
conditional-fit-0098,axis2_legal,450,0.025118732858177596
conditional-fit-0098,axis2_legal,451,0.009076511129478826
conditional-fit-0098,axis2_legal,452,0.005630750441429995
conditional-fit-0098,axis2_legal,453,0.002085572057353425
conditional-fit-0098,axis2_legal,454,0.009684010355192209
conditional-fit-0098,axis2_legal,455,0.0011999706619716317
conditional-fit-0098,axis2_legal,456,0.003953396389381194
conditional-fit-0098,axis2_legal,457,0.02353672491144713
conditional-fit-0098,axis2_legal,458,0.0451157218412296
conditional-fit-0098,axis2_legal,459,0.027264956736069518
conditional-fit-0098,axis2_legal,460,0.04193659533877861
conditional-fit-0098,axis2_legal,461,0.0081833692147752
conditional-fit-0098,axis2_legal,462,0.0008144542735176221
conditional-fit-0098,axis2_legal,463,0.010463042928739924
conditional-fit-0098,axis2_legal,464,0.008703111131246525
conditional-fit-0098,axis2_legal,465,0.05296474666246129
conditional-fit-0098,axis2_legal,466,0.005211657574260796
conditional-fit-0098,axis2_legal,467,0.007251327312204988
conditional-fit-0098,axis2_legal,468,0.012306816886874777
conditional-fit-0098,axis2_legal,469,0.03481141746297249
conditional-fit-0098,axis2_legal,470,0.0015615120442897452
conditional-fit-0098,axis2_legal,471,0.015326103345190167
conditional-fit-0098,axis2_legal,472,0.026379183568528055
conditional-fit-0098,axis2_legal,473,0.013150138170821377
conditional-fit-0098,axis2_legal,474,0.02092268058065442
conditional-fit-0098,axis2_legal,475,0.06882817288948292
conditional-fit-0098,axis2_legal,476,0.0042518561845869204
conditional-fit-0098,axis2_legal,477,0.011883904088486798
conditional-fit-0098,axis2_legal,478,0.0016034299638725109
conditional-fit-0098,axis2_legal,479,0.02317456763986262
conditional-fit-0098,axis2_legal,480,0.019078353630008312
conditional-fit-0098,axis2_legal,481,0.022262327562344853
conditional-fit-0098,axis2_legal,482,0.01967938979818854
conditional-fit-0098,axis2_legal,483,0.023192675302024755
conditional-fit-0098,axis2_legal,484,0.0068594321159144095
conditional-fit-0098,axis2_legal,485,0.0008063335572968664
conditional-fit-0098,axis2_legal,486,0.04621250383668984
conditional-fit-0098,axis2_legal,487,0.012412265998073727
conditional-fit-0098,axis2_legal,488,0.0003558312958650329
conditional-fit-0098,axis2_legal,489,0.02792211911039355
conditional-fit-0098,axis2_legal,490,0.035085451591872444
conditional-fit-0098,axis2_legal,491,0.003558869670877049
conditional-fit-0098,axis2_legal,492,0.02961087575882994
conditional-fit-0098,axis2_legal,493,0.01884173067281237
conditional-fit-0098,axis2_legal,494,0.004053604666691513
conditional-fit-0098,axis2_legal,495,0.019917336012119636
conditional-fit-0098,axis2_legal,496,0.027718559483719808
conditional-fit-0098,axis2_legal,497,0.0028466220678240927
conditional-fit-0098,axis2_legal,498,0.008291025102098996
conditional-fit-0098,axis2_legal,499,0.06370076158446204
conditional-fit-0098,axis2_legal,500,3.197412016155174e-06
conditional-fit-0098,axis2_legal,501,0.04504092078999945
conditional-fit-0098,axis2_legal,502,0.0048050823089869285
conditional-fit-0098,axis2_legal,503,0.032803099181948625
conditional-fit-0098,axis2_legal,504,0.023414310836439904
conditional-fit-0098,axis2_legal,505,0.02467149759293314
conditional-fit-0098,axis2_legal,506,0.1464328340086452
conditional-fit-0098,axis2_legal,507,0.011600854511446754
conditional-fit-0098,axis2_legal,508,0.004835874503774689
conditional-fit-0098,axis2_legal,509,0.005486967242023336
conditional-fit-0098,axis2_legal,510,0.007189599051517808
conditional-fit-0098,axis2_legal,511,0.002002722138813572
conditional-fit-0098,axis2_legal,512,0.015139102299170516
conditional-fit-0098,axis2_legal,513,0.00020073911252509115
conditional-fit-0098,axis2_legal,514,0.023155630258365523
conditional-fit-0098,axis2_legal,515,0.0012211136577000973
conditional-fit-0098,axis2_legal,516,0.004671210731697804
conditional-fit-0098,axis2_legal,517,0.009804522633848418
conditional-fit-0098,axis2_legal,518,0.000751831798745189
conditional-fit-0098,axis2_legal,519,0.03258137624969419
conditional-fit-0098,axis2_legal,520,0.0019216059804196568
conditional-fit-0098,axis2_legal,521,0.01070582948422727
conditional-fit-0098,axis2_legal,522,0.019949451663203346
conditional-fit-0098,axis2_legal,523,0.00019618811540229896
conditional-fit-0098,axis2_legal,524,0.00760735148979012
conditional-fit-0098,axis2_legal,525,0.0028952936927220166
conditional-fit-0098,axis2_legal,526,0.021061472857576802
conditional-fit-0098,axis2_legal,527,0.021627000159688138
conditional-fit-0098,axis2_legal,528,0.010009886335872825
conditional-fit-0098,axis2_legal,529,0.008455936449783598
conditional-fit-0098,axis2_legal,530,0.016527842766018867
conditional-fit-0098,axis2_legal,531,0.028033817623441225
conditional-fit-0098,axis2_legal,532,0.006935037277371685
conditional-fit-0098,axis2_legal,533,0.001535654120654978
conditional-fit-0098,axis2_legal,534,0.00040440773894889233
conditional-fit-0098,axis2_legal,535,0.0007633530614001502
conditional-fit-0098,axis2_legal,536,0.0038366674068835167
conditional-fit-0098,axis2_legal,537,0.0028479080402234284
conditional-fit-0098,axis2_legal,538,0.03389979032855945
conditional-fit-0098,axis2_legal,539,0.0006155013608823536
conditional-fit-0098,axis2_legal,540,0.016698441239754197
conditional-fit-0098,axis2_legal,541,0.017489942406323455
conditional-fit-0098,axis2_legal,542,0.017362933571520574
conditional-fit-0098,axis2_legal,543,0.16729572650164937
conditional-fit-0098,axis2_legal,544,0.0011220369971454542
conditional-fit-0098,axis2_legal,545,0.0023010383954502243
conditional-fit-0098,axis2_legal,546,0.018424213368469618
conditional-fit-0098,axis2_legal,547,0.02755172904306495
conditional-fit-0098,axis2_legal,548,0.007217310535588778
conditional-fit-0098,axis2_legal,549,0.010478556022613186
conditional-fit-0098,axis2_legal,550,0.013167127480255031
conditional-fit-0098,axis2_legal,551,0.042015101169535204
conditional-fit-0098,axis2_legal,552,0.022612862786557077
conditional-fit-0098,axis2_legal,553,0.006295828778706599
conditional-fit-0098,axis2_legal,554,0.02065704492958228
conditional-fit-0098,axis2_legal,555,0.04457568884649432
conditional-fit-0098,axis2_legal,556,5.82929102745805e-05
conditional-fit-0098,axis2_legal,557,0.014701023203940018
conditional-fit-0098,axis2_legal,558,0.02572814868174507
conditional-fit-0098,axis2_legal,559,0.018674471686310343
conditional-fit-0098,axis2_legal,560,0.01453038284777562
conditional-fit-0098,axis2_legal,561,0.03854220876975875
conditional-fit-0098,axis2_legal,562,0.00992718841077744
conditional-fit-0098,axis2_legal,563,0.05483168050547746
conditional-fit-0098,axis2_legal,564,0.00017564571601941673
conditional-fit-0098,axis2_legal,565,0.021387643003250946
conditional-fit-0098,axis2_legal,566,0.02755653015798775
conditional-fit-0098,axis2_legal,567,0.0003641491359285075
conditional-fit-0098,axis2_legal,568,3.673199760543589e-05
conditional-fit-0098,axis2_legal,569,0.0025158372339781953
conditional-fit-0098,axis2_legal,570,0.004088832341922871
conditional-fit-0098,axis2_legal,571,0.014660107347783419
conditional-fit-0098,axis2_legal,572,0.0029701889496529126
conditional-fit-0098,axis2_legal,573,0.0021568478130004863
conditional-fit-0098,axis2_legal,574,0.0029001803127914096
conditional-fit-0098,axis2_legal,575,0.016636432692251013
conditional-fit-0098,axis2_legal,576,0.002859404942550676
conditional-fit-0098,axis2_legal,577,0.01220366101047548
conditional-fit-0098,axis2_legal,578,0.018508501475582605
conditional-fit-0098,axis2_legal,579,0.01548223451828927
conditional-fit-0098,axis2_legal,580,0.013073003878553664
conditional-fit-0098,axis2_legal,581,0.017799490089894912
conditional-fit-0098,axis2_legal,582,0.0017778918733467864
conditional-fit-0098,axis2_legal,583,0.0025054209113231085
conditional-fit-0098,axis2_legal,584,0.004327415284466578
conditional-fit-0098,axis2_legal,585,0.008776717803100409
conditional-fit-0098,axis2_legal,586,0.017030780500021832
conditional-fit-0098,axis2_legal,587,0.0014164493297125977
conditional-fit-0098,axis2_legal,588,0.014909640702226825
conditional-fit-0098,axis2_legal,589,0.00012580444080723796
conditional-fit-0098,axis2_legal,590,0.02622908025856109
conditional-fit-0098,axis2_legal,591,0.016920072520323966
conditional-fit-0098,axis2_legal,592,0.012286734912184679
conditional-fit-0098,axis2_legal,593,0.00536624248918513
conditional-fit-0098,axis2_legal,594,0.00409596657963783
conditional-fit-0098,axis2_legal,595,0.0006556502989594863
conditional-fit-0098,axis2_legal,596,0.025305657010417
conditional-fit-0098,axis2_legal,597,0.03369323454932108
conditional-fit-0098,axis2_legal,598,0.00016405486312907858
conditional-fit-0098,axis2_legal,599,0.004541841153722383
conditional-fit-0098,axis2_legal,600,0.012500282318136081
conditional-fit-0098,axis2_legal,601,0.009067756339093546
conditional-fit-0098,axis2_legal,602,0.035369380134848236
conditional-fit-0098,axis2_legal,603,0.00042990385358918716
conditional-fit-0098,axis2_legal,604,0.012975243960206523
conditional-fit-0098,axis2_legal,605,0.061540024451006786
conditional-fit-0098,axis2_legal,606,0.08968960465416714
conditional-fit-0098,axis2_legal,607,0.0442718314331803
conditional-fit-0098,axis2_legal,608,0.03334779394175462
conditional-fit-0098,axis2_legal,609,0.018086992583608658
conditional-fit-0098,axis2_legal,610,0.0038293737114771034
conditional-fit-0098,axis2_legal,611,0.015114373406881827
conditional-fit-0098,axis2_legal,612,0.006400118966866628
conditional-fit-0098,axis2_legal,613,0.0011962937091419266
conditional-fit-0098,axis2_legal,614,0.0028262579689163937
conditional-fit-0098,axis2_legal,615,0.01558050012296247
conditional-fit-0098,axis2_legal,616,0.023269196643956522
conditional-fit-0098,axis2_legal,617,0.015366472373862655
conditional-fit-0098,axis2_legal,618,0.0015319822071006432
conditional-fit-0098,axis2_legal,619,0.01636365391635317
conditional-fit-0098,axis2_legal,620,0.009730615284945985
conditional-fit-0098,axis2_legal,621,0.00917686087320061
conditional-fit-0098,axis2_legal,622,0.002405199149476533
conditional-fit-0098,axis2_legal,623,0.02034381590117025
conditional-fit-0098,axis2_legal,624,0.020452224726585748
conditional-fit-0098,axis2_legal,625,0.009840918515607965
conditional-fit-0098,axis2_legal,626,0.0027105771439957698
conditional-fit-0098,axis2_legal,627,0.23253336324745066
conditional-fit-0098,axis2_legal,628,0.017989553550473096
conditional-fit-0098,axis2_legal,629,0.014599027270162561
conditional-fit-0098,axis2_legal,630,0.09876128125719319
conditional-fit-0098,axis2_legal,631,0.029678198166718493
conditional-fit-0098,axis2_legal,632,0.0033445332198999986
conditional-fit-0098,axis2_legal,633,0.25826361589909563
conditional-fit-0098,axis2_legal,634,0.0024437974758270828
conditional-fit-0098,axis2_legal,635,0.019276079279520533
conditional-fit-0098,axis2_legal,636,0.05287152830550963
conditional-fit-0098,axis2_legal,637,0.34115651606493635
conditional-fit-0098,axis2_legal,638,0.003312714308380039
conditional-fit-0098,axis2_legal,639,0.12178673763395396
conditional-fit-0098,axis2_legal,640,0.0056064343006896784
conditional-fit-0098,axis2_legal,641,0.07113907625420052
conditional-fit-0098,axis2_legal,642,0.0906902575091383
conditional-fit-0098,axis2_legal,643,0.05808439464089152
conditional-fit-0098,axis2_legal,644,0.011000042209245922
conditional-fit-0098,axis2_legal,645,0.04161236521099437
conditional-fit-0098,axis2_legal,646,0.13516832478163168
conditional-fit-0098,axis2_legal,647,0.02988209855782656
conditional-fit-0098,axis2_legal,648,0.25943149326459225
conditional-fit-0098,axis2_legal,649,0.01165978830912945
conditional-fit-0098,axis2_legal,650,0.12136828100140876
conditional-fit-0098,axis2_legal,651,0.11694138039422022
conditional-fit-0098,axis2_legal,652,0.21062101453978455
conditional-fit-0098,axis2_legal,653,0.039938488324093066
conditional-fit-0098,axis2_legal,654,0.021682644770396525
conditional-fit-0098,axis2_legal,655,0.043223948461458155
conditional-fit-0098,axis2_legal,656,0.0244844972771108
conditional-fit-0098,axis2_legal,657,0.04133190357209407
conditional-fit-0098,axis2_legal,658,0.23899794993955784
conditional-fit-0098,axis2_legal,659,0.04797391822065497
conditional-fit-0098,axis2_legal,660,0.02166101423585487
conditional-fit-0098,axis2_legal,661,0.026228715340141102
conditional-fit-0098,axis2_legal,662,0.04027363121882352
conditional-fit-0098,axis2_legal,663,0.025667966465273487
conditional-fit-0098,axis2_legal,664,0.0031110792169938006
conditional-fit-0098,axis2_legal,665,0.03287182536308225
conditional-fit-0098,axis2_legal,666,0.07380681881382271
conditional-fit-0098,axis2_legal,667,0.04004637676012791
conditional-fit-0098,axis2_legal,668,0.02280710917998241
conditional-fit-0098,axis2_legal,669,0.01077698961853361
conditional-fit-0098,axis2_legal,670,0.02429346155091676
conditional-fit-0098,axis2_legal,671,0.03200410226342307
conditional-fit-0098,axis2_legal,672,0.011153541034729047
conditional-fit-0098,axis2_legal,673,0.053957693851590854
conditional-fit-0098,axis2_legal,674,0.010378163892385918
conditional-fit-0098,axis2_legal,675,0.05756198369271985
conditional-fit-0098,axis2_legal,676,0.009664942815283132
conditional-fit-0098,axis2_legal,677,0.0006273537357029209
conditional-fit-0098,axis2_legal,678,0.00219191148061948
conditional-fit-0098,axis2_legal,679,0.048496008060793454
conditional-fit-0098,axis2_legal,680,0.09196695042620474
conditional-fit-0098,axis2_legal,681,0.04143472864309272
conditional-fit-0098,axis2_legal,682,0.04575951332898399
conditional-fit-0098,axis2_legal,683,0.0004957182802275593
conditional-fit-0098,axis2_legal,684,0.06361788469293382
conditional-fit-0098,axis2_legal,685,0.14325823359337062
conditional-fit-0098,axis2_legal,686,0.00858370245389707
conditional-fit-0098,axis2_legal,687,0.00016238824622224205
conditional-fit-0098,axis2_legal,688,0.0003401700763422401
conditional-fit-0098,axis2_legal,689,0.05370489684240946
conditional-fit-0098,axis2_legal,690,0.007343249647856834
conditional-fit-0098,axis2_legal,691,0.03654598247889321
conditional-fit-0098,axis2_legal,692,0.08613720639701829
conditional-fit-0098,axis2_legal,693,0.010336532117312319
conditional-fit-0098,axis2_legal,694,0.06999579522993793
conditional-fit-0098,axis2_legal,695,0.05568151166849335
conditional-fit-0098,axis2_legal,696,0.03485672536020884
conditional-fit-0098,axis2_legal,697,0.017025858161166474
conditional-fit-0098,axis2_legal,698,0.005570846752704432
conditional-fit-0098,axis2_legal,699,0.003236304093602871
conditional-fit-0098,axis2_legal,700,0.0010205864775371973
conditional-fit-0098,axis2_legal,701,0.0010428248204074977
conditional-fit-0098,axis2_legal,702,0.004080031227438847
conditional-fit-0098,axis2_legal,703,0.00018637047841451047
conditional-fit-0098,axis2_legal,704,0.1477070541183429
conditional-fit-0098,axis2_legal,705,0.016564471982731442
conditional-fit-0098,axis2_legal,706,0.006396259486681736
conditional-fit-0098,axis2_legal,707,0.06765369434649332
conditional-fit-0098,axis2_legal,708,0.00995036340453934
conditional-fit-0098,axis2_legal,709,0.038931386970882914
conditional-fit-0098,axis2_legal,710,0.042551195455026725
conditional-fit-0098,axis2_legal,711,0.0027846384321978386
conditional-fit-0098,axis2_legal,712,0.027328856418012686
conditional-fit-0098,axis2_legal,713,0.0003445828845934731
conditional-fit-0098,axis2_legal,714,0.028426803733386456
conditional-fit-0098,axis2_legal,715,0.0011079386728414541
conditional-fit-0098,axis2_legal,716,0.001163950631006779
conditional-fit-0098,axis2_legal,717,0.1565010213617889
conditional-fit-0098,axis2_legal,718,0.007486422859832944
conditional-fit-0098,axis2_legal,719,0.0021192232618502693
conditional-fit-0098,axis2_legal,720,0.00018671597154525568
conditional-fit-0098,axis2_legal,721,0.00014311438509753745
conditional-fit-0098,axis2_legal,722,0.0035938039477128162
conditional-fit-0098,axis2_legal,723,0.00011499725441413173
conditional-fit-0098,axis2_legal,724,0.0009348152000693711
conditional-fit-0098,axis2_legal,725,0.00024423407044950226
conditional-fit-0098,axis2_legal,726,0.00015654907316446393
conditional-fit-0098,axis2_legal,727,0.00036964294006438706
conditional-fit-0098,axis2_legal,728,0.7810465035744381
conditional-fit-0098,axis2_legal,729,0.2678790532505324
conditional-fit-0098,axis2_legal,730,0.00047411764869450954
conditional-fit-0098,axis2_legal,731,0.25916617759902816
conditional-fit-0098,axis2_legal,732,0.0029060962000462555
conditional-fit-0098,axis2_legal,733,0.0009652106020158148
conditional-fit-0098,axis2_legal,734,0.002608487797211626
conditional-fit-0098,axis2_legal,735,0.6788244826731786
conditional-fit-0098,axis2_legal,736,0.0011465085213208201
conditional-fit-0098,axis2_legal,737,0.0027783773278781112
conditional-fit-0098,axis2_legal,738,0.0036626719674031838
conditional-fit-0098,axis2_legal,739,0.07395583930477281
conditional-fit-0098,axis2_legal,740,0.04951615042608631
conditional-fit-0098,axis2_legal,741,0.0019802609075569326
conditional-fit-0098,axis2_legal,742,0.05455334122991365
conditional-fit-0098,axis2_legal,743,0.035720584880207844
conditional-fit-0098,axis2_legal,744,0.021028798233925543
conditional-fit-0098,axis2_legal,745,0.025399886668113127
conditional-fit-0098,axis2_legal,746,0.0785937326657136
conditional-fit-0098,axis2_legal,747,0.003600705404209171
conditional-fit-0098,axis2_legal,748,0.07677921805171982
conditional-fit-0098,axis2_legal,749,0.035894383614618004
conditional-fit-0098,axis2_legal,750,0.12909937631645396
conditional-fit-0098,axis2_legal,751,0.017225013414247137
conditional-fit-0098,axis2_legal,752,0.049974466061348234
conditional-fit-0098,axis2_legal,753,0.07860426036671232
conditional-fit-0098,axis2_legal,754,0.11737690582313678
conditional-fit-0098,axis2_legal,755,0.006926785947102922
conditional-fit-0098,axis2_legal,756,0.03414428995670435
conditional-fit-0098,axis2_legal,757,0.04826931252584051
conditional-fit-0098,axis2_legal,758,0.018770641168052722
conditional-fit-0098,axis2_legal,759,0.022981020704686807
conditional-fit-0098,axis2_legal,760,0.023988641398967996
conditional-fit-0098,axis2_legal,761,0.02650858169169703
conditional-fit-0098,axis2_legal,762,0.02168987824346906
conditional-fit-0098,axis2_legal,763,0.023843386552177867
conditional-fit-0098,axis2_legal,764,0.01661829592644238
conditional-fit-0098,axis2_legal,765,0.06429094885336377
conditional-fit-0098,axis2_legal,766,0.013529297111309017
conditional-fit-0098,axis2_legal,767,0.00034852818433786303
conditional-fit-0098,axis2_legal,768,0.001224449666041674
conditional-fit-0098,axis2_legal,769,0.0024303358540976195
conditional-fit-0098,axis2_legal,770,0.005504872693828739
conditional-fit-0098,axis2_legal,771,0.020270837502025234
conditional-fit-0098,axis2_legal,772,0.033539110334056904
conditional-fit-0098,axis2_legal,773,0.050362421521878864
conditional-fit-0098,axis2_legal,774,0.008695605950296791
conditional-fit-0098,axis2_legal,775,0.0015700370716821713
conditional-fit-0098,axis2_legal,776,0.0064434130763282435
conditional-fit-0098,axis2_legal,777,0.03697642880384032
conditional-fit-0098,axis2_legal,778,0.04930641907227727
conditional-fit-0098,axis2_legal,779,0.023429159134176064
conditional-fit-0098,axis2_legal,780,0.015940995198856174
conditional-fit-0098,axis2_legal,781,0.007197509510342955
conditional-fit-0098,axis2_legal,782,0.0323697296100707
conditional-fit-0098,axis2_legal,783,0.004690394220856816
conditional-fit-0098,axis2_legal,784,0.005377357077247037
conditional-fit-0098,axis2_legal,785,0.016082670599467958
conditional-fit-0098,axis2_legal,786,0.027774717480470047
conditional-fit-0098,axis2_legal,787,0.05442905544860566
conditional-fit-0098,axis2_legal,788,0.03059722595003094
conditional-fit-0098,axis2_legal,789,0.005657644994285811
conditional-fit-0098,axis2_legal,790,0.05947577471769222
conditional-fit-0098,axis2_legal,791,0.0007204703652062345
conditional-fit-0098,axis2_legal,792,0.05877366071126946
conditional-fit-0098,axis2_legal,793,0.15384609287576
conditional-fit-0098,axis2_legal,794,0.02161595557154849
conditional-fit-0098,axis2_legal,795,0.0172377372681494
conditional-fit-0098,axis2_legal,796,0.009471922709135907
conditional-fit-0098,axis2_legal,797,0.028560626322131688
conditional-fit-0098,axis2_legal,798,0.030097113328441536
conditional-fit-0098,axis2_legal,799,0.020667407427382052
conditional-fit-0098,axis2_legal,800,0.00906425749309384
conditional-fit-0098,axis2_legal,801,0.006245555027256041
conditional-fit-0098,axis2_legal,802,0.020190007107573935
conditional-fit-0098,axis2_legal,803,0.020570811910143996
conditional-fit-0098,axis2_legal,804,0.00922786248207997
conditional-fit-0098,axis2_legal,805,0.02562060243550651
conditional-fit-0098,axis2_legal,806,0.014853879702111335
conditional-fit-0098,axis2_legal,807,0.009498839693335785
conditional-fit-0098,axis2_legal,808,0.004632099392258209
conditional-fit-0098,axis2_legal,809,0.0033102594033273458
conditional-fit-0098,axis2_legal,810,0.006011240563833729
conditional-fit-0098,axis2_legal,811,0.00933071744471011
conditional-fit-0098,axis2_legal,812,0.006577650837128932
conditional-fit-0098,axis2_legal,813,0.020909184399116206
conditional-fit-0098,axis2_legal,814,0.03128226890388961
conditional-fit-0098,axis2_legal,815,0.017306626935022044
conditional-fit-0098,axis2_legal,816,0.024961065397842645
conditional-fit-0098,axis2_legal,817,0.023623128279416573
conditional-fit-0098,axis2_legal,818,0.004979731612224144
conditional-fit-0098,axis2_legal,819,0.0025123360048707505
conditional-fit-0098,axis2_legal,820,0.10492255525484631
conditional-fit-0098,axis2_legal,821,0.04126445895653541
conditional-fit-0098,axis2_legal,822,0.03793139107165583
conditional-fit-0098,axis2_legal,823,0.026784265961094705
conditional-fit-0098,axis2_legal,824,0.004945906626877724
conditional-fit-0098,axis2_legal,825,0.0050235913578838744
conditional-fit-0098,axis2_legal,826,0.03407355194785143
conditional-fit-0098,axis2_legal,827,0.015311832415378084
conditional-fit-0098,axis2_legal,828,0.023008182314984457
conditional-fit-0098,axis2_legal,829,0.01327252632569523
conditional-fit-0098,axis2_legal,830,0.10483755856386051
conditional-fit-0098,axis2_legal,831,0.020770760467319033
conditional-fit-0098,axis2_legal,832,0.013537514769464366
conditional-fit-0098,axis2_legal,833,0.01832937292602227
conditional-fit-0098,axis2_legal,834,0.0019576248328224194
conditional-fit-0098,axis2_legal,835,0.005686407998619759
conditional-fit-0098,axis2_legal,836,0.037193587260643285
conditional-fit-0098,axis2_legal,837,0.022331138879003447
conditional-fit-0098,axis2_legal,838,0.015538937933940067
conditional-fit-0098,axis2_legal,839,0.03333770146892514
conditional-fit-0098,axis2_legal,840,0.03090752061653216
conditional-fit-0098,axis2_legal,841,0.02814720895010063
conditional-fit-0098,axis2_legal,842,0.04406348743070108
conditional-fit-0098,axis2_legal,843,0.08919025630837901
conditional-fit-0098,axis2_legal,844,0.08648251741929135
conditional-fit-0098,axis2_legal,845,0.04439576353068199
conditional-fit-0098,axis2_legal,846,0.05867047479283999
conditional-fit-0098,axis2_legal,847,0.012369654619522481
conditional-fit-0098,axis2_legal,848,0.010434049202998102
conditional-fit-0098,axis2_legal,849,0.0015896923726874844
conditional-fit-0098,axis2_legal,850,0.0037103237309018206
conditional-fit-0098,axis2_legal,851,0.008824495345701573
conditional-fit-0098,axis2_legal,852,0.00806959924104745
conditional-fit-0098,axis2_legal,853,0.01196204448406064
conditional-fit-0098,axis2_legal,854,0.03868542529319166
conditional-fit-0098,axis2_legal,855,0.0051755505752475745
conditional-fit-0098,axis2_legal,856,0.007364081440098673
conditional-fit-0098,axis2_legal,857,0.017826276321390763
conditional-fit-0098,axis2_legal,858,0.12704565022484907
conditional-fit-0098,axis2_legal,859,0.00039988080287054395
conditional-fit-0098,axis2_legal,860,0.06576896102414874
conditional-fit-0098,axis2_legal,861,0.017654370538832585
conditional-fit-0098,axis2_legal,862,0.01058310587101452
conditional-fit-0098,axis2_legal,863,0.0044339181163485335
conditional-fit-0098,axis2_legal,864,0.013147708539098583
conditional-fit-0098,axis2_legal,865,0.008608334901686283
conditional-fit-0098,axis2_legal,866,0.0006212342308370284
conditional-fit-0098,axis2_legal,867,0.000662855423349372
conditional-fit-0098,axis2_legal,868,0.01198823967146527
conditional-fit-0098,axis2_legal,869,0.10100330900502566
conditional-fit-0098,axis2_legal,870,7.557353316406455e-05
conditional-fit-0098,axis2_legal,871,0.0037187172896579884
conditional-fit-0098,axis2_legal,872,0.03798464454524954
conditional-fit-0098,axis2_legal,873,0.001702248677780372
conditional-fit-0098,axis2_legal,874,0.041999846081917355
conditional-fit-0098,axis2_legal,875,0.014102089966888387
conditional-fit-0098,axis2_legal,876,0.04248017615364087
conditional-fit-0098,axis2_legal,877,0.02009974274636389
conditional-fit-0098,axis2_legal,878,0.023254759884679007
conditional-fit-0098,axis2_legal,879,0.03994238414315252
conditional-fit-0098,axis2_legal,880,0.003424945965867809
conditional-fit-0098,axis2_legal,881,0.056700669247770674
conditional-fit-0098,axis2_legal,882,0.040613512384081216
conditional-fit-0098,axis2_legal,883,0.09137903072678595
conditional-fit-0098,axis2_legal,884,0.013808200371131986
conditional-fit-0098,axis2_legal,885,0.02058762846801324
conditional-fit-0098,axis2_legal,886,0.018770152224523405
conditional-fit-0098,axis2_legal,887,0.02089146400545335
conditional-fit-0098,axis2_legal,888,0.03345186334120838
conditional-fit-0098,axis2_legal,889,0.00010642207242582446
conditional-fit-0098,axis2_legal,890,0.014419556338251219
conditional-fit-0098,axis2_legal,891,0.014342499976367483
conditional-fit-0098,axis2_legal,892,0.008333620291715504
conditional-fit-0098,axis2_legal,893,0.018543822248612958
conditional-fit-0098,axis2_legal,894,0.009850616008829867
conditional-fit-0098,axis2_legal,895,0.016303512074192082
conditional-fit-0098,axis2_legal,896,0.006951970731098829
conditional-fit-0098,axis2_legal,897,0.018157930315895483
conditional-fit-0098,axis2_legal,898,0.0008030676402236278
conditional-fit-0098,axis2_legal,899,0.041516988234540135
conditional-fit-0098,axis2_legal,900,0.0641606019312168
conditional-fit-0098,axis2_legal,901,0.0006269303432940017
conditional-fit-0098,axis2_legal,902,0.035186551344501146
conditional-fit-0098,axis2_legal,903,0.013774885000967418
conditional-fit-0098,axis2_legal,904,0.022140681492641492
conditional-fit-0098,axis2_legal,905,0.005983105419690833
conditional-fit-0098,axis2_legal,906,0.047039638498521205
conditional-fit-0098,axis2_legal,907,0.034221938823005844
conditional-fit-0098,axis2_legal,908,0.022452234747841318
conditional-fit-0098,axis2_legal,909,0.016821455982095654
conditional-fit-0098,axis2_legal,910,0.024662742520766293
conditional-fit-0098,axis2_legal,911,0.00043471185464895464
conditional-fit-0098,axis2_legal,912,0.03180531558216686
conditional-fit-0098,axis2_legal,913,0.021502087218858323
conditional-fit-0098,axis2_legal,914,3.781457357090139e-05
conditional-fit-0098,axis2_legal,915,0.001796269735171609
conditional-fit-0098,axis2_legal,916,0.009846585213138477
conditional-fit-0098,axis2_legal,917,0.030770017774825083
conditional-fit-0098,axis2_legal,918,0.00011372077312777323
conditional-fit-0098,axis2_legal,919,0.012458612701326541
conditional-fit-0098,axis2_legal,920,0.004265130247088087
conditional-fit-0098,axis2_legal,921,0.003093912038671017
conditional-fit-0098,axis2_legal,922,0.01092056051267051
conditional-fit-0098,axis2_legal,923,0.04782138579256963
conditional-fit-0098,axis2_legal,924,0.12533366879771723
conditional-fit-0098,axis2_legal,925,0.013074528304118798
conditional-fit-0098,axis2_legal,926,0.023980383829028534
conditional-fit-0098,axis2_legal,927,0.055114175370903504
conditional-fit-0098,axis2_legal,928,0.010030191850242117
conditional-fit-0098,axis2_legal,929,0.005312130520263279
conditional-fit-0098,axis2_legal,930,0.00010102711415929727
conditional-fit-0098,axis2_legal,931,0.0008305200311288065
conditional-fit-0098,axis2_legal,932,0.0071429447836572485
conditional-fit-0098,axis2_legal,933,0.001162316012387667
conditional-fit-0098,axis2_legal,934,0.0028998940601371124
conditional-fit-0098,axis2_legal,935,0.00821583859174361
conditional-fit-0098,axis2_legal,936,0.0012309672405462482
conditional-fit-0098,axis2_legal,937,0.007582907693196302
conditional-fit-0098,axis2_legal,938,0.011267303018655904
conditional-fit-0098,axis2_legal,939,0.0047125129005887965
conditional-fit-0098,axis2_legal,940,0.00017599420300388498
conditional-fit-0098,axis2_legal,941,0.008174723610021691
conditional-fit-0098,axis2_legal,942,0.06766890944035583
conditional-fit-0098,axis2_legal,943,0.03299929610431475
conditional-fit-0098,axis2_legal,944,0.023232012097119493
conditional-fit-0098,axis2_legal,945,0.020273680996972666
conditional-fit-0098,axis2_legal,946,0.07403289438731943
conditional-fit-0098,axis2_legal,947,0.06416061070213959
conditional-fit-0098,axis2_legal,948,0.020775368332254025
conditional-fit-0098,axis2_legal,949,0.062244238636668024
conditional-fit-0098,axis2_legal,950,0.015531084194382677
conditional-fit-0098,axis2_legal,951,0.11833180042421416
conditional-fit-0098,axis2_legal,952,0.000117922584297561
conditional-fit-0098,axis2_legal,953,6.475710668052142e-05
conditional-fit-0098,axis2_legal,954,0.009674948310037925
conditional-fit-0098,axis2_legal,955,0.02499271801487424
conditional-fit-0098,axis2_legal,956,0.06780811248338477
conditional-fit-0098,axis2_legal,957,0.0183250744194332
conditional-fit-0098,axis2_legal,958,0.010419557838820577
conditional-fit-0098,axis2_legal,959,0.03286457942351143
conditional-fit-0098,axis2_legal,960,0.0014978696523561725
conditional-fit-0098,axis2_legal,961,0.003395723134355027
conditional-fit-0098,axis2_legal,962,0.008661048797360748
conditional-fit-0098,axis2_legal,963,0.022435659949362648
conditional-fit-0098,axis2_legal,964,0.02404945953026345
conditional-fit-0098,axis2_legal,965,0.01907149846286533
conditional-fit-0098,axis2_legal,966,0.06365758822410583
conditional-fit-0098,axis2_legal,967,0.013768357579651433
conditional-fit-0098,axis2_legal,968,0.009389533632271692
conditional-fit-0098,axis2_legal,969,0.04305715721263967
conditional-fit-0098,axis2_legal,970,0.0029574293628230088
conditional-fit-0098,axis2_legal,971,0.00015468254709632553
conditional-fit-0098,axis2_legal,972,0.05484510107317541
conditional-fit-0098,axis2_legal,973,0.025562022486789456
conditional-fit-0098,axis2_legal,974,0.2868426547704522
conditional-fit-0098,axis2_legal,975,0.018638711848339005
conditional-fit-0098,axis2_legal,976,0.001956093242259834
conditional-fit-0098,axis2_legal,977,0.055949910305515195
conditional-fit-0098,axis2_legal,978,0.06781540192218383
conditional-fit-0098,axis2_legal,979,0.03218423849350342
conditional-fit-0098,axis2_legal,980,0.03631313510193372
conditional-fit-0098,axis2_legal,981,0.020715666149522884
conditional-fit-0098,axis2_legal,982,0.0005620756072013391
conditional-fit-0098,axis2_legal,983,0.03256758336544955
conditional-fit-0098,axis2_legal,984,0.04186408951306346
conditional-fit-0098,axis2_legal,985,0.007118048748581865
conditional-fit-0098,axis2_legal,986,0.019657023217686306
conditional-fit-0098,axis2_legal,987,0.010481386972654112
conditional-fit-0098,axis2_legal,988,0.003093473039636089
conditional-fit-0098,axis2_legal,989,0.0006703929795304443
conditional-fit-0098,axis2_legal,990,0.0005517430648516725
conditional-fit-0098,axis2_legal,991,0.00013652057113584045
conditional-fit-0098,axis2_legal,992,0.0016185403487689533
conditional-fit-0098,axis2_legal,993,0.0066602474886976095
conditional-fit-0098,axis2_legal,994,0.02807327019930002
conditional-fit-0098,axis2_legal,995,0.0063226369805158954
conditional-fit-0098,axis2_legal,996,0.01773808658368875
conditional-fit-0098,axis2_legal,997,0.0012759421987696864
conditional-fit-0098,axis2_legal,998,0.00404157358833481
conditional-fit-0098,axis2_legal,999,0.023806996377319048
conditional-fit-0098,axis2_legal,1000,0.0036917241479842208
conditional-fit-0098,axis2_legal,1001,0.0025820122554723515
conditional-fit-0098,axis2_legal,1002,0.014542119697487664
conditional-fit-0098,axis2_legal,1003,0.01300046362207526
conditional-fit-0098,axis2_legal,1004,0.03254491595717476
conditional-fit-0098,axis2_legal,1005,0.015100266669030128
conditional-fit-0098,axis2_legal,1006,0.0008249914948214216
conditional-fit-0098,axis2_legal,1007,0.03658028577492723
conditional-fit-0098,axis2_legal,1008,0.0464442647293136
conditional-fit-0098,axis2_legal,1009,0.019473960396113016
conditional-fit-0098,axis2_legal,1010,0.0013484548954927284
conditional-fit-0098,axis2_legal,1011,0.013217853561721955
conditional-fit-0098,axis2_legal,1012,0.012311665923539342
conditional-fit-0098,axis2_legal,1013,0.0423112168055359
conditional-fit-0098,axis2_legal,1014,0.03851099085601425
conditional-fit-0098,axis2_legal,1015,0.009527832919015254
conditional-fit-0098,axis2_legal,1016,0.09584039431982982
conditional-fit-0098,axis2_legal,1017,0.027631224420895613
conditional-fit-0098,axis2_legal,1018,0.012638852638504637
conditional-fit-0098,axis2_legal,1019,0.013934007138138783
conditional-fit-0098,axis2_legal,1020,0.01653407634470231
conditional-fit-0098,axis2_legal,1021,0.03036644492585301
conditional-fit-0098,axis2_legal,1022,0.0007773112190851803
conditional-fit-0098,axis2_legal,1023,0.012737823987732311
conditional-fit-0098,axis2_legal,1024,0.06328897775942278
conditional-fit-0098,axis2_legal,1025,0.008557013937019891
conditional-fit-0098,axis2_legal,1026,0.005319422372781363
conditional-fit-0098,axis2_legal,1027,0.04035686055820096
conditional-fit-0098,axis2_legal,1028,0.0020910297162178605
conditional-fit-0098,axis2_legal,1029,0.025213959883402186
conditional-fit-0098,axis2_legal,1030,0.028165309970854188
conditional-fit-0098,axis2_legal,1031,0.015452444546530206
conditional-fit-0098,axis2_legal,1032,0.003873283096743835
conditional-fit-0098,axis2_legal,1033,0.01407075008183354
conditional-fit-0098,axis2_legal,1034,0.001023242094026545
conditional-fit-0098,axis2_legal,1035,0.02858183842868929
conditional-fit-0098,axis2_legal,1036,0.037030381803866204
conditional-fit-0098,axis2_legal,1037,0.03068791816953374
conditional-fit-0098,axis2_legal,1038,0.024830854558884626
conditional-fit-0098,axis2_legal,1039,0.09803518157092116
conditional-fit-0098,axis2_legal,1040,0.0009600102214993769
conditional-fit-0098,axis2_legal,1041,0.015521517994452928
conditional-fit-0098,axis2_legal,1042,0.0330703006461753
conditional-fit-0098,axis2_legal,1043,0.11791851860300605
conditional-fit-0098,axis2_legal,1044,0.03472387674270883
conditional-fit-0098,axis2_legal,1045,0.026977875964661113
conditional-fit-0098,axis2_legal,1046,0.018181171923428552
conditional-fit-0098,axis2_legal,1047,0.02208586890548711
conditional-fit-0098,axis2_legal,1048,0.024370477218378934
conditional-fit-0098,axis2_legal,1049,0.009344898173945891
conditional-fit-0098,axis2_legal,1050,0.04018768687127362
conditional-fit-0098,axis2_legal,1051,0.007555775649691259
conditional-fit-0098,axis2_legal,1052,0.04373521832754611
conditional-fit-0098,axis2_legal,1053,0.031970790490024284
conditional-fit-0098,axis2_legal,1054,0.004157733093010044
conditional-fit-0098,axis2_legal,1055,0.008599959255589415
conditional-fit-0098,axis2_legal,1056,0.05492112480189515
conditional-fit-0098,axis2_legal,1057,0.025922264101060005
conditional-fit-0098,axis2_legal,1058,0.0048393656702517135
conditional-fit-0098,axis2_legal,1059,0.01809471490782767
conditional-fit-0098,axis2_legal,1060,0.0033371945811596273
conditional-fit-0098,axis2_legal,1061,0.012256232246779603
conditional-fit-0098,axis2_legal,1062,0.019115409173868426
conditional-fit-0098,axis2_legal,1063,0.016085697463361685
conditional-fit-0098,axis2_legal,1064,0.012360492910158933
conditional-fit-0098,axis2_legal,1065,0.03416158569966681
conditional-fit-0098,axis2_legal,1066,0.0007179028804166327
conditional-fit-0098,axis2_legal,1067,0.00447944927423132
conditional-fit-0098,axis2_legal,1068,0.00029788029525748566
conditional-fit-0098,axis2_legal,1069,0.008536848023126277
conditional-fit-0098,axis2_legal,1070,0.007860582062578034
conditional-fit-0098,axis2_legal,1071,0.02963582708112103
conditional-fit-0098,axis2_legal,1072,0.030401366958647764
conditional-fit-0098,axis2_legal,1073,0.041230932660848
conditional-fit-0098,axis2_legal,1074,0.020355646131532748
conditional-fit-0098,axis2_legal,1075,0.07358425711410041
conditional-fit-0098,axis2_legal,1076,0.03414532928261176
conditional-fit-0098,axis2_legal,1077,0.017863721635535734
conditional-fit-0098,axis2_legal,1078,0.011510509899166677
conditional-fit-0098,axis2_legal,1079,0.01130470873788407
conditional-fit-0098,axis2_legal,1080,0.0021891727968450913
conditional-fit-0098,axis2_legal,1081,0.05602462032273652
conditional-fit-0098,axis2_legal,1082,0.023611815839239964
conditional-fit-0098,axis2_legal,1083,0.014034674524251278
conditional-fit-0098,axis2_legal,1084,0.023220828107225554
conditional-fit-0098,axis2_legal,1085,0.00023589626982743273
conditional-fit-0098,axis2_legal,1086,9.806316514582005e-05
conditional-fit-0098,axis2_legal,1087,0.015014196955999669
conditional-fit-0098,axis2_legal,1088,0.002360503790347772
conditional-fit-0098,axis2_legal,1089,0.011606124568396495
conditional-fit-0098,axis2_legal,1090,0.029070702309880132
conditional-fit-0098,axis2_legal,1091,0.007843329698949965
conditional-fit-0098,axis2_legal,1092,0.01330285999607904
conditional-fit-0098,axis2_legal,1093,0.009871098564049732
conditional-fit-0098,axis2_legal,1094,0.06626205480953408
conditional-fit-0098,axis2_legal,1095,0.049570208965571204
conditional-fit-0098,axis2_legal,1096,0.03094668587344121
conditional-fit-0098,axis2_legal,1097,0.04111852679132095
conditional-fit-0098,axis2_legal,1098,0.04107462324940232
conditional-fit-0098,axis2_legal,1099,0.12281290994324012
conditional-fit-0098,axis2_legal,1100,0.029335306858803922
conditional-fit-0098,axis2_legal,1101,0.045797991145748174
conditional-fit-0098,axis2_legal,1102,0.0008203215145741974
conditional-fit-0098,axis2_legal,1103,0.04681335476128991
conditional-fit-0098,axis2_legal,1104,0.03348212295211717
conditional-fit-0098,axis2_legal,1105,0.028601443015412648
conditional-fit-0098,axis2_legal,1106,0.0005319316273221661
conditional-fit-0098,axis2_legal,1107,0.03890897594342072
conditional-fit-0098,axis2_legal,1108,0.031954792672846316
conditional-fit-0098,axis2_legal,1109,0.04522839346796192
conditional-fit-0098,axis2_legal,1110,0.03562543936203445
conditional-fit-0098,axis2_legal,1111,0.03499088858580221
conditional-fit-0098,axis2_legal,1112,0.054983405808475314
conditional-fit-0098,axis2_legal,1113,0.001414583089628955
conditional-fit-0098,axis2_legal,1114,0.04830124862956328
conditional-fit-0098,axis2_legal,1115,0.016369404742478617
conditional-fit-0098,axis2_legal,1116,0.016877098269580195
conditional-fit-0098,axis2_legal,1117,0.10515322585623496
conditional-fit-0098,axis2_legal,1118,0.00027535092162951934
conditional-fit-0098,axis2_legal,1119,0.006271745286526161
conditional-fit-0098,axis2_legal,1120,2.7956987288812758e-05
conditional-fit-0098,axis2_legal,1121,0.04333466132678148
conditional-fit-0098,axis2_legal,1122,0.05202470063384882
conditional-fit-0098,axis2_legal,1123,0.018188996998188833
conditional-fit-0098,axis2_legal,1124,0.023133601038749434
conditional-fit-0098,axis2_legal,1125,0.04135760724024491
conditional-fit-0098,axis2_legal,1126,0.0009819533378693757
conditional-fit-0098,axis2_legal,1127,0.003728750761980929
conditional-fit-0098,axis2_legal,1128,0.0003461722274364635
conditional-fit-0098,axis2_legal,1129,0.0046045655360163595
conditional-fit-0098,axis2_legal,1130,0.00011783293119006099
conditional-fit-0098,axis2_legal,1131,0.03247913325162251
conditional-fit-0098,axis2_legal,1132,0.09364185541507154
conditional-fit-0098,axis2_legal,1133,0.06698392690455904
conditional-fit-0098,axis2_legal,1134,0.05174491360610181
conditional-fit-0098,axis2_legal,1135,0.0007159011412581149
conditional-fit-0098,axis2_legal,1136,0.0018378464761012493
conditional-fit-0098,axis2_legal,1137,0.009319908648350018
conditional-fit-0098,axis2_legal,1138,0.025474652405625537
conditional-fit-0098,axis2_legal,1139,0.0058832898295709994
conditional-fit-0098,axis2_legal,1140,0.014153981425541116
conditional-fit-0098,axis2_legal,1141,0.09709938937582925
conditional-fit-0098,axis2_legal,1142,0.0022030007466305075
conditional-fit-0098,axis2_legal,1143,0.000923315748168604
conditional-fit-0098,axis2_legal,1144,0.01594498623912414
conditional-fit-0098,axis2_legal,1145,0.11774653948262376
conditional-fit-0098,axis2_legal,1146,0.015521910893991964
conditional-fit-0098,axis2_legal,1147,0.0002816658012115436
conditional-fit-0098,axis2_legal,1148,0.02599146546916782
conditional-fit-0098,axis2_legal,1149,0.5453706329197588
conditional-fit-0098,axis2_legal,1150,0.03359824941226417
conditional-fit-0098,axis2_legal,1151,0.017878277464535717
conditional-fit-0098,axis2_legal,1152,0.16048747155914025
conditional-fit-0098,axis2_legal,1153,0.0002977155268753687
conditional-fit-0098,axis2_legal,1154,0.00027398413680746337
conditional-fit-0098,axis2_legal,1155,0.004822795724261083
conditional-fit-0098,axis2_legal,1156,0.34854480945946326
conditional-fit-0098,axis2_legal,1157,0.0012687822381972965
conditional-fit-0098,axis2_legal,1158,0.04891255786832529
conditional-fit-0098,axis2_legal,1159,0.019364544327175253
conditional-fit-0098,axis2_legal,1160,0.0005798478063757848
conditional-fit-0098,axis2_legal,1161,0.027317400888217217
conditional-fit-0098,axis2_legal,1162,0.0026949609000514155
conditional-fit-0098,axis2_legal,1163,0.011027634628816993
conditional-fit-0098,axis2_legal,1164,0.043222726148405104
conditional-fit-0098,axis2_legal,1165,0.10726447712303452
conditional-fit-0098,axis2_legal,1166,0.030787988927730894
conditional-fit-0098,axis2_legal,1167,0.026734342505055367
conditional-fit-0098,axis2_legal,1168,0.06268354492488724
conditional-fit-0098,axis2_legal,1169,0.02232120169894141
conditional-fit-0098,axis2_legal,1170,0.047926938193313534
conditional-fit-0098,axis2_legal,1171,0.0003337609448358066
conditional-fit-0098,axis2_legal,1172,0.0026528372051482
conditional-fit-0098,axis2_legal,1173,0.21762065002871078
conditional-fit-0098,axis2_legal,1174,0.001162149815770143
conditional-fit-0098,axis2_legal,1175,0.008929182137999233
conditional-fit-0098,axis2_legal,1176,0.00796482177839004
conditional-fit-0098,axis2_legal,1177,0.0015951504246758575
conditional-fit-0098,axis2_legal,1178,0.00037018368865590807
conditional-fit-0098,axis2_legal,1179,0.00042916236244411516
conditional-fit-0098,axis2_legal,1180,0.17678808193275977
conditional-fit-0098,axis2_legal,1181,0.01226873782777414
conditional-fit-0098,axis2_legal,1182,0.06536178143432284
conditional-fit-0098,axis2_legal,1183,0.065433207724604
conditional-fit-0098,axis2_legal,1184,0.0033756932652781535
conditional-fit-0098,axis2_legal,1185,0.18502738588686893
conditional-fit-0098,axis2_legal,1186,0.23296651278149316
conditional-fit-0098,axis2_legal,1187,0.0012163626468414297
conditional-fit-0098,axis2_legal,1188,0.0016110648270705073
conditional-fit-0098,axis2_legal,1189,0.23384487359640233
conditional-fit-0098,axis2_legal,1190,0.06202471448798641
conditional-fit-0098,axis2_legal,1191,0.4525530099562386
conditional-fit-0098,axis2_legal,1192,0.03135554940037895
conditional-fit-0098,axis2_legal,1193,0.03492891760324342
conditional-fit-0098,axis2_legal,1194,0.03549686519149108
conditional-fit-0098,axis2_legal,1195,0.03804126038195356
conditional-fit-0098,axis2_legal,1196,0.059740938637987295
conditional-fit-0098,axis2_legal,1197,0.18394094008047368
conditional-fit-0098,axis2_legal,1198,0.0010510413176733802
conditional-fit-0098,axis2_legal,1199,0.04540821313296509
conditional-fit-0098,axis2_legal,1200,0.024254436627997394
conditional-fit-0098,axis2_legal,1201,0.041569168488315655
conditional-fit-0098,axis2_legal,1202,0.010745735471221991
conditional-fit-0098,axis2_legal,1203,0.021307032940517664
conditional-fit-0098,axis2_legal,1204,0.008296275707375816
conditional-fit-0098,axis2_legal,1205,0.10514041237389288
conditional-fit-0098,axis2_legal,1206,0.013726157027579282
conditional-fit-0098,axis2_legal,1207,0.014598868021613564
conditional-fit-0098,axis2_legal,1208,0.04687275039089144
conditional-fit-0098,axis2_legal,1209,0.0011525676720404027
conditional-fit-0098,axis2_legal,1210,0.03883946408086109
conditional-fit-0098,axis2_legal,1211,0.02788502163129094
conditional-fit-0098,axis2_legal,1212,0.0047259103856787145
conditional-fit-0098,axis2_legal,1213,0.02345633577765629
conditional-fit-0098,axis2_legal,1214,0.03784416950451365
conditional-fit-0098,axis2_legal,1215,0.02730081256917086
conditional-fit-0098,axis2_legal,1216,0.045318725252156994
conditional-fit-0098,axis2_legal,1217,0.0251023944624372
conditional-fit-0098,axis2_legal,1218,0.03789596650259295
conditional-fit-0098,axis2_legal,1219,0.022885325558515184
conditional-fit-0098,axis2_legal,1220,0.05903643483993376
conditional-fit-0098,axis2_legal,1221,0.09638962278597751
conditional-fit-0098,axis2_legal,1222,0.01565732854574578
conditional-fit-0098,axis2_legal,1223,0.03783437706618651
conditional-fit-0098,axis2_legal,1224,0.02679616782049
conditional-fit-0098,axis2_legal,1225,0.0001860579261531321
conditional-fit-0098,axis2_legal,1226,0.006846944521991645
conditional-fit-0098,axis2_legal,1227,0.01975038103902596
conditional-fit-0098,axis2_legal,1228,0.0558835467238859
conditional-fit-0098,axis2_legal,1229,0.004769936103546868
conditional-fit-0098,axis2_legal,1230,0.07612147136394073
conditional-fit-0098,axis2_legal,1231,0.000381261097914212
conditional-fit-0098,axis2_legal,1232,0.05457054817794979
conditional-fit-0098,axis2_legal,1233,0.09754962089509378
conditional-fit-0098,axis2_legal,1234,0.47369269833066424
conditional-fit-0098,axis2_legal,1235,0.0753652875379667
conditional-fit-0098,axis2_legal,1236,0.02024590533747919
conditional-fit-0098,axis2_legal,1237,0.0453193698828669
conditional-fit-0098,axis2_legal,1238,0.0635998536980806
conditional-fit-0098,axis2_legal,1239,0.07826014186662977
conditional-fit-0098,axis2_legal,1240,0.0467203699305366
conditional-fit-0098,axis2_legal,1241,0.1401004759703915
conditional-fit-0098,axis2_legal,1242,0.06476965592995855
conditional-fit-0098,axis2_legal,1243,0.06330398202016865
conditional-fit-0098,axis2_legal,1244,0.10852385619438226
conditional-fit-0098,axis2_legal,1245,0.0012313887398786947
conditional-fit-0098,axis2_legal,1246,0.0568430956311247
conditional-fit-0098,axis2_legal,1247,0.020197779267670093
conditional-fit-0098,axis2_legal,1248,0.0018155287177536112
conditional-fit-0098,axis2_legal,1249,0.02391081918530167
conditional-fit-0098,axis2_legal,1250,0.02539518779608476
conditional-fit-0098,axis2_legal,1251,0.035754969006732674
conditional-fit-0098,axis2_legal,1252,0.03216926405916815
conditional-fit-0098,axis2_legal,1253,0.0396122371960722
conditional-fit-0098,axis2_legal,1254,0.01843796764376092
conditional-fit-0098,axis2_legal,1255,0.046166919260837574
conditional-fit-0098,axis2_legal,1256,0.00507370383913123
conditional-fit-0098,axis2_legal,1257,0.004466917933502982
conditional-fit-0098,axis2_legal,1258,0.008110541796325843
conditional-fit-0098,axis2_legal,1259,0.054517716331122804
conditional-fit-0098,axis2_legal,1260,0.024360961087851983
conditional-fit-0098,axis2_legal,1261,0.0335017452841645
conditional-fit-0098,axis2_legal,1262,0.014286780105366728
conditional-fit-0098,axis2_legal,1263,0.05386067150301299
conditional-fit-0098,axis2_legal,1264,0.08095436141834587
conditional-fit-0098,axis2_legal,1265,0.012392360089324983
conditional-fit-0098,axis2_legal,1266,0.023384340141111567
conditional-fit-0098,axis2_legal,1267,0.007632319874880236
conditional-fit-0098,axis2_legal,1268,0.00830739391836045
conditional-fit-0098,axis2_legal,1269,0.010214716579057315
conditional-fit-0098,axis2_legal,1270,0.03134222505927314
conditional-fit-0098,axis2_legal,1271,0.0017053803118163347
conditional-fit-0098,axis2_legal,1272,0.037462450690950305
conditional-fit-0098,axis2_legal,1273,0.028449176481443163
conditional-fit-0098,axis2_legal,1274,0.016392154090931664
conditional-fit-0098,axis2_legal,1275,0.011704371883316224
conditional-fit-0098,axis2_legal,1276,0.0001565084889730511
conditional-fit-0098,axis2_legal,1277,0.017876320215929265
conditional-fit-0098,axis2_legal,1278,0.01904985904747594
conditional-fit-0098,axis2_legal,1279,0.041663980787793604
conditional-fit-0098,axis2_legal,1280,0.0076268985124412075
conditional-fit-0098,axis2_legal,1281,0.0760511668760688
conditional-fit-0098,axis2_legal,1282,0.0007368564212837324
conditional-fit-0098,axis2_legal,1283,0.06495519479050427
conditional-fit-0098,axis2_legal,1284,0.043942901185327086
conditional-fit-0098,axis2_legal,1285,0.016974473045844388
conditional-fit-0098,axis2_legal,1286,0.01564059889907298
conditional-fit-0098,axis2_legal,1287,0.018366387289897312
conditional-fit-0098,axis2_legal,1288,0.0020054906666295033
conditional-fit-0098,axis2_legal,1289,0.0030800365595948813
conditional-fit-0098,axis2_legal,1290,0.002545475483842451
conditional-fit-0098,axis2_legal,1291,0.005260499204430846
conditional-fit-0098,axis2_legal,1292,0.005493282896014122
conditional-fit-0098,axis2_legal,1293,0.027600214778466085
conditional-fit-0098,axis2_legal,1294,0.010830849106354748
conditional-fit-0098,axis2_legal,1295,0.02816774567600227
conditional-fit-0098,axis2_legal,1296,0.007386196940277981
conditional-fit-0098,axis2_legal,1297,0.00890276175960809
conditional-fit-0098,axis2_legal,1298,0.0020564211062803392
conditional-fit-0098,axis2_legal,1299,0.02125618118828323
conditional-fit-0098,axis2_legal,1300,0.0037182905601647435
conditional-fit-0098,axis2_legal,1301,0.010352659373211257
conditional-fit-0098,axis2_legal,1302,0.00792800155945534
conditional-fit-0098,axis2_legal,1303,0.0003098404131423496
conditional-fit-0098,axis2_legal,1304,0.004179370357166169
conditional-fit-0098,axis2_legal,1305,0.00823860374259104
conditional-fit-0098,axis2_legal,1306,0.03473470584772313
conditional-fit-0098,axis2_legal,1307,0.022991735036243743
conditional-fit-0098,axis2_legal,1308,0.022683055035508312
conditional-fit-0098,axis2_legal,1309,0.0011514682788149326
conditional-fit-0098,axis2_legal,1310,0.008793199985307566
conditional-fit-0098,axis2_legal,1311,0.022318301625587997
conditional-fit-0098,axis2_legal,1312,0.005320079524457306
conditional-fit-0098,axis2_legal,1313,0.005478592669394523
conditional-fit-0098,axis2_legal,1314,0.009177050303569747
conditional-fit-0098,axis2_legal,1315,0.001141026181150505
conditional-fit-0098,axis2_legal,1316,0.013468295576822569
conditional-fit-0098,axis2_legal,1317,0.018375253906729193
conditional-fit-0098,axis2_legal,1318,0.011676251754725694
conditional-fit-0098,axis2_legal,1319,0.018046212336491823
conditional-fit-0098,axis2_legal,1320,0.005722892681646118
conditional-fit-0098,axis2_legal,1321,0.01561172902706022
conditional-fit-0098,axis2_legal,1322,0.0385871508540688
conditional-fit-0098,axis2_legal,1323,0.04453270445196994
conditional-fit-0098,axis2_legal,1324,0.0028279391693874765
conditional-fit-0098,axis2_legal,1325,0.012828202253949617
conditional-fit-0098,axis2_legal,1326,0.010525673044339332
conditional-fit-0098,axis2_legal,1327,0.011040816796119627
conditional-fit-0098,axis2_legal,1328,0.02094564255568972
conditional-fit-0098,axis2_legal,1329,0.02032495418643711
conditional-fit-0098,axis2_legal,1330,0.030789766428666224
conditional-fit-0098,axis2_legal,1331,0.021145158197705682
conditional-fit-0098,axis2_legal,1332,0.011835869168438632
conditional-fit-0098,axis2_legal,1333,0.0010310820432869617
conditional-fit-0098,axis2_legal,1334,0.015925308626994053
conditional-fit-0098,axis2_legal,1335,0.008632789129544445
conditional-fit-0098,axis2_legal,1336,0.010995830918989896
conditional-fit-0098,axis2_legal,1337,0.003868171273096901
conditional-fit-0098,axis2_legal,1338,0.0033045078418782715
conditional-fit-0098,axis2_legal,1339,0.0065400926527715425
conditional-fit-0098,axis2_legal,1340,0.010064636824090818
conditional-fit-0098,axis2_legal,1341,0.004232626517119482
conditional-fit-0098,axis2_legal,1342,0.022869657978181926
conditional-fit-0098,axis2_legal,1343,0.04989236137874762
conditional-fit-0098,axis2_legal,1344,0.02326275432399367
conditional-fit-0098,axis2_legal,1345,0.025039287302616883
conditional-fit-0098,axis2_legal,1346,0.014975554054433193
conditional-fit-0098,axis2_legal,1347,0.011533409830002977
conditional-fit-0098,axis2_legal,1348,0.1013909440564327
conditional-fit-0098,axis2_legal,1349,0.025997232977321774
conditional-fit-0098,axis2_legal,1350,0.023872464764558232
conditional-fit-0098,axis2_legal,1351,0.0012853095462216698
conditional-fit-0098,axis2_legal,1352,0.0007365673446999273
conditional-fit-0098,axis2_legal,1353,0.0262140301044518
conditional-fit-0098,axis2_legal,1354,0.058142120382155535
conditional-fit-0098,axis2_legal,1355,0.015085347467762106
conditional-fit-0098,axis2_legal,1356,0.03391424567985554
conditional-fit-0098,axis2_legal,1357,0.006334582120311994
conditional-fit-0098,axis2_legal,1358,0.012436191625288577
conditional-fit-0098,axis2_legal,1359,0.03474447162382307
conditional-fit-0098,axis2_legal,1360,0.015317689585033822
conditional-fit-0098,axis2_legal,1361,0.003689802929384704
conditional-fit-0098,axis2_legal,1362,0.00228837205945676
conditional-fit-0098,axis2_legal,1363,0.00020654822156941063
conditional-fit-0098,axis2_legal,1364,0.0005743789785168075
conditional-fit-0098,axis2_legal,1365,0.0019053242039468409
conditional-fit-0098,axis2_legal,1366,0.006092073264678976
conditional-fit-0098,axis2_legal,1367,0.013243046063730439
conditional-fit-0098,axis2_legal,1368,0.01724430195007652
conditional-fit-0098,axis2_legal,1369,0.02280273970063231
conditional-fit-0098,axis2_legal,1370,0.0010092451751820921
conditional-fit-0098,axis2_legal,1371,0.0016877941539805603
conditional-fit-0098,axis2_legal,1372,0.007780580304482995
conditional-fit-0098,axis2_legal,1373,0.007750154931948
conditional-fit-0098,axis2_legal,1374,0.0010404265432611387
conditional-fit-0098,axis2_legal,1375,0.004429331796922231
conditional-fit-0098,axis2_legal,1376,0.00042759470126092585
conditional-fit-0098,axis2_legal,1377,0.003274534067839268
conditional-fit-0098,axis2_legal,1378,0.011806587075291357
conditional-fit-0098,axis2_legal,1379,0.004457595951227468
conditional-fit-0098,axis2_legal,1380,0.0048595532565365385
conditional-fit-0098,axis2_legal,1381,0.017964469392362035
conditional-fit-0098,axis2_legal,1382,0.06521166818328065
conditional-fit-0098,axis2_legal,1383,0.002738234874461924
conditional-fit-0098,axis2_legal,1384,0.0017847520881003123
conditional-fit-0098,axis2_legal,1385,0.015601115711885707
conditional-fit-0098,axis2_legal,1386,0.0006468121726969332
conditional-fit-0098,axis2_legal,1387,0.027306703725844983
conditional-fit-0098,axis2_legal,1388,0.0678021370884786
conditional-fit-0098,axis2_legal,1389,0.07588719865771675
conditional-fit-0098,axis2_legal,1390,0.0025184223644269484
conditional-fit-0098,axis2_legal,1391,0.012163325342077742
conditional-fit-0098,axis2_legal,1392,0.05882171621964925
conditional-fit-0098,axis2_legal,1393,0.017785330984022244
conditional-fit-0098,axis2_legal,1394,0.11539489417096724
conditional-fit-0098,axis2_legal,1395,0.06550636019184172
conditional-fit-0098,axis2_legal,1396,1.6904787176885567e-05
conditional-fit-0098,axis2_legal,1397,0.003212086597526826
conditional-fit-0098,axis2_legal,1398,0.00036659054061014495
conditional-fit-0098,axis2_legal,1399,0.046487582379598665
conditional-fit-0098,axis2_legal,1400,0.028999132553491035
conditional-fit-0098,axis2_legal,1401,0.10112061888216621
conditional-fit-0098,axis2_legal,1402,0.00011395529400313374
conditional-fit-0098,axis2_legal,1403,0.021492090614822778
conditional-fit-0098,axis2_legal,1404,0.0398152885458392
conditional-fit-0098,axis2_legal,1405,0.06510390836387137
conditional-fit-0098,axis2_legal,1406,0.058480041335758404
conditional-fit-0098,axis2_legal,1407,0.13328661800873837
conditional-fit-0098,axis2_legal,1408,0.11779485484221158
conditional-fit-0098,axis2_legal,1409,0.02172412664996684
conditional-fit-0098,axis2_legal,1410,0.024289907331524103
conditional-fit-0098,axis2_legal,1411,0.08053969797468621
conditional-fit-0098,axis2_legal,1412,0.06259462732044213
conditional-fit-0098,axis2_legal,1413,0.010046713236602035
conditional-fit-0098,axis2_legal,1414,0.0018951986480842918
conditional-fit-0098,axis2_legal,1415,0.034323644937371355
conditional-fit-0098,axis2_legal,1416,0.0015714726492946924
conditional-fit-0098,axis2_legal,1417,0.0046105641124898475
conditional-fit-0098,axis2_legal,1418,0.009862554436295648
conditional-fit-0098,axis2_legal,1419,0.03899000807539333
conditional-fit-0098,axis2_legal,1420,0.017932487524137133
conditional-fit-0098,axis2_legal,1421,0.021891478513253834
conditional-fit-0098,axis2_legal,1422,0.005570619900962629
conditional-fit-0098,axis2_legal,1423,0.05777795305036113
conditional-fit-0098,axis2_legal,1424,0.0031877266719952486
conditional-fit-0098,axis2_legal,1425,0.004714071751845309
conditional-fit-0098,axis2_legal,1426,0.01017535302069548
conditional-fit-0098,axis2_legal,1427,6.992566285571813e-05
conditional-fit-0098,axis2_legal,1428,0.0026719064319541803
conditional-fit-0098,axis2_legal,1429,0.007964404696257282
conditional-fit-0098,axis2_legal,1430,0.029456041162398968
conditional-fit-0098,axis2_legal,1431,0.0007114804127164921
conditional-fit-0098,axis2_legal,1432,0.01276558881600405
conditional-fit-0098,axis2_legal,1433,0.022455401943108293
conditional-fit-0098,axis2_legal,1434,0.009859526141005557
conditional-fit-0098,axis2_legal,1435,0.0029032991365420266
conditional-fit-0098,axis2_legal,1436,0.013527853150428627
conditional-fit-0098,axis2_legal,1437,0.004024148320998572
conditional-fit-0098,axis2_legal,1438,0.0001682006664637888
conditional-fit-0098,axis2_legal,1439,0.0006772826930189215
conditional-fit-0098,axis2_legal,1440,0.00010421722541238907
conditional-fit-0098,axis2_legal,1441,0.012202025037030127
conditional-fit-0098,axis2_legal,1442,0.0042824508532855535
conditional-fit-0098,axis2_legal,1443,0.0017242275368619959
conditional-fit-0098,axis2_legal,1444,0.010906674923155977
conditional-fit-0098,axis2_legal,1445,0.009195271262033077
conditional-fit-0098,axis2_legal,1446,0.012518353874269972
conditional-fit-0098,axis2_legal,1447,0.023679136559804824
conditional-fit-0098,axis2_legal,1448,0.01431552044886674
conditional-fit-0098,axis2_legal,1449,0.034210750878142536
conditional-fit-0098,axis2_legal,1450,0.0008934245140519981
conditional-fit-0098,axis2_legal,1451,0.018055532243804746
conditional-fit-0098,axis2_legal,1452,0.003402331828079242
conditional-fit-0098,axis2_legal,1453,0.010759808604413505
conditional-fit-0098,axis2_legal,1454,0.017602621042281507
conditional-fit-0098,axis2_legal,1455,0.006319440079287152
conditional-fit-0098,axis2_legal,1456,0.014415668000931567
conditional-fit-0098,axis2_legal,1457,0.007763350637237352
conditional-fit-0098,axis2_legal,1458,0.012502410907263074
conditional-fit-0098,axis2_legal,1459,0.01404270597064337
conditional-fit-0098,axis2_legal,1460,0.01798124047585347
conditional-fit-0098,axis2_legal,1461,0.010164919454564873
conditional-fit-0098,axis2_legal,1462,0.024796009965563477
conditional-fit-0098,axis2_legal,1463,0.03202805645064392
conditional-fit-0098,axis2_legal,1464,0.024241080345892882
conditional-fit-0098,axis2_legal,1465,0.004404175511092848
conditional-fit-0098,axis2_legal,1466,0.00031186472234957715
conditional-fit-0098,axis2_legal,1467,0.0015106952101871906
conditional-fit-0098,axis2_legal,1468,0.0012265970589789709
conditional-fit-0098,axis2_legal,1469,0.03017236674320728
conditional-fit-0098,axis2_legal,1470,0.003374204174593602
conditional-fit-0098,axis2_legal,1471,0.0062384443610306204
conditional-fit-0098,axis2_legal,1472,0.031895287726078296
conditional-fit-0098,axis2_legal,1473,0.0033156109089305316
conditional-fit-0098,axis2_legal,1474,0.03039029382942804
conditional-fit-0098,axis2_legal,1475,0.0020946157030516605
conditional-fit-0098,axis2_legal,1476,0.014492271388390363
conditional-fit-0098,axis2_legal,1477,0.0013710494863522873
conditional-fit-0098,axis2_legal,1478,5.112775193643134e-05
conditional-fit-0098,axis2_legal,1479,0.002345104179536067
conditional-fit-0098,axis2_legal,1480,0.0029479150750308146
conditional-fit-0098,axis2_legal,1481,0.0036366751922379884
conditional-fit-0098,axis2_legal,1482,0.008910200228439209
conditional-fit-0098,axis2_legal,1483,0.002032634217373229
conditional-fit-0098,axis2_legal,1484,0.0014413026667732991
conditional-fit-0098,axis2_legal,1485,0.023394896826072775
conditional-fit-0098,axis2_legal,1486,0.0011163474076650803
conditional-fit-0098,axis2_legal,1487,0.0002700299589941255
conditional-fit-0098,axis2_legal,1488,0.11266330795913461
conditional-fit-0098,axis2_legal,1489,0.027879658690978262
conditional-fit-0098,axis2_legal,1490,0.053268593857353996
conditional-fit-0098,axis2_legal,1491,0.01840668911683431
conditional-fit-0098,axis2_legal,1492,0.024034037268567687
conditional-fit-0098,axis2_legal,1493,0.0016889463981971525
conditional-fit-0098,axis2_legal,1494,0.025938852345900754
conditional-fit-0098,axis2_legal,1495,0.038455455966702544
conditional-fit-0098,axis2_legal,1496,0.01704485655676493
conditional-fit-0098,axis2_legal,1497,0.0007554103009433702
conditional-fit-0098,axis2_legal,1498,0.01695298960466711
conditional-fit-0098,axis2_legal,1499,0.009080696746079107
conditional-fit-0098,axis2_legal,1500,0.001556432931763699
conditional-fit-0098,axis2_legal,1501,0.013362467425617836
conditional-fit-0098,axis2_legal,1502,0.007815107822846739
conditional-fit-0098,axis2_legal,1503,0.00228380463555679
conditional-fit-0098,axis2_legal,1504,0.016583922763165646
conditional-fit-0098,axis2_legal,1505,0.002346856484088828
conditional-fit-0098,axis2_legal,1506,0.019083098509346627
conditional-fit-0098,axis2_legal,1507,0.014950648071925123
conditional-fit-0098,axis2_legal,1508,0.003334051561807434
conditional-fit-0098,axis2_legal,1509,0.016791235801822763
conditional-fit-0098,axis2_legal,1510,0.04901422168184454
conditional-fit-0098,axis2_legal,1511,0.02157180641572191
conditional-fit-0098,axis2_legal,1512,0.0007587722068589701
conditional-fit-0098,axis2_legal,1513,0.10560246997627804
conditional-fit-0098,axis2_legal,1514,0.12047169412391007
conditional-fit-0098,axis2_legal,1515,0.1694441039100473
conditional-fit-0098,axis2_legal,1516,0.10489011896318015
conditional-fit-0098,axis2_legal,1517,0.027044591276358415
conditional-fit-0098,axis2_legal,1518,0.018656718724857847
conditional-fit-0098,axis2_legal,1519,0.02346814979197128
conditional-fit-0098,axis2_legal,1520,0.024160328760980766
conditional-fit-0098,axis2_legal,1521,0.030503776073003468
conditional-fit-0098,axis2_legal,1522,0.006560063345628566
conditional-fit-0098,axis2_legal,1523,0.011020122572655798
conditional-fit-0098,axis2_legal,1524,0.006815873115830627
conditional-fit-0098,axis2_legal,1525,0.04045750746668112
conditional-fit-0098,axis2_legal,1526,0.05751041429457737
conditional-fit-0098,axis2_legal,1527,0.05484471351608888
conditional-fit-0098,axis2_legal,1528,0.009107457133636672
conditional-fit-0098,axis2_legal,1529,0.008246125338754436
conditional-fit-0098,axis2_legal,1530,0.01106873865037673
conditional-fit-0098,axis2_legal,1531,0.005866489304811741
conditional-fit-0098,axis2_legal,1532,0.018923714436035844
conditional-fit-0098,axis2_legal,1533,0.007492665104212294
conditional-fit-0098,axis2_legal,1534,0.01068369260484268
conditional-fit-0098,axis2_legal,1535,0.03884418160031866
conditional-fit-0098,axis2_legal,1536,0.004084184313198935
conditional-fit-0098,axis2_legal,1537,0.004189094620149015
conditional-fit-0098,axis2_legal,1538,0.04040117661405143
conditional-fit-0098,axis2_legal,1539,0.03254055316479623
conditional-fit-0098,axis2_legal,1540,0.01116600219560885
conditional-fit-0098,axis2_legal,1541,0.009812406888620354
conditional-fit-0098,axis2_legal,1542,0.0061663524963163786
conditional-fit-0098,axis2_legal,1543,0.0314779774919906
conditional-fit-0098,axis2_legal,1544,0.058564535651660914
conditional-fit-0098,axis2_legal,1545,0.008100843612931567
conditional-fit-0098,axis2_legal,1546,0.0024561504978543197
conditional-fit-0098,axis2_legal,1547,0.08300492195144668
conditional-fit-0098,axis2_legal,1548,0.0038682569301328193
conditional-fit-0098,axis2_legal,1549,0.002824267151718367
conditional-fit-0098,axis2_legal,1550,0.0011877972620616874
conditional-fit-0098,axis2_legal,1551,0.027857348354813436
conditional-fit-0098,axis2_legal,1552,0.02989220517253906
conditional-fit-0098,axis2_legal,1553,0.05103336191934785
conditional-fit-0098,axis2_legal,1554,0.1895406755623707
conditional-fit-0098,axis2_legal,1555,0.1504429794831525
conditional-fit-0098,axis2_legal,1556,0.08621702815956547
conditional-fit-0098,axis2_legal,1557,0.22237286348941168
conditional-fit-0098,axis2_legal,1558,0.058880838967362875
conditional-fit-0098,axis2_legal,1559,0.098735386539297
conditional-fit-0098,axis2_legal,1560,0.17110832351396862
conditional-fit-0098,axis2_legal,1561,0.1924471077193518
conditional-fit-0098,axis2_legal,1562,0.09499139353993098
conditional-fit-0098,axis2_legal,1563,0.0607699763168955
conditional-fit-0098,axis2_legal,1564,0.013247558020460974
conditional-fit-0098,axis2_legal,1565,0.09672450073297299
conditional-fit-0098,axis2_legal,1566,0.13874513428729374
conditional-fit-0098,axis2_legal,1567,0.1838657578964608
conditional-fit-0098,axis2_legal,1568,0.21536811852388302
conditional-fit-0098,axis2_legal,1569,0.2609938634416441
conditional-fit-0098,axis2_legal,1570,0.09064701286176445
conditional-fit-0098,axis2_legal,1571,0.009203437075538366
conditional-fit-0098,axis2_legal,1572,0.11124356689315554
conditional-fit-0098,axis2_legal,1573,0.10189545808529663
conditional-fit-0098,axis2_legal,1574,0.06576229607074287
conditional-fit-0098,axis2_legal,1575,0.005410952747559135
conditional-fit-0098,axis2_legal,1576,0.0750785954064091
conditional-fit-0098,axis2_legal,1577,0.017935499920412067
conditional-fit-0098,axis2_legal,1578,0.04528371921005306
conditional-fit-0098,axis2_legal,1579,0.01699721393397982
conditional-fit-0098,axis2_legal,1580,0.003396062901820999
conditional-fit-0098,axis2_legal,1581,0.05660158467479886
conditional-fit-0098,axis2_legal,1582,0.023454683521206693
conditional-fit-0098,axis2_legal,1583,0.004982413287616695
conditional-fit-0098,axis2_legal,1584,0.030896959673680086
conditional-fit-0098,axis2_legal,1585,0.01650305740002169
conditional-fit-0098,axis2_legal,1586,0.001177302837079697
conditional-fit-0098,axis2_legal,1587,0.02572982861997184
conditional-fit-0098,axis2_legal,1588,0.021958883785749162
conditional-fit-0098,axis2_legal,1589,0.0034680861075624043
conditional-fit-0098,axis2_legal,1590,0.008024821579732881
conditional-fit-0098,axis2_legal,1591,0.010814436106797356
conditional-fit-0098,axis2_legal,1592,0.005021488287741045
conditional-fit-0098,axis2_legal,1593,0.011721123392472374
conditional-fit-0098,axis2_legal,1594,0.0013756936935462522
conditional-fit-0098,axis2_legal,1595,0.07028894630486181
conditional-fit-0098,axis2_legal,1596,0.009489149375173592
conditional-fit-0098,axis2_legal,1597,0.008760765403718692
conditional-fit-0098,axis2_legal,1598,0.0007213981288325183
conditional-fit-0098,axis2_legal,1599,0.04128829607774323
conditional-fit-0098,axis2_legal,1600,0.07049683903558454
conditional-fit-0098,axis2_legal,1601,0.07374780671627915
conditional-fit-0098,axis2_legal,1602,0.1316319284523726
conditional-fit-0098,axis2_legal,1603,0.1260010786846534
conditional-fit-0098,axis2_legal,1604,0.011717740218809563
conditional-fit-0098,axis2_legal,1605,0.011723121579787141
conditional-fit-0098,axis2_legal,1606,0.040572659982174894
conditional-fit-0098,axis2_legal,1607,0.03513497770644129
conditional-fit-0098,axis2_legal,1608,0.04670962069134842
conditional-fit-0098,axis2_legal,1609,0.05009058986985546
conditional-fit-0098,axis2_legal,1610,0.06714719973057284
conditional-fit-0098,axis2_legal,1611,0.06887189304542937
conditional-fit-0098,axis2_legal,1612,0.12764098933933174
conditional-fit-0098,axis2_legal,1613,0.0544409509086607
conditional-fit-0098,axis2_legal,1614,0.02902477849175848
conditional-fit-0098,axis2_legal,1615,0.12441137651402094
conditional-fit-0098,axis2_legal,1616,0.059545151991346836
conditional-fit-0098,axis2_legal,1617,0.015427128260942294
conditional-fit-0098,axis2_legal,1618,0.00033465889494876255
conditional-fit-0098,axis2_legal,1619,0.03360624508791498
conditional-fit-0098,axis2_legal,1620,0.013165875926022755
conditional-fit-0098,axis2_legal,1621,0.01070636628788341
conditional-fit-0098,axis2_legal,1622,0.10269074511177007
conditional-fit-0098,axis2_legal,1623,0.0383281122807896
conditional-fit-0098,axis2_legal,1624,0.03279692731241145
conditional-fit-0098,axis2_legal,1625,0.04309462271545819
conditional-fit-0098,axis2_legal,1626,0.05447281035580848
conditional-fit-0098,axis2_legal,1627,0.06407587220848615
conditional-fit-0098,axis2_legal,1628,0.05115281429576189
conditional-fit-0098,axis2_legal,1629,0.04289917548436908
conditional-fit-0098,axis2_legal,1630,0.034509661966061936
conditional-fit-0098,axis2_legal,1631,0.023332940240746593
conditional-fit-0098,axis2_legal,1632,0.027438300895055605
conditional-fit-0098,axis2_legal,1633,0.013517407391475758
conditional-fit-0098,axis2_legal,1634,0.040770218321253604
conditional-fit-0098,axis2_legal,1635,0.010399843620245333
conditional-fit-0098,axis2_legal,1636,0.04692778591620311
conditional-fit-0098,axis2_legal,1637,0.32251753244799597
conditional-fit-0098,axis2_legal,1638,0.5028587211488136
conditional-fit-0098,axis2_legal,1639,0.018225199618600682
conditional-fit-0098,axis2_legal,1640,0.03408480388423438
conditional-fit-0098,axis2_legal,1641,0.10621962055963438
conditional-fit-0098,axis2_legal,1642,0.0002123243586389141
conditional-fit-0098,axis2_legal,1643,0.10433157820502234
conditional-fit-0098,axis2_legal,1644,0.030524924288596485
conditional-fit-0098,axis2_legal,1645,0.008134960098680298
conditional-fit-0098,axis2_legal,1646,0.01963078729032511
conditional-fit-0098,axis2_legal,1647,0.05765688787298469
conditional-fit-0098,axis2_legal,1648,0.11115494030068496
conditional-fit-0098,axis2_legal,1649,0.005469011876274055
conditional-fit-0098,axis2_legal,1650,0.0030597152759186098
conditional-fit-0098,axis2_legal,1651,0.08508894531479888
conditional-fit-0098,axis2_legal,1652,0.03977434603819088
conditional-fit-0098,axis2_legal,1653,0.017363973503348964
conditional-fit-0098,axis2_legal,1654,0.03420260473476492
conditional-fit-0098,axis2_legal,1655,0.022701460789443247
conditional-fit-0098,axis2_legal,1656,0.005434249568069818
conditional-fit-0098,axis2_legal,1657,0.03994100724748275
conditional-fit-0098,axis2_legal,1658,0.0028732975753805517
conditional-fit-0098,axis2_legal,1659,0.028204929841010487
conditional-fit-0098,axis2_legal,1660,0.0021138247818383686
conditional-fit-0098,axis2_legal,1661,0.213621294794792
conditional-fit-0098,axis2_legal,1662,0.05335935228585856
conditional-fit-0098,axis2_legal,1663,0.00806216283363334
conditional-fit-0098,axis2_legal,1664,0.022505296768924866
conditional-fit-0098,axis2_legal,1665,0.012657826748675046
conditional-fit-0098,axis2_legal,1666,0.011809075694123568
conditional-fit-0098,axis2_legal,1667,0.030549519519427824
conditional-fit-0098,axis2_legal,1668,0.03905622584435143
conditional-fit-0098,axis2_legal,1669,0.07519829226939029
conditional-fit-0098,axis2_legal,1670,0.009494874506328296
conditional-fit-0098,axis2_legal,1671,0.029955950285033797
conditional-fit-0098,axis2_legal,1672,0.003428754813515126
conditional-fit-0098,axis2_legal,1673,0.0540713575449247
conditional-fit-0098,axis2_legal,1674,0.05985359507800131
conditional-fit-0098,axis2_legal,1675,0.0003350055003049496
conditional-fit-0098,axis2_legal,1676,0.03619553258085348
conditional-fit-0098,axis2_legal,1677,0.0006206165725178136
conditional-fit-0098,axis2_legal,1678,0.03587285940980958
conditional-fit-0098,axis2_legal,1679,0.03776805343109338
conditional-fit-0098,axis2_legal,1680,0.011864897196142867
conditional-fit-0098,axis2_legal,1681,0.03266326201168715
conditional-fit-0098,axis2_legal,1682,0.03006629249030693
conditional-fit-0098,axis2_legal,1683,0.0027989533449548874
conditional-fit-0098,axis2_legal,1684,0.02476663808946775
conditional-fit-0098,axis2_legal,1685,0.019265827827328216
conditional-fit-0098,axis2_legal,1686,0.010265527778612622
conditional-fit-0098,axis2_legal,1687,0.0024081737453836884
conditional-fit-0098,axis2_legal,1688,0.000889213572052451
conditional-fit-0098,axis2_legal,1689,0.06049985176789884
conditional-fit-0098,axis2_legal,1690,0.015502490760734403
conditional-fit-0098,axis2_legal,1691,0.03373954086618858
conditional-fit-0098,axis2_legal,1692,0.5345006230958722
conditional-fit-0098,axis2_legal,1693,0.08877464494221832
conditional-fit-0098,axis2_legal,1694,0.009702198576620653
conditional-fit-0098,axis2_legal,1695,0.05025077009056639
conditional-fit-0098,axis2_legal,1696,0.0032663143220379464
conditional-fit-0098,axis2_legal,1697,0.014051732476230185
conditional-fit-0098,axis2_legal,1698,0.02871020231594369
conditional-fit-0098,axis2_legal,1699,0.08423910133345124
conditional-fit-0098,axis2_legal,1700,0.022955828001478256
conditional-fit-0098,axis2_legal,1701,0.00035377514079193634
conditional-fit-0098,axis2_legal,1702,0.00489774559159676
conditional-fit-0098,axis2_legal,1703,0.057938188524179035
conditional-fit-0098,axis2_legal,1704,0.00679619764158126
conditional-fit-0098,axis2_legal,1705,0.00043410380712498656
conditional-fit-0098,axis2_legal,1706,0.0221787640397149
conditional-fit-0098,axis2_legal,1707,0.0208323403475548
conditional-fit-0098,axis2_legal,1708,0.0036903078407120975
conditional-fit-0098,axis2_legal,1709,0.02131809145090266
conditional-fit-0098,axis2_legal,1710,0.0032919375076170647
conditional-fit-0098,axis2_legal,1711,0.01784870927313627
conditional-fit-0098,axis2_legal,1712,0.14780503528944336
conditional-fit-0098,axis2_legal,1713,0.007659126189232377
conditional-fit-0098,axis2_legal,1714,0.010084113187066056
conditional-fit-0098,axis2_legal,1715,0.00025179611119676706
conditional-fit-0098,axis2_legal,1716,0.0017539718033745065
conditional-fit-0098,axis2_legal,1717,0.023972798559389885
conditional-fit-0098,axis2_legal,1718,0.01031898950235645
conditional-fit-0098,axis2_legal,1719,0.0039883267461114725
conditional-fit-0098,axis2_legal,1720,0.049311461169592494
conditional-fit-0098,axis2_legal,1721,0.00384843049847871
conditional-fit-0098,axis2_legal,1722,0.028177082952169648
conditional-fit-0098,axis2_legal,1723,0.002853197205491575
conditional-fit-0098,axis2_legal,1724,0.003459573771530746
conditional-fit-0098,axis2_legal,1725,4.618340468561211e-05
conditional-fit-0098,axis2_legal,1726,0.0006472832630149831
conditional-fit-0098,axis2_legal,1727,0.0003303663316096738
conditional-fit-0098,axis2_legal,1728,0.0012297048114801644
conditional-fit-0098,axis2_legal,1729,0.012030032995049345
conditional-fit-0098,axis2_legal,1730,0.012613420448478446
conditional-fit-0098,axis2_legal,1731,0.03662687260395488
conditional-fit-0098,axis2_legal,1732,0.0001371081590937987
conditional-fit-0098,axis2_legal,1733,0.1775147362068951
conditional-fit-0098,axis2_legal,1734,0.024901536674481535
conditional-fit-0098,axis2_legal,1735,0.013426964575761546
conditional-fit-0098,axis2_legal,1736,0.001967555056393563
conditional-fit-0098,axis2_legal,1737,0.025212365243133
conditional-fit-0098,axis2_legal,1738,0.0001348189454640855
conditional-fit-0098,axis2_legal,1739,0.0031973206529765374
conditional-fit-0098,axis2_legal,1740,0.025935397768342187
conditional-fit-0098,axis2_legal,1741,0.015805204305045548
conditional-fit-0098,axis2_legal,1742,0.014254826632889109
conditional-fit-0098,axis2_legal,1743,0.0074738639494777055
conditional-fit-0098,axis2_legal,1744,0.013920172404035962
conditional-fit-0098,axis2_legal,1745,0.0010818608991664965
conditional-fit-0098,axis2_legal,1746,0.022000242445600747
conditional-fit-0098,axis2_legal,1747,0.0194781870610416
conditional-fit-0098,axis2_legal,1748,0.010710967287223356
conditional-fit-0098,axis2_legal,1749,0.03174194079569986
conditional-fit-0098,axis2_legal,1750,0.05191309499306542
conditional-fit-0098,axis2_legal,1751,0.00046731618681825803
conditional-fit-0098,axis2_legal,1752,0.0011177716619910003
conditional-fit-0098,axis2_legal,1753,0.000689207145503249
conditional-fit-0098,axis2_legal,1754,0.011475423175646822
conditional-fit-0098,axis2_legal,1755,0.0005012059879263913
conditional-fit-0098,axis2_legal,1756,0.017848730294103304
conditional-fit-0098,axis2_legal,1757,0.05610736430890975
conditional-fit-0098,axis2_legal,1758,0.005072736409360502
conditional-fit-0098,axis2_legal,1759,0.007138862984644983
conditional-fit-0098,axis2_legal,1760,0.010595502599877085
conditional-fit-0098,axis2_legal,1761,0.0225489871281053
conditional-fit-0098,axis2_legal,1762,0.014388348055936733
conditional-fit-0098,axis2_legal,1763,0.00026038887772881353
conditional-fit-0098,axis2_legal,1764,0.006451765769465139
conditional-fit-0098,axis2_legal,1765,0.02923757167915337
conditional-fit-0098,axis2_legal,1766,0.0006493967022806069
conditional-fit-0098,axis2_legal,1767,0.012615538172089606
conditional-fit-0098,axis2_legal,1768,0.000291150918996458
conditional-fit-0098,axis2_legal,1769,0.0012274333471231822
conditional-fit-0098,axis2_legal,1770,0.0001238620146674409
conditional-fit-0098,axis2_legal,1771,0.0005565313113525458
conditional-fit-0098,axis2_legal,1772,0.0067628465689097
conditional-fit-0098,axis2_legal,1773,0.011061305369440992
conditional-fit-0098,axis2_legal,1774,0.09392716259016982
conditional-fit-0098,axis2_legal,1775,0.058516532641489136
conditional-fit-0098,axis2_legal,1776,0.07986120523735238
conditional-fit-0098,axis2_legal,1777,0.0001101907317538947
conditional-fit-0098,axis2_legal,1778,0.17928742138285814
conditional-fit-0098,axis2_legal,1779,0.001980216308672335
conditional-fit-0098,axis2_legal,1780,0.00012512298178192992
conditional-fit-0098,axis2_legal,1781,0.01363367304961428
conditional-fit-0098,axis2_legal,1782,0.03191140696342216
conditional-fit-0098,axis2_legal,1783,0.01527282502054067
conditional-fit-0098,axis2_legal,1784,0.001995552887595214
conditional-fit-0098,axis2_legal,1785,0.015621988500235579
conditional-fit-0098,axis2_legal,1786,0.0028932207469091896
conditional-fit-0098,axis2_legal,1787,0.0004311677536813432
conditional-fit-0098,axis2_legal,1788,0.08403661663409301
conditional-fit-0098,axis2_legal,1789,0.0010672364231303537
conditional-fit-0098,axis2_legal,1790,0.0013705192333259672
conditional-fit-0098,axis2_legal,1791,0.0007328098524812033
conditional-fit-0098,axis2_legal,1792,7.288763944608294e-05
conditional-fit-0098,axis2_legal,1793,0.00032075399807604944
conditional-fit-0098,axis2_legal,1794,0.00047685410337018543
conditional-fit-0098,axis2_legal,1795,0.011205842706369049
conditional-fit-0098,axis2_legal,1796,0.0028873069422196453
conditional-fit-0098,axis2_legal,1797,0.0005116353485823031
conditional-fit-0098,axis2_legal,1798,0.0001596156782870471
conditional-fit-0098,axis2_legal,1799,0.0002804098351362329
conditional-fit-0098,axis2_legal,1800,0.009282257252850328
conditional-fit-0098,axis2_legal,1801,0.0010563189892769085
conditional-fit-0098,axis2_legal,1802,0.001411766116109892
conditional-fit-0098,axis2_legal,1803,0.00038180312150304016
conditional-fit-0098,axis2_legal,1804,2.7945976042169848e-05
conditional-fit-0098,axis2_legal,1805,0.000136436919128107
conditional-fit-0098,axis2_legal,1806,0.0004833105381156686
conditional-fit-0098,axis2_legal,1807,0.0001092522107494617
conditional-fit-0098,axis2_legal,1808,0.00021434234407779063
conditional-fit-0098,axis2_legal,1809,0.000648057918004231
conditional-fit-0098,axis2_legal,1810,0.009718700487785602
conditional-fit-0098,axis2_legal,1811,0.2515293928450979
conditional-fit-0098,axis2_legal,1812,0.23196369041353826
conditional-fit-0098,axis2_legal,1813,0.011852373666487462
conditional-fit-0098,axis2_legal,1814,0.009148778440587556
conditional-fit-0098,axis2_legal,1815,0.21679386994296168
conditional-fit-0098,axis2_legal,1816,0.08453351636566926
conditional-fit-0098,axis2_legal,1817,0.02051248461787554
conditional-fit-0098,axis2_legal,1818,0.06953605526156537
conditional-fit-0098,axis2_legal,1819,0.17331396512729258
conditional-fit-0098,axis2_legal,1820,0.0034953819698515087
conditional-fit-0098,axis2_legal,1821,0.011495363646315785
conditional-fit-0098,axis2_legal,1822,0.0014940472113543055
conditional-fit-0098,axis2_legal,1823,0.06582562429870342
conditional-fit-0098,axis2_legal,1824,0.0004965773629614261
conditional-fit-0098,axis2_legal,1825,0.011531333395642168
conditional-fit-0098,axis2_legal,1826,0.0020108241085212662
conditional-fit-0098,axis2_legal,1827,0.0017476363810877019
conditional-fit-0098,axis2_legal,1828,0.12657219895447716
conditional-fit-0098,axis2_legal,1829,0.1099382645010449
conditional-fit-0098,axis2_legal,1830,0.008672223728414839
conditional-fit-0098,axis2_legal,1831,0.000547979822999035
conditional-fit-0098,axis2_legal,1832,0.009363102096653574
conditional-fit-0098,axis2_legal,1833,0.0078011639529829485
conditional-fit-0098,axis2_legal,1834,0.001237064072573743
conditional-fit-0098,axis2_legal,1835,0.002439330797086133
conditional-fit-0098,axis2_legal,1836,0.00601770455824426
conditional-fit-0098,axis2_legal,1837,0.008933123475244342
conditional-fit-0098,axis2_legal,1838,0.004994717407196009
conditional-fit-0098,axis2_legal,1839,0.0005788052200110559
conditional-fit-0098,axis2_legal,1840,0.0007156854741445904
conditional-fit-0098,axis2_legal,1841,0.003844610826706025
conditional-fit-0098,axis2_legal,1842,0.0005058507812511873
conditional-fit-0098,axis2_legal,1843,0.0011358513129410917
conditional-fit-0098,axis2_legal,1844,0.0010829882309021134
conditional-fit-0098,axis2_legal,1845,0.003339678936767185
conditional-fit-0098,axis2_legal,1846,0.0011189822867111875
conditional-fit-0098,axis2_legal,1847,0.0014331891102077614
conditional-fit-0098,axis2_legal,1848,0.0006647498288310262
conditional-fit-0098,axis2_legal,1849,0.00032943407780339744
conditional-fit-0098,axis2_legal,1850,0.0005205460826055867
conditional-fit-0098,axis2_legal,1851,0.0013709318773251532
conditional-fit-0098,axis2_legal,1852,0.0005445078599435964
conditional-fit-0098,axis2_legal,1853,0.0002260170782110538
conditional-fit-0098,axis2_legal,1854,0.0001934856236178413
conditional-fit-0098,axis2_legal,1855,0.00040426477839818195
conditional-fit-0098,axis2_legal,1856,0.00026885608454301483
conditional-fit-0098,axis2_legal,1857,0.0014427395101527223
conditional-fit-0098,axis2_legal,1858,0.0003171746617799318
conditional-fit-0098,axis2_legal,1859,0.000852410751589047
conditional-fit-0098,axis2_legal,1860,0.0043479205557085026
conditional-fit-0098,axis2_legal,1861,0.0003828409832523953
conditional-fit-0098,axis2_legal,1862,0.0017243797376766228
conditional-fit-0098,axis2_legal,1863,0.001194228217144141
conditional-fit-0098,axis2_legal,1864,0.000708863825521692
conditional-fit-0098,axis2_legal,1865,0.0009618219047021238
conditional-fit-0098,axis2_legal,1866,0.0012604430795724907
conditional-fit-0098,axis2_legal,1867,0.0008929915699843784
conditional-fit-0098,axis2_legal,1868,0.004845499387480166
conditional-fit-0098,axis2_legal,1869,0.00042370798804484006
conditional-fit-0098,axis2_legal,1870,0.007312474716805022
conditional-fit-0098,axis2_legal,1871,0.0002445617230546617
conditional-fit-0098,axis2_legal,1872,0.00040521953542252913
conditional-fit-0098,axis2_legal,1873,0.0004090033803499296
conditional-fit-0098,axis2_legal,1874,0.001513542249896293
conditional-fit-0098,axis2_legal,1875,0.001491602872809314
conditional-fit-0098,axis2_legal,1876,0.0026841262334852305
conditional-fit-0098,axis2_legal,1877,0.0023836469165510995
conditional-fit-0098,axis2_legal,1878,6.838324630221849e-05
conditional-fit-0098,axis2_legal,1879,0.0007203772592799661
conditional-fit-0098,axis2_legal,1880,0.0005067200653185808
conditional-fit-0098,axis2_legal,1881,0.00037248638218785607
conditional-fit-0098,axis2_legal,1882,0.000991548445110607
conditional-fit-0098,axis2_legal,1883,0.0012024315260829948
conditional-fit-0098,axis2_legal,1884,0.0003706570996702212
conditional-fit-0098,axis2_legal,1885,0.00017727615282923606
conditional-fit-0098,axis2_legal,1886,0.0004930931429000684
conditional-fit-0098,axis2_legal,1887,0.00018734683350032116
conditional-fit-0098,axis2_legal,1888,0.00030841676305438774
conditional-fit-0098,axis2_legal,1889,0.00023415422463965015
conditional-fit-0098,axis2_legal,1890,0.00033955537794217355
conditional-fit-0098,axis2_legal,1891,0.0008037817692861788
conditional-fit-0098,axis2_legal,1892,9.40920844890309e-05
conditional-fit-0098,axis2_legal,1893,0.0004933169270379817
conditional-fit-0098,axis2_legal,1894,0.0027641741274190986
conditional-fit-0098,axis2_legal,1895,0.00017196414878775982
conditional-fit-0098,axis2_legal,1896,0.001477993142607051
conditional-fit-0098,axis2_legal,1897,9.127644579803732e-05
conditional-fit-0098,axis2_legal,1898,0.0005796742574556389
conditional-fit-0098,axis2_legal,1899,0.0004385188892987575
conditional-fit-0098,axis2_legal,1900,0.0004499997356096719
conditional-fit-0098,axis2_legal,1901,0.0013883683842302816
conditional-fit-0098,axis2_legal,1902,0.0002896058848735414
conditional-fit-0098,axis2_legal,1903,0.0022119239483708135
conditional-fit-0098,axis2_legal,1904,0.0005379019463638535
conditional-fit-0098,axis2_legal,1905,0.0004193030371832798
conditional-fit-0098,axis2_legal,1906,0.00016003247297302658
conditional-fit-0098,axis2_legal,1907,0.0006904427913514017
conditional-fit-0098,axis2_legal,1908,0.00026710035925266244
conditional-fit-0098,axis2_legal,1909,0.0001474242486940391
conditional-fit-0098,axis2_legal,1910,3.6348876083283594e-05
conditional-fit-0098,axis2_legal,1911,0.0015127471716319023
conditional-fit-0098,axis2_legal,1912,0.00040414861875033407
conditional-fit-0098,axis2_legal,1913,0.0002724413549766548
conditional-fit-0098,axis2_legal,1914,0.00018393438448621125
conditional-fit-0098,axis2_legal,1915,0.00016544180353484142
conditional-fit-0098,axis2_legal,1916,7.672336235496779e-05
conditional-fit-0098,axis2_legal,1917,0.00012047168517981559
conditional-fit-0098,axis2_legal,1918,2.4143208668652553e-05
conditional-fit-0098,axis2_legal,1919,0.00046706672180682024
conditional-fit-0098,axis2_legal,1920,4.930911777749301e-05
conditional-fit-0098,axis2_legal,1921,0.00034816381355667035
conditional-fit-0098,axis2_legal,1922,0.0008863586260321627
conditional-fit-0098,axis2_legal,1923,0.00016130906708444428
conditional-fit-0098,axis2_legal,1924,0.0002949898526297415
conditional-fit-0098,axis2_legal,1925,0.0010141140352351577
conditional-fit-0098,axis2_legal,1926,0.0003097365039339828
conditional-fit-0098,axis2_legal,1927,0.0016781699362519156
conditional-fit-0098,axis2_legal,1928,0.00043489512509479024
conditional-fit-0098,axis2_legal,1929,0.0008861775133804475
conditional-fit-0098,axis2_legal,1930,0.0001815470137193204
conditional-fit-0098,axis2_legal,1931,0.00026183245752172925
conditional-fit-0098,axis2_legal,1932,0.0007106554829085703
conditional-fit-0098,axis2_legal,1933,0.00042844739946667554
conditional-fit-0098,axis2_legal,1934,6.470270070503132e-05
conditional-fit-0098,axis2_legal,1935,0.0005026251696136256
conditional-fit-0098,axis2_legal,1936,0.00015637714935746414
conditional-fit-0098,axis2_legal,1937,0.00011869014459195713
conditional-fit-0098,axis2_legal,1938,0.0024374688964863937
conditional-fit-0098,axis2_legal,1939,0.00058578712358055
conditional-fit-0098,axis2_legal,1940,0.00011154321967750499
conditional-fit-0098,axis2_legal,1941,0.00044213390970182043
conditional-fit-0098,axis2_legal,1942,0.0015284929043246527
conditional-fit-0098,axis2_legal,1943,0.14077891420493494
conditional-fit-0098,axis2_legal,1944,0.15913695484121534
conditional-fit-0098,axis2_legal,1945,0.07734521071392139
conditional-fit-0098,axis2_legal,1946,0.11116335761599155
conditional-fit-0098,axis2_legal,1947,0.052923594217545084
conditional-fit-0098,axis2_legal,1948,0.09983719238364377
conditional-fit-0098,axis2_legal,1949,0.008129963604540774
conditional-fit-0098,axis2_legal,1950,0.0012009882423890835
conditional-fit-0098,axis2_legal,1951,0.004106912466321652
conditional-fit-0098,axis2_legal,1952,0.021785717789588693
conditional-fit-0098,axis2_legal,1953,0.029467288976322205
conditional-fit-0098,axis2_legal,1954,0.03130465768322058
conditional-fit-0098,axis2_legal,1955,0.004280819656805712
conditional-fit-0098,axis2_legal,1956,0.17431273723123045
conditional-fit-0098,axis2_legal,1957,0.13921138416799483
conditional-fit-0098,axis2_legal,1958,0.026741030187352206
conditional-fit-0098,axis2_legal,1959,0.1219281027968457
conditional-fit-0098,axis2_legal,1960,0.20713427513798588
conditional-fit-0098,axis2_legal,1961,0.17863406156742992
conditional-fit-0098,axis2_legal,1962,0.16913057961510744
conditional-fit-0098,axis2_legal,1963,0.5321085273098909
conditional-fit-0098,axis2_legal,1964,0.05466245822296863
conditional-fit-0098,axis2_legal,1965,0.02176190904551698
conditional-fit-0098,axis2_legal,1966,0.0005132535084438702
conditional-fit-0098,axis2_legal,1967,0.018204707400473696
conditional-fit-0098,axis2_legal,1968,0.2115545348888177
conditional-fit-0098,axis2_legal,1969,0.35432102937319243
conditional-fit-0098,axis2_legal,1970,0.02125304483409038
conditional-fit-0098,axis2_legal,1971,0.17531840323452508
conditional-fit-0098,axis2_legal,1972,0.2100079804086264
conditional-fit-0098,axis2_legal,1973,0.07805555337915422
conditional-fit-0098,axis2_legal,1974,0.07484420597344091
conditional-fit-0098,axis2_legal,1975,0.029376536655706012
conditional-fit-0098,axis2_legal,1976,0.05856208149589737
conditional-fit-0098,axis2_legal,1977,0.17566299933309942
conditional-fit-0098,axis2_legal,1978,0.0029066680990116607
conditional-fit-0098,axis2_legal,1979,0.02812088826653028
conditional-fit-0098,axis2_legal,1980,0.00036804197596825385
conditional-fit-0098,axis2_legal,1981,0.0003459864111665754
conditional-fit-0098,axis2_legal,1982,0.00046090093935081044
conditional-fit-0098,axis2_legal,1983,0.0014587284638044107
conditional-fit-0098,axis2_legal,1984,0.004493580455228905
conditional-fit-0098,axis2_legal,1985,0.00043287166639369547
conditional-fit-0098,axis2_legal,1986,0.02132137149725169
conditional-fit-0098,axis2_legal,1987,0.02577239404204691
conditional-fit-0098,axis2_legal,1988,0.021242253232763186
conditional-fit-0098,axis2_legal,1989,0.013358942468606163
conditional-fit-0098,axis2_legal,1990,0.024735699450430998
conditional-fit-0098,axis2_legal,1991,0.07352731631489708
conditional-fit-0098,axis2_legal,1992,0.003208958887004923
conditional-fit-0098,axis2_legal,1993,0.003492449298944096
conditional-fit-0098,axis2_legal,1994,0.07097341815196165
conditional-fit-0098,axis2_legal,1995,0.0006828254354230307
conditional-fit-0098,axis2_legal,1996,0.00021687903903013073
conditional-fit-0098,axis2_legal,1997,0.00012361588344836895
conditional-fit-0098,axis2_legal,1998,0.5307196128578924
conditional-fit-0098,axis2_legal,1999,0.008287949475449398
conditional-fit-0098,axis2_legal,2000,0.002078841103066523
conditional-fit-0098,axis2_legal,2001,0.1287961730791205
conditional-fit-0098,axis2_legal,2002,0.19212282961120525
conditional-fit-0098,axis2_legal,2003,0.002474460052352001
conditional-fit-0098,axis2_legal,2004,0.0016452500363678762
conditional-fit-0098,axis2_legal,2005,0.03270156447475501
conditional-fit-0098,axis2_legal,2006,0.08778700243354749
conditional-fit-0098,axis2_legal,2007,0.0024057965799520334
conditional-fit-0098,axis2_legal,2008,0.09386834488139349
conditional-fit-0098,axis2_legal,2009,0.0009656090989865792
conditional-fit-0098,axis2_legal,2010,0.00020153456581313542
conditional-fit-0098,axis2_legal,2011,0.006039198174993873
conditional-fit-0098,axis2_legal,2012,0.01829173161154553
conditional-fit-0098,axis2_legal,2013,0.07433089562557982
conditional-fit-0098,axis2_legal,2014,0.07567540145067904
conditional-fit-0098,axis2_legal,2015,0.0016362060895366286
conditional-fit-0098,axis2_legal,2016,0.003727020494750776
conditional-fit-0098,axis2_legal,2017,0.34342756267516267
conditional-fit-0098,axis2_legal,2018,0.0006505394565884079
conditional-fit-0098,axis2_legal,2019,0.004097254445679566
conditional-fit-0098,axis2_legal,2020,0.05837566018386692
conditional-fit-0098,axis2_legal,2021,0.07982354834388403
conditional-fit-0098,axis2_legal,2022,0.03450352130642517
conditional-fit-0098,axis2_legal,2023,0.014275418573077306
conditional-fit-0098,axis2_legal,2024,0.010945379709075203
conditional-fit-0098,axis2_legal,2025,0.3757718827038951
conditional-fit-0098,axis2_legal,2026,0.4997979587653999
conditional-fit-0098,axis2_legal,2027,0.14846539664207148
conditional-fit-0098,axis2_legal,2028,0.26149185234302347
conditional-fit-0098,axis2_legal,2029,0.03571502882301787
conditional-fit-0098,axis2_legal,2030,0.05618820118838469
conditional-fit-0098,axis2_legal,2031,0.1655507184765851
conditional-fit-0098,axis2_legal,2032,0.09408537418473045
conditional-fit-0098,axis2_legal,2033,0.07140687831229625
conditional-fit-0098,axis2_legal,2034,0.29296608218408415
conditional-fit-0098,axis2_legal,2035,0.23734231547052653
conditional-fit-0098,axis2_legal,2036,0.024927249531203777
conditional-fit-0098,axis2_legal,2037,0.1298481832883144
conditional-fit-0098,axis2_legal,2038,0.1350378682331091
conditional-fit-0098,axis2_legal,2039,0.1003636554138314
conditional-fit-0098,axis2_legal,2040,0.009082068582673394
conditional-fit-0098,axis2_legal,2041,0.02305662802948079
conditional-fit-0098,axis2_legal,2042,0.030067368298273337
conditional-fit-0098,axis2_legal,2043,0.0008297376875301835
conditional-fit-0098,axis2_legal,2044,0.002935242448001504
conditional-fit-0098,axis2_legal,2045,0.0013061884959198616
conditional-fit-0098,axis2_legal,2046,0.00291990838971507
