window_id,domain,pos,kld
conditional-fit-0003,axis4_reasoning_termination,0,3.8765618320713435
conditional-fit-0003,axis4_reasoning_termination,1,1.2974929773478714
conditional-fit-0003,axis4_reasoning_termination,2,1.037299747238542
conditional-fit-0003,axis4_reasoning_termination,3,0.534627991933645
conditional-fit-0003,axis4_reasoning_termination,4,1.3363064656980155
conditional-fit-0003,axis4_reasoning_termination,5,0.700653725095317
conditional-fit-0003,axis4_reasoning_termination,6,3.989519315303626
conditional-fit-0003,axis4_reasoning_termination,7,0.6543288496309038
conditional-fit-0003,axis4_reasoning_termination,8,0.03554666984709803
conditional-fit-0003,axis4_reasoning_termination,9,0.8475003495314023
conditional-fit-0003,axis4_reasoning_termination,10,1.0078198089903907
conditional-fit-0003,axis4_reasoning_termination,11,0.7111195294774324
conditional-fit-0003,axis4_reasoning_termination,12,1.1496061564662599
conditional-fit-0003,axis4_reasoning_termination,13,0.1996801438990788
conditional-fit-0003,axis4_reasoning_termination,14,0.18444650819534475
conditional-fit-0003,axis4_reasoning_termination,15,0.3329344572258807
conditional-fit-0003,axis4_reasoning_termination,16,1.0847714026332105
conditional-fit-0003,axis4_reasoning_termination,17,1.015498443656101
conditional-fit-0003,axis4_reasoning_termination,18,0.3717107400332638
conditional-fit-0003,axis4_reasoning_termination,19,0.08404812391596364
conditional-fit-0003,axis4_reasoning_termination,20,0.1914111550483659
conditional-fit-0003,axis4_reasoning_termination,21,0.2523790559380788
conditional-fit-0003,axis4_reasoning_termination,22,0.026044711608688258
conditional-fit-0003,axis4_reasoning_termination,23,0.02195694822147319
conditional-fit-0003,axis4_reasoning_termination,24,0.027094817067997965
conditional-fit-0003,axis4_reasoning_termination,25,0.12390657057076555
conditional-fit-0003,axis4_reasoning_termination,26,0.4488929244272318
conditional-fit-0003,axis4_reasoning_termination,27,0.047916853117009876
conditional-fit-0003,axis4_reasoning_termination,28,0.0001195183889113062
conditional-fit-0003,axis4_reasoning_termination,29,0.06270722187124414
conditional-fit-0003,axis4_reasoning_termination,30,0.022004791116680453
conditional-fit-0003,axis4_reasoning_termination,31,0.08629226769987039
conditional-fit-0003,axis4_reasoning_termination,32,0.08758941138853397
conditional-fit-0003,axis4_reasoning_termination,33,0.0009321203960471634
conditional-fit-0003,axis4_reasoning_termination,34,0.03786473272678862
conditional-fit-0003,axis4_reasoning_termination,35,5.385306453415481e-05
conditional-fit-0003,axis4_reasoning_termination,36,0.08787808330336024
conditional-fit-0003,axis4_reasoning_termination,37,0.0008957455787527342
conditional-fit-0003,axis4_reasoning_termination,38,0.00022131187220644668
conditional-fit-0003,axis4_reasoning_termination,39,0.04090833067982948
conditional-fit-0003,axis4_reasoning_termination,40,0.07677434834818714
conditional-fit-0003,axis4_reasoning_termination,41,0.03780035358843652
conditional-fit-0003,axis4_reasoning_termination,42,0.5614645704314951
conditional-fit-0003,axis4_reasoning_termination,43,1.4673040274305391
conditional-fit-0003,axis4_reasoning_termination,44,0.49473298666937315
conditional-fit-0003,axis4_reasoning_termination,45,0.306731762570719
conditional-fit-0003,axis4_reasoning_termination,46,0.323830558160112
conditional-fit-0003,axis4_reasoning_termination,47,0.5058980174057202
conditional-fit-0003,axis4_reasoning_termination,48,0.6982742797327175
conditional-fit-0003,axis4_reasoning_termination,49,0.6271878728817042
conditional-fit-0003,axis4_reasoning_termination,50,0.08615641544648257
conditional-fit-0003,axis4_reasoning_termination,51,0.12074801041189823
conditional-fit-0003,axis4_reasoning_termination,52,0.13642482163603148
conditional-fit-0003,axis4_reasoning_termination,53,0.48626313485911826
conditional-fit-0003,axis4_reasoning_termination,54,0.14011150644301745
conditional-fit-0003,axis4_reasoning_termination,55,0.429162350844159
conditional-fit-0003,axis4_reasoning_termination,56,0.6845012562324726
conditional-fit-0003,axis4_reasoning_termination,57,0.005747222145033347
conditional-fit-0003,axis4_reasoning_termination,58,0.003083342013998796
conditional-fit-0003,axis4_reasoning_termination,59,0.1373247016240871
conditional-fit-0003,axis4_reasoning_termination,60,0.3872115245932838
conditional-fit-0003,axis4_reasoning_termination,61,0.12842662394355364
conditional-fit-0003,axis4_reasoning_termination,62,0.06101240791374911
conditional-fit-0003,axis4_reasoning_termination,63,0.004818917472852595
conditional-fit-0003,axis4_reasoning_termination,64,0.0274342289086525
conditional-fit-0003,axis4_reasoning_termination,65,0.04888426453483477
conditional-fit-0003,axis4_reasoning_termination,66,0.07631113586335761
conditional-fit-0003,axis4_reasoning_termination,67,0.05621166358512538
conditional-fit-0003,axis4_reasoning_termination,68,0.00028280390802613544
conditional-fit-0003,axis4_reasoning_termination,69,0.2080944902881471
conditional-fit-0003,axis4_reasoning_termination,70,0.0026609574197667477
conditional-fit-0003,axis4_reasoning_termination,71,0.049708299210392666
conditional-fit-0003,axis4_reasoning_termination,72,0.044666999400709895
conditional-fit-0003,axis4_reasoning_termination,73,0.01622143772136578
conditional-fit-0003,axis4_reasoning_termination,74,0.012421296285821792
conditional-fit-0003,axis4_reasoning_termination,75,0.03348104350382598
conditional-fit-0003,axis4_reasoning_termination,76,0.4305245276048428
conditional-fit-0003,axis4_reasoning_termination,77,0.058477078222594014
conditional-fit-0003,axis4_reasoning_termination,78,0.021020654150511905
conditional-fit-0003,axis4_reasoning_termination,79,0.040954336323337705
conditional-fit-0003,axis4_reasoning_termination,80,0.003711431890013402
conditional-fit-0003,axis4_reasoning_termination,81,0.002339832954455492
conditional-fit-0003,axis4_reasoning_termination,82,0.011468355136322876
conditional-fit-0003,axis4_reasoning_termination,83,0.0006279165467860509
conditional-fit-0003,axis4_reasoning_termination,84,0.00016753567279542553
conditional-fit-0003,axis4_reasoning_termination,85,0.0005505884931266678
conditional-fit-0003,axis4_reasoning_termination,86,0.0017333005202459268
conditional-fit-0003,axis4_reasoning_termination,87,0.008549676479498447
conditional-fit-0003,axis4_reasoning_termination,88,0.0005661542933898694
conditional-fit-0003,axis4_reasoning_termination,89,0.004214813526665216
conditional-fit-0003,axis4_reasoning_termination,90,0.00018386186365392716
conditional-fit-0003,axis4_reasoning_termination,91,0.00040567393693136133
conditional-fit-0003,axis4_reasoning_termination,92,0.056047182384415195
conditional-fit-0003,axis4_reasoning_termination,93,0.014358004997188678
conditional-fit-0003,axis4_reasoning_termination,94,0.000744460313472491
conditional-fit-0003,axis4_reasoning_termination,95,0.041178560184507905
conditional-fit-0003,axis4_reasoning_termination,96,0.0891161742122871
conditional-fit-0003,axis4_reasoning_termination,97,0.12539831805885798
conditional-fit-0003,axis4_reasoning_termination,98,0.0067383294080299305
conditional-fit-0003,axis4_reasoning_termination,99,0.0016722779932095142
conditional-fit-0003,axis4_reasoning_termination,100,0.004081727392795035
conditional-fit-0003,axis4_reasoning_termination,101,0.0004992106718006645
conditional-fit-0003,axis4_reasoning_termination,102,2.9704822166902984e-05
conditional-fit-0003,axis4_reasoning_termination,103,0.06540518827208255
conditional-fit-0003,axis4_reasoning_termination,104,0.03171428593973346
conditional-fit-0003,axis4_reasoning_termination,105,0.05489092289145486
conditional-fit-0003,axis4_reasoning_termination,106,0.003640731236882415
conditional-fit-0003,axis4_reasoning_termination,107,0.0008538346955362403
conditional-fit-0003,axis4_reasoning_termination,108,0.018911696277485818
conditional-fit-0003,axis4_reasoning_termination,109,0.10642405742176705
conditional-fit-0003,axis4_reasoning_termination,110,0.036217248327691284
conditional-fit-0003,axis4_reasoning_termination,111,0.011466933030047042
conditional-fit-0003,axis4_reasoning_termination,112,0.24111890005188297
conditional-fit-0003,axis4_reasoning_termination,113,0.016002126985710588
conditional-fit-0003,axis4_reasoning_termination,114,0.04408971984714147
conditional-fit-0003,axis4_reasoning_termination,115,0.02135245163539798
conditional-fit-0003,axis4_reasoning_termination,116,0.01139974752942113
conditional-fit-0003,axis4_reasoning_termination,117,0.4825936765364431
conditional-fit-0003,axis4_reasoning_termination,118,0.07355329999389802
conditional-fit-0003,axis4_reasoning_termination,119,0.0010772943930619648
conditional-fit-0003,axis4_reasoning_termination,120,0.012742768201598103
conditional-fit-0003,axis4_reasoning_termination,121,0.030339694620015678
conditional-fit-0003,axis4_reasoning_termination,122,0.21023077872566312
conditional-fit-0003,axis4_reasoning_termination,123,0.36658574059180943
conditional-fit-0003,axis4_reasoning_termination,124,0.001123264380404726
conditional-fit-0003,axis4_reasoning_termination,125,0.060309194970778954
conditional-fit-0003,axis4_reasoning_termination,126,0.030245573373069795
conditional-fit-0003,axis4_reasoning_termination,127,0.031060858412746067
conditional-fit-0003,axis4_reasoning_termination,128,0.09276636085516493
conditional-fit-0003,axis4_reasoning_termination,129,0.010729777977385597
conditional-fit-0003,axis4_reasoning_termination,130,0.0068586977406519326
conditional-fit-0003,axis4_reasoning_termination,131,0.0018165368614357863
conditional-fit-0003,axis4_reasoning_termination,132,0.09143676449957241
conditional-fit-0003,axis4_reasoning_termination,133,0.112886343914795
conditional-fit-0003,axis4_reasoning_termination,134,0.029847407162313162
conditional-fit-0003,axis4_reasoning_termination,135,0.12513574674802366
conditional-fit-0003,axis4_reasoning_termination,136,0.02200074456733401
conditional-fit-0003,axis4_reasoning_termination,137,0.07644004269805281
conditional-fit-0003,axis4_reasoning_termination,138,0.2800614479915275
conditional-fit-0003,axis4_reasoning_termination,139,2.1524236155452587e-05
conditional-fit-0003,axis4_reasoning_termination,140,0.0010007455142557215
conditional-fit-0003,axis4_reasoning_termination,141,0.00025186771910589876
conditional-fit-0003,axis4_reasoning_termination,142,0.0004660218970846033
conditional-fit-0003,axis4_reasoning_termination,143,0.04564394762966727
conditional-fit-0003,axis4_reasoning_termination,144,0.004173132051210011
conditional-fit-0003,axis4_reasoning_termination,145,0.024075144428060875
conditional-fit-0003,axis4_reasoning_termination,146,0.00012719433085237297
conditional-fit-0003,axis4_reasoning_termination,147,7.936910630254646e-07
conditional-fit-0003,axis4_reasoning_termination,148,0.0002705935377931948
conditional-fit-0003,axis4_reasoning_termination,149,0.00013757180999143733
conditional-fit-0003,axis4_reasoning_termination,150,0.030988033299488755
conditional-fit-0003,axis4_reasoning_termination,151,0.01654392157648643
conditional-fit-0003,axis4_reasoning_termination,152,0.0012088319850074658
conditional-fit-0003,axis4_reasoning_termination,153,0.055352118871627026
conditional-fit-0003,axis4_reasoning_termination,154,0.021255263384706864
conditional-fit-0003,axis4_reasoning_termination,155,0.016083747894149167
conditional-fit-0003,axis4_reasoning_termination,156,0.2854282932820157
conditional-fit-0003,axis4_reasoning_termination,157,0.02582626007830453
conditional-fit-0003,axis4_reasoning_termination,158,0.0009951578193617353
conditional-fit-0003,axis4_reasoning_termination,159,0.01055021312721826
conditional-fit-0003,axis4_reasoning_termination,160,0.005128346981318041
conditional-fit-0003,axis4_reasoning_termination,161,0.13811708075290463
conditional-fit-0003,axis4_reasoning_termination,162,0.017636464211323817
conditional-fit-0003,axis4_reasoning_termination,163,0.023023254095638178
conditional-fit-0003,axis4_reasoning_termination,164,0.013137448812893821
conditional-fit-0003,axis4_reasoning_termination,165,0.005808584122344682
conditional-fit-0003,axis4_reasoning_termination,166,0.001227716533255673
conditional-fit-0003,axis4_reasoning_termination,167,0.00010364226972222113
conditional-fit-0003,axis4_reasoning_termination,168,0.01961994721330939
conditional-fit-0003,axis4_reasoning_termination,169,0.0034888101652320895
conditional-fit-0003,axis4_reasoning_termination,170,0.01310914917887566
conditional-fit-0003,axis4_reasoning_termination,171,0.018443549922159335
conditional-fit-0003,axis4_reasoning_termination,172,3.877949988721265e-05
conditional-fit-0003,axis4_reasoning_termination,173,0.010525735190121933
conditional-fit-0003,axis4_reasoning_termination,174,0.004797470362751863
conditional-fit-0003,axis4_reasoning_termination,175,0.0020618658785485425
conditional-fit-0003,axis4_reasoning_termination,176,0.0001689886860311221
conditional-fit-0003,axis4_reasoning_termination,177,0.0012308807136417275
conditional-fit-0003,axis4_reasoning_termination,178,0.021228988941092854
conditional-fit-0003,axis4_reasoning_termination,179,6.930280714760213e-05
conditional-fit-0003,axis4_reasoning_termination,180,0.0013482426694838544
conditional-fit-0003,axis4_reasoning_termination,181,0.00013500523700960367
conditional-fit-0003,axis4_reasoning_termination,182,0.0005182138574932706
conditional-fit-0003,axis4_reasoning_termination,183,0.001190515248224053
conditional-fit-0003,axis4_reasoning_termination,184,0.024278751340105348
conditional-fit-0003,axis4_reasoning_termination,185,0.10834354921275931
conditional-fit-0003,axis4_reasoning_termination,186,6.880545608396317e-05
conditional-fit-0003,axis4_reasoning_termination,187,0.00011065265229833284
conditional-fit-0003,axis4_reasoning_termination,188,0.000580349492037815
conditional-fit-0003,axis4_reasoning_termination,189,8.033717140496082e-05
conditional-fit-0003,axis4_reasoning_termination,190,2.1561125714753866e-05
conditional-fit-0003,axis4_reasoning_termination,191,0.00022951238024778245
conditional-fit-0003,axis4_reasoning_termination,192,0.00015600533716922214
conditional-fit-0003,axis4_reasoning_termination,193,2.442192525063408e-05
conditional-fit-0003,axis4_reasoning_termination,194,0.00020368547981529394
conditional-fit-0003,axis4_reasoning_termination,195,0.000492465737510457
conditional-fit-0003,axis4_reasoning_termination,196,0.00035898085525544064
conditional-fit-0003,axis4_reasoning_termination,197,2.8464808733807523e-05
conditional-fit-0003,axis4_reasoning_termination,198,0.00011171012859541727
conditional-fit-0003,axis4_reasoning_termination,199,0.0003494575109735132
conditional-fit-0003,axis4_reasoning_termination,200,7.81373374015726e-05
conditional-fit-0003,axis4_reasoning_termination,201,0.002455092732828185
conditional-fit-0003,axis4_reasoning_termination,202,0.00026162285627395797
conditional-fit-0003,axis4_reasoning_termination,203,2.8841953782789815e-05
conditional-fit-0003,axis4_reasoning_termination,204,0.0014798982856822386
conditional-fit-0003,axis4_reasoning_termination,205,0.0004523392766110281
conditional-fit-0003,axis4_reasoning_termination,206,0.001939094751248245
conditional-fit-0003,axis4_reasoning_termination,207,0.0008030175756560063
conditional-fit-0003,axis4_reasoning_termination,208,2.9070729387921176e-05
conditional-fit-0003,axis4_reasoning_termination,209,0.00010682412023072874
conditional-fit-0003,axis4_reasoning_termination,210,2.4957464096390528e-05
conditional-fit-0003,axis4_reasoning_termination,211,7.763119404063505e-06
conditional-fit-0003,axis4_reasoning_termination,212,0.0006693504620269141
conditional-fit-0003,axis4_reasoning_termination,213,0.0004856860477671569
conditional-fit-0003,axis4_reasoning_termination,214,0.0012916674729484229
conditional-fit-0003,axis4_reasoning_termination,215,0.00013168020597461636
conditional-fit-0003,axis4_reasoning_termination,216,0.00037418852180917987
conditional-fit-0003,axis4_reasoning_termination,217,0.0024508627212578
conditional-fit-0003,axis4_reasoning_termination,218,0.0002526439452717285
conditional-fit-0003,axis4_reasoning_termination,219,6.0526188021938184e-05
conditional-fit-0003,axis4_reasoning_termination,220,0.000531291501931343
conditional-fit-0003,axis4_reasoning_termination,221,0.0047478054678442745
conditional-fit-0003,axis4_reasoning_termination,222,0.00013415336561437927
conditional-fit-0003,axis4_reasoning_termination,223,0.017249351579186726
conditional-fit-0003,axis4_reasoning_termination,224,0.015732513103119475
conditional-fit-0003,axis4_reasoning_termination,225,0.025335932853663496
conditional-fit-0003,axis4_reasoning_termination,226,0.3265361077583403
conditional-fit-0003,axis4_reasoning_termination,227,0.062718420966068
conditional-fit-0003,axis4_reasoning_termination,228,0.00528542230697086
conditional-fit-0003,axis4_reasoning_termination,229,0.005149980786658427
conditional-fit-0003,axis4_reasoning_termination,230,0.0010324202442182657
conditional-fit-0003,axis4_reasoning_termination,231,0.24244709559398947
conditional-fit-0003,axis4_reasoning_termination,232,0.0028005311699162774
conditional-fit-0003,axis4_reasoning_termination,233,0.0182369901113043
conditional-fit-0003,axis4_reasoning_termination,234,0.005558061367935786
conditional-fit-0003,axis4_reasoning_termination,235,0.0057843874848662845
conditional-fit-0003,axis4_reasoning_termination,236,0.0009351635311413937
conditional-fit-0003,axis4_reasoning_termination,237,3.5125664056652026e-05
conditional-fit-0003,axis4_reasoning_termination,238,0.006771857678324284
conditional-fit-0003,axis4_reasoning_termination,239,0.0001865399041093186
conditional-fit-0003,axis4_reasoning_termination,240,0.0017249627169752223
conditional-fit-0003,axis4_reasoning_termination,241,0.037445979847623545
conditional-fit-0003,axis4_reasoning_termination,242,2.263181899534066e-05
conditional-fit-0003,axis4_reasoning_termination,243,0.004892462082290303
conditional-fit-0003,axis4_reasoning_termination,244,8.684543668927808e-05
conditional-fit-0003,axis4_reasoning_termination,245,0.003384733102949422
conditional-fit-0003,axis4_reasoning_termination,246,0.00028806272910429675
conditional-fit-0003,axis4_reasoning_termination,247,2.2595454049827172e-05
conditional-fit-0003,axis4_reasoning_termination,248,0.0008218869000825467
conditional-fit-0003,axis4_reasoning_termination,249,1.2028066435071844e-05
conditional-fit-0003,axis4_reasoning_termination,250,0.00010126558986027238
conditional-fit-0003,axis4_reasoning_termination,251,8.994358268537838e-05
conditional-fit-0003,axis4_reasoning_termination,252,0.00014654440196149333
conditional-fit-0003,axis4_reasoning_termination,253,0.00018303578444231423
conditional-fit-0003,axis4_reasoning_termination,254,0.00020747541658819148
conditional-fit-0003,axis4_reasoning_termination,255,0.005267048865657989
conditional-fit-0003,axis4_reasoning_termination,256,3.0094599153143644e-05
conditional-fit-0003,axis4_reasoning_termination,257,0.0002271091771005493
conditional-fit-0003,axis4_reasoning_termination,258,0.0003277089735811644
conditional-fit-0003,axis4_reasoning_termination,259,2.2724366397811645e-05
conditional-fit-0003,axis4_reasoning_termination,260,8.791365796326307e-05
conditional-fit-0003,axis4_reasoning_termination,261,0.00042239157660445883
conditional-fit-0003,axis4_reasoning_termination,262,2.2729253645805492e-05
conditional-fit-0003,axis4_reasoning_termination,263,1.1354615230254949e-05
conditional-fit-0003,axis4_reasoning_termination,264,3.5577384574937686e-05
conditional-fit-0003,axis4_reasoning_termination,265,8.331832187600807e-05
conditional-fit-0003,axis4_reasoning_termination,266,2.341264331899508e-05
conditional-fit-0003,axis4_reasoning_termination,267,3.8622170259588536e-05
conditional-fit-0003,axis4_reasoning_termination,268,2.192244103911889e-05
conditional-fit-0003,axis4_reasoning_termination,269,5.3631222154043834e-05
conditional-fit-0003,axis4_reasoning_termination,270,1.9602604956915294e-05
conditional-fit-0003,axis4_reasoning_termination,271,0.0003358083716308442
conditional-fit-0003,axis4_reasoning_termination,272,2.4997166151527417e-05
conditional-fit-0003,axis4_reasoning_termination,273,1.4419154937310823e-05
conditional-fit-0003,axis4_reasoning_termination,274,0.0003484755353672932
conditional-fit-0003,axis4_reasoning_termination,275,2.1106787011788324e-05
conditional-fit-0003,axis4_reasoning_termination,276,0.00044474746235336913
conditional-fit-0003,axis4_reasoning_termination,277,1.0739903943742704e-05
conditional-fit-0003,axis4_reasoning_termination,278,6.301217675461443e-05
conditional-fit-0003,axis4_reasoning_termination,279,0.00033554178828358074
conditional-fit-0003,axis4_reasoning_termination,280,2.8569965522345103e-05
conditional-fit-0003,axis4_reasoning_termination,281,1.0200830637309383e-05
conditional-fit-0003,axis4_reasoning_termination,282,0.0020694136972617284
conditional-fit-0003,axis4_reasoning_termination,283,0.0032734865241129925
conditional-fit-0003,axis4_reasoning_termination,284,8.659204698782563e-05
conditional-fit-0003,axis4_reasoning_termination,285,0.00011561706149333951
conditional-fit-0003,axis4_reasoning_termination,286,0.00010987853960442132
conditional-fit-0003,axis4_reasoning_termination,287,0.00013721891923770837
conditional-fit-0003,axis4_reasoning_termination,288,6.97642230051413e-05
conditional-fit-0003,axis4_reasoning_termination,289,9.66914446786358e-06
conditional-fit-0003,axis4_reasoning_termination,290,0.00015473251669002554
conditional-fit-0003,axis4_reasoning_termination,291,0.0009636352848606203
conditional-fit-0003,axis4_reasoning_termination,292,7.930056564016337e-05
conditional-fit-0003,axis4_reasoning_termination,293,0.022510978103486002
conditional-fit-0003,axis4_reasoning_termination,294,0.045551336878593564
conditional-fit-0003,axis4_reasoning_termination,295,0.016194156668356767
conditional-fit-0003,axis4_reasoning_termination,296,0.02367292528168774
conditional-fit-0003,axis4_reasoning_termination,297,0.2694105339825388
conditional-fit-0003,axis4_reasoning_termination,298,0.04468045563775126
conditional-fit-0003,axis4_reasoning_termination,299,0.0007608067489127044
conditional-fit-0003,axis4_reasoning_termination,300,0.00032723156527268525
conditional-fit-0003,axis4_reasoning_termination,301,0.00045235414177274337
conditional-fit-0003,axis4_reasoning_termination,302,0.09023442292251277
conditional-fit-0003,axis4_reasoning_termination,303,0.00021857595237444982
conditional-fit-0003,axis4_reasoning_termination,304,5.708788594163968e-05
conditional-fit-0003,axis4_reasoning_termination,305,0.000369463177996038
conditional-fit-0003,axis4_reasoning_termination,306,0.0004152272750463159
conditional-fit-0003,axis4_reasoning_termination,307,0.019671168781936726
conditional-fit-0003,axis4_reasoning_termination,308,0.0054871616285291774
conditional-fit-0003,axis4_reasoning_termination,309,0.0057931608641157584
conditional-fit-0003,axis4_reasoning_termination,310,3.855776893019059e-05
conditional-fit-0003,axis4_reasoning_termination,311,1.4845740391342022e-05
conditional-fit-0003,axis4_reasoning_termination,312,0.0026143507358654446
conditional-fit-0003,axis4_reasoning_termination,313,0.19042206079811008
conditional-fit-0003,axis4_reasoning_termination,314,0.00740190479171967
conditional-fit-0003,axis4_reasoning_termination,315,0.0005280224454597806
conditional-fit-0003,axis4_reasoning_termination,316,0.00281256875509934
conditional-fit-0003,axis4_reasoning_termination,317,0.001958227469949416
conditional-fit-0003,axis4_reasoning_termination,318,0.007320554194622899
conditional-fit-0003,axis4_reasoning_termination,319,2.115735259686938e-06
conditional-fit-0003,axis4_reasoning_termination,320,4.14226489308643e-05
conditional-fit-0003,axis4_reasoning_termination,321,5.627904553228255e-06
conditional-fit-0003,axis4_reasoning_termination,322,2.713545539466746e-05
conditional-fit-0003,axis4_reasoning_termination,323,4.612131127803316e-05
conditional-fit-0003,axis4_reasoning_termination,324,0.0002960843011669671
conditional-fit-0003,axis4_reasoning_termination,325,9.499938549318694e-05
conditional-fit-0003,axis4_reasoning_termination,326,1.531693480236934e-05
conditional-fit-0003,axis4_reasoning_termination,327,1.2259122218086591e-06
conditional-fit-0003,axis4_reasoning_termination,328,3.871000198884274e-05
conditional-fit-0003,axis4_reasoning_termination,329,3.7825465321791825e-05
conditional-fit-0003,axis4_reasoning_termination,330,9.602135968001787e-05
conditional-fit-0003,axis4_reasoning_termination,331,0.0005813036027356998
conditional-fit-0003,axis4_reasoning_termination,332,4.802803467676835e-05
conditional-fit-0003,axis4_reasoning_termination,333,0.009500169224710088
conditional-fit-0003,axis4_reasoning_termination,334,0.01849243018763437
conditional-fit-0003,axis4_reasoning_termination,335,0.014591991312415894
conditional-fit-0003,axis4_reasoning_termination,336,0.14223702399637106
conditional-fit-0003,axis4_reasoning_termination,337,0.011691352679147162
conditional-fit-0003,axis4_reasoning_termination,338,0.00039870907801271046
conditional-fit-0003,axis4_reasoning_termination,339,0.0009865380708494915
conditional-fit-0003,axis4_reasoning_termination,340,0.00040738194098421476
conditional-fit-0003,axis4_reasoning_termination,341,0.05377788109927441
conditional-fit-0003,axis4_reasoning_termination,342,7.996496442200872e-05
conditional-fit-0003,axis4_reasoning_termination,343,1.0407289023943983e-05
conditional-fit-0003,axis4_reasoning_termination,344,4.218367895488123e-05
conditional-fit-0003,axis4_reasoning_termination,345,0.0001667506449352393
conditional-fit-0003,axis4_reasoning_termination,346,0.007078934118914953
conditional-fit-0003,axis4_reasoning_termination,347,0.002695262538803138
conditional-fit-0003,axis4_reasoning_termination,348,0.0007166474321542188
conditional-fit-0003,axis4_reasoning_termination,349,5.9788693483407774e-05
conditional-fit-0003,axis4_reasoning_termination,350,2.5969990325893693e-05
conditional-fit-0003,axis4_reasoning_termination,351,0.0005522450821105713
conditional-fit-0003,axis4_reasoning_termination,352,0.02935533990158158
conditional-fit-0003,axis4_reasoning_termination,353,4.355309893439694e-05
conditional-fit-0003,axis4_reasoning_termination,354,0.00014020785881257866
conditional-fit-0003,axis4_reasoning_termination,355,6.389982839065874e-05
conditional-fit-0003,axis4_reasoning_termination,356,7.355779750368043e-05
conditional-fit-0003,axis4_reasoning_termination,357,0.0010524309838451998
conditional-fit-0003,axis4_reasoning_termination,358,1.2095057548064922e-06
conditional-fit-0003,axis4_reasoning_termination,359,3.308915143468035e-05
conditional-fit-0003,axis4_reasoning_termination,360,4.098458609294901e-05
conditional-fit-0003,axis4_reasoning_termination,361,1.6589582446772077e-05
conditional-fit-0003,axis4_reasoning_termination,362,1.6468185948264465e-05
conditional-fit-0003,axis4_reasoning_termination,363,1.1910323567795546e-05
conditional-fit-0003,axis4_reasoning_termination,364,2.205326071397191e-05
conditional-fit-0003,axis4_reasoning_termination,365,3.073883650431577e-05
conditional-fit-0003,axis4_reasoning_termination,366,4.4900448646990575e-07
conditional-fit-0003,axis4_reasoning_termination,367,1.7822515646570994e-05
conditional-fit-0003,axis4_reasoning_termination,368,0.0002282952345388287
conditional-fit-0003,axis4_reasoning_termination,369,1.387161333299643e-05
conditional-fit-0003,axis4_reasoning_termination,370,0.00031329200807518474
conditional-fit-0003,axis4_reasoning_termination,371,1.3854245056359597e-05
conditional-fit-0003,axis4_reasoning_termination,372,0.015246043441370698
conditional-fit-0003,axis4_reasoning_termination,373,0.03946463405496643
conditional-fit-0003,axis4_reasoning_termination,374,0.0032963717031537576
conditional-fit-0003,axis4_reasoning_termination,375,0.13166257434740164
conditional-fit-0003,axis4_reasoning_termination,376,0.008588812883106794
conditional-fit-0003,axis4_reasoning_termination,377,0.00010887205051450967
conditional-fit-0003,axis4_reasoning_termination,378,0.0003368791211565751
conditional-fit-0003,axis4_reasoning_termination,379,0.00026418911464371007
conditional-fit-0003,axis4_reasoning_termination,380,0.06354444227077555
conditional-fit-0003,axis4_reasoning_termination,381,0.3657298755871054
conditional-fit-0003,axis4_reasoning_termination,382,0.2265253234969915
conditional-fit-0003,axis4_reasoning_termination,383,0.01546834184683597
conditional-fit-0003,axis4_reasoning_termination,384,0.03047441808199472
conditional-fit-0003,axis4_reasoning_termination,385,0.016288439373807678
conditional-fit-0003,axis4_reasoning_termination,386,0.028389111996989312
conditional-fit-0003,axis4_reasoning_termination,387,0.028904899707768026
conditional-fit-0003,axis4_reasoning_termination,388,0.0006859770849435523
conditional-fit-0003,axis4_reasoning_termination,389,0.14694800382098777
conditional-fit-0003,axis4_reasoning_termination,390,0.08717117512445598
conditional-fit-0003,axis4_reasoning_termination,391,0.0615354046146912
conditional-fit-0003,axis4_reasoning_termination,392,0.06612220967279304
conditional-fit-0003,axis4_reasoning_termination,393,0.00280026761651405
conditional-fit-0003,axis4_reasoning_termination,394,0.04099867048472596
conditional-fit-0003,axis4_reasoning_termination,395,0.06649004305704095
conditional-fit-0003,axis4_reasoning_termination,396,0.00013130690375569502
conditional-fit-0003,axis4_reasoning_termination,397,0.3098223329405124
conditional-fit-0003,axis4_reasoning_termination,398,0.11192465082322775
conditional-fit-0003,axis4_reasoning_termination,399,0.11537261971785544
conditional-fit-0003,axis4_reasoning_termination,400,0.0001013190026418941
conditional-fit-0003,axis4_reasoning_termination,401,0.03723422499257286
conditional-fit-0003,axis4_reasoning_termination,402,0.06704343909794364
conditional-fit-0003,axis4_reasoning_termination,403,0.07182904361513653
conditional-fit-0003,axis4_reasoning_termination,404,0.02785867077500013
conditional-fit-0003,axis4_reasoning_termination,405,0.11329056525026437
conditional-fit-0003,axis4_reasoning_termination,406,0.021452473933158224
conditional-fit-0003,axis4_reasoning_termination,407,0.0005322694104914586
conditional-fit-0003,axis4_reasoning_termination,408,0.00022065535884053535
conditional-fit-0003,axis4_reasoning_termination,409,0.07693309593234068
conditional-fit-0003,axis4_reasoning_termination,410,0.020955193186867536
conditional-fit-0003,axis4_reasoning_termination,411,0.0007117961709112068
conditional-fit-0003,axis4_reasoning_termination,412,0.00011690582726609507
conditional-fit-0003,axis4_reasoning_termination,413,0.00010076169395537509
conditional-fit-0003,axis4_reasoning_termination,414,0.00010399919110232879
conditional-fit-0003,axis4_reasoning_termination,415,0.0014764060978822275
conditional-fit-0003,axis4_reasoning_termination,416,0.00242109145240973
conditional-fit-0003,axis4_reasoning_termination,417,0.010243156965550625
conditional-fit-0003,axis4_reasoning_termination,418,0.08475700469956263
conditional-fit-0003,axis4_reasoning_termination,419,0.018503229323467638
conditional-fit-0003,axis4_reasoning_termination,420,0.027604895725503193
conditional-fit-0003,axis4_reasoning_termination,421,0.02221653063134596
conditional-fit-0003,axis4_reasoning_termination,422,0.09987560139903695
conditional-fit-0003,axis4_reasoning_termination,423,0.011838846909243621
conditional-fit-0003,axis4_reasoning_termination,424,0.04717647171486655
conditional-fit-0003,axis4_reasoning_termination,425,0.02989608772197201
conditional-fit-0003,axis4_reasoning_termination,426,0.027835452687552827
conditional-fit-0003,axis4_reasoning_termination,427,0.024117549165481544
conditional-fit-0003,axis4_reasoning_termination,428,0.001329432611492505
conditional-fit-0003,axis4_reasoning_termination,429,0.005833631121573181
conditional-fit-0003,axis4_reasoning_termination,430,0.003691265810809404
conditional-fit-0003,axis4_reasoning_termination,431,0.0108711900944465
conditional-fit-0003,axis4_reasoning_termination,432,0.0009353162182026653
conditional-fit-0003,axis4_reasoning_termination,433,0.13090530212170176
conditional-fit-0003,axis4_reasoning_termination,434,0.008354523803840577
conditional-fit-0003,axis4_reasoning_termination,435,0.0002723145453329145
conditional-fit-0003,axis4_reasoning_termination,436,0.0013505750885147384
conditional-fit-0003,axis4_reasoning_termination,437,0.00117477927820134
conditional-fit-0003,axis4_reasoning_termination,438,0.04764107453349981
conditional-fit-0003,axis4_reasoning_termination,439,0.00047381330394211725
conditional-fit-0003,axis4_reasoning_termination,440,0.004461070953245368
conditional-fit-0003,axis4_reasoning_termination,441,0.002620123368798695
conditional-fit-0003,axis4_reasoning_termination,442,0.0014481246756185679
conditional-fit-0003,axis4_reasoning_termination,443,7.906381761694527e-05
conditional-fit-0003,axis4_reasoning_termination,444,1.1706629111865444e-05
conditional-fit-0003,axis4_reasoning_termination,445,0.001010633836219854
conditional-fit-0003,axis4_reasoning_termination,446,3.739216643813421e-05
conditional-fit-0003,axis4_reasoning_termination,447,6.614764337619936e-05
conditional-fit-0003,axis4_reasoning_termination,448,0.0008983016202588714
conditional-fit-0003,axis4_reasoning_termination,449,5.1023974966649385e-06
conditional-fit-0003,axis4_reasoning_termination,450,0.0005278197719129614
conditional-fit-0003,axis4_reasoning_termination,451,0.00014613146460449165
conditional-fit-0003,axis4_reasoning_termination,452,4.178362973769905e-05
conditional-fit-0003,axis4_reasoning_termination,453,1.3611260097454702e-05
conditional-fit-0003,axis4_reasoning_termination,454,1.1523397690497897e-05
conditional-fit-0003,axis4_reasoning_termination,455,0.00011581022996672348
conditional-fit-0003,axis4_reasoning_termination,456,2.034695822948655e-06
conditional-fit-0003,axis4_reasoning_termination,457,1.3498885061473807e-05
conditional-fit-0003,axis4_reasoning_termination,458,1.3099484006946543e-05
conditional-fit-0003,axis4_reasoning_termination,459,0.0006886533459320996
conditional-fit-0003,axis4_reasoning_termination,460,0.00012854602448782399
conditional-fit-0003,axis4_reasoning_termination,461,0.00029034347074731226
conditional-fit-0003,axis4_reasoning_termination,462,0.003783320149139135
conditional-fit-0003,axis4_reasoning_termination,463,1.043410364266119e-05
conditional-fit-0003,axis4_reasoning_termination,464,6.119785131010621e-05
conditional-fit-0003,axis4_reasoning_termination,465,2.358538687821019e-05
conditional-fit-0003,axis4_reasoning_termination,466,6.46941249742327e-06
conditional-fit-0003,axis4_reasoning_termination,467,2.8893002218732508e-05
conditional-fit-0003,axis4_reasoning_termination,468,3.098250957595019e-05
conditional-fit-0003,axis4_reasoning_termination,469,5.443646442833422e-06
conditional-fit-0003,axis4_reasoning_termination,470,4.004142685850233e-06
conditional-fit-0003,axis4_reasoning_termination,471,4.004421774853299e-05
conditional-fit-0003,axis4_reasoning_termination,472,1.1542893157207392e-05
conditional-fit-0003,axis4_reasoning_termination,473,2.0249887483117573e-05
conditional-fit-0003,axis4_reasoning_termination,474,1.4053439850165953e-05
conditional-fit-0003,axis4_reasoning_termination,475,6.652033008341855e-05
conditional-fit-0003,axis4_reasoning_termination,476,1.0359908688622525e-05
conditional-fit-0003,axis4_reasoning_termination,477,4.141189325392006e-05
conditional-fit-0003,axis4_reasoning_termination,478,8.006267970473924e-05
conditional-fit-0003,axis4_reasoning_termination,479,1.0657529769053075e-05
conditional-fit-0003,axis4_reasoning_termination,480,1.9834197748167803e-05
conditional-fit-0003,axis4_reasoning_termination,481,0.00033500138397441994
conditional-fit-0003,axis4_reasoning_termination,482,9.34386698684271e-06
conditional-fit-0003,axis4_reasoning_termination,483,0.00023750273838322056
conditional-fit-0003,axis4_reasoning_termination,484,1.2771030227046218e-05
conditional-fit-0003,axis4_reasoning_termination,485,1.1688595103503684e-05
conditional-fit-0003,axis4_reasoning_termination,486,4.371281229174044e-05
conditional-fit-0003,axis4_reasoning_termination,487,5.9495485147611014e-06
conditional-fit-0003,axis4_reasoning_termination,488,4.27541796962229e-06
conditional-fit-0003,axis4_reasoning_termination,489,0.00031901289233431996
conditional-fit-0003,axis4_reasoning_termination,490,0.00030367685266769503
conditional-fit-0003,axis4_reasoning_termination,491,7.926531960058767e-05
conditional-fit-0003,axis4_reasoning_termination,492,2.6577861659481948e-05
conditional-fit-0003,axis4_reasoning_termination,493,9.595196983283931e-05
conditional-fit-0003,axis4_reasoning_termination,494,1.2404468388131227e-05
conditional-fit-0003,axis4_reasoning_termination,495,8.039412551127863e-05
conditional-fit-0003,axis4_reasoning_termination,496,3.3628673387934623e-06
conditional-fit-0003,axis4_reasoning_termination,497,4.066365554540025e-05
conditional-fit-0003,axis4_reasoning_termination,498,0.0004226922191328526
conditional-fit-0003,axis4_reasoning_termination,499,1.1788987881814247e-05
conditional-fit-0003,axis4_reasoning_termination,500,0.005790863398863401
conditional-fit-0003,axis4_reasoning_termination,501,0.1107211672319551
conditional-fit-0003,axis4_reasoning_termination,502,0.002859595012878923
conditional-fit-0003,axis4_reasoning_termination,503,0.09554269151167598
conditional-fit-0003,axis4_reasoning_termination,504,0.007499280451045767
conditional-fit-0003,axis4_reasoning_termination,505,1.3096575673662953
conditional-fit-0003,axis4_reasoning_termination,506,0.23646262517154892
conditional-fit-0003,axis4_reasoning_termination,507,3.7913359492367624e-05
conditional-fit-0003,axis4_reasoning_termination,508,0.01839538984556885
conditional-fit-0003,axis4_reasoning_termination,509,0.0016643056547179559
conditional-fit-0003,axis4_reasoning_termination,510,8.089939216003204e-05
conditional-fit-0003,axis4_reasoning_termination,511,0.6571879181125511
conditional-fit-0003,axis4_reasoning_termination,512,0.07077886531532093
conditional-fit-0003,axis4_reasoning_termination,513,0.10309213468847221
conditional-fit-0003,axis4_reasoning_termination,514,0.12031007553238221
conditional-fit-0003,axis4_reasoning_termination,515,0.1060277207618659
conditional-fit-0003,axis4_reasoning_termination,516,0.2119048642609369
conditional-fit-0003,axis4_reasoning_termination,517,0.019654155686623806
conditional-fit-0003,axis4_reasoning_termination,518,0.04984387025572655
conditional-fit-0003,axis4_reasoning_termination,519,0.09646293232618298
conditional-fit-0003,axis4_reasoning_termination,520,0.061550725632219666
conditional-fit-0003,axis4_reasoning_termination,521,0.13094623107680015
conditional-fit-0003,axis4_reasoning_termination,522,0.04259166748252642
conditional-fit-0003,axis4_reasoning_termination,523,0.22344176286967365
conditional-fit-0003,axis4_reasoning_termination,524,0.3362265635540335
conditional-fit-0003,axis4_reasoning_termination,525,0.05649249758987898
conditional-fit-0003,axis4_reasoning_termination,526,0.3988761253540598
conditional-fit-0003,axis4_reasoning_termination,527,0.9003445424719542
conditional-fit-0003,axis4_reasoning_termination,528,0.13156284283969386
conditional-fit-0003,axis4_reasoning_termination,529,0.022962064412029984
conditional-fit-0003,axis4_reasoning_termination,530,0.0025607386149881523
conditional-fit-0003,axis4_reasoning_termination,531,0.004634147120497993
conditional-fit-0003,axis4_reasoning_termination,532,0.0019012946742215438
conditional-fit-0003,axis4_reasoning_termination,533,0.0008821667529959978
conditional-fit-0003,axis4_reasoning_termination,534,0.000703166300507455
conditional-fit-0003,axis4_reasoning_termination,535,0.0003092162545878172
conditional-fit-0003,axis4_reasoning_termination,536,3.726067990481947e-05
conditional-fit-0003,axis4_reasoning_termination,537,0.001097439493422784
conditional-fit-0003,axis4_reasoning_termination,538,0.0011668151747477053
conditional-fit-0003,axis4_reasoning_termination,539,0.0033402298230430032
conditional-fit-0003,axis4_reasoning_termination,540,0.00026556603697488177
conditional-fit-0003,axis4_reasoning_termination,541,0.022838218421901577
conditional-fit-0003,axis4_reasoning_termination,542,0.00013194359159954882
conditional-fit-0003,axis4_reasoning_termination,543,0.0005146390906616882
conditional-fit-0003,axis4_reasoning_termination,544,0.0019131347081257925
conditional-fit-0003,axis4_reasoning_termination,545,0.0007253337489997471
conditional-fit-0003,axis4_reasoning_termination,546,0.0002550324227791929
conditional-fit-0003,axis4_reasoning_termination,547,0.0025101073621514427
conditional-fit-0003,axis4_reasoning_termination,548,4.439011234767882e-05
conditional-fit-0003,axis4_reasoning_termination,549,0.000651624363657803
conditional-fit-0003,axis4_reasoning_termination,550,0.002287914165028871
conditional-fit-0003,axis4_reasoning_termination,551,2.483330245647759e-05
conditional-fit-0003,axis4_reasoning_termination,552,0.002509745958836067
conditional-fit-0003,axis4_reasoning_termination,553,0.00826896435437349
conditional-fit-0003,axis4_reasoning_termination,554,0.03515631660254267
conditional-fit-0003,axis4_reasoning_termination,555,0.3516567214777919
conditional-fit-0003,axis4_reasoning_termination,556,0.002490298204504852
conditional-fit-0003,axis4_reasoning_termination,557,0.014334928181005048
conditional-fit-0003,axis4_reasoning_termination,558,0.027717804944155166
conditional-fit-0003,axis4_reasoning_termination,559,0.04896356690342881
conditional-fit-0003,axis4_reasoning_termination,560,1.6469414858274507
conditional-fit-0003,axis4_reasoning_termination,561,0.05712577590629344
conditional-fit-0003,axis4_reasoning_termination,562,0.0004717272702277943
conditional-fit-0003,axis4_reasoning_termination,563,0.0011822558471031427
conditional-fit-0003,axis4_reasoning_termination,564,0.0006355384363894141
conditional-fit-0003,axis4_reasoning_termination,565,0.026874007062616456
conditional-fit-0003,axis4_reasoning_termination,566,0.0001013192663203017
conditional-fit-0003,axis4_reasoning_termination,567,7.306007017715058e-06
conditional-fit-0003,axis4_reasoning_termination,568,1.2143003256215041e-05
conditional-fit-0003,axis4_reasoning_termination,569,0.0006059643744742653
conditional-fit-0003,axis4_reasoning_termination,570,0.0011657394572470194
conditional-fit-0003,axis4_reasoning_termination,571,0.0009237711719793329
conditional-fit-0003,axis4_reasoning_termination,572,0.03108340586776485
conditional-fit-0003,axis4_reasoning_termination,573,0.0003959840668058373
conditional-fit-0003,axis4_reasoning_termination,574,5.380176695849092e-05
conditional-fit-0003,axis4_reasoning_termination,575,0.0004466450266380106
conditional-fit-0003,axis4_reasoning_termination,576,0.0007914609205132495
conditional-fit-0003,axis4_reasoning_termination,577,1.1159955430521573e-05
conditional-fit-0003,axis4_reasoning_termination,578,5.649509551780172e-06
conditional-fit-0003,axis4_reasoning_termination,579,8.618301719570501e-05
conditional-fit-0003,axis4_reasoning_termination,580,1.827118899852353e-05
conditional-fit-0003,axis4_reasoning_termination,581,5.5072050800869835e-05
conditional-fit-0003,axis4_reasoning_termination,582,9.019722364349905e-07
conditional-fit-0003,axis4_reasoning_termination,583,1.014029682806431e-05
conditional-fit-0003,axis4_reasoning_termination,584,2.355622175302753e-06
conditional-fit-0003,axis4_reasoning_termination,585,9.88561056848659e-06
conditional-fit-0003,axis4_reasoning_termination,586,9.70639751541482e-06
conditional-fit-0003,axis4_reasoning_termination,587,2.1037306240500964e-05
conditional-fit-0003,axis4_reasoning_termination,588,3.655703501734292e-05
conditional-fit-0003,axis4_reasoning_termination,589,0.00011551043732656604
conditional-fit-0003,axis4_reasoning_termination,590,9.076143821751902e-07
conditional-fit-0003,axis4_reasoning_termination,591,3.79746416460685e-05
conditional-fit-0003,axis4_reasoning_termination,592,0.00010312605317251897
conditional-fit-0003,axis4_reasoning_termination,593,0.00090718431710389
conditional-fit-0003,axis4_reasoning_termination,594,0.02887520391216458
conditional-fit-0003,axis4_reasoning_termination,595,2.5018436402917834e-05
conditional-fit-0003,axis4_reasoning_termination,596,0.0068658714523880775
conditional-fit-0003,axis4_reasoning_termination,597,0.0025601629549877186
conditional-fit-0003,axis4_reasoning_termination,598,0.038420422636664675
conditional-fit-0003,axis4_reasoning_termination,599,0.00569481369191138
conditional-fit-0003,axis4_reasoning_termination,600,0.5583030013193816
conditional-fit-0003,axis4_reasoning_termination,601,0.010995094858207478
conditional-fit-0003,axis4_reasoning_termination,602,0.0017266823541400148
conditional-fit-0003,axis4_reasoning_termination,603,0.09985776435561619
conditional-fit-0003,axis4_reasoning_termination,604,0.007082617742590136
conditional-fit-0003,axis4_reasoning_termination,605,0.0017122968893486944
conditional-fit-0003,axis4_reasoning_termination,606,0.0022429636681913006
conditional-fit-0003,axis4_reasoning_termination,607,0.0016102942614724858
conditional-fit-0003,axis4_reasoning_termination,608,0.0010681789001519993
conditional-fit-0003,axis4_reasoning_termination,609,0.0008213439302606705
conditional-fit-0003,axis4_reasoning_termination,610,0.00015959339258503883
conditional-fit-0003,axis4_reasoning_termination,611,9.322524142383705e-05
conditional-fit-0003,axis4_reasoning_termination,612,5.31041605442455e-05
conditional-fit-0003,axis4_reasoning_termination,613,0.0006320035286774306
conditional-fit-0003,axis4_reasoning_termination,614,0.0048866125656497625
conditional-fit-0003,axis4_reasoning_termination,615,0.0121132992335916
conditional-fit-0003,axis4_reasoning_termination,616,0.0030393292862913516
conditional-fit-0003,axis4_reasoning_termination,617,0.00011390642943114214
conditional-fit-0003,axis4_reasoning_termination,618,0.0005314504883185923
conditional-fit-0003,axis4_reasoning_termination,619,0.00047122295679897163
conditional-fit-0003,axis4_reasoning_termination,620,0.0009260607488787097
conditional-fit-0003,axis4_reasoning_termination,621,0.010519737279176329
conditional-fit-0003,axis4_reasoning_termination,622,0.021707868422624614
conditional-fit-0003,axis4_reasoning_termination,623,0.19467511180363217
conditional-fit-0003,axis4_reasoning_termination,624,0.004181455500909924
conditional-fit-0003,axis4_reasoning_termination,625,1.3107260665010039e-05
conditional-fit-0003,axis4_reasoning_termination,626,4.125841338172095e-05
conditional-fit-0003,axis4_reasoning_termination,627,1.7153168029745774e-05
conditional-fit-0003,axis4_reasoning_termination,628,2.9857137027905985e-05
conditional-fit-0003,axis4_reasoning_termination,629,0.008270855603080017
conditional-fit-0003,axis4_reasoning_termination,630,5.471177656255501e-06
conditional-fit-0003,axis4_reasoning_termination,631,0.00024375586162523957
conditional-fit-0003,axis4_reasoning_termination,632,1.1571875009927055e-05
conditional-fit-0003,axis4_reasoning_termination,633,9.787296646298783e-05
conditional-fit-0003,axis4_reasoning_termination,634,3.1525475034991306e-06
conditional-fit-0003,axis4_reasoning_termination,635,1.2695214430149024e-05
conditional-fit-0003,axis4_reasoning_termination,636,0.0009745624099914122
conditional-fit-0003,axis4_reasoning_termination,637,0.00042147144503329394
conditional-fit-0003,axis4_reasoning_termination,638,0.0008215117678241654
conditional-fit-0003,axis4_reasoning_termination,639,0.010547801928967765
conditional-fit-0003,axis4_reasoning_termination,640,0.0001284715499411103
conditional-fit-0003,axis4_reasoning_termination,641,2.3776648611080038e-05
conditional-fit-0003,axis4_reasoning_termination,642,5.832567796248688e-06
conditional-fit-0003,axis4_reasoning_termination,643,0.0002225317696403477
conditional-fit-0003,axis4_reasoning_termination,644,0.002729400307244571
conditional-fit-0003,axis4_reasoning_termination,645,1.6010416080486923e-05
conditional-fit-0003,axis4_reasoning_termination,646,7.923092157608618e-06
conditional-fit-0003,axis4_reasoning_termination,647,2.4232683217193435e-06
conditional-fit-0003,axis4_reasoning_termination,648,6.426342801464229e-05
conditional-fit-0003,axis4_reasoning_termination,649,6.746322300431936e-05
conditional-fit-0003,axis4_reasoning_termination,650,4.202585931113211e-05
conditional-fit-0003,axis4_reasoning_termination,651,2.0855813277144484e-05
conditional-fit-0003,axis4_reasoning_termination,652,0.00043936349797191806
conditional-fit-0003,axis4_reasoning_termination,653,9.115051063602796e-05
conditional-fit-0003,axis4_reasoning_termination,654,0.00013706072233453097
conditional-fit-0003,axis4_reasoning_termination,655,0.0034040202867298484
conditional-fit-0003,axis4_reasoning_termination,656,0.00019199453784555864
conditional-fit-0003,axis4_reasoning_termination,657,3.9321243547074894e-05
conditional-fit-0003,axis4_reasoning_termination,658,6.677568243300915e-05
conditional-fit-0003,axis4_reasoning_termination,659,0.006778551920271258
conditional-fit-0003,axis4_reasoning_termination,660,0.0005053433039616922
conditional-fit-0003,axis4_reasoning_termination,661,0.0024370785051035593
conditional-fit-0003,axis4_reasoning_termination,662,1.9374819247187038e-05
conditional-fit-0003,axis4_reasoning_termination,663,0.008784671258496147
conditional-fit-0003,axis4_reasoning_termination,664,0.012006658188819515
conditional-fit-0003,axis4_reasoning_termination,665,0.00040403943453371654
conditional-fit-0003,axis4_reasoning_termination,666,0.11627114546776016
conditional-fit-0003,axis4_reasoning_termination,667,0.02120991101464044
conditional-fit-0003,axis4_reasoning_termination,668,4.032191911064972e-05
conditional-fit-0003,axis4_reasoning_termination,669,0.0001374279997339089
conditional-fit-0003,axis4_reasoning_termination,670,0.0001341460728707069
conditional-fit-0003,axis4_reasoning_termination,671,0.05707026052615987
conditional-fit-0003,axis4_reasoning_termination,672,0.0001768879334508512
conditional-fit-0003,axis4_reasoning_termination,673,7.883618982090158e-05
conditional-fit-0003,axis4_reasoning_termination,674,2.4539929465287745e-05
conditional-fit-0003,axis4_reasoning_termination,675,0.00035417725612650245
conditional-fit-0003,axis4_reasoning_termination,676,0.0044048552053341855
conditional-fit-0003,axis4_reasoning_termination,677,0.0002425060382807926
conditional-fit-0003,axis4_reasoning_termination,678,3.840112744517915e-05
conditional-fit-0003,axis4_reasoning_termination,679,1.856830727723476e-05
conditional-fit-0003,axis4_reasoning_termination,680,0.00033924111599497014
conditional-fit-0003,axis4_reasoning_termination,681,2.794676792789913e-06
conditional-fit-0003,axis4_reasoning_termination,682,7.7792776416381e-07
conditional-fit-0003,axis4_reasoning_termination,683,3.08755475670877e-05
conditional-fit-0003,axis4_reasoning_termination,684,1.279462946921182e-06
conditional-fit-0003,axis4_reasoning_termination,685,8.228320664709138e-06
conditional-fit-0003,axis4_reasoning_termination,686,7.10731050479194e-06
conditional-fit-0003,axis4_reasoning_termination,687,1.792622890542362e-06
conditional-fit-0003,axis4_reasoning_termination,688,1.5834931813333302e-05
conditional-fit-0003,axis4_reasoning_termination,689,2.3123004614715815e-06
conditional-fit-0003,axis4_reasoning_termination,690,0.00038641256578416587
conditional-fit-0003,axis4_reasoning_termination,691,3.999334789110117e-06
conditional-fit-0003,axis4_reasoning_termination,692,1.0945889272650932e-05
conditional-fit-0003,axis4_reasoning_termination,693,1.011329039459798e-05
conditional-fit-0003,axis4_reasoning_termination,694,1.5520440321547287e-05
conditional-fit-0003,axis4_reasoning_termination,695,0.00014095899831405713
conditional-fit-0003,axis4_reasoning_termination,696,0.00016226343394022205
conditional-fit-0003,axis4_reasoning_termination,697,3.084288330183956e-06
conditional-fit-0003,axis4_reasoning_termination,698,3.6998324929196736e-05
conditional-fit-0003,axis4_reasoning_termination,699,1.6138938486191534e-06
conditional-fit-0003,axis4_reasoning_termination,700,9.738195268219626e-05
conditional-fit-0003,axis4_reasoning_termination,701,1.4500522793687142e-05
conditional-fit-0003,axis4_reasoning_termination,702,5.541780583054213e-06
conditional-fit-0003,axis4_reasoning_termination,703,1.3253271725294324e-05
conditional-fit-0003,axis4_reasoning_termination,704,4.374650550824898e-06
conditional-fit-0003,axis4_reasoning_termination,705,4.0981646632769106e-05
conditional-fit-0003,axis4_reasoning_termination,706,1.4356770915213881e-05
conditional-fit-0003,axis4_reasoning_termination,707,0.00010916729731749569
conditional-fit-0003,axis4_reasoning_termination,708,0.00011161792507314024
conditional-fit-0003,axis4_reasoning_termination,709,1.099432527207138e-05
conditional-fit-0003,axis4_reasoning_termination,710,1.2178204645794837e-05
conditional-fit-0003,axis4_reasoning_termination,711,2.4194878837606434e-05
conditional-fit-0003,axis4_reasoning_termination,712,1.1900725363165828e-05
conditional-fit-0003,axis4_reasoning_termination,713,7.066424920142512e-05
conditional-fit-0003,axis4_reasoning_termination,714,1.8353240668879216e-05
conditional-fit-0003,axis4_reasoning_termination,715,1.6137776598944184e-05
conditional-fit-0003,axis4_reasoning_termination,716,0.00015059023976982743
conditional-fit-0003,axis4_reasoning_termination,717,0.00039522459120432503
conditional-fit-0003,axis4_reasoning_termination,718,0.0005616778486219536
conditional-fit-0003,axis4_reasoning_termination,719,2.6471156555055294e-05
conditional-fit-0003,axis4_reasoning_termination,720,0.006959531438486367
conditional-fit-0003,axis4_reasoning_termination,721,0.0067384208317303115
conditional-fit-0003,axis4_reasoning_termination,722,0.022337344761821053
conditional-fit-0003,axis4_reasoning_termination,723,0.2501573422576365
conditional-fit-0003,axis4_reasoning_termination,724,0.025868409533804385
conditional-fit-0003,axis4_reasoning_termination,725,6.312093124896141e-05
conditional-fit-0003,axis4_reasoning_termination,726,0.010454024549729386
conditional-fit-0003,axis4_reasoning_termination,727,0.00024570556419774037
conditional-fit-0003,axis4_reasoning_termination,728,3.6832988357720674e-05
conditional-fit-0003,axis4_reasoning_termination,729,9.155397102107604e-05
conditional-fit-0003,axis4_reasoning_termination,730,2.0369843210258863e-05
conditional-fit-0003,axis4_reasoning_termination,731,7.013054823799292e-05
conditional-fit-0003,axis4_reasoning_termination,732,0.00010828047561439986
conditional-fit-0003,axis4_reasoning_termination,733,7.514591546016625e-05
conditional-fit-0003,axis4_reasoning_termination,734,1.6790377272862894e-05
conditional-fit-0003,axis4_reasoning_termination,735,4.434033797969039e-05
conditional-fit-0003,axis4_reasoning_termination,736,4.625382465099852e-05
conditional-fit-0003,axis4_reasoning_termination,737,0.0002360340571674704
conditional-fit-0003,axis4_reasoning_termination,738,0.0007681533445394763
conditional-fit-0003,axis4_reasoning_termination,739,8.335411270753006e-05
conditional-fit-0003,axis4_reasoning_termination,740,0.00024300465382807204
conditional-fit-0003,axis4_reasoning_termination,741,0.00028537996760615833
conditional-fit-0003,axis4_reasoning_termination,742,1.2697908139254293e-05
conditional-fit-0003,axis4_reasoning_termination,743,6.841885136475755e-05
conditional-fit-0003,axis4_reasoning_termination,744,0.0011906401296005898
conditional-fit-0003,axis4_reasoning_termination,745,0.00184411583299895
conditional-fit-0003,axis4_reasoning_termination,746,0.005867709023261324
conditional-fit-0003,axis4_reasoning_termination,747,3.2135538682061824e-05
conditional-fit-0003,axis4_reasoning_termination,748,1.0565292794114742e-06
conditional-fit-0003,axis4_reasoning_termination,749,1.2598036847286863e-05
conditional-fit-0003,axis4_reasoning_termination,750,2.616822540799452e-06
conditional-fit-0003,axis4_reasoning_termination,751,5.0789456489188675e-06
conditional-fit-0003,axis4_reasoning_termination,752,0.0001414562659540088
conditional-fit-0003,axis4_reasoning_termination,753,1.572229534056345e-06
conditional-fit-0003,axis4_reasoning_termination,754,7.10954546595491e-05
conditional-fit-0003,axis4_reasoning_termination,755,5.947772363416586e-06
conditional-fit-0003,axis4_reasoning_termination,756,9.247172662621073e-05
conditional-fit-0003,axis4_reasoning_termination,757,7.359845364801995e-07
conditional-fit-0003,axis4_reasoning_termination,758,1.8241007107262662e-06
conditional-fit-0003,axis4_reasoning_termination,759,6.785602585364025e-06
conditional-fit-0003,axis4_reasoning_termination,760,2.4261793171621445e-05
conditional-fit-0003,axis4_reasoning_termination,761,3.164029160589509e-05
conditional-fit-0003,axis4_reasoning_termination,762,0.00010966892312184385
conditional-fit-0003,axis4_reasoning_termination,763,9.651236354075698e-06
conditional-fit-0003,axis4_reasoning_termination,764,6.444846143597351e-06
conditional-fit-0003,axis4_reasoning_termination,765,7.1856850553386296e-06
conditional-fit-0003,axis4_reasoning_termination,766,4.230531017905671e-05
conditional-fit-0003,axis4_reasoning_termination,767,2.017633679560366e-05
conditional-fit-0003,axis4_reasoning_termination,768,2.5198848125805824e-05
conditional-fit-0003,axis4_reasoning_termination,769,2.641192080456214e-05
conditional-fit-0003,axis4_reasoning_termination,770,1.3973815030656842e-05
conditional-fit-0003,axis4_reasoning_termination,771,0.00010239939035500844
conditional-fit-0003,axis4_reasoning_termination,772,8.933899553090116e-06
conditional-fit-0003,axis4_reasoning_termination,773,1.144924452674372e-05
conditional-fit-0003,axis4_reasoning_termination,774,2.2803323950058326e-05
conditional-fit-0003,axis4_reasoning_termination,775,1.4651263882396095e-05
conditional-fit-0003,axis4_reasoning_termination,776,8.389392584698003e-06
conditional-fit-0003,axis4_reasoning_termination,777,1.5004782791244708e-05
conditional-fit-0003,axis4_reasoning_termination,778,5.781791425436291e-05
conditional-fit-0003,axis4_reasoning_termination,779,7.581536948077571e-06
conditional-fit-0003,axis4_reasoning_termination,780,1.948665882280334e-06
conditional-fit-0003,axis4_reasoning_termination,781,2.2622412882996603e-06
conditional-fit-0003,axis4_reasoning_termination,782,0.0002761625815518539
conditional-fit-0003,axis4_reasoning_termination,783,0.0003165343528724032
conditional-fit-0003,axis4_reasoning_termination,784,0.0003900433839967608
conditional-fit-0003,axis4_reasoning_termination,785,1.4431183130989749e-05
conditional-fit-0003,axis4_reasoning_termination,786,0.004773869429922921
conditional-fit-0003,axis4_reasoning_termination,787,0.01708079094041204
conditional-fit-0003,axis4_reasoning_termination,788,0.002010681443366724
conditional-fit-0003,axis4_reasoning_termination,789,0.3474115158586769
conditional-fit-0003,axis4_reasoning_termination,790,0.015085418414084624
conditional-fit-0003,axis4_reasoning_termination,791,4.257999682291517e-05
conditional-fit-0003,axis4_reasoning_termination,792,0.02521685164174945
conditional-fit-0003,axis4_reasoning_termination,793,1.0178430647740052e-05
conditional-fit-0003,axis4_reasoning_termination,794,0.0001502100601733539
conditional-fit-0003,axis4_reasoning_termination,795,4.2079229757744075e-06
conditional-fit-0003,axis4_reasoning_termination,796,1.8994140875676444e-06
conditional-fit-0003,axis4_reasoning_termination,797,0.002600023322032961
conditional-fit-0003,axis4_reasoning_termination,798,1.9554028196156818e-05
conditional-fit-0003,axis4_reasoning_termination,799,2.7831773492209856e-05
conditional-fit-0003,axis4_reasoning_termination,800,2.3963147376690456e-05
conditional-fit-0003,axis4_reasoning_termination,801,7.860631528969119e-05
conditional-fit-0003,axis4_reasoning_termination,802,1.3741416769464162e-07
conditional-fit-0003,axis4_reasoning_termination,803,1.2765969650294378e-05
conditional-fit-0003,axis4_reasoning_termination,804,4.067959886681766e-05
conditional-fit-0003,axis4_reasoning_termination,805,5.6724464857409586e-05
conditional-fit-0003,axis4_reasoning_termination,806,0.00025896424873645107
conditional-fit-0003,axis4_reasoning_termination,807,8.582039048383185e-06
conditional-fit-0003,axis4_reasoning_termination,808,9.317418277147003e-06
conditional-fit-0003,axis4_reasoning_termination,809,2.6193496089668732e-05
conditional-fit-0003,axis4_reasoning_termination,810,4.1211072185529846e-06
conditional-fit-0003,axis4_reasoning_termination,811,5.1073156956171385e-05
conditional-fit-0003,axis4_reasoning_termination,812,0.0010331254813929357
conditional-fit-0003,axis4_reasoning_termination,813,0.00583196201980037
conditional-fit-0003,axis4_reasoning_termination,814,0.009245270169342087
conditional-fit-0003,axis4_reasoning_termination,815,0.0019361022344577274
conditional-fit-0003,axis4_reasoning_termination,816,0.0012710865404599635
conditional-fit-0003,axis4_reasoning_termination,817,9.908026788030917e-05
conditional-fit-0003,axis4_reasoning_termination,818,4.503440873518376e-05
conditional-fit-0003,axis4_reasoning_termination,819,7.074820217205179e-05
conditional-fit-0003,axis4_reasoning_termination,820,4.437627944151441e-06
conditional-fit-0003,axis4_reasoning_termination,821,0.00012053112549046347
conditional-fit-0003,axis4_reasoning_termination,822,5.746680760467553e-06
conditional-fit-0003,axis4_reasoning_termination,823,1.3288008252168909e-05
conditional-fit-0003,axis4_reasoning_termination,824,1.1025849125365204e-05
conditional-fit-0003,axis4_reasoning_termination,825,0.00020965073648980634
conditional-fit-0003,axis4_reasoning_termination,826,4.1854648131973075e-05
conditional-fit-0003,axis4_reasoning_termination,827,1.8484403628115744e-05
conditional-fit-0003,axis4_reasoning_termination,828,4.44970244999204e-06
conditional-fit-0003,axis4_reasoning_termination,829,1.5655052506762113e-05
conditional-fit-0003,axis4_reasoning_termination,830,9.27030091485511e-06
conditional-fit-0003,axis4_reasoning_termination,831,1.1138521656073328e-05
conditional-fit-0003,axis4_reasoning_termination,832,1.3072778208730146e-06
conditional-fit-0003,axis4_reasoning_termination,833,7.898512852851403e-06
conditional-fit-0003,axis4_reasoning_termination,834,1.6932211704020026e-06
conditional-fit-0003,axis4_reasoning_termination,835,0.0004058160559851699
conditional-fit-0003,axis4_reasoning_termination,836,1.0320133816804596e-05
conditional-fit-0003,axis4_reasoning_termination,837,1.299995411143079e-06
conditional-fit-0003,axis4_reasoning_termination,838,5.4542414075891204e-05
conditional-fit-0003,axis4_reasoning_termination,839,6.340836539816542e-06
conditional-fit-0003,axis4_reasoning_termination,840,4.146081463380828e-05
conditional-fit-0003,axis4_reasoning_termination,841,0.0009012633326326784
conditional-fit-0003,axis4_reasoning_termination,842,7.899694562320247e-06
conditional-fit-0003,axis4_reasoning_termination,843,0.015614862342125484
conditional-fit-0003,axis4_reasoning_termination,844,0.06620988303319691
conditional-fit-0003,axis4_reasoning_termination,845,0.0010723308049695494
conditional-fit-0003,axis4_reasoning_termination,846,0.21946206736305823
conditional-fit-0003,axis4_reasoning_termination,847,0.0193075423837874
conditional-fit-0003,axis4_reasoning_termination,848,1.9537642347367316e-05
conditional-fit-0003,axis4_reasoning_termination,849,8.688909123862031e-05
conditional-fit-0003,axis4_reasoning_termination,850,1.3820883105659278e-05
conditional-fit-0003,axis4_reasoning_termination,851,0.008752204951458339
conditional-fit-0003,axis4_reasoning_termination,852,4.385851571687134e-05
conditional-fit-0003,axis4_reasoning_termination,853,0.0003523864978910312
conditional-fit-0003,axis4_reasoning_termination,854,0.000291646229558652
conditional-fit-0003,axis4_reasoning_termination,855,2.840640446809494e-05
conditional-fit-0003,axis4_reasoning_termination,856,0.0025673480089629525
conditional-fit-0003,axis4_reasoning_termination,857,0.004066465012420824
conditional-fit-0003,axis4_reasoning_termination,858,0.035285859998108515
conditional-fit-0003,axis4_reasoning_termination,859,0.010416764778428367
conditional-fit-0003,axis4_reasoning_termination,860,0.00039823193353129705
conditional-fit-0003,axis4_reasoning_termination,861,3.427438706556075e-05
conditional-fit-0003,axis4_reasoning_termination,862,0.0013216354360740437
conditional-fit-0003,axis4_reasoning_termination,863,1.8732968334959115e-05
conditional-fit-0003,axis4_reasoning_termination,864,3.6196064454837147e-06
conditional-fit-0003,axis4_reasoning_termination,865,2.3627989016862408e-05
conditional-fit-0003,axis4_reasoning_termination,866,6.021433946663585e-07
conditional-fit-0003,axis4_reasoning_termination,867,3.0376718657529823e-05
conditional-fit-0003,axis4_reasoning_termination,868,5.432165972566671e-06
conditional-fit-0003,axis4_reasoning_termination,869,1.5347399761222993e-06
conditional-fit-0003,axis4_reasoning_termination,870,1.1726661684760068e-06
conditional-fit-0003,axis4_reasoning_termination,871,8.873246751096816e-06
conditional-fit-0003,axis4_reasoning_termination,872,4.923275666426481e-05
conditional-fit-0003,axis4_reasoning_termination,873,8.554897466901264e-05
conditional-fit-0003,axis4_reasoning_termination,874,1.274373895185182e-06
conditional-fit-0003,axis4_reasoning_termination,875,0.00032357056757824175
conditional-fit-0003,axis4_reasoning_termination,876,5.735709129701523e-06
conditional-fit-0003,axis4_reasoning_termination,877,3.4586310044372096e-06
conditional-fit-0003,axis4_reasoning_termination,878,6.902504362154566e-06
conditional-fit-0003,axis4_reasoning_termination,879,6.840183019016211e-06
conditional-fit-0003,axis4_reasoning_termination,880,7.810944743050655e-07
conditional-fit-0003,axis4_reasoning_termination,881,0.00035302580328380447
conditional-fit-0003,axis4_reasoning_termination,882,1.5345832583940718e-05
conditional-fit-0003,axis4_reasoning_termination,883,5.179432720606241e-05
conditional-fit-0003,axis4_reasoning_termination,884,4.537674726572672e-05
conditional-fit-0003,axis4_reasoning_termination,885,8.071652271975023e-06
conditional-fit-0003,axis4_reasoning_termination,886,4.875734548342706e-05
conditional-fit-0003,axis4_reasoning_termination,887,2.270664031249576e-06
conditional-fit-0003,axis4_reasoning_termination,888,2.8718473888923127e-05
conditional-fit-0003,axis4_reasoning_termination,889,0.0016787376849167627
conditional-fit-0003,axis4_reasoning_termination,890,3.345685943014329e-05
conditional-fit-0003,axis4_reasoning_termination,891,0.02474523321133302
conditional-fit-0003,axis4_reasoning_termination,892,0.01598748584984773
conditional-fit-0003,axis4_reasoning_termination,893,0.0696543624869301
conditional-fit-0003,axis4_reasoning_termination,894,0.00031359450691942993
conditional-fit-0003,axis4_reasoning_termination,895,0.12552055988222688
conditional-fit-0003,axis4_reasoning_termination,896,0.04111678514016574
conditional-fit-0003,axis4_reasoning_termination,897,1.036296508500186e-05
conditional-fit-0003,axis4_reasoning_termination,898,0.00016422366785838997
conditional-fit-0003,axis4_reasoning_termination,899,5.730666563537665e-05
conditional-fit-0003,axis4_reasoning_termination,900,0.015494380945649009
conditional-fit-0003,axis4_reasoning_termination,901,2.6318146587426494e-05
conditional-fit-0003,axis4_reasoning_termination,902,7.877045588485623e-06
conditional-fit-0003,axis4_reasoning_termination,903,6.277439721542889e-05
conditional-fit-0003,axis4_reasoning_termination,904,2.2205992225753906e-05
conditional-fit-0003,axis4_reasoning_termination,905,0.0014754710202135445
conditional-fit-0003,axis4_reasoning_termination,906,0.0007097181170305294
conditional-fit-0003,axis4_reasoning_termination,907,0.000557276968226801
conditional-fit-0003,axis4_reasoning_termination,908,4.862101192851517e-05
conditional-fit-0003,axis4_reasoning_termination,909,3.022610934111765e-06
conditional-fit-0003,axis4_reasoning_termination,910,8.960897854173893e-05
conditional-fit-0003,axis4_reasoning_termination,911,1.602921650048264e-05
conditional-fit-0003,axis4_reasoning_termination,912,1.8818090707540622e-06
conditional-fit-0003,axis4_reasoning_termination,913,3.780370563586717e-07
conditional-fit-0003,axis4_reasoning_termination,914,3.982326044033365e-06
conditional-fit-0003,axis4_reasoning_termination,915,5.40914980794406e-06
conditional-fit-0003,axis4_reasoning_termination,916,0.00042457457608558184
conditional-fit-0003,axis4_reasoning_termination,917,2.2657129822033026e-07
conditional-fit-0003,axis4_reasoning_termination,918,2.9019880354999987e-06
conditional-fit-0003,axis4_reasoning_termination,919,6.515946598861151e-07
conditional-fit-0003,axis4_reasoning_termination,920,1.76411106097571e-06
conditional-fit-0003,axis4_reasoning_termination,921,4.872400061861626e-06
conditional-fit-0003,axis4_reasoning_termination,922,1.0307617501509823e-05
conditional-fit-0003,axis4_reasoning_termination,923,3.670173313404158e-05
conditional-fit-0003,axis4_reasoning_termination,924,3.603246153911983e-05
conditional-fit-0003,axis4_reasoning_termination,925,2.834063611563491e-08
conditional-fit-0003,axis4_reasoning_termination,926,2.8528310425495374e-06
conditional-fit-0003,axis4_reasoning_termination,927,4.189093008830723e-05
conditional-fit-0003,axis4_reasoning_termination,928,8.911308485976703e-06
conditional-fit-0003,axis4_reasoning_termination,929,0.0002263250232974515
conditional-fit-0003,axis4_reasoning_termination,930,5.314570916443427e-06
conditional-fit-0003,axis4_reasoning_termination,931,0.005883074807829119
conditional-fit-0003,axis4_reasoning_termination,932,0.009324158279162572
conditional-fit-0003,axis4_reasoning_termination,933,0.00017937679047459312
conditional-fit-0003,axis4_reasoning_termination,934,0.046570529125406664
conditional-fit-0003,axis4_reasoning_termination,935,0.008866653677381552
conditional-fit-0003,axis4_reasoning_termination,936,7.630863636396152e-06
conditional-fit-0003,axis4_reasoning_termination,937,0.00018666591801639142
conditional-fit-0003,axis4_reasoning_termination,938,4.390917972796318e-06
conditional-fit-0003,axis4_reasoning_termination,939,0.006509845318275229
conditional-fit-0003,axis4_reasoning_termination,940,2.1270087112268612e-05
conditional-fit-0003,axis4_reasoning_termination,941,1.9789932457755387e-06
conditional-fit-0003,axis4_reasoning_termination,942,7.257136858499585e-05
conditional-fit-0003,axis4_reasoning_termination,943,3.348861412020952e-05
conditional-fit-0003,axis4_reasoning_termination,944,0.0020241274972152227
conditional-fit-0003,axis4_reasoning_termination,945,0.0006988942733666631
conditional-fit-0003,axis4_reasoning_termination,946,0.0014586261560374913
conditional-fit-0003,axis4_reasoning_termination,947,0.00011686203762597722
conditional-fit-0003,axis4_reasoning_termination,948,6.8780940706058845e-06
conditional-fit-0003,axis4_reasoning_termination,949,0.0003276551704828958
conditional-fit-0003,axis4_reasoning_termination,950,7.081855561301987e-05
conditional-fit-0003,axis4_reasoning_termination,951,1.680154032565626e-05
conditional-fit-0003,axis4_reasoning_termination,952,1.2161585068773362e-05
conditional-fit-0003,axis4_reasoning_termination,953,1.5125769494020207e-05
conditional-fit-0003,axis4_reasoning_termination,954,9.677243537526432e-07
conditional-fit-0003,axis4_reasoning_termination,955,1.7425011744526372e-05
conditional-fit-0003,axis4_reasoning_termination,956,1.9845430091781156e-07
conditional-fit-0003,axis4_reasoning_termination,957,5.132538847757129e-07
conditional-fit-0003,axis4_reasoning_termination,958,3.13581547891742e-07
conditional-fit-0003,axis4_reasoning_termination,959,4.499087709132404e-06
conditional-fit-0003,axis4_reasoning_termination,960,1.5959133877900835e-06
conditional-fit-0003,axis4_reasoning_termination,961,8.017996854008165e-06
conditional-fit-0003,axis4_reasoning_termination,962,1.078839095367239e-05
conditional-fit-0003,axis4_reasoning_termination,963,2.1810213797986825e-05
conditional-fit-0003,axis4_reasoning_termination,964,8.379666629471569e-08
conditional-fit-0003,axis4_reasoning_termination,965,3.0691656837965937e-06
conditional-fit-0003,axis4_reasoning_termination,966,1.5969641658819132e-05
conditional-fit-0003,axis4_reasoning_termination,967,5.831070034468417e-06
conditional-fit-0003,axis4_reasoning_termination,968,0.0002530391278891754
conditional-fit-0003,axis4_reasoning_termination,969,3.6020913514886663e-06
conditional-fit-0003,axis4_reasoning_termination,970,0.007443116589256381
conditional-fit-0003,axis4_reasoning_termination,971,0.0054859417262858624
conditional-fit-0003,axis4_reasoning_termination,972,0.050928525031983
conditional-fit-0003,axis4_reasoning_termination,973,0.0001476082871719558
conditional-fit-0003,axis4_reasoning_termination,974,0.08622796214503856
conditional-fit-0003,axis4_reasoning_termination,975,0.01074731846517487
conditional-fit-0003,axis4_reasoning_termination,976,3.0885525315345034e-06
conditional-fit-0003,axis4_reasoning_termination,977,0.0015914685826350593
conditional-fit-0003,axis4_reasoning_termination,978,3.655789485308102e-05
conditional-fit-0003,axis4_reasoning_termination,979,0.007045541799578468
conditional-fit-0003,axis4_reasoning_termination,980,9.967109457185457e-06
conditional-fit-0003,axis4_reasoning_termination,981,6.943421381461828e-07
conditional-fit-0003,axis4_reasoning_termination,982,6.248240700619673e-05
conditional-fit-0003,axis4_reasoning_termination,983,9.427862409106907e-05
conditional-fit-0003,axis4_reasoning_termination,984,0.0011510451213525238
conditional-fit-0003,axis4_reasoning_termination,985,0.003343374936436991
conditional-fit-0003,axis4_reasoning_termination,986,0.0008625327316740628
conditional-fit-0003,axis4_reasoning_termination,987,4.504701249576525e-05
conditional-fit-0003,axis4_reasoning_termination,988,8.049398668315776e-06
conditional-fit-0003,axis4_reasoning_termination,989,0.00016227181868496058
conditional-fit-0003,axis4_reasoning_termination,990,5.1025230208382366e-05
conditional-fit-0003,axis4_reasoning_termination,991,2.9737364866198558e-06
conditional-fit-0003,axis4_reasoning_termination,992,1.0266597676335398e-05
conditional-fit-0003,axis4_reasoning_termination,993,1.568125612738685e-05
conditional-fit-0003,axis4_reasoning_termination,994,2.6551815766661157e-06
conditional-fit-0003,axis4_reasoning_termination,995,6.147034557168717e-05
conditional-fit-0003,axis4_reasoning_termination,996,3.6164235885794875e-07
conditional-fit-0003,axis4_reasoning_termination,997,2.049335043014575e-06
conditional-fit-0003,axis4_reasoning_termination,998,2.453538571589804e-07
conditional-fit-0003,axis4_reasoning_termination,999,2.8161090984235693e-05
conditional-fit-0003,axis4_reasoning_termination,1000,9.809675267532697e-06
conditional-fit-0003,axis4_reasoning_termination,1001,4.866497013886894e-06
conditional-fit-0003,axis4_reasoning_termination,1002,1.4215807763314006e-05
conditional-fit-0003,axis4_reasoning_termination,1003,2.269393837224533e-05
conditional-fit-0003,axis4_reasoning_termination,1004,2.6808615724296907e-07
conditional-fit-0003,axis4_reasoning_termination,1005,1.8395783542013958e-05
conditional-fit-0003,axis4_reasoning_termination,1006,1.80144382763071e-05
conditional-fit-0003,axis4_reasoning_termination,1007,2.335554897985716e-05
conditional-fit-0003,axis4_reasoning_termination,1008,0.00024507499831712945
conditional-fit-0003,axis4_reasoning_termination,1009,1.462360626553601e-05
conditional-fit-0003,axis4_reasoning_termination,1010,0.002919226444110199
conditional-fit-0003,axis4_reasoning_termination,1011,0.01829917245995985
conditional-fit-0003,axis4_reasoning_termination,1012,0.0003137642491144408
conditional-fit-0003,axis4_reasoning_termination,1013,0.038276983566498626
conditional-fit-0003,axis4_reasoning_termination,1014,0.004647181011222681
conditional-fit-0003,axis4_reasoning_termination,1015,6.53334269744176e-06
conditional-fit-0003,axis4_reasoning_termination,1016,0.0001926468986378075
conditional-fit-0003,axis4_reasoning_termination,1017,8.974742036241214e-07
conditional-fit-0003,axis4_reasoning_termination,1018,0.0062662544090872595
conditional-fit-0003,axis4_reasoning_termination,1019,0.0001207942348144726
conditional-fit-0003,axis4_reasoning_termination,1020,6.922854584423408e-06
conditional-fit-0003,axis4_reasoning_termination,1021,2.207599489327391e-05
conditional-fit-0003,axis4_reasoning_termination,1022,0.000763647661703416
conditional-fit-0003,axis4_reasoning_termination,1023,0.0013485670617830164
conditional-fit-0003,axis4_reasoning_termination,1024,0.0002589935085423681
conditional-fit-0003,axis4_reasoning_termination,1025,2.4337756862214687e-05
conditional-fit-0003,axis4_reasoning_termination,1026,3.567941350810185e-06
conditional-fit-0003,axis4_reasoning_termination,1027,0.0003245631152875064
conditional-fit-0003,axis4_reasoning_termination,1028,1.127300598249446e-06
conditional-fit-0003,axis4_reasoning_termination,1029,1.158139450387281e-06
conditional-fit-0003,axis4_reasoning_termination,1030,8.744176354214592e-06
conditional-fit-0003,axis4_reasoning_termination,1031,6.786991646253025e-07
conditional-fit-0003,axis4_reasoning_termination,1032,1.7616487130599307e-06
conditional-fit-0003,axis4_reasoning_termination,1033,7.034497925676487e-07
conditional-fit-0003,axis4_reasoning_termination,1034,2.9802107416467784e-06
conditional-fit-0003,axis4_reasoning_termination,1035,2.1049937752126146e-05
conditional-fit-0003,axis4_reasoning_termination,1036,3.3398023253830063e-06
conditional-fit-0003,axis4_reasoning_termination,1037,0.0018961899984916788
conditional-fit-0003,axis4_reasoning_termination,1038,6.685763369009616e-07
conditional-fit-0003,axis4_reasoning_termination,1039,7.096947279880327e-07
conditional-fit-0003,axis4_reasoning_termination,1040,4.628179512771984e-06
conditional-fit-0003,axis4_reasoning_termination,1041,3.837098611198653e-06
conditional-fit-0003,axis4_reasoning_termination,1042,8.094713086092503e-06
conditional-fit-0003,axis4_reasoning_termination,1043,4.46350193176924e-05
conditional-fit-0003,axis4_reasoning_termination,1044,1.3958187750040821e-06
conditional-fit-0003,axis4_reasoning_termination,1045,1.156540817953704e-06
conditional-fit-0003,axis4_reasoning_termination,1046,6.030524017486562e-07
conditional-fit-0003,axis4_reasoning_termination,1047,5.934736989495636e-06
conditional-fit-0003,axis4_reasoning_termination,1048,1.1125584067052773e-05
conditional-fit-0003,axis4_reasoning_termination,1049,3.067022922089581e-06
conditional-fit-0003,axis4_reasoning_termination,1050,2.1333682820209227e-06
conditional-fit-0003,axis4_reasoning_termination,1051,4.998200850126992e-07
conditional-fit-0003,axis4_reasoning_termination,1052,8.691107323623132e-06
conditional-fit-0003,axis4_reasoning_termination,1053,7.376595756242603e-06
conditional-fit-0003,axis4_reasoning_termination,1054,1.4799149194660562e-06
conditional-fit-0003,axis4_reasoning_termination,1055,8.838336639486688e-05
conditional-fit-0003,axis4_reasoning_termination,1056,3.04493199194237e-06
conditional-fit-0003,axis4_reasoning_termination,1057,5.103789286026209e-07
conditional-fit-0003,axis4_reasoning_termination,1058,7.374559381735728e-06
conditional-fit-0003,axis4_reasoning_termination,1059,5.474526086801518e-06
conditional-fit-0003,axis4_reasoning_termination,1060,4.333418213670997e-06
conditional-fit-0003,axis4_reasoning_termination,1061,4.378068498263604e-06
conditional-fit-0003,axis4_reasoning_termination,1062,1.2305777392033404e-06
conditional-fit-0003,axis4_reasoning_termination,1063,6.111387115389773e-05
conditional-fit-0003,axis4_reasoning_termination,1064,5.604323273563798e-05
conditional-fit-0003,axis4_reasoning_termination,1065,4.232362171659101e-05
conditional-fit-0003,axis4_reasoning_termination,1066,1.6254316709155186e-06
conditional-fit-0003,axis4_reasoning_termination,1067,0.0033878791589358513
conditional-fit-0003,axis4_reasoning_termination,1068,0.11670474240076703
conditional-fit-0003,axis4_reasoning_termination,1069,0.0001440480115324261
conditional-fit-0003,axis4_reasoning_termination,1070,0.09171109959606952
conditional-fit-0003,axis4_reasoning_termination,1071,0.007903067579360268
conditional-fit-0003,axis4_reasoning_termination,1072,5.476108252285736e-06
conditional-fit-0003,axis4_reasoning_termination,1073,0.0001485313885399343
conditional-fit-0003,axis4_reasoning_termination,1074,3.0959996126101097e-06
conditional-fit-0003,axis4_reasoning_termination,1075,0.0021493804569837245
conditional-fit-0003,axis4_reasoning_termination,1076,9.086732854099135e-06
conditional-fit-0003,axis4_reasoning_termination,1077,1.92268356415025e-07
conditional-fit-0003,axis4_reasoning_termination,1078,4.384372343582434e-05
conditional-fit-0003,axis4_reasoning_termination,1079,1.8269614787484648e-05
conditional-fit-0003,axis4_reasoning_termination,1080,0.0001328065376401791
conditional-fit-0003,axis4_reasoning_termination,1081,0.0004971131508787974
conditional-fit-0003,axis4_reasoning_termination,1082,0.0004107399215500135
conditional-fit-0003,axis4_reasoning_termination,1083,2.3883697475442814e-05
conditional-fit-0003,axis4_reasoning_termination,1084,1.08041163586823e-05
conditional-fit-0003,axis4_reasoning_termination,1085,3.856978692151752e-05
conditional-fit-0003,axis4_reasoning_termination,1086,5.1288543239988937e-05
conditional-fit-0003,axis4_reasoning_termination,1087,1.4039602243444803e-05
conditional-fit-0003,axis4_reasoning_termination,1088,1.89153600975992e-05
conditional-fit-0003,axis4_reasoning_termination,1089,2.131657022644685e-05
conditional-fit-0003,axis4_reasoning_termination,1090,1.0430564776931955e-06
conditional-fit-0003,axis4_reasoning_termination,1091,6.011138676119006e-05
conditional-fit-0003,axis4_reasoning_termination,1092,1.053700465845433e-06
conditional-fit-0003,axis4_reasoning_termination,1093,1.5047982874448312e-06
conditional-fit-0003,axis4_reasoning_termination,1094,8.865970477406679e-07
conditional-fit-0003,axis4_reasoning_termination,1095,4.377807762728631e-06
conditional-fit-0003,axis4_reasoning_termination,1096,4.72618111042589e-06
conditional-fit-0003,axis4_reasoning_termination,1097,1.4261097953911668e-05
conditional-fit-0003,axis4_reasoning_termination,1098,1.559416928933121e-05
conditional-fit-0003,axis4_reasoning_termination,1099,3.7436704135945887e-06
conditional-fit-0003,axis4_reasoning_termination,1100,4.513093316753418e-08
conditional-fit-0003,axis4_reasoning_termination,1101,1.6922770466960326e-06
conditional-fit-0003,axis4_reasoning_termination,1102,1.3854730881106942e-05
conditional-fit-0003,axis4_reasoning_termination,1103,1.5323621294332275e-05
conditional-fit-0003,axis4_reasoning_termination,1104,0.0003004236272495409
conditional-fit-0003,axis4_reasoning_termination,1105,3.5567465668781677e-06
conditional-fit-0003,axis4_reasoning_termination,1106,0.0028783271373079575
conditional-fit-0003,axis4_reasoning_termination,1107,0.0313072237270834
conditional-fit-0003,axis4_reasoning_termination,1108,0.00015199759335431673
conditional-fit-0003,axis4_reasoning_termination,1109,0.04434489774250109
conditional-fit-0003,axis4_reasoning_termination,1110,0.01957240058563625
conditional-fit-0003,axis4_reasoning_termination,1111,1.9933632065633347e-05
conditional-fit-0003,axis4_reasoning_termination,1112,0.002795160784871017
conditional-fit-0003,axis4_reasoning_termination,1113,0.00010896161277249647
conditional-fit-0003,axis4_reasoning_termination,1114,3.081408406539576e-06
conditional-fit-0003,axis4_reasoning_termination,1115,9.810562866328485e-06
conditional-fit-0003,axis4_reasoning_termination,1116,5.961825066653063e-06
conditional-fit-0003,axis4_reasoning_termination,1117,3.364986333001452e-06
conditional-fit-0003,axis4_reasoning_termination,1118,1.6977972700810237e-06
conditional-fit-0003,axis4_reasoning_termination,1119,6.403818945032022e-06
conditional-fit-0003,axis4_reasoning_termination,1120,9.41469878312799e-06
conditional-fit-0003,axis4_reasoning_termination,1121,6.338962618994876e-06
conditional-fit-0003,axis4_reasoning_termination,1122,3.4913109933939265e-06
conditional-fit-0003,axis4_reasoning_termination,1123,9.165250208091982e-05
conditional-fit-0003,axis4_reasoning_termination,1124,1.832281931334533e-05
conditional-fit-0003,axis4_reasoning_termination,1125,4.4663132944140135e-05
conditional-fit-0003,axis4_reasoning_termination,1126,5.610662563050325e-06
conditional-fit-0003,axis4_reasoning_termination,1127,4.074269532649038e-05
conditional-fit-0003,axis4_reasoning_termination,1128,3.5659221980681156e-05
conditional-fit-0003,axis4_reasoning_termination,1129,1.3141946891195681e-05
conditional-fit-0003,axis4_reasoning_termination,1130,0.0008739551752305514
conditional-fit-0003,axis4_reasoning_termination,1131,0.0005660813051232961
conditional-fit-0003,axis4_reasoning_termination,1132,0.0006900107739149383
conditional-fit-0003,axis4_reasoning_termination,1133,3.927596612213456e-06
conditional-fit-0003,axis4_reasoning_termination,1134,2.0962138997000114e-07
conditional-fit-0003,axis4_reasoning_termination,1135,8.207067720133977e-06
conditional-fit-0003,axis4_reasoning_termination,1136,1.1579986226312628e-06
conditional-fit-0003,axis4_reasoning_termination,1137,3.4286447928717936e-07
conditional-fit-0003,axis4_reasoning_termination,1138,4.810221928442857e-06
conditional-fit-0003,axis4_reasoning_termination,1139,1.4885804072999502e-06
conditional-fit-0003,axis4_reasoning_termination,1140,7.911459381174596e-07
conditional-fit-0003,axis4_reasoning_termination,1141,9.411155270509527e-08
conditional-fit-0003,axis4_reasoning_termination,1142,7.654000332384668e-06
conditional-fit-0003,axis4_reasoning_termination,1143,1.186079792932335e-07
conditional-fit-0003,axis4_reasoning_termination,1144,6.360478737747038e-07
conditional-fit-0003,axis4_reasoning_termination,1145,1.4618396327534935e-06
conditional-fit-0003,axis4_reasoning_termination,1146,2.963656270048591e-06
conditional-fit-0003,axis4_reasoning_termination,1147,1.4311018919656798e-05
conditional-fit-0003,axis4_reasoning_termination,1148,0.0001253445055061025
conditional-fit-0003,axis4_reasoning_termination,1149,2.1878317129374413e-06
conditional-fit-0003,axis4_reasoning_termination,1150,2.0896164793357834e-06
conditional-fit-0003,axis4_reasoning_termination,1151,1.4560932792747398e-06
conditional-fit-0003,axis4_reasoning_termination,1152,3.116956398407614e-05
conditional-fit-0003,axis4_reasoning_termination,1153,1.879837788840268e-05
conditional-fit-0003,axis4_reasoning_termination,1154,1.3485020411412423e-06
conditional-fit-0003,axis4_reasoning_termination,1155,4.0012568426416817e-07
conditional-fit-0003,axis4_reasoning_termination,1156,3.911899180775815e-07
conditional-fit-0003,axis4_reasoning_termination,1157,2.283692385919072e-06
conditional-fit-0003,axis4_reasoning_termination,1158,2.353845169825206e-06
conditional-fit-0003,axis4_reasoning_termination,1159,5.47799764251161e-07
conditional-fit-0003,axis4_reasoning_termination,1160,6.802195191297365e-06
conditional-fit-0003,axis4_reasoning_termination,1161,3.3059312539754933e-06
conditional-fit-0003,axis4_reasoning_termination,1162,5.045845846599219e-07
conditional-fit-0003,axis4_reasoning_termination,1163,4.09620993534736e-06
conditional-fit-0003,axis4_reasoning_termination,1164,2.6021969759696282e-06
conditional-fit-0003,axis4_reasoning_termination,1165,2.2621842133272956e-06
conditional-fit-0003,axis4_reasoning_termination,1166,1.1184680995485334e-06
conditional-fit-0003,axis4_reasoning_termination,1167,6.018197474052917e-07
conditional-fit-0003,axis4_reasoning_termination,1168,2.5504948070124494e-05
conditional-fit-0003,axis4_reasoning_termination,1169,9.890024809328381e-05
conditional-fit-0003,axis4_reasoning_termination,1170,0.00046217910169021875
conditional-fit-0003,axis4_reasoning_termination,1171,1.8457564497877619e-06
conditional-fit-0003,axis4_reasoning_termination,1172,0.003776650794490861
conditional-fit-0003,axis4_reasoning_termination,1173,0.0335690816411809
conditional-fit-0003,axis4_reasoning_termination,1174,0.00013930626262485314
conditional-fit-0003,axis4_reasoning_termination,1175,0.23258975342626959
conditional-fit-0003,axis4_reasoning_termination,1176,0.005079653590170631
conditional-fit-0003,axis4_reasoning_termination,1177,5.74422446176613e-05
conditional-fit-0003,axis4_reasoning_termination,1178,0.00318414375215177
conditional-fit-0003,axis4_reasoning_termination,1179,3.1890657802355057e-06
conditional-fit-0003,axis4_reasoning_termination,1180,3.173444674853954e-06
conditional-fit-0003,axis4_reasoning_termination,1181,1.5476273176078633e-05
conditional-fit-0003,axis4_reasoning_termination,1182,1.991763737480383e-06
conditional-fit-0003,axis4_reasoning_termination,1183,1.824368137568579e-05
conditional-fit-0003,axis4_reasoning_termination,1184,8.230215920726723e-06
conditional-fit-0003,axis4_reasoning_termination,1185,2.555306482610136e-06
conditional-fit-0003,axis4_reasoning_termination,1186,2.7238291380072588e-06
conditional-fit-0003,axis4_reasoning_termination,1187,2.888280756826785e-06
conditional-fit-0003,axis4_reasoning_termination,1188,7.989075034593352e-06
conditional-fit-0003,axis4_reasoning_termination,1189,1.4120937246093713e-06
conditional-fit-0003,axis4_reasoning_termination,1190,5.230576408364199e-07
conditional-fit-0003,axis4_reasoning_termination,1191,5.16646976810325e-05
conditional-fit-0003,axis4_reasoning_termination,1192,2.1343695842167166e-05
conditional-fit-0003,axis4_reasoning_termination,1193,1.4100491894136812e-05
conditional-fit-0003,axis4_reasoning_termination,1194,3.4480994281909527e-06
conditional-fit-0003,axis4_reasoning_termination,1195,2.7160880048354185e-05
conditional-fit-0003,axis4_reasoning_termination,1196,0.00012215687396342716
conditional-fit-0003,axis4_reasoning_termination,1197,1.1195687416494702e-05
conditional-fit-0003,axis4_reasoning_termination,1198,0.0005899358920726371
conditional-fit-0003,axis4_reasoning_termination,1199,0.0014093819848112145
conditional-fit-0003,axis4_reasoning_termination,1200,0.001582862831540162
conditional-fit-0003,axis4_reasoning_termination,1201,2.904325394515148e-05
conditional-fit-0003,axis4_reasoning_termination,1202,5.491693090765616e-07
conditional-fit-0003,axis4_reasoning_termination,1203,5.531715216371332e-06
conditional-fit-0003,axis4_reasoning_termination,1204,8.270891322697377e-07
conditional-fit-0003,axis4_reasoning_termination,1205,1.850139077299389e-05
conditional-fit-0003,axis4_reasoning_termination,1206,2.2506196466735797e-06
conditional-fit-0003,axis4_reasoning_termination,1207,2.7559271736037223e-06
conditional-fit-0003,axis4_reasoning_termination,1208,4.1544771491280766e-05
conditional-fit-0003,axis4_reasoning_termination,1209,3.6868848078902535e-06
conditional-fit-0003,axis4_reasoning_termination,1210,6.896746257931402e-07
conditional-fit-0003,axis4_reasoning_termination,1211,7.116275003271342e-06
conditional-fit-0003,axis4_reasoning_termination,1212,3.526044033968021e-06
conditional-fit-0003,axis4_reasoning_termination,1213,1.827750028351843e-05
conditional-fit-0003,axis4_reasoning_termination,1214,1.1799493889854463e-06
conditional-fit-0003,axis4_reasoning_termination,1215,4.75660106774304e-07
conditional-fit-0003,axis4_reasoning_termination,1216,7.965484801224951e-07
conditional-fit-0003,axis4_reasoning_termination,1217,1.4332460697337452e-07
conditional-fit-0003,axis4_reasoning_termination,1218,9.139190822375133e-07
conditional-fit-0003,axis4_reasoning_termination,1219,5.693256800575203e-05
conditional-fit-0003,axis4_reasoning_termination,1220,3.3633746298709684e-06
conditional-fit-0003,axis4_reasoning_termination,1221,6.375779670573035e-06
conditional-fit-0003,axis4_reasoning_termination,1222,1.3458244935723382e-05
conditional-fit-0003,axis4_reasoning_termination,1223,1.0000407995787334e-06
conditional-fit-0003,axis4_reasoning_termination,1224,1.6287615648213963e-05
conditional-fit-0003,axis4_reasoning_termination,1225,1.567409135645472e-06
conditional-fit-0003,axis4_reasoning_termination,1226,4.7013232671859635e-06
conditional-fit-0003,axis4_reasoning_termination,1227,0.00023997534517957778
conditional-fit-0003,axis4_reasoning_termination,1228,3.3785313896493157e-06
conditional-fit-0003,axis4_reasoning_termination,1229,0.0068060426408840646
conditional-fit-0003,axis4_reasoning_termination,1230,0.010166409283706915
conditional-fit-0003,axis4_reasoning_termination,1231,0.07731839642998134
conditional-fit-0003,axis4_reasoning_termination,1232,3.880672665455043e-05
conditional-fit-0003,axis4_reasoning_termination,1233,0.02919062595910842
conditional-fit-0003,axis4_reasoning_termination,1234,0.02124974998360793
conditional-fit-0003,axis4_reasoning_termination,1235,7.002202294017134e-05
conditional-fit-0003,axis4_reasoning_termination,1236,0.0009552673154296356
conditional-fit-0003,axis4_reasoning_termination,1237,2.5117610859169387e-05
conditional-fit-0003,axis4_reasoning_termination,1238,1.791293302548125e-06
conditional-fit-0003,axis4_reasoning_termination,1239,8.261540914337536e-06
conditional-fit-0003,axis4_reasoning_termination,1240,7.650694415792114e-06
conditional-fit-0003,axis4_reasoning_termination,1241,9.19502240840257e-07
conditional-fit-0003,axis4_reasoning_termination,1242,1.4324363929480964e-06
conditional-fit-0003,axis4_reasoning_termination,1243,1.4325368358456764e-06
conditional-fit-0003,axis4_reasoning_termination,1244,5.6912598565167293e-05
conditional-fit-0003,axis4_reasoning_termination,1245,2.6131598231137164e-07
conditional-fit-0003,axis4_reasoning_termination,1246,6.890361683752866e-07
conditional-fit-0003,axis4_reasoning_termination,1247,3.22403077767601e-06
conditional-fit-0003,axis4_reasoning_termination,1248,6.015901733796213e-06
conditional-fit-0003,axis4_reasoning_termination,1249,2.9669115825682856e-06
conditional-fit-0003,axis4_reasoning_termination,1250,6.468892069714678e-07
conditional-fit-0003,axis4_reasoning_termination,1251,4.9036342300009155e-06
conditional-fit-0003,axis4_reasoning_termination,1252,2.4961591895398895e-06
conditional-fit-0003,axis4_reasoning_termination,1253,4.3674214050431e-06
conditional-fit-0003,axis4_reasoning_termination,1254,0.0001345812946897146
conditional-fit-0003,axis4_reasoning_termination,1255,0.0003706928311864758
conditional-fit-0003,axis4_reasoning_termination,1256,0.000735020132472607
conditional-fit-0003,axis4_reasoning_termination,1257,3.211640220786352e-06
conditional-fit-0003,axis4_reasoning_termination,1258,1.7506664007868473e-07
conditional-fit-0003,axis4_reasoning_termination,1259,5.6633955771743696e-06
conditional-fit-0003,axis4_reasoning_termination,1260,9.214515219355518e-07
conditional-fit-0003,axis4_reasoning_termination,1261,1.9222770573688624e-06
conditional-fit-0003,axis4_reasoning_termination,1262,2.4477727023126857e-05
conditional-fit-0003,axis4_reasoning_termination,1263,2.11541550452361e-06
conditional-fit-0003,axis4_reasoning_termination,1264,2.9571590602735175e-06
conditional-fit-0003,axis4_reasoning_termination,1265,9.076736304657664e-07
conditional-fit-0003,axis4_reasoning_termination,1266,9.052361180852564e-06
conditional-fit-0003,axis4_reasoning_termination,1267,4.092366631225077e-07
conditional-fit-0003,axis4_reasoning_termination,1268,5.887552742501955e-07
conditional-fit-0003,axis4_reasoning_termination,1269,1.9165456799302188e-06
conditional-fit-0003,axis4_reasoning_termination,1270,7.452225897686523e-07
conditional-fit-0003,axis4_reasoning_termination,1271,7.377706955028285e-05
conditional-fit-0003,axis4_reasoning_termination,1272,2.3648523506261366e-05
conditional-fit-0003,axis4_reasoning_termination,1273,6.846044605175571e-06
conditional-fit-0003,axis4_reasoning_termination,1274,3.4859445330053617e-06
conditional-fit-0003,axis4_reasoning_termination,1275,1.1480177589515294e-06
conditional-fit-0003,axis4_reasoning_termination,1276,6.302034830637089e-06
conditional-fit-0003,axis4_reasoning_termination,1277,3.2330023421904e-05
conditional-fit-0003,axis4_reasoning_termination,1278,1.1640366214675537e-06
conditional-fit-0003,axis4_reasoning_termination,1279,3.608993964662221e-06
conditional-fit-0003,axis4_reasoning_termination,1280,3.428611394136776e-06
conditional-fit-0003,axis4_reasoning_termination,1281,8.025205066173921e-06
conditional-fit-0003,axis4_reasoning_termination,1282,3.567162304988544e-06
conditional-fit-0003,axis4_reasoning_termination,1283,8.80032517404593e-07
conditional-fit-0003,axis4_reasoning_termination,1284,6.716920387231921e-05
conditional-fit-0003,axis4_reasoning_termination,1285,1.3645558876359182e-05
conditional-fit-0003,axis4_reasoning_termination,1286,3.519589547351058e-06
conditional-fit-0003,axis4_reasoning_termination,1287,9.484404093976247e-06
conditional-fit-0003,axis4_reasoning_termination,1288,2.668614780735428e-06
conditional-fit-0003,axis4_reasoning_termination,1289,1.5811254600519478e-05
conditional-fit-0003,axis4_reasoning_termination,1290,5.90525749567399e-07
conditional-fit-0003,axis4_reasoning_termination,1291,5.876959820482991e-07
conditional-fit-0003,axis4_reasoning_termination,1292,6.590070050928994e-06
conditional-fit-0003,axis4_reasoning_termination,1293,0.00028204554534542146
conditional-fit-0003,axis4_reasoning_termination,1294,9.571173622877734e-05
conditional-fit-0003,axis4_reasoning_termination,1295,1.2184055490389641e-06
conditional-fit-0003,axis4_reasoning_termination,1296,0.0038012486373646707
conditional-fit-0003,axis4_reasoning_termination,1297,0.18016550540384876
conditional-fit-0003,axis4_reasoning_termination,1298,4.0441680233607006e-05
conditional-fit-0003,axis4_reasoning_termination,1299,0.04626190724279521
conditional-fit-0003,axis4_reasoning_termination,1300,0.012940714932459713
conditional-fit-0003,axis4_reasoning_termination,1301,1.2132635484285273e-06
conditional-fit-0003,axis4_reasoning_termination,1302,6.8390333627167675e-06
conditional-fit-0003,axis4_reasoning_termination,1303,2.4066118279911215e-06
conditional-fit-0003,axis4_reasoning_termination,1304,0.006291714885328625
conditional-fit-0003,axis4_reasoning_termination,1305,8.915780396220062e-05
conditional-fit-0003,axis4_reasoning_termination,1306,0.0013647757735012135
conditional-fit-0003,axis4_reasoning_termination,1307,0.0005923138979491048
conditional-fit-0003,axis4_reasoning_termination,1308,0.00014813917779110027
conditional-fit-0003,axis4_reasoning_termination,1309,1.8433994942850656e-05
conditional-fit-0003,axis4_reasoning_termination,1310,6.084057650116809e-06
conditional-fit-0003,axis4_reasoning_termination,1311,3.702765362196762e-05
conditional-fit-0003,axis4_reasoning_termination,1312,9.678948589055454e-06
conditional-fit-0003,axis4_reasoning_termination,1313,1.2268498204469163e-05
conditional-fit-0003,axis4_reasoning_termination,1314,0.00039116275665285834
conditional-fit-0003,axis4_reasoning_termination,1315,8.24148779513733e-08
conditional-fit-0003,axis4_reasoning_termination,1316,9.980355949900234e-06
conditional-fit-0003,axis4_reasoning_termination,1317,4.7011810424909535e-06
conditional-fit-0003,axis4_reasoning_termination,1318,5.715251365318215e-06
conditional-fit-0003,axis4_reasoning_termination,1319,4.6576607731816435e-07
conditional-fit-0003,axis4_reasoning_termination,1320,1.2197512370194667e-06
conditional-fit-0003,axis4_reasoning_termination,1321,3.520260495192924e-06
conditional-fit-0003,axis4_reasoning_termination,1322,6.889483656108574e-08
conditional-fit-0003,axis4_reasoning_termination,1323,1.6960925855083437e-07
conditional-fit-0003,axis4_reasoning_termination,1324,3.180735884893019e-06
conditional-fit-0003,axis4_reasoning_termination,1325,3.0427010348717276e-06
conditional-fit-0003,axis4_reasoning_termination,1326,1.1587356277185217e-06
conditional-fit-0003,axis4_reasoning_termination,1327,2.923856523773415e-06
conditional-fit-0003,axis4_reasoning_termination,1328,0.004792317336558379
conditional-fit-0003,axis4_reasoning_termination,1329,9.012796357272206e-07
conditional-fit-0003,axis4_reasoning_termination,1330,6.603560782471127e-07
conditional-fit-0003,axis4_reasoning_termination,1331,0.00024137416483831252
conditional-fit-0003,axis4_reasoning_termination,1332,7.271422730799062e-06
conditional-fit-0003,axis4_reasoning_termination,1333,1.7756360625393998e-06
conditional-fit-0003,axis4_reasoning_termination,1334,1.9696790747614485e-05
conditional-fit-0003,axis4_reasoning_termination,1335,1.5276701508983328e-06
conditional-fit-0003,axis4_reasoning_termination,1336,5.590938694865734e-07
conditional-fit-0003,axis4_reasoning_termination,1337,8.611480980827129e-07
conditional-fit-0003,axis4_reasoning_termination,1338,6.933417496102435e-06
conditional-fit-0003,axis4_reasoning_termination,1339,3.446529344067516e-06
conditional-fit-0003,axis4_reasoning_termination,1340,1.9096223645138527e-06
conditional-fit-0003,axis4_reasoning_termination,1341,2.105646002915152e-06
conditional-fit-0003,axis4_reasoning_termination,1342,9.682789596069797e-08
conditional-fit-0003,axis4_reasoning_termination,1343,2.2212347177335794e-07
conditional-fit-0003,axis4_reasoning_termination,1344,8.405382179807578e-06
conditional-fit-0003,axis4_reasoning_termination,1345,2.371088855729099e-06
conditional-fit-0003,axis4_reasoning_termination,1346,5.00434534800937e-06
conditional-fit-0003,axis4_reasoning_termination,1347,1.7247985658879806e-06
conditional-fit-0003,axis4_reasoning_termination,1348,5.270266659623543e-07
conditional-fit-0003,axis4_reasoning_termination,1349,3.1876784435548444e-05
conditional-fit-0003,axis4_reasoning_termination,1350,5.176910515376515e-07
conditional-fit-0003,axis4_reasoning_termination,1351,1.4688250296800549e-06
conditional-fit-0003,axis4_reasoning_termination,1352,3.0738776302040415e-05
conditional-fit-0003,axis4_reasoning_termination,1353,2.076020910587524e-06
conditional-fit-0003,axis4_reasoning_termination,1354,3.2528029629932416e-07
conditional-fit-0003,axis4_reasoning_termination,1355,0.00034043282310907883
conditional-fit-0003,axis4_reasoning_termination,1356,1.651315543515195e-05
conditional-fit-0003,axis4_reasoning_termination,1357,8.238212954344425e-07
conditional-fit-0003,axis4_reasoning_termination,1358,4.745938366873848e-06
conditional-fit-0003,axis4_reasoning_termination,1359,1.248390352529273e-05
conditional-fit-0003,axis4_reasoning_termination,1360,3.551651213154655e-06
conditional-fit-0003,axis4_reasoning_termination,1361,1.714392165495803e-05
conditional-fit-0003,axis4_reasoning_termination,1362,1.6792093174506096e-06
conditional-fit-0003,axis4_reasoning_termination,1363,4.175092116100374e-06
conditional-fit-0003,axis4_reasoning_termination,1364,0.00015892258202017493
conditional-fit-0003,axis4_reasoning_termination,1365,1.1520244715419557e-05
conditional-fit-0003,axis4_reasoning_termination,1366,0.0045058119836871606
conditional-fit-0003,axis4_reasoning_termination,1367,0.32127622783656473
conditional-fit-0003,axis4_reasoning_termination,1368,0.00010516625339414043
conditional-fit-0003,axis4_reasoning_termination,1369,0.02642758524419662
conditional-fit-0003,axis4_reasoning_termination,1370,0.00440614333814893
conditional-fit-0003,axis4_reasoning_termination,1371,1.0128546712996682e-05
conditional-fit-0003,axis4_reasoning_termination,1372,9.799722694469991e-05
conditional-fit-0003,axis4_reasoning_termination,1373,4.3905902215699515e-06
conditional-fit-0003,axis4_reasoning_termination,1374,0.0017464887938638044
conditional-fit-0003,axis4_reasoning_termination,1375,3.4465549153254095e-06
conditional-fit-0003,axis4_reasoning_termination,1376,8.81444524271916e-06
conditional-fit-0003,axis4_reasoning_termination,1377,5.060280403104158e-06
conditional-fit-0003,axis4_reasoning_termination,1378,5.262701901818139e-06
conditional-fit-0003,axis4_reasoning_termination,1379,7.01231260592865e-05
conditional-fit-0003,axis4_reasoning_termination,1380,0.0007243101015044172
conditional-fit-0003,axis4_reasoning_termination,1381,0.0007048433181070668
conditional-fit-0003,axis4_reasoning_termination,1382,0.00047443451995155434
conditional-fit-0003,axis4_reasoning_termination,1383,1.8024949611293945e-05
conditional-fit-0003,axis4_reasoning_termination,1384,1.7285285379061494e-06
conditional-fit-0003,axis4_reasoning_termination,1385,5.855274119517883e-05
conditional-fit-0003,axis4_reasoning_termination,1386,3.560558926967055e-06
conditional-fit-0003,axis4_reasoning_termination,1387,7.784816706278221e-07
conditional-fit-0003,axis4_reasoning_termination,1388,2.653348182126939e-06
conditional-fit-0003,axis4_reasoning_termination,1389,6.123328882054009e-07
conditional-fit-0003,axis4_reasoning_termination,1390,4.31466684722974e-06
conditional-fit-0003,axis4_reasoning_termination,1391,9.944519353915007e-06
conditional-fit-0003,axis4_reasoning_termination,1392,3.7901961058715146e-07
conditional-fit-0003,axis4_reasoning_termination,1393,8.74879589763793e-06
conditional-fit-0003,axis4_reasoning_termination,1394,1.9265615544968306e-06
conditional-fit-0003,axis4_reasoning_termination,1395,5.661010449157378e-07
conditional-fit-0003,axis4_reasoning_termination,1396,2.803958256875423e-06
conditional-fit-0003,axis4_reasoning_termination,1397,2.300520300025665e-06
conditional-fit-0003,axis4_reasoning_termination,1398,1.2730094494768808e-05
conditional-fit-0003,axis4_reasoning_termination,1399,2.3568751942940164e-06
conditional-fit-0003,axis4_reasoning_termination,1400,7.348207673966026e-07
conditional-fit-0003,axis4_reasoning_termination,1401,1.4046214131476276e-06
conditional-fit-0003,axis4_reasoning_termination,1402,2.5370917810289253e-07
conditional-fit-0003,axis4_reasoning_termination,1403,4.663118284065904e-07
conditional-fit-0003,axis4_reasoning_termination,1404,2.3797614318552536e-05
conditional-fit-0003,axis4_reasoning_termination,1405,9.50769541541039e-07
conditional-fit-0003,axis4_reasoning_termination,1406,1.9822353064232755e-05
conditional-fit-0003,axis4_reasoning_termination,1407,0.00011119787966943853
conditional-fit-0003,axis4_reasoning_termination,1408,1.0535480250215242e-05
conditional-fit-0003,axis4_reasoning_termination,1409,1.888200497318087e-05
conditional-fit-0003,axis4_reasoning_termination,1410,6.76214427674874e-06
conditional-fit-0003,axis4_reasoning_termination,1411,5.298418682869839e-06
conditional-fit-0003,axis4_reasoning_termination,1412,5.242026032287614e-05
conditional-fit-0003,axis4_reasoning_termination,1413,1.5479542433442763e-06
conditional-fit-0003,axis4_reasoning_termination,1414,0.004601406574584815
conditional-fit-0003,axis4_reasoning_termination,1415,0.35782389411237714
conditional-fit-0003,axis4_reasoning_termination,1416,0.0001345164896478275
conditional-fit-0003,axis4_reasoning_termination,1417,0.04156077504476273
conditional-fit-0003,axis4_reasoning_termination,1418,0.009403546006495109
conditional-fit-0003,axis4_reasoning_termination,1419,5.93170765682018e-06
conditional-fit-0003,axis4_reasoning_termination,1420,6.003075786998544e-05
conditional-fit-0003,axis4_reasoning_termination,1421,2.015805811370068e-06
conditional-fit-0003,axis4_reasoning_termination,1422,0.00424684668732973
conditional-fit-0003,axis4_reasoning_termination,1423,6.733405051428289e-06
conditional-fit-0003,axis4_reasoning_termination,1424,8.310176351272346e-07
conditional-fit-0003,axis4_reasoning_termination,1425,1.902065184831436e-05
conditional-fit-0003,axis4_reasoning_termination,1426,5.938442058905251e-06
conditional-fit-0003,axis4_reasoning_termination,1427,0.0003162085113257889
conditional-fit-0003,axis4_reasoning_termination,1428,9.37523699513756e-05
conditional-fit-0003,axis4_reasoning_termination,1429,0.00013294973072341273
conditional-fit-0003,axis4_reasoning_termination,1430,5.837160163012898e-05
conditional-fit-0003,axis4_reasoning_termination,1431,1.2559828741520715e-06
conditional-fit-0003,axis4_reasoning_termination,1432,1.9804327591260063e-05
conditional-fit-0003,axis4_reasoning_termination,1433,3.166145408395206e-06
conditional-fit-0003,axis4_reasoning_termination,1434,3.6814368260961827e-07
conditional-fit-0003,axis4_reasoning_termination,1435,2.886285506681899e-06
conditional-fit-0003,axis4_reasoning_termination,1436,1.0928508223235598e-05
conditional-fit-0003,axis4_reasoning_termination,1437,1.9479764221277275e-06
conditional-fit-0003,axis4_reasoning_termination,1438,2.606002874567469e-06
conditional-fit-0003,axis4_reasoning_termination,1439,9.592706905522216e-08
conditional-fit-0003,axis4_reasoning_termination,1440,1.2395945195196857e-06
conditional-fit-0003,axis4_reasoning_termination,1441,2.741974908541843e-05
conditional-fit-0003,axis4_reasoning_termination,1442,1.8583724543343727e-06
conditional-fit-0003,axis4_reasoning_termination,1443,3.2016234905273884e-06
conditional-fit-0003,axis4_reasoning_termination,1444,9.607392594164331e-07
conditional-fit-0003,axis4_reasoning_termination,1445,2.2714048673752023e-05
conditional-fit-0003,axis4_reasoning_termination,1446,2.050070658104411e-05
conditional-fit-0003,axis4_reasoning_termination,1447,2.1901198584541668e-08
conditional-fit-0003,axis4_reasoning_termination,1448,5.020678568600421e-07
conditional-fit-0003,axis4_reasoning_termination,1449,2.3161799292707214e-05
conditional-fit-0003,axis4_reasoning_termination,1450,8.673648102813636e-06
conditional-fit-0003,axis4_reasoning_termination,1451,0.00010923006548280377
conditional-fit-0003,axis4_reasoning_termination,1452,9.269751474905326e-07
conditional-fit-0003,axis4_reasoning_termination,1453,0.005232472425051207
conditional-fit-0003,axis4_reasoning_termination,1454,0.13607252350029644
conditional-fit-0003,axis4_reasoning_termination,1455,7.439969872771365e-05
conditional-fit-0003,axis4_reasoning_termination,1456,0.04660735880780413
conditional-fit-0003,axis4_reasoning_termination,1457,0.00610480449601352
conditional-fit-0003,axis4_reasoning_termination,1458,2.53245508536903e-06
conditional-fit-0003,axis4_reasoning_termination,1459,6.164002367806343e-05
conditional-fit-0003,axis4_reasoning_termination,1460,5.474953708670697e-07
conditional-fit-0003,axis4_reasoning_termination,1461,0.0075601833405515295
conditional-fit-0003,axis4_reasoning_termination,1462,1.2993708478999245e-05
conditional-fit-0003,axis4_reasoning_termination,1463,0.0008896381369810997
conditional-fit-0003,axis4_reasoning_termination,1464,0.00030055288242488836
conditional-fit-0003,axis4_reasoning_termination,1465,0.00023468630174806033
conditional-fit-0003,axis4_reasoning_termination,1466,2.0499976939012876e-05
conditional-fit-0003,axis4_reasoning_termination,1467,5.177431770848436e-06
conditional-fit-0003,axis4_reasoning_termination,1468,8.981381116714217e-05
conditional-fit-0003,axis4_reasoning_termination,1469,1.1593542135265389e-06
conditional-fit-0003,axis4_reasoning_termination,1470,3.3851846528942805e-06
conditional-fit-0003,axis4_reasoning_termination,1471,3.5469495046732223e-07
conditional-fit-0003,axis4_reasoning_termination,1472,7.4324683940048e-08
conditional-fit-0003,axis4_reasoning_termination,1473,4.148140745569258e-07
conditional-fit-0003,axis4_reasoning_termination,1474,2.36326726505823e-06
conditional-fit-0003,axis4_reasoning_termination,1475,2.8658840078476687e-06
conditional-fit-0003,axis4_reasoning_termination,1476,1.1231470032318973e-06
conditional-fit-0003,axis4_reasoning_termination,1477,8.164548054080521e-07
conditional-fit-0003,axis4_reasoning_termination,1478,6.219831717437916e-07
conditional-fit-0003,axis4_reasoning_termination,1479,3.286864286195604e-08
conditional-fit-0003,axis4_reasoning_termination,1480,2.789702663362785e-07
conditional-fit-0003,axis4_reasoning_termination,1481,4.646628088857295e-06
conditional-fit-0003,axis4_reasoning_termination,1482,6.828392780295711e-07
conditional-fit-0003,axis4_reasoning_termination,1483,1.1042389028636177e-06
conditional-fit-0003,axis4_reasoning_termination,1484,3.392088041766174e-07
conditional-fit-0003,axis4_reasoning_termination,1485,1.1436561883908098e-05
conditional-fit-0003,axis4_reasoning_termination,1486,1.121814504376043e-07
conditional-fit-0003,axis4_reasoning_termination,1487,3.1617727210756527e-06
conditional-fit-0003,axis4_reasoning_termination,1488,2.5950474402564636e-05
conditional-fit-0003,axis4_reasoning_termination,1489,1.971549254210719e-06
conditional-fit-0003,axis4_reasoning_termination,1490,1.0617708632915327e-06
conditional-fit-0003,axis4_reasoning_termination,1491,4.491320045702141e-06
conditional-fit-0003,axis4_reasoning_termination,1492,1.1937231044590377e-06
conditional-fit-0003,axis4_reasoning_termination,1493,7.274398799301051e-07
conditional-fit-0003,axis4_reasoning_termination,1494,1.5680314584889094e-06
conditional-fit-0003,axis4_reasoning_termination,1495,7.893654592795728e-06
conditional-fit-0003,axis4_reasoning_termination,1496,1.9712215366668183e-06
conditional-fit-0003,axis4_reasoning_termination,1497,6.482434427056235e-06
conditional-fit-0003,axis4_reasoning_termination,1498,8.143876180161885e-06
conditional-fit-0003,axis4_reasoning_termination,1499,9.376321789695118e-07
conditional-fit-0003,axis4_reasoning_termination,1500,4.2525037887424893e-07
conditional-fit-0003,axis4_reasoning_termination,1501,4.742096086380692e-06
conditional-fit-0003,axis4_reasoning_termination,1502,1.3129188343718327e-06
conditional-fit-0003,axis4_reasoning_termination,1503,9.90398243649148e-06
conditional-fit-0003,axis4_reasoning_termination,1504,5.300715927825461e-07
conditional-fit-0003,axis4_reasoning_termination,1505,2.1079026239801622e-07
conditional-fit-0003,axis4_reasoning_termination,1506,7.245734907593427e-06
conditional-fit-0003,axis4_reasoning_termination,1507,1.0958278983758607e-07
conditional-fit-0003,axis4_reasoning_termination,1508,1.1087930376075237e-06
conditional-fit-0003,axis4_reasoning_termination,1509,7.3531851934205e-06
conditional-fit-0003,axis4_reasoning_termination,1510,1.0550276229285958e-06
conditional-fit-0003,axis4_reasoning_termination,1511,3.056269287101521e-06
conditional-fit-0003,axis4_reasoning_termination,1512,7.927926130297178e-06
conditional-fit-0003,axis4_reasoning_termination,1513,2.414251380431173e-06
conditional-fit-0003,axis4_reasoning_termination,1514,4.604419040379844e-07
conditional-fit-0003,axis4_reasoning_termination,1515,3.425329690741728e-06
conditional-fit-0003,axis4_reasoning_termination,1516,1.7391752836223435e-06
conditional-fit-0003,axis4_reasoning_termination,1517,2.2536830729780204e-06
conditional-fit-0003,axis4_reasoning_termination,1518,7.200407034253954e-06
conditional-fit-0003,axis4_reasoning_termination,1519,1.8874397590666867e-07
conditional-fit-0003,axis4_reasoning_termination,1520,4.937166626609649e-06
conditional-fit-0003,axis4_reasoning_termination,1521,2.4630493377924995e-05
conditional-fit-0003,axis4_reasoning_termination,1522,1.2802622649320206e-06
conditional-fit-0003,axis4_reasoning_termination,1523,0.0032502154324322617
conditional-fit-0003,axis4_reasoning_termination,1524,0.16640596365116564
conditional-fit-0003,axis4_reasoning_termination,1525,0.004434365599320917
conditional-fit-0003,axis4_reasoning_termination,1526,0.1505579085021968
conditional-fit-0003,axis4_reasoning_termination,1527,0.0050400582058354685
conditional-fit-0003,axis4_reasoning_termination,1528,8.01107318740248e-06
conditional-fit-0003,axis4_reasoning_termination,1529,2.4285934590824268e-05
conditional-fit-0003,axis4_reasoning_termination,1530,1.5145560939608273e-06
conditional-fit-0003,axis4_reasoning_termination,1531,0.005774559175276854
conditional-fit-0003,axis4_reasoning_termination,1532,3.140958772063192e-06
conditional-fit-0003,axis4_reasoning_termination,1533,1.7567471333040793e-05
conditional-fit-0003,axis4_reasoning_termination,1534,2.255016635314e-05
conditional-fit-0003,axis4_reasoning_termination,1535,4.950190716988794e-06
conditional-fit-0003,axis4_reasoning_termination,1536,3.64554970619327e-05
conditional-fit-0003,axis4_reasoning_termination,1537,0.0005105579032319764
conditional-fit-0003,axis4_reasoning_termination,1538,0.0008309971854365318
conditional-fit-0003,axis4_reasoning_termination,1539,0.0005674236842436245
conditional-fit-0003,axis4_reasoning_termination,1540,8.879552076336233e-05
conditional-fit-0003,axis4_reasoning_termination,1541,2.496949084925713e-06
conditional-fit-0003,axis4_reasoning_termination,1542,6.21614986733375e-05
conditional-fit-0003,axis4_reasoning_termination,1543,2.7585318353323273e-06
conditional-fit-0003,axis4_reasoning_termination,1544,8.222068922096366e-07
conditional-fit-0003,axis4_reasoning_termination,1545,2.1748787515440436e-06
conditional-fit-0003,axis4_reasoning_termination,1546,3.1873139100157178e-06
conditional-fit-0003,axis4_reasoning_termination,1547,2.9096173140967925e-06
conditional-fit-0003,axis4_reasoning_termination,1548,6.053352359076347e-06
conditional-fit-0003,axis4_reasoning_termination,1549,1.1927473211375233e-06
conditional-fit-0003,axis4_reasoning_termination,1550,2.60348232564437e-06
conditional-fit-0003,axis4_reasoning_termination,1551,3.6670007305997007e-06
conditional-fit-0003,axis4_reasoning_termination,1552,2.8588538182286415e-06
conditional-fit-0003,axis4_reasoning_termination,1553,8.085699097423885e-06
conditional-fit-0003,axis4_reasoning_termination,1554,6.4213640532486296e-06
conditional-fit-0003,axis4_reasoning_termination,1555,0.00017764748685996067
conditional-fit-0003,axis4_reasoning_termination,1556,7.901528902908379e-06
conditional-fit-0003,axis4_reasoning_termination,1557,1.4859082897453758e-06
conditional-fit-0003,axis4_reasoning_termination,1558,9.483355631889726e-06
conditional-fit-0003,axis4_reasoning_termination,1559,8.94795367677023e-07
conditional-fit-0003,axis4_reasoning_termination,1560,1.6903928240927598e-06
conditional-fit-0003,axis4_reasoning_termination,1561,0.00014328688041397622
conditional-fit-0003,axis4_reasoning_termination,1562,3.3663912099479563e-06
conditional-fit-0003,axis4_reasoning_termination,1563,1.331962514710972e-05
conditional-fit-0003,axis4_reasoning_termination,1564,1.798925536161848e-05
conditional-fit-0003,axis4_reasoning_termination,1565,3.0641368050225713e-06
conditional-fit-0003,axis4_reasoning_termination,1566,2.4353607874429214e-05
conditional-fit-0003,axis4_reasoning_termination,1567,2.0603785132035e-06
conditional-fit-0003,axis4_reasoning_termination,1568,6.959425932519922e-06
conditional-fit-0003,axis4_reasoning_termination,1569,0.00014579316141369306
conditional-fit-0003,axis4_reasoning_termination,1570,5.843087207862224e-06
conditional-fit-0003,axis4_reasoning_termination,1571,0.004163923273144785
conditional-fit-0003,axis4_reasoning_termination,1572,0.009206179218944765
conditional-fit-0003,axis4_reasoning_termination,1573,0.5694652703468455
conditional-fit-0003,axis4_reasoning_termination,1574,8.916155684860538e-05
conditional-fit-0003,axis4_reasoning_termination,1575,0.07582571879079564
conditional-fit-0003,axis4_reasoning_termination,1576,0.0021363229351923315
conditional-fit-0003,axis4_reasoning_termination,1577,4.534090047608561e-06
conditional-fit-0003,axis4_reasoning_termination,1578,5.8283838318669593e-05
conditional-fit-0003,axis4_reasoning_termination,1579,5.894557219509237e-07
conditional-fit-0003,axis4_reasoning_termination,1580,0.0013044206837886673
conditional-fit-0003,axis4_reasoning_termination,1581,2.6786045543207187e-06
conditional-fit-0003,axis4_reasoning_termination,1582,2.9308590655300513e-05
conditional-fit-0003,axis4_reasoning_termination,1583,0.0005713854684549243
conditional-fit-0003,axis4_reasoning_termination,1584,0.00027343523174362184
conditional-fit-0003,axis4_reasoning_termination,1585,5.147348739822499e-05
conditional-fit-0003,axis4_reasoning_termination,1586,1.4470633969972556e-05
conditional-fit-0003,axis4_reasoning_termination,1587,8.093517105958967e-05
conditional-fit-0003,axis4_reasoning_termination,1588,2.905933471454897e-06
conditional-fit-0003,axis4_reasoning_termination,1589,1.342612588397519e-06
conditional-fit-0003,axis4_reasoning_termination,1590,5.324467879645905e-07
conditional-fit-0003,axis4_reasoning_termination,1591,2.3502226400207947e-07
conditional-fit-0003,axis4_reasoning_termination,1592,2.8199758342706663e-06
conditional-fit-0003,axis4_reasoning_termination,1593,2.517907166705943e-06
conditional-fit-0003,axis4_reasoning_termination,1594,9.629876522732819e-06
conditional-fit-0003,axis4_reasoning_termination,1595,4.051084078127095e-06
conditional-fit-0003,axis4_reasoning_termination,1596,1.1235240381410573e-06
conditional-fit-0003,axis4_reasoning_termination,1597,7.706944601893248e-07
conditional-fit-0003,axis4_reasoning_termination,1598,1.1457707162574669e-07
conditional-fit-0003,axis4_reasoning_termination,1599,1.0056533136071078e-06
conditional-fit-0003,axis4_reasoning_termination,1600,7.08681602572955e-07
conditional-fit-0003,axis4_reasoning_termination,1601,2.218383438539421e-06
conditional-fit-0003,axis4_reasoning_termination,1602,4.629243329396393e-06
conditional-fit-0003,axis4_reasoning_termination,1603,5.096575134518762e-07
conditional-fit-0003,axis4_reasoning_termination,1604,5.2193711139506636e-05
conditional-fit-0003,axis4_reasoning_termination,1605,7.508762478949509e-07
conditional-fit-0003,axis4_reasoning_termination,1606,3.437021074866413e-06
conditional-fit-0003,axis4_reasoning_termination,1607,3.8406576199157585e-05
conditional-fit-0003,axis4_reasoning_termination,1608,1.5548979679613683e-06
conditional-fit-0003,axis4_reasoning_termination,1609,6.479786262821449e-06
conditional-fit-0003,axis4_reasoning_termination,1610,7.612186810189051e-06
conditional-fit-0003,axis4_reasoning_termination,1611,1.7461509340737859e-06
conditional-fit-0003,axis4_reasoning_termination,1612,1.386260490746053e-07
conditional-fit-0003,axis4_reasoning_termination,1613,1.187860869340666e-06
conditional-fit-0003,axis4_reasoning_termination,1614,4.074495243247312e-05
conditional-fit-0003,axis4_reasoning_termination,1615,5.682545757116803e-06
conditional-fit-0003,axis4_reasoning_termination,1616,4.021206632482832e-06
conditional-fit-0003,axis4_reasoning_termination,1617,1.0135957458651426e-05
conditional-fit-0003,axis4_reasoning_termination,1618,6.603352566108876e-07
conditional-fit-0003,axis4_reasoning_termination,1619,4.1099437496324946e-07
conditional-fit-0003,axis4_reasoning_termination,1620,5.463278634211267e-06
conditional-fit-0003,axis4_reasoning_termination,1621,3.634552335959171e-06
conditional-fit-0003,axis4_reasoning_termination,1622,2.909480573531366e-06
conditional-fit-0003,axis4_reasoning_termination,1623,1.5024882989061039e-06
conditional-fit-0003,axis4_reasoning_termination,1624,3.559308457781346e-07
conditional-fit-0003,axis4_reasoning_termination,1625,2.4039195200307495e-06
conditional-fit-0003,axis4_reasoning_termination,1626,2.7422603189961976e-07
conditional-fit-0003,axis4_reasoning_termination,1627,5.487922723366398e-07
conditional-fit-0003,axis4_reasoning_termination,1628,2.11846969991177e-05
conditional-fit-0003,axis4_reasoning_termination,1629,4.0521998026893794e-07
conditional-fit-0003,axis4_reasoning_termination,1630,2.268160047506268e-07
conditional-fit-0003,axis4_reasoning_termination,1631,1.2853892767032465e-05
conditional-fit-0003,axis4_reasoning_termination,1632,2.006296921923694e-06
conditional-fit-0003,axis4_reasoning_termination,1633,3.170094256338149e-05
conditional-fit-0003,axis4_reasoning_termination,1634,4.900902428625931e-06
conditional-fit-0003,axis4_reasoning_termination,1635,6.070214216553344e-06
conditional-fit-0003,axis4_reasoning_termination,1636,2.6128551937795833e-06
conditional-fit-0003,axis4_reasoning_termination,1637,2.848521095735574e-06
conditional-fit-0003,axis4_reasoning_termination,1638,8.942710131877398e-07
conditional-fit-0003,axis4_reasoning_termination,1639,4.0931217020484266e-06
conditional-fit-0003,axis4_reasoning_termination,1640,4.5986505849153645e-05
conditional-fit-0003,axis4_reasoning_termination,1641,3.19834854673026e-06
conditional-fit-0003,axis4_reasoning_termination,1642,0.004780424658040186
conditional-fit-0003,axis4_reasoning_termination,1643,0.011840123231050246
conditional-fit-0003,axis4_reasoning_termination,1644,0.21686175937770014
conditional-fit-0003,axis4_reasoning_termination,1645,5.286597768444551e-05
conditional-fit-0003,axis4_reasoning_termination,1646,0.0802750727099939
conditional-fit-0003,axis4_reasoning_termination,1647,0.010678904069352006
conditional-fit-0003,axis4_reasoning_termination,1648,2.726097955017927e-06
conditional-fit-0003,axis4_reasoning_termination,1649,8.682304458247067e-05
conditional-fit-0003,axis4_reasoning_termination,1650,9.419456760045329e-07
conditional-fit-0003,axis4_reasoning_termination,1651,0.0014855994402343461
conditional-fit-0003,axis4_reasoning_termination,1652,3.3712500925845942e-06
conditional-fit-0003,axis4_reasoning_termination,1653,7.886154624157495e-07
conditional-fit-0003,axis4_reasoning_termination,1654,4.458683081791861e-05
conditional-fit-0003,axis4_reasoning_termination,1655,1.0081470247517132e-05
conditional-fit-0003,axis4_reasoning_termination,1656,0.00011163987342708998
conditional-fit-0003,axis4_reasoning_termination,1657,0.0001736057943219534
conditional-fit-0003,axis4_reasoning_termination,1658,0.0013215445845649633
conditional-fit-0003,axis4_reasoning_termination,1659,2.313387158337099e-05
conditional-fit-0003,axis4_reasoning_termination,1660,8.188391884353395e-06
conditional-fit-0003,axis4_reasoning_termination,1661,6.072264150126833e-05
conditional-fit-0003,axis4_reasoning_termination,1662,5.2009703918838335e-05
conditional-fit-0003,axis4_reasoning_termination,1663,3.6805744653254783e-06
conditional-fit-0003,axis4_reasoning_termination,1664,2.028801161239729e-06
conditional-fit-0003,axis4_reasoning_termination,1665,8.041339372487404e-06
conditional-fit-0003,axis4_reasoning_termination,1666,6.404629556264732e-07
conditional-fit-0003,axis4_reasoning_termination,1667,3.2492255083285366e-05
conditional-fit-0003,axis4_reasoning_termination,1668,3.752686706522705e-07
conditional-fit-0003,axis4_reasoning_termination,1669,7.762546760084699e-07
conditional-fit-0003,axis4_reasoning_termination,1670,9.654208303751863e-07
conditional-fit-0003,axis4_reasoning_termination,1671,1.102451170720156e-05
conditional-fit-0003,axis4_reasoning_termination,1672,3.4460997497083717e-06
conditional-fit-0003,axis4_reasoning_termination,1673,2.0704438054535073e-05
conditional-fit-0003,axis4_reasoning_termination,1674,1.8386961715771042e-05
conditional-fit-0003,axis4_reasoning_termination,1675,1.9011224693954263e-06
conditional-fit-0003,axis4_reasoning_termination,1676,2.3478026747534537e-07
conditional-fit-0003,axis4_reasoning_termination,1677,3.3220097046158634e-06
conditional-fit-0003,axis4_reasoning_termination,1678,6.940205677303106e-05
conditional-fit-0003,axis4_reasoning_termination,1679,1.2794849324153101e-05
conditional-fit-0003,axis4_reasoning_termination,1680,0.00023300129849378434
conditional-fit-0003,axis4_reasoning_termination,1681,1.9215754841289184e-06
conditional-fit-0003,axis4_reasoning_termination,1682,0.0038741106861813817
conditional-fit-0003,axis4_reasoning_termination,1683,0.3860465248470209
conditional-fit-0003,axis4_reasoning_termination,1684,0.00010964625045608846
conditional-fit-0003,axis4_reasoning_termination,1685,0.09460174035314495
conditional-fit-0003,axis4_reasoning_termination,1686,0.004609175447842336
conditional-fit-0003,axis4_reasoning_termination,1687,6.15612047827069e-06
conditional-fit-0003,axis4_reasoning_termination,1688,9.776976737879082e-05
conditional-fit-0003,axis4_reasoning_termination,1689,5.474636283413598e-07
conditional-fit-0003,axis4_reasoning_termination,1690,0.0019148052704079724
conditional-fit-0003,axis4_reasoning_termination,1691,7.694815387932666e-06
conditional-fit-0003,axis4_reasoning_termination,1692,7.81785908617207e-05
conditional-fit-0003,axis4_reasoning_termination,1693,0.00021307054496336777
conditional-fit-0003,axis4_reasoning_termination,1694,9.52807817551004e-05
conditional-fit-0003,axis4_reasoning_termination,1695,4.120671323128779e-05
conditional-fit-0003,axis4_reasoning_termination,1696,7.568463893526046e-07
conditional-fit-0003,axis4_reasoning_termination,1697,0.00010399622045357225
conditional-fit-0003,axis4_reasoning_termination,1698,1.0322690490367472e-06
conditional-fit-0003,axis4_reasoning_termination,1699,5.310435987103496e-07
conditional-fit-0003,axis4_reasoning_termination,1700,3.4713642581949736e-07
conditional-fit-0003,axis4_reasoning_termination,1701,7.268813965985652e-08
conditional-fit-0003,axis4_reasoning_termination,1702,5.040068062711002e-07
conditional-fit-0003,axis4_reasoning_termination,1703,4.6536967227527385e-06
conditional-fit-0003,axis4_reasoning_termination,1704,1.1625523378332055e-05
conditional-fit-0003,axis4_reasoning_termination,1705,1.1435277861424785e-06
conditional-fit-0003,axis4_reasoning_termination,1706,2.2280087919356795e-06
conditional-fit-0003,axis4_reasoning_termination,1707,2.8006826107890756e-07
conditional-fit-0003,axis4_reasoning_termination,1708,7.291288981918765e-08
conditional-fit-0003,axis4_reasoning_termination,1709,3.737771828667067e-07
conditional-fit-0003,axis4_reasoning_termination,1710,2.4497878532884983e-06
conditional-fit-0003,axis4_reasoning_termination,1711,1.2889505886132887e-06
conditional-fit-0003,axis4_reasoning_termination,1712,2.244445882757452e-07
conditional-fit-0003,axis4_reasoning_termination,1713,2.803640379867832e-07
conditional-fit-0003,axis4_reasoning_termination,1714,1.0228415393665e-05
conditional-fit-0003,axis4_reasoning_termination,1715,6.874516342642753e-07
conditional-fit-0003,axis4_reasoning_termination,1716,2.5964240213612774e-06
conditional-fit-0003,axis4_reasoning_termination,1717,9.194006851311801e-05
conditional-fit-0003,axis4_reasoning_termination,1718,5.05659411485306e-06
conditional-fit-0003,axis4_reasoning_termination,1719,1.4392570898716202e-06
conditional-fit-0003,axis4_reasoning_termination,1720,5.756925702000882e-06
conditional-fit-0003,axis4_reasoning_termination,1721,6.00773060730601e-07
conditional-fit-0003,axis4_reasoning_termination,1722,5.153032578030396e-07
conditional-fit-0003,axis4_reasoning_termination,1723,5.723887869660041e-07
conditional-fit-0003,axis4_reasoning_termination,1724,1.7458157568368322e-06
conditional-fit-0003,axis4_reasoning_termination,1725,1.8514191844911763e-06
conditional-fit-0003,axis4_reasoning_termination,1726,2.3341496285639802e-06
conditional-fit-0003,axis4_reasoning_termination,1727,6.168213656089534e-06
conditional-fit-0003,axis4_reasoning_termination,1728,3.372591599165638e-07
conditional-fit-0003,axis4_reasoning_termination,1729,4.92491530360826e-07
conditional-fit-0003,axis4_reasoning_termination,1730,1.4254161576339821e-06
conditional-fit-0003,axis4_reasoning_termination,1731,2.655309162392372e-06
conditional-fit-0003,axis4_reasoning_termination,1732,5.906610552408921e-07
conditional-fit-0003,axis4_reasoning_termination,1733,1.7343315077330351e-06
conditional-fit-0003,axis4_reasoning_termination,1734,7.818946949360847e-08
conditional-fit-0003,axis4_reasoning_termination,1735,2.2568088698653043e-06
conditional-fit-0003,axis4_reasoning_termination,1736,1.604062921967315e-07
conditional-fit-0003,axis4_reasoning_termination,1737,4.028833523295148e-07
conditional-fit-0003,axis4_reasoning_termination,1738,9.318023886595985e-06
conditional-fit-0003,axis4_reasoning_termination,1739,8.132254401591794e-08
conditional-fit-0003,axis4_reasoning_termination,1740,1.3273598522497034e-07
conditional-fit-0003,axis4_reasoning_termination,1741,4.214695649705039e-06
conditional-fit-0003,axis4_reasoning_termination,1742,6.818525283759716e-07
conditional-fit-0003,axis4_reasoning_termination,1743,1.5906424134129553e-06
conditional-fit-0003,axis4_reasoning_termination,1744,3.5436593628563785e-06
conditional-fit-0003,axis4_reasoning_termination,1745,1.7986194033382196e-06
conditional-fit-0003,axis4_reasoning_termination,1746,9.85158797569939e-07
conditional-fit-0003,axis4_reasoning_termination,1747,1.1948971388654431e-05
conditional-fit-0003,axis4_reasoning_termination,1748,6.358679055304414e-07
conditional-fit-0003,axis4_reasoning_termination,1749,1.3455493027616435e-06
conditional-fit-0003,axis4_reasoning_termination,1750,1.8328438256379993e-05
conditional-fit-0003,axis4_reasoning_termination,1751,2.8579012268918353e-06
conditional-fit-0003,axis4_reasoning_termination,1752,0.002215184614554427
conditional-fit-0003,axis4_reasoning_termination,1753,0.011409660867742435
conditional-fit-0003,axis4_reasoning_termination,1754,0.19879252823878057
conditional-fit-0003,axis4_reasoning_termination,1755,6.049975324357537e-05
conditional-fit-0003,axis4_reasoning_termination,1756,0.05035906497274895
conditional-fit-0003,axis4_reasoning_termination,1757,0.018389716175702453
conditional-fit-0003,axis4_reasoning_termination,1758,1.2568148060775992e-05
conditional-fit-0003,axis4_reasoning_termination,1759,3.596889044450606e-05
conditional-fit-0003,axis4_reasoning_termination,1760,5.108496260162769e-07
conditional-fit-0003,axis4_reasoning_termination,1761,0.002304828028598051
conditional-fit-0003,axis4_reasoning_termination,1762,1.213916211301425e-05
conditional-fit-0003,axis4_reasoning_termination,1763,0.0006258342146411752
conditional-fit-0003,axis4_reasoning_termination,1764,0.00019157502755278737
conditional-fit-0003,axis4_reasoning_termination,1765,0.0005086351428210381
conditional-fit-0003,axis4_reasoning_termination,1766,2.0970866542839113e-05
conditional-fit-0003,axis4_reasoning_termination,1767,2.328819785578008e-06
conditional-fit-0003,axis4_reasoning_termination,1768,4.9200270763089606e-05
conditional-fit-0003,axis4_reasoning_termination,1769,2.2327007723578067e-06
conditional-fit-0003,axis4_reasoning_termination,1770,1.8341244866644017e-06
conditional-fit-0003,axis4_reasoning_termination,1771,6.977369707199064e-07
conditional-fit-0003,axis4_reasoning_termination,1772,6.375872510146048e-07
conditional-fit-0003,axis4_reasoning_termination,1773,7.827541910155812e-06
conditional-fit-0003,axis4_reasoning_termination,1774,2.0955605813122807e-06
conditional-fit-0003,axis4_reasoning_termination,1775,1.0880858597368009e-05
conditional-fit-0003,axis4_reasoning_termination,1776,6.658919568727878e-06
conditional-fit-0003,axis4_reasoning_termination,1777,5.4392466210810526e-06
conditional-fit-0003,axis4_reasoning_termination,1778,4.774985259099174e-07
conditional-fit-0003,axis4_reasoning_termination,1779,2.0783104975228413e-07
conditional-fit-0003,axis4_reasoning_termination,1780,4.4390528728992806e-07
conditional-fit-0003,axis4_reasoning_termination,1781,3.797619656734486e-06
conditional-fit-0003,axis4_reasoning_termination,1782,3.7779780615842554e-06
conditional-fit-0003,axis4_reasoning_termination,1783,8.858826546431034e-07
conditional-fit-0003,axis4_reasoning_termination,1784,6.498917352306285e-07
conditional-fit-0003,axis4_reasoning_termination,1785,6.997135095494597e-05
conditional-fit-0003,axis4_reasoning_termination,1786,1.8745654183954343e-06
conditional-fit-0003,axis4_reasoning_termination,1787,4.027038204556645e-06
conditional-fit-0003,axis4_reasoning_termination,1788,9.550188740106072e-05
conditional-fit-0003,axis4_reasoning_termination,1789,7.892605131131415e-06
conditional-fit-0003,axis4_reasoning_termination,1790,2.4308014715815944e-06
conditional-fit-0003,axis4_reasoning_termination,1791,1.2351508144485661e-05
conditional-fit-0003,axis4_reasoning_termination,1792,2.697941709419231e-06
conditional-fit-0003,axis4_reasoning_termination,1793,5.598751167616147e-07
conditional-fit-0003,axis4_reasoning_termination,1794,9.906781687509378e-06
conditional-fit-0003,axis4_reasoning_termination,1795,8.338400256634039e-06
conditional-fit-0003,axis4_reasoning_termination,1796,6.834012871310883e-06
conditional-fit-0003,axis4_reasoning_termination,1797,1.6687263721194555e-05
conditional-fit-0003,axis4_reasoning_termination,1798,5.1612646776095036e-05
conditional-fit-0003,axis4_reasoning_termination,1799,3.489338020317216e-07
conditional-fit-0003,axis4_reasoning_termination,1800,4.1549298783895554e-07
conditional-fit-0003,axis4_reasoning_termination,1801,1.8792845464990504e-05
conditional-fit-0003,axis4_reasoning_termination,1802,2.1425392260141438e-06
conditional-fit-0003,axis4_reasoning_termination,1803,6.728121512987965e-06
conditional-fit-0003,axis4_reasoning_termination,1804,2.8922407390635784e-06
conditional-fit-0003,axis4_reasoning_termination,1805,5.5172348576565344e-05
conditional-fit-0003,axis4_reasoning_termination,1806,5.831300125352835e-05
conditional-fit-0003,axis4_reasoning_termination,1807,1.5326280943559914e-06
conditional-fit-0003,axis4_reasoning_termination,1808,1.388860371228698e-06
conditional-fit-0003,axis4_reasoning_termination,1809,5.6913396678642586e-05
conditional-fit-0003,axis4_reasoning_termination,1810,3.650523767422036e-07
conditional-fit-0003,axis4_reasoning_termination,1811,2.5427951437503216e-06
conditional-fit-0003,axis4_reasoning_termination,1812,3.277717011386245e-05
conditional-fit-0003,axis4_reasoning_termination,1813,1.6530536328743835e-06
conditional-fit-0003,axis4_reasoning_termination,1814,1.984191764951294e-06
conditional-fit-0003,axis4_reasoning_termination,1815,5.792199285088244e-06
conditional-fit-0003,axis4_reasoning_termination,1816,2.0485897303204563e-06
conditional-fit-0003,axis4_reasoning_termination,1817,5.703110175112707e-06
conditional-fit-0003,axis4_reasoning_termination,1818,8.433262406747514e-06
conditional-fit-0003,axis4_reasoning_termination,1819,2.339639874045364e-06
conditional-fit-0003,axis4_reasoning_termination,1820,6.9702107772205295e-06
conditional-fit-0003,axis4_reasoning_termination,1821,4.067105190529919e-05
conditional-fit-0003,axis4_reasoning_termination,1822,6.235003503904113e-06
conditional-fit-0003,axis4_reasoning_termination,1823,0.002244850569921915
conditional-fit-0003,axis4_reasoning_termination,1824,0.02570258151792817
conditional-fit-0003,axis4_reasoning_termination,1825,0.07046290920935662
conditional-fit-0003,axis4_reasoning_termination,1826,0.005603630560178475
conditional-fit-0003,axis4_reasoning_termination,1827,9.9307836880809e-06
conditional-fit-0003,axis4_reasoning_termination,1828,3.715787659454129e-05
conditional-fit-0003,axis4_reasoning_termination,1829,1.1154833805682717e-06
conditional-fit-0003,axis4_reasoning_termination,1830,0.0025466542497769203
conditional-fit-0003,axis4_reasoning_termination,1831,8.223783200689748e-06
conditional-fit-0003,axis4_reasoning_termination,1832,2.365468684772039e-06
conditional-fit-0003,axis4_reasoning_termination,1833,8.191718582376862e-06
conditional-fit-0003,axis4_reasoning_termination,1834,2.5608876972832243e-05
conditional-fit-0003,axis4_reasoning_termination,1835,0.00021589423093715596
conditional-fit-0003,axis4_reasoning_termination,1836,0.0008239428469500935
conditional-fit-0003,axis4_reasoning_termination,1837,2.048762945474705e-05
conditional-fit-0003,axis4_reasoning_termination,1838,4.989475325482415e-06
conditional-fit-0003,axis4_reasoning_termination,1839,7.209705929706304e-05
conditional-fit-0003,axis4_reasoning_termination,1840,1.9462744588189553e-06
conditional-fit-0003,axis4_reasoning_termination,1841,4.6589115624731695e-07
conditional-fit-0003,axis4_reasoning_termination,1842,3.3497519894040914e-06
conditional-fit-0003,axis4_reasoning_termination,1843,1.8939091605061638e-06
conditional-fit-0003,axis4_reasoning_termination,1844,7.194353225267115e-07
conditional-fit-0003,axis4_reasoning_termination,1845,1.1744299887671e-05
conditional-fit-0003,axis4_reasoning_termination,1846,1.7975651360096355e-06
conditional-fit-0003,axis4_reasoning_termination,1847,1.1794763118029026e-06
conditional-fit-0003,axis4_reasoning_termination,1848,2.2594249424672033e-07
conditional-fit-0003,axis4_reasoning_termination,1849,1.3656807973673997e-06
conditional-fit-0003,axis4_reasoning_termination,1850,5.106541482614149e-07
conditional-fit-0003,axis4_reasoning_termination,1851,1.0915842683239672e-06
conditional-fit-0003,axis4_reasoning_termination,1852,4.617400692610184e-06
conditional-fit-0003,axis4_reasoning_termination,1853,1.0916867781056359e-05
conditional-fit-0003,axis4_reasoning_termination,1854,2.0052922306446464e-06
conditional-fit-0003,axis4_reasoning_termination,1855,0.00010390788577677504
conditional-fit-0003,axis4_reasoning_termination,1856,1.4978331699904302e-05
conditional-fit-0003,axis4_reasoning_termination,1857,1.185571483196208e-06
conditional-fit-0003,axis4_reasoning_termination,1858,4.210137864788538e-06
conditional-fit-0003,axis4_reasoning_termination,1859,1.565404977879724e-05
conditional-fit-0003,axis4_reasoning_termination,1860,1.9369075245924922e-05
conditional-fit-0003,axis4_reasoning_termination,1861,1.4954477785917355e-06
conditional-fit-0003,axis4_reasoning_termination,1862,5.514720837741921e-07
conditional-fit-0003,axis4_reasoning_termination,1863,3.9802700370696446e-07
conditional-fit-0003,axis4_reasoning_termination,1864,1.1694103013457112e-06
conditional-fit-0003,axis4_reasoning_termination,1865,2.978560978571522e-06
conditional-fit-0003,axis4_reasoning_termination,1866,5.231191887258212e-07
conditional-fit-0003,axis4_reasoning_termination,1867,1.4299286471466721e-06
conditional-fit-0003,axis4_reasoning_termination,1868,3.871068711067369e-06
conditional-fit-0003,axis4_reasoning_termination,1869,2.1419545344052752e-06
conditional-fit-0003,axis4_reasoning_termination,1870,2.511870507822488e-06
conditional-fit-0003,axis4_reasoning_termination,1871,4.069923414061681e-06
conditional-fit-0003,axis4_reasoning_termination,1872,2.7222216934472713e-06
conditional-fit-0003,axis4_reasoning_termination,1873,7.991720578354302e-07
conditional-fit-0003,axis4_reasoning_termination,1874,2.172749234933865e-06
conditional-fit-0003,axis4_reasoning_termination,1875,1.0704114665432839e-05
conditional-fit-0003,axis4_reasoning_termination,1876,9.548572112705921e-06
conditional-fit-0003,axis4_reasoning_termination,1877,5.445211542787711e-05
conditional-fit-0003,axis4_reasoning_termination,1878,3.824689113163976e-06
conditional-fit-0003,axis4_reasoning_termination,1879,0.002729751737910126
conditional-fit-0003,axis4_reasoning_termination,1880,0.05437783809328019
conditional-fit-0003,axis4_reasoning_termination,1881,5.638474042758476e-05
conditional-fit-0003,axis4_reasoning_termination,1882,0.07121821440513817
conditional-fit-0003,axis4_reasoning_termination,1883,0.0031121480503962552
conditional-fit-0003,axis4_reasoning_termination,1884,3.154421479442898e-05
conditional-fit-0003,axis4_reasoning_termination,1885,0.007763618349955995
conditional-fit-0003,axis4_reasoning_termination,1886,5.611316536615016e-07
conditional-fit-0003,axis4_reasoning_termination,1887,4.007269414887889e-06
conditional-fit-0003,axis4_reasoning_termination,1888,4.616274854590443e-07
conditional-fit-0003,axis4_reasoning_termination,1889,7.755125258787348e-07
conditional-fit-0003,axis4_reasoning_termination,1890,1.0773171930702495e-05
conditional-fit-0003,axis4_reasoning_termination,1891,1.5130806251387892e-06
conditional-fit-0003,axis4_reasoning_termination,1892,1.0455477839501397e-06
conditional-fit-0003,axis4_reasoning_termination,1893,3.170526436663476e-05
conditional-fit-0003,axis4_reasoning_termination,1894,5.641928829549026e-07
conditional-fit-0003,axis4_reasoning_termination,1895,3.812120082660444e-07
conditional-fit-0003,axis4_reasoning_termination,1896,1.6955567857870893e-07
conditional-fit-0003,axis4_reasoning_termination,1897,1.989522502322544e-06
conditional-fit-0003,axis4_reasoning_termination,1898,3.2973757095966215e-06
conditional-fit-0003,axis4_reasoning_termination,1899,0.0002556052468850387
conditional-fit-0003,axis4_reasoning_termination,1900,5.609288666514953e-06
conditional-fit-0003,axis4_reasoning_termination,1901,3.4511319567788834e-06
conditional-fit-0003,axis4_reasoning_termination,1902,2.3083850314980292e-05
conditional-fit-0003,axis4_reasoning_termination,1903,3.77093458279401e-05
conditional-fit-0003,axis4_reasoning_termination,1904,1.2247398311936705e-05
conditional-fit-0003,axis4_reasoning_termination,1905,0.0007451870584373746
conditional-fit-0003,axis4_reasoning_termination,1906,0.0005557626565870208
conditional-fit-0003,axis4_reasoning_termination,1907,0.009734252970749504
conditional-fit-0003,axis4_reasoning_termination,1908,1.2917413847951444e-05
conditional-fit-0003,axis4_reasoning_termination,1909,5.920348803564132e-07
conditional-fit-0003,axis4_reasoning_termination,1910,2.4117420021748223e-06
conditional-fit-0003,axis4_reasoning_termination,1911,1.1775003561534976e-06
conditional-fit-0003,axis4_reasoning_termination,1912,7.53109729876933e-06
conditional-fit-0003,axis4_reasoning_termination,1913,1.0091838030130244e-05
conditional-fit-0003,axis4_reasoning_termination,1914,1.1325330573011877e-06
conditional-fit-0003,axis4_reasoning_termination,1915,6.187807191497933e-07
conditional-fit-0003,axis4_reasoning_termination,1916,4.651386980682504e-06
conditional-fit-0003,axis4_reasoning_termination,1917,3.7835958258070247e-06
conditional-fit-0003,axis4_reasoning_termination,1918,1.8642961805073243e-05
conditional-fit-0003,axis4_reasoning_termination,1919,1.1809670721064604e-06
conditional-fit-0003,axis4_reasoning_termination,1920,0.00044884211722999077
conditional-fit-0003,axis4_reasoning_termination,1921,3.291460450732365e-06
conditional-fit-0003,axis4_reasoning_termination,1922,1.0197770458079983e-06
conditional-fit-0003,axis4_reasoning_termination,1923,1.2774118702159882e-06
conditional-fit-0003,axis4_reasoning_termination,1924,6.258309692910001e-07
conditional-fit-0003,axis4_reasoning_termination,1925,1.2535771876639423e-07
conditional-fit-0003,axis4_reasoning_termination,1926,8.143912584222029e-05
conditional-fit-0003,axis4_reasoning_termination,1927,5.383542439009054e-06
conditional-fit-0003,axis4_reasoning_termination,1928,1.0594510143275486e-05
conditional-fit-0003,axis4_reasoning_termination,1929,8.347301953909494e-06
conditional-fit-0003,axis4_reasoning_termination,1930,6.801317873630999e-07
conditional-fit-0003,axis4_reasoning_termination,1931,7.949095481508186e-06
conditional-fit-0003,axis4_reasoning_termination,1932,2.7347910356631224e-06
conditional-fit-0003,axis4_reasoning_termination,1933,1.0137205065854303e-05
conditional-fit-0003,axis4_reasoning_termination,1934,0.0002952997599495071
conditional-fit-0003,axis4_reasoning_termination,1935,3.0597134470092787e-06
conditional-fit-0003,axis4_reasoning_termination,1936,0.0024323085180393295
conditional-fit-0003,axis4_reasoning_termination,1937,0.008920646003976511
conditional-fit-0003,axis4_reasoning_termination,1938,0.3378910008174101
conditional-fit-0003,axis4_reasoning_termination,1939,1.9193675031494613e-05
conditional-fit-0003,axis4_reasoning_termination,1940,0.05762231882506731
conditional-fit-0003,axis4_reasoning_termination,1941,0.0014874573018680809
conditional-fit-0003,axis4_reasoning_termination,1942,9.002535373478631e-07
conditional-fit-0003,axis4_reasoning_termination,1943,1.186056695866301e-05
conditional-fit-0003,axis4_reasoning_termination,1944,1.6939269888158796e-06
conditional-fit-0003,axis4_reasoning_termination,1945,0.0016927550469510787
conditional-fit-0003,axis4_reasoning_termination,1946,6.078855770865419e-06
conditional-fit-0003,axis4_reasoning_termination,1947,2.28074078662441e-05
conditional-fit-0003,axis4_reasoning_termination,1948,0.00011069759767778339
conditional-fit-0003,axis4_reasoning_termination,1949,0.0001968009956772207
conditional-fit-0003,axis4_reasoning_termination,1950,1.905277072010752e-05
conditional-fit-0003,axis4_reasoning_termination,1951,2.9700738895508245e-06
conditional-fit-0003,axis4_reasoning_termination,1952,6.0277096528884514e-05
conditional-fit-0003,axis4_reasoning_termination,1953,1.4144184173683153e-06
conditional-fit-0003,axis4_reasoning_termination,1954,2.2471500715386736e-07
conditional-fit-0003,axis4_reasoning_termination,1955,6.3057541263257e-07
conditional-fit-0003,axis4_reasoning_termination,1956,3.3560792983664163e-07
conditional-fit-0003,axis4_reasoning_termination,1957,5.513224517512572e-07
conditional-fit-0003,axis4_reasoning_termination,1958,2.5573456220485466e-06
conditional-fit-0003,axis4_reasoning_termination,1959,1.0840122920325189e-05
conditional-fit-0003,axis4_reasoning_termination,1960,1.6756360741089046e-06
conditional-fit-0003,axis4_reasoning_termination,1961,7.82738173360435e-07
conditional-fit-0003,axis4_reasoning_termination,1962,5.397365941296118e-07
conditional-fit-0003,axis4_reasoning_termination,1963,1.1024952016541013e-07
conditional-fit-0003,axis4_reasoning_termination,1964,4.167260747460481e-06
conditional-fit-0003,axis4_reasoning_termination,1965,6.855661195238715e-06
conditional-fit-0003,axis4_reasoning_termination,1966,1.3453212534553581e-06
conditional-fit-0003,axis4_reasoning_termination,1967,1.786662362203757e-06
conditional-fit-0003,axis4_reasoning_termination,1968,5.815634357262713e-07
conditional-fit-0003,axis4_reasoning_termination,1969,5.941240447444891e-05
conditional-fit-0003,axis4_reasoning_termination,1970,1.8178768044652165e-06
conditional-fit-0003,axis4_reasoning_termination,1971,4.955591901404366e-06
conditional-fit-0003,axis4_reasoning_termination,1972,8.809267542081361e-05
conditional-fit-0003,axis4_reasoning_termination,1973,8.53590112430817e-06
conditional-fit-0003,axis4_reasoning_termination,1974,4.518025435080384e-06
conditional-fit-0003,axis4_reasoning_termination,1975,9.413812131654239e-06
conditional-fit-0003,axis4_reasoning_termination,1976,5.560035102374181e-07
conditional-fit-0003,axis4_reasoning_termination,1977,1.8465305076617962e-06
conditional-fit-0003,axis4_reasoning_termination,1978,5.674225753250626e-07
conditional-fit-0003,axis4_reasoning_termination,1979,1.2644549145523443e-05
conditional-fit-0003,axis4_reasoning_termination,1980,6.730655631061554e-06
conditional-fit-0003,axis4_reasoning_termination,1981,1.4810446676120616e-06
conditional-fit-0003,axis4_reasoning_termination,1982,7.403781587352626e-07
conditional-fit-0003,axis4_reasoning_termination,1983,6.834090826561582e-07
conditional-fit-0003,axis4_reasoning_termination,1984,1.9954495237085182e-06
conditional-fit-0003,axis4_reasoning_termination,1985,5.911422869633835e-06
conditional-fit-0003,axis4_reasoning_termination,1986,1.8789057395085244e-06
conditional-fit-0003,axis4_reasoning_termination,1987,6.102618884424577e-06
conditional-fit-0003,axis4_reasoning_termination,1988,2.589793828789619e-06
conditional-fit-0003,axis4_reasoning_termination,1989,1.660041226648224e-07
conditional-fit-0003,axis4_reasoning_termination,1990,1.326884217712763e-06
conditional-fit-0003,axis4_reasoning_termination,1991,2.1501436558646494e-07
conditional-fit-0003,axis4_reasoning_termination,1992,5.367601625770221e-07
conditional-fit-0003,axis4_reasoning_termination,1993,4.604298618647782e-06
conditional-fit-0003,axis4_reasoning_termination,1994,2.8797737117108065e-07
conditional-fit-0003,axis4_reasoning_termination,1995,1.0396551919226892e-06
conditional-fit-0003,axis4_reasoning_termination,1996,5.3458801731704305e-06
conditional-fit-0003,axis4_reasoning_termination,1997,1.4078217452313712e-06
conditional-fit-0003,axis4_reasoning_termination,1998,8.253053127666744e-06
conditional-fit-0003,axis4_reasoning_termination,1999,1.0021359781932289e-05
conditional-fit-0003,axis4_reasoning_termination,2000,1.145735346537554e-05
conditional-fit-0003,axis4_reasoning_termination,2001,9.352220912138242e-06
conditional-fit-0003,axis4_reasoning_termination,2002,1.6412224960640121e-06
conditional-fit-0003,axis4_reasoning_termination,2003,6.502781201679328e-07
conditional-fit-0003,axis4_reasoning_termination,2004,7.631254225017047e-06
conditional-fit-0003,axis4_reasoning_termination,2005,4.4224164636514845e-05
conditional-fit-0003,axis4_reasoning_termination,2006,7.833762504087857e-06
conditional-fit-0003,axis4_reasoning_termination,2007,0.0031488150311530898
conditional-fit-0003,axis4_reasoning_termination,2008,0.023602426025598366
conditional-fit-0003,axis4_reasoning_termination,2009,0.47837183584725684
conditional-fit-0003,axis4_reasoning_termination,2010,0.00012655420141489282
conditional-fit-0003,axis4_reasoning_termination,2011,0.06985361106226373
conditional-fit-0003,axis4_reasoning_termination,2012,0.0037031344858273925
conditional-fit-0003,axis4_reasoning_termination,2013,7.91109323051508e-06
conditional-fit-0003,axis4_reasoning_termination,2014,4.1755227751560445e-05
conditional-fit-0003,axis4_reasoning_termination,2015,1.4077982058874713e-05
conditional-fit-0003,axis4_reasoning_termination,2016,0.002125612201560505
conditional-fit-0003,axis4_reasoning_termination,2017,3.6262598777234427e-06
conditional-fit-0003,axis4_reasoning_termination,2018,6.1692957520789e-07
conditional-fit-0003,axis4_reasoning_termination,2019,5.016180154140543e-05
conditional-fit-0003,axis4_reasoning_termination,2020,1.1044957598866486e-05
conditional-fit-0003,axis4_reasoning_termination,2021,6.681011493102554e-05
conditional-fit-0003,axis4_reasoning_termination,2022,5.3201722168143205e-05
conditional-fit-0003,axis4_reasoning_termination,2023,8.750752292315117e-05
conditional-fit-0003,axis4_reasoning_termination,2024,1.2322885256287575e-05
conditional-fit-0003,axis4_reasoning_termination,2025,1.4015222858594474e-06
conditional-fit-0003,axis4_reasoning_termination,2026,4.2592078342388676e-05
conditional-fit-0003,axis4_reasoning_termination,2027,2.8455722327978814e-05
conditional-fit-0003,axis4_reasoning_termination,2028,7.998765309886996e-07
conditional-fit-0003,axis4_reasoning_termination,2029,4.564841772269305e-06
conditional-fit-0003,axis4_reasoning_termination,2030,3.4807539186480854e-06
conditional-fit-0003,axis4_reasoning_termination,2031,7.167112153164667e-07
conditional-fit-0003,axis4_reasoning_termination,2032,4.779215210750777e-06
conditional-fit-0003,axis4_reasoning_termination,2033,1.9549897583501848e-07
conditional-fit-0003,axis4_reasoning_termination,2034,2.016135485904984e-06
conditional-fit-0003,axis4_reasoning_termination,2035,1.648419681584407e-06
conditional-fit-0003,axis4_reasoning_termination,2036,8.517558984974102e-06
conditional-fit-0003,axis4_reasoning_termination,2037,1.563356741133634e-06
conditional-fit-0003,axis4_reasoning_termination,2038,1.024698834528468e-06
conditional-fit-0003,axis4_reasoning_termination,2039,2.745416583450145e-06
conditional-fit-0003,axis4_reasoning_termination,2040,3.0962560094113944e-05
conditional-fit-0003,axis4_reasoning_termination,2041,1.0403985751574995e-08
conditional-fit-0003,axis4_reasoning_termination,2042,6.436571268413548e-07
conditional-fit-0003,axis4_reasoning_termination,2043,7.334580582602049e-05
conditional-fit-0003,axis4_reasoning_termination,2044,7.052921085654016e-06
conditional-fit-0003,axis4_reasoning_termination,2045,0.0002774333004934181
conditional-fit-0003,axis4_reasoning_termination,2046,1.7739628322496748e-06
