window_id,domain,pos,kld
conditional-fit-0030,axis3_code_agentic,0,0.15635092129297867
conditional-fit-0030,axis3_code_agentic,1,0.20982688554549586
conditional-fit-0030,axis3_code_agentic,2,0.254936216693368
conditional-fit-0030,axis3_code_agentic,3,0.25442931442981487
conditional-fit-0030,axis3_code_agentic,4,0.19768855375915803
conditional-fit-0030,axis3_code_agentic,5,0.09774352017319267
conditional-fit-0030,axis3_code_agentic,6,0.0146440877174718
conditional-fit-0030,axis3_code_agentic,7,4.112438210548943e-05
conditional-fit-0030,axis3_code_agentic,8,0.21476256310503483
conditional-fit-0030,axis3_code_agentic,9,0.10683704765593148
conditional-fit-0030,axis3_code_agentic,10,0.13644771295849883
conditional-fit-0030,axis3_code_agentic,11,0.06296386124838732
conditional-fit-0030,axis3_code_agentic,12,0.39440071058118065
conditional-fit-0030,axis3_code_agentic,13,0.11809902092210568
conditional-fit-0030,axis3_code_agentic,14,0.18787174470522763
conditional-fit-0030,axis3_code_agentic,15,0.23970434334657312
conditional-fit-0030,axis3_code_agentic,16,0.1891305783135659
conditional-fit-0030,axis3_code_agentic,17,0.1268708714630169
conditional-fit-0030,axis3_code_agentic,18,0.11662878426520239
conditional-fit-0030,axis3_code_agentic,19,0.04787189276034063
conditional-fit-0030,axis3_code_agentic,20,0.014822767558360398
conditional-fit-0030,axis3_code_agentic,21,0.11237175426408144
conditional-fit-0030,axis3_code_agentic,22,0.12441379651198411
conditional-fit-0030,axis3_code_agentic,23,0.23352578414548464
conditional-fit-0030,axis3_code_agentic,24,0.022497364496640027
conditional-fit-0030,axis3_code_agentic,25,0.005473035975273056
conditional-fit-0030,axis3_code_agentic,26,0.0022033684989634632
conditional-fit-0030,axis3_code_agentic,27,0.0010532237225347827
conditional-fit-0030,axis3_code_agentic,28,0.05907469053500816
conditional-fit-0030,axis3_code_agentic,29,0.12785812459724297
conditional-fit-0030,axis3_code_agentic,30,0.009226765845440103
conditional-fit-0030,axis3_code_agentic,31,0.0021205842017543285
conditional-fit-0030,axis3_code_agentic,32,0.06387896577146591
conditional-fit-0030,axis3_code_agentic,33,0.05994373369224951
conditional-fit-0030,axis3_code_agentic,34,0.020703261963007105
conditional-fit-0030,axis3_code_agentic,35,0.11341896197555737
conditional-fit-0030,axis3_code_agentic,36,0.19214356432630253
conditional-fit-0030,axis3_code_agentic,37,1.0340082488526507
conditional-fit-0030,axis3_code_agentic,38,0.012588834972712291
conditional-fit-0030,axis3_code_agentic,39,0.0003077389924973079
conditional-fit-0030,axis3_code_agentic,40,0.2730840073958385
conditional-fit-0030,axis3_code_agentic,41,0.000207063908712586
conditional-fit-0030,axis3_code_agentic,42,0.0001001738884690593
conditional-fit-0030,axis3_code_agentic,43,0.006467505292149374
conditional-fit-0030,axis3_code_agentic,44,0.0003313707095440858
conditional-fit-0030,axis3_code_agentic,45,0.10435464670304742
conditional-fit-0030,axis3_code_agentic,46,0.14855815723357207
conditional-fit-0030,axis3_code_agentic,47,0.03267781667720338
conditional-fit-0030,axis3_code_agentic,48,0.04758043521490895
conditional-fit-0030,axis3_code_agentic,49,0.11248500597148381
conditional-fit-0030,axis3_code_agentic,50,0.08600804583711387
conditional-fit-0030,axis3_code_agentic,51,0.1423002816592376
conditional-fit-0030,axis3_code_agentic,52,0.10232882705476985
conditional-fit-0030,axis3_code_agentic,53,0.11726482268409452
conditional-fit-0030,axis3_code_agentic,54,0.04864315468351574
conditional-fit-0030,axis3_code_agentic,55,0.005116731318341171
conditional-fit-0030,axis3_code_agentic,56,0.08333242992806177
conditional-fit-0030,axis3_code_agentic,57,8.907301461296755e-05
conditional-fit-0030,axis3_code_agentic,58,0.01688933368959259
conditional-fit-0030,axis3_code_agentic,59,0.07845549987183212
conditional-fit-0030,axis3_code_agentic,60,0.06763935026282873
conditional-fit-0030,axis3_code_agentic,61,0.07958259514340496
conditional-fit-0030,axis3_code_agentic,62,0.040675618896405134
conditional-fit-0030,axis3_code_agentic,63,0.005375857723879104
conditional-fit-0030,axis3_code_agentic,64,0.04712266436639871
conditional-fit-0030,axis3_code_agentic,65,0.15741350153487166
conditional-fit-0030,axis3_code_agentic,66,0.19795803307199336
conditional-fit-0030,axis3_code_agentic,67,0.31931579901515694
conditional-fit-0030,axis3_code_agentic,68,1.830732390437612
conditional-fit-0030,axis3_code_agentic,69,0.4116437560411593
conditional-fit-0030,axis3_code_agentic,70,0.5086815571153275
conditional-fit-0030,axis3_code_agentic,71,0.01043454948744478
conditional-fit-0030,axis3_code_agentic,72,0.031310488326484025
conditional-fit-0030,axis3_code_agentic,73,0.11073677996230838
conditional-fit-0030,axis3_code_agentic,74,0.0029245159433297888
conditional-fit-0030,axis3_code_agentic,75,0.0024778106382666552
conditional-fit-0030,axis3_code_agentic,76,4.312103156964386e-05
conditional-fit-0030,axis3_code_agentic,77,0.22870193517315168
conditional-fit-0030,axis3_code_agentic,78,0.0007439702995271395
conditional-fit-0030,axis3_code_agentic,79,0.1019188187301569
conditional-fit-0030,axis3_code_agentic,80,0.07161526009341745
conditional-fit-0030,axis3_code_agentic,81,0.025742225451831573
conditional-fit-0030,axis3_code_agentic,82,0.10880251978741975
conditional-fit-0030,axis3_code_agentic,83,0.017230322972457815
conditional-fit-0030,axis3_code_agentic,84,0.04502356892245443
conditional-fit-0030,axis3_code_agentic,85,0.014403458530336807
conditional-fit-0030,axis3_code_agentic,86,0.15141662132668993
conditional-fit-0030,axis3_code_agentic,87,0.16585624554320552
conditional-fit-0030,axis3_code_agentic,88,0.15099360982165413
conditional-fit-0030,axis3_code_agentic,89,0.10212149347400182
conditional-fit-0030,axis3_code_agentic,90,0.06987200087490282
conditional-fit-0030,axis3_code_agentic,91,0.010421983844855823
conditional-fit-0030,axis3_code_agentic,92,0.012874634768475645
conditional-fit-0030,axis3_code_agentic,93,6.058532996965792e-06
conditional-fit-0030,axis3_code_agentic,94,0.002248066607950891
conditional-fit-0030,axis3_code_agentic,95,0.00020845352067561283
conditional-fit-0030,axis3_code_agentic,96,0.2062435563569833
conditional-fit-0030,axis3_code_agentic,97,0.0115771878434867
conditional-fit-0030,axis3_code_agentic,98,0.004824097910998606
conditional-fit-0030,axis3_code_agentic,99,0.01904440776381081
conditional-fit-0030,axis3_code_agentic,100,0.028576989635836016
conditional-fit-0030,axis3_code_agentic,101,0.00195759529389638
conditional-fit-0030,axis3_code_agentic,102,0.006308379170963975
conditional-fit-0030,axis3_code_agentic,103,0.0012114882675880601
conditional-fit-0030,axis3_code_agentic,104,0.10808684706835651
conditional-fit-0030,axis3_code_agentic,105,0.011650741025399133
conditional-fit-0030,axis3_code_agentic,106,0.03326158663187993
conditional-fit-0030,axis3_code_agentic,107,0.07237656507364078
conditional-fit-0030,axis3_code_agentic,108,0.02070642000704849
conditional-fit-0030,axis3_code_agentic,109,0.00010790111578132274
conditional-fit-0030,axis3_code_agentic,110,0.0003623712201268498
conditional-fit-0030,axis3_code_agentic,111,2.54250277090146e-05
conditional-fit-0030,axis3_code_agentic,112,3.454026375366077e-05
conditional-fit-0030,axis3_code_agentic,113,0.00012477920193707713
conditional-fit-0030,axis3_code_agentic,114,0.00011749487083113094
conditional-fit-0030,axis3_code_agentic,115,4.771174100046749e-05
conditional-fit-0030,axis3_code_agentic,116,0.004831322394641704
conditional-fit-0030,axis3_code_agentic,117,5.186649010485349e-05
conditional-fit-0030,axis3_code_agentic,118,0.016912298886816765
conditional-fit-0030,axis3_code_agentic,119,0.012186215960411879
conditional-fit-0030,axis3_code_agentic,120,0.0031155799474327233
conditional-fit-0030,axis3_code_agentic,121,0.00032506198368277057
conditional-fit-0030,axis3_code_agentic,122,0.00016387873112252738
conditional-fit-0030,axis3_code_agentic,123,0.0803272358784517
conditional-fit-0030,axis3_code_agentic,124,0.10359228628874528
conditional-fit-0030,axis3_code_agentic,125,0.010577695463600285
conditional-fit-0030,axis3_code_agentic,126,0.015070016334929166
conditional-fit-0030,axis3_code_agentic,127,0.009124122549705922
conditional-fit-0030,axis3_code_agentic,128,0.0019634089103681028
conditional-fit-0030,axis3_code_agentic,129,0.00044243379711810676
conditional-fit-0030,axis3_code_agentic,130,0.02140522181055218
conditional-fit-0030,axis3_code_agentic,131,1.1246896026477976e-06
conditional-fit-0030,axis3_code_agentic,132,0.004050974988488174
conditional-fit-0030,axis3_code_agentic,133,7.697589430281336e-05
conditional-fit-0030,axis3_code_agentic,134,0.12547343774164643
conditional-fit-0030,axis3_code_agentic,135,0.004630578180680469
conditional-fit-0030,axis3_code_agentic,136,0.00014494741317196702
conditional-fit-0030,axis3_code_agentic,137,1.942987496663639e-05
conditional-fit-0030,axis3_code_agentic,138,9.136636245022812e-07
conditional-fit-0030,axis3_code_agentic,139,0.024060311901336288
conditional-fit-0030,axis3_code_agentic,140,0.026500619673836635
conditional-fit-0030,axis3_code_agentic,141,9.15438479032664e-05
conditional-fit-0030,axis3_code_agentic,142,0.10100523664577868
conditional-fit-0030,axis3_code_agentic,143,9.610063178240022e-06
conditional-fit-0030,axis3_code_agentic,144,5.62246914796512e-06
conditional-fit-0030,axis3_code_agentic,145,0.002761011051224284
conditional-fit-0030,axis3_code_agentic,146,0.000793010180771856
conditional-fit-0030,axis3_code_agentic,147,0.0009287930484109355
conditional-fit-0030,axis3_code_agentic,148,0.008397456531437905
conditional-fit-0030,axis3_code_agentic,149,4.940496909958338e-05
conditional-fit-0030,axis3_code_agentic,150,0.0018860127826706152
conditional-fit-0030,axis3_code_agentic,151,3.329987403609422e-08
conditional-fit-0030,axis3_code_agentic,152,0.00058029772348442
conditional-fit-0030,axis3_code_agentic,153,9.459910830037334e-05
conditional-fit-0030,axis3_code_agentic,154,9.801557632628264e-07
conditional-fit-0030,axis3_code_agentic,155,0.013503048021000559
conditional-fit-0030,axis3_code_agentic,156,0.0020750647931114495
conditional-fit-0030,axis3_code_agentic,157,0.006360039142482992
conditional-fit-0030,axis3_code_agentic,158,0.0020190324418794484
conditional-fit-0030,axis3_code_agentic,159,0.00014678904190179126
conditional-fit-0030,axis3_code_agentic,160,9.852209212210346e-05
conditional-fit-0030,axis3_code_agentic,161,6.386825669219053e-05
conditional-fit-0030,axis3_code_agentic,162,0.00010999782712690506
conditional-fit-0030,axis3_code_agentic,163,0.023613595290555796
conditional-fit-0030,axis3_code_agentic,164,0.0001611447691805851
conditional-fit-0030,axis3_code_agentic,165,0.062024167718109285
conditional-fit-0030,axis3_code_agentic,166,0.0007347240114165335
conditional-fit-0030,axis3_code_agentic,167,0.017307169941669448
conditional-fit-0030,axis3_code_agentic,168,3.6304632613771662e-06
conditional-fit-0030,axis3_code_agentic,169,0.0009532289310864271
conditional-fit-0030,axis3_code_agentic,170,0.00018650421552380157
conditional-fit-0030,axis3_code_agentic,171,0.0009337939559518932
conditional-fit-0030,axis3_code_agentic,172,0.03393093580237144
conditional-fit-0030,axis3_code_agentic,173,0.023350559090163526
conditional-fit-0030,axis3_code_agentic,174,0.0037466853488822495
conditional-fit-0030,axis3_code_agentic,175,0.033474191139208395
conditional-fit-0030,axis3_code_agentic,176,0.0019119262439344015
conditional-fit-0030,axis3_code_agentic,177,0.006040941335175675
conditional-fit-0030,axis3_code_agentic,178,0.0007554582990650588
conditional-fit-0030,axis3_code_agentic,179,0.0066812151035960015
conditional-fit-0030,axis3_code_agentic,180,0.016545356259092495
conditional-fit-0030,axis3_code_agentic,181,0.018901286819722425
conditional-fit-0030,axis3_code_agentic,182,3.5124068521117756e-06
conditional-fit-0030,axis3_code_agentic,183,0.002673677325411135
conditional-fit-0030,axis3_code_agentic,184,0.00013499731497398706
conditional-fit-0030,axis3_code_agentic,185,0.1952566593824267
conditional-fit-0030,axis3_code_agentic,186,0.0017101363694064498
conditional-fit-0030,axis3_code_agentic,187,0.004319243653847761
conditional-fit-0030,axis3_code_agentic,188,0.08566095081595174
conditional-fit-0030,axis3_code_agentic,189,0.008069775842257657
conditional-fit-0030,axis3_code_agentic,190,0.00010319629540445421
conditional-fit-0030,axis3_code_agentic,191,0.0031740124212850445
conditional-fit-0030,axis3_code_agentic,192,0.008796798307274045
conditional-fit-0030,axis3_code_agentic,193,0.017122359705522575
conditional-fit-0030,axis3_code_agentic,194,0.09028883284209746
conditional-fit-0030,axis3_code_agentic,195,0.007412592565201451
conditional-fit-0030,axis3_code_agentic,196,7.585564948588214e-06
conditional-fit-0030,axis3_code_agentic,197,1.4000246350897974e-07
conditional-fit-0030,axis3_code_agentic,198,0.0004975565398792172
conditional-fit-0030,axis3_code_agentic,199,1.2115069994205024e-05
conditional-fit-0030,axis3_code_agentic,200,0.00972291786625376
conditional-fit-0030,axis3_code_agentic,201,0.0015449490109560539
conditional-fit-0030,axis3_code_agentic,202,0.03096144913766398
conditional-fit-0030,axis3_code_agentic,203,0.022135267375991287
conditional-fit-0030,axis3_code_agentic,204,0.0001637520161914391
conditional-fit-0030,axis3_code_agentic,205,0.024874916537416428
conditional-fit-0030,axis3_code_agentic,206,0.10754441899240386
conditional-fit-0030,axis3_code_agentic,207,0.006364099823255038
conditional-fit-0030,axis3_code_agentic,208,0.0008324278951136997
conditional-fit-0030,axis3_code_agentic,209,0.0004030044121516791
conditional-fit-0030,axis3_code_agentic,210,3.5516472377926858e-06
conditional-fit-0030,axis3_code_agentic,211,0.006298746796115605
conditional-fit-0030,axis3_code_agentic,212,0.00011952322659400444
conditional-fit-0030,axis3_code_agentic,213,0.024873720003436572
conditional-fit-0030,axis3_code_agentic,214,0.004489776687368315
conditional-fit-0030,axis3_code_agentic,215,0.19204697666855924
conditional-fit-0030,axis3_code_agentic,216,0.009700971497933862
conditional-fit-0030,axis3_code_agentic,217,0.005269654573477405
conditional-fit-0030,axis3_code_agentic,218,1.4821675770164744e-06
conditional-fit-0030,axis3_code_agentic,219,0.07694859457417019
conditional-fit-0030,axis3_code_agentic,220,0.17621367674458724
conditional-fit-0030,axis3_code_agentic,221,0.0007363470751765602
conditional-fit-0030,axis3_code_agentic,222,3.255358232507432e-05
conditional-fit-0030,axis3_code_agentic,223,5.122833075546796e-05
conditional-fit-0030,axis3_code_agentic,224,7.901701731082678e-05
conditional-fit-0030,axis3_code_agentic,225,0.000265797613940282
conditional-fit-0030,axis3_code_agentic,226,0.0009317599223429938
conditional-fit-0030,axis3_code_agentic,227,7.662316502453957e-05
conditional-fit-0030,axis3_code_agentic,228,1.3998960970915388e-05
conditional-fit-0030,axis3_code_agentic,229,8.842150301498057e-05
conditional-fit-0030,axis3_code_agentic,230,0.00021766068369208832
conditional-fit-0030,axis3_code_agentic,231,5.331429065164133e-05
conditional-fit-0030,axis3_code_agentic,232,4.7132355234569246e-06
conditional-fit-0030,axis3_code_agentic,233,3.709819117182564e-06
conditional-fit-0030,axis3_code_agentic,234,0.00014035890455337544
conditional-fit-0030,axis3_code_agentic,235,1.598680368444175e-05
conditional-fit-0030,axis3_code_agentic,236,0.00026182008512505865
conditional-fit-0030,axis3_code_agentic,237,1.0617058006275644e-05
conditional-fit-0030,axis3_code_agentic,238,0.0008256384142217836
conditional-fit-0030,axis3_code_agentic,239,2.520240868098066e-05
conditional-fit-0030,axis3_code_agentic,240,0.008475196967733292
conditional-fit-0030,axis3_code_agentic,241,0.0008893529256391374
conditional-fit-0030,axis3_code_agentic,242,0.028244627295537856
conditional-fit-0030,axis3_code_agentic,243,0.17354064536939548
conditional-fit-0030,axis3_code_agentic,244,0.08276826791484264
conditional-fit-0030,axis3_code_agentic,245,0.07755773015784294
conditional-fit-0030,axis3_code_agentic,246,0.0005037002667308175
conditional-fit-0030,axis3_code_agentic,247,8.404137917515311e-05
conditional-fit-0030,axis3_code_agentic,248,0.0030167846869353435
conditional-fit-0030,axis3_code_agentic,249,0.005357847144883035
conditional-fit-0030,axis3_code_agentic,250,0.08898002301570293
conditional-fit-0030,axis3_code_agentic,251,0.013195779552605721
conditional-fit-0030,axis3_code_agentic,252,3.4023165207333063e-06
conditional-fit-0030,axis3_code_agentic,253,1.784058085354236e-05
conditional-fit-0030,axis3_code_agentic,254,2.3049085989551775e-05
conditional-fit-0030,axis3_code_agentic,255,2.621369745802321e-05
conditional-fit-0030,axis3_code_agentic,256,1.005638267756651e-05
conditional-fit-0030,axis3_code_agentic,257,1.4599223285937061e-05
conditional-fit-0030,axis3_code_agentic,258,9.755144724487413e-06
conditional-fit-0030,axis3_code_agentic,259,0.0001782573585193753
conditional-fit-0030,axis3_code_agentic,260,1.0603939109296304e-05
conditional-fit-0030,axis3_code_agentic,261,0.0014884611315549934
conditional-fit-0030,axis3_code_agentic,262,0.003900480269578695
conditional-fit-0030,axis3_code_agentic,263,0.0030828084240087346
conditional-fit-0030,axis3_code_agentic,264,0.012049292514752358
conditional-fit-0030,axis3_code_agentic,265,1.7820727324111459e-07
conditional-fit-0030,axis3_code_agentic,266,3.4817993401648704e-05
conditional-fit-0030,axis3_code_agentic,267,0.00016050719311250139
conditional-fit-0030,axis3_code_agentic,268,0.000434310282060865
conditional-fit-0030,axis3_code_agentic,269,3.8604393674707814e-06
conditional-fit-0030,axis3_code_agentic,270,1.3848969058425028e-06
conditional-fit-0030,axis3_code_agentic,271,0.00200615695307924
conditional-fit-0030,axis3_code_agentic,272,6.508860269288256e-05
conditional-fit-0030,axis3_code_agentic,273,2.852976475412643e-06
conditional-fit-0030,axis3_code_agentic,274,0.000718509804788167
conditional-fit-0030,axis3_code_agentic,275,3.309419377707694e-06
conditional-fit-0030,axis3_code_agentic,276,6.054211775038488e-06
conditional-fit-0030,axis3_code_agentic,277,0.0007269943052828367
conditional-fit-0030,axis3_code_agentic,278,0.0017788481301435006
conditional-fit-0030,axis3_code_agentic,279,0.00010713099235491032
conditional-fit-0030,axis3_code_agentic,280,0.0071670388364826285
conditional-fit-0030,axis3_code_agentic,281,6.9734889941809685e-06
conditional-fit-0030,axis3_code_agentic,282,0.00011093613224888191
conditional-fit-0030,axis3_code_agentic,283,3.936352934307433e-05
conditional-fit-0030,axis3_code_agentic,284,1.860423281408364e-05
conditional-fit-0030,axis3_code_agentic,285,3.972863480099964e-06
conditional-fit-0030,axis3_code_agentic,286,6.762584983024879e-05
conditional-fit-0030,axis3_code_agentic,287,9.102008182965645e-05
conditional-fit-0030,axis3_code_agentic,288,3.13239596369995e-05
conditional-fit-0030,axis3_code_agentic,289,1.829413085565773e-05
conditional-fit-0030,axis3_code_agentic,290,8.091734533743088e-05
conditional-fit-0030,axis3_code_agentic,291,0.0015043271162140338
conditional-fit-0030,axis3_code_agentic,292,0.1540358554387504
conditional-fit-0030,axis3_code_agentic,293,0.00369654914363127
conditional-fit-0030,axis3_code_agentic,294,0.0065125926717716715
conditional-fit-0030,axis3_code_agentic,295,0.00032057872438650783
conditional-fit-0030,axis3_code_agentic,296,0.025065224550560223
conditional-fit-0030,axis3_code_agentic,297,0.0004899961543953742
conditional-fit-0030,axis3_code_agentic,298,1.5990244007632063e-05
conditional-fit-0030,axis3_code_agentic,299,3.6835065902490226e-06
conditional-fit-0030,axis3_code_agentic,300,3.618308463681175e-05
conditional-fit-0030,axis3_code_agentic,301,6.440839516186293e-06
conditional-fit-0030,axis3_code_agentic,302,3.371603647002386e-05
conditional-fit-0030,axis3_code_agentic,303,0.0011990962293918776
conditional-fit-0030,axis3_code_agentic,304,1.0551324301333644e-07
conditional-fit-0030,axis3_code_agentic,305,6.976300098981918e-05
conditional-fit-0030,axis3_code_agentic,306,7.2179719171940636e-06
conditional-fit-0030,axis3_code_agentic,307,2.9060796168332007e-05
conditional-fit-0030,axis3_code_agentic,308,7.707241310815906e-06
conditional-fit-0030,axis3_code_agentic,309,5.624512577891226e-06
conditional-fit-0030,axis3_code_agentic,310,0.00011670454397184703
conditional-fit-0030,axis3_code_agentic,311,2.2449912752826257e-07
conditional-fit-0030,axis3_code_agentic,312,1.1075973024274206e-05
conditional-fit-0030,axis3_code_agentic,313,0.00012867168909684218
conditional-fit-0030,axis3_code_agentic,314,1.4105946638746277e-06
conditional-fit-0030,axis3_code_agentic,315,0.08431590814236381
conditional-fit-0030,axis3_code_agentic,316,4.4127818789040985e-07
conditional-fit-0030,axis3_code_agentic,317,0.00012800081993098158
conditional-fit-0030,axis3_code_agentic,318,0.00039524701335519867
conditional-fit-0030,axis3_code_agentic,319,2.951897042558318e-05
conditional-fit-0030,axis3_code_agentic,320,0.000255523020815525
conditional-fit-0030,axis3_code_agentic,321,1.798462418551892e-05
conditional-fit-0030,axis3_code_agentic,322,4.962424340143341e-06
conditional-fit-0030,axis3_code_agentic,323,0.006549755361382876
conditional-fit-0030,axis3_code_agentic,324,2.1773912157032283e-07
conditional-fit-0030,axis3_code_agentic,325,3.989803477548244e-06
conditional-fit-0030,axis3_code_agentic,326,1.1687691517950784e-06
conditional-fit-0030,axis3_code_agentic,327,3.0739998072249224e-06
conditional-fit-0030,axis3_code_agentic,328,0.02232510206682219
conditional-fit-0030,axis3_code_agentic,329,0.0003357164206117476
conditional-fit-0030,axis3_code_agentic,330,2.31467840075437e-05
conditional-fit-0030,axis3_code_agentic,331,3.3203034706272333e-06
conditional-fit-0030,axis3_code_agentic,332,0.0006222782905146165
conditional-fit-0030,axis3_code_agentic,333,5.753468288896213e-06
conditional-fit-0030,axis3_code_agentic,334,7.795056530221861e-05
conditional-fit-0030,axis3_code_agentic,335,2.3514236564192808e-06
conditional-fit-0030,axis3_code_agentic,336,5.73544258038681e-05
conditional-fit-0030,axis3_code_agentic,337,3.98144744489646e-06
conditional-fit-0030,axis3_code_agentic,338,4.446091314411884e-05
conditional-fit-0030,axis3_code_agentic,339,0.00014163215371318402
conditional-fit-0030,axis3_code_agentic,340,0.0005039962896822843
conditional-fit-0030,axis3_code_agentic,341,4.699615485024824e-08
conditional-fit-0030,axis3_code_agentic,342,0.00018740802894185604
conditional-fit-0030,axis3_code_agentic,343,5.36515725849524e-06
conditional-fit-0030,axis3_code_agentic,344,4.989577088324406e-05
conditional-fit-0030,axis3_code_agentic,345,4.51521898823855e-06
conditional-fit-0030,axis3_code_agentic,346,1.1444670448146644e-05
conditional-fit-0030,axis3_code_agentic,347,7.035788179498502e-05
conditional-fit-0030,axis3_code_agentic,348,0.004715494060714236
conditional-fit-0030,axis3_code_agentic,349,0.007657507703168089
conditional-fit-0030,axis3_code_agentic,350,0.0001285380357431373
conditional-fit-0030,axis3_code_agentic,351,0.00014709509204700833
conditional-fit-0030,axis3_code_agentic,352,0.002762902302632295
conditional-fit-0030,axis3_code_agentic,353,0.000948055920682276
conditional-fit-0030,axis3_code_agentic,354,0.000758402330795112
conditional-fit-0030,axis3_code_agentic,355,0.008287600165442367
conditional-fit-0030,axis3_code_agentic,356,0.004550513960780128
conditional-fit-0030,axis3_code_agentic,357,0.0035063594881079053
conditional-fit-0030,axis3_code_agentic,358,0.008410459300628625
conditional-fit-0030,axis3_code_agentic,359,0.013785275240330068
conditional-fit-0030,axis3_code_agentic,360,8.437240271188375e-07
conditional-fit-0030,axis3_code_agentic,361,0.00048138317517021204
conditional-fit-0030,axis3_code_agentic,362,7.781861920975458e-06
conditional-fit-0030,axis3_code_agentic,363,0.00011796195204345139
conditional-fit-0030,axis3_code_agentic,364,3.228853745016556e-06
conditional-fit-0030,axis3_code_agentic,365,1.4234579770411883e-05
conditional-fit-0030,axis3_code_agentic,366,4.1066372899801576e-06
conditional-fit-0030,axis3_code_agentic,367,6.853908003375885e-05
conditional-fit-0030,axis3_code_agentic,368,5.465941045704927e-06
conditional-fit-0030,axis3_code_agentic,369,4.166007100241537e-05
conditional-fit-0030,axis3_code_agentic,370,0.04563245457058076
conditional-fit-0030,axis3_code_agentic,371,0.03167876205642408
conditional-fit-0030,axis3_code_agentic,372,0.006268267663269543
conditional-fit-0030,axis3_code_agentic,373,1.2389351036890745e-07
conditional-fit-0030,axis3_code_agentic,374,1.2200995555980995e-05
conditional-fit-0030,axis3_code_agentic,375,1.8399839207883485e-06
conditional-fit-0030,axis3_code_agentic,376,9.392510535236243e-06
conditional-fit-0030,axis3_code_agentic,377,1.4379623696127641e-05
conditional-fit-0030,axis3_code_agentic,378,9.780195476309294e-06
conditional-fit-0030,axis3_code_agentic,379,9.375176824306511e-05
conditional-fit-0030,axis3_code_agentic,380,1.3841606925225845e-05
conditional-fit-0030,axis3_code_agentic,381,4.083881601489158e-06
conditional-fit-0030,axis3_code_agentic,382,9.068881316133416e-06
conditional-fit-0030,axis3_code_agentic,383,9.745038849198878e-05
conditional-fit-0030,axis3_code_agentic,384,5.662010124630986e-06
conditional-fit-0030,axis3_code_agentic,385,4.1783300614047197e-07
conditional-fit-0030,axis3_code_agentic,386,3.4775579491687766e-06
conditional-fit-0030,axis3_code_agentic,387,1.704591109147462e-06
conditional-fit-0030,axis3_code_agentic,388,2.6247050006952535e-08
conditional-fit-0030,axis3_code_agentic,389,8.670818799587953e-06
conditional-fit-0030,axis3_code_agentic,390,1.4209448840892768e-06
conditional-fit-0030,axis3_code_agentic,391,2.3893327739350307e-05
conditional-fit-0030,axis3_code_agentic,392,1.579630083055002e-05
conditional-fit-0030,axis3_code_agentic,393,1.5223736951451164e-05
conditional-fit-0030,axis3_code_agentic,394,1.906905834406543e-05
conditional-fit-0030,axis3_code_agentic,395,9.373555975755433e-06
conditional-fit-0030,axis3_code_agentic,396,4.8844699528340806e-05
conditional-fit-0030,axis3_code_agentic,397,0.00012052516264888141
conditional-fit-0030,axis3_code_agentic,398,1.2284484336253391e-05
conditional-fit-0030,axis3_code_agentic,399,2.2162419629645016e-06
conditional-fit-0030,axis3_code_agentic,400,5.1163802517923166e-05
conditional-fit-0030,axis3_code_agentic,401,3.8666713807298735e-07
conditional-fit-0030,axis3_code_agentic,402,0.0001629300941549109
conditional-fit-0030,axis3_code_agentic,403,4.347980952412741e-06
conditional-fit-0030,axis3_code_agentic,404,1.5400604963704408e-05
conditional-fit-0030,axis3_code_agentic,405,4.365284100312479e-05
conditional-fit-0030,axis3_code_agentic,406,1.4862153552821536e-05
conditional-fit-0030,axis3_code_agentic,407,0.0012857325480559868
conditional-fit-0030,axis3_code_agentic,408,0.000258281977394423
conditional-fit-0030,axis3_code_agentic,409,6.73665061492811e-07
conditional-fit-0030,axis3_code_agentic,410,0.000834068509336681
conditional-fit-0030,axis3_code_agentic,411,0.0014168318428552805
conditional-fit-0030,axis3_code_agentic,412,0.00024599076434759766
conditional-fit-0030,axis3_code_agentic,413,1.871513099542398e-05
conditional-fit-0030,axis3_code_agentic,414,5.3921693177396634e-05
conditional-fit-0030,axis3_code_agentic,415,6.116086988685438e-05
conditional-fit-0030,axis3_code_agentic,416,6.612419513463854e-05
conditional-fit-0030,axis3_code_agentic,417,7.543856230573605e-05
conditional-fit-0030,axis3_code_agentic,418,0.0005809592685632294
conditional-fit-0030,axis3_code_agentic,419,8.478908717354878e-06
conditional-fit-0030,axis3_code_agentic,420,4.1970446383810584e-05
conditional-fit-0030,axis3_code_agentic,421,3.436360875066456e-05
conditional-fit-0030,axis3_code_agentic,422,0.09414257124281818
conditional-fit-0030,axis3_code_agentic,423,2.3904598027106398e-06
conditional-fit-0030,axis3_code_agentic,424,3.679813203263871e-06
conditional-fit-0030,axis3_code_agentic,425,2.3345504575668446e-05
conditional-fit-0030,axis3_code_agentic,426,0.0001870689787069907
conditional-fit-0030,axis3_code_agentic,427,4.6288195757563034e-05
conditional-fit-0030,axis3_code_agentic,428,0.000557933261174088
conditional-fit-0030,axis3_code_agentic,429,1.36410453129876e-05
conditional-fit-0030,axis3_code_agentic,430,0.008243140701272193
conditional-fit-0030,axis3_code_agentic,431,1.1102272724108752e-05
conditional-fit-0030,axis3_code_agentic,432,0.00050675780639649
conditional-fit-0030,axis3_code_agentic,433,0.0009039561352492285
conditional-fit-0030,axis3_code_agentic,434,0.003361012391049044
conditional-fit-0030,axis3_code_agentic,435,0.018375862373674126
conditional-fit-0030,axis3_code_agentic,436,0.0017946875589590135
conditional-fit-0030,axis3_code_agentic,437,0.09673237635054015
conditional-fit-0030,axis3_code_agentic,438,2.0948157098009267e-05
conditional-fit-0030,axis3_code_agentic,439,7.214787478622325e-05
conditional-fit-0030,axis3_code_agentic,440,0.001901642053069209
conditional-fit-0030,axis3_code_agentic,441,0.04112908291665106
conditional-fit-0030,axis3_code_agentic,442,0.14711466979923254
conditional-fit-0030,axis3_code_agentic,443,0.1837986228879869
conditional-fit-0030,axis3_code_agentic,444,0.0009911800271825686
conditional-fit-0030,axis3_code_agentic,445,0.006815364505153697
conditional-fit-0030,axis3_code_agentic,446,0.00024356900838663949
conditional-fit-0030,axis3_code_agentic,447,1.1027435656998212e-05
conditional-fit-0030,axis3_code_agentic,448,2.556023680509053e-05
conditional-fit-0030,axis3_code_agentic,449,4.133869705433879e-05
conditional-fit-0030,axis3_code_agentic,450,8.677893844853096e-05
conditional-fit-0030,axis3_code_agentic,451,0.0023664354228054045
conditional-fit-0030,axis3_code_agentic,452,0.00011880102406113595
conditional-fit-0030,axis3_code_agentic,453,0.00027558223555267537
conditional-fit-0030,axis3_code_agentic,454,0.006885362407089702
conditional-fit-0030,axis3_code_agentic,455,0.0533418849441073
conditional-fit-0030,axis3_code_agentic,456,0.026725003421457432
conditional-fit-0030,axis3_code_agentic,457,0.06020858353114303
conditional-fit-0030,axis3_code_agentic,458,0.02357693693772795
conditional-fit-0030,axis3_code_agentic,459,0.004819018521893445
conditional-fit-0030,axis3_code_agentic,460,0.0014428744621119089
conditional-fit-0030,axis3_code_agentic,461,0.00015721162722343523
conditional-fit-0030,axis3_code_agentic,462,0.02149655270962689
conditional-fit-0030,axis3_code_agentic,463,0.09301368614529454
conditional-fit-0030,axis3_code_agentic,464,0.06052491630387849
conditional-fit-0030,axis3_code_agentic,465,0.029677553261163864
conditional-fit-0030,axis3_code_agentic,466,0.0005241988593815098
conditional-fit-0030,axis3_code_agentic,467,0.0023526253714096466
conditional-fit-0030,axis3_code_agentic,468,0.001568756570607631
conditional-fit-0030,axis3_code_agentic,469,0.00038713614737431604
conditional-fit-0030,axis3_code_agentic,470,1.6329221968359556e-07
conditional-fit-0030,axis3_code_agentic,471,2.2886859536727567e-06
conditional-fit-0030,axis3_code_agentic,472,1.2606789146313921e-05
conditional-fit-0030,axis3_code_agentic,473,2.304242295476822e-05
conditional-fit-0030,axis3_code_agentic,474,3.0335038869335037e-06
conditional-fit-0030,axis3_code_agentic,475,2.0480146279207307e-06
conditional-fit-0030,axis3_code_agentic,476,1.7809817138008813e-05
conditional-fit-0030,axis3_code_agentic,477,1.5248011308534582e-05
conditional-fit-0030,axis3_code_agentic,478,3.322984912775789e-06
conditional-fit-0030,axis3_code_agentic,479,0.00032027877176910746
conditional-fit-0030,axis3_code_agentic,480,1.4366810932317446e-05
conditional-fit-0030,axis3_code_agentic,481,7.242570064775156e-06
conditional-fit-0030,axis3_code_agentic,482,6.772818735187232e-05
conditional-fit-0030,axis3_code_agentic,483,0.005866697773119049
conditional-fit-0030,axis3_code_agentic,484,0.0737554161481457
conditional-fit-0030,axis3_code_agentic,485,7.291298388243758e-05
conditional-fit-0030,axis3_code_agentic,486,0.010157556298453687
conditional-fit-0030,axis3_code_agentic,487,7.646044746897039e-05
conditional-fit-0030,axis3_code_agentic,488,1.1042817810875299e-06
conditional-fit-0030,axis3_code_agentic,489,9.226090639537738e-06
conditional-fit-0030,axis3_code_agentic,490,4.040078996099233e-06
conditional-fit-0030,axis3_code_agentic,491,2.347044150573193e-05
conditional-fit-0030,axis3_code_agentic,492,9.532087669688088e-06
conditional-fit-0030,axis3_code_agentic,493,4.2315962674371815e-05
conditional-fit-0030,axis3_code_agentic,494,4.09131736493029e-05
conditional-fit-0030,axis3_code_agentic,495,4.54120916992282e-05
conditional-fit-0030,axis3_code_agentic,496,6.576110443596306e-05
conditional-fit-0030,axis3_code_agentic,497,0.00020460772348289888
conditional-fit-0030,axis3_code_agentic,498,0.0018481773937598395
conditional-fit-0030,axis3_code_agentic,499,0.001605289397483
conditional-fit-0030,axis3_code_agentic,500,8.613085810504125e-05
conditional-fit-0030,axis3_code_agentic,501,8.023954921467278e-05
conditional-fit-0030,axis3_code_agentic,502,9.850369178043131e-05
conditional-fit-0030,axis3_code_agentic,503,2.2091959548323857e-05
conditional-fit-0030,axis3_code_agentic,504,2.37079062879042e-05
conditional-fit-0030,axis3_code_agentic,505,1.6058322872330825e-05
conditional-fit-0030,axis3_code_agentic,506,2.027268052296654e-05
conditional-fit-0030,axis3_code_agentic,507,7.960195623911614e-06
conditional-fit-0030,axis3_code_agentic,508,5.46404107670351e-06
conditional-fit-0030,axis3_code_agentic,509,0.0010789736640857773
conditional-fit-0030,axis3_code_agentic,510,1.6970906447543686e-07
conditional-fit-0030,axis3_code_agentic,511,1.2023976527161246e-05
conditional-fit-0030,axis3_code_agentic,512,2.7605095276693072e-06
conditional-fit-0030,axis3_code_agentic,513,5.3578581745458095e-06
conditional-fit-0030,axis3_code_agentic,514,1.0900062817314854e-05
conditional-fit-0030,axis3_code_agentic,515,2.553427851368851e-06
conditional-fit-0030,axis3_code_agentic,516,6.613420599573032e-05
conditional-fit-0030,axis3_code_agentic,517,8.735029989622058e-08
conditional-fit-0030,axis3_code_agentic,518,3.439664718471824e-05
conditional-fit-0030,axis3_code_agentic,519,3.6861265320251383e-05
conditional-fit-0030,axis3_code_agentic,520,3.533333173051539e-06
conditional-fit-0030,axis3_code_agentic,521,0.0012092644787316251
conditional-fit-0030,axis3_code_agentic,522,1.8285806572356873e-06
conditional-fit-0030,axis3_code_agentic,523,3.471160188737183e-06
conditional-fit-0030,axis3_code_agentic,524,2.5490311548516462e-05
conditional-fit-0030,axis3_code_agentic,525,6.601403224026675e-06
conditional-fit-0030,axis3_code_agentic,526,6.05848938800585e-06
conditional-fit-0030,axis3_code_agentic,527,3.6050420732799743e-06
conditional-fit-0030,axis3_code_agentic,528,6.1271679385505874e-06
conditional-fit-0030,axis3_code_agentic,529,5.5789559851078234e-05
conditional-fit-0030,axis3_code_agentic,530,4.5141790779324946e-07
conditional-fit-0030,axis3_code_agentic,531,1.2781305658736855e-05
conditional-fit-0030,axis3_code_agentic,532,2.4022641080847897e-05
conditional-fit-0030,axis3_code_agentic,533,1.2532917803245211e-05
conditional-fit-0030,axis3_code_agentic,534,0.0010757138712129196
conditional-fit-0030,axis3_code_agentic,535,4.066298980018631e-06
conditional-fit-0030,axis3_code_agentic,536,8.95809407645429e-05
conditional-fit-0030,axis3_code_agentic,537,1.1470769363482809e-05
conditional-fit-0030,axis3_code_agentic,538,6.921720172139294e-05
conditional-fit-0030,axis3_code_agentic,539,6.333196668684368e-06
conditional-fit-0030,axis3_code_agentic,540,1.6115237703066527e-05
conditional-fit-0030,axis3_code_agentic,541,7.853809847986693e-06
conditional-fit-0030,axis3_code_agentic,542,4.8414256799135383e-05
conditional-fit-0030,axis3_code_agentic,543,0.00020629450809827123
conditional-fit-0030,axis3_code_agentic,544,9.200725210308281e-05
conditional-fit-0030,axis3_code_agentic,545,7.036875240686483e-05
conditional-fit-0030,axis3_code_agentic,546,0.00017936330654782237
conditional-fit-0030,axis3_code_agentic,547,2.8608040873000143e-06
conditional-fit-0030,axis3_code_agentic,548,0.019049779092021425
conditional-fit-0030,axis3_code_agentic,549,7.798218880541942e-06
conditional-fit-0030,axis3_code_agentic,550,2.339279793075529e-05
conditional-fit-0030,axis3_code_agentic,551,1.6981980255645507e-05
conditional-fit-0030,axis3_code_agentic,552,1.6767784408098633e-05
conditional-fit-0030,axis3_code_agentic,553,1.117149884656586e-05
conditional-fit-0030,axis3_code_agentic,554,1.869632157267079e-05
conditional-fit-0030,axis3_code_agentic,555,2.5526016938375926e-05
conditional-fit-0030,axis3_code_agentic,556,4.787414186949645e-05
conditional-fit-0030,axis3_code_agentic,557,0.0002887014244917
conditional-fit-0030,axis3_code_agentic,558,0.009111691529380146
conditional-fit-0030,axis3_code_agentic,559,0.00012374168362838092
conditional-fit-0030,axis3_code_agentic,560,0.0027177725882797862
conditional-fit-0030,axis3_code_agentic,561,0.04510246442320664
conditional-fit-0030,axis3_code_agentic,562,0.003572974406551064
conditional-fit-0030,axis3_code_agentic,563,8.095956026663638e-05
conditional-fit-0030,axis3_code_agentic,564,0.004077070885805945
conditional-fit-0030,axis3_code_agentic,565,0.004072532514988633
conditional-fit-0030,axis3_code_agentic,566,4.046941266591468e-06
conditional-fit-0030,axis3_code_agentic,567,1.384515811630658e-05
conditional-fit-0030,axis3_code_agentic,568,7.6098973623164915e-06
conditional-fit-0030,axis3_code_agentic,569,8.995523580536876e-05
conditional-fit-0030,axis3_code_agentic,570,2.232461017630593e-05
conditional-fit-0030,axis3_code_agentic,571,1.531329777412973e-05
conditional-fit-0030,axis3_code_agentic,572,3.5567798320295946e-06
conditional-fit-0030,axis3_code_agentic,573,3.1092574549741476e-05
conditional-fit-0030,axis3_code_agentic,574,3.2434885654523794e-05
conditional-fit-0030,axis3_code_agentic,575,0.00011635924098207513
conditional-fit-0030,axis3_code_agentic,576,0.0044362533118572885
conditional-fit-0030,axis3_code_agentic,577,0.02274278608818097
conditional-fit-0030,axis3_code_agentic,578,0.00021947866505460508
conditional-fit-0030,axis3_code_agentic,579,0.0006312700482266722
conditional-fit-0030,axis3_code_agentic,580,7.78584612560884e-05
conditional-fit-0030,axis3_code_agentic,581,0.004488201365636055
conditional-fit-0030,axis3_code_agentic,582,4.792736018911724e-08
conditional-fit-0030,axis3_code_agentic,583,0.0001751406409160233
conditional-fit-0030,axis3_code_agentic,584,2.123841282152308e-06
conditional-fit-0030,axis3_code_agentic,585,6.56765499292412e-05
conditional-fit-0030,axis3_code_agentic,586,2.8250622257241805e-06
conditional-fit-0030,axis3_code_agentic,587,1.6691870552362077e-05
conditional-fit-0030,axis3_code_agentic,588,8.559387301069018e-05
conditional-fit-0030,axis3_code_agentic,589,4.2164290278089075e-06
conditional-fit-0030,axis3_code_agentic,590,1.8005496156565965e-06
conditional-fit-0030,axis3_code_agentic,591,1.2952976188314198e-05
conditional-fit-0030,axis3_code_agentic,592,5.604450362909341e-06
conditional-fit-0030,axis3_code_agentic,593,9.030560587886077e-06
conditional-fit-0030,axis3_code_agentic,594,6.992988992507323e-06
conditional-fit-0030,axis3_code_agentic,595,2.2740112653724344e-05
conditional-fit-0030,axis3_code_agentic,596,1.737687149002727e-05
conditional-fit-0030,axis3_code_agentic,597,5.783484142357922e-07
conditional-fit-0030,axis3_code_agentic,598,0.0016851567779174426
conditional-fit-0030,axis3_code_agentic,599,8.583427025292597e-06
conditional-fit-0030,axis3_code_agentic,600,0.004861868287178822
conditional-fit-0030,axis3_code_agentic,601,1.9317084567762974e-05
conditional-fit-0030,axis3_code_agentic,602,2.1536329088678493e-05
conditional-fit-0030,axis3_code_agentic,603,4.480400751698402e-05
conditional-fit-0030,axis3_code_agentic,604,3.465765272675959e-05
conditional-fit-0030,axis3_code_agentic,605,7.0363192174713e-05
conditional-fit-0030,axis3_code_agentic,606,0.001095756185386462
conditional-fit-0030,axis3_code_agentic,607,1.6127663168950632e-05
conditional-fit-0030,axis3_code_agentic,608,6.978381586334221e-05
conditional-fit-0030,axis3_code_agentic,609,4.464595327930829e-05
conditional-fit-0030,axis3_code_agentic,610,1.8097887130080536e-06
conditional-fit-0030,axis3_code_agentic,611,0.0008671595245421464
conditional-fit-0030,axis3_code_agentic,612,1.7660919901048524e-06
conditional-fit-0030,axis3_code_agentic,613,0.0001662587828029319
conditional-fit-0030,axis3_code_agentic,614,3.35536889938663e-05
conditional-fit-0030,axis3_code_agentic,615,3.336751545481418e-05
conditional-fit-0030,axis3_code_agentic,616,0.00013262600472140943
conditional-fit-0030,axis3_code_agentic,617,0.0016644113779534678
conditional-fit-0030,axis3_code_agentic,618,2.139181247989791e-06
conditional-fit-0030,axis3_code_agentic,619,0.00397496751663103
conditional-fit-0030,axis3_code_agentic,620,0.01029040067133219
conditional-fit-0030,axis3_code_agentic,621,0.0011548349543659313
conditional-fit-0030,axis3_code_agentic,622,3.1016638673023846e-05
conditional-fit-0030,axis3_code_agentic,623,8.417749574585419e-05
conditional-fit-0030,axis3_code_agentic,624,3.0769857733872084e-05
conditional-fit-0030,axis3_code_agentic,625,7.160509638590748e-05
conditional-fit-0030,axis3_code_agentic,626,3.80048866858515e-05
conditional-fit-0030,axis3_code_agentic,627,0.00012168480083587547
conditional-fit-0030,axis3_code_agentic,628,6.005376474951619e-06
conditional-fit-0030,axis3_code_agentic,629,7.748450517765419e-05
conditional-fit-0030,axis3_code_agentic,630,1.6984088499815934e-05
conditional-fit-0030,axis3_code_agentic,631,0.002699763276941378
conditional-fit-0030,axis3_code_agentic,632,7.895476458825747e-06
conditional-fit-0030,axis3_code_agentic,633,3.0050861078681206e-05
conditional-fit-0030,axis3_code_agentic,634,4.917220090540696e-05
conditional-fit-0030,axis3_code_agentic,635,6.0567406478109504e-05
conditional-fit-0030,axis3_code_agentic,636,7.652053451827538e-05
conditional-fit-0030,axis3_code_agentic,637,6.527063508774605e-05
conditional-fit-0030,axis3_code_agentic,638,0.00018797539469932452
conditional-fit-0030,axis3_code_agentic,639,6.454981655159864e-05
conditional-fit-0030,axis3_code_agentic,640,1.3821758898824122e-05
conditional-fit-0030,axis3_code_agentic,641,0.0001854602794107487
conditional-fit-0030,axis3_code_agentic,642,0.00155003868674308
conditional-fit-0030,axis3_code_agentic,643,0.0006427166385401158
conditional-fit-0030,axis3_code_agentic,644,0.0031901339606599756
conditional-fit-0030,axis3_code_agentic,645,0.0006550866918504251
conditional-fit-0030,axis3_code_agentic,646,0.02415562233579703
conditional-fit-0030,axis3_code_agentic,647,6.5375159758342365e-06
conditional-fit-0030,axis3_code_agentic,648,0.0004605567452968597
conditional-fit-0030,axis3_code_agentic,649,0.0019848221175554626
conditional-fit-0030,axis3_code_agentic,650,0.0169626220650739
conditional-fit-0030,axis3_code_agentic,651,0.0009953236815134522
conditional-fit-0030,axis3_code_agentic,652,0.05353507957574147
conditional-fit-0030,axis3_code_agentic,653,0.0003649695678358423
conditional-fit-0030,axis3_code_agentic,654,0.029801839308037106
conditional-fit-0030,axis3_code_agentic,655,0.005560160222870351
conditional-fit-0030,axis3_code_agentic,656,0.052573682116368724
conditional-fit-0030,axis3_code_agentic,657,0.01118400787119693
conditional-fit-0030,axis3_code_agentic,658,2.785517561219859e-06
conditional-fit-0030,axis3_code_agentic,659,2.7442364206909002e-05
conditional-fit-0030,axis3_code_agentic,660,1.1802038504835039e-05
conditional-fit-0030,axis3_code_agentic,661,7.358237814165654e-05
conditional-fit-0030,axis3_code_agentic,662,1.9845349659805197e-05
conditional-fit-0030,axis3_code_agentic,663,3.023162056581202e-05
conditional-fit-0030,axis3_code_agentic,664,1.0516756743746885e-05
conditional-fit-0030,axis3_code_agentic,665,9.644546740193255e-05
conditional-fit-0030,axis3_code_agentic,666,1.3882885392373675e-05
conditional-fit-0030,axis3_code_agentic,667,2.1377098387341042e-05
conditional-fit-0030,axis3_code_agentic,668,0.04150965679244501
conditional-fit-0030,axis3_code_agentic,669,7.909770928478218e-08
conditional-fit-0030,axis3_code_agentic,670,1.5531674276111676e-06
conditional-fit-0030,axis3_code_agentic,671,1.6619032263959686e-06
conditional-fit-0030,axis3_code_agentic,672,1.6073668530417016e-05
conditional-fit-0030,axis3_code_agentic,673,6.942171925363925e-06
conditional-fit-0030,axis3_code_agentic,674,7.245397152810263e-06
conditional-fit-0030,axis3_code_agentic,675,5.115984690383545e-06
conditional-fit-0030,axis3_code_agentic,676,1.2687922799058866e-05
conditional-fit-0030,axis3_code_agentic,677,4.740982601887523e-06
conditional-fit-0030,axis3_code_agentic,678,4.527755334404212e-06
conditional-fit-0030,axis3_code_agentic,679,1.4476134788998012e-05
conditional-fit-0030,axis3_code_agentic,680,3.0541878754089827e-06
conditional-fit-0030,axis3_code_agentic,681,2.3407919124067257e-06
conditional-fit-0030,axis3_code_agentic,682,0.0006851696516898037
conditional-fit-0030,axis3_code_agentic,683,0.0008105590606476609
conditional-fit-0030,axis3_code_agentic,684,1.5855534604036986e-05
conditional-fit-0030,axis3_code_agentic,685,1.3628540107882835e-06
conditional-fit-0030,axis3_code_agentic,686,1.5254010926841978e-05
conditional-fit-0030,axis3_code_agentic,687,1.98154634601274e-06
conditional-fit-0030,axis3_code_agentic,688,3.963017674064966e-05
conditional-fit-0030,axis3_code_agentic,689,5.360468893981104e-06
conditional-fit-0030,axis3_code_agentic,690,1.7312433621287365e-05
conditional-fit-0030,axis3_code_agentic,691,7.715264735458315e-06
conditional-fit-0030,axis3_code_agentic,692,1.9135116176345805e-05
conditional-fit-0030,axis3_code_agentic,693,9.536876519733854e-06
conditional-fit-0030,axis3_code_agentic,694,2.1693320833456116e-06
conditional-fit-0030,axis3_code_agentic,695,0.005218089743475474
conditional-fit-0030,axis3_code_agentic,696,0.0002812427575609206
conditional-fit-0030,axis3_code_agentic,697,0.001750719109777582
conditional-fit-0030,axis3_code_agentic,698,1.7639520630582284e-05
conditional-fit-0030,axis3_code_agentic,699,7.833404648095914e-05
conditional-fit-0030,axis3_code_agentic,700,2.7006132313398392e-05
conditional-fit-0030,axis3_code_agentic,701,6.549314034488668e-06
conditional-fit-0030,axis3_code_agentic,702,0.000422250195552143
conditional-fit-0030,axis3_code_agentic,703,1.3606651296415642e-05
conditional-fit-0030,axis3_code_agentic,704,1.3724917600360918e-06
conditional-fit-0030,axis3_code_agentic,705,7.202262792827642e-05
conditional-fit-0030,axis3_code_agentic,706,0.003908474602793258
conditional-fit-0030,axis3_code_agentic,707,0.021699032481463144
conditional-fit-0030,axis3_code_agentic,708,0.002893830157973421
conditional-fit-0030,axis3_code_agentic,709,0.006407690627164858
conditional-fit-0030,axis3_code_agentic,710,0.019019812374495886
conditional-fit-0030,axis3_code_agentic,711,5.1045350735581196e-08
conditional-fit-0030,axis3_code_agentic,712,5.916395980705824e-06
conditional-fit-0030,axis3_code_agentic,713,8.718328802975354e-07
conditional-fit-0030,axis3_code_agentic,714,3.912960753674986e-06
conditional-fit-0030,axis3_code_agentic,715,9.33052444880601e-07
conditional-fit-0030,axis3_code_agentic,716,1.496979643109355e-06
conditional-fit-0030,axis3_code_agentic,717,3.91711670078259e-05
conditional-fit-0030,axis3_code_agentic,718,1.9079536984248e-05
conditional-fit-0030,axis3_code_agentic,719,1.0608325278790271e-05
conditional-fit-0030,axis3_code_agentic,720,4.487655860301776e-05
conditional-fit-0030,axis3_code_agentic,721,6.665903634399982e-06
conditional-fit-0030,axis3_code_agentic,722,0.0006745815226900898
conditional-fit-0030,axis3_code_agentic,723,3.8576258025382186e-07
conditional-fit-0030,axis3_code_agentic,724,8.286027944488143e-07
conditional-fit-0030,axis3_code_agentic,725,7.265426671331168e-06
conditional-fit-0030,axis3_code_agentic,726,2.284220854274469e-06
conditional-fit-0030,axis3_code_agentic,727,2.210486118682726e-06
conditional-fit-0030,axis3_code_agentic,728,4.3150334017502275e-05
conditional-fit-0030,axis3_code_agentic,729,8.687262695756174e-07
conditional-fit-0030,axis3_code_agentic,730,8.030391323078661e-05
conditional-fit-0030,axis3_code_agentic,731,7.86444923418355e-08
conditional-fit-0030,axis3_code_agentic,732,0.00017488534154904616
conditional-fit-0030,axis3_code_agentic,733,4.515168984803503e-06
conditional-fit-0030,axis3_code_agentic,734,1.2156303032593848e-06
conditional-fit-0030,axis3_code_agentic,735,0.0005637295133535548
conditional-fit-0030,axis3_code_agentic,736,0.02558411340623521
conditional-fit-0030,axis3_code_agentic,737,0.0033960774411820696
conditional-fit-0030,axis3_code_agentic,738,0.0007625424640206465
conditional-fit-0030,axis3_code_agentic,739,0.006073896892054825
conditional-fit-0030,axis3_code_agentic,740,0.0031913114271829753
conditional-fit-0030,axis3_code_agentic,741,9.763467858274716e-07
conditional-fit-0030,axis3_code_agentic,742,4.242600417485112e-05
conditional-fit-0030,axis3_code_agentic,743,7.599395408190078e-06
conditional-fit-0030,axis3_code_agentic,744,2.924848364947564e-06
conditional-fit-0030,axis3_code_agentic,745,1.1131462564285695e-06
conditional-fit-0030,axis3_code_agentic,746,2.403736362736412e-05
conditional-fit-0030,axis3_code_agentic,747,1.4791433595315014e-05
conditional-fit-0030,axis3_code_agentic,748,1.2777028512399195e-05
conditional-fit-0030,axis3_code_agentic,749,0.00013977501470619288
conditional-fit-0030,axis3_code_agentic,750,0.017093690042248925
conditional-fit-0030,axis3_code_agentic,751,0.022016896763650103
conditional-fit-0030,axis3_code_agentic,752,0.01803053496902153
conditional-fit-0030,axis3_code_agentic,753,0.005057572456881074
conditional-fit-0030,axis3_code_agentic,754,3.176907958831249e-05
conditional-fit-0030,axis3_code_agentic,755,1.7262861336210898e-06
conditional-fit-0030,axis3_code_agentic,756,1.1518061494032946e-05
conditional-fit-0030,axis3_code_agentic,757,0.002802241114389495
conditional-fit-0030,axis3_code_agentic,758,0.00014787903436056277
conditional-fit-0030,axis3_code_agentic,759,3.9811975974275364e-05
conditional-fit-0030,axis3_code_agentic,760,0.013205427595218318
conditional-fit-0030,axis3_code_agentic,761,0.03401580074470196
conditional-fit-0030,axis3_code_agentic,762,2.9410376354007704e-06
conditional-fit-0030,axis3_code_agentic,763,5.643796763755092e-05
conditional-fit-0030,axis3_code_agentic,764,3.474233964315212e-06
conditional-fit-0030,axis3_code_agentic,765,1.5355072656853188e-05
conditional-fit-0030,axis3_code_agentic,766,7.194298612450448e-06
conditional-fit-0030,axis3_code_agentic,767,8.893051948261288e-06
conditional-fit-0030,axis3_code_agentic,768,4.4994986392837515e-06
conditional-fit-0030,axis3_code_agentic,769,3.7117617350367615e-05
conditional-fit-0030,axis3_code_agentic,770,0.0011156467758791939
conditional-fit-0030,axis3_code_agentic,771,1.1188491624729115e-05
conditional-fit-0030,axis3_code_agentic,772,2.3186404619497462e-07
conditional-fit-0030,axis3_code_agentic,773,0.00032625156252673445
conditional-fit-0030,axis3_code_agentic,774,7.430342657750892e-06
conditional-fit-0030,axis3_code_agentic,775,2.661315382559911e-06
conditional-fit-0030,axis3_code_agentic,776,0.00030627479682025555
conditional-fit-0030,axis3_code_agentic,777,0.0001302032433181799
conditional-fit-0030,axis3_code_agentic,778,2.1526976947931993e-05
conditional-fit-0030,axis3_code_agentic,779,1.6412343294728112e-06
conditional-fit-0030,axis3_code_agentic,780,5.017569964157198e-05
conditional-fit-0030,axis3_code_agentic,781,1.9069308671341e-06
conditional-fit-0030,axis3_code_agentic,782,1.9892614515292038e-05
conditional-fit-0030,axis3_code_agentic,783,6.538204290668209e-06
conditional-fit-0030,axis3_code_agentic,784,6.994844878094558e-06
conditional-fit-0030,axis3_code_agentic,785,1.944594004109314e-06
conditional-fit-0030,axis3_code_agentic,786,1.1989734004371592e-05
conditional-fit-0030,axis3_code_agentic,787,2.3060611934892884e-05
conditional-fit-0030,axis3_code_agentic,788,5.735402325492844e-05
conditional-fit-0030,axis3_code_agentic,789,2.953209499582816e-07
conditional-fit-0030,axis3_code_agentic,790,0.000443047868794676
conditional-fit-0030,axis3_code_agentic,791,5.570840054755916e-06
conditional-fit-0030,axis3_code_agentic,792,0.0018631146336113291
conditional-fit-0030,axis3_code_agentic,793,9.506266306858354e-06
conditional-fit-0030,axis3_code_agentic,794,8.624542725960747e-07
conditional-fit-0030,axis3_code_agentic,795,4.627673877897565e-06
conditional-fit-0030,axis3_code_agentic,796,9.104840946717875e-06
conditional-fit-0030,axis3_code_agentic,797,3.2522033783410475e-05
conditional-fit-0030,axis3_code_agentic,798,4.831022956547392e-05
conditional-fit-0030,axis3_code_agentic,799,9.972145328021229e-05
conditional-fit-0030,axis3_code_agentic,800,5.186953147400321e-05
conditional-fit-0030,axis3_code_agentic,801,0.005959505917140401
conditional-fit-0030,axis3_code_agentic,802,1.927902427569924e-05
conditional-fit-0030,axis3_code_agentic,803,0.0008344624341825647
conditional-fit-0030,axis3_code_agentic,804,0.03105424439753143
conditional-fit-0030,axis3_code_agentic,805,0.01213532169250462
conditional-fit-0030,axis3_code_agentic,806,0.0008155075856758211
conditional-fit-0030,axis3_code_agentic,807,0.00019278914229984678
conditional-fit-0030,axis3_code_agentic,808,1.2685335351398284e-05
conditional-fit-0030,axis3_code_agentic,809,0.0019131596672246885
conditional-fit-0030,axis3_code_agentic,810,0.0001604767275392798
conditional-fit-0030,axis3_code_agentic,811,0.00024928910857388754
conditional-fit-0030,axis3_code_agentic,812,0.0003261772560512441
conditional-fit-0030,axis3_code_agentic,813,2.0102350005480157e-06
conditional-fit-0030,axis3_code_agentic,814,8.699956241940913e-05
conditional-fit-0030,axis3_code_agentic,815,2.234814956328061e-05
conditional-fit-0030,axis3_code_agentic,816,9.751861568459766e-05
conditional-fit-0030,axis3_code_agentic,817,2.3525004789850333e-05
conditional-fit-0030,axis3_code_agentic,818,5.787386318154632e-06
conditional-fit-0030,axis3_code_agentic,819,3.508150125753763e-06
conditional-fit-0030,axis3_code_agentic,820,1.8474601165523293e-05
conditional-fit-0030,axis3_code_agentic,821,1.6039255369483318e-05
conditional-fit-0030,axis3_code_agentic,822,9.18521490138936e-06
conditional-fit-0030,axis3_code_agentic,823,7.325641703239354e-05
conditional-fit-0030,axis3_code_agentic,824,3.2973314241765995e-08
conditional-fit-0030,axis3_code_agentic,825,2.120043370516144e-05
conditional-fit-0030,axis3_code_agentic,826,1.4629126721794901e-06
conditional-fit-0030,axis3_code_agentic,827,3.546675328289809e-05
conditional-fit-0030,axis3_code_agentic,828,1.5583333252738108e-05
conditional-fit-0030,axis3_code_agentic,829,1.1398495909742275e-05
conditional-fit-0030,axis3_code_agentic,830,0.000692675306309224
conditional-fit-0030,axis3_code_agentic,831,4.5373024262514104e-05
conditional-fit-0030,axis3_code_agentic,832,1.4544262166988837e-06
conditional-fit-0030,axis3_code_agentic,833,2.2939090495714456e-05
conditional-fit-0030,axis3_code_agentic,834,2.5531778805131124e-06
conditional-fit-0030,axis3_code_agentic,835,4.183940507109438e-06
conditional-fit-0030,axis3_code_agentic,836,2.017499327986076e-05
conditional-fit-0030,axis3_code_agentic,837,2.9915691730731072e-05
conditional-fit-0030,axis3_code_agentic,838,4.806843698665427e-06
conditional-fit-0030,axis3_code_agentic,839,2.7174403075282444e-07
conditional-fit-0030,axis3_code_agentic,840,0.00031994610700210226
conditional-fit-0030,axis3_code_agentic,841,2.0162703328412134e-06
conditional-fit-0030,axis3_code_agentic,842,2.2748116483935087e-05
conditional-fit-0030,axis3_code_agentic,843,5.7167822459433354e-06
conditional-fit-0030,axis3_code_agentic,844,1.848598166132042e-05
conditional-fit-0030,axis3_code_agentic,845,6.710874280189056e-05
conditional-fit-0030,axis3_code_agentic,846,2.3999322871904368e-05
conditional-fit-0030,axis3_code_agentic,847,2.390774338253372e-05
conditional-fit-0030,axis3_code_agentic,848,0.0011839991193245839
conditional-fit-0030,axis3_code_agentic,849,7.270867548773602e-06
conditional-fit-0030,axis3_code_agentic,850,5.774152910078396e-06
conditional-fit-0030,axis3_code_agentic,851,3.709465827204271e-05
conditional-fit-0030,axis3_code_agentic,852,1.181230202551174e-06
conditional-fit-0030,axis3_code_agentic,853,0.0005051996087389781
conditional-fit-0030,axis3_code_agentic,854,1.2864876577104507e-06
conditional-fit-0030,axis3_code_agentic,855,0.00018452117217059797
conditional-fit-0030,axis3_code_agentic,856,1.9613549403178076e-05
conditional-fit-0030,axis3_code_agentic,857,4.449521202500955e-05
conditional-fit-0030,axis3_code_agentic,858,0.05927764169937674
conditional-fit-0030,axis3_code_agentic,859,0.005283238723469683
conditional-fit-0030,axis3_code_agentic,860,0.01200287572570967
conditional-fit-0030,axis3_code_agentic,861,0.0002100046069756091
conditional-fit-0030,axis3_code_agentic,862,6.264119621361737e-05
conditional-fit-0030,axis3_code_agentic,863,6.8341586934580395e-06
conditional-fit-0030,axis3_code_agentic,864,0.006050081450755709
conditional-fit-0030,axis3_code_agentic,865,2.8281636926529743e-05
conditional-fit-0030,axis3_code_agentic,866,1.299339591566433e-06
conditional-fit-0030,axis3_code_agentic,867,2.1287407615482743e-05
conditional-fit-0030,axis3_code_agentic,868,4.336464815197445e-06
conditional-fit-0030,axis3_code_agentic,869,1.5897120116864833e-05
conditional-fit-0030,axis3_code_agentic,870,1.9638897330861164e-05
conditional-fit-0030,axis3_code_agentic,871,5.029183120826579e-06
conditional-fit-0030,axis3_code_agentic,872,1.1487791533476803e-06
conditional-fit-0030,axis3_code_agentic,873,8.44795127768478e-06
conditional-fit-0030,axis3_code_agentic,874,8.739872108734633e-06
conditional-fit-0030,axis3_code_agentic,875,1.38684618436772e-05
conditional-fit-0030,axis3_code_agentic,876,0.014501306395751545
conditional-fit-0030,axis3_code_agentic,877,1.1507000281375297e-06
conditional-fit-0030,axis3_code_agentic,878,0.009332578388865333
conditional-fit-0030,axis3_code_agentic,879,0.007213257489396679
conditional-fit-0030,axis3_code_agentic,880,0.0011268178620849416
conditional-fit-0030,axis3_code_agentic,881,0.00038930580228224764
conditional-fit-0030,axis3_code_agentic,882,4.306824015984909e-05
conditional-fit-0030,axis3_code_agentic,883,6.155676101703538e-05
conditional-fit-0030,axis3_code_agentic,884,2.6964462457849638e-05
conditional-fit-0030,axis3_code_agentic,885,3.655116311402503e-05
conditional-fit-0030,axis3_code_agentic,886,1.493556076538023e-05
conditional-fit-0030,axis3_code_agentic,887,1.063786003776883e-05
conditional-fit-0030,axis3_code_agentic,888,8.047332718135986e-05
conditional-fit-0030,axis3_code_agentic,889,2.6485968156784466e-05
conditional-fit-0030,axis3_code_agentic,890,0.0014567382613746261
conditional-fit-0030,axis3_code_agentic,891,1.5471911434824577e-05
conditional-fit-0030,axis3_code_agentic,892,2.2260014768997684e-05
conditional-fit-0030,axis3_code_agentic,893,1.9462183508402997e-05
conditional-fit-0030,axis3_code_agentic,894,8.623405407621367e-05
conditional-fit-0030,axis3_code_agentic,895,4.06912481043408e-05
conditional-fit-0030,axis3_code_agentic,896,0.00028179623176094936
conditional-fit-0030,axis3_code_agentic,897,3.324051816736935e-06
conditional-fit-0030,axis3_code_agentic,898,3.4673610455932154e-05
conditional-fit-0030,axis3_code_agentic,899,6.547896277173315e-05
conditional-fit-0030,axis3_code_agentic,900,0.00024768662110044104
conditional-fit-0030,axis3_code_agentic,901,0.0008382989039213986
conditional-fit-0030,axis3_code_agentic,902,0.0009110353957629716
conditional-fit-0030,axis3_code_agentic,903,0.0024376047303379163
conditional-fit-0030,axis3_code_agentic,904,0.00897511413827031
conditional-fit-0030,axis3_code_agentic,905,0.023815951238591128
conditional-fit-0030,axis3_code_agentic,906,0.0024580504261141546
conditional-fit-0030,axis3_code_agentic,907,0.03547059657106566
conditional-fit-0030,axis3_code_agentic,908,0.002049177641796322
conditional-fit-0030,axis3_code_agentic,909,0.01197622996633659
conditional-fit-0030,axis3_code_agentic,910,0.002312335205769829
conditional-fit-0030,axis3_code_agentic,911,0.03280698029121769
conditional-fit-0030,axis3_code_agentic,912,7.769093611849176e-07
conditional-fit-0030,axis3_code_agentic,913,9.21093651266048e-06
conditional-fit-0030,axis3_code_agentic,914,1.6990635185400247e-05
conditional-fit-0030,axis3_code_agentic,915,9.968472999704415e-05
conditional-fit-0030,axis3_code_agentic,916,3.7365080788705737e-06
conditional-fit-0030,axis3_code_agentic,917,6.515418879961419e-06
conditional-fit-0030,axis3_code_agentic,918,0.05801269288573719
conditional-fit-0030,axis3_code_agentic,919,0.0037610164550462835
conditional-fit-0030,axis3_code_agentic,920,0.03355950065115189
conditional-fit-0030,axis3_code_agentic,921,7.975290923043437e-05
conditional-fit-0030,axis3_code_agentic,922,1.035533352298512e-06
conditional-fit-0030,axis3_code_agentic,923,9.910802041437592e-05
conditional-fit-0030,axis3_code_agentic,924,2.6785455495053142e-05
conditional-fit-0030,axis3_code_agentic,925,0.00793862859746262
conditional-fit-0030,axis3_code_agentic,926,0.0024329433893550095
conditional-fit-0030,axis3_code_agentic,927,0.001027137834870317
conditional-fit-0030,axis3_code_agentic,928,0.11987966604805209
conditional-fit-0030,axis3_code_agentic,929,0.2517084255650876
conditional-fit-0030,axis3_code_agentic,930,0.0672938232012959
conditional-fit-0030,axis3_code_agentic,931,0.008654272975289817
conditional-fit-0030,axis3_code_agentic,932,4.438713387207933e-07
conditional-fit-0030,axis3_code_agentic,933,5.887028753967091e-06
conditional-fit-0030,axis3_code_agentic,934,1.6013345122975553e-06
conditional-fit-0030,axis3_code_agentic,935,6.080247311851954e-06
conditional-fit-0030,axis3_code_agentic,936,3.3736405509040706e-06
conditional-fit-0030,axis3_code_agentic,937,8.838462624492799e-06
conditional-fit-0030,axis3_code_agentic,938,0.0001690961266251472
conditional-fit-0030,axis3_code_agentic,939,4.926921495480062e-07
conditional-fit-0030,axis3_code_agentic,940,2.2018253773912276e-05
conditional-fit-0030,axis3_code_agentic,941,2.1825929823544656e-05
conditional-fit-0030,axis3_code_agentic,942,1.3243444858846557e-06
conditional-fit-0030,axis3_code_agentic,943,0.0015629824689091462
conditional-fit-0030,axis3_code_agentic,944,0.00048281899557616
conditional-fit-0030,axis3_code_agentic,945,0.025485741324910854
conditional-fit-0030,axis3_code_agentic,946,9.395622823004963e-05
conditional-fit-0030,axis3_code_agentic,947,1.2061909472709303e-05
conditional-fit-0030,axis3_code_agentic,948,2.387945188208815e-05
conditional-fit-0030,axis3_code_agentic,949,0.003498307059191318
conditional-fit-0030,axis3_code_agentic,950,0.021430808611594784
conditional-fit-0030,axis3_code_agentic,951,0.025290904772450735
conditional-fit-0030,axis3_code_agentic,952,3.574913885879688e-05
conditional-fit-0030,axis3_code_agentic,953,0.0003031298130834278
conditional-fit-0030,axis3_code_agentic,954,4.254250264111303e-05
conditional-fit-0030,axis3_code_agentic,955,0.0005107431709368326
conditional-fit-0030,axis3_code_agentic,956,0.0002721160361715994
conditional-fit-0030,axis3_code_agentic,957,0.0023371112126511543
conditional-fit-0030,axis3_code_agentic,958,0.00018314336259095702
conditional-fit-0030,axis3_code_agentic,959,0.04791337129167739
conditional-fit-0030,axis3_code_agentic,960,0.013926918724803977
conditional-fit-0030,axis3_code_agentic,961,0.0009027528116137334
conditional-fit-0030,axis3_code_agentic,962,8.169259001582701e-05
conditional-fit-0030,axis3_code_agentic,963,0.00046468230270754664
conditional-fit-0030,axis3_code_agentic,964,0.00514886286460868
conditional-fit-0030,axis3_code_agentic,965,2.5143057538490034e-06
conditional-fit-0030,axis3_code_agentic,966,0.0004099954149341242
conditional-fit-0030,axis3_code_agentic,967,6.142934589249394e-06
conditional-fit-0030,axis3_code_agentic,968,0.0008909339360409412
conditional-fit-0030,axis3_code_agentic,969,0.007859146305039868
conditional-fit-0030,axis3_code_agentic,970,1.8052414401462532e-06
conditional-fit-0030,axis3_code_agentic,971,0.004465376955051715
conditional-fit-0030,axis3_code_agentic,972,5.6552993577906764e-06
conditional-fit-0030,axis3_code_agentic,973,8.629472175802357e-07
conditional-fit-0030,axis3_code_agentic,974,0.012356498458811479
conditional-fit-0030,axis3_code_agentic,975,0.0005458156954214442
conditional-fit-0030,axis3_code_agentic,976,0.018283361961019238
conditional-fit-0030,axis3_code_agentic,977,0.00032780999339070843
conditional-fit-0030,axis3_code_agentic,978,0.020150059651992923
conditional-fit-0030,axis3_code_agentic,979,0.00034830299897727947
conditional-fit-0030,axis3_code_agentic,980,5.834790635532903e-06
conditional-fit-0030,axis3_code_agentic,981,0.00020985063471070902
conditional-fit-0030,axis3_code_agentic,982,0.00013288871617389065
conditional-fit-0030,axis3_code_agentic,983,1.8844949278480313e-05
conditional-fit-0030,axis3_code_agentic,984,0.0021759326880311618
conditional-fit-0030,axis3_code_agentic,985,9.416600908450816e-06
conditional-fit-0030,axis3_code_agentic,986,3.596564862908546e-05
conditional-fit-0030,axis3_code_agentic,987,1.5327679278203894e-05
conditional-fit-0030,axis3_code_agentic,988,1.3636664323173957e-05
conditional-fit-0030,axis3_code_agentic,989,0.01063622556392629
conditional-fit-0030,axis3_code_agentic,990,0.00020884079929276317
conditional-fit-0030,axis3_code_agentic,991,0.000441524113957666
conditional-fit-0030,axis3_code_agentic,992,0.0037634845977038106
conditional-fit-0030,axis3_code_agentic,993,6.464616018390237e-06
conditional-fit-0030,axis3_code_agentic,994,0.0004355638953805433
conditional-fit-0030,axis3_code_agentic,995,6.807657723416964e-08
conditional-fit-0030,axis3_code_agentic,996,0.00013628414128725812
conditional-fit-0030,axis3_code_agentic,997,2.7267296032450593e-06
conditional-fit-0030,axis3_code_agentic,998,5.230819931137233e-06
conditional-fit-0030,axis3_code_agentic,999,5.433722068657752e-06
conditional-fit-0030,axis3_code_agentic,1000,2.022816312855375e-05
conditional-fit-0030,axis3_code_agentic,1001,0.0002710046216245227
conditional-fit-0030,axis3_code_agentic,1002,0.010536215148268661
conditional-fit-0030,axis3_code_agentic,1003,0.00023003642596513987
conditional-fit-0030,axis3_code_agentic,1004,0.002296519624363859
conditional-fit-0030,axis3_code_agentic,1005,0.000550268324206516
conditional-fit-0030,axis3_code_agentic,1006,0.006177655172896137
conditional-fit-0030,axis3_code_agentic,1007,0.025174053464164434
conditional-fit-0030,axis3_code_agentic,1008,0.012493214726462717
conditional-fit-0030,axis3_code_agentic,1009,0.022174923937424047
conditional-fit-0030,axis3_code_agentic,1010,1.861264147322457e-07
conditional-fit-0030,axis3_code_agentic,1011,0.0003622730631616276
conditional-fit-0030,axis3_code_agentic,1012,3.1926959934286386e-06
conditional-fit-0030,axis3_code_agentic,1013,7.343344212430237e-06
conditional-fit-0030,axis3_code_agentic,1014,1.2025229365985854e-05
conditional-fit-0030,axis3_code_agentic,1015,8.78782397626615e-06
conditional-fit-0030,axis3_code_agentic,1016,0.00013931440974662205
conditional-fit-0030,axis3_code_agentic,1017,1.0323256190817275e-05
conditional-fit-0030,axis3_code_agentic,1018,1.2349688851669252e-05
conditional-fit-0030,axis3_code_agentic,1019,3.399528030750966e-05
conditional-fit-0030,axis3_code_agentic,1020,1.4645808625796988e-05
conditional-fit-0030,axis3_code_agentic,1021,7.464361523217591e-05
conditional-fit-0030,axis3_code_agentic,1022,6.987622785317457e-06
conditional-fit-0030,axis3_code_agentic,1023,1.919476886193793e-05
conditional-fit-0030,axis3_code_agentic,1024,1.2994128793787172e-05
conditional-fit-0030,axis3_code_agentic,1025,6.790657362488827e-08
conditional-fit-0030,axis3_code_agentic,1026,6.201721060465852e-05
conditional-fit-0030,axis3_code_agentic,1027,3.50149955299649e-07
conditional-fit-0030,axis3_code_agentic,1028,2.1530818321879245e-05
conditional-fit-0030,axis3_code_agentic,1029,1.8604847212192108e-05
conditional-fit-0030,axis3_code_agentic,1030,4.198555079045075e-05
conditional-fit-0030,axis3_code_agentic,1031,3.6775434847488522e-06
conditional-fit-0030,axis3_code_agentic,1032,8.718886334073017e-06
conditional-fit-0030,axis3_code_agentic,1033,1.4238961677657678e-05
conditional-fit-0030,axis3_code_agentic,1034,7.528671111604532e-05
conditional-fit-0030,axis3_code_agentic,1035,2.1595318600703924e-06
conditional-fit-0030,axis3_code_agentic,1036,1.4765019248504193e-05
conditional-fit-0030,axis3_code_agentic,1037,8.765472923157202e-05
conditional-fit-0030,axis3_code_agentic,1038,1.2147025199425134e-06
conditional-fit-0030,axis3_code_agentic,1039,0.0013430311280544594
conditional-fit-0030,axis3_code_agentic,1040,1.9910407471750747e-06
conditional-fit-0030,axis3_code_agentic,1041,4.63696945514961e-05
conditional-fit-0030,axis3_code_agentic,1042,9.881196409717972e-06
conditional-fit-0030,axis3_code_agentic,1043,1.1982874345407526e-05
conditional-fit-0030,axis3_code_agentic,1044,0.03281215654891566
conditional-fit-0030,axis3_code_agentic,1045,0.0005997759908334655
conditional-fit-0030,axis3_code_agentic,1046,4.565631521807165e-05
conditional-fit-0030,axis3_code_agentic,1047,3.822472831549005e-06
conditional-fit-0030,axis3_code_agentic,1048,0.0003123375872992289
conditional-fit-0030,axis3_code_agentic,1049,7.344812238438044e-06
conditional-fit-0030,axis3_code_agentic,1050,0.06883926035187535
conditional-fit-0030,axis3_code_agentic,1051,0.0006198659146749433
conditional-fit-0030,axis3_code_agentic,1052,0.011704031744969146
conditional-fit-0030,axis3_code_agentic,1053,5.0798352942161415e-05
conditional-fit-0030,axis3_code_agentic,1054,1.5858737457567844e-06
conditional-fit-0030,axis3_code_agentic,1055,5.906917310975013e-06
conditional-fit-0030,axis3_code_agentic,1056,0.006743504548829868
conditional-fit-0030,axis3_code_agentic,1057,0.00012424981433954913
conditional-fit-0030,axis3_code_agentic,1058,9.618118443385348e-05
conditional-fit-0030,axis3_code_agentic,1059,2.103605946300477e-05
conditional-fit-0030,axis3_code_agentic,1060,1.1926806286457657e-06
conditional-fit-0030,axis3_code_agentic,1061,9.913320255259757e-06
conditional-fit-0030,axis3_code_agentic,1062,0.0002519348544343567
conditional-fit-0030,axis3_code_agentic,1063,0.00815787725772299
conditional-fit-0030,axis3_code_agentic,1064,2.4829283177205566e-06
conditional-fit-0030,axis3_code_agentic,1065,0.004395148679748197
conditional-fit-0030,axis3_code_agentic,1066,0.028432301422141582
conditional-fit-0030,axis3_code_agentic,1067,0.001630142590225977
conditional-fit-0030,axis3_code_agentic,1068,6.300288854834065e-05
conditional-fit-0030,axis3_code_agentic,1069,0.010491099499285533
conditional-fit-0030,axis3_code_agentic,1070,0.09204472973877627
conditional-fit-0030,axis3_code_agentic,1071,0.0004609003899155615
conditional-fit-0030,axis3_code_agentic,1072,0.007720022825206516
conditional-fit-0030,axis3_code_agentic,1073,0.037386793473748375
conditional-fit-0030,axis3_code_agentic,1074,0.01089287166787754
conditional-fit-0030,axis3_code_agentic,1075,0.001464271511832111
conditional-fit-0030,axis3_code_agentic,1076,0.004504293429733011
conditional-fit-0030,axis3_code_agentic,1077,0.002499184312856443
conditional-fit-0030,axis3_code_agentic,1078,0.026517950825379822
conditional-fit-0030,axis3_code_agentic,1079,0.013737464894483308
conditional-fit-0030,axis3_code_agentic,1080,0.0123625888049678
conditional-fit-0030,axis3_code_agentic,1081,0.072686517403131
conditional-fit-0030,axis3_code_agentic,1082,0.07643891534626289
conditional-fit-0030,axis3_code_agentic,1083,0.05812468339169921
conditional-fit-0030,axis3_code_agentic,1084,0.006817619734188499
conditional-fit-0030,axis3_code_agentic,1085,0.03681026839502774
conditional-fit-0030,axis3_code_agentic,1086,7.244887882420789e-05
conditional-fit-0030,axis3_code_agentic,1087,0.0009299844140599994
conditional-fit-0030,axis3_code_agentic,1088,0.01662447111384527
conditional-fit-0030,axis3_code_agentic,1089,0.00054638898789787
conditional-fit-0030,axis3_code_agentic,1090,8.455644450764885e-05
conditional-fit-0030,axis3_code_agentic,1091,0.0020852602431658666
conditional-fit-0030,axis3_code_agentic,1092,0.001143731210633216
conditional-fit-0030,axis3_code_agentic,1093,0.0023488554210007373
conditional-fit-0030,axis3_code_agentic,1094,0.001168293075624887
conditional-fit-0030,axis3_code_agentic,1095,7.043855941222308e-05
conditional-fit-0030,axis3_code_agentic,1096,0.0029771654066029513
conditional-fit-0030,axis3_code_agentic,1097,0.0018324970699137755
conditional-fit-0030,axis3_code_agentic,1098,0.008776689304785153
conditional-fit-0030,axis3_code_agentic,1099,0.027496643844939994
conditional-fit-0030,axis3_code_agentic,1100,9.312054368390583e-06
conditional-fit-0030,axis3_code_agentic,1101,0.007670866408164228
conditional-fit-0030,axis3_code_agentic,1102,0.08205932500316389
conditional-fit-0030,axis3_code_agentic,1103,0.12170005617853544
conditional-fit-0030,axis3_code_agentic,1104,0.22746304198318387
conditional-fit-0030,axis3_code_agentic,1105,0.056281331545505645
conditional-fit-0030,axis3_code_agentic,1106,0.2813236375704796
conditional-fit-0030,axis3_code_agentic,1107,0.0007351089114646486
conditional-fit-0030,axis3_code_agentic,1108,1.120187629701172e-05
conditional-fit-0030,axis3_code_agentic,1109,0.0002986866093212721
conditional-fit-0030,axis3_code_agentic,1110,3.982900265232079e-05
conditional-fit-0030,axis3_code_agentic,1111,0.0016357876144634043
conditional-fit-0030,axis3_code_agentic,1112,0.008427005106980476
conditional-fit-0030,axis3_code_agentic,1113,0.00026377756976660453
conditional-fit-0030,axis3_code_agentic,1114,0.00014173419157819176
conditional-fit-0030,axis3_code_agentic,1115,4.274763280724915e-06
conditional-fit-0030,axis3_code_agentic,1116,4.744789606590968e-06
conditional-fit-0030,axis3_code_agentic,1117,0.003906413524042387
conditional-fit-0030,axis3_code_agentic,1118,0.2540865973576016
conditional-fit-0030,axis3_code_agentic,1119,0.16899446627565837
conditional-fit-0030,axis3_code_agentic,1120,0.0823708789581611
conditional-fit-0030,axis3_code_agentic,1121,0.15298331673995472
conditional-fit-0030,axis3_code_agentic,1122,0.516238855220444
conditional-fit-0030,axis3_code_agentic,1123,0.2717707038086182
conditional-fit-0030,axis3_code_agentic,1124,2.1347740491121634
conditional-fit-0030,axis3_code_agentic,1125,0.4642824998141395
conditional-fit-0030,axis3_code_agentic,1126,0.6302822403346141
conditional-fit-0030,axis3_code_agentic,1127,0.6123335095549499
conditional-fit-0030,axis3_code_agentic,1128,0.0001107700160912427
conditional-fit-0030,axis3_code_agentic,1129,0.0013496564577536495
conditional-fit-0030,axis3_code_agentic,1130,3.9247458749339947e-05
conditional-fit-0030,axis3_code_agentic,1131,0.7797984169286929
conditional-fit-0030,axis3_code_agentic,1132,0.09270602575962524
conditional-fit-0030,axis3_code_agentic,1133,0.000896083757034532
conditional-fit-0030,axis3_code_agentic,1134,0.3244387736922413
conditional-fit-0030,axis3_code_agentic,1135,0.013573400151115751
conditional-fit-0030,axis3_code_agentic,1136,0.0008131930740969716
conditional-fit-0030,axis3_code_agentic,1137,0.017634638641311977
conditional-fit-0030,axis3_code_agentic,1138,0.3452814342879442
conditional-fit-0030,axis3_code_agentic,1139,0.011073961256609718
conditional-fit-0030,axis3_code_agentic,1140,0.002561663645125646
conditional-fit-0030,axis3_code_agentic,1141,0.06187460167574604
conditional-fit-0030,axis3_code_agentic,1142,0.10488212252486359
conditional-fit-0030,axis3_code_agentic,1143,7.873710123476891e-05
conditional-fit-0030,axis3_code_agentic,1144,0.0007684921905988215
conditional-fit-0030,axis3_code_agentic,1145,0.05178697804885434
conditional-fit-0030,axis3_code_agentic,1146,0.05245852699297939
conditional-fit-0030,axis3_code_agentic,1147,0.014807240823568706
conditional-fit-0030,axis3_code_agentic,1148,0.36319009174457373
conditional-fit-0030,axis3_code_agentic,1149,0.016174418639045115
conditional-fit-0030,axis3_code_agentic,1150,0.7709271668342808
conditional-fit-0030,axis3_code_agentic,1151,0.0011228044048394422
conditional-fit-0030,axis3_code_agentic,1152,0.042949218874568165
conditional-fit-0030,axis3_code_agentic,1153,0.07143113547992108
conditional-fit-0030,axis3_code_agentic,1154,8.393637349098069e-05
conditional-fit-0030,axis3_code_agentic,1155,0.0008230057827398104
conditional-fit-0030,axis3_code_agentic,1156,5.6532979936769086e-05
conditional-fit-0030,axis3_code_agentic,1157,1.1444158641372985e-05
conditional-fit-0030,axis3_code_agentic,1158,0.0007866397551755541
conditional-fit-0030,axis3_code_agentic,1159,0.1606687173643164
conditional-fit-0030,axis3_code_agentic,1160,0.03807253047494855
conditional-fit-0030,axis3_code_agentic,1161,0.00036331317580001255
conditional-fit-0030,axis3_code_agentic,1162,0.1644304226049713
conditional-fit-0030,axis3_code_agentic,1163,0.028963982968325065
conditional-fit-0030,axis3_code_agentic,1164,0.0004588069524664422
conditional-fit-0030,axis3_code_agentic,1165,0.0172672260573887
conditional-fit-0030,axis3_code_agentic,1166,0.10621609052734615
conditional-fit-0030,axis3_code_agentic,1167,0.021286518530546403
conditional-fit-0030,axis3_code_agentic,1168,0.7409880604395389
conditional-fit-0030,axis3_code_agentic,1169,0.00017862124081849238
conditional-fit-0030,axis3_code_agentic,1170,0.044774304914343366
conditional-fit-0030,axis3_code_agentic,1171,0.05577425710813164
conditional-fit-0030,axis3_code_agentic,1172,0.07517599103916325
conditional-fit-0030,axis3_code_agentic,1173,0.9089971302777846
conditional-fit-0030,axis3_code_agentic,1174,0.038061142251295366
conditional-fit-0030,axis3_code_agentic,1175,0.006001327544128878
conditional-fit-0030,axis3_code_agentic,1176,0.017515212617523035
conditional-fit-0030,axis3_code_agentic,1177,0.005480415411866835
conditional-fit-0030,axis3_code_agentic,1178,4.956078038934129e-05
conditional-fit-0030,axis3_code_agentic,1179,1.3943471396924657e-05
conditional-fit-0030,axis3_code_agentic,1180,3.730188373246444e-05
conditional-fit-0030,axis3_code_agentic,1181,2.8334971087030887e-06
conditional-fit-0030,axis3_code_agentic,1182,2.3547494964848218e-05
conditional-fit-0030,axis3_code_agentic,1183,0.24951487170572234
conditional-fit-0030,axis3_code_agentic,1184,0.00015699734854449814
conditional-fit-0030,axis3_code_agentic,1185,0.0010891589884714347
conditional-fit-0030,axis3_code_agentic,1186,0.0004524620945507947
conditional-fit-0030,axis3_code_agentic,1187,0.00010139137487575951
conditional-fit-0030,axis3_code_agentic,1188,0.006495280037020588
conditional-fit-0030,axis3_code_agentic,1189,0.11809764503487787
conditional-fit-0030,axis3_code_agentic,1190,0.06340864172520189
conditional-fit-0030,axis3_code_agentic,1191,0.09784003536201384
conditional-fit-0030,axis3_code_agentic,1192,0.026432537617376455
conditional-fit-0030,axis3_code_agentic,1193,0.04228779837614416
conditional-fit-0030,axis3_code_agentic,1194,0.11714493591917982
conditional-fit-0030,axis3_code_agentic,1195,0.17813106007389395
conditional-fit-0030,axis3_code_agentic,1196,0.05959153946828684
conditional-fit-0030,axis3_code_agentic,1197,0.019224871265690335
conditional-fit-0030,axis3_code_agentic,1198,0.007738027284085038
conditional-fit-0030,axis3_code_agentic,1199,0.12830291948018135
conditional-fit-0030,axis3_code_agentic,1200,0.3090159119430969
conditional-fit-0030,axis3_code_agentic,1201,0.06418062020402676
conditional-fit-0030,axis3_code_agentic,1202,0.10130568391360925
conditional-fit-0030,axis3_code_agentic,1203,0.01186087246257589
conditional-fit-0030,axis3_code_agentic,1204,0.0078218025947682
conditional-fit-0030,axis3_code_agentic,1205,0.06668008715625004
conditional-fit-0030,axis3_code_agentic,1206,0.072865323816195
conditional-fit-0030,axis3_code_agentic,1207,0.00840832991845597
conditional-fit-0030,axis3_code_agentic,1208,0.03672243829228874
conditional-fit-0030,axis3_code_agentic,1209,0.025604753832898716
conditional-fit-0030,axis3_code_agentic,1210,0.05336689179668408
conditional-fit-0030,axis3_code_agentic,1211,0.05045080707358356
conditional-fit-0030,axis3_code_agentic,1212,0.019421691527485657
conditional-fit-0030,axis3_code_agentic,1213,0.015102283888305548
conditional-fit-0030,axis3_code_agentic,1214,0.004549834032248333
conditional-fit-0030,axis3_code_agentic,1215,0.035348822324932305
conditional-fit-0030,axis3_code_agentic,1216,0.019490510526844612
conditional-fit-0030,axis3_code_agentic,1217,0.02926984456656447
conditional-fit-0030,axis3_code_agentic,1218,0.05916215294090914
conditional-fit-0030,axis3_code_agentic,1219,0.004419410914012832
conditional-fit-0030,axis3_code_agentic,1220,0.010696742349472436
conditional-fit-0030,axis3_code_agentic,1221,0.054392590800960074
conditional-fit-0030,axis3_code_agentic,1222,0.05831338379131909
conditional-fit-0030,axis3_code_agentic,1223,0.009953722039764756
conditional-fit-0030,axis3_code_agentic,1224,0.044199829553438784
conditional-fit-0030,axis3_code_agentic,1225,0.011187953881870475
conditional-fit-0030,axis3_code_agentic,1226,0.1491015856308703
conditional-fit-0030,axis3_code_agentic,1227,0.0937682495279034
conditional-fit-0030,axis3_code_agentic,1228,0.10847372696031272
conditional-fit-0030,axis3_code_agentic,1229,0.021056011484088432
conditional-fit-0030,axis3_code_agentic,1230,0.001992830382312825
conditional-fit-0030,axis3_code_agentic,1231,0.04016303219939315
conditional-fit-0030,axis3_code_agentic,1232,0.06140151830874753
conditional-fit-0030,axis3_code_agentic,1233,0.07697868665820193
conditional-fit-0030,axis3_code_agentic,1234,0.10858789112753306
conditional-fit-0030,axis3_code_agentic,1235,0.024761153751456474
conditional-fit-0030,axis3_code_agentic,1236,0.12342094435870865
conditional-fit-0030,axis3_code_agentic,1237,0.09971304578923074
conditional-fit-0030,axis3_code_agentic,1238,0.07916636329307995
conditional-fit-0030,axis3_code_agentic,1239,0.08525424415264359
conditional-fit-0030,axis3_code_agentic,1240,0.03875482640112626
conditional-fit-0030,axis3_code_agentic,1241,7.028152716358175e-06
conditional-fit-0030,axis3_code_agentic,1242,0.0012960803664638868
conditional-fit-0030,axis3_code_agentic,1243,0.2898766178916422
conditional-fit-0030,axis3_code_agentic,1244,0.0008335224874969202
conditional-fit-0030,axis3_code_agentic,1245,0.002586684905070906
conditional-fit-0030,axis3_code_agentic,1246,0.009383070861748857
conditional-fit-0030,axis3_code_agentic,1247,0.0010753681206563906
conditional-fit-0030,axis3_code_agentic,1248,0.019567282024650814
conditional-fit-0030,axis3_code_agentic,1249,0.026952794918940075
conditional-fit-0030,axis3_code_agentic,1250,0.007507926869561881
conditional-fit-0030,axis3_code_agentic,1251,1.1223589901027668e-05
conditional-fit-0030,axis3_code_agentic,1252,0.004754060209604871
conditional-fit-0030,axis3_code_agentic,1253,0.1500613514400146
conditional-fit-0030,axis3_code_agentic,1254,0.00023593852663890928
conditional-fit-0030,axis3_code_agentic,1255,3.0852461556703294e-05
conditional-fit-0030,axis3_code_agentic,1256,0.00476708593298473
conditional-fit-0030,axis3_code_agentic,1257,0.0020962351584993526
conditional-fit-0030,axis3_code_agentic,1258,0.0002895990519016729
conditional-fit-0030,axis3_code_agentic,1259,0.0009911674797800792
conditional-fit-0030,axis3_code_agentic,1260,0.008296098019287027
conditional-fit-0030,axis3_code_agentic,1261,2.7407465220843406e-05
conditional-fit-0030,axis3_code_agentic,1262,0.0013754247643596135
conditional-fit-0030,axis3_code_agentic,1263,0.11032779602884957
conditional-fit-0030,axis3_code_agentic,1264,0.073367338472897
conditional-fit-0030,axis3_code_agentic,1265,0.04007850748866054
conditional-fit-0030,axis3_code_agentic,1266,0.00038393693485233983
conditional-fit-0030,axis3_code_agentic,1267,0.00014008676948925312
conditional-fit-0030,axis3_code_agentic,1268,0.009018872267813657
conditional-fit-0030,axis3_code_agentic,1269,0.00968063375300035
conditional-fit-0030,axis3_code_agentic,1270,0.00017293399216839102
conditional-fit-0030,axis3_code_agentic,1271,0.007952584202061816
conditional-fit-0030,axis3_code_agentic,1272,4.218538675825017e-06
conditional-fit-0030,axis3_code_agentic,1273,0.0019120299355151228
conditional-fit-0030,axis3_code_agentic,1274,0.17649898668160222
conditional-fit-0030,axis3_code_agentic,1275,0.08087750223068133
conditional-fit-0030,axis3_code_agentic,1276,0.024068559243773126
conditional-fit-0030,axis3_code_agentic,1277,2.686042181473065e-05
conditional-fit-0030,axis3_code_agentic,1278,0.026227630169875806
conditional-fit-0030,axis3_code_agentic,1279,0.010357028100522006
conditional-fit-0030,axis3_code_agentic,1280,0.008449714464626508
conditional-fit-0030,axis3_code_agentic,1281,0.13757099450944524
conditional-fit-0030,axis3_code_agentic,1282,0.00798130892376445
conditional-fit-0030,axis3_code_agentic,1283,1.7191579761524994e-05
conditional-fit-0030,axis3_code_agentic,1284,0.022090461118590476
conditional-fit-0030,axis3_code_agentic,1285,0.07378073992175152
conditional-fit-0030,axis3_code_agentic,1286,0.05217771642414168
conditional-fit-0030,axis3_code_agentic,1287,0.0008178863949744131
conditional-fit-0030,axis3_code_agentic,1288,0.00011946345684035335
conditional-fit-0030,axis3_code_agentic,1289,0.017711386411962265
conditional-fit-0030,axis3_code_agentic,1290,0.00020577755509033067
conditional-fit-0030,axis3_code_agentic,1291,0.0054921193442282815
conditional-fit-0030,axis3_code_agentic,1292,0.014407119136516457
conditional-fit-0030,axis3_code_agentic,1293,0.006463065605618739
conditional-fit-0030,axis3_code_agentic,1294,2.3619245294215274e-05
conditional-fit-0030,axis3_code_agentic,1295,0.00221540017725445
conditional-fit-0030,axis3_code_agentic,1296,0.05932578096891309
conditional-fit-0030,axis3_code_agentic,1297,0.000651293397772763
conditional-fit-0030,axis3_code_agentic,1298,0.009875407336054966
conditional-fit-0030,axis3_code_agentic,1299,0.000301002399915594
conditional-fit-0030,axis3_code_agentic,1300,2.1668303084094307e-05
conditional-fit-0030,axis3_code_agentic,1301,0.0010466704604231414
conditional-fit-0030,axis3_code_agentic,1302,2.2218980571770645e-06
conditional-fit-0030,axis3_code_agentic,1303,0.0015585274131710686
conditional-fit-0030,axis3_code_agentic,1304,0.010222577031229993
conditional-fit-0030,axis3_code_agentic,1305,0.0010541454355689438
conditional-fit-0030,axis3_code_agentic,1306,0.008999812677669361
conditional-fit-0030,axis3_code_agentic,1307,1.6093271749600002e-05
conditional-fit-0030,axis3_code_agentic,1308,0.002733242815298905
conditional-fit-0030,axis3_code_agentic,1309,0.10887990160559471
conditional-fit-0030,axis3_code_agentic,1310,0.11090772969461812
conditional-fit-0030,axis3_code_agentic,1311,0.0012006866905587882
conditional-fit-0030,axis3_code_agentic,1312,4.8380236843787835e-05
conditional-fit-0030,axis3_code_agentic,1313,0.04028194457787784
conditional-fit-0030,axis3_code_agentic,1314,0.013259539317187452
conditional-fit-0030,axis3_code_agentic,1315,0.014638149043915097
conditional-fit-0030,axis3_code_agentic,1316,0.055965099480268926
conditional-fit-0030,axis3_code_agentic,1317,0.00014602574598758023
conditional-fit-0030,axis3_code_agentic,1318,0.010901239859618293
conditional-fit-0030,axis3_code_agentic,1319,0.06644776952577457
conditional-fit-0030,axis3_code_agentic,1320,0.013791879675595625
conditional-fit-0030,axis3_code_agentic,1321,0.018841666576747542
conditional-fit-0030,axis3_code_agentic,1322,0.056710676997395126
conditional-fit-0030,axis3_code_agentic,1323,0.003695430745540771
conditional-fit-0030,axis3_code_agentic,1324,0.019421820534213975
conditional-fit-0030,axis3_code_agentic,1325,0.012296248438373202
conditional-fit-0030,axis3_code_agentic,1326,0.01055781147869476
conditional-fit-0030,axis3_code_agentic,1327,0.07640358428606428
conditional-fit-0030,axis3_code_agentic,1328,0.06798615272706782
conditional-fit-0030,axis3_code_agentic,1329,0.044670862664949205
conditional-fit-0030,axis3_code_agentic,1330,0.006944260777079925
conditional-fit-0030,axis3_code_agentic,1331,0.01617156788947609
conditional-fit-0030,axis3_code_agentic,1332,0.025335202835581064
conditional-fit-0030,axis3_code_agentic,1333,0.016040733050618233
conditional-fit-0030,axis3_code_agentic,1334,0.00923798587228896
conditional-fit-0030,axis3_code_agentic,1335,0.043358853421946494
conditional-fit-0030,axis3_code_agentic,1336,0.006562647483325309
conditional-fit-0030,axis3_code_agentic,1337,0.012964154418476294
conditional-fit-0030,axis3_code_agentic,1338,0.02699223474309015
conditional-fit-0030,axis3_code_agentic,1339,0.052249354413774686
conditional-fit-0030,axis3_code_agentic,1340,0.01713903577634607
conditional-fit-0030,axis3_code_agentic,1341,3.11460745503373e-05
conditional-fit-0030,axis3_code_agentic,1342,0.0004725580682688301
conditional-fit-0030,axis3_code_agentic,1343,2.7363443015663015e-05
conditional-fit-0030,axis3_code_agentic,1344,0.027223154504971942
conditional-fit-0030,axis3_code_agentic,1345,0.007018479562264875
conditional-fit-0030,axis3_code_agentic,1346,0.00655445090513625
conditional-fit-0030,axis3_code_agentic,1347,0.022182169664894114
conditional-fit-0030,axis3_code_agentic,1348,0.015045432600060492
conditional-fit-0030,axis3_code_agentic,1349,0.00600730097960541
conditional-fit-0030,axis3_code_agentic,1350,0.015006201656412012
conditional-fit-0030,axis3_code_agentic,1351,0.06337589154306114
conditional-fit-0030,axis3_code_agentic,1352,0.0027914615833629043
conditional-fit-0030,axis3_code_agentic,1353,0.014787250379384567
conditional-fit-0030,axis3_code_agentic,1354,0.01686479827320925
conditional-fit-0030,axis3_code_agentic,1355,0.002133515572854937
conditional-fit-0030,axis3_code_agentic,1356,0.01933611842283385
conditional-fit-0030,axis3_code_agentic,1357,0.04705037073452713
conditional-fit-0030,axis3_code_agentic,1358,0.0636806325549759
conditional-fit-0030,axis3_code_agentic,1359,6.40768751461411e-05
conditional-fit-0030,axis3_code_agentic,1360,0.0022064609220097124
conditional-fit-0030,axis3_code_agentic,1361,0.0572865175222062
conditional-fit-0030,axis3_code_agentic,1362,0.7221348212396386
conditional-fit-0030,axis3_code_agentic,1363,0.01671210367236665
conditional-fit-0030,axis3_code_agentic,1364,0.06110015093642716
conditional-fit-0030,axis3_code_agentic,1365,0.12133380886821697
conditional-fit-0030,axis3_code_agentic,1366,0.16271479408508996
conditional-fit-0030,axis3_code_agentic,1367,0.26815352433454254
conditional-fit-0030,axis3_code_agentic,1368,0.14958830038164414
conditional-fit-0030,axis3_code_agentic,1369,0.16991626182490321
conditional-fit-0030,axis3_code_agentic,1370,0.016898251071185352
conditional-fit-0030,axis3_code_agentic,1371,0.15574800617025217
conditional-fit-0030,axis3_code_agentic,1372,0.0006167197664760667
conditional-fit-0030,axis3_code_agentic,1373,0.0022572436588347176
conditional-fit-0030,axis3_code_agentic,1374,0.018313736666718337
conditional-fit-0030,axis3_code_agentic,1375,5.298602098215618e-05
conditional-fit-0030,axis3_code_agentic,1376,0.00018826723389873251
conditional-fit-0030,axis3_code_agentic,1377,0.0016031664751003534
conditional-fit-0030,axis3_code_agentic,1378,0.13132844717318476
conditional-fit-0030,axis3_code_agentic,1379,0.0030280233706669276
conditional-fit-0030,axis3_code_agentic,1380,0.11395703206932163
conditional-fit-0030,axis3_code_agentic,1381,0.12986961509330575
conditional-fit-0030,axis3_code_agentic,1382,0.08100290487483862
conditional-fit-0030,axis3_code_agentic,1383,0.008344552900169803
conditional-fit-0030,axis3_code_agentic,1384,0.2824881248651702
conditional-fit-0030,axis3_code_agentic,1385,0.008349759287400532
conditional-fit-0030,axis3_code_agentic,1386,0.021748092740737177
conditional-fit-0030,axis3_code_agentic,1387,0.27745149206855113
conditional-fit-0030,axis3_code_agentic,1388,0.00047874300944928755
conditional-fit-0030,axis3_code_agentic,1389,0.006175876452398723
conditional-fit-0030,axis3_code_agentic,1390,0.0009594931385801082
conditional-fit-0030,axis3_code_agentic,1391,0.1397604204792283
conditional-fit-0030,axis3_code_agentic,1392,0.0032178258852631884
conditional-fit-0030,axis3_code_agentic,1393,0.004433310122612631
conditional-fit-0030,axis3_code_agentic,1394,0.024866201208817253
conditional-fit-0030,axis3_code_agentic,1395,2.730814054881647e-05
conditional-fit-0030,axis3_code_agentic,1396,0.22116669825883872
conditional-fit-0030,axis3_code_agentic,1397,0.0034810381860199877
conditional-fit-0030,axis3_code_agentic,1398,0.018525881292605833
conditional-fit-0030,axis3_code_agentic,1399,0.12103486214715573
conditional-fit-0030,axis3_code_agentic,1400,0.016544698138421784
conditional-fit-0030,axis3_code_agentic,1401,0.08979354881494012
conditional-fit-0030,axis3_code_agentic,1402,0.08448973774500737
conditional-fit-0030,axis3_code_agentic,1403,0.019349725002586346
conditional-fit-0030,axis3_code_agentic,1404,3.0167426326691426e-05
conditional-fit-0030,axis3_code_agentic,1405,0.034970337183633106
conditional-fit-0030,axis3_code_agentic,1406,0.0001056550712215055
conditional-fit-0030,axis3_code_agentic,1407,0.0022252949559400277
conditional-fit-0030,axis3_code_agentic,1408,0.15619670243318712
conditional-fit-0030,axis3_code_agentic,1409,0.03619986863680527
conditional-fit-0030,axis3_code_agentic,1410,0.0011109391537372003
conditional-fit-0030,axis3_code_agentic,1411,1.73067212469278e-06
conditional-fit-0030,axis3_code_agentic,1412,0.005698470046415223
conditional-fit-0030,axis3_code_agentic,1413,6.832931923709829e-05
conditional-fit-0030,axis3_code_agentic,1414,0.0013607138891943765
conditional-fit-0030,axis3_code_agentic,1415,0.12319950988955222
conditional-fit-0030,axis3_code_agentic,1416,0.0014187200282974252
conditional-fit-0030,axis3_code_agentic,1417,0.04887543064268044
conditional-fit-0030,axis3_code_agentic,1418,0.0580804424660145
conditional-fit-0030,axis3_code_agentic,1419,0.1854554878187528
conditional-fit-0030,axis3_code_agentic,1420,0.03185907269773282
conditional-fit-0030,axis3_code_agentic,1421,0.03245026396946843
conditional-fit-0030,axis3_code_agentic,1422,0.03394921363657336
conditional-fit-0030,axis3_code_agentic,1423,1.8979124788356124e-05
conditional-fit-0030,axis3_code_agentic,1424,0.0193816001421546
conditional-fit-0030,axis3_code_agentic,1425,0.0007340901833929475
conditional-fit-0030,axis3_code_agentic,1426,0.0005438236454106303
conditional-fit-0030,axis3_code_agentic,1427,0.00010520691037581111
conditional-fit-0030,axis3_code_agentic,1428,0.024440527711534016
conditional-fit-0030,axis3_code_agentic,1429,0.1939720069743614
conditional-fit-0030,axis3_code_agentic,1430,0.06303682952729772
conditional-fit-0030,axis3_code_agentic,1431,0.019913650089101655
conditional-fit-0030,axis3_code_agentic,1432,0.007213696539663422
conditional-fit-0030,axis3_code_agentic,1433,4.286956934964879e-06
conditional-fit-0030,axis3_code_agentic,1434,0.26143124509216165
conditional-fit-0030,axis3_code_agentic,1435,0.009108808218988367
conditional-fit-0030,axis3_code_agentic,1436,0.06492629254725138
conditional-fit-0030,axis3_code_agentic,1437,0.9214201262995929
conditional-fit-0030,axis3_code_agentic,1438,0.06135306624266931
conditional-fit-0030,axis3_code_agentic,1439,0.35159491513994634
conditional-fit-0030,axis3_code_agentic,1440,0.15632594540322334
conditional-fit-0030,axis3_code_agentic,1441,0.0007528108626764882
conditional-fit-0030,axis3_code_agentic,1442,0.0022948328542221745
conditional-fit-0030,axis3_code_agentic,1443,0.0009361832672342825
conditional-fit-0030,axis3_code_agentic,1444,0.010290427279577286
conditional-fit-0030,axis3_code_agentic,1445,4.155301049296128e-05
conditional-fit-0030,axis3_code_agentic,1446,0.056361631561100585
conditional-fit-0030,axis3_code_agentic,1447,0.0014336986961370208
conditional-fit-0030,axis3_code_agentic,1448,0.03688806009353643
conditional-fit-0030,axis3_code_agentic,1449,0.011160606472947796
conditional-fit-0030,axis3_code_agentic,1450,0.22787032402643945
conditional-fit-0030,axis3_code_agentic,1451,0.00018315907150866613
conditional-fit-0030,axis3_code_agentic,1452,0.0006435474633129912
conditional-fit-0030,axis3_code_agentic,1453,0.9110722682288022
conditional-fit-0030,axis3_code_agentic,1454,0.004651024169761352
conditional-fit-0030,axis3_code_agentic,1455,0.03000421937562475
conditional-fit-0030,axis3_code_agentic,1456,0.09688284531593322
conditional-fit-0030,axis3_code_agentic,1457,0.006099584973002311
conditional-fit-0030,axis3_code_agentic,1458,9.312750697391159e-05
conditional-fit-0030,axis3_code_agentic,1459,0.0006323597656272884
conditional-fit-0030,axis3_code_agentic,1460,0.009935664275043506
conditional-fit-0030,axis3_code_agentic,1461,0.007310517469623155
conditional-fit-0030,axis3_code_agentic,1462,0.11219803339827217
conditional-fit-0030,axis3_code_agentic,1463,0.1677663346172604
conditional-fit-0030,axis3_code_agentic,1464,0.1416585236020163
conditional-fit-0030,axis3_code_agentic,1465,0.0062942716436029025
conditional-fit-0030,axis3_code_agentic,1466,2.727576160235824e-06
conditional-fit-0030,axis3_code_agentic,1467,0.013320200488989312
conditional-fit-0030,axis3_code_agentic,1468,0.0028926994866264205
conditional-fit-0030,axis3_code_agentic,1469,0.0983052694568757
conditional-fit-0030,axis3_code_agentic,1470,0.0002005054502999536
conditional-fit-0030,axis3_code_agentic,1471,0.01213956234602786
conditional-fit-0030,axis3_code_agentic,1472,1.8614461135705967e-05
conditional-fit-0030,axis3_code_agentic,1473,0.00014787610140626142
conditional-fit-0030,axis3_code_agentic,1474,0.006173199981583045
conditional-fit-0030,axis3_code_agentic,1475,0.00022781183997619176
conditional-fit-0030,axis3_code_agentic,1476,0.0045009986370268
conditional-fit-0030,axis3_code_agentic,1477,0.018703193476425545
conditional-fit-0030,axis3_code_agentic,1478,0.0003382273327366587
conditional-fit-0030,axis3_code_agentic,1479,0.0007651163188261392
conditional-fit-0030,axis3_code_agentic,1480,5.194686937283697e-05
conditional-fit-0030,axis3_code_agentic,1481,0.04500683746803981
conditional-fit-0030,axis3_code_agentic,1482,0.0007478747305087995
conditional-fit-0030,axis3_code_agentic,1483,0.01585495861713998
conditional-fit-0030,axis3_code_agentic,1484,0.0005390685772966481
conditional-fit-0030,axis3_code_agentic,1485,0.0004901729933834202
conditional-fit-0030,axis3_code_agentic,1486,0.032754280022981586
conditional-fit-0030,axis3_code_agentic,1487,0.022510458835407213
conditional-fit-0030,axis3_code_agentic,1488,0.1406053542641622
conditional-fit-0030,axis3_code_agentic,1489,0.008772912709680676
conditional-fit-0030,axis3_code_agentic,1490,1.9259585595569313e-05
conditional-fit-0030,axis3_code_agentic,1491,0.006248042733295732
conditional-fit-0030,axis3_code_agentic,1492,0.00437481404178411
conditional-fit-0030,axis3_code_agentic,1493,0.013589417043785034
conditional-fit-0030,axis3_code_agentic,1494,2.866893150106241e-05
conditional-fit-0030,axis3_code_agentic,1495,4.93984383739857e-05
conditional-fit-0030,axis3_code_agentic,1496,2.2300880597677317e-05
conditional-fit-0030,axis3_code_agentic,1497,0.0024380186001679554
conditional-fit-0030,axis3_code_agentic,1498,4.092028772138809e-06
conditional-fit-0030,axis3_code_agentic,1499,0.0004378605277295841
conditional-fit-0030,axis3_code_agentic,1500,1.0722118673671154e-05
conditional-fit-0030,axis3_code_agentic,1501,2.3588787906310335e-06
conditional-fit-0030,axis3_code_agentic,1502,0.0016548539937389565
conditional-fit-0030,axis3_code_agentic,1503,9.29648876429912e-06
conditional-fit-0030,axis3_code_agentic,1504,0.00017950674734639312
conditional-fit-0030,axis3_code_agentic,1505,0.0014950698173142002
conditional-fit-0030,axis3_code_agentic,1506,7.494321849847671e-05
conditional-fit-0030,axis3_code_agentic,1507,0.0003786722442442604
conditional-fit-0030,axis3_code_agentic,1508,0.00015175546664913844
conditional-fit-0030,axis3_code_agentic,1509,0.00022468214062022917
conditional-fit-0030,axis3_code_agentic,1510,0.04474259269039439
conditional-fit-0030,axis3_code_agentic,1511,0.14207164166972486
conditional-fit-0030,axis3_code_agentic,1512,0.051650498039272214
conditional-fit-0030,axis3_code_agentic,1513,8.130648008727921e-05
conditional-fit-0030,axis3_code_agentic,1514,7.772509320308665e-06
conditional-fit-0030,axis3_code_agentic,1515,0.011217944598077328
conditional-fit-0030,axis3_code_agentic,1516,0.0017918111018287034
conditional-fit-0030,axis3_code_agentic,1517,0.009923366735732256
conditional-fit-0030,axis3_code_agentic,1518,0.09822542733451983
conditional-fit-0030,axis3_code_agentic,1519,0.03641575916200674
conditional-fit-0030,axis3_code_agentic,1520,0.20091475232944522
conditional-fit-0030,axis3_code_agentic,1521,0.2787778083436202
conditional-fit-0030,axis3_code_agentic,1522,0.08116857350474488
conditional-fit-0030,axis3_code_agentic,1523,0.00012375509782385212
conditional-fit-0030,axis3_code_agentic,1524,0.03017310915058641
conditional-fit-0030,axis3_code_agentic,1525,0.04178272574983278
conditional-fit-0030,axis3_code_agentic,1526,1.210731746884871e-05
conditional-fit-0030,axis3_code_agentic,1527,0.08891492960531705
conditional-fit-0030,axis3_code_agentic,1528,4.861651998528438e-05
conditional-fit-0030,axis3_code_agentic,1529,0.0002513462447689053
conditional-fit-0030,axis3_code_agentic,1530,0.0006509695102220494
conditional-fit-0030,axis3_code_agentic,1531,0.2549488510410379
conditional-fit-0030,axis3_code_agentic,1532,0.07326291232061419
conditional-fit-0030,axis3_code_agentic,1533,0.10021134512891067
conditional-fit-0030,axis3_code_agentic,1534,0.000632008878573738
conditional-fit-0030,axis3_code_agentic,1535,0.0004188544783736977
conditional-fit-0030,axis3_code_agentic,1536,0.000497584433551772
conditional-fit-0030,axis3_code_agentic,1537,0.09022305966206809
conditional-fit-0030,axis3_code_agentic,1538,0.03126521986350914
conditional-fit-0030,axis3_code_agentic,1539,0.015535918704980462
conditional-fit-0030,axis3_code_agentic,1540,0.031095788190851136
conditional-fit-0030,axis3_code_agentic,1541,0.1526323614430905
conditional-fit-0030,axis3_code_agentic,1542,0.0017152520308019784
conditional-fit-0030,axis3_code_agentic,1543,0.018148360581903406
conditional-fit-0030,axis3_code_agentic,1544,5.5650204758487364e-05
conditional-fit-0030,axis3_code_agentic,1545,0.00017318837794672682
conditional-fit-0030,axis3_code_agentic,1546,0.0003900442880921691
conditional-fit-0030,axis3_code_agentic,1547,8.691458496618351e-05
conditional-fit-0030,axis3_code_agentic,1548,5.574838995517764e-06
conditional-fit-0030,axis3_code_agentic,1549,0.00011067300822575851
conditional-fit-0030,axis3_code_agentic,1550,0.0004427066435118912
conditional-fit-0030,axis3_code_agentic,1551,5.359521493395637e-07
conditional-fit-0030,axis3_code_agentic,1552,0.00016527507712007974
conditional-fit-0030,axis3_code_agentic,1553,2.3872776657539084e-05
conditional-fit-0030,axis3_code_agentic,1554,5.903773953880272e-05
conditional-fit-0030,axis3_code_agentic,1555,0.00016270452599889755
conditional-fit-0030,axis3_code_agentic,1556,8.092435718869118e-05
conditional-fit-0030,axis3_code_agentic,1557,0.0021306672105564006
conditional-fit-0030,axis3_code_agentic,1558,8.996624456624898e-05
conditional-fit-0030,axis3_code_agentic,1559,1.575902535416138e-05
conditional-fit-0030,axis3_code_agentic,1560,2.3757288136208635e-05
conditional-fit-0030,axis3_code_agentic,1561,0.00046640351950808157
conditional-fit-0030,axis3_code_agentic,1562,0.014823133570546746
conditional-fit-0030,axis3_code_agentic,1563,0.01749810096436789
conditional-fit-0030,axis3_code_agentic,1564,0.02925680650990477
conditional-fit-0030,axis3_code_agentic,1565,0.015117780470468689
conditional-fit-0030,axis3_code_agentic,1566,0.012440604145219402
conditional-fit-0030,axis3_code_agentic,1567,4.243644447938342e-06
conditional-fit-0030,axis3_code_agentic,1568,0.0007846996844412656
conditional-fit-0030,axis3_code_agentic,1569,2.3115114156875723e-05
conditional-fit-0030,axis3_code_agentic,1570,1.2165349800761036e-05
conditional-fit-0030,axis3_code_agentic,1571,0.00013646553169747246
conditional-fit-0030,axis3_code_agentic,1572,3.594267199047723e-05
conditional-fit-0030,axis3_code_agentic,1573,3.0848152225209854e-05
conditional-fit-0030,axis3_code_agentic,1574,3.7968643672876616e-05
conditional-fit-0030,axis3_code_agentic,1575,3.7351065809640684e-05
conditional-fit-0030,axis3_code_agentic,1576,9.59201158157189e-06
conditional-fit-0030,axis3_code_agentic,1577,8.32945539894774e-05
conditional-fit-0030,axis3_code_agentic,1578,4.094766468126632e-06
conditional-fit-0030,axis3_code_agentic,1579,1.9539922433483133e-05
conditional-fit-0030,axis3_code_agentic,1580,0.00017420914868931383
conditional-fit-0030,axis3_code_agentic,1581,1.75711994085368e-05
conditional-fit-0030,axis3_code_agentic,1582,4.1734406382738974e-05
conditional-fit-0030,axis3_code_agentic,1583,2.9135394714890775e-07
conditional-fit-0030,axis3_code_agentic,1584,8.470970793130461e-06
conditional-fit-0030,axis3_code_agentic,1585,8.110970833931347e-05
conditional-fit-0030,axis3_code_agentic,1586,6.6409221838479875e-06
conditional-fit-0030,axis3_code_agentic,1587,7.112720750819865e-06
conditional-fit-0030,axis3_code_agentic,1588,0.014668504288692305
conditional-fit-0030,axis3_code_agentic,1589,2.04707604725589e-05
conditional-fit-0030,axis3_code_agentic,1590,0.007251967638241979
conditional-fit-0030,axis3_code_agentic,1591,0.11744021428110149
conditional-fit-0030,axis3_code_agentic,1592,0.00036136374944102824
conditional-fit-0030,axis3_code_agentic,1593,0.06652283536071346
conditional-fit-0030,axis3_code_agentic,1594,0.00010862837862006433
conditional-fit-0030,axis3_code_agentic,1595,0.0022860870341594214
conditional-fit-0030,axis3_code_agentic,1596,8.63450940503934e-05
conditional-fit-0030,axis3_code_agentic,1597,0.0025117271520551203
conditional-fit-0030,axis3_code_agentic,1598,0.0001446828143772514
conditional-fit-0030,axis3_code_agentic,1599,0.00025842600758683797
conditional-fit-0030,axis3_code_agentic,1600,0.0002214766497002553
conditional-fit-0030,axis3_code_agentic,1601,8.68924517718775e-05
conditional-fit-0030,axis3_code_agentic,1602,1.1425757885500529e-05
conditional-fit-0030,axis3_code_agentic,1603,0.0003135025204703292
conditional-fit-0030,axis3_code_agentic,1604,0.0030455770455089263
conditional-fit-0030,axis3_code_agentic,1605,1.1255604982585614e-05
conditional-fit-0030,axis3_code_agentic,1606,0.0007304314891170143
conditional-fit-0030,axis3_code_agentic,1607,2.437924142417678e-05
conditional-fit-0030,axis3_code_agentic,1608,0.00026945074314120153
conditional-fit-0030,axis3_code_agentic,1609,0.012126103055055713
conditional-fit-0030,axis3_code_agentic,1610,0.00013922901292245536
conditional-fit-0030,axis3_code_agentic,1611,0.0007346661438794375
conditional-fit-0030,axis3_code_agentic,1612,0.0003021158955576025
conditional-fit-0030,axis3_code_agentic,1613,1.5538044663578682e-05
conditional-fit-0030,axis3_code_agentic,1614,5.08464294992906e-05
conditional-fit-0030,axis3_code_agentic,1615,5.7765525317169294e-05
conditional-fit-0030,axis3_code_agentic,1616,0.13125475132494177
conditional-fit-0030,axis3_code_agentic,1617,0.019105798913342617
conditional-fit-0030,axis3_code_agentic,1618,0.03477100894263785
conditional-fit-0030,axis3_code_agentic,1619,1.2718661149417073e-06
conditional-fit-0030,axis3_code_agentic,1620,2.8414972252581496e-06
conditional-fit-0030,axis3_code_agentic,1621,0.00011824072254389722
conditional-fit-0030,axis3_code_agentic,1622,8.535956946140934e-05
conditional-fit-0030,axis3_code_agentic,1623,0.035753421722733825
conditional-fit-0030,axis3_code_agentic,1624,8.997801811263427e-05
conditional-fit-0030,axis3_code_agentic,1625,0.0017959128445920055
conditional-fit-0030,axis3_code_agentic,1626,0.003049059358664343
conditional-fit-0030,axis3_code_agentic,1627,2.4341662227760736e-05
conditional-fit-0030,axis3_code_agentic,1628,0.0036069887051063104
conditional-fit-0030,axis3_code_agentic,1629,0.06330961093185349
conditional-fit-0030,axis3_code_agentic,1630,0.005008967188390764
conditional-fit-0030,axis3_code_agentic,1631,0.010451707146948742
conditional-fit-0030,axis3_code_agentic,1632,0.21165806838976953
conditional-fit-0030,axis3_code_agentic,1633,0.0089770814916641
conditional-fit-0030,axis3_code_agentic,1634,0.03455952675004889
conditional-fit-0030,axis3_code_agentic,1635,0.012483325265858738
conditional-fit-0030,axis3_code_agentic,1636,0.014329866289307928
conditional-fit-0030,axis3_code_agentic,1637,0.041982745547508075
conditional-fit-0030,axis3_code_agentic,1638,0.09562827794519037
conditional-fit-0030,axis3_code_agentic,1639,0.0010907878529301746
conditional-fit-0030,axis3_code_agentic,1640,0.02020157009994815
conditional-fit-0030,axis3_code_agentic,1641,0.019102939784089824
conditional-fit-0030,axis3_code_agentic,1642,0.048844330205628214
conditional-fit-0030,axis3_code_agentic,1643,0.035546069973062366
conditional-fit-0030,axis3_code_agentic,1644,0.003056457125252832
conditional-fit-0030,axis3_code_agentic,1645,0.0013569906372903895
conditional-fit-0030,axis3_code_agentic,1646,4.7714902494870554e-05
conditional-fit-0030,axis3_code_agentic,1647,0.0017792591884564527
conditional-fit-0030,axis3_code_agentic,1648,0.035730774359557974
conditional-fit-0030,axis3_code_agentic,1649,0.0006719201554711886
conditional-fit-0030,axis3_code_agentic,1650,0.002085034245013955
conditional-fit-0030,axis3_code_agentic,1651,2.745692589362278e-05
conditional-fit-0030,axis3_code_agentic,1652,0.00021544021078983953
conditional-fit-0030,axis3_code_agentic,1653,0.001229924079815516
conditional-fit-0030,axis3_code_agentic,1654,0.0004431934137148802
conditional-fit-0030,axis3_code_agentic,1655,0.00015608446708349294
conditional-fit-0030,axis3_code_agentic,1656,0.00025806125372626913
conditional-fit-0030,axis3_code_agentic,1657,0.00014333376475228265
conditional-fit-0030,axis3_code_agentic,1658,0.0007242955801850214
conditional-fit-0030,axis3_code_agentic,1659,0.003836965401817311
conditional-fit-0030,axis3_code_agentic,1660,4.5994569418295834e-05
conditional-fit-0030,axis3_code_agentic,1661,6.0405518910100905e-05
conditional-fit-0030,axis3_code_agentic,1662,0.0004324117803354441
conditional-fit-0030,axis3_code_agentic,1663,0.003070791789385729
conditional-fit-0030,axis3_code_agentic,1664,0.0004560159521427486
conditional-fit-0030,axis3_code_agentic,1665,0.00020684703758031833
conditional-fit-0030,axis3_code_agentic,1666,0.0063697734533113975
conditional-fit-0030,axis3_code_agentic,1667,0.001761537016580161
conditional-fit-0030,axis3_code_agentic,1668,0.00012590100513741023
conditional-fit-0030,axis3_code_agentic,1669,0.00042025470222707375
conditional-fit-0030,axis3_code_agentic,1670,0.0010329879540992054
conditional-fit-0030,axis3_code_agentic,1671,0.00024088174129673976
conditional-fit-0030,axis3_code_agentic,1672,2.536267988176425e-05
conditional-fit-0030,axis3_code_agentic,1673,0.00017661855809498662
conditional-fit-0030,axis3_code_agentic,1674,0.00035452782455789927
conditional-fit-0030,axis3_code_agentic,1675,6.492367052831368e-06
conditional-fit-0030,axis3_code_agentic,1676,0.00017588901963213797
conditional-fit-0030,axis3_code_agentic,1677,0.004001460065528494
conditional-fit-0030,axis3_code_agentic,1678,0.00020487422218582932
conditional-fit-0030,axis3_code_agentic,1679,4.6984246955166734e-05
conditional-fit-0030,axis3_code_agentic,1680,5.395507704753665e-05
conditional-fit-0030,axis3_code_agentic,1681,8.337861667236256e-05
conditional-fit-0030,axis3_code_agentic,1682,0.0006844765283208214
conditional-fit-0030,axis3_code_agentic,1683,1.3660118881863045e-06
conditional-fit-0030,axis3_code_agentic,1684,0.00016615383053752904
conditional-fit-0030,axis3_code_agentic,1685,2.8283337418600473e-05
conditional-fit-0030,axis3_code_agentic,1686,3.865650629470534e-05
conditional-fit-0030,axis3_code_agentic,1687,1.1840551057172812e-05
conditional-fit-0030,axis3_code_agentic,1688,0.00013542089340093188
conditional-fit-0030,axis3_code_agentic,1689,0.0002746102150825498
conditional-fit-0030,axis3_code_agentic,1690,3.152774385042369e-05
conditional-fit-0030,axis3_code_agentic,1691,0.0002572041489611448
conditional-fit-0030,axis3_code_agentic,1692,0.00012622120996789917
conditional-fit-0030,axis3_code_agentic,1693,0.0004469342255125496
conditional-fit-0030,axis3_code_agentic,1694,0.0004359978710952565
conditional-fit-0030,axis3_code_agentic,1695,0.0003340042241168523
conditional-fit-0030,axis3_code_agentic,1696,0.03070032656705124
conditional-fit-0030,axis3_code_agentic,1697,0.05505445604439141
conditional-fit-0030,axis3_code_agentic,1698,0.011768786520856287
conditional-fit-0030,axis3_code_agentic,1699,0.004626078208355231
conditional-fit-0030,axis3_code_agentic,1700,0.0044523457518600845
conditional-fit-0030,axis3_code_agentic,1701,0.011319126269892656
conditional-fit-0030,axis3_code_agentic,1702,0.010806151023062815
conditional-fit-0030,axis3_code_agentic,1703,0.002179988085173709
conditional-fit-0030,axis3_code_agentic,1704,0.0011878820991269522
conditional-fit-0030,axis3_code_agentic,1705,0.005210700298940808
conditional-fit-0030,axis3_code_agentic,1706,0.011473542038515775
conditional-fit-0030,axis3_code_agentic,1707,0.014847077860937726
conditional-fit-0030,axis3_code_agentic,1708,0.009920412501612352
conditional-fit-0030,axis3_code_agentic,1709,4.2145658904841954e-05
conditional-fit-0030,axis3_code_agentic,1710,0.0037206165117563
conditional-fit-0030,axis3_code_agentic,1711,0.008543570233369465
conditional-fit-0030,axis3_code_agentic,1712,0.011723858103054152
conditional-fit-0030,axis3_code_agentic,1713,0.01194752390379102
conditional-fit-0030,axis3_code_agentic,1714,0.0012546735498171068
conditional-fit-0030,axis3_code_agentic,1715,0.002834360277928258
conditional-fit-0030,axis3_code_agentic,1716,0.00876205485232829
conditional-fit-0030,axis3_code_agentic,1717,0.011284092524357803
conditional-fit-0030,axis3_code_agentic,1718,0.00502381712555062
conditional-fit-0030,axis3_code_agentic,1719,0.002773401679702735
conditional-fit-0030,axis3_code_agentic,1720,0.002723155230992743
conditional-fit-0030,axis3_code_agentic,1721,0.002373449178584559
conditional-fit-0030,axis3_code_agentic,1722,0.006135221222034463
conditional-fit-0030,axis3_code_agentic,1723,0.008009072462164531
conditional-fit-0030,axis3_code_agentic,1724,0.0032801356716638174
conditional-fit-0030,axis3_code_agentic,1725,0.01055740634462533
conditional-fit-0030,axis3_code_agentic,1726,0.012929781070915441
conditional-fit-0030,axis3_code_agentic,1727,0.006206669782724708
conditional-fit-0030,axis3_code_agentic,1728,0.005033961749515093
conditional-fit-0030,axis3_code_agentic,1729,0.013122715377234785
conditional-fit-0030,axis3_code_agentic,1730,0.2772445161326849
conditional-fit-0030,axis3_code_agentic,1731,0.004072382419934564
conditional-fit-0030,axis3_code_agentic,1732,0.00014453100673655623
conditional-fit-0030,axis3_code_agentic,1733,2.663013537186628e-05
conditional-fit-0030,axis3_code_agentic,1734,3.483240322993982e-05
conditional-fit-0030,axis3_code_agentic,1735,0.0007963341331197514
conditional-fit-0030,axis3_code_agentic,1736,2.6054640225714235e-05
conditional-fit-0030,axis3_code_agentic,1737,9.761241763330564e-06
conditional-fit-0030,axis3_code_agentic,1738,2.4518400746697093e-05
conditional-fit-0030,axis3_code_agentic,1739,5.882858178511997e-06
conditional-fit-0030,axis3_code_agentic,1740,0.015447073432866762
conditional-fit-0030,axis3_code_agentic,1741,0.014098191125101847
conditional-fit-0030,axis3_code_agentic,1742,1.35160002344621e-05
conditional-fit-0030,axis3_code_agentic,1743,0.00034074222563136754
conditional-fit-0030,axis3_code_agentic,1744,0.009197000838610053
conditional-fit-0030,axis3_code_agentic,1745,0.0014130706134935934
conditional-fit-0030,axis3_code_agentic,1746,0.00035494465372964653
conditional-fit-0030,axis3_code_agentic,1747,0.005176364102749253
conditional-fit-0030,axis3_code_agentic,1748,0.00039551192021978414
conditional-fit-0030,axis3_code_agentic,1749,0.003522109863364896
conditional-fit-0030,axis3_code_agentic,1750,0.0072191677994231426
conditional-fit-0030,axis3_code_agentic,1751,5.958978887107546e-05
conditional-fit-0030,axis3_code_agentic,1752,0.08125044513092503
conditional-fit-0030,axis3_code_agentic,1753,0.0008678614205658937
conditional-fit-0030,axis3_code_agentic,1754,0.011040642923319108
conditional-fit-0030,axis3_code_agentic,1755,3.4231124012560084e-06
conditional-fit-0030,axis3_code_agentic,1756,0.0005064133328941817
conditional-fit-0030,axis3_code_agentic,1757,0.004987923721301782
conditional-fit-0030,axis3_code_agentic,1758,0.0024933305841994277
conditional-fit-0030,axis3_code_agentic,1759,0.0009420966058895513
conditional-fit-0030,axis3_code_agentic,1760,0.06089309995048741
conditional-fit-0030,axis3_code_agentic,1761,0.015520477620401419
conditional-fit-0030,axis3_code_agentic,1762,0.025514608549539016
conditional-fit-0030,axis3_code_agentic,1763,0.0009981536265290985
conditional-fit-0030,axis3_code_agentic,1764,0.0643014504118171
conditional-fit-0030,axis3_code_agentic,1765,0.001867174104904522
conditional-fit-0030,axis3_code_agentic,1766,0.011501716387729519
conditional-fit-0030,axis3_code_agentic,1767,0.01694731951688567
conditional-fit-0030,axis3_code_agentic,1768,0.002167817285016565
conditional-fit-0030,axis3_code_agentic,1769,5.747159955882123e-05
conditional-fit-0030,axis3_code_agentic,1770,0.022785683403360554
conditional-fit-0030,axis3_code_agentic,1771,0.011647299816135093
conditional-fit-0030,axis3_code_agentic,1772,0.15964975187230923
conditional-fit-0030,axis3_code_agentic,1773,0.0013540311595564025
conditional-fit-0030,axis3_code_agentic,1774,0.0008255758853120557
conditional-fit-0030,axis3_code_agentic,1775,0.02476853721493643
conditional-fit-0030,axis3_code_agentic,1776,9.251847341152644e-07
conditional-fit-0030,axis3_code_agentic,1777,4.579287563461013e-05
conditional-fit-0030,axis3_code_agentic,1778,0.0002856878785992194
conditional-fit-0030,axis3_code_agentic,1779,0.000808002620489453
conditional-fit-0030,axis3_code_agentic,1780,5.3315003769797944e-05
conditional-fit-0030,axis3_code_agentic,1781,0.053608911691602944
conditional-fit-0030,axis3_code_agentic,1782,4.3276991849340124e-05
conditional-fit-0030,axis3_code_agentic,1783,2.0624184658664984e-05
conditional-fit-0030,axis3_code_agentic,1784,1.6029312978841752e-06
conditional-fit-0030,axis3_code_agentic,1785,0.0017412778167997995
conditional-fit-0030,axis3_code_agentic,1786,0.10877404684801961
conditional-fit-0030,axis3_code_agentic,1787,2.1001747051563413e-05
conditional-fit-0030,axis3_code_agentic,1788,0.008638025670571557
conditional-fit-0030,axis3_code_agentic,1789,0.0012729475515946907
conditional-fit-0030,axis3_code_agentic,1790,0.0034884059837079016
conditional-fit-0030,axis3_code_agentic,1791,3.032909036671803e-05
conditional-fit-0030,axis3_code_agentic,1792,4.6842697427998286e-06
conditional-fit-0030,axis3_code_agentic,1793,0.0015733075972513728
conditional-fit-0030,axis3_code_agentic,1794,6.035866431705675e-05
conditional-fit-0030,axis3_code_agentic,1795,5.543598919171633e-07
conditional-fit-0030,axis3_code_agentic,1796,0.00012504851757744043
conditional-fit-0030,axis3_code_agentic,1797,1.9494039822496175e-05
conditional-fit-0030,axis3_code_agentic,1798,1.4357105201889372e-06
conditional-fit-0030,axis3_code_agentic,1799,0.000711788630844832
conditional-fit-0030,axis3_code_agentic,1800,2.5132931931384712e-05
conditional-fit-0030,axis3_code_agentic,1801,0.0019094107293209407
conditional-fit-0030,axis3_code_agentic,1802,0.051844949083507
conditional-fit-0030,axis3_code_agentic,1803,7.366110437520625e-06
conditional-fit-0030,axis3_code_agentic,1804,0.0034053417738134986
conditional-fit-0030,axis3_code_agentic,1805,3.5422707647873235e-08
conditional-fit-0030,axis3_code_agentic,1806,1.5798723623233887e-06
conditional-fit-0030,axis3_code_agentic,1807,4.005477215162951e-05
conditional-fit-0030,axis3_code_agentic,1808,1.0692979284850826e-06
conditional-fit-0030,axis3_code_agentic,1809,0.00011288181998781694
conditional-fit-0030,axis3_code_agentic,1810,8.832862657086637e-05
conditional-fit-0030,axis3_code_agentic,1811,5.934329793809792e-05
conditional-fit-0030,axis3_code_agentic,1812,2.1084988189944844e-06
conditional-fit-0030,axis3_code_agentic,1813,2.457707074117782e-05
conditional-fit-0030,axis3_code_agentic,1814,5.904704832166621e-05
conditional-fit-0030,axis3_code_agentic,1815,6.43980529432439e-06
conditional-fit-0030,axis3_code_agentic,1816,1.4973403708177989e-05
conditional-fit-0030,axis3_code_agentic,1817,0.00018730569779447118
conditional-fit-0030,axis3_code_agentic,1818,1.2616906777832535e-05
conditional-fit-0030,axis3_code_agentic,1819,1.4360998471718696e-05
conditional-fit-0030,axis3_code_agentic,1820,3.7638798266063875e-06
conditional-fit-0030,axis3_code_agentic,1821,4.0860179646944695e-06
conditional-fit-0030,axis3_code_agentic,1822,2.7488969512512525e-06
conditional-fit-0030,axis3_code_agentic,1823,3.204512568200249e-06
conditional-fit-0030,axis3_code_agentic,1824,1.505091397176554e-05
conditional-fit-0030,axis3_code_agentic,1825,1.942987905660109e-05
conditional-fit-0030,axis3_code_agentic,1826,1.191124292915628e-08
conditional-fit-0030,axis3_code_agentic,1827,2.2735404622842883e-06
conditional-fit-0030,axis3_code_agentic,1828,4.080723363581497e-06
conditional-fit-0030,axis3_code_agentic,1829,5.577564524086984e-07
conditional-fit-0030,axis3_code_agentic,1830,1.2311287407755332e-06
conditional-fit-0030,axis3_code_agentic,1831,5.337549895304408e-07
conditional-fit-0030,axis3_code_agentic,1832,1.8817464308966888e-05
conditional-fit-0030,axis3_code_agentic,1833,8.696734678243103e-07
conditional-fit-0030,axis3_code_agentic,1834,3.868732165110125e-05
conditional-fit-0030,axis3_code_agentic,1835,1.2446726041982336e-05
conditional-fit-0030,axis3_code_agentic,1836,0.00013783576318515033
conditional-fit-0030,axis3_code_agentic,1837,8.535496388010283e-06
conditional-fit-0030,axis3_code_agentic,1838,1.8695977510960767e-06
conditional-fit-0030,axis3_code_agentic,1839,3.2618334308718924e-05
conditional-fit-0030,axis3_code_agentic,1840,7.302440321206006e-06
conditional-fit-0030,axis3_code_agentic,1841,2.3155930335985227e-06
conditional-fit-0030,axis3_code_agentic,1842,0.0001409000337335576
conditional-fit-0030,axis3_code_agentic,1843,3.897311663807632e-05
conditional-fit-0030,axis3_code_agentic,1844,1.1886307605973245e-05
conditional-fit-0030,axis3_code_agentic,1845,4.4402294746783194e-08
conditional-fit-0030,axis3_code_agentic,1846,5.8390843245587467e-05
conditional-fit-0030,axis3_code_agentic,1847,4.21789599893621e-05
conditional-fit-0030,axis3_code_agentic,1848,1.6463780247865818e-06
conditional-fit-0030,axis3_code_agentic,1849,6.734645420057093e-06
conditional-fit-0030,axis3_code_agentic,1850,0.00458606716070996
conditional-fit-0030,axis3_code_agentic,1851,0.10709873880020697
conditional-fit-0030,axis3_code_agentic,1852,0.05182573990776699
conditional-fit-0030,axis3_code_agentic,1853,0.12839954894157526
conditional-fit-0030,axis3_code_agentic,1854,0.04452321714680603
conditional-fit-0030,axis3_code_agentic,1855,0.03593799445161699
conditional-fit-0030,axis3_code_agentic,1856,0.005409088597963536
conditional-fit-0030,axis3_code_agentic,1857,0.02197108440041913
conditional-fit-0030,axis3_code_agentic,1858,0.009561663627710831
conditional-fit-0030,axis3_code_agentic,1859,0.0037028949380985632
conditional-fit-0030,axis3_code_agentic,1860,0.0003453436765268482
conditional-fit-0030,axis3_code_agentic,1861,1.988838209436882e-05
conditional-fit-0030,axis3_code_agentic,1862,0.05195117097536814
conditional-fit-0030,axis3_code_agentic,1863,1.2479113751577262e-07
conditional-fit-0030,axis3_code_agentic,1864,1.1106822355364035e-05
conditional-fit-0030,axis3_code_agentic,1865,0.00015255943988797872
conditional-fit-0030,axis3_code_agentic,1866,2.7314067313173423e-06
conditional-fit-0030,axis3_code_agentic,1867,1.024794784902374e-06
conditional-fit-0030,axis3_code_agentic,1868,0.00015147719677324973
conditional-fit-0030,axis3_code_agentic,1869,4.00045871493297e-05
conditional-fit-0030,axis3_code_agentic,1870,2.582089389017521e-05
conditional-fit-0030,axis3_code_agentic,1871,3.659256806410347e-05
conditional-fit-0030,axis3_code_agentic,1872,1.7313839476983447e-05
conditional-fit-0030,axis3_code_agentic,1873,1.088654682601886e-05
conditional-fit-0030,axis3_code_agentic,1874,0.00035434776592457656
conditional-fit-0030,axis3_code_agentic,1875,4.359415867352799e-05
conditional-fit-0030,axis3_code_agentic,1876,0.004651198506021774
conditional-fit-0030,axis3_code_agentic,1877,0.006006401329374282
conditional-fit-0030,axis3_code_agentic,1878,4.615840441071489e-05
conditional-fit-0030,axis3_code_agentic,1879,2.9754658045207477e-05
conditional-fit-0030,axis3_code_agentic,1880,0.00010338452472949613
conditional-fit-0030,axis3_code_agentic,1881,2.5136982945955255e-08
conditional-fit-0030,axis3_code_agentic,1882,4.1142951488331e-06
conditional-fit-0030,axis3_code_agentic,1883,6.850149967472687e-05
conditional-fit-0030,axis3_code_agentic,1884,4.217737789840974e-07
conditional-fit-0030,axis3_code_agentic,1885,1.8614631373111828e-06
conditional-fit-0030,axis3_code_agentic,1886,4.126861965478402e-06
conditional-fit-0030,axis3_code_agentic,1887,7.616104017350014e-05
conditional-fit-0030,axis3_code_agentic,1888,1.658772869548995e-05
conditional-fit-0030,axis3_code_agentic,1889,1.1455298164775477e-06
conditional-fit-0030,axis3_code_agentic,1890,4.1405486444229255e-06
conditional-fit-0030,axis3_code_agentic,1891,0.0001669368464599249
conditional-fit-0030,axis3_code_agentic,1892,4.130672166924728e-06
conditional-fit-0030,axis3_code_agentic,1893,4.744141318757944e-05
conditional-fit-0030,axis3_code_agentic,1894,1.4620713957421748e-06
conditional-fit-0030,axis3_code_agentic,1895,8.739677230868883e-06
conditional-fit-0030,axis3_code_agentic,1896,3.159563460791436e-05
conditional-fit-0030,axis3_code_agentic,1897,6.42304403890133e-05
conditional-fit-0030,axis3_code_agentic,1898,7.769100217747196e-05
conditional-fit-0030,axis3_code_agentic,1899,1.6014574158440796e-05
conditional-fit-0030,axis3_code_agentic,1900,1.6249629546864007e-05
conditional-fit-0030,axis3_code_agentic,1901,8.468791298858074e-06
conditional-fit-0030,axis3_code_agentic,1902,6.89948227809466e-06
conditional-fit-0030,axis3_code_agentic,1903,1.1167252726701298e-07
conditional-fit-0030,axis3_code_agentic,1904,1.942969396721169e-05
conditional-fit-0030,axis3_code_agentic,1905,3.658868191608424e-06
conditional-fit-0030,axis3_code_agentic,1906,4.771538393314291e-06
conditional-fit-0030,axis3_code_agentic,1907,1.7338117034444886e-06
conditional-fit-0030,axis3_code_agentic,1908,0.02493252749512279
conditional-fit-0030,axis3_code_agentic,1909,0.002071889884756016
conditional-fit-0030,axis3_code_agentic,1910,0.00015156209627550265
conditional-fit-0030,axis3_code_agentic,1911,1.0005586937363793e-05
conditional-fit-0030,axis3_code_agentic,1912,3.4781281648120975e-05
conditional-fit-0030,axis3_code_agentic,1913,0.000427850266348514
conditional-fit-0030,axis3_code_agentic,1914,0.04719104755577119
conditional-fit-0030,axis3_code_agentic,1915,0.0069822717036854155
conditional-fit-0030,axis3_code_agentic,1916,0.002138073809636181
conditional-fit-0030,axis3_code_agentic,1917,0.000722730761999133
conditional-fit-0030,axis3_code_agentic,1918,0.0008591132102261402
conditional-fit-0030,axis3_code_agentic,1919,0.04556787677639097
conditional-fit-0030,axis3_code_agentic,1920,0.0003750196607692597
conditional-fit-0030,axis3_code_agentic,1921,0.04210997256259165
conditional-fit-0030,axis3_code_agentic,1922,0.019887630486655483
conditional-fit-0030,axis3_code_agentic,1923,0.11807993955872705
conditional-fit-0030,axis3_code_agentic,1924,0.014645976552492189
conditional-fit-0030,axis3_code_agentic,1925,0.04339453638710595
conditional-fit-0030,axis3_code_agentic,1926,0.004884636673293849
conditional-fit-0030,axis3_code_agentic,1927,0.0001857555178524002
conditional-fit-0030,axis3_code_agentic,1928,0.019390886860487934
conditional-fit-0030,axis3_code_agentic,1929,0.01830223202353035
conditional-fit-0030,axis3_code_agentic,1930,0.00402870583132928
conditional-fit-0030,axis3_code_agentic,1931,0.014866039260488198
conditional-fit-0030,axis3_code_agentic,1932,7.79246957216759e-05
conditional-fit-0030,axis3_code_agentic,1933,0.006228418138505321
conditional-fit-0030,axis3_code_agentic,1934,0.029519047029440987
conditional-fit-0030,axis3_code_agentic,1935,0.0025348084060739253
conditional-fit-0030,axis3_code_agentic,1936,0.12552493246450175
conditional-fit-0030,axis3_code_agentic,1937,0.0007353545823041237
conditional-fit-0030,axis3_code_agentic,1938,0.0027820078078449953
conditional-fit-0030,axis3_code_agentic,1939,0.02827417937837641
conditional-fit-0030,axis3_code_agentic,1940,0.004206191379520801
conditional-fit-0030,axis3_code_agentic,1941,0.001068128993566966
conditional-fit-0030,axis3_code_agentic,1942,0.0009274202759860476
conditional-fit-0030,axis3_code_agentic,1943,0.01884443532383964
conditional-fit-0030,axis3_code_agentic,1944,0.023857465913465877
conditional-fit-0030,axis3_code_agentic,1945,0.007971265739579042
conditional-fit-0030,axis3_code_agentic,1946,0.00027367241686070826
conditional-fit-0030,axis3_code_agentic,1947,0.019508626044390028
conditional-fit-0030,axis3_code_agentic,1948,0.021429612383749658
conditional-fit-0030,axis3_code_agentic,1949,0.010032991598274373
conditional-fit-0030,axis3_code_agentic,1950,0.003676675489512108
conditional-fit-0030,axis3_code_agentic,1951,0.009986740248791974
conditional-fit-0030,axis3_code_agentic,1952,0.02339029385562064
conditional-fit-0030,axis3_code_agentic,1953,0.002834618267843373
conditional-fit-0030,axis3_code_agentic,1954,0.05886922056736649
conditional-fit-0030,axis3_code_agentic,1955,0.003931118693924502
conditional-fit-0030,axis3_code_agentic,1956,3.63705950592181e-05
conditional-fit-0030,axis3_code_agentic,1957,0.0217373136249867
conditional-fit-0030,axis3_code_agentic,1958,0.008120444183335213
conditional-fit-0030,axis3_code_agentic,1959,0.010762027553661777
conditional-fit-0030,axis3_code_agentic,1960,0.028351079067387614
conditional-fit-0030,axis3_code_agentic,1961,0.003276799203930699
conditional-fit-0030,axis3_code_agentic,1962,0.004464834264503592
conditional-fit-0030,axis3_code_agentic,1963,0.0037925930503548704
conditional-fit-0030,axis3_code_agentic,1964,9.665513600135852e-05
conditional-fit-0030,axis3_code_agentic,1965,9.677434108764099e-06
conditional-fit-0030,axis3_code_agentic,1966,0.0005242096205350843
conditional-fit-0030,axis3_code_agentic,1967,0.08912528018785643
conditional-fit-0030,axis3_code_agentic,1968,0.009313868290246127
conditional-fit-0030,axis3_code_agentic,1969,0.004812502131449063
conditional-fit-0030,axis3_code_agentic,1970,0.0001002961306871132
conditional-fit-0030,axis3_code_agentic,1971,2.0107310919778817e-05
conditional-fit-0030,axis3_code_agentic,1972,1.286862224791345e-05
conditional-fit-0030,axis3_code_agentic,1973,9.290375301648948e-06
conditional-fit-0030,axis3_code_agentic,1974,6.3127008600016e-07
conditional-fit-0030,axis3_code_agentic,1975,2.3304442930455686e-05
conditional-fit-0030,axis3_code_agentic,1976,0.000475252370201236
conditional-fit-0030,axis3_code_agentic,1977,9.748082246799498e-06
conditional-fit-0030,axis3_code_agentic,1978,3.4932451312734457e-06
conditional-fit-0030,axis3_code_agentic,1979,1.9488060717417666e-05
conditional-fit-0030,axis3_code_agentic,1980,3.6591163695058123e-06
conditional-fit-0030,axis3_code_agentic,1981,0.0006544254395432913
conditional-fit-0030,axis3_code_agentic,1982,0.036421074950213156
conditional-fit-0030,axis3_code_agentic,1983,0.022840566066808045
conditional-fit-0030,axis3_code_agentic,1984,0.03212861197655679
conditional-fit-0030,axis3_code_agentic,1985,0.00011111583797303784
conditional-fit-0030,axis3_code_agentic,1986,0.003104581094146564
conditional-fit-0030,axis3_code_agentic,1987,0.13216319196859724
conditional-fit-0030,axis3_code_agentic,1988,0.10966841476943984
conditional-fit-0030,axis3_code_agentic,1989,0.047843509419195435
conditional-fit-0030,axis3_code_agentic,1990,0.008051014466419773
conditional-fit-0030,axis3_code_agentic,1991,0.013308511841280506
conditional-fit-0030,axis3_code_agentic,1992,0.04857236715273501
conditional-fit-0030,axis3_code_agentic,1993,0.050289493520879844
conditional-fit-0030,axis3_code_agentic,1994,2.8248831122555487e-05
conditional-fit-0030,axis3_code_agentic,1995,0.040237603517883413
conditional-fit-0030,axis3_code_agentic,1996,2.0862681784017463e-06
conditional-fit-0030,axis3_code_agentic,1997,0.0031784962973810914
conditional-fit-0030,axis3_code_agentic,1998,0.032446250462933264
conditional-fit-0030,axis3_code_agentic,1999,0.001068833510602872
conditional-fit-0030,axis3_code_agentic,2000,0.02538928908683335
conditional-fit-0030,axis3_code_agentic,2001,0.029885989493885688
conditional-fit-0030,axis3_code_agentic,2002,0.042780644652390815
conditional-fit-0030,axis3_code_agentic,2003,0.011978869458095492
conditional-fit-0030,axis3_code_agentic,2004,0.08162095938385493
conditional-fit-0030,axis3_code_agentic,2005,0.021160971226688592
conditional-fit-0030,axis3_code_agentic,2006,0.007766536202031138
conditional-fit-0030,axis3_code_agentic,2007,0.005196740124006581
conditional-fit-0030,axis3_code_agentic,2008,0.04295296451396752
conditional-fit-0030,axis3_code_agentic,2009,0.0014335848545755682
conditional-fit-0030,axis3_code_agentic,2010,0.02958234526707903
conditional-fit-0030,axis3_code_agentic,2011,0.011414831591142562
conditional-fit-0030,axis3_code_agentic,2012,2.669039090683173e-05
conditional-fit-0030,axis3_code_agentic,2013,0.00022379465260031367
conditional-fit-0030,axis3_code_agentic,2014,0.012434474965529844
conditional-fit-0030,axis3_code_agentic,2015,0.006497607244377181
conditional-fit-0030,axis3_code_agentic,2016,0.015175011905289304
conditional-fit-0030,axis3_code_agentic,2017,0.00432196786936701
conditional-fit-0030,axis3_code_agentic,2018,0.025989701607326755
conditional-fit-0030,axis3_code_agentic,2019,0.0186021278992267
conditional-fit-0030,axis3_code_agentic,2020,1.027903501493637e-05
conditional-fit-0030,axis3_code_agentic,2021,0.012602802732245746
conditional-fit-0030,axis3_code_agentic,2022,0.01163503786150161
conditional-fit-0030,axis3_code_agentic,2023,0.05582058673844278
conditional-fit-0030,axis3_code_agentic,2024,0.06697917699645457
conditional-fit-0030,axis3_code_agentic,2025,0.015437503464358487
conditional-fit-0030,axis3_code_agentic,2026,0.0001711637158507488
conditional-fit-0030,axis3_code_agentic,2027,0.002966405026054574
conditional-fit-0030,axis3_code_agentic,2028,0.004792181419678376
conditional-fit-0030,axis3_code_agentic,2029,0.00041905632921764133
conditional-fit-0030,axis3_code_agentic,2030,0.006179743309479714
conditional-fit-0030,axis3_code_agentic,2031,0.0002356959070209171
conditional-fit-0030,axis3_code_agentic,2032,0.003071489677155173
conditional-fit-0030,axis3_code_agentic,2033,0.0038010079326247313
conditional-fit-0030,axis3_code_agentic,2034,0.014025865295990463
conditional-fit-0030,axis3_code_agentic,2035,0.008674235934779962
conditional-fit-0030,axis3_code_agentic,2036,0.024364425432947086
conditional-fit-0030,axis3_code_agentic,2037,0.016251276081026243
conditional-fit-0030,axis3_code_agentic,2038,0.03578360439997939
conditional-fit-0030,axis3_code_agentic,2039,0.005898678490271123
conditional-fit-0030,axis3_code_agentic,2040,0.09207731502517218
conditional-fit-0030,axis3_code_agentic,2041,0.0311097694609316
conditional-fit-0030,axis3_code_agentic,2042,0.019994471217658193
conditional-fit-0030,axis3_code_agentic,2043,0.014788176133523801
conditional-fit-0030,axis3_code_agentic,2044,0.09311161244333249
conditional-fit-0030,axis3_code_agentic,2045,6.997854149474478e-06
conditional-fit-0030,axis3_code_agentic,2046,0.00026541559119937024
