window_id,domain,pos,kld
conditional-fit-0081,axis3_code_agentic,0,3.4791159462364587
conditional-fit-0081,axis3_code_agentic,1,3.302243713314504
conditional-fit-0081,axis3_code_agentic,2,3.2499233938112106
conditional-fit-0081,axis3_code_agentic,3,0.620130111884444
conditional-fit-0081,axis3_code_agentic,4,0.2574672715254413
conditional-fit-0081,axis3_code_agentic,5,0.22978904018505347
conditional-fit-0081,axis3_code_agentic,6,1.3288423015200905
conditional-fit-0081,axis3_code_agentic,7,0.044839829534591265
conditional-fit-0081,axis3_code_agentic,8,0.6790002256837274
conditional-fit-0081,axis3_code_agentic,9,0.38505588142032143
conditional-fit-0081,axis3_code_agentic,10,0.23558901683931532
conditional-fit-0081,axis3_code_agentic,11,1.2176239953608419
conditional-fit-0081,axis3_code_agentic,12,1.7283570165399884
conditional-fit-0081,axis3_code_agentic,13,0.7249727559194379
conditional-fit-0081,axis3_code_agentic,14,0.8317381814263324
conditional-fit-0081,axis3_code_agentic,15,0.36470844549266546
conditional-fit-0081,axis3_code_agentic,16,0.1938767108667003
conditional-fit-0081,axis3_code_agentic,17,0.08173627695253126
conditional-fit-0081,axis3_code_agentic,18,0.017460675350734194
conditional-fit-0081,axis3_code_agentic,19,0.023401661118395273
conditional-fit-0081,axis3_code_agentic,20,0.2445866844449198
conditional-fit-0081,axis3_code_agentic,21,0.01045486617620502
conditional-fit-0081,axis3_code_agentic,22,0.35164983974318753
conditional-fit-0081,axis3_code_agentic,23,0.03746860700477031
conditional-fit-0081,axis3_code_agentic,24,0.04761481550093649
conditional-fit-0081,axis3_code_agentic,25,0.1773683450256503
conditional-fit-0081,axis3_code_agentic,26,0.2879438824419456
conditional-fit-0081,axis3_code_agentic,27,0.022654622467456767
conditional-fit-0081,axis3_code_agentic,28,0.046033395944092205
conditional-fit-0081,axis3_code_agentic,29,0.004360351076023757
conditional-fit-0081,axis3_code_agentic,30,0.12230404419094974
conditional-fit-0081,axis3_code_agentic,31,0.16292825202354627
conditional-fit-0081,axis3_code_agentic,32,0.13446871378975903
conditional-fit-0081,axis3_code_agentic,33,0.5516615518664164
conditional-fit-0081,axis3_code_agentic,34,0.1191443438295064
conditional-fit-0081,axis3_code_agentic,35,0.05499673520435401
conditional-fit-0081,axis3_code_agentic,36,0.14902526303388258
conditional-fit-0081,axis3_code_agentic,37,0.09480013271877966
conditional-fit-0081,axis3_code_agentic,38,0.2700734013338587
conditional-fit-0081,axis3_code_agentic,39,0.22145310399475676
conditional-fit-0081,axis3_code_agentic,40,0.1572041156978315
conditional-fit-0081,axis3_code_agentic,41,0.02070767618981328
conditional-fit-0081,axis3_code_agentic,42,0.03804707951996243
conditional-fit-0081,axis3_code_agentic,43,0.12098508771084288
conditional-fit-0081,axis3_code_agentic,44,0.25364629266186245
conditional-fit-0081,axis3_code_agentic,45,0.03877485429933268
conditional-fit-0081,axis3_code_agentic,46,0.04948485352068485
conditional-fit-0081,axis3_code_agentic,47,0.02254062805296826
conditional-fit-0081,axis3_code_agentic,48,0.004086100467950027
conditional-fit-0081,axis3_code_agentic,49,0.0021528121488894442
conditional-fit-0081,axis3_code_agentic,50,0.04117220128077926
conditional-fit-0081,axis3_code_agentic,51,0.26751833259870506
conditional-fit-0081,axis3_code_agentic,52,0.9554932053292848
conditional-fit-0081,axis3_code_agentic,53,0.11341854416116003
conditional-fit-0081,axis3_code_agentic,54,0.05349165180912158
conditional-fit-0081,axis3_code_agentic,55,0.19650199004316393
conditional-fit-0081,axis3_code_agentic,56,0.0005188182753759227
conditional-fit-0081,axis3_code_agentic,57,0.04593544226755473
conditional-fit-0081,axis3_code_agentic,58,0.1949244586243335
conditional-fit-0081,axis3_code_agentic,59,0.1026322792248833
conditional-fit-0081,axis3_code_agentic,60,0.0061261243740125875
conditional-fit-0081,axis3_code_agentic,61,0.26024652437073365
conditional-fit-0081,axis3_code_agentic,62,0.5863491343995763
conditional-fit-0081,axis3_code_agentic,63,0.004127749040869596
conditional-fit-0081,axis3_code_agentic,64,0.0023818525498953925
conditional-fit-0081,axis3_code_agentic,65,0.0007301480219074653
conditional-fit-0081,axis3_code_agentic,66,0.0012204633027222563
conditional-fit-0081,axis3_code_agentic,67,0.008494533409801735
conditional-fit-0081,axis3_code_agentic,68,0.08171620767745968
conditional-fit-0081,axis3_code_agentic,69,0.013333117722344238
conditional-fit-0081,axis3_code_agentic,70,0.004505043218113985
conditional-fit-0081,axis3_code_agentic,71,0.010930660761968698
conditional-fit-0081,axis3_code_agentic,72,0.25529346120567736
conditional-fit-0081,axis3_code_agentic,73,0.03820075185045549
conditional-fit-0081,axis3_code_agentic,74,0.040131899030749804
conditional-fit-0081,axis3_code_agentic,75,0.45091614386884044
conditional-fit-0081,axis3_code_agentic,76,0.6853078547088413
conditional-fit-0081,axis3_code_agentic,77,0.09828410981004189
conditional-fit-0081,axis3_code_agentic,78,0.12818664390846177
conditional-fit-0081,axis3_code_agentic,79,0.08958070089137374
conditional-fit-0081,axis3_code_agentic,80,2.347320496794687e-05
conditional-fit-0081,axis3_code_agentic,81,0.07018186038649049
conditional-fit-0081,axis3_code_agentic,82,0.07318327031318193
conditional-fit-0081,axis3_code_agentic,83,0.06967441635410672
conditional-fit-0081,axis3_code_agentic,84,0.2522613415519767
conditional-fit-0081,axis3_code_agentic,85,0.1620668035887807
conditional-fit-0081,axis3_code_agentic,86,0.09356608297655569
conditional-fit-0081,axis3_code_agentic,87,0.12639477565911098
conditional-fit-0081,axis3_code_agentic,88,0.004800940600310773
conditional-fit-0081,axis3_code_agentic,89,0.06888277000423786
conditional-fit-0081,axis3_code_agentic,90,0.024328411706410008
conditional-fit-0081,axis3_code_agentic,91,0.1552184520722825
conditional-fit-0081,axis3_code_agentic,92,0.0013883074302478537
conditional-fit-0081,axis3_code_agentic,93,0.003401355973885685
conditional-fit-0081,axis3_code_agentic,94,0.3057124686060736
conditional-fit-0081,axis3_code_agentic,95,0.03370985663899877
conditional-fit-0081,axis3_code_agentic,96,0.3523462954156834
conditional-fit-0081,axis3_code_agentic,97,0.0629750560092539
conditional-fit-0081,axis3_code_agentic,98,0.04267626176274901
conditional-fit-0081,axis3_code_agentic,99,0.0246700323664912
conditional-fit-0081,axis3_code_agentic,100,0.1162480858772817
conditional-fit-0081,axis3_code_agentic,101,0.05011002495095696
conditional-fit-0081,axis3_code_agentic,102,0.10500475599352026
conditional-fit-0081,axis3_code_agentic,103,0.09742452762501029
conditional-fit-0081,axis3_code_agentic,104,0.0005575120697239364
conditional-fit-0081,axis3_code_agentic,105,0.0032735275290453466
conditional-fit-0081,axis3_code_agentic,106,4.337279230275274e-06
conditional-fit-0081,axis3_code_agentic,107,0.014026990510885427
conditional-fit-0081,axis3_code_agentic,108,0.13101607890769118
conditional-fit-0081,axis3_code_agentic,109,0.08026064512522389
conditional-fit-0081,axis3_code_agentic,110,0.09087033788323699
conditional-fit-0081,axis3_code_agentic,111,0.24241058313848132
conditional-fit-0081,axis3_code_agentic,112,0.33309291727891294
conditional-fit-0081,axis3_code_agentic,113,0.08873116912523597
conditional-fit-0081,axis3_code_agentic,114,0.24326632818205757
conditional-fit-0081,axis3_code_agentic,115,0.005933641554438893
conditional-fit-0081,axis3_code_agentic,116,0.09415359637521659
conditional-fit-0081,axis3_code_agentic,117,0.006284255320176605
conditional-fit-0081,axis3_code_agentic,118,0.1754430813846246
conditional-fit-0081,axis3_code_agentic,119,0.0634919763355162
conditional-fit-0081,axis3_code_agentic,120,0.018956329888999802
conditional-fit-0081,axis3_code_agentic,121,0.0035594006004805263
conditional-fit-0081,axis3_code_agentic,122,3.9685649402799666e-05
conditional-fit-0081,axis3_code_agentic,123,0.0025251967195190827
conditional-fit-0081,axis3_code_agentic,124,0.05832844439403222
conditional-fit-0081,axis3_code_agentic,125,0.056189270363333835
conditional-fit-0081,axis3_code_agentic,126,0.024687576940389096
conditional-fit-0081,axis3_code_agentic,127,0.11591066859572877
conditional-fit-0081,axis3_code_agentic,128,0.06542648344908322
conditional-fit-0081,axis3_code_agentic,129,0.009194557440196465
conditional-fit-0081,axis3_code_agentic,130,5.354170201424346e-05
conditional-fit-0081,axis3_code_agentic,131,0.00034868338611688117
conditional-fit-0081,axis3_code_agentic,132,0.009844999825057297
conditional-fit-0081,axis3_code_agentic,133,0.11216160149951049
conditional-fit-0081,axis3_code_agentic,134,0.00010327858290304428
conditional-fit-0081,axis3_code_agentic,135,0.0017348331663047676
conditional-fit-0081,axis3_code_agentic,136,0.35696732053696467
conditional-fit-0081,axis3_code_agentic,137,0.1266026470281037
conditional-fit-0081,axis3_code_agentic,138,0.015726308554141873
conditional-fit-0081,axis3_code_agentic,139,0.01513694365349102
conditional-fit-0081,axis3_code_agentic,140,0.026984631134657627
conditional-fit-0081,axis3_code_agentic,141,0.006784308306733494
conditional-fit-0081,axis3_code_agentic,142,0.004142738123568724
conditional-fit-0081,axis3_code_agentic,143,0.02481927239204373
conditional-fit-0081,axis3_code_agentic,144,0.005264085190794116
conditional-fit-0081,axis3_code_agentic,145,0.052728644010331796
conditional-fit-0081,axis3_code_agentic,146,0.0025261398212103646
conditional-fit-0081,axis3_code_agentic,147,0.009550480324934569
conditional-fit-0081,axis3_code_agentic,148,7.032036008071715e-05
conditional-fit-0081,axis3_code_agentic,149,4.6203421993916615e-05
conditional-fit-0081,axis3_code_agentic,150,0.0012472819138178847
conditional-fit-0081,axis3_code_agentic,151,0.03739616629011733
conditional-fit-0081,axis3_code_agentic,152,0.046051866373213714
conditional-fit-0081,axis3_code_agentic,153,0.0032253941223855257
conditional-fit-0081,axis3_code_agentic,154,1.9984214706662318e-05
conditional-fit-0081,axis3_code_agentic,155,0.000851804372684007
conditional-fit-0081,axis3_code_agentic,156,0.00031693476015727
conditional-fit-0081,axis3_code_agentic,157,0.001122061073848895
conditional-fit-0081,axis3_code_agentic,158,2.533225503833971e-05
conditional-fit-0081,axis3_code_agentic,159,0.02919582451536666
conditional-fit-0081,axis3_code_agentic,160,0.3782324853320926
conditional-fit-0081,axis3_code_agentic,161,1.0246449761653724
conditional-fit-0081,axis3_code_agentic,162,0.6622410047042028
conditional-fit-0081,axis3_code_agentic,163,0.06006854088782665
conditional-fit-0081,axis3_code_agentic,164,0.02299575948221879
conditional-fit-0081,axis3_code_agentic,165,0.1333088168827988
conditional-fit-0081,axis3_code_agentic,166,0.0007291804534072602
conditional-fit-0081,axis3_code_agentic,167,0.0015077862497914832
conditional-fit-0081,axis3_code_agentic,168,0.41912429621830183
conditional-fit-0081,axis3_code_agentic,169,0.07560503433770852
conditional-fit-0081,axis3_code_agentic,170,0.0025997051584749965
conditional-fit-0081,axis3_code_agentic,171,0.06398012987877243
conditional-fit-0081,axis3_code_agentic,172,0.002622270256616965
conditional-fit-0081,axis3_code_agentic,173,0.007899454057651864
conditional-fit-0081,axis3_code_agentic,174,0.05236651706082463
conditional-fit-0081,axis3_code_agentic,175,0.012244156872945113
conditional-fit-0081,axis3_code_agentic,176,0.002776414412880012
conditional-fit-0081,axis3_code_agentic,177,5.02209083781881e-05
conditional-fit-0081,axis3_code_agentic,178,0.006293018862050144
conditional-fit-0081,axis3_code_agentic,179,0.16818630588114097
conditional-fit-0081,axis3_code_agentic,180,0.15534845038617895
conditional-fit-0081,axis3_code_agentic,181,0.007757248450548296
conditional-fit-0081,axis3_code_agentic,182,0.0745170784961666
conditional-fit-0081,axis3_code_agentic,183,0.06604421208282765
conditional-fit-0081,axis3_code_agentic,184,0.11755891437098952
conditional-fit-0081,axis3_code_agentic,185,0.02050665866457249
conditional-fit-0081,axis3_code_agentic,186,0.014847792398666276
conditional-fit-0081,axis3_code_agentic,187,0.0011346529094266363
conditional-fit-0081,axis3_code_agentic,188,0.00010099663286224397
conditional-fit-0081,axis3_code_agentic,189,0.004563596901453134
conditional-fit-0081,axis3_code_agentic,190,0.02587962204832927
conditional-fit-0081,axis3_code_agentic,191,0.0019155649448937809
conditional-fit-0081,axis3_code_agentic,192,0.0533536834789584
conditional-fit-0081,axis3_code_agentic,193,0.05969336960772564
conditional-fit-0081,axis3_code_agentic,194,0.0179362666484814
conditional-fit-0081,axis3_code_agentic,195,0.013554893352310492
conditional-fit-0081,axis3_code_agentic,196,0.0015779135991963317
conditional-fit-0081,axis3_code_agentic,197,0.025246494333037536
conditional-fit-0081,axis3_code_agentic,198,0.014523238058667842
conditional-fit-0081,axis3_code_agentic,199,0.008036334026065076
conditional-fit-0081,axis3_code_agentic,200,0.03865585672094302
conditional-fit-0081,axis3_code_agentic,201,8.385060585185876e-05
conditional-fit-0081,axis3_code_agentic,202,7.360033115141259e-05
conditional-fit-0081,axis3_code_agentic,203,0.02713058284219868
conditional-fit-0081,axis3_code_agentic,204,0.11149825096362054
conditional-fit-0081,axis3_code_agentic,205,0.017606727911610276
conditional-fit-0081,axis3_code_agentic,206,0.002064345896276935
conditional-fit-0081,axis3_code_agentic,207,6.718118843048444e-05
conditional-fit-0081,axis3_code_agentic,208,0.0010744079924905534
conditional-fit-0081,axis3_code_agentic,209,0.013490685251963118
conditional-fit-0081,axis3_code_agentic,210,0.05039787125258347
conditional-fit-0081,axis3_code_agentic,211,0.0003702883757636813
conditional-fit-0081,axis3_code_agentic,212,0.03754051153678106
conditional-fit-0081,axis3_code_agentic,213,0.00039687037042463613
conditional-fit-0081,axis3_code_agentic,214,0.002422296966353648
conditional-fit-0081,axis3_code_agentic,215,0.01266704136797499
conditional-fit-0081,axis3_code_agentic,216,0.10179380563703949
conditional-fit-0081,axis3_code_agentic,217,0.0014808290360159347
conditional-fit-0081,axis3_code_agentic,218,0.012105276910607072
conditional-fit-0081,axis3_code_agentic,219,0.0012270527323691577
conditional-fit-0081,axis3_code_agentic,220,0.0002983979207231017
conditional-fit-0081,axis3_code_agentic,221,0.0008276445759496003
conditional-fit-0081,axis3_code_agentic,222,0.0017680800925773913
conditional-fit-0081,axis3_code_agentic,223,0.03817978572373905
conditional-fit-0081,axis3_code_agentic,224,0.25339144849622086
conditional-fit-0081,axis3_code_agentic,225,0.4824652885528128
conditional-fit-0081,axis3_code_agentic,226,0.4979916859197816
conditional-fit-0081,axis3_code_agentic,227,0.3340003092030285
conditional-fit-0081,axis3_code_agentic,228,0.18884886333528758
conditional-fit-0081,axis3_code_agentic,229,0.002599139420102317
conditional-fit-0081,axis3_code_agentic,230,0.10917234920990407
conditional-fit-0081,axis3_code_agentic,231,0.0008274526380517054
conditional-fit-0081,axis3_code_agentic,232,0.00012305408006099762
conditional-fit-0081,axis3_code_agentic,233,0.011895938884540488
conditional-fit-0081,axis3_code_agentic,234,0.0004927659389763026
conditional-fit-0081,axis3_code_agentic,235,9.9108153520765e-06
conditional-fit-0081,axis3_code_agentic,236,0.00010121989880783505
conditional-fit-0081,axis3_code_agentic,237,0.0002111351313729459
conditional-fit-0081,axis3_code_agentic,238,0.02486025578988956
conditional-fit-0081,axis3_code_agentic,239,0.24097672289768357
conditional-fit-0081,axis3_code_agentic,240,0.38037308075065257
conditional-fit-0081,axis3_code_agentic,241,0.08309659883379436
conditional-fit-0081,axis3_code_agentic,242,0.005005032121471539
conditional-fit-0081,axis3_code_agentic,243,0.005318748812420289
conditional-fit-0081,axis3_code_agentic,244,0.10481333636910495
conditional-fit-0081,axis3_code_agentic,245,0.1541269924850956
conditional-fit-0081,axis3_code_agentic,246,0.023844114850803642
conditional-fit-0081,axis3_code_agentic,247,0.17511535248753357
conditional-fit-0081,axis3_code_agentic,248,0.27960599647382534
conditional-fit-0081,axis3_code_agentic,249,0.09876823406869653
conditional-fit-0081,axis3_code_agentic,250,0.2978408158745539
conditional-fit-0081,axis3_code_agentic,251,0.0005073290914959614
conditional-fit-0081,axis3_code_agentic,252,0.001296956720642084
conditional-fit-0081,axis3_code_agentic,253,1.7928072780520077e-05
conditional-fit-0081,axis3_code_agentic,254,4.9961152028801947e-05
conditional-fit-0081,axis3_code_agentic,255,0.041375927292392624
conditional-fit-0081,axis3_code_agentic,256,0.00012578414004076687
conditional-fit-0081,axis3_code_agentic,257,0.00011044177141720801
conditional-fit-0081,axis3_code_agentic,258,7.236798631069182e-05
conditional-fit-0081,axis3_code_agentic,259,0.00036903724785614886
conditional-fit-0081,axis3_code_agentic,260,0.005198641644073549
conditional-fit-0081,axis3_code_agentic,261,0.20588309523802523
conditional-fit-0081,axis3_code_agentic,262,0.04286709411230641
conditional-fit-0081,axis3_code_agentic,263,0.12409773063773771
conditional-fit-0081,axis3_code_agentic,264,0.026500069253327797
conditional-fit-0081,axis3_code_agentic,265,0.04793746432743111
conditional-fit-0081,axis3_code_agentic,266,0.1212092369651254
conditional-fit-0081,axis3_code_agentic,267,0.08636778788661134
conditional-fit-0081,axis3_code_agentic,268,0.08058405489723991
conditional-fit-0081,axis3_code_agentic,269,0.03578589760563188
conditional-fit-0081,axis3_code_agentic,270,0.12942359486875227
conditional-fit-0081,axis3_code_agentic,271,0.26104149497385243
conditional-fit-0081,axis3_code_agentic,272,0.03180286153219721
conditional-fit-0081,axis3_code_agentic,273,0.06516080808868228
conditional-fit-0081,axis3_code_agentic,274,0.027644965863598714
conditional-fit-0081,axis3_code_agentic,275,0.27190607001532574
conditional-fit-0081,axis3_code_agentic,276,0.006656708801852724
conditional-fit-0081,axis3_code_agentic,277,0.08356528914150309
conditional-fit-0081,axis3_code_agentic,278,0.08557832793834894
conditional-fit-0081,axis3_code_agentic,279,0.0009234004285902185
conditional-fit-0081,axis3_code_agentic,280,6.1072198482684e-05
conditional-fit-0081,axis3_code_agentic,281,0.0013640326392720028
conditional-fit-0081,axis3_code_agentic,282,0.0009117572395365017
conditional-fit-0081,axis3_code_agentic,283,7.448456073763493e-05
conditional-fit-0081,axis3_code_agentic,284,0.0009200895871659901
conditional-fit-0081,axis3_code_agentic,285,8.740101764951992e-05
conditional-fit-0081,axis3_code_agentic,286,0.0002963346914408648
conditional-fit-0081,axis3_code_agentic,287,1.4565896718342818e-05
conditional-fit-0081,axis3_code_agentic,288,0.00031196528839316605
conditional-fit-0081,axis3_code_agentic,289,0.008864961784181256
conditional-fit-0081,axis3_code_agentic,290,0.3551689934181967
conditional-fit-0081,axis3_code_agentic,291,0.045675844943717354
conditional-fit-0081,axis3_code_agentic,292,0.436675697766795
conditional-fit-0081,axis3_code_agentic,293,0.0003993340230297334
conditional-fit-0081,axis3_code_agentic,294,0.0050261928149251366
conditional-fit-0081,axis3_code_agentic,295,0.007593339280054862
conditional-fit-0081,axis3_code_agentic,296,0.06531117274124783
conditional-fit-0081,axis3_code_agentic,297,0.1832848021557647
conditional-fit-0081,axis3_code_agentic,298,0.004687131051079236
conditional-fit-0081,axis3_code_agentic,299,0.17149430041552066
conditional-fit-0081,axis3_code_agentic,300,0.24720077663175827
conditional-fit-0081,axis3_code_agentic,301,0.023084040581215458
conditional-fit-0081,axis3_code_agentic,302,0.2119401486974649
conditional-fit-0081,axis3_code_agentic,303,0.008224968232752022
conditional-fit-0081,axis3_code_agentic,304,0.5182704498233393
conditional-fit-0081,axis3_code_agentic,305,0.015639410597166073
conditional-fit-0081,axis3_code_agentic,306,0.7128336557468131
conditional-fit-0081,axis3_code_agentic,307,0.07276418089729152
conditional-fit-0081,axis3_code_agentic,308,0.11323118032784767
conditional-fit-0081,axis3_code_agentic,309,0.043316561181451316
conditional-fit-0081,axis3_code_agentic,310,0.03825938900390377
conditional-fit-0081,axis3_code_agentic,311,0.4556750332570966
conditional-fit-0081,axis3_code_agentic,312,0.05666776817306528
conditional-fit-0081,axis3_code_agentic,313,0.017743993380605897
conditional-fit-0081,axis3_code_agentic,314,0.053800283867150314
conditional-fit-0081,axis3_code_agentic,315,0.25966495081325053
conditional-fit-0081,axis3_code_agentic,316,0.000976411021753823
conditional-fit-0081,axis3_code_agentic,317,0.02000793239017654
conditional-fit-0081,axis3_code_agentic,318,0.05593813382122194
conditional-fit-0081,axis3_code_agentic,319,0.7818989046156947
conditional-fit-0081,axis3_code_agentic,320,0.0005990925498028353
conditional-fit-0081,axis3_code_agentic,321,0.04169413213089271
conditional-fit-0081,axis3_code_agentic,322,0.23777950806910989
conditional-fit-0081,axis3_code_agentic,323,0.00029818488053106484
conditional-fit-0081,axis3_code_agentic,324,0.00022629790518083069
conditional-fit-0081,axis3_code_agentic,325,0.005689629905899262
conditional-fit-0081,axis3_code_agentic,326,0.0124229477878229
conditional-fit-0081,axis3_code_agentic,327,0.036540178962567636
conditional-fit-0081,axis3_code_agentic,328,0.05162077942901647
conditional-fit-0081,axis3_code_agentic,329,0.05743459887301155
conditional-fit-0081,axis3_code_agentic,330,0.09365578540453665
conditional-fit-0081,axis3_code_agentic,331,1.680292758763032
conditional-fit-0081,axis3_code_agentic,332,0.053698559640167905
conditional-fit-0081,axis3_code_agentic,333,0.004571677409415564
conditional-fit-0081,axis3_code_agentic,334,0.010799124254585101
conditional-fit-0081,axis3_code_agentic,335,0.0005099939832456248
conditional-fit-0081,axis3_code_agentic,336,0.334478744223051
conditional-fit-0081,axis3_code_agentic,337,0.19274035472243903
conditional-fit-0081,axis3_code_agentic,338,1.34594920998207
conditional-fit-0081,axis3_code_agentic,339,0.04357534534472351
conditional-fit-0081,axis3_code_agentic,340,0.4334409318789416
conditional-fit-0081,axis3_code_agentic,341,0.0049933599717108
conditional-fit-0081,axis3_code_agentic,342,0.004295249589650673
conditional-fit-0081,axis3_code_agentic,343,4.283766804662804
conditional-fit-0081,axis3_code_agentic,344,0.0037643848795200253
conditional-fit-0081,axis3_code_agentic,345,0.05311832218172025
conditional-fit-0081,axis3_code_agentic,346,0.0027554991581715507
conditional-fit-0081,axis3_code_agentic,347,0.33501979711453567
conditional-fit-0081,axis3_code_agentic,348,0.00016065425357887994
conditional-fit-0081,axis3_code_agentic,349,0.016970787476244743
conditional-fit-0081,axis3_code_agentic,350,1.4070916308979637
conditional-fit-0081,axis3_code_agentic,351,0.9207729325365421
conditional-fit-0081,axis3_code_agentic,352,0.04392407004075957
conditional-fit-0081,axis3_code_agentic,353,0.0009669436682680538
conditional-fit-0081,axis3_code_agentic,354,0.16211234598406396
conditional-fit-0081,axis3_code_agentic,355,0.005395934703302147
conditional-fit-0081,axis3_code_agentic,356,0.06516845745481235
conditional-fit-0081,axis3_code_agentic,357,3.430973822569319e-05
conditional-fit-0081,axis3_code_agentic,358,0.007428055044293139
conditional-fit-0081,axis3_code_agentic,359,9.902758585090223e-05
conditional-fit-0081,axis3_code_agentic,360,0.00013138422801989017
conditional-fit-0081,axis3_code_agentic,361,2.9905958352645308e-05
conditional-fit-0081,axis3_code_agentic,362,0.006482702269617304
conditional-fit-0081,axis3_code_agentic,363,0.0012199017984988111
conditional-fit-0081,axis3_code_agentic,364,0.0011043391059872205
conditional-fit-0081,axis3_code_agentic,365,0.02243838544448013
conditional-fit-0081,axis3_code_agentic,366,0.18244793606506243
conditional-fit-0081,axis3_code_agentic,367,0.039098150611333274
conditional-fit-0081,axis3_code_agentic,368,0.08218878658924808
conditional-fit-0081,axis3_code_agentic,369,0.029146585281654543
conditional-fit-0081,axis3_code_agentic,370,0.02744092868913707
conditional-fit-0081,axis3_code_agentic,371,0.033670983530569194
conditional-fit-0081,axis3_code_agentic,372,0.03402013783691557
conditional-fit-0081,axis3_code_agentic,373,0.08395100968157591
conditional-fit-0081,axis3_code_agentic,374,0.03959375958518389
conditional-fit-0081,axis3_code_agentic,375,0.041657524889510675
conditional-fit-0081,axis3_code_agentic,376,0.027494959119617482
conditional-fit-0081,axis3_code_agentic,377,0.116467389549203
conditional-fit-0081,axis3_code_agentic,378,0.04830784060568175
conditional-fit-0081,axis3_code_agentic,379,0.0170447327860829
conditional-fit-0081,axis3_code_agentic,380,0.025454374250555613
conditional-fit-0081,axis3_code_agentic,381,0.03275781622633367
conditional-fit-0081,axis3_code_agentic,382,0.04942718376731074
conditional-fit-0081,axis3_code_agentic,383,0.0051693529069486415
conditional-fit-0081,axis3_code_agentic,384,0.01899506574443754
conditional-fit-0081,axis3_code_agentic,385,0.012669569251826624
conditional-fit-0081,axis3_code_agentic,386,0.0007063112079438083
conditional-fit-0081,axis3_code_agentic,387,0.11969874943434375
conditional-fit-0081,axis3_code_agentic,388,0.043170844119741786
conditional-fit-0081,axis3_code_agentic,389,0.011324389902959557
conditional-fit-0081,axis3_code_agentic,390,0.026662365706341007
conditional-fit-0081,axis3_code_agentic,391,0.010935297810449336
conditional-fit-0081,axis3_code_agentic,392,0.002341389973185593
conditional-fit-0081,axis3_code_agentic,393,0.00014004590608032364
conditional-fit-0081,axis3_code_agentic,394,0.00013619367818131116
conditional-fit-0081,axis3_code_agentic,395,0.0001053543140337874
conditional-fit-0081,axis3_code_agentic,396,1.710969405059002e-05
conditional-fit-0081,axis3_code_agentic,397,4.457264989356982e-05
conditional-fit-0081,axis3_code_agentic,398,0.011228416723316897
conditional-fit-0081,axis3_code_agentic,399,8.877710458656939e-05
conditional-fit-0081,axis3_code_agentic,400,0.0001023043536690409
conditional-fit-0081,axis3_code_agentic,401,0.0002110542611246844
conditional-fit-0081,axis3_code_agentic,402,7.140588020522972e-05
conditional-fit-0081,axis3_code_agentic,403,0.0017732578316136808
conditional-fit-0081,axis3_code_agentic,404,0.16210339357054676
conditional-fit-0081,axis3_code_agentic,405,0.08807216938563571
conditional-fit-0081,axis3_code_agentic,406,0.08692764665268993
conditional-fit-0081,axis3_code_agentic,407,0.0021305044664160157
conditional-fit-0081,axis3_code_agentic,408,0.023235149491860174
conditional-fit-0081,axis3_code_agentic,409,0.0032808256039540255
conditional-fit-0081,axis3_code_agentic,410,0.21328512766486776
conditional-fit-0081,axis3_code_agentic,411,0.1577506313779204
conditional-fit-0081,axis3_code_agentic,412,0.04239039603171568
conditional-fit-0081,axis3_code_agentic,413,0.05375266601165727
conditional-fit-0081,axis3_code_agentic,414,0.15136609456970507
conditional-fit-0081,axis3_code_agentic,415,0.058995621018376895
conditional-fit-0081,axis3_code_agentic,416,0.029475102137855418
conditional-fit-0081,axis3_code_agentic,417,0.08772470635730628
conditional-fit-0081,axis3_code_agentic,418,0.057365138747210664
conditional-fit-0081,axis3_code_agentic,419,0.10769025048282363
conditional-fit-0081,axis3_code_agentic,420,0.18569783954725225
conditional-fit-0081,axis3_code_agentic,421,0.17484200486578905
conditional-fit-0081,axis3_code_agentic,422,0.05936002809198322
conditional-fit-0081,axis3_code_agentic,423,0.0609946982788232
conditional-fit-0081,axis3_code_agentic,424,0.039851879317085594
conditional-fit-0081,axis3_code_agentic,425,0.017031601076118306
conditional-fit-0081,axis3_code_agentic,426,0.00534772881774951
conditional-fit-0081,axis3_code_agentic,427,0.012250482459467832
conditional-fit-0081,axis3_code_agentic,428,6.237552515879251e-06
conditional-fit-0081,axis3_code_agentic,429,0.026816727450394158
conditional-fit-0081,axis3_code_agentic,430,0.0017477817606458938
conditional-fit-0081,axis3_code_agentic,431,0.014340750271309002
conditional-fit-0081,axis3_code_agentic,432,0.036861619314889904
conditional-fit-0081,axis3_code_agentic,433,0.04866646938368026
conditional-fit-0081,axis3_code_agentic,434,0.07318200262676841
conditional-fit-0081,axis3_code_agentic,435,0.02562616076944038
conditional-fit-0081,axis3_code_agentic,436,0.048785440204031257
conditional-fit-0081,axis3_code_agentic,437,0.12859413627923613
conditional-fit-0081,axis3_code_agentic,438,6.20027701871853e-05
conditional-fit-0081,axis3_code_agentic,439,0.08548747082422667
conditional-fit-0081,axis3_code_agentic,440,0.2758521499524824
conditional-fit-0081,axis3_code_agentic,441,0.05807024655126042
conditional-fit-0081,axis3_code_agentic,442,0.0025206496723876176
conditional-fit-0081,axis3_code_agentic,443,0.20135060539898117
conditional-fit-0081,axis3_code_agentic,444,0.06647025050246533
conditional-fit-0081,axis3_code_agentic,445,0.10129258079279942
conditional-fit-0081,axis3_code_agentic,446,0.08566664676422674
conditional-fit-0081,axis3_code_agentic,447,0.04981927856605856
conditional-fit-0081,axis3_code_agentic,448,0.15926993945565907
conditional-fit-0081,axis3_code_agentic,449,0.0004106523846189538
conditional-fit-0081,axis3_code_agentic,450,0.053812528972429705
conditional-fit-0081,axis3_code_agentic,451,0.030527383516061067
conditional-fit-0081,axis3_code_agentic,452,0.08176856053064033
conditional-fit-0081,axis3_code_agentic,453,0.10937000138732456
conditional-fit-0081,axis3_code_agentic,454,0.08411559328637125
conditional-fit-0081,axis3_code_agentic,455,0.23598952350338528
conditional-fit-0081,axis3_code_agentic,456,0.21391053743521926
conditional-fit-0081,axis3_code_agentic,457,0.1751493452423783
conditional-fit-0081,axis3_code_agentic,458,0.15123034841831082
conditional-fit-0081,axis3_code_agentic,459,0.023905773429511355
conditional-fit-0081,axis3_code_agentic,460,0.000964826209860479
conditional-fit-0081,axis3_code_agentic,461,0.07071143749582495
conditional-fit-0081,axis3_code_agentic,462,0.3795550796428179
conditional-fit-0081,axis3_code_agentic,463,0.0412194121005138
conditional-fit-0081,axis3_code_agentic,464,0.10969474770958605
conditional-fit-0081,axis3_code_agentic,465,0.08008399472425509
conditional-fit-0081,axis3_code_agentic,466,0.15414672937586943
conditional-fit-0081,axis3_code_agentic,467,0.15784725647709874
conditional-fit-0081,axis3_code_agentic,468,0.01126419633883122
conditional-fit-0081,axis3_code_agentic,469,0.016177370881623555
conditional-fit-0081,axis3_code_agentic,470,0.0004949984389856895
conditional-fit-0081,axis3_code_agentic,471,0.1367267480574906
conditional-fit-0081,axis3_code_agentic,472,0.032458605129147146
conditional-fit-0081,axis3_code_agentic,473,0.00498399746358769
conditional-fit-0081,axis3_code_agentic,474,0.01524080174037926
conditional-fit-0081,axis3_code_agentic,475,0.04414185528293138
conditional-fit-0081,axis3_code_agentic,476,0.036746603437078994
conditional-fit-0081,axis3_code_agentic,477,0.024040961610745884
conditional-fit-0081,axis3_code_agentic,478,0.06357807745186718
conditional-fit-0081,axis3_code_agentic,479,0.0667975251163655
conditional-fit-0081,axis3_code_agentic,480,0.05221849576821801
conditional-fit-0081,axis3_code_agentic,481,0.0002393457579468383
conditional-fit-0081,axis3_code_agentic,482,0.0012800521192682683
conditional-fit-0081,axis3_code_agentic,483,0.01595964492850372
conditional-fit-0081,axis3_code_agentic,484,0.03447683379321407
conditional-fit-0081,axis3_code_agentic,485,0.045542730073447966
conditional-fit-0081,axis3_code_agentic,486,0.0016693705513740203
conditional-fit-0081,axis3_code_agentic,487,0.047475072488637686
conditional-fit-0081,axis3_code_agentic,488,9.925258443030114e-05
conditional-fit-0081,axis3_code_agentic,489,0.00010142471924045555
conditional-fit-0081,axis3_code_agentic,490,4.415338844547017e-05
conditional-fit-0081,axis3_code_agentic,491,0.004007043701120358
conditional-fit-0081,axis3_code_agentic,492,0.04152159683774159
conditional-fit-0081,axis3_code_agentic,493,0.0019728332993107665
conditional-fit-0081,axis3_code_agentic,494,0.02255446552719706
conditional-fit-0081,axis3_code_agentic,495,0.012471920297042744
conditional-fit-0081,axis3_code_agentic,496,0.11281239164735275
conditional-fit-0081,axis3_code_agentic,497,0.026949271125976965
conditional-fit-0081,axis3_code_agentic,498,0.06786971432796117
conditional-fit-0081,axis3_code_agentic,499,0.007182825590756833
conditional-fit-0081,axis3_code_agentic,500,0.059710319552873606
conditional-fit-0081,axis3_code_agentic,501,2.6847568470206928e-05
conditional-fit-0081,axis3_code_agentic,502,0.07001352401524441
conditional-fit-0081,axis3_code_agentic,503,0.03845833672276916
conditional-fit-0081,axis3_code_agentic,504,0.06376824752971337
conditional-fit-0081,axis3_code_agentic,505,0.06605066756700154
conditional-fit-0081,axis3_code_agentic,506,0.0254339929514091
conditional-fit-0081,axis3_code_agentic,507,0.03863520295238738
conditional-fit-0081,axis3_code_agentic,508,0.04307809933904028
conditional-fit-0081,axis3_code_agentic,509,0.0331689536140944
conditional-fit-0081,axis3_code_agentic,510,0.06560227919592822
conditional-fit-0081,axis3_code_agentic,511,0.15377582818881366
conditional-fit-0081,axis3_code_agentic,512,0.0009533361021080557
conditional-fit-0081,axis3_code_agentic,513,0.01668710649698967
conditional-fit-0081,axis3_code_agentic,514,5.298816982153025e-05
conditional-fit-0081,axis3_code_agentic,515,0.036656381369982574
conditional-fit-0081,axis3_code_agentic,516,0.014808067560667298
conditional-fit-0081,axis3_code_agentic,517,0.00433905120750528
conditional-fit-0081,axis3_code_agentic,518,0.03938055511514257
conditional-fit-0081,axis3_code_agentic,519,0.025799463359429137
conditional-fit-0081,axis3_code_agentic,520,0.00019732346894769492
conditional-fit-0081,axis3_code_agentic,521,0.007810868093619774
conditional-fit-0081,axis3_code_agentic,522,0.1548245465837737
conditional-fit-0081,axis3_code_agentic,523,0.11384466768331511
conditional-fit-0081,axis3_code_agentic,524,0.02093453254758563
conditional-fit-0081,axis3_code_agentic,525,0.0005886324198924584
conditional-fit-0081,axis3_code_agentic,526,0.15965696321866069
conditional-fit-0081,axis3_code_agentic,527,2.07819750048781e-05
conditional-fit-0081,axis3_code_agentic,528,0.19035900704283373
conditional-fit-0081,axis3_code_agentic,529,0.009896603463686168
conditional-fit-0081,axis3_code_agentic,530,0.0006224051259536304
conditional-fit-0081,axis3_code_agentic,531,0.2451104334535534
conditional-fit-0081,axis3_code_agentic,532,0.10364723472908889
conditional-fit-0081,axis3_code_agentic,533,0.018445463175591877
conditional-fit-0081,axis3_code_agentic,534,0.02495802328461528
conditional-fit-0081,axis3_code_agentic,535,0.022944814690113988
conditional-fit-0081,axis3_code_agentic,536,0.024529973877638316
conditional-fit-0081,axis3_code_agentic,537,0.03965751998107631
conditional-fit-0081,axis3_code_agentic,538,0.04351434779530044
conditional-fit-0081,axis3_code_agentic,539,0.043886228831592426
conditional-fit-0081,axis3_code_agentic,540,0.0023630592202073175
conditional-fit-0081,axis3_code_agentic,541,0.040616829914925934
conditional-fit-0081,axis3_code_agentic,542,0.001561997816128901
conditional-fit-0081,axis3_code_agentic,543,0.04478150414755319
conditional-fit-0081,axis3_code_agentic,544,0.00453096559848408
conditional-fit-0081,axis3_code_agentic,545,0.00018238805730131434
conditional-fit-0081,axis3_code_agentic,546,0.00095911089976949
conditional-fit-0081,axis3_code_agentic,547,0.009271759167447765
conditional-fit-0081,axis3_code_agentic,548,0.004563922942875354
conditional-fit-0081,axis3_code_agentic,549,4.465136251228259e-06
conditional-fit-0081,axis3_code_agentic,550,0.03686899460461943
conditional-fit-0081,axis3_code_agentic,551,1.6322128452171182e-05
conditional-fit-0081,axis3_code_agentic,552,0.15758531655915212
conditional-fit-0081,axis3_code_agentic,553,0.005166537865378607
conditional-fit-0081,axis3_code_agentic,554,1.1705738775784459e-05
conditional-fit-0081,axis3_code_agentic,555,0.08093155933614962
conditional-fit-0081,axis3_code_agentic,556,0.12233202753987063
conditional-fit-0081,axis3_code_agentic,557,0.048195302331240635
conditional-fit-0081,axis3_code_agentic,558,0.019371889893072154
conditional-fit-0081,axis3_code_agentic,559,0.05702039693163341
conditional-fit-0081,axis3_code_agentic,560,0.004074199355130419
conditional-fit-0081,axis3_code_agentic,561,0.0004447763679690934
conditional-fit-0081,axis3_code_agentic,562,0.0015848190362699422
conditional-fit-0081,axis3_code_agentic,563,4.2035258505194315e-05
conditional-fit-0081,axis3_code_agentic,564,0.01996873569261558
conditional-fit-0081,axis3_code_agentic,565,0.027775314211391303
conditional-fit-0081,axis3_code_agentic,566,0.08729342542465608
conditional-fit-0081,axis3_code_agentic,567,0.05975113343041358
conditional-fit-0081,axis3_code_agentic,568,0.11992890508267876
conditional-fit-0081,axis3_code_agentic,569,0.1870243799277042
conditional-fit-0081,axis3_code_agentic,570,0.06128117857788282
conditional-fit-0081,axis3_code_agentic,571,0.13751070218990297
conditional-fit-0081,axis3_code_agentic,572,0.01164060531246432
conditional-fit-0081,axis3_code_agentic,573,0.03876772660986859
conditional-fit-0081,axis3_code_agentic,574,0.07543001078893782
conditional-fit-0081,axis3_code_agentic,575,0.0025664958413214906
conditional-fit-0081,axis3_code_agentic,576,0.014964837232534365
conditional-fit-0081,axis3_code_agentic,577,1.0542654056183977e-05
conditional-fit-0081,axis3_code_agentic,578,0.0018644143009064957
conditional-fit-0081,axis3_code_agentic,579,2.9379760549001786e-05
conditional-fit-0081,axis3_code_agentic,580,0.09317032920941379
conditional-fit-0081,axis3_code_agentic,581,0.06938388942720497
conditional-fit-0081,axis3_code_agentic,582,0.0021233237352627646
conditional-fit-0081,axis3_code_agentic,583,6.755211110858169e-05
conditional-fit-0081,axis3_code_agentic,584,0.0016802982481746386
conditional-fit-0081,axis3_code_agentic,585,1.2348468236577413e-05
conditional-fit-0081,axis3_code_agentic,586,0.0041509447954395096
conditional-fit-0081,axis3_code_agentic,587,0.1118401958419433
conditional-fit-0081,axis3_code_agentic,588,0.00939285999180409
conditional-fit-0081,axis3_code_agentic,589,0.022024136906957707
conditional-fit-0081,axis3_code_agentic,590,0.021684467938025764
conditional-fit-0081,axis3_code_agentic,591,0.006248844709054726
conditional-fit-0081,axis3_code_agentic,592,0.10709698565311135
conditional-fit-0081,axis3_code_agentic,593,0.002164763068168064
conditional-fit-0081,axis3_code_agentic,594,0.01865774289690344
conditional-fit-0081,axis3_code_agentic,595,0.08963607555569915
conditional-fit-0081,axis3_code_agentic,596,0.12520180352655644
conditional-fit-0081,axis3_code_agentic,597,0.00012031287906060065
conditional-fit-0081,axis3_code_agentic,598,0.0006220948722134139
conditional-fit-0081,axis3_code_agentic,599,0.03176784472337603
conditional-fit-0081,axis3_code_agentic,600,0.001248979437168276
conditional-fit-0081,axis3_code_agentic,601,0.036836330967903654
conditional-fit-0081,axis3_code_agentic,602,0.03068370980203875
conditional-fit-0081,axis3_code_agentic,603,0.04067986642825766
conditional-fit-0081,axis3_code_agentic,604,0.1057803555206425
conditional-fit-0081,axis3_code_agentic,605,0.0716378243444117
conditional-fit-0081,axis3_code_agentic,606,0.032895595694282936
conditional-fit-0081,axis3_code_agentic,607,0.24678530074466637
conditional-fit-0081,axis3_code_agentic,608,0.9336649179002646
conditional-fit-0081,axis3_code_agentic,609,0.0004839691430692682
conditional-fit-0081,axis3_code_agentic,610,8.4390334029761e-05
conditional-fit-0081,axis3_code_agentic,611,9.026785765755032e-05
conditional-fit-0081,axis3_code_agentic,612,1.1345333611115215e-05
conditional-fit-0081,axis3_code_agentic,613,0.2590312476078682
conditional-fit-0081,axis3_code_agentic,614,0.004799720656399488
conditional-fit-0081,axis3_code_agentic,615,0.00805089840177933
conditional-fit-0081,axis3_code_agentic,616,6.732480911435426e-05
conditional-fit-0081,axis3_code_agentic,617,1.54449031936896e-05
conditional-fit-0081,axis3_code_agentic,618,4.395308251693977e-06
conditional-fit-0081,axis3_code_agentic,619,0.000320423132019201
conditional-fit-0081,axis3_code_agentic,620,0.12870435909950728
conditional-fit-0081,axis3_code_agentic,621,0.0025303409745961484
conditional-fit-0081,axis3_code_agentic,622,0.021100153086773883
conditional-fit-0081,axis3_code_agentic,623,0.0011723939330776497
conditional-fit-0081,axis3_code_agentic,624,0.000583634483049117
conditional-fit-0081,axis3_code_agentic,625,0.22455334298509144
conditional-fit-0081,axis3_code_agentic,626,0.11262822809379353
conditional-fit-0081,axis3_code_agentic,627,4.9135791063572466e-05
conditional-fit-0081,axis3_code_agentic,628,5.702905824906187e-05
conditional-fit-0081,axis3_code_agentic,629,0.007652014098801421
conditional-fit-0081,axis3_code_agentic,630,0.16808963814410727
conditional-fit-0081,axis3_code_agentic,631,0.07127584689193493
conditional-fit-0081,axis3_code_agentic,632,0.0074070895148501195
conditional-fit-0081,axis3_code_agentic,633,0.009360117873981826
conditional-fit-0081,axis3_code_agentic,634,5.176599753141763e-05
conditional-fit-0081,axis3_code_agentic,635,0.019019592253155693
conditional-fit-0081,axis3_code_agentic,636,0.006301970119391929
conditional-fit-0081,axis3_code_agentic,637,0.08638961511944328
conditional-fit-0081,axis3_code_agentic,638,0.01664780615690328
conditional-fit-0081,axis3_code_agentic,639,0.019841035514447103
conditional-fit-0081,axis3_code_agentic,640,0.38108925970885615
conditional-fit-0081,axis3_code_agentic,641,0.16139290237838075
conditional-fit-0081,axis3_code_agentic,642,0.861334902649628
conditional-fit-0081,axis3_code_agentic,643,0.009928390777104047
conditional-fit-0081,axis3_code_agentic,644,3.969268738297428e-06
conditional-fit-0081,axis3_code_agentic,645,0.0038946099967694324
conditional-fit-0081,axis3_code_agentic,646,1.4854444956325995e-05
conditional-fit-0081,axis3_code_agentic,647,0.08344763832275667
conditional-fit-0081,axis3_code_agentic,648,0.009858126496297167
conditional-fit-0081,axis3_code_agentic,649,0.029227376179182696
conditional-fit-0081,axis3_code_agentic,650,0.009573548146470857
conditional-fit-0081,axis3_code_agentic,651,0.00011332673332174826
conditional-fit-0081,axis3_code_agentic,652,7.781551670351712e-05
conditional-fit-0081,axis3_code_agentic,653,0.0016238027888750186
conditional-fit-0081,axis3_code_agentic,654,0.005838240228749526
conditional-fit-0081,axis3_code_agentic,655,0.123698453550581
conditional-fit-0081,axis3_code_agentic,656,0.016142387607903097
conditional-fit-0081,axis3_code_agentic,657,0.04727283159665193
conditional-fit-0081,axis3_code_agentic,658,0.010323887918393063
conditional-fit-0081,axis3_code_agentic,659,0.008913532578054701
conditional-fit-0081,axis3_code_agentic,660,0.004782362398656237
conditional-fit-0081,axis3_code_agentic,661,7.163794063097676e-05
conditional-fit-0081,axis3_code_agentic,662,0.07820544716586411
conditional-fit-0081,axis3_code_agentic,663,0.012613486440748134
conditional-fit-0081,axis3_code_agentic,664,0.03215556469191363
conditional-fit-0081,axis3_code_agentic,665,0.0442915297074115
conditional-fit-0081,axis3_code_agentic,666,0.15719023184736308
conditional-fit-0081,axis3_code_agentic,667,0.022480246461749728
conditional-fit-0081,axis3_code_agentic,668,0.005462374399916333
conditional-fit-0081,axis3_code_agentic,669,6.26989699899201e-06
conditional-fit-0081,axis3_code_agentic,670,0.0014861765936429149
conditional-fit-0081,axis3_code_agentic,671,1.4416760227405723e-05
conditional-fit-0081,axis3_code_agentic,672,0.09217410949848773
conditional-fit-0081,axis3_code_agentic,673,0.12269836382542613
conditional-fit-0081,axis3_code_agentic,674,0.06602314337259647
conditional-fit-0081,axis3_code_agentic,675,0.08666096909618459
conditional-fit-0081,axis3_code_agentic,676,0.04964678569497747
conditional-fit-0081,axis3_code_agentic,677,0.02849600085372542
conditional-fit-0081,axis3_code_agentic,678,0.31950654368877446
conditional-fit-0081,axis3_code_agentic,679,0.15223104870163445
conditional-fit-0081,axis3_code_agentic,680,0.12223126475866747
conditional-fit-0081,axis3_code_agentic,681,0.07846340173860433
conditional-fit-0081,axis3_code_agentic,682,0.05176564439020445
conditional-fit-0081,axis3_code_agentic,683,9.10143556869869e-05
conditional-fit-0081,axis3_code_agentic,684,0.021963993468229255
conditional-fit-0081,axis3_code_agentic,685,0.07243188811463938
conditional-fit-0081,axis3_code_agentic,686,0.04438759568382436
conditional-fit-0081,axis3_code_agentic,687,0.021078103621627306
conditional-fit-0081,axis3_code_agentic,688,0.018330381516035874
conditional-fit-0081,axis3_code_agentic,689,0.0715172260818442
conditional-fit-0081,axis3_code_agentic,690,0.006960788379285678
conditional-fit-0081,axis3_code_agentic,691,0.001943557142459027
conditional-fit-0081,axis3_code_agentic,692,0.004139207396742276
conditional-fit-0081,axis3_code_agentic,693,1.909580323072872e-05
conditional-fit-0081,axis3_code_agentic,694,0.02860712581297971
conditional-fit-0081,axis3_code_agentic,695,2.5313874077921272e-05
conditional-fit-0081,axis3_code_agentic,696,0.12949069273128339
conditional-fit-0081,axis3_code_agentic,697,0.07864762555270167
conditional-fit-0081,axis3_code_agentic,698,0.15106889295685774
conditional-fit-0081,axis3_code_agentic,699,0.03934796809129887
conditional-fit-0081,axis3_code_agentic,700,0.08914349132927762
conditional-fit-0081,axis3_code_agentic,701,0.044310111993176374
conditional-fit-0081,axis3_code_agentic,702,5.0211536390464906e-05
conditional-fit-0081,axis3_code_agentic,703,9.184185924097636e-06
conditional-fit-0081,axis3_code_agentic,704,0.051293567918203165
conditional-fit-0081,axis3_code_agentic,705,0.05081194913106774
conditional-fit-0081,axis3_code_agentic,706,0.007427550369845959
conditional-fit-0081,axis3_code_agentic,707,0.0031516836392020435
conditional-fit-0081,axis3_code_agentic,708,0.07424259215425426
conditional-fit-0081,axis3_code_agentic,709,4.363350708460373e-05
conditional-fit-0081,axis3_code_agentic,710,0.01409530058502276
conditional-fit-0081,axis3_code_agentic,711,0.1358509486255561
conditional-fit-0081,axis3_code_agentic,712,0.0672376307787936
conditional-fit-0081,axis3_code_agentic,713,0.035663961063023546
conditional-fit-0081,axis3_code_agentic,714,0.04276741357373031
conditional-fit-0081,axis3_code_agentic,715,0.08388678875496447
conditional-fit-0081,axis3_code_agentic,716,0.016727480159690482
conditional-fit-0081,axis3_code_agentic,717,0.054794322987443134
conditional-fit-0081,axis3_code_agentic,718,0.02124837057872403
conditional-fit-0081,axis3_code_agentic,719,0.07458858390457672
conditional-fit-0081,axis3_code_agentic,720,0.000455296002601939
conditional-fit-0081,axis3_code_agentic,721,8.013498376906063e-06
conditional-fit-0081,axis3_code_agentic,722,0.1303697270290473
conditional-fit-0081,axis3_code_agentic,723,0.0340075137501234
conditional-fit-0081,axis3_code_agentic,724,0.0017956491834302327
conditional-fit-0081,axis3_code_agentic,725,0.0005686032641542555
conditional-fit-0081,axis3_code_agentic,726,0.00039008588931815295
conditional-fit-0081,axis3_code_agentic,727,0.001457340306313818
conditional-fit-0081,axis3_code_agentic,728,0.04638820214316235
conditional-fit-0081,axis3_code_agentic,729,0.12403552258837455
conditional-fit-0081,axis3_code_agentic,730,0.04138822146014009
conditional-fit-0081,axis3_code_agentic,731,0.00019970113237322018
conditional-fit-0081,axis3_code_agentic,732,0.006860036168729628
conditional-fit-0081,axis3_code_agentic,733,0.03982752387326839
conditional-fit-0081,axis3_code_agentic,734,0.18710470177197538
conditional-fit-0081,axis3_code_agentic,735,3.908441305164009e-05
conditional-fit-0081,axis3_code_agentic,736,0.0002938220841927157
conditional-fit-0081,axis3_code_agentic,737,8.945374723983139e-06
conditional-fit-0081,axis3_code_agentic,738,3.7824381039065456e-05
conditional-fit-0081,axis3_code_agentic,739,0.0016182499632983603
conditional-fit-0081,axis3_code_agentic,740,4.7339785217629486e-05
conditional-fit-0081,axis3_code_agentic,741,0.00017159575908559085
conditional-fit-0081,axis3_code_agentic,742,3.8317697524880885e-05
conditional-fit-0081,axis3_code_agentic,743,0.00022615526191956947
conditional-fit-0081,axis3_code_agentic,744,0.048509777723294754
conditional-fit-0081,axis3_code_agentic,745,0.2819615682527693
conditional-fit-0081,axis3_code_agentic,746,0.0009140817236869062
conditional-fit-0081,axis3_code_agentic,747,0.032349670246207905
conditional-fit-0081,axis3_code_agentic,748,0.022463085892898648
conditional-fit-0081,axis3_code_agentic,749,0.006049992723949208
conditional-fit-0081,axis3_code_agentic,750,0.05637540365364015
conditional-fit-0081,axis3_code_agentic,751,0.06035301653840047
conditional-fit-0081,axis3_code_agentic,752,0.0014071044620005077
conditional-fit-0081,axis3_code_agentic,753,0.00598479539608319
conditional-fit-0081,axis3_code_agentic,754,0.04741181444404986
conditional-fit-0081,axis3_code_agentic,755,0.22426879214363143
conditional-fit-0081,axis3_code_agentic,756,0.052588988500487543
conditional-fit-0081,axis3_code_agentic,757,0.07407469963446796
conditional-fit-0081,axis3_code_agentic,758,0.030761353179974076
conditional-fit-0081,axis3_code_agentic,759,0.01495955342570316
conditional-fit-0081,axis3_code_agentic,760,0.013417430597854552
conditional-fit-0081,axis3_code_agentic,761,0.07647412178085464
conditional-fit-0081,axis3_code_agentic,762,0.12487401948195759
conditional-fit-0081,axis3_code_agentic,763,4.203677748177258e-05
conditional-fit-0081,axis3_code_agentic,764,1.1678411667858735e-05
conditional-fit-0081,axis3_code_agentic,765,0.00025039175079177715
conditional-fit-0081,axis3_code_agentic,766,1.4286484185273804e-05
conditional-fit-0081,axis3_code_agentic,767,8.802534127891315e-05
conditional-fit-0081,axis3_code_agentic,768,0.0032347054750254366
conditional-fit-0081,axis3_code_agentic,769,0.009503034434287357
conditional-fit-0081,axis3_code_agentic,770,0.08586763355624269
conditional-fit-0081,axis3_code_agentic,771,0.004744032052646456
conditional-fit-0081,axis3_code_agentic,772,0.003908036786833274
conditional-fit-0081,axis3_code_agentic,773,0.00042297212795796614
conditional-fit-0081,axis3_code_agentic,774,0.08754430467832375
conditional-fit-0081,axis3_code_agentic,775,0.10867155366322828
conditional-fit-0081,axis3_code_agentic,776,0.24981899808430544
conditional-fit-0081,axis3_code_agentic,777,0.32318881156389506
conditional-fit-0081,axis3_code_agentic,778,0.007131254733665732
conditional-fit-0081,axis3_code_agentic,779,0.0019469685755015161
conditional-fit-0081,axis3_code_agentic,780,0.10725832600251117
conditional-fit-0081,axis3_code_agentic,781,0.1555485020568301
conditional-fit-0081,axis3_code_agentic,782,0.07170916120937738
conditional-fit-0081,axis3_code_agentic,783,1.838176491417999e-05
conditional-fit-0081,axis3_code_agentic,784,0.00010017792828009903
conditional-fit-0081,axis3_code_agentic,785,0.004740690532660364
conditional-fit-0081,axis3_code_agentic,786,0.0011777754522706637
conditional-fit-0081,axis3_code_agentic,787,0.00012185703177635151
conditional-fit-0081,axis3_code_agentic,788,0.0005648820444665019
conditional-fit-0081,axis3_code_agentic,789,4.4613165572659676e-05
conditional-fit-0081,axis3_code_agentic,790,5.785299778355035e-05
conditional-fit-0081,axis3_code_agentic,791,0.0530172186206053
conditional-fit-0081,axis3_code_agentic,792,0.0002354297103023974
conditional-fit-0081,axis3_code_agentic,793,0.038312282660200286
conditional-fit-0081,axis3_code_agentic,794,0.007922129322496156
conditional-fit-0081,axis3_code_agentic,795,0.013643025481638123
conditional-fit-0081,axis3_code_agentic,796,5.712701697219481e-05
conditional-fit-0081,axis3_code_agentic,797,3.254181163924053e-05
conditional-fit-0081,axis3_code_agentic,798,0.00187286840548342
conditional-fit-0081,axis3_code_agentic,799,0.0010300328930392933
conditional-fit-0081,axis3_code_agentic,800,5.22385875610486e-05
conditional-fit-0081,axis3_code_agentic,801,2.1358740947221348e-05
conditional-fit-0081,axis3_code_agentic,802,0.03275109891614049
conditional-fit-0081,axis3_code_agentic,803,0.0021137627923571538
conditional-fit-0081,axis3_code_agentic,804,2.9366058962848977e-05
conditional-fit-0081,axis3_code_agentic,805,0.0005493582859145515
conditional-fit-0081,axis3_code_agentic,806,0.00015663195537550108
conditional-fit-0081,axis3_code_agentic,807,0.024256088638915787
conditional-fit-0081,axis3_code_agentic,808,0.12346959157845419
conditional-fit-0081,axis3_code_agentic,809,0.006500674597907213
conditional-fit-0081,axis3_code_agentic,810,0.5923474935474902
conditional-fit-0081,axis3_code_agentic,811,0.0010922118570294058
conditional-fit-0081,axis3_code_agentic,812,1.035138651356555
conditional-fit-0081,axis3_code_agentic,813,0.00011288528837278203
conditional-fit-0081,axis3_code_agentic,814,0.1668363050462432
conditional-fit-0081,axis3_code_agentic,815,0.09568141548810984
conditional-fit-0081,axis3_code_agentic,816,0.12831456096348143
conditional-fit-0081,axis3_code_agentic,817,0.09959797874474502
conditional-fit-0081,axis3_code_agentic,818,0.11218989480091572
conditional-fit-0081,axis3_code_agentic,819,0.04512059966455627
conditional-fit-0081,axis3_code_agentic,820,0.009959457832010304
conditional-fit-0081,axis3_code_agentic,821,0.33763812214583067
conditional-fit-0081,axis3_code_agentic,822,0.007554153831848974
conditional-fit-0081,axis3_code_agentic,823,0.024518151524525925
conditional-fit-0081,axis3_code_agentic,824,0.001960866577993196
conditional-fit-0081,axis3_code_agentic,825,9.216952213079389e-05
conditional-fit-0081,axis3_code_agentic,826,4.6999849926841744e-05
conditional-fit-0081,axis3_code_agentic,827,5.485276276675039e-05
conditional-fit-0081,axis3_code_agentic,828,0.004160144206840608
conditional-fit-0081,axis3_code_agentic,829,0.00015333939814361164
conditional-fit-0081,axis3_code_agentic,830,0.06407067570174217
conditional-fit-0081,axis3_code_agentic,831,0.1798542505908065
conditional-fit-0081,axis3_code_agentic,832,0.0016722950919329572
conditional-fit-0081,axis3_code_agentic,833,0.050437754706376764
conditional-fit-0081,axis3_code_agentic,834,0.0001192219485238598
conditional-fit-0081,axis3_code_agentic,835,0.0004506781855203823
conditional-fit-0081,axis3_code_agentic,836,0.03251363159748128
conditional-fit-0081,axis3_code_agentic,837,0.013716339917716154
conditional-fit-0081,axis3_code_agentic,838,0.07873121839279787
conditional-fit-0081,axis3_code_agentic,839,0.004607918253059711
conditional-fit-0081,axis3_code_agentic,840,0.007362131851972067
conditional-fit-0081,axis3_code_agentic,841,1.8818585561134224e-05
conditional-fit-0081,axis3_code_agentic,842,0.1771448282600762
conditional-fit-0081,axis3_code_agentic,843,0.058786187554660495
conditional-fit-0081,axis3_code_agentic,844,0.16224492974026378
conditional-fit-0081,axis3_code_agentic,845,4.374684349698111e-05
conditional-fit-0081,axis3_code_agentic,846,0.0732477668551412
conditional-fit-0081,axis3_code_agentic,847,1.0219414484938663e-07
conditional-fit-0081,axis3_code_agentic,848,0.025493200526872848
conditional-fit-0081,axis3_code_agentic,849,0.048834743370643606
conditional-fit-0081,axis3_code_agentic,850,0.21535133365171222
conditional-fit-0081,axis3_code_agentic,851,4.196594351286702e-05
conditional-fit-0081,axis3_code_agentic,852,0.012133379000077877
conditional-fit-0081,axis3_code_agentic,853,0.001426727162364574
conditional-fit-0081,axis3_code_agentic,854,1.0839465667355913e-07
conditional-fit-0081,axis3_code_agentic,855,6.588419526720995e-05
conditional-fit-0081,axis3_code_agentic,856,0.0005721736241195527
conditional-fit-0081,axis3_code_agentic,857,0.0004674739828077769
conditional-fit-0081,axis3_code_agentic,858,3.8820182387484745e-05
conditional-fit-0081,axis3_code_agentic,859,0.00043924435296185336
conditional-fit-0081,axis3_code_agentic,860,2.1727182691971364e-05
conditional-fit-0081,axis3_code_agentic,861,1.1601098183136533e-07
conditional-fit-0081,axis3_code_agentic,862,3.40144312976459e-05
conditional-fit-0081,axis3_code_agentic,863,0.00032477490702030896
conditional-fit-0081,axis3_code_agentic,864,0.012460332229119332
conditional-fit-0081,axis3_code_agentic,865,1.930091503396044e-05
conditional-fit-0081,axis3_code_agentic,866,0.06335545949497726
conditional-fit-0081,axis3_code_agentic,867,0.010404087829355783
conditional-fit-0081,axis3_code_agentic,868,2.285779153608454e-07
conditional-fit-0081,axis3_code_agentic,869,0.00013946117653174176
conditional-fit-0081,axis3_code_agentic,870,1.3388705122536756e-05
conditional-fit-0081,axis3_code_agentic,871,1.9609937384817852e-07
conditional-fit-0081,axis3_code_agentic,872,0.0011410694800549747
conditional-fit-0081,axis3_code_agentic,873,0.0001461773568515491
conditional-fit-0081,axis3_code_agentic,874,5.2817475558352727e-05
conditional-fit-0081,axis3_code_agentic,875,2.129606332903888e-05
conditional-fit-0081,axis3_code_agentic,876,0.00023914911420941875
conditional-fit-0081,axis3_code_agentic,877,2.087882637953107e-07
conditional-fit-0081,axis3_code_agentic,878,8.229058861559089e-05
conditional-fit-0081,axis3_code_agentic,879,0.00013203182567163275
conditional-fit-0081,axis3_code_agentic,880,0.0009027593882061864
conditional-fit-0081,axis3_code_agentic,881,1.6337276307203835e-05
conditional-fit-0081,axis3_code_agentic,882,3.9362554760351596e-05
conditional-fit-0081,axis3_code_agentic,883,9.412317194907165e-05
conditional-fit-0081,axis3_code_agentic,884,2.2659018302785001e-07
conditional-fit-0081,axis3_code_agentic,885,5.614401210285439e-05
conditional-fit-0081,axis3_code_agentic,886,0.0012169116768263929
conditional-fit-0081,axis3_code_agentic,887,2.2217017376848652e-05
conditional-fit-0081,axis3_code_agentic,888,7.460764721835494e-06
conditional-fit-0081,axis3_code_agentic,889,0.00047136317797279794
conditional-fit-0081,axis3_code_agentic,890,3.773506797074796e-06
conditional-fit-0081,axis3_code_agentic,891,8.389524541990203e-08
conditional-fit-0081,axis3_code_agentic,892,8.945068388503338e-05
conditional-fit-0081,axis3_code_agentic,893,0.00024277581843694924
conditional-fit-0081,axis3_code_agentic,894,0.2633072498093017
conditional-fit-0081,axis3_code_agentic,895,0.00017631260584870744
conditional-fit-0081,axis3_code_agentic,896,0.0002142035009378748
conditional-fit-0081,axis3_code_agentic,897,0.002937148763479705
conditional-fit-0081,axis3_code_agentic,898,0.00032007286668092475
conditional-fit-0081,axis3_code_agentic,899,0.0005121515585918631
conditional-fit-0081,axis3_code_agentic,900,9.38137901540909e-07
conditional-fit-0081,axis3_code_agentic,901,0.0003314809308826817
conditional-fit-0081,axis3_code_agentic,902,1.904808794697422e-05
conditional-fit-0081,axis3_code_agentic,903,1.955431877729895e-06
conditional-fit-0081,axis3_code_agentic,904,0.0036743525777196916
conditional-fit-0081,axis3_code_agentic,905,2.5466274025430096e-07
conditional-fit-0081,axis3_code_agentic,906,2.4939260173063994e-05
conditional-fit-0081,axis3_code_agentic,907,0.004459794364180438
conditional-fit-0081,axis3_code_agentic,908,0.10400558865649917
conditional-fit-0081,axis3_code_agentic,909,0.03330325745816854
conditional-fit-0081,axis3_code_agentic,910,0.06496390753406109
conditional-fit-0081,axis3_code_agentic,911,0.050509569118001224
conditional-fit-0081,axis3_code_agentic,912,9.026282786304519e-05
conditional-fit-0081,axis3_code_agentic,913,0.004007195731989783
conditional-fit-0081,axis3_code_agentic,914,0.002998983930441754
conditional-fit-0081,axis3_code_agentic,915,0.020368922474051813
conditional-fit-0081,axis3_code_agentic,916,0.015133357794949067
conditional-fit-0081,axis3_code_agentic,917,0.0021023973984151704
conditional-fit-0081,axis3_code_agentic,918,0.00035629788045786216
conditional-fit-0081,axis3_code_agentic,919,2.161436762965213e-06
conditional-fit-0081,axis3_code_agentic,920,0.026617666990633275
conditional-fit-0081,axis3_code_agentic,921,0.00032405053788739217
conditional-fit-0081,axis3_code_agentic,922,0.00043575294750809886
conditional-fit-0081,axis3_code_agentic,923,8.123533399498436e-05
conditional-fit-0081,axis3_code_agentic,924,0.029174637847277793
conditional-fit-0081,axis3_code_agentic,925,0.09715112373894365
conditional-fit-0081,axis3_code_agentic,926,0.029815047335181043
conditional-fit-0081,axis3_code_agentic,927,0.11590716042032838
conditional-fit-0081,axis3_code_agentic,928,0.0011371742040793493
conditional-fit-0081,axis3_code_agentic,929,6.749000123309183e-05
conditional-fit-0081,axis3_code_agentic,930,0.011272070959078631
conditional-fit-0081,axis3_code_agentic,931,0.0003292964794404621
conditional-fit-0081,axis3_code_agentic,932,0.20381762460709346
conditional-fit-0081,axis3_code_agentic,933,0.023543775361900846
conditional-fit-0081,axis3_code_agentic,934,0.0007307871110037386
conditional-fit-0081,axis3_code_agentic,935,0.14225083372009006
conditional-fit-0081,axis3_code_agentic,936,6.504105800095947e-05
conditional-fit-0081,axis3_code_agentic,937,0.1202555580429557
conditional-fit-0081,axis3_code_agentic,938,0.020859509266329172
conditional-fit-0081,axis3_code_agentic,939,0.00037625392366267613
conditional-fit-0081,axis3_code_agentic,940,9.063642266344467e-05
conditional-fit-0081,axis3_code_agentic,941,6.9901893087565006e-06
conditional-fit-0081,axis3_code_agentic,942,5.482608997396062e-05
conditional-fit-0081,axis3_code_agentic,943,3.3773238714236505e-05
conditional-fit-0081,axis3_code_agentic,944,2.2797244801756542e-05
conditional-fit-0081,axis3_code_agentic,945,0.0032179192491888593
conditional-fit-0081,axis3_code_agentic,946,0.006462581623424048
conditional-fit-0081,axis3_code_agentic,947,0.0034998742578194937
conditional-fit-0081,axis3_code_agentic,948,0.5160049900640329
conditional-fit-0081,axis3_code_agentic,949,0.028700934454161352
conditional-fit-0081,axis3_code_agentic,950,0.11552726224290305
conditional-fit-0081,axis3_code_agentic,951,0.000315824239513486
conditional-fit-0081,axis3_code_agentic,952,0.002491499702314509
conditional-fit-0081,axis3_code_agentic,953,2.2644126179619296e-05
conditional-fit-0081,axis3_code_agentic,954,0.01946847000323341
conditional-fit-0081,axis3_code_agentic,955,0.00795495956042386
conditional-fit-0081,axis3_code_agentic,956,2.4712352054471884e-06
conditional-fit-0081,axis3_code_agentic,957,0.004539881029050918
conditional-fit-0081,axis3_code_agentic,958,0.0007543648601772555
conditional-fit-0081,axis3_code_agentic,959,0.0841780898466773
conditional-fit-0081,axis3_code_agentic,960,0.0024099059362289793
conditional-fit-0081,axis3_code_agentic,961,0.0399776368763281
conditional-fit-0081,axis3_code_agentic,962,0.0075348048492592246
conditional-fit-0081,axis3_code_agentic,963,0.016728555974946463
conditional-fit-0081,axis3_code_agentic,964,7.98128095953961e-05
conditional-fit-0081,axis3_code_agentic,965,0.0004442630286693858
conditional-fit-0081,axis3_code_agentic,966,0.0005553417618843046
conditional-fit-0081,axis3_code_agentic,967,1.4515931415865993e-05
conditional-fit-0081,axis3_code_agentic,968,0.0005138163471992518
conditional-fit-0081,axis3_code_agentic,969,4.8223997912038534e-05
conditional-fit-0081,axis3_code_agentic,970,0.0003981545007148136
conditional-fit-0081,axis3_code_agentic,971,0.00031673189730507746
conditional-fit-0081,axis3_code_agentic,972,0.002069715401141695
conditional-fit-0081,axis3_code_agentic,973,0.02104693867150046
conditional-fit-0081,axis3_code_agentic,974,0.0023011998133666335
conditional-fit-0081,axis3_code_agentic,975,0.003983809354413982
conditional-fit-0081,axis3_code_agentic,976,0.01379237587088111
conditional-fit-0081,axis3_code_agentic,977,0.0014557316090262795
conditional-fit-0081,axis3_code_agentic,978,0.048684040120005996
conditional-fit-0081,axis3_code_agentic,979,0.007774637042168072
conditional-fit-0081,axis3_code_agentic,980,0.0022422397921277528
conditional-fit-0081,axis3_code_agentic,981,0.00038160539233518504
conditional-fit-0081,axis3_code_agentic,982,0.008568336868602273
conditional-fit-0081,axis3_code_agentic,983,0.002038760841121515
conditional-fit-0081,axis3_code_agentic,984,0.19003706264472295
conditional-fit-0081,axis3_code_agentic,985,0.024695277064906554
conditional-fit-0081,axis3_code_agentic,986,0.0002858932359699706
conditional-fit-0081,axis3_code_agentic,987,0.0007504740698658594
conditional-fit-0081,axis3_code_agentic,988,0.010008585519303621
conditional-fit-0081,axis3_code_agentic,989,0.0021047996327462288
conditional-fit-0081,axis3_code_agentic,990,0.011373782709850837
conditional-fit-0081,axis3_code_agentic,991,0.0007492087949244303
conditional-fit-0081,axis3_code_agentic,992,8.831264808484369e-05
conditional-fit-0081,axis3_code_agentic,993,4.289822213248421e-05
conditional-fit-0081,axis3_code_agentic,994,0.0007626335034424999
conditional-fit-0081,axis3_code_agentic,995,0.00014513932553901455
conditional-fit-0081,axis3_code_agentic,996,8.384257750040203e-05
conditional-fit-0081,axis3_code_agentic,997,0.00019540551245565208
conditional-fit-0081,axis3_code_agentic,998,0.00012058516104446856
conditional-fit-0081,axis3_code_agentic,999,8.596547491095866e-06
conditional-fit-0081,axis3_code_agentic,1000,0.0009002726065611007
conditional-fit-0081,axis3_code_agentic,1001,0.00015938011332879506
conditional-fit-0081,axis3_code_agentic,1002,0.00022279096829414972
conditional-fit-0081,axis3_code_agentic,1003,7.339709300750914e-05
conditional-fit-0081,axis3_code_agentic,1004,0.0003604804143638935
conditional-fit-0081,axis3_code_agentic,1005,3.925303914796265e-05
conditional-fit-0081,axis3_code_agentic,1006,7.027240292151276e-05
conditional-fit-0081,axis3_code_agentic,1007,0.00015038351726614862
conditional-fit-0081,axis3_code_agentic,1008,0.00046332129408379436
conditional-fit-0081,axis3_code_agentic,1009,2.8633795742473635e-05
conditional-fit-0081,axis3_code_agentic,1010,1.6156866376597416e-05
conditional-fit-0081,axis3_code_agentic,1011,1.6084807517650706e-05
conditional-fit-0081,axis3_code_agentic,1012,9.209761366469344e-05
conditional-fit-0081,axis3_code_agentic,1013,9.615805845758333e-05
conditional-fit-0081,axis3_code_agentic,1014,0.000358485114389489
conditional-fit-0081,axis3_code_agentic,1015,0.00032692254405805897
conditional-fit-0081,axis3_code_agentic,1016,0.0005581031220700395
conditional-fit-0081,axis3_code_agentic,1017,0.004211182087644468
conditional-fit-0081,axis3_code_agentic,1018,2.5729071961588913e-05
conditional-fit-0081,axis3_code_agentic,1019,0.001639037826026854
conditional-fit-0081,axis3_code_agentic,1020,0.0006021562994509164
conditional-fit-0081,axis3_code_agentic,1021,0.0001032071121111932
conditional-fit-0081,axis3_code_agentic,1022,5.336216161973981e-05
conditional-fit-0081,axis3_code_agentic,1023,9.53543923145467e-05
conditional-fit-0081,axis3_code_agentic,1024,0.00011284687543482343
conditional-fit-0081,axis3_code_agentic,1025,1.0338895468482237e-05
conditional-fit-0081,axis3_code_agentic,1026,1.8926054767711053e-07
conditional-fit-0081,axis3_code_agentic,1027,0.00016104325672300143
conditional-fit-0081,axis3_code_agentic,1028,5.4593020117042015e-05
conditional-fit-0081,axis3_code_agentic,1029,0.0007687532841865235
conditional-fit-0081,axis3_code_agentic,1030,4.372916766595646e-05
conditional-fit-0081,axis3_code_agentic,1031,0.00040463441165949075
conditional-fit-0081,axis3_code_agentic,1032,2.075160125604844e-05
conditional-fit-0081,axis3_code_agentic,1033,8.618623270626065e-05
conditional-fit-0081,axis3_code_agentic,1034,1.554018597010825e-05
conditional-fit-0081,axis3_code_agentic,1035,0.00033443475486167327
conditional-fit-0081,axis3_code_agentic,1036,0.00017932325184363723
conditional-fit-0081,axis3_code_agentic,1037,0.00014793003694499597
conditional-fit-0081,axis3_code_agentic,1038,8.184919304257965e-05
conditional-fit-0081,axis3_code_agentic,1039,0.00023471571991856772
conditional-fit-0081,axis3_code_agentic,1040,0.00012954217362570855
conditional-fit-0081,axis3_code_agentic,1041,6.6902791261541e-05
conditional-fit-0081,axis3_code_agentic,1042,0.000324385282566933
conditional-fit-0081,axis3_code_agentic,1043,0.0027204992803886953
conditional-fit-0081,axis3_code_agentic,1044,1.0066308268256482e-06
conditional-fit-0081,axis3_code_agentic,1045,0.0005598545025156574
conditional-fit-0081,axis3_code_agentic,1046,0.00042407332059967524
conditional-fit-0081,axis3_code_agentic,1047,0.0016132119653121148
conditional-fit-0081,axis3_code_agentic,1048,0.013709205631914662
conditional-fit-0081,axis3_code_agentic,1049,0.03555010594589543
conditional-fit-0081,axis3_code_agentic,1050,0.03861138587239091
conditional-fit-0081,axis3_code_agentic,1051,0.001971163426945637
conditional-fit-0081,axis3_code_agentic,1052,0.0015451212086838547
conditional-fit-0081,axis3_code_agentic,1053,0.0007526747538969883
conditional-fit-0081,axis3_code_agentic,1054,0.00010614087983146662
conditional-fit-0081,axis3_code_agentic,1055,6.552565442010419e-05
conditional-fit-0081,axis3_code_agentic,1056,0.00010718440679785295
conditional-fit-0081,axis3_code_agentic,1057,8.602755437910102e-05
conditional-fit-0081,axis3_code_agentic,1058,0.001265560575873882
conditional-fit-0081,axis3_code_agentic,1059,0.00028458448307036284
conditional-fit-0081,axis3_code_agentic,1060,0.022057409299761528
conditional-fit-0081,axis3_code_agentic,1061,9.671251135037603e-07
conditional-fit-0081,axis3_code_agentic,1062,8.933320689147179e-05
conditional-fit-0081,axis3_code_agentic,1063,0.008261938918209439
conditional-fit-0081,axis3_code_agentic,1064,0.2859245146951072
conditional-fit-0081,axis3_code_agentic,1065,0.020833445207869367
conditional-fit-0081,axis3_code_agentic,1066,0.056511461420273815
conditional-fit-0081,axis3_code_agentic,1067,0.03705098526028343
conditional-fit-0081,axis3_code_agentic,1068,0.006837402794143072
conditional-fit-0081,axis3_code_agentic,1069,0.0014622882717855467
conditional-fit-0081,axis3_code_agentic,1070,0.032723180881685535
conditional-fit-0081,axis3_code_agentic,1071,0.0014322345085732383
conditional-fit-0081,axis3_code_agentic,1072,0.0013386028085127127
conditional-fit-0081,axis3_code_agentic,1073,0.0019299591287154426
conditional-fit-0081,axis3_code_agentic,1074,0.06852749434844219
conditional-fit-0081,axis3_code_agentic,1075,9.130170544351979e-05
conditional-fit-0081,axis3_code_agentic,1076,0.001182356526471653
conditional-fit-0081,axis3_code_agentic,1077,0.03960847243817149
conditional-fit-0081,axis3_code_agentic,1078,0.0005438742340522988
conditional-fit-0081,axis3_code_agentic,1079,0.020996248742655453
conditional-fit-0081,axis3_code_agentic,1080,0.028774301721782254
conditional-fit-0081,axis3_code_agentic,1081,0.046254202694426094
conditional-fit-0081,axis3_code_agentic,1082,0.046505511745408984
conditional-fit-0081,axis3_code_agentic,1083,0.008140486282900417
conditional-fit-0081,axis3_code_agentic,1084,0.0012376984622544506
conditional-fit-0081,axis3_code_agentic,1085,0.0011402000502723493
conditional-fit-0081,axis3_code_agentic,1086,0.003686182535684001
conditional-fit-0081,axis3_code_agentic,1087,1.784888551444786e-05
conditional-fit-0081,axis3_code_agentic,1088,0.001212297041207132
conditional-fit-0081,axis3_code_agentic,1089,0.000756303030859604
conditional-fit-0081,axis3_code_agentic,1090,3.209725907981035e-05
conditional-fit-0081,axis3_code_agentic,1091,0.006492283122490103
conditional-fit-0081,axis3_code_agentic,1092,0.0020618402355788096
conditional-fit-0081,axis3_code_agentic,1093,0.1669002865264583
conditional-fit-0081,axis3_code_agentic,1094,0.028997065233187357
conditional-fit-0081,axis3_code_agentic,1095,0.013730429497994818
conditional-fit-0081,axis3_code_agentic,1096,0.0014910531757828405
conditional-fit-0081,axis3_code_agentic,1097,0.029205083631098635
conditional-fit-0081,axis3_code_agentic,1098,0.006890201643008255
conditional-fit-0081,axis3_code_agentic,1099,0.00048290368991248074
conditional-fit-0081,axis3_code_agentic,1100,0.0038078941318152783
conditional-fit-0081,axis3_code_agentic,1101,0.0003839630427373785
conditional-fit-0081,axis3_code_agentic,1102,6.348921561222392e-05
conditional-fit-0081,axis3_code_agentic,1103,0.004747509228257469
conditional-fit-0081,axis3_code_agentic,1104,0.04912839462844342
conditional-fit-0081,axis3_code_agentic,1105,0.00010622146343019319
conditional-fit-0081,axis3_code_agentic,1106,0.01648155299243209
conditional-fit-0081,axis3_code_agentic,1107,0.03313278042026293
conditional-fit-0081,axis3_code_agentic,1108,0.0027865086295711366
conditional-fit-0081,axis3_code_agentic,1109,0.14551137625395888
conditional-fit-0081,axis3_code_agentic,1110,0.00045561929824166784
conditional-fit-0081,axis3_code_agentic,1111,2.5978072802739885e-05
conditional-fit-0081,axis3_code_agentic,1112,0.11454730193740653
conditional-fit-0081,axis3_code_agentic,1113,0.002279944794021363
conditional-fit-0081,axis3_code_agentic,1114,2.559984067282505e-05
conditional-fit-0081,axis3_code_agentic,1115,0.005198872302593685
conditional-fit-0081,axis3_code_agentic,1116,0.002112598809771626
conditional-fit-0081,axis3_code_agentic,1117,0.00041399895427376987
conditional-fit-0081,axis3_code_agentic,1118,0.03369580410212513
conditional-fit-0081,axis3_code_agentic,1119,0.0034448465503346334
conditional-fit-0081,axis3_code_agentic,1120,0.32587922341948683
conditional-fit-0081,axis3_code_agentic,1121,0.05214928042669227
conditional-fit-0081,axis3_code_agentic,1122,4.5687609077570834e-05
conditional-fit-0081,axis3_code_agentic,1123,0.13394156456138118
conditional-fit-0081,axis3_code_agentic,1124,0.5177151297109236
conditional-fit-0081,axis3_code_agentic,1125,0.005410039311030206
conditional-fit-0081,axis3_code_agentic,1126,0.015377399560255113
conditional-fit-0081,axis3_code_agentic,1127,0.0045276641313521755
conditional-fit-0081,axis3_code_agentic,1128,0.0618579390589853
conditional-fit-0081,axis3_code_agentic,1129,0.12924351807365786
conditional-fit-0081,axis3_code_agentic,1130,0.03437929618338803
conditional-fit-0081,axis3_code_agentic,1131,0.00016315739272306347
conditional-fit-0081,axis3_code_agentic,1132,0.0045321924722748486
conditional-fit-0081,axis3_code_agentic,1133,0.00013621551310038105
conditional-fit-0081,axis3_code_agentic,1134,2.5902222084443267e-05
conditional-fit-0081,axis3_code_agentic,1135,4.912771621704818e-05
conditional-fit-0081,axis3_code_agentic,1136,0.004059150610472028
conditional-fit-0081,axis3_code_agentic,1137,0.0008635477515611676
conditional-fit-0081,axis3_code_agentic,1138,8.655898060419013e-07
conditional-fit-0081,axis3_code_agentic,1139,0.027918120520275046
conditional-fit-0081,axis3_code_agentic,1140,0.0065457176015265095
conditional-fit-0081,axis3_code_agentic,1141,0.03413711128090985
conditional-fit-0081,axis3_code_agentic,1142,1.1009620242194e-05
conditional-fit-0081,axis3_code_agentic,1143,0.14772494301312059
conditional-fit-0081,axis3_code_agentic,1144,0.016825031998664922
conditional-fit-0081,axis3_code_agentic,1145,0.023715105695858975
conditional-fit-0081,axis3_code_agentic,1146,0.0004520602350376446
conditional-fit-0081,axis3_code_agentic,1147,0.005610204449364717
conditional-fit-0081,axis3_code_agentic,1148,0.00048661741626715275
conditional-fit-0081,axis3_code_agentic,1149,0.0004943775339584793
conditional-fit-0081,axis3_code_agentic,1150,0.00011579446957800179
conditional-fit-0081,axis3_code_agentic,1151,0.00011923371632368765
conditional-fit-0081,axis3_code_agentic,1152,7.628680286894707e-05
conditional-fit-0081,axis3_code_agentic,1153,6.4448610229582486e-06
conditional-fit-0081,axis3_code_agentic,1154,0.05155522483129442
conditional-fit-0081,axis3_code_agentic,1155,0.00476690520136933
conditional-fit-0081,axis3_code_agentic,1156,6.219745708791855e-05
conditional-fit-0081,axis3_code_agentic,1157,8.83133167693408e-05
conditional-fit-0081,axis3_code_agentic,1158,6.897743464836277e-05
conditional-fit-0081,axis3_code_agentic,1159,4.712724923724817e-07
conditional-fit-0081,axis3_code_agentic,1160,2.6185669003216046e-05
conditional-fit-0081,axis3_code_agentic,1161,0.00021923286605123613
conditional-fit-0081,axis3_code_agentic,1162,0.000189708509916457
conditional-fit-0081,axis3_code_agentic,1163,3.849259872260293e-05
conditional-fit-0081,axis3_code_agentic,1164,4.104025639620169e-05
conditional-fit-0081,axis3_code_agentic,1165,0.00024347239147917498
conditional-fit-0081,axis3_code_agentic,1166,0.0001213946896088292
conditional-fit-0081,axis3_code_agentic,1167,2.365022919437292e-05
conditional-fit-0081,axis3_code_agentic,1168,9.448524965629437e-06
conditional-fit-0081,axis3_code_agentic,1169,4.624603388254002e-05
conditional-fit-0081,axis3_code_agentic,1170,3.6948898902784814e-05
conditional-fit-0081,axis3_code_agentic,1171,5.459782139246462e-05
conditional-fit-0081,axis3_code_agentic,1172,2.8351638232533003e-06
conditional-fit-0081,axis3_code_agentic,1173,0.0001602224669050517
conditional-fit-0081,axis3_code_agentic,1174,4.63066525116882e-06
conditional-fit-0081,axis3_code_agentic,1175,6.861618631408753e-05
conditional-fit-0081,axis3_code_agentic,1176,8.91230865803551e-07
conditional-fit-0081,axis3_code_agentic,1177,0.01185182590534813
conditional-fit-0081,axis3_code_agentic,1178,0.0012011736123802887
conditional-fit-0081,axis3_code_agentic,1179,0.004569906393385201
conditional-fit-0081,axis3_code_agentic,1180,6.952836806315979e-05
conditional-fit-0081,axis3_code_agentic,1181,4.626128712125994e-05
conditional-fit-0081,axis3_code_agentic,1182,0.000565785203221205
conditional-fit-0081,axis3_code_agentic,1183,0.00017314248605859552
conditional-fit-0081,axis3_code_agentic,1184,0.0001043779698035802
conditional-fit-0081,axis3_code_agentic,1185,0.048819164486305015
conditional-fit-0081,axis3_code_agentic,1186,0.00041136222400199926
conditional-fit-0081,axis3_code_agentic,1187,1.2596876713847034e-06
conditional-fit-0081,axis3_code_agentic,1188,0.0003477559070434657
conditional-fit-0081,axis3_code_agentic,1189,6.103532080660207e-05
conditional-fit-0081,axis3_code_agentic,1190,0.0050965441655945205
conditional-fit-0081,axis3_code_agentic,1191,0.17164988917182136
conditional-fit-0081,axis3_code_agentic,1192,0.00044559904318091986
conditional-fit-0081,axis3_code_agentic,1193,2.676266881119194e-06
conditional-fit-0081,axis3_code_agentic,1194,0.06196659939813227
conditional-fit-0081,axis3_code_agentic,1195,0.005388852719860705
conditional-fit-0081,axis3_code_agentic,1196,0.01866952114158559
conditional-fit-0081,axis3_code_agentic,1197,2.2288192716802427e-06
conditional-fit-0081,axis3_code_agentic,1198,0.011758294378589981
conditional-fit-0081,axis3_code_agentic,1199,2.1892534053303804e-05
conditional-fit-0081,axis3_code_agentic,1200,0.0005983686185614635
conditional-fit-0081,axis3_code_agentic,1201,0.00035911355532611375
conditional-fit-0081,axis3_code_agentic,1202,8.708966497706978e-06
conditional-fit-0081,axis3_code_agentic,1203,0.00011301254953482407
conditional-fit-0081,axis3_code_agentic,1204,5.3251978530287204e-05
conditional-fit-0081,axis3_code_agentic,1205,1.412873207001213e-05
conditional-fit-0081,axis3_code_agentic,1206,3.09743144771219e-05
conditional-fit-0081,axis3_code_agentic,1207,3.3391547390177796e-06
conditional-fit-0081,axis3_code_agentic,1208,1.3042597290693037e-05
conditional-fit-0081,axis3_code_agentic,1209,0.0012683307586245306
conditional-fit-0081,axis3_code_agentic,1210,0.0002468814790902165
conditional-fit-0081,axis3_code_agentic,1211,2.0664264522716486e-05
conditional-fit-0081,axis3_code_agentic,1212,1.564873783855472e-06
conditional-fit-0081,axis3_code_agentic,1213,0.28832735945163523
conditional-fit-0081,axis3_code_agentic,1214,0.0944465188889396
conditional-fit-0081,axis3_code_agentic,1215,0.003339361380368422
conditional-fit-0081,axis3_code_agentic,1216,0.00010552074529428251
conditional-fit-0081,axis3_code_agentic,1217,0.0001561423603094632
conditional-fit-0081,axis3_code_agentic,1218,0.00033562138679340463
conditional-fit-0081,axis3_code_agentic,1219,0.0014932166586410136
conditional-fit-0081,axis3_code_agentic,1220,0.006390908923350248
conditional-fit-0081,axis3_code_agentic,1221,4.015849380583631e-06
conditional-fit-0081,axis3_code_agentic,1222,0.19355001761332347
conditional-fit-0081,axis3_code_agentic,1223,0.015844962647921068
conditional-fit-0081,axis3_code_agentic,1224,0.013655208068128331
conditional-fit-0081,axis3_code_agentic,1225,0.0002890644098559805
conditional-fit-0081,axis3_code_agentic,1226,0.019938727646075613
conditional-fit-0081,axis3_code_agentic,1227,0.010629746959236085
conditional-fit-0081,axis3_code_agentic,1228,0.17654305175419105
conditional-fit-0081,axis3_code_agentic,1229,0.0035381994068960933
conditional-fit-0081,axis3_code_agentic,1230,0.1815090527958275
conditional-fit-0081,axis3_code_agentic,1231,0.7090978703574314
conditional-fit-0081,axis3_code_agentic,1232,0.04808903797997563
conditional-fit-0081,axis3_code_agentic,1233,0.05616091729787429
conditional-fit-0081,axis3_code_agentic,1234,0.003816149193752359
conditional-fit-0081,axis3_code_agentic,1235,8.359224082489172e-05
conditional-fit-0081,axis3_code_agentic,1236,0.00011895042240001868
conditional-fit-0081,axis3_code_agentic,1237,4.760250941344874e-05
conditional-fit-0081,axis3_code_agentic,1238,1.3891949901716922e-05
conditional-fit-0081,axis3_code_agentic,1239,0.03432443855388534
conditional-fit-0081,axis3_code_agentic,1240,0.0012026540492065412
conditional-fit-0081,axis3_code_agentic,1241,0.00016934335321437064
conditional-fit-0081,axis3_code_agentic,1242,8.653153985563526e-07
conditional-fit-0081,axis3_code_agentic,1243,0.004764827950482864
conditional-fit-0081,axis3_code_agentic,1244,0.00233911823184719
conditional-fit-0081,axis3_code_agentic,1245,2.038744694548661
conditional-fit-0081,axis3_code_agentic,1246,2.2156001825825972e-05
conditional-fit-0081,axis3_code_agentic,1247,0.0023077975765913054
conditional-fit-0081,axis3_code_agentic,1248,0.02659721385706488
conditional-fit-0081,axis3_code_agentic,1249,0.09994717573158267
conditional-fit-0081,axis3_code_agentic,1250,0.0314031575315021
conditional-fit-0081,axis3_code_agentic,1251,0.003056035214627397
conditional-fit-0081,axis3_code_agentic,1252,1.8788298595420796e-05
conditional-fit-0081,axis3_code_agentic,1253,3.242252008269194e-05
conditional-fit-0081,axis3_code_agentic,1254,2.890566285920126e-05
conditional-fit-0081,axis3_code_agentic,1255,1.0260355402478809e-05
conditional-fit-0081,axis3_code_agentic,1256,0.0031024966378209477
conditional-fit-0081,axis3_code_agentic,1257,5.655822681950736e-05
conditional-fit-0081,axis3_code_agentic,1258,2.1110364803507606e-06
conditional-fit-0081,axis3_code_agentic,1259,0.0936245371424606
conditional-fit-0081,axis3_code_agentic,1260,0.014304965936188383
conditional-fit-0081,axis3_code_agentic,1261,0.016398018612323935
conditional-fit-0081,axis3_code_agentic,1262,0.029654517103194118
conditional-fit-0081,axis3_code_agentic,1263,0.06181474592998249
conditional-fit-0081,axis3_code_agentic,1264,0.012765423364000505
conditional-fit-0081,axis3_code_agentic,1265,0.45128765289231243
conditional-fit-0081,axis3_code_agentic,1266,0.0010719640034713663
conditional-fit-0081,axis3_code_agentic,1267,2.0427695847584363e-05
conditional-fit-0081,axis3_code_agentic,1268,0.008330519890798613
conditional-fit-0081,axis3_code_agentic,1269,0.013073004183467747
conditional-fit-0081,axis3_code_agentic,1270,0.0005473638605237205
conditional-fit-0081,axis3_code_agentic,1271,3.543243003379116e-05
conditional-fit-0081,axis3_code_agentic,1272,2.799580128037609e-05
conditional-fit-0081,axis3_code_agentic,1273,3.7734838194048716e-05
conditional-fit-0081,axis3_code_agentic,1274,0.0005826062881800001
conditional-fit-0081,axis3_code_agentic,1275,2.000952670195568e-05
conditional-fit-0081,axis3_code_agentic,1276,4.4703111622686026e-08
conditional-fit-0081,axis3_code_agentic,1277,0.06358487896195274
conditional-fit-0081,axis3_code_agentic,1278,0.03221661864165449
conditional-fit-0081,axis3_code_agentic,1279,0.010171306180776565
conditional-fit-0081,axis3_code_agentic,1280,0.08511841039729943
conditional-fit-0081,axis3_code_agentic,1281,0.0013982679181432226
conditional-fit-0081,axis3_code_agentic,1282,0.00013681012842293788
conditional-fit-0081,axis3_code_agentic,1283,0.0017519276790442543
conditional-fit-0081,axis3_code_agentic,1284,0.002245932774086752
conditional-fit-0081,axis3_code_agentic,1285,0.010345936332972053
conditional-fit-0081,axis3_code_agentic,1286,0.00047351853282570253
conditional-fit-0081,axis3_code_agentic,1287,0.0006837107146941627
conditional-fit-0081,axis3_code_agentic,1288,0.0004392720001407285
conditional-fit-0081,axis3_code_agentic,1289,0.0007578183727592245
conditional-fit-0081,axis3_code_agentic,1290,0.0012058959615141914
conditional-fit-0081,axis3_code_agentic,1291,6.68064472197631e-05
conditional-fit-0081,axis3_code_agentic,1292,1.6696780110481073e-05
conditional-fit-0081,axis3_code_agentic,1293,0.00015911778084958824
conditional-fit-0081,axis3_code_agentic,1294,2.8567013681321747e-05
conditional-fit-0081,axis3_code_agentic,1295,0.02309798632920873
conditional-fit-0081,axis3_code_agentic,1296,0.00030571459224421315
conditional-fit-0081,axis3_code_agentic,1297,0.00011305481822556721
conditional-fit-0081,axis3_code_agentic,1298,0.00018635754359810067
conditional-fit-0081,axis3_code_agentic,1299,1.086513233402156e-06
conditional-fit-0081,axis3_code_agentic,1300,0.0008624183169885078
conditional-fit-0081,axis3_code_agentic,1301,3.583839323595776e-06
conditional-fit-0081,axis3_code_agentic,1302,0.04659502782245638
conditional-fit-0081,axis3_code_agentic,1303,0.008594944639846927
conditional-fit-0081,axis3_code_agentic,1304,0.10112769343125257
conditional-fit-0081,axis3_code_agentic,1305,0.01957042429459848
conditional-fit-0081,axis3_code_agentic,1306,0.024309542299188254
conditional-fit-0081,axis3_code_agentic,1307,0.011559714830697204
conditional-fit-0081,axis3_code_agentic,1308,0.00021751337998878966
conditional-fit-0081,axis3_code_agentic,1309,0.024812286333698905
conditional-fit-0081,axis3_code_agentic,1310,0.060985663766056006
conditional-fit-0081,axis3_code_agentic,1311,0.00015070091894829816
conditional-fit-0081,axis3_code_agentic,1312,0.008717762203478818
conditional-fit-0081,axis3_code_agentic,1313,3.093392182183052e-06
conditional-fit-0081,axis3_code_agentic,1314,0.0006681022825173319
conditional-fit-0081,axis3_code_agentic,1315,0.0015836294095246644
conditional-fit-0081,axis3_code_agentic,1316,5.261911997901237e-05
conditional-fit-0081,axis3_code_agentic,1317,1.0299516631836965e-05
conditional-fit-0081,axis3_code_agentic,1318,2.7974014687243226e-05
conditional-fit-0081,axis3_code_agentic,1319,6.558931887145195e-07
conditional-fit-0081,axis3_code_agentic,1320,0.0776846259787254
conditional-fit-0081,axis3_code_agentic,1321,0.00043452869991497407
conditional-fit-0081,axis3_code_agentic,1322,0.16274413284706893
conditional-fit-0081,axis3_code_agentic,1323,0.06318669272682831
conditional-fit-0081,axis3_code_agentic,1324,3.74921012757885e-05
conditional-fit-0081,axis3_code_agentic,1325,0.008925216550702155
conditional-fit-0081,axis3_code_agentic,1326,2.2259848509990458e-05
conditional-fit-0081,axis3_code_agentic,1327,3.687395800747068e-05
conditional-fit-0081,axis3_code_agentic,1328,0.0005708737840815489
conditional-fit-0081,axis3_code_agentic,1329,9.989876272145176e-05
conditional-fit-0081,axis3_code_agentic,1330,2.0307791765287969e-07
conditional-fit-0081,axis3_code_agentic,1331,0.004419770322879383
conditional-fit-0081,axis3_code_agentic,1332,0.014380553515962223
conditional-fit-0081,axis3_code_agentic,1333,2.4430670100579112e-05
conditional-fit-0081,axis3_code_agentic,1334,6.572712859360511e-06
conditional-fit-0081,axis3_code_agentic,1335,1.6766823594795062e-06
conditional-fit-0081,axis3_code_agentic,1336,2.2161018759138265e-05
conditional-fit-0081,axis3_code_agentic,1337,0.00022236453130747118
conditional-fit-0081,axis3_code_agentic,1338,0.0016057363457346705
conditional-fit-0081,axis3_code_agentic,1339,9.782326729846604e-06
conditional-fit-0081,axis3_code_agentic,1340,4.224883285725629e-06
conditional-fit-0081,axis3_code_agentic,1341,6.107014384204454e-08
conditional-fit-0081,axis3_code_agentic,1342,0.0010489054149991214
conditional-fit-0081,axis3_code_agentic,1343,0.002640238661373238
conditional-fit-0081,axis3_code_agentic,1344,0.000659678446180939
conditional-fit-0081,axis3_code_agentic,1345,1.4458840645409818e-05
conditional-fit-0081,axis3_code_agentic,1346,1.446723404029668e-05
conditional-fit-0081,axis3_code_agentic,1347,1.9259509752780253e-05
conditional-fit-0081,axis3_code_agentic,1348,1.266811013525177e-05
conditional-fit-0081,axis3_code_agentic,1349,3.760989198589252e-06
conditional-fit-0081,axis3_code_agentic,1350,6.092767290768474e-05
conditional-fit-0081,axis3_code_agentic,1351,8.474877730660124e-06
conditional-fit-0081,axis3_code_agentic,1352,1.9960864049562726e-07
conditional-fit-0081,axis3_code_agentic,1353,0.00047234660853592457
conditional-fit-0081,axis3_code_agentic,1354,5.386528284328582e-07
conditional-fit-0081,axis3_code_agentic,1355,0.0021362077068977046
conditional-fit-0081,axis3_code_agentic,1356,0.00045685761728388863
conditional-fit-0081,axis3_code_agentic,1357,9.197906844187865e-06
conditional-fit-0081,axis3_code_agentic,1358,1.0199700672703536e-06
conditional-fit-0081,axis3_code_agentic,1359,0.006298074383225076
conditional-fit-0081,axis3_code_agentic,1360,0.0003757296177543409
conditional-fit-0081,axis3_code_agentic,1361,0.11066599356824185
conditional-fit-0081,axis3_code_agentic,1362,0.0008067229320287351
conditional-fit-0081,axis3_code_agentic,1363,1.0858911639871835e-05
conditional-fit-0081,axis3_code_agentic,1364,0.018665153700000874
conditional-fit-0081,axis3_code_agentic,1365,0.00015719392379777425
conditional-fit-0081,axis3_code_agentic,1366,3.416136456951455e-05
conditional-fit-0081,axis3_code_agentic,1367,3.9292412397270397e-07
conditional-fit-0081,axis3_code_agentic,1368,0.00020935298855540797
conditional-fit-0081,axis3_code_agentic,1369,6.2317074705926895e-06
conditional-fit-0081,axis3_code_agentic,1370,0.000877021228788641
conditional-fit-0081,axis3_code_agentic,1371,0.00016920086790964245
conditional-fit-0081,axis3_code_agentic,1372,8.439064903560392e-07
conditional-fit-0081,axis3_code_agentic,1373,0.00013217249847911701
conditional-fit-0081,axis3_code_agentic,1374,2.2743604199395723e-07
conditional-fit-0081,axis3_code_agentic,1375,0.0002455741782741551
conditional-fit-0081,axis3_code_agentic,1376,0.08642719068965982
conditional-fit-0081,axis3_code_agentic,1377,0.051717396950404726
conditional-fit-0081,axis3_code_agentic,1378,0.03271127567770547
conditional-fit-0081,axis3_code_agentic,1379,0.08417492190159331
conditional-fit-0081,axis3_code_agentic,1380,0.0016456206168548324
conditional-fit-0081,axis3_code_agentic,1381,0.004528561138427801
conditional-fit-0081,axis3_code_agentic,1382,5.8032099063716285e-05
conditional-fit-0081,axis3_code_agentic,1383,0.00029143612375632675
conditional-fit-0081,axis3_code_agentic,1384,0.0001895612734914648
conditional-fit-0081,axis3_code_agentic,1385,9.573874785330114e-08
conditional-fit-0081,axis3_code_agentic,1386,0.0006489310572707168
conditional-fit-0081,axis3_code_agentic,1387,0.008008097646912543
conditional-fit-0081,axis3_code_agentic,1388,0.16083949069657444
conditional-fit-0081,axis3_code_agentic,1389,6.530997333380058e-05
conditional-fit-0081,axis3_code_agentic,1390,0.12406458522840631
conditional-fit-0081,axis3_code_agentic,1391,0.0001575581987657842
conditional-fit-0081,axis3_code_agentic,1392,4.7009479617113414e-07
conditional-fit-0081,axis3_code_agentic,1393,0.04629363845170889
conditional-fit-0081,axis3_code_agentic,1394,0.006284343749611164
conditional-fit-0081,axis3_code_agentic,1395,0.024133578815165316
conditional-fit-0081,axis3_code_agentic,1396,0.0018275168259653022
conditional-fit-0081,axis3_code_agentic,1397,0.048809600394261445
conditional-fit-0081,axis3_code_agentic,1398,0.14378472003427717
conditional-fit-0081,axis3_code_agentic,1399,0.007946230652533423
conditional-fit-0081,axis3_code_agentic,1400,0.0297546158844385
conditional-fit-0081,axis3_code_agentic,1401,4.466839528174317e-05
conditional-fit-0081,axis3_code_agentic,1402,0.013603912128411992
conditional-fit-0081,axis3_code_agentic,1403,0.0007658912086883699
conditional-fit-0081,axis3_code_agentic,1404,0.006078297272985293
conditional-fit-0081,axis3_code_agentic,1405,2.0929532629824363e-05
conditional-fit-0081,axis3_code_agentic,1406,7.549256686097452e-05
conditional-fit-0081,axis3_code_agentic,1407,0.00011211358886936115
conditional-fit-0081,axis3_code_agentic,1408,0.0002089484673083786
conditional-fit-0081,axis3_code_agentic,1409,0.02843741674754614
conditional-fit-0081,axis3_code_agentic,1410,0.00017503454678857323
conditional-fit-0081,axis3_code_agentic,1411,2.887224602547618e-06
conditional-fit-0081,axis3_code_agentic,1412,0.024426203671891383
conditional-fit-0081,axis3_code_agentic,1413,0.0015934106729550226
conditional-fit-0081,axis3_code_agentic,1414,0.1671825564713284
conditional-fit-0081,axis3_code_agentic,1415,0.007373051315685815
conditional-fit-0081,axis3_code_agentic,1416,0.00048750998504076083
conditional-fit-0081,axis3_code_agentic,1417,7.934197434681608e-05
conditional-fit-0081,axis3_code_agentic,1418,1.6544560678366178e-06
conditional-fit-0081,axis3_code_agentic,1419,2.1288767675648124e-05
conditional-fit-0081,axis3_code_agentic,1420,0.0014044854916381616
conditional-fit-0081,axis3_code_agentic,1421,0.013814708326307832
conditional-fit-0081,axis3_code_agentic,1422,0.003563851198388462
conditional-fit-0081,axis3_code_agentic,1423,2.343899702375893e-05
conditional-fit-0081,axis3_code_agentic,1424,0.0009938005537221686
conditional-fit-0081,axis3_code_agentic,1425,0.09299513580030724
conditional-fit-0081,axis3_code_agentic,1426,1.1220757383671379e-07
conditional-fit-0081,axis3_code_agentic,1427,1.549087105930573e-05
conditional-fit-0081,axis3_code_agentic,1428,2.6966080861149738e-06
conditional-fit-0081,axis3_code_agentic,1429,5.662922263315216e-05
conditional-fit-0081,axis3_code_agentic,1430,8.540086973518337e-06
conditional-fit-0081,axis3_code_agentic,1431,7.443135106798988e-06
conditional-fit-0081,axis3_code_agentic,1432,2.2841122223635117e-05
conditional-fit-0081,axis3_code_agentic,1433,4.2450362461251397e-07
conditional-fit-0081,axis3_code_agentic,1434,3.8127698492752806e-06
conditional-fit-0081,axis3_code_agentic,1435,0.0002598669999862947
conditional-fit-0081,axis3_code_agentic,1436,0.001471812496540787
conditional-fit-0081,axis3_code_agentic,1437,5.5434014010970535e-06
conditional-fit-0081,axis3_code_agentic,1438,1.0564947281724149e-05
conditional-fit-0081,axis3_code_agentic,1439,1.3103834969659318e-05
conditional-fit-0081,axis3_code_agentic,1440,0.001782612262367117
conditional-fit-0081,axis3_code_agentic,1441,4.726152315544319e-07
conditional-fit-0081,axis3_code_agentic,1442,0.033497772176708414
conditional-fit-0081,axis3_code_agentic,1443,0.16650259616507956
conditional-fit-0081,axis3_code_agentic,1444,0.05332851169127997
conditional-fit-0081,axis3_code_agentic,1445,0.00024314002930669464
conditional-fit-0081,axis3_code_agentic,1446,0.040679129622563315
conditional-fit-0081,axis3_code_agentic,1447,0.017061553205154636
conditional-fit-0081,axis3_code_agentic,1448,0.0286116469128338
conditional-fit-0081,axis3_code_agentic,1449,0.049227131947948505
conditional-fit-0081,axis3_code_agentic,1450,0.008624982692622697
conditional-fit-0081,axis3_code_agentic,1451,0.0005448135277622165
conditional-fit-0081,axis3_code_agentic,1452,0.006715313723073937
conditional-fit-0081,axis3_code_agentic,1453,0.02804548542515249
conditional-fit-0081,axis3_code_agentic,1454,3.0486276890648373e-07
conditional-fit-0081,axis3_code_agentic,1455,0.00010482929592108361
conditional-fit-0081,axis3_code_agentic,1456,8.431195989926603e-05
conditional-fit-0081,axis3_code_agentic,1457,1.8623763579296234e-06
conditional-fit-0081,axis3_code_agentic,1458,3.801277647277945e-05
conditional-fit-0081,axis3_code_agentic,1459,4.150637284451232e-05
conditional-fit-0081,axis3_code_agentic,1460,2.9810368488393216e-07
conditional-fit-0081,axis3_code_agentic,1461,3.5818123172805846e-05
conditional-fit-0081,axis3_code_agentic,1462,2.6752658702557615e-05
conditional-fit-0081,axis3_code_agentic,1463,1.0824465285431608e-05
conditional-fit-0081,axis3_code_agentic,1464,2.6043908201416552e-05
conditional-fit-0081,axis3_code_agentic,1465,0.0005906447927985296
conditional-fit-0081,axis3_code_agentic,1466,0.00010591604186917029
conditional-fit-0081,axis3_code_agentic,1467,1.8116661815310561e-07
conditional-fit-0081,axis3_code_agentic,1468,0.05713443903159843
conditional-fit-0081,axis3_code_agentic,1469,0.00020560696339061736
conditional-fit-0081,axis3_code_agentic,1470,0.040518877854795396
conditional-fit-0081,axis3_code_agentic,1471,0.13636466210654405
conditional-fit-0081,axis3_code_agentic,1472,9.426025134796114e-05
conditional-fit-0081,axis3_code_agentic,1473,0.13885127572508207
conditional-fit-0081,axis3_code_agentic,1474,0.00029882617791631056
conditional-fit-0081,axis3_code_agentic,1475,0.0007363486198876908
conditional-fit-0081,axis3_code_agentic,1476,0.2915083383588041
conditional-fit-0081,axis3_code_agentic,1477,0.00010145191020574647
conditional-fit-0081,axis3_code_agentic,1478,0.03568874594373901
conditional-fit-0081,axis3_code_agentic,1479,5.073383918123998e-05
conditional-fit-0081,axis3_code_agentic,1480,2.3518043155748997e-07
conditional-fit-0081,axis3_code_agentic,1481,0.004342824004521937
conditional-fit-0081,axis3_code_agentic,1482,7.972284776643768e-05
conditional-fit-0081,axis3_code_agentic,1483,0.32572085268416195
conditional-fit-0081,axis3_code_agentic,1484,0.0034335997873147905
conditional-fit-0081,axis3_code_agentic,1485,0.09841888516862898
conditional-fit-0081,axis3_code_agentic,1486,0.3518279239506033
conditional-fit-0081,axis3_code_agentic,1487,0.00021479273956393256
conditional-fit-0081,axis3_code_agentic,1488,0.0005686952064216642
conditional-fit-0081,axis3_code_agentic,1489,0.00024032028542444632
conditional-fit-0081,axis3_code_agentic,1490,0.0010568424589480173
conditional-fit-0081,axis3_code_agentic,1491,5.060999423596819e-05
conditional-fit-0081,axis3_code_agentic,1492,0.0007256859468933763
conditional-fit-0081,axis3_code_agentic,1493,4.771190403705719e-05
conditional-fit-0081,axis3_code_agentic,1494,2.474690351358127e-05
conditional-fit-0081,axis3_code_agentic,1495,0.01146828409155377
conditional-fit-0081,axis3_code_agentic,1496,0.007862932487281992
conditional-fit-0081,axis3_code_agentic,1497,0.2738664383397718
conditional-fit-0081,axis3_code_agentic,1498,2.9676840847151527e-06
conditional-fit-0081,axis3_code_agentic,1499,3.951084406754209e-06
conditional-fit-0081,axis3_code_agentic,1500,3.3650152843640317e-05
conditional-fit-0081,axis3_code_agentic,1501,0.0003505565961431249
conditional-fit-0081,axis3_code_agentic,1502,6.844453608151653e-06
conditional-fit-0081,axis3_code_agentic,1503,6.813405113574095e-05
conditional-fit-0081,axis3_code_agentic,1504,7.166180825571809e-06
conditional-fit-0081,axis3_code_agentic,1505,3.8600733319667863e-07
conditional-fit-0081,axis3_code_agentic,1506,6.498891275811094e-05
conditional-fit-0081,axis3_code_agentic,1507,0.0001699517236347448
conditional-fit-0081,axis3_code_agentic,1508,0.00013941355708631118
conditional-fit-0081,axis3_code_agentic,1509,0.03881594447787283
conditional-fit-0081,axis3_code_agentic,1510,0.0008010308884963656
conditional-fit-0081,axis3_code_agentic,1511,7.578590942692092e-07
conditional-fit-0081,axis3_code_agentic,1512,0.00026766006392537267
conditional-fit-0081,axis3_code_agentic,1513,4.245119811382577e-06
conditional-fit-0081,axis3_code_agentic,1514,0.0001440570359134177
conditional-fit-0081,axis3_code_agentic,1515,6.01654617181083e-06
conditional-fit-0081,axis3_code_agentic,1516,7.295216095398678e-06
conditional-fit-0081,axis3_code_agentic,1517,0.0001037402900459436
conditional-fit-0081,axis3_code_agentic,1518,2.2257378597441036e-06
conditional-fit-0081,axis3_code_agentic,1519,6.550926547341617e-05
conditional-fit-0081,axis3_code_agentic,1520,7.907698173597973e-05
conditional-fit-0081,axis3_code_agentic,1521,2.6195167985888884e-05
conditional-fit-0081,axis3_code_agentic,1522,1.026599162193508e-06
conditional-fit-0081,axis3_code_agentic,1523,2.1118635728947705e-06
conditional-fit-0081,axis3_code_agentic,1524,5.007975173159533e-06
conditional-fit-0081,axis3_code_agentic,1525,0.00020181950578580367
conditional-fit-0081,axis3_code_agentic,1526,9.546108591959372e-08
conditional-fit-0081,axis3_code_agentic,1527,5.840715586472903e-05
conditional-fit-0081,axis3_code_agentic,1528,3.65782278937252e-06
conditional-fit-0081,axis3_code_agentic,1529,0.00016507296379549997
conditional-fit-0081,axis3_code_agentic,1530,4.743083476037607e-05
conditional-fit-0081,axis3_code_agentic,1531,2.1862834910895772e-05
conditional-fit-0081,axis3_code_agentic,1532,5.152902308833812e-06
conditional-fit-0081,axis3_code_agentic,1533,1.6696534084989014e-05
conditional-fit-0081,axis3_code_agentic,1534,9.195359219474059e-07
conditional-fit-0081,axis3_code_agentic,1535,6.098010299444476e-05
conditional-fit-0081,axis3_code_agentic,1536,0.0012598902469584516
conditional-fit-0081,axis3_code_agentic,1537,4.500441706845222e-06
conditional-fit-0081,axis3_code_agentic,1538,1.610067847052247e-06
conditional-fit-0081,axis3_code_agentic,1539,1.919561390090114e-05
conditional-fit-0081,axis3_code_agentic,1540,6.051372961623605e-05
conditional-fit-0081,axis3_code_agentic,1541,3.621919040263733e-07
conditional-fit-0081,axis3_code_agentic,1542,0.00041196532613079487
conditional-fit-0081,axis3_code_agentic,1543,0.000552962911373052
conditional-fit-0081,axis3_code_agentic,1544,5.610277904033061e-06
conditional-fit-0081,axis3_code_agentic,1545,7.708653810152357e-05
conditional-fit-0081,axis3_code_agentic,1546,0.0002097518088574899
conditional-fit-0081,axis3_code_agentic,1547,1.1176403209787162e-05
conditional-fit-0081,axis3_code_agentic,1548,7.265385808450312e-05
conditional-fit-0081,axis3_code_agentic,1549,0.000922180257311648
conditional-fit-0081,axis3_code_agentic,1550,5.87529525851448e-05
conditional-fit-0081,axis3_code_agentic,1551,1.8036335656491047e-05
conditional-fit-0081,axis3_code_agentic,1552,0.00016079975800230425
conditional-fit-0081,axis3_code_agentic,1553,0.0033758959503209806
conditional-fit-0081,axis3_code_agentic,1554,8.007090761000056e-06
conditional-fit-0081,axis3_code_agentic,1555,0.19993090905339764
conditional-fit-0081,axis3_code_agentic,1556,0.042739852681312265
conditional-fit-0081,axis3_code_agentic,1557,0.20551085583173595
conditional-fit-0081,axis3_code_agentic,1558,0.14029014265041015
conditional-fit-0081,axis3_code_agentic,1559,0.3627673434207899
conditional-fit-0081,axis3_code_agentic,1560,0.006116806080541747
conditional-fit-0081,axis3_code_agentic,1561,0.02701629742504145
conditional-fit-0081,axis3_code_agentic,1562,0.024550329153495438
conditional-fit-0081,axis3_code_agentic,1563,0.0003116129717469324
conditional-fit-0081,axis3_code_agentic,1564,0.0013656714201296537
conditional-fit-0081,axis3_code_agentic,1565,5.24877770865416e-07
conditional-fit-0081,axis3_code_agentic,1566,0.0003180896720929455
conditional-fit-0081,axis3_code_agentic,1567,0.0006532253605866789
conditional-fit-0081,axis3_code_agentic,1568,0.060360572719273135
conditional-fit-0081,axis3_code_agentic,1569,0.03417132214308011
conditional-fit-0081,axis3_code_agentic,1570,0.005479100599023911
conditional-fit-0081,axis3_code_agentic,1571,2.4438062232648558e-05
conditional-fit-0081,axis3_code_agentic,1572,0.12456867146576185
conditional-fit-0081,axis3_code_agentic,1573,0.0010569051648185615
conditional-fit-0081,axis3_code_agentic,1574,1.4092319423760966e-05
conditional-fit-0081,axis3_code_agentic,1575,0.0028727920087156535
conditional-fit-0081,axis3_code_agentic,1576,0.0002562231697978286
conditional-fit-0081,axis3_code_agentic,1577,3.989224544373984e-07
conditional-fit-0081,axis3_code_agentic,1578,0.010597681877662305
conditional-fit-0081,axis3_code_agentic,1579,0.017133428098610286
conditional-fit-0081,axis3_code_agentic,1580,0.000500550000338746
conditional-fit-0081,axis3_code_agentic,1581,0.03963297632224079
conditional-fit-0081,axis3_code_agentic,1582,3.619472370392609e-07
conditional-fit-0081,axis3_code_agentic,1583,0.0012882967904037368
conditional-fit-0081,axis3_code_agentic,1584,0.029927081431043785
conditional-fit-0081,axis3_code_agentic,1585,2.607614222750602e-06
conditional-fit-0081,axis3_code_agentic,1586,4.607753659532384e-06
conditional-fit-0081,axis3_code_agentic,1587,0.00011284058829983388
conditional-fit-0081,axis3_code_agentic,1588,7.252203802970725e-07
conditional-fit-0081,axis3_code_agentic,1589,0.0016518246321614366
conditional-fit-0081,axis3_code_agentic,1590,8.11818704980885e-06
conditional-fit-0081,axis3_code_agentic,1591,0.11118452177754992
conditional-fit-0081,axis3_code_agentic,1592,0.12826364994497658
conditional-fit-0081,axis3_code_agentic,1593,0.0005555189676433285
conditional-fit-0081,axis3_code_agentic,1594,5.496161116598715e-06
conditional-fit-0081,axis3_code_agentic,1595,0.00021275824346263716
conditional-fit-0081,axis3_code_agentic,1596,4.784119228368962e-05
conditional-fit-0081,axis3_code_agentic,1597,0.012897223550607191
conditional-fit-0081,axis3_code_agentic,1598,1.4184901336438571e-05
conditional-fit-0081,axis3_code_agentic,1599,1.63427330782362e-05
conditional-fit-0081,axis3_code_agentic,1600,0.0007774390849968016
conditional-fit-0081,axis3_code_agentic,1601,0.04433734830470021
conditional-fit-0081,axis3_code_agentic,1602,0.06043091010079964
conditional-fit-0081,axis3_code_agentic,1603,0.007427406620873571
conditional-fit-0081,axis3_code_agentic,1604,0.00014684711201047406
conditional-fit-0081,axis3_code_agentic,1605,0.009978873706479006
conditional-fit-0081,axis3_code_agentic,1606,0.015902858314449764
conditional-fit-0081,axis3_code_agentic,1607,0.0001649028041532856
conditional-fit-0081,axis3_code_agentic,1608,0.010219119353603819
conditional-fit-0081,axis3_code_agentic,1609,0.0004089413779121074
conditional-fit-0081,axis3_code_agentic,1610,3.7756889303163765e-05
conditional-fit-0081,axis3_code_agentic,1611,0.013089999883732162
conditional-fit-0081,axis3_code_agentic,1612,0.001429174684864119
conditional-fit-0081,axis3_code_agentic,1613,3.881297043004261e-05
conditional-fit-0081,axis3_code_agentic,1614,0.040860620611828935
conditional-fit-0081,axis3_code_agentic,1615,0.0012673968989646994
conditional-fit-0081,axis3_code_agentic,1616,0.03211543399426997
conditional-fit-0081,axis3_code_agentic,1617,0.0065181313855352755
conditional-fit-0081,axis3_code_agentic,1618,0.00047447005989690195
conditional-fit-0081,axis3_code_agentic,1619,2.6549650378885722e-05
conditional-fit-0081,axis3_code_agentic,1620,0.0057540857288720364
conditional-fit-0081,axis3_code_agentic,1621,0.0005068610224092612
conditional-fit-0081,axis3_code_agentic,1622,3.845103449426468e-05
conditional-fit-0081,axis3_code_agentic,1623,0.263574208248866
conditional-fit-0081,axis3_code_agentic,1624,0.0002893750291629986
conditional-fit-0081,axis3_code_agentic,1625,0.0002444739038678876
conditional-fit-0081,axis3_code_agentic,1626,0.00011978732238032047
conditional-fit-0081,axis3_code_agentic,1627,3.732935905054526e-05
conditional-fit-0081,axis3_code_agentic,1628,0.0004780954694418566
conditional-fit-0081,axis3_code_agentic,1629,4.0198516620555814e-05
conditional-fit-0081,axis3_code_agentic,1630,4.551087592026242e-05
conditional-fit-0081,axis3_code_agentic,1631,0.00011773437863474631
conditional-fit-0081,axis3_code_agentic,1632,0.016615449706458233
conditional-fit-0081,axis3_code_agentic,1633,0.0007845292005174873
conditional-fit-0081,axis3_code_agentic,1634,0.003749812269997526
conditional-fit-0081,axis3_code_agentic,1635,0.07471506844615336
conditional-fit-0081,axis3_code_agentic,1636,0.06948711696410872
conditional-fit-0081,axis3_code_agentic,1637,0.03753553339393918
conditional-fit-0081,axis3_code_agentic,1638,0.00024611452730847376
conditional-fit-0081,axis3_code_agentic,1639,0.0036588425672944526
conditional-fit-0081,axis3_code_agentic,1640,8.235716208264682e-05
conditional-fit-0081,axis3_code_agentic,1641,0.06487110834040605
conditional-fit-0081,axis3_code_agentic,1642,3.5927092019272776e-06
conditional-fit-0081,axis3_code_agentic,1643,0.00012120708667813366
conditional-fit-0081,axis3_code_agentic,1644,0.035705326368797544
conditional-fit-0081,axis3_code_agentic,1645,0.0065437854500058415
conditional-fit-0081,axis3_code_agentic,1646,0.0024687686381178833
conditional-fit-0081,axis3_code_agentic,1647,0.026231514823693625
conditional-fit-0081,axis3_code_agentic,1648,0.06649343582653394
conditional-fit-0081,axis3_code_agentic,1649,3.5884232796231283e-06
conditional-fit-0081,axis3_code_agentic,1650,0.011779984280341852
conditional-fit-0081,axis3_code_agentic,1651,2.223191908133865e-06
conditional-fit-0081,axis3_code_agentic,1652,0.0012753944649850934
conditional-fit-0081,axis3_code_agentic,1653,0.08500847627068243
conditional-fit-0081,axis3_code_agentic,1654,0.0327007472339088
conditional-fit-0081,axis3_code_agentic,1655,6.269124919985774e-05
conditional-fit-0081,axis3_code_agentic,1656,0.024006922212077807
conditional-fit-0081,axis3_code_agentic,1657,0.0043274368317675485
conditional-fit-0081,axis3_code_agentic,1658,0.00021835063147579442
conditional-fit-0081,axis3_code_agentic,1659,0.006450077556592544
conditional-fit-0081,axis3_code_agentic,1660,4.41488238333406e-05
conditional-fit-0081,axis3_code_agentic,1661,0.0006742747394920932
conditional-fit-0081,axis3_code_agentic,1662,0.003124019831648002
conditional-fit-0081,axis3_code_agentic,1663,0.009796787756765256
conditional-fit-0081,axis3_code_agentic,1664,1.5056141939977432e-05
conditional-fit-0081,axis3_code_agentic,1665,4.939436470126699e-05
conditional-fit-0081,axis3_code_agentic,1666,5.436721367660401e-06
conditional-fit-0081,axis3_code_agentic,1667,0.005657073820489519
conditional-fit-0081,axis3_code_agentic,1668,0.011371892092485153
conditional-fit-0081,axis3_code_agentic,1669,0.0011152983782824876
conditional-fit-0081,axis3_code_agentic,1670,4.579781906517461e-05
conditional-fit-0081,axis3_code_agentic,1671,2.287597018606426e-06
conditional-fit-0081,axis3_code_agentic,1672,0.03449505856006276
conditional-fit-0081,axis3_code_agentic,1673,0.00032288195515010957
conditional-fit-0081,axis3_code_agentic,1674,0.006944237866837108
conditional-fit-0081,axis3_code_agentic,1675,1.1080357151919698e-05
conditional-fit-0081,axis3_code_agentic,1676,0.04385468300002676
conditional-fit-0081,axis3_code_agentic,1677,2.9231860897396267e-05
conditional-fit-0081,axis3_code_agentic,1678,0.0008683666904240095
conditional-fit-0081,axis3_code_agentic,1679,6.108767223598841e-05
conditional-fit-0081,axis3_code_agentic,1680,0.012245332851643859
conditional-fit-0081,axis3_code_agentic,1681,0.0037677461186105595
conditional-fit-0081,axis3_code_agentic,1682,0.0013051125647990406
conditional-fit-0081,axis3_code_agentic,1683,0.0008858899336478857
conditional-fit-0081,axis3_code_agentic,1684,0.00018022937774346375
conditional-fit-0081,axis3_code_agentic,1685,0.059557452366987715
conditional-fit-0081,axis3_code_agentic,1686,0.007476003337586509
conditional-fit-0081,axis3_code_agentic,1687,0.0009649776863936867
conditional-fit-0081,axis3_code_agentic,1688,9.361031288485201e-07
conditional-fit-0081,axis3_code_agentic,1689,0.022925889763612733
conditional-fit-0081,axis3_code_agentic,1690,0.002057999269021041
conditional-fit-0081,axis3_code_agentic,1691,0.06462443416229366
conditional-fit-0081,axis3_code_agentic,1692,0.0011968041025398899
conditional-fit-0081,axis3_code_agentic,1693,0.0019300898469008726
conditional-fit-0081,axis3_code_agentic,1694,6.08529562686977e-05
conditional-fit-0081,axis3_code_agentic,1695,0.06315199535426261
conditional-fit-0081,axis3_code_agentic,1696,0.0005584679783452171
conditional-fit-0081,axis3_code_agentic,1697,0.000139586514289323
conditional-fit-0081,axis3_code_agentic,1698,7.1701302954382655e-06
conditional-fit-0081,axis3_code_agentic,1699,0.0031434970679906343
conditional-fit-0081,axis3_code_agentic,1700,0.015758534627038412
conditional-fit-0081,axis3_code_agentic,1701,0.05003319091330089
conditional-fit-0081,axis3_code_agentic,1702,0.001822863910585901
conditional-fit-0081,axis3_code_agentic,1703,0.08789535070119965
conditional-fit-0081,axis3_code_agentic,1704,0.0010535827926365043
conditional-fit-0081,axis3_code_agentic,1705,0.017247866310824263
conditional-fit-0081,axis3_code_agentic,1706,4.183630530744807e-05
conditional-fit-0081,axis3_code_agentic,1707,2.416639174459361e-05
conditional-fit-0081,axis3_code_agentic,1708,0.0004023780595079694
conditional-fit-0081,axis3_code_agentic,1709,0.15831842870592522
conditional-fit-0081,axis3_code_agentic,1710,0.015489249198674634
conditional-fit-0081,axis3_code_agentic,1711,0.009915325662120247
conditional-fit-0081,axis3_code_agentic,1712,0.07159936486886223
conditional-fit-0081,axis3_code_agentic,1713,0.14403259719034847
conditional-fit-0081,axis3_code_agentic,1714,0.21570952473856958
conditional-fit-0081,axis3_code_agentic,1715,0.0024400933440090807
conditional-fit-0081,axis3_code_agentic,1716,0.02998766974181908
conditional-fit-0081,axis3_code_agentic,1717,0.00677087608475559
conditional-fit-0081,axis3_code_agentic,1718,0.001465711017998451
conditional-fit-0081,axis3_code_agentic,1719,0.00011714098663748026
conditional-fit-0081,axis3_code_agentic,1720,0.02547432525551262
conditional-fit-0081,axis3_code_agentic,1721,0.045890865736867174
conditional-fit-0081,axis3_code_agentic,1722,0.003025379365734565
conditional-fit-0081,axis3_code_agentic,1723,0.0017463825118860337
conditional-fit-0081,axis3_code_agentic,1724,0.02241736744000385
conditional-fit-0081,axis3_code_agentic,1725,0.019902025888196756
conditional-fit-0081,axis3_code_agentic,1726,0.0015673261052235486
conditional-fit-0081,axis3_code_agentic,1727,0.03821151265450517
conditional-fit-0081,axis3_code_agentic,1728,0.04261250878599505
conditional-fit-0081,axis3_code_agentic,1729,0.0473875443139279
conditional-fit-0081,axis3_code_agentic,1730,0.021096500563565178
conditional-fit-0081,axis3_code_agentic,1731,3.192551602667235e-05
conditional-fit-0081,axis3_code_agentic,1732,0.031275795984116395
conditional-fit-0081,axis3_code_agentic,1733,0.007196520498897697
conditional-fit-0081,axis3_code_agentic,1734,0.09311665807406472
conditional-fit-0081,axis3_code_agentic,1735,0.12744359458818375
conditional-fit-0081,axis3_code_agentic,1736,0.11874398488230442
conditional-fit-0081,axis3_code_agentic,1737,0.024923966963431243
conditional-fit-0081,axis3_code_agentic,1738,0.09074968424660816
conditional-fit-0081,axis3_code_agentic,1739,0.05183495797999925
conditional-fit-0081,axis3_code_agentic,1740,0.10766250494200785
conditional-fit-0081,axis3_code_agentic,1741,0.015021145911282043
conditional-fit-0081,axis3_code_agentic,1742,0.0006737736411632511
conditional-fit-0081,axis3_code_agentic,1743,0.042598142126889005
conditional-fit-0081,axis3_code_agentic,1744,0.035118502677100184
conditional-fit-0081,axis3_code_agentic,1745,0.0010508528584238495
conditional-fit-0081,axis3_code_agentic,1746,0.0490473952012011
conditional-fit-0081,axis3_code_agentic,1747,0.02901971648329155
conditional-fit-0081,axis3_code_agentic,1748,0.1256396274093649
conditional-fit-0081,axis3_code_agentic,1749,0.0030377047892217878
conditional-fit-0081,axis3_code_agentic,1750,0.00011904114875043809
conditional-fit-0081,axis3_code_agentic,1751,0.0032626715249409054
conditional-fit-0081,axis3_code_agentic,1752,0.0010895037901563962
conditional-fit-0081,axis3_code_agentic,1753,0.009405764245195314
conditional-fit-0081,axis3_code_agentic,1754,0.006525484359376454
conditional-fit-0081,axis3_code_agentic,1755,0.010848561583637836
conditional-fit-0081,axis3_code_agentic,1756,0.2922719868096165
conditional-fit-0081,axis3_code_agentic,1757,0.04876956758335071
conditional-fit-0081,axis3_code_agentic,1758,0.06951689959474425
conditional-fit-0081,axis3_code_agentic,1759,0.13207030906309475
conditional-fit-0081,axis3_code_agentic,1760,0.18547267214370963
conditional-fit-0081,axis3_code_agentic,1761,0.2593684568527941
conditional-fit-0081,axis3_code_agentic,1762,0.00529980484885682
conditional-fit-0081,axis3_code_agentic,1763,0.013039011060837932
conditional-fit-0081,axis3_code_agentic,1764,0.001252177260886608
conditional-fit-0081,axis3_code_agentic,1765,0.20899314599810587
conditional-fit-0081,axis3_code_agentic,1766,0.008594378350812015
conditional-fit-0081,axis3_code_agentic,1767,0.06784139900977448
conditional-fit-0081,axis3_code_agentic,1768,0.02602364022937585
conditional-fit-0081,axis3_code_agentic,1769,0.00020418247462100536
conditional-fit-0081,axis3_code_agentic,1770,0.0029468472422990557
conditional-fit-0081,axis3_code_agentic,1771,0.00015195291928698324
conditional-fit-0081,axis3_code_agentic,1772,0.00015767947234130895
conditional-fit-0081,axis3_code_agentic,1773,4.8756436755275845e-05
conditional-fit-0081,axis3_code_agentic,1774,5.1928697455456156e-05
conditional-fit-0081,axis3_code_agentic,1775,4.551913598452361e-06
conditional-fit-0081,axis3_code_agentic,1776,8.280390677886238e-06
conditional-fit-0081,axis3_code_agentic,1777,0.001265734432020368
conditional-fit-0081,axis3_code_agentic,1778,2.372578908917882e-05
conditional-fit-0081,axis3_code_agentic,1779,4.224960964024647e-06
conditional-fit-0081,axis3_code_agentic,1780,0.0010327147479096562
conditional-fit-0081,axis3_code_agentic,1781,6.820015746692264e-06
conditional-fit-0081,axis3_code_agentic,1782,0.002469071050931637
conditional-fit-0081,axis3_code_agentic,1783,0.1114547998971041
conditional-fit-0081,axis3_code_agentic,1784,0.061099677796401755
conditional-fit-0081,axis3_code_agentic,1785,0.017475630313893473
conditional-fit-0081,axis3_code_agentic,1786,0.04437394468445039
conditional-fit-0081,axis3_code_agentic,1787,0.08851658540301945
conditional-fit-0081,axis3_code_agentic,1788,0.053258928631216895
conditional-fit-0081,axis3_code_agentic,1789,0.046389609391434675
conditional-fit-0081,axis3_code_agentic,1790,0.24645879719505176
conditional-fit-0081,axis3_code_agentic,1791,0.11437419756781086
conditional-fit-0081,axis3_code_agentic,1792,0.08057193824355223
conditional-fit-0081,axis3_code_agentic,1793,0.09798974242918604
conditional-fit-0081,axis3_code_agentic,1794,0.029283499588924046
conditional-fit-0081,axis3_code_agentic,1795,0.02011458470436607
conditional-fit-0081,axis3_code_agentic,1796,0.039275541970544586
conditional-fit-0081,axis3_code_agentic,1797,0.059680674817398166
conditional-fit-0081,axis3_code_agentic,1798,0.10351786246776667
conditional-fit-0081,axis3_code_agentic,1799,0.08777905559351573
conditional-fit-0081,axis3_code_agentic,1800,0.09261881223778273
conditional-fit-0081,axis3_code_agentic,1801,0.0009422476232233358
conditional-fit-0081,axis3_code_agentic,1802,0.06302526806203945
conditional-fit-0081,axis3_code_agentic,1803,0.043687003397260865
conditional-fit-0081,axis3_code_agentic,1804,0.06045939260974139
conditional-fit-0081,axis3_code_agentic,1805,0.1155002300793265
conditional-fit-0081,axis3_code_agentic,1806,0.02159227683547319
conditional-fit-0081,axis3_code_agentic,1807,0.012191069542414406
conditional-fit-0081,axis3_code_agentic,1808,0.028612601216792297
conditional-fit-0081,axis3_code_agentic,1809,0.0229417857022447
conditional-fit-0081,axis3_code_agentic,1810,0.03072218285870509
conditional-fit-0081,axis3_code_agentic,1811,0.007919719169171696
conditional-fit-0081,axis3_code_agentic,1812,0.036573667143288954
conditional-fit-0081,axis3_code_agentic,1813,0.037168614171626244
conditional-fit-0081,axis3_code_agentic,1814,0.07193548082443094
conditional-fit-0081,axis3_code_agentic,1815,0.03477007932260456
conditional-fit-0081,axis3_code_agentic,1816,0.04626389654994094
conditional-fit-0081,axis3_code_agentic,1817,0.15710252058383256
conditional-fit-0081,axis3_code_agentic,1818,0.09465070580685295
conditional-fit-0081,axis3_code_agentic,1819,0.15629913162522155
conditional-fit-0081,axis3_code_agentic,1820,0.01304263801413412
conditional-fit-0081,axis3_code_agentic,1821,0.03434880442700701
conditional-fit-0081,axis3_code_agentic,1822,0.03159665772047723
conditional-fit-0081,axis3_code_agentic,1823,0.010539395511999741
conditional-fit-0081,axis3_code_agentic,1824,0.004879351846019652
conditional-fit-0081,axis3_code_agentic,1825,0.005753966689368364
conditional-fit-0081,axis3_code_agentic,1826,0.049497984255599294
conditional-fit-0081,axis3_code_agentic,1827,0.0581775343348299
conditional-fit-0081,axis3_code_agentic,1828,0.015337278891031678
conditional-fit-0081,axis3_code_agentic,1829,0.030022419609009563
conditional-fit-0081,axis3_code_agentic,1830,0.10121020213737408
conditional-fit-0081,axis3_code_agentic,1831,0.0054016730098402025
conditional-fit-0081,axis3_code_agentic,1832,0.06281209827104844
conditional-fit-0081,axis3_code_agentic,1833,0.04671482366732925
conditional-fit-0081,axis3_code_agentic,1834,0.07505853695607582
conditional-fit-0081,axis3_code_agentic,1835,0.003106493968031911
conditional-fit-0081,axis3_code_agentic,1836,0.01170300417999268
conditional-fit-0081,axis3_code_agentic,1837,0.0007513248097191939
conditional-fit-0081,axis3_code_agentic,1838,0.0571752266985241
conditional-fit-0081,axis3_code_agentic,1839,0.010066079254474763
conditional-fit-0081,axis3_code_agentic,1840,0.013461543528746749
conditional-fit-0081,axis3_code_agentic,1841,0.010814059211974638
conditional-fit-0081,axis3_code_agentic,1842,0.0037050269994397906
conditional-fit-0081,axis3_code_agentic,1843,0.05072928793778447
conditional-fit-0081,axis3_code_agentic,1844,0.0418657093587963
conditional-fit-0081,axis3_code_agentic,1845,0.005446921479294941
conditional-fit-0081,axis3_code_agentic,1846,0.05922171950214858
conditional-fit-0081,axis3_code_agentic,1847,0.032306914756879544
conditional-fit-0081,axis3_code_agentic,1848,0.024325253951957473
conditional-fit-0081,axis3_code_agentic,1849,0.04783370440529405
conditional-fit-0081,axis3_code_agentic,1850,0.007978789746902977
conditional-fit-0081,axis3_code_agentic,1851,0.030433161570413546
conditional-fit-0081,axis3_code_agentic,1852,0.08695820859802883
conditional-fit-0081,axis3_code_agentic,1853,0.0381862417211524
conditional-fit-0081,axis3_code_agentic,1854,0.052134905889102995
conditional-fit-0081,axis3_code_agentic,1855,0.028694417317967767
conditional-fit-0081,axis3_code_agentic,1856,0.015719760016807756
conditional-fit-0081,axis3_code_agentic,1857,0.07046516435200564
conditional-fit-0081,axis3_code_agentic,1858,0.15256272411036562
conditional-fit-0081,axis3_code_agentic,1859,0.030848830036804706
conditional-fit-0081,axis3_code_agentic,1860,3.153085777579029e-05
conditional-fit-0081,axis3_code_agentic,1861,0.027524682634195424
conditional-fit-0081,axis3_code_agentic,1862,0.029502461073131356
conditional-fit-0081,axis3_code_agentic,1863,0.05258948994039425
conditional-fit-0081,axis3_code_agentic,1864,0.14399055334084876
conditional-fit-0081,axis3_code_agentic,1865,0.21962547222752157
conditional-fit-0081,axis3_code_agentic,1866,0.06786653059879706
conditional-fit-0081,axis3_code_agentic,1867,0.02973470929449904
conditional-fit-0081,axis3_code_agentic,1868,0.008502092420747093
conditional-fit-0081,axis3_code_agentic,1869,0.06960531379583837
conditional-fit-0081,axis3_code_agentic,1870,0.003641191526334833
conditional-fit-0081,axis3_code_agentic,1871,0.018412176418102062
conditional-fit-0081,axis3_code_agentic,1872,0.15982673842405926
conditional-fit-0081,axis3_code_agentic,1873,0.18602656740205414
conditional-fit-0081,axis3_code_agentic,1874,0.022520254382853627
conditional-fit-0081,axis3_code_agentic,1875,0.00648309540665671
conditional-fit-0081,axis3_code_agentic,1876,0.017951803449447502
conditional-fit-0081,axis3_code_agentic,1877,0.001364709892934898
conditional-fit-0081,axis3_code_agentic,1878,0.0009783173340925072
conditional-fit-0081,axis3_code_agentic,1879,0.004687013851813752
conditional-fit-0081,axis3_code_agentic,1880,0.00894936505288597
conditional-fit-0081,axis3_code_agentic,1881,7.009594126556686e-05
conditional-fit-0081,axis3_code_agentic,1882,0.15146580299362422
conditional-fit-0081,axis3_code_agentic,1883,0.21222419088651973
conditional-fit-0081,axis3_code_agentic,1884,0.04302013854685986
conditional-fit-0081,axis3_code_agentic,1885,2.3653244939707638e-05
conditional-fit-0081,axis3_code_agentic,1886,0.0013724190530006093
conditional-fit-0081,axis3_code_agentic,1887,4.882852401892937e-05
conditional-fit-0081,axis3_code_agentic,1888,0.00360996090485588
conditional-fit-0081,axis3_code_agentic,1889,0.03250745824957833
conditional-fit-0081,axis3_code_agentic,1890,0.27274497095285805
conditional-fit-0081,axis3_code_agentic,1891,4.3388260416485744e-05
conditional-fit-0081,axis3_code_agentic,1892,0.00998860069437012
conditional-fit-0081,axis3_code_agentic,1893,0.0005286273843664725
conditional-fit-0081,axis3_code_agentic,1894,5.94339485698103e-05
conditional-fit-0081,axis3_code_agentic,1895,0.007389436383521858
conditional-fit-0081,axis3_code_agentic,1896,0.04042526931079022
conditional-fit-0081,axis3_code_agentic,1897,0.21204557744298744
conditional-fit-0081,axis3_code_agentic,1898,0.14806639923815554
conditional-fit-0081,axis3_code_agentic,1899,0.026591946310325725
conditional-fit-0081,axis3_code_agentic,1900,0.0028794554353525426
conditional-fit-0081,axis3_code_agentic,1901,0.07352691098648398
conditional-fit-0081,axis3_code_agentic,1902,0.3017065881684675
conditional-fit-0081,axis3_code_agentic,1903,0.004608832706686967
conditional-fit-0081,axis3_code_agentic,1904,0.08377513156864548
conditional-fit-0081,axis3_code_agentic,1905,0.02360601688891604
conditional-fit-0081,axis3_code_agentic,1906,0.010967545570478065
conditional-fit-0081,axis3_code_agentic,1907,0.06671772843189402
conditional-fit-0081,axis3_code_agentic,1908,0.0006894577301512835
conditional-fit-0081,axis3_code_agentic,1909,0.06987083702095365
conditional-fit-0081,axis3_code_agentic,1910,0.25718313743490534
conditional-fit-0081,axis3_code_agentic,1911,0.24588674082237844
conditional-fit-0081,axis3_code_agentic,1912,0.007976023479222414
conditional-fit-0081,axis3_code_agentic,1913,0.08281628403714057
conditional-fit-0081,axis3_code_agentic,1914,0.10437542994603838
conditional-fit-0081,axis3_code_agentic,1915,0.0024711819951325057
conditional-fit-0081,axis3_code_agentic,1916,2.398381240778705e-06
conditional-fit-0081,axis3_code_agentic,1917,0.00318122255610939
conditional-fit-0081,axis3_code_agentic,1918,0.006084041348105243
conditional-fit-0081,axis3_code_agentic,1919,0.00011540747120308343
conditional-fit-0081,axis3_code_agentic,1920,5.4354905798558604e-05
conditional-fit-0081,axis3_code_agentic,1921,0.00011921108800178175
conditional-fit-0081,axis3_code_agentic,1922,0.0003558519681549736
conditional-fit-0081,axis3_code_agentic,1923,0.00016220599136877598
conditional-fit-0081,axis3_code_agentic,1924,0.00773139852216892
conditional-fit-0081,axis3_code_agentic,1925,1.704807319853689e-05
conditional-fit-0081,axis3_code_agentic,1926,0.0021486965806008776
conditional-fit-0081,axis3_code_agentic,1927,5.005430860742259e-06
conditional-fit-0081,axis3_code_agentic,1928,0.02578282897084528
conditional-fit-0081,axis3_code_agentic,1929,0.049731097742792066
conditional-fit-0081,axis3_code_agentic,1930,0.031785488033894076
conditional-fit-0081,axis3_code_agentic,1931,0.0005502990597325322
conditional-fit-0081,axis3_code_agentic,1932,0.1276669646539106
conditional-fit-0081,axis3_code_agentic,1933,0.06319921196088747
conditional-fit-0081,axis3_code_agentic,1934,3.4862186167551984e-06
conditional-fit-0081,axis3_code_agentic,1935,0.0021030359619874516
conditional-fit-0081,axis3_code_agentic,1936,0.005402844607078881
conditional-fit-0081,axis3_code_agentic,1937,4.1435832187315815e-05
conditional-fit-0081,axis3_code_agentic,1938,6.575830596213899e-06
conditional-fit-0081,axis3_code_agentic,1939,0.0002375439831308017
conditional-fit-0081,axis3_code_agentic,1940,2.1635982771700783e-05
conditional-fit-0081,axis3_code_agentic,1941,0.0031980801380614237
conditional-fit-0081,axis3_code_agentic,1942,0.00021108902675611677
conditional-fit-0081,axis3_code_agentic,1943,2.2563551233126e-06
conditional-fit-0081,axis3_code_agentic,1944,0.0259780743555506
conditional-fit-0081,axis3_code_agentic,1945,0.07406987356988162
conditional-fit-0081,axis3_code_agentic,1946,0.00021296525332241628
conditional-fit-0081,axis3_code_agentic,1947,0.00020321033076137424
conditional-fit-0081,axis3_code_agentic,1948,0.00048370595924235695
conditional-fit-0081,axis3_code_agentic,1949,0.002727902351186051
conditional-fit-0081,axis3_code_agentic,1950,0.031265689760423224
conditional-fit-0081,axis3_code_agentic,1951,2.878463966913716e-05
conditional-fit-0081,axis3_code_agentic,1952,0.0002800836554749666
conditional-fit-0081,axis3_code_agentic,1953,0.00026505818514256543
conditional-fit-0081,axis3_code_agentic,1954,0.00430487262786018
conditional-fit-0081,axis3_code_agentic,1955,0.015400904854317932
conditional-fit-0081,axis3_code_agentic,1956,0.0015005589576939909
conditional-fit-0081,axis3_code_agentic,1957,0.001320237247531294
conditional-fit-0081,axis3_code_agentic,1958,1.9617166380428897e-06
conditional-fit-0081,axis3_code_agentic,1959,0.0019165025237188882
conditional-fit-0081,axis3_code_agentic,1960,0.30544465988116015
conditional-fit-0081,axis3_code_agentic,1961,7.052114483269484e-05
conditional-fit-0081,axis3_code_agentic,1962,5.7167003955792864e-05
conditional-fit-0081,axis3_code_agentic,1963,0.0015367587031456429
conditional-fit-0081,axis3_code_agentic,1964,0.00013296240561502194
conditional-fit-0081,axis3_code_agentic,1965,0.0023194841814676063
conditional-fit-0081,axis3_code_agentic,1966,0.03431404098291937
conditional-fit-0081,axis3_code_agentic,1967,0.0004985652752677761
conditional-fit-0081,axis3_code_agentic,1968,0.006553536868561087
conditional-fit-0081,axis3_code_agentic,1969,0.00530301259205893
conditional-fit-0081,axis3_code_agentic,1970,0.00021922425151317743
conditional-fit-0081,axis3_code_agentic,1971,0.006822282110004525
conditional-fit-0081,axis3_code_agentic,1972,0.0237773371523487
conditional-fit-0081,axis3_code_agentic,1973,0.0009650344997419161
conditional-fit-0081,axis3_code_agentic,1974,0.002247865578928909
conditional-fit-0081,axis3_code_agentic,1975,0.00043858449796159194
conditional-fit-0081,axis3_code_agentic,1976,0.00023445803131732547
conditional-fit-0081,axis3_code_agentic,1977,0.0008420387666837636
conditional-fit-0081,axis3_code_agentic,1978,0.023543232155422065
conditional-fit-0081,axis3_code_agentic,1979,0.000496041575725764
conditional-fit-0081,axis3_code_agentic,1980,0.0001911674837219169
conditional-fit-0081,axis3_code_agentic,1981,0.0004886729354211445
conditional-fit-0081,axis3_code_agentic,1982,9.25830020586796e-07
conditional-fit-0081,axis3_code_agentic,1983,0.0006869928573625379
conditional-fit-0081,axis3_code_agentic,1984,0.006386227980546526
conditional-fit-0081,axis3_code_agentic,1985,6.472504028491344e-05
conditional-fit-0081,axis3_code_agentic,1986,7.691123851100005e-05
conditional-fit-0081,axis3_code_agentic,1987,2.965546320926297e-05
conditional-fit-0081,axis3_code_agentic,1988,0.002964198338750859
conditional-fit-0081,axis3_code_agentic,1989,9.302391719660848e-05
conditional-fit-0081,axis3_code_agentic,1990,0.001135717187962596
conditional-fit-0081,axis3_code_agentic,1991,0.00025024373134462655
conditional-fit-0081,axis3_code_agentic,1992,9.939642981044821e-05
conditional-fit-0081,axis3_code_agentic,1993,0.0006544451190875611
conditional-fit-0081,axis3_code_agentic,1994,5.003272847662131e-06
conditional-fit-0081,axis3_code_agentic,1995,0.01652380202098496
conditional-fit-0081,axis3_code_agentic,1996,3.8258816902449384e-05
conditional-fit-0081,axis3_code_agentic,1997,0.03944714284733538
conditional-fit-0081,axis3_code_agentic,1998,0.03489271080548853
conditional-fit-0081,axis3_code_agentic,1999,0.00015577257164339032
conditional-fit-0081,axis3_code_agentic,2000,5.925252634950176e-06
conditional-fit-0081,axis3_code_agentic,2001,0.0018583065183420773
conditional-fit-0081,axis3_code_agentic,2002,0.0032827387488224952
conditional-fit-0081,axis3_code_agentic,2003,3.5643968782526955e-05
conditional-fit-0081,axis3_code_agentic,2004,0.004200333153973656
conditional-fit-0081,axis3_code_agentic,2005,0.024974734029049837
conditional-fit-0081,axis3_code_agentic,2006,0.13362961491208272
conditional-fit-0081,axis3_code_agentic,2007,0.039963488551688804
conditional-fit-0081,axis3_code_agentic,2008,0.018831992265652225
conditional-fit-0081,axis3_code_agentic,2009,0.0005466874154316873
conditional-fit-0081,axis3_code_agentic,2010,0.07282942967650155
conditional-fit-0081,axis3_code_agentic,2011,0.028463920471434298
conditional-fit-0081,axis3_code_agentic,2012,0.001211084155184841
conditional-fit-0081,axis3_code_agentic,2013,0.0063400660429762615
conditional-fit-0081,axis3_code_agentic,2014,0.02433680417178544
conditional-fit-0081,axis3_code_agentic,2015,0.0022181763923236914
conditional-fit-0081,axis3_code_agentic,2016,0.0024904963753530586
conditional-fit-0081,axis3_code_agentic,2017,0.0012270745808522433
conditional-fit-0081,axis3_code_agentic,2018,0.00799339406103384
conditional-fit-0081,axis3_code_agentic,2019,0.007952151189097386
conditional-fit-0081,axis3_code_agentic,2020,0.018312581929310342
conditional-fit-0081,axis3_code_agentic,2021,0.12233030697852375
conditional-fit-0081,axis3_code_agentic,2022,0.03061818970000728
conditional-fit-0081,axis3_code_agentic,2023,0.12868042022645396
conditional-fit-0081,axis3_code_agentic,2024,0.014771142807314824
conditional-fit-0081,axis3_code_agentic,2025,0.22113673605525747
conditional-fit-0081,axis3_code_agentic,2026,0.0016823275056861691
conditional-fit-0081,axis3_code_agentic,2027,3.0892556810320035e-05
conditional-fit-0081,axis3_code_agentic,2028,0.04977733837873185
conditional-fit-0081,axis3_code_agentic,2029,0.0010144682564845109
conditional-fit-0081,axis3_code_agentic,2030,0.00021260861576625654
conditional-fit-0081,axis3_code_agentic,2031,0.10079306270269613
conditional-fit-0081,axis3_code_agentic,2032,0.028469897879951765
conditional-fit-0081,axis3_code_agentic,2033,0.1212705965296995
conditional-fit-0081,axis3_code_agentic,2034,0.0002655251585671562
conditional-fit-0081,axis3_code_agentic,2035,0.03284564608369462
conditional-fit-0081,axis3_code_agentic,2036,0.012652950800526981
conditional-fit-0081,axis3_code_agentic,2037,0.0006930343961593483
conditional-fit-0081,axis3_code_agentic,2038,0.0545777016607681
conditional-fit-0081,axis3_code_agentic,2039,0.09485649251712538
conditional-fit-0081,axis3_code_agentic,2040,0.018352206104113616
conditional-fit-0081,axis3_code_agentic,2041,0.012766760511195283
conditional-fit-0081,axis3_code_agentic,2042,0.04240084467942894
conditional-fit-0081,axis3_code_agentic,2043,0.0006699729942705831
conditional-fit-0081,axis3_code_agentic,2044,0.00010298398889893885
conditional-fit-0081,axis3_code_agentic,2045,0.010507277188287133
conditional-fit-0081,axis3_code_agentic,2046,0.008104361337545963
