window_id,domain,pos,kld
conditional-fit-0051,axis4_reasoning_termination,0,13.15711834863723
conditional-fit-0051,axis4_reasoning_termination,1,0.4168877926866419
conditional-fit-0051,axis4_reasoning_termination,2,0.6869716532340165
conditional-fit-0051,axis4_reasoning_termination,3,0.9399543663199843
conditional-fit-0051,axis4_reasoning_termination,4,0.014636610089080517
conditional-fit-0051,axis4_reasoning_termination,5,0.06705698163755355
conditional-fit-0051,axis4_reasoning_termination,6,0.24172477550092417
conditional-fit-0051,axis4_reasoning_termination,7,0.13767212139264623
conditional-fit-0051,axis4_reasoning_termination,8,0.0019033620406138409
conditional-fit-0051,axis4_reasoning_termination,9,0.3056702082973308
conditional-fit-0051,axis4_reasoning_termination,10,0.2933468703476831
conditional-fit-0051,axis4_reasoning_termination,11,0.1324014572446393
conditional-fit-0051,axis4_reasoning_termination,12,0.15403462316286154
conditional-fit-0051,axis4_reasoning_termination,13,0.2369697963160814
conditional-fit-0051,axis4_reasoning_termination,14,0.020553227512279053
conditional-fit-0051,axis4_reasoning_termination,15,0.018984601341380126
conditional-fit-0051,axis4_reasoning_termination,16,0.3492246115993619
conditional-fit-0051,axis4_reasoning_termination,17,0.050970131670539306
conditional-fit-0051,axis4_reasoning_termination,18,0.08917425867421012
conditional-fit-0051,axis4_reasoning_termination,19,0.07405331293911085
conditional-fit-0051,axis4_reasoning_termination,20,0.12053208692078686
conditional-fit-0051,axis4_reasoning_termination,21,0.09999636623091161
conditional-fit-0051,axis4_reasoning_termination,22,0.07963522815056168
conditional-fit-0051,axis4_reasoning_termination,23,0.07793194534525538
conditional-fit-0051,axis4_reasoning_termination,24,2.2826137440802254
conditional-fit-0051,axis4_reasoning_termination,25,0.21524156309660503
conditional-fit-0051,axis4_reasoning_termination,26,0.15861434707207794
conditional-fit-0051,axis4_reasoning_termination,27,0.44535753948563767
conditional-fit-0051,axis4_reasoning_termination,28,0.22418022228501588
conditional-fit-0051,axis4_reasoning_termination,29,0.2505070802125005
conditional-fit-0051,axis4_reasoning_termination,30,0.3298387723331367
conditional-fit-0051,axis4_reasoning_termination,31,0.18061946502589382
conditional-fit-0051,axis4_reasoning_termination,32,0.28692690132829934
conditional-fit-0051,axis4_reasoning_termination,33,0.1722856124003715
conditional-fit-0051,axis4_reasoning_termination,34,0.32968304597518405
conditional-fit-0051,axis4_reasoning_termination,35,0.06686928253566694
conditional-fit-0051,axis4_reasoning_termination,36,0.025618640028074204
conditional-fit-0051,axis4_reasoning_termination,37,0.049230603554752485
conditional-fit-0051,axis4_reasoning_termination,38,0.08923480718536966
conditional-fit-0051,axis4_reasoning_termination,39,0.24204669417037725
conditional-fit-0051,axis4_reasoning_termination,40,0.23026154573603017
conditional-fit-0051,axis4_reasoning_termination,41,0.001498652748064203
conditional-fit-0051,axis4_reasoning_termination,42,0.030970882050792896
conditional-fit-0051,axis4_reasoning_termination,43,0.1177701342728015
conditional-fit-0051,axis4_reasoning_termination,44,5.318335658505793e-05
conditional-fit-0051,axis4_reasoning_termination,45,0.02760766477360437
conditional-fit-0051,axis4_reasoning_termination,46,0.005925021462273469
conditional-fit-0051,axis4_reasoning_termination,47,0.012156415771620374
conditional-fit-0051,axis4_reasoning_termination,48,7.69958650272007e-05
conditional-fit-0051,axis4_reasoning_termination,49,0.003583242816573993
conditional-fit-0051,axis4_reasoning_termination,50,0.07742541498936654
conditional-fit-0051,axis4_reasoning_termination,51,0.038191886712805115
conditional-fit-0051,axis4_reasoning_termination,52,0.10195101111777342
conditional-fit-0051,axis4_reasoning_termination,53,0.04388757913828496
conditional-fit-0051,axis4_reasoning_termination,54,0.0035519085244163605
conditional-fit-0051,axis4_reasoning_termination,55,0.000938730985067866
conditional-fit-0051,axis4_reasoning_termination,56,0.0009295109370600495
conditional-fit-0051,axis4_reasoning_termination,57,0.0077998128622724355
conditional-fit-0051,axis4_reasoning_termination,58,0.0163467504401855
conditional-fit-0051,axis4_reasoning_termination,59,0.00044295016742622404
conditional-fit-0051,axis4_reasoning_termination,60,0.000550421945916234
conditional-fit-0051,axis4_reasoning_termination,61,0.0005717181045498125
conditional-fit-0051,axis4_reasoning_termination,62,0.0005483326875922185
conditional-fit-0051,axis4_reasoning_termination,63,0.007778552447766046
conditional-fit-0051,axis4_reasoning_termination,64,0.0011501829901724595
conditional-fit-0051,axis4_reasoning_termination,65,0.017175328554675864
conditional-fit-0051,axis4_reasoning_termination,66,0.04661583472666467
conditional-fit-0051,axis4_reasoning_termination,67,0.10199382894974177
conditional-fit-0051,axis4_reasoning_termination,68,0.009998132867963508
conditional-fit-0051,axis4_reasoning_termination,69,0.08317589578790355
conditional-fit-0051,axis4_reasoning_termination,70,0.059749955375184204
conditional-fit-0051,axis4_reasoning_termination,71,0.003615782282134894
conditional-fit-0051,axis4_reasoning_termination,72,0.0019814983067903075
conditional-fit-0051,axis4_reasoning_termination,73,0.0705268151324172
conditional-fit-0051,axis4_reasoning_termination,74,0.016106173550526612
conditional-fit-0051,axis4_reasoning_termination,75,0.06648857453618012
conditional-fit-0051,axis4_reasoning_termination,76,0.01300243899495548
conditional-fit-0051,axis4_reasoning_termination,77,0.14756806699784825
conditional-fit-0051,axis4_reasoning_termination,78,0.8106182137363513
conditional-fit-0051,axis4_reasoning_termination,79,0.27815131613742916
conditional-fit-0051,axis4_reasoning_termination,80,0.1561574125015896
conditional-fit-0051,axis4_reasoning_termination,81,0.21189020745384743
conditional-fit-0051,axis4_reasoning_termination,82,0.03543127552414183
conditional-fit-0051,axis4_reasoning_termination,83,0.007535651308311566
conditional-fit-0051,axis4_reasoning_termination,84,0.02315766995594475
conditional-fit-0051,axis4_reasoning_termination,85,0.027574926094016655
conditional-fit-0051,axis4_reasoning_termination,86,0.0006561436750117638
conditional-fit-0051,axis4_reasoning_termination,87,0.004712306900710493
conditional-fit-0051,axis4_reasoning_termination,88,0.004924941869706398
conditional-fit-0051,axis4_reasoning_termination,89,0.26184808077364935
conditional-fit-0051,axis4_reasoning_termination,90,1.1344417798410233
conditional-fit-0051,axis4_reasoning_termination,91,0.1105509405463129
conditional-fit-0051,axis4_reasoning_termination,92,0.0015244270808653254
conditional-fit-0051,axis4_reasoning_termination,93,0.0016882938954475546
conditional-fit-0051,axis4_reasoning_termination,94,0.08630733512358804
conditional-fit-0051,axis4_reasoning_termination,95,0.01076526539222636
conditional-fit-0051,axis4_reasoning_termination,96,0.00018088839268026708
conditional-fit-0051,axis4_reasoning_termination,97,0.008558871956886278
conditional-fit-0051,axis4_reasoning_termination,98,2.7209356155096324e-05
conditional-fit-0051,axis4_reasoning_termination,99,0.00012002714254512349
conditional-fit-0051,axis4_reasoning_termination,100,0.0002493519018280495
conditional-fit-0051,axis4_reasoning_termination,101,1.7664532001947106e-05
conditional-fit-0051,axis4_reasoning_termination,102,0.0002146557847849342
conditional-fit-0051,axis4_reasoning_termination,103,0.00012598398571059827
conditional-fit-0051,axis4_reasoning_termination,104,0.0002371882338084672
conditional-fit-0051,axis4_reasoning_termination,105,1.5665940283864096e-05
conditional-fit-0051,axis4_reasoning_termination,106,0.00012017285116533921
conditional-fit-0051,axis4_reasoning_termination,107,0.0004995402806916675
conditional-fit-0051,axis4_reasoning_termination,108,0.000854194984490678
conditional-fit-0051,axis4_reasoning_termination,109,0.02144822870738318
conditional-fit-0051,axis4_reasoning_termination,110,0.0008062200994530256
conditional-fit-0051,axis4_reasoning_termination,111,0.0003632316316427937
conditional-fit-0051,axis4_reasoning_termination,112,0.00015012414721303236
conditional-fit-0051,axis4_reasoning_termination,113,6.669677362913662e-05
conditional-fit-0051,axis4_reasoning_termination,114,0.000500009883347314
conditional-fit-0051,axis4_reasoning_termination,115,0.0009405268489953483
conditional-fit-0051,axis4_reasoning_termination,116,0.0002845777991754158
conditional-fit-0051,axis4_reasoning_termination,117,0.00024380469661289055
conditional-fit-0051,axis4_reasoning_termination,118,0.00019714830877862286
conditional-fit-0051,axis4_reasoning_termination,119,0.00037215905796925515
conditional-fit-0051,axis4_reasoning_termination,120,0.0006128202317742022
conditional-fit-0051,axis4_reasoning_termination,121,0.0018940502229981438
conditional-fit-0051,axis4_reasoning_termination,122,0.0022940000888811963
conditional-fit-0051,axis4_reasoning_termination,123,0.0009864532124466982
conditional-fit-0051,axis4_reasoning_termination,124,0.0028649526521494326
conditional-fit-0051,axis4_reasoning_termination,125,0.00047561136567179186
conditional-fit-0051,axis4_reasoning_termination,126,0.002189022422719235
conditional-fit-0051,axis4_reasoning_termination,127,0.0008707801415658523
conditional-fit-0051,axis4_reasoning_termination,128,0.00020254477267756953
conditional-fit-0051,axis4_reasoning_termination,129,0.00034869479860286654
conditional-fit-0051,axis4_reasoning_termination,130,0.004405881539142797
conditional-fit-0051,axis4_reasoning_termination,131,0.0010513166963237507
conditional-fit-0051,axis4_reasoning_termination,132,0.11665497324228863
conditional-fit-0051,axis4_reasoning_termination,133,0.003368431532073993
conditional-fit-0051,axis4_reasoning_termination,134,0.01835612814969887
conditional-fit-0051,axis4_reasoning_termination,135,0.11654635293792706
conditional-fit-0051,axis4_reasoning_termination,136,0.039790333278215045
conditional-fit-0051,axis4_reasoning_termination,137,0.6576108631386424
conditional-fit-0051,axis4_reasoning_termination,138,0.42811629151993513
conditional-fit-0051,axis4_reasoning_termination,139,0.0067087332531440055
conditional-fit-0051,axis4_reasoning_termination,140,0.0019482158148404634
conditional-fit-0051,axis4_reasoning_termination,141,0.010325516813461506
conditional-fit-0051,axis4_reasoning_termination,142,0.03322987197604853
conditional-fit-0051,axis4_reasoning_termination,143,0.5412216769251119
conditional-fit-0051,axis4_reasoning_termination,144,0.0007124724362924299
conditional-fit-0051,axis4_reasoning_termination,145,0.004351205272100311
conditional-fit-0051,axis4_reasoning_termination,146,0.3932379270933225
conditional-fit-0051,axis4_reasoning_termination,147,0.06661628333198003
conditional-fit-0051,axis4_reasoning_termination,148,1.8080013137018236
conditional-fit-0051,axis4_reasoning_termination,149,0.22616169107577577
conditional-fit-0051,axis4_reasoning_termination,150,0.003892617471301321
conditional-fit-0051,axis4_reasoning_termination,151,0.0031761948665009108
conditional-fit-0051,axis4_reasoning_termination,152,0.5933990297488526
conditional-fit-0051,axis4_reasoning_termination,153,0.1851531728067522
conditional-fit-0051,axis4_reasoning_termination,154,0.07153162302720575
conditional-fit-0051,axis4_reasoning_termination,155,0.0394176211369812
conditional-fit-0051,axis4_reasoning_termination,156,0.19083966197164395
conditional-fit-0051,axis4_reasoning_termination,157,0.08190743178650467
conditional-fit-0051,axis4_reasoning_termination,158,0.13394415764442041
conditional-fit-0051,axis4_reasoning_termination,159,5.781787244599033e-05
conditional-fit-0051,axis4_reasoning_termination,160,0.0012686195184837426
conditional-fit-0051,axis4_reasoning_termination,161,0.00019480424762997065
conditional-fit-0051,axis4_reasoning_termination,162,0.002318032087421029
conditional-fit-0051,axis4_reasoning_termination,163,0.03655062374902855
conditional-fit-0051,axis4_reasoning_termination,164,0.010276818293089492
conditional-fit-0051,axis4_reasoning_termination,165,0.10644457807371055
conditional-fit-0051,axis4_reasoning_termination,166,8.922074765097295e-05
conditional-fit-0051,axis4_reasoning_termination,167,1.1559610312017863e-06
conditional-fit-0051,axis4_reasoning_termination,168,0.0004093959340114253
conditional-fit-0051,axis4_reasoning_termination,169,0.0013447644221970478
conditional-fit-0051,axis4_reasoning_termination,170,0.01751827028711922
conditional-fit-0051,axis4_reasoning_termination,171,0.033270946962495065
conditional-fit-0051,axis4_reasoning_termination,172,0.0013570521353255397
conditional-fit-0051,axis4_reasoning_termination,173,0.024779374001091842
conditional-fit-0051,axis4_reasoning_termination,174,0.04050992260680647
conditional-fit-0051,axis4_reasoning_termination,175,0.03089725082001293
conditional-fit-0051,axis4_reasoning_termination,176,0.2856757006601894
conditional-fit-0051,axis4_reasoning_termination,177,0.09486726841723434
conditional-fit-0051,axis4_reasoning_termination,178,0.0032289371412765507
conditional-fit-0051,axis4_reasoning_termination,179,0.003468803090384103
conditional-fit-0051,axis4_reasoning_termination,180,0.004887480816119693
conditional-fit-0051,axis4_reasoning_termination,181,0.09531235058898313
conditional-fit-0051,axis4_reasoning_termination,182,0.0009390146500381014
conditional-fit-0051,axis4_reasoning_termination,183,0.00022303539962960885
conditional-fit-0051,axis4_reasoning_termination,184,0.002389324661530141
conditional-fit-0051,axis4_reasoning_termination,185,0.036021212160602833
conditional-fit-0051,axis4_reasoning_termination,186,0.0601737242734747
conditional-fit-0051,axis4_reasoning_termination,187,0.05973960806995506
conditional-fit-0051,axis4_reasoning_termination,188,0.00024972363573184356
conditional-fit-0051,axis4_reasoning_termination,189,8.500722143336818e-05
conditional-fit-0051,axis4_reasoning_termination,190,0.031474598819558525
conditional-fit-0051,axis4_reasoning_termination,191,0.005504355991349523
conditional-fit-0051,axis4_reasoning_termination,192,0.00029140869509005225
conditional-fit-0051,axis4_reasoning_termination,193,0.0018711932005325061
conditional-fit-0051,axis4_reasoning_termination,194,4.401171537872324e-05
conditional-fit-0051,axis4_reasoning_termination,195,0.00014461833391427162
conditional-fit-0051,axis4_reasoning_termination,196,0.004312100728503029
conditional-fit-0051,axis4_reasoning_termination,197,1.0346463599245858e-05
conditional-fit-0051,axis4_reasoning_termination,198,0.00010525542385195976
conditional-fit-0051,axis4_reasoning_termination,199,0.0002312145287529684
conditional-fit-0051,axis4_reasoning_termination,200,0.00024724457195713376
conditional-fit-0051,axis4_reasoning_termination,201,1.9063206062530527e-05
conditional-fit-0051,axis4_reasoning_termination,202,1.4733782801588263e-05
conditional-fit-0051,axis4_reasoning_termination,203,0.00011594074030811474
conditional-fit-0051,axis4_reasoning_termination,204,0.00018769243007317176
conditional-fit-0051,axis4_reasoning_termination,205,0.01654989036443104
conditional-fit-0051,axis4_reasoning_termination,206,0.0002161946964680854
conditional-fit-0051,axis4_reasoning_termination,207,0.00024106146722562398
conditional-fit-0051,axis4_reasoning_termination,208,1.9639027695779866e-05
conditional-fit-0051,axis4_reasoning_termination,209,9.101362385740109e-06
conditional-fit-0051,axis4_reasoning_termination,210,0.00011196947130258027
conditional-fit-0051,axis4_reasoning_termination,211,6.159463594684391e-05
conditional-fit-0051,axis4_reasoning_termination,212,0.00013853599512592889
conditional-fit-0051,axis4_reasoning_termination,213,0.00012620062424949216
conditional-fit-0051,axis4_reasoning_termination,214,4.5977731899418706e-05
conditional-fit-0051,axis4_reasoning_termination,215,0.00022561699260741276
conditional-fit-0051,axis4_reasoning_termination,216,0.00017385986650302165
conditional-fit-0051,axis4_reasoning_termination,217,6.717450998892421e-05
conditional-fit-0051,axis4_reasoning_termination,218,0.0003506235432989781
conditional-fit-0051,axis4_reasoning_termination,219,0.0005657467210092725
conditional-fit-0051,axis4_reasoning_termination,220,0.00015380466473256829
conditional-fit-0051,axis4_reasoning_termination,221,5.936904785347377e-05
conditional-fit-0051,axis4_reasoning_termination,222,7.480095404378863e-05
conditional-fit-0051,axis4_reasoning_termination,223,4.396975640165702e-05
conditional-fit-0051,axis4_reasoning_termination,224,5.735078624981084e-05
conditional-fit-0051,axis4_reasoning_termination,225,0.00011957208292793936
conditional-fit-0051,axis4_reasoning_termination,226,0.00019903856952885215
conditional-fit-0051,axis4_reasoning_termination,227,0.0014651473718412145
conditional-fit-0051,axis4_reasoning_termination,228,0.038374951525642416
conditional-fit-0051,axis4_reasoning_termination,229,0.00037611766660830743
conditional-fit-0051,axis4_reasoning_termination,230,0.025211329601986254
conditional-fit-0051,axis4_reasoning_termination,231,0.02976244272249684
conditional-fit-0051,axis4_reasoning_termination,232,0.029757978228369286
conditional-fit-0051,axis4_reasoning_termination,233,0.2886278747516008
conditional-fit-0051,axis4_reasoning_termination,234,0.024768775467117966
conditional-fit-0051,axis4_reasoning_termination,235,0.0024084581569663744
conditional-fit-0051,axis4_reasoning_termination,236,0.0007002408662714782
conditional-fit-0051,axis4_reasoning_termination,237,0.003740809733784189
conditional-fit-0051,axis4_reasoning_termination,238,0.09760345120698774
conditional-fit-0051,axis4_reasoning_termination,239,0.03409373302270125
conditional-fit-0051,axis4_reasoning_termination,240,0.006069553820851
conditional-fit-0051,axis4_reasoning_termination,241,0.03453413439738439
conditional-fit-0051,axis4_reasoning_termination,242,0.04109666018345121
conditional-fit-0051,axis4_reasoning_termination,243,0.0008135954940874269
conditional-fit-0051,axis4_reasoning_termination,244,0.0001613637776719045
conditional-fit-0051,axis4_reasoning_termination,245,0.11162640303621466
conditional-fit-0051,axis4_reasoning_termination,246,0.09988805668368132
conditional-fit-0051,axis4_reasoning_termination,247,0.030922190856917192
conditional-fit-0051,axis4_reasoning_termination,248,0.03555110188348199
conditional-fit-0051,axis4_reasoning_termination,249,0.003787186831777582
conditional-fit-0051,axis4_reasoning_termination,250,0.04857408433554631
conditional-fit-0051,axis4_reasoning_termination,251,0.012831282906891606
conditional-fit-0051,axis4_reasoning_termination,252,0.01119789517957959
conditional-fit-0051,axis4_reasoning_termination,253,0.08220308372931685
conditional-fit-0051,axis4_reasoning_termination,254,0.00015581967294318836
conditional-fit-0051,axis4_reasoning_termination,255,0.023650222936113702
conditional-fit-0051,axis4_reasoning_termination,256,0.0001515907854647262
conditional-fit-0051,axis4_reasoning_termination,257,0.003632571546922341
conditional-fit-0051,axis4_reasoning_termination,258,0.002450776277335644
conditional-fit-0051,axis4_reasoning_termination,259,0.03918826817693201
conditional-fit-0051,axis4_reasoning_termination,260,0.0034012728809822428
conditional-fit-0051,axis4_reasoning_termination,261,0.02274942881878582
conditional-fit-0051,axis4_reasoning_termination,262,0.0790430272256617
conditional-fit-0051,axis4_reasoning_termination,263,0.01472726731235106
conditional-fit-0051,axis4_reasoning_termination,264,0.011570491848994578
conditional-fit-0051,axis4_reasoning_termination,265,0.011078336709837003
conditional-fit-0051,axis4_reasoning_termination,266,0.001155817731823704
conditional-fit-0051,axis4_reasoning_termination,267,0.0033517702410256686
conditional-fit-0051,axis4_reasoning_termination,268,0.0062036313349138035
conditional-fit-0051,axis4_reasoning_termination,269,8.632833675004327e-05
conditional-fit-0051,axis4_reasoning_termination,270,4.136880521439985e-05
conditional-fit-0051,axis4_reasoning_termination,271,3.257334108189506e-05
conditional-fit-0051,axis4_reasoning_termination,272,0.0002442079743969313
conditional-fit-0051,axis4_reasoning_termination,273,0.003801743021887692
conditional-fit-0051,axis4_reasoning_termination,274,0.0007681824039305075
conditional-fit-0051,axis4_reasoning_termination,275,0.007650295822952295
conditional-fit-0051,axis4_reasoning_termination,276,0.002933642741374794
conditional-fit-0051,axis4_reasoning_termination,277,0.00015097391424778828
conditional-fit-0051,axis4_reasoning_termination,278,0.04852744223648609
conditional-fit-0051,axis4_reasoning_termination,279,0.08171139104538547
conditional-fit-0051,axis4_reasoning_termination,280,0.0002018575895341274
conditional-fit-0051,axis4_reasoning_termination,281,0.014108353640370712
conditional-fit-0051,axis4_reasoning_termination,282,0.04500692240645941
conditional-fit-0051,axis4_reasoning_termination,283,0.025270882332130203
conditional-fit-0051,axis4_reasoning_termination,284,0.0393318205229152
conditional-fit-0051,axis4_reasoning_termination,285,0.0004613944338620896
conditional-fit-0051,axis4_reasoning_termination,286,0.007970667212483379
conditional-fit-0051,axis4_reasoning_termination,287,0.0007109421972955401
conditional-fit-0051,axis4_reasoning_termination,288,0.0002270959267927099
conditional-fit-0051,axis4_reasoning_termination,289,0.0027692241403355308
conditional-fit-0051,axis4_reasoning_termination,290,0.0779575069951215
conditional-fit-0051,axis4_reasoning_termination,291,0.0977781920797644
conditional-fit-0051,axis4_reasoning_termination,292,0.004344924618299197
conditional-fit-0051,axis4_reasoning_termination,293,0.0018334100648417651
conditional-fit-0051,axis4_reasoning_termination,294,0.08595417781667541
conditional-fit-0051,axis4_reasoning_termination,295,0.0707130696951632
conditional-fit-0051,axis4_reasoning_termination,296,0.00323655402854079
conditional-fit-0051,axis4_reasoning_termination,297,0.0035052139751189817
conditional-fit-0051,axis4_reasoning_termination,298,0.008898108227333303
conditional-fit-0051,axis4_reasoning_termination,299,0.0008159672023983854
conditional-fit-0051,axis4_reasoning_termination,300,0.008388705008246039
conditional-fit-0051,axis4_reasoning_termination,301,0.003106879883846791
conditional-fit-0051,axis4_reasoning_termination,302,0.0053601101534826966
conditional-fit-0051,axis4_reasoning_termination,303,0.7304887763284831
conditional-fit-0051,axis4_reasoning_termination,304,0.17343356073933208
conditional-fit-0051,axis4_reasoning_termination,305,0.001173158817649369
conditional-fit-0051,axis4_reasoning_termination,306,0.001399018798854477
conditional-fit-0051,axis4_reasoning_termination,307,0.0025072245678520043
conditional-fit-0051,axis4_reasoning_termination,308,0.1212263517132454
conditional-fit-0051,axis4_reasoning_termination,309,0.004716359987327445
conditional-fit-0051,axis4_reasoning_termination,310,0.0028017296035450427
conditional-fit-0051,axis4_reasoning_termination,311,0.0040080287986667025
conditional-fit-0051,axis4_reasoning_termination,312,0.09016162881550356
conditional-fit-0051,axis4_reasoning_termination,313,0.00011661620281803093
conditional-fit-0051,axis4_reasoning_termination,314,5.7540603186776624e-05
conditional-fit-0051,axis4_reasoning_termination,315,0.003774315086227833
conditional-fit-0051,axis4_reasoning_termination,316,0.0001397583429660242
conditional-fit-0051,axis4_reasoning_termination,317,0.00019261901534990187
conditional-fit-0051,axis4_reasoning_termination,318,0.002849475966989642
conditional-fit-0051,axis4_reasoning_termination,319,9.196922857908463e-05
conditional-fit-0051,axis4_reasoning_termination,320,0.047914922305815524
conditional-fit-0051,axis4_reasoning_termination,321,9.217628112892248e-05
conditional-fit-0051,axis4_reasoning_termination,322,0.0001162532736762982
conditional-fit-0051,axis4_reasoning_termination,323,4.377105796050571e-05
conditional-fit-0051,axis4_reasoning_termination,324,2.701988166622582e-06
conditional-fit-0051,axis4_reasoning_termination,325,4.47024735043896e-05
conditional-fit-0051,axis4_reasoning_termination,326,0.00011058020552636916
conditional-fit-0051,axis4_reasoning_termination,327,0.00037700219353413775
conditional-fit-0051,axis4_reasoning_termination,328,0.00011660424832728832
conditional-fit-0051,axis4_reasoning_termination,329,7.063563268055903e-05
conditional-fit-0051,axis4_reasoning_termination,330,7.190109619228493e-05
conditional-fit-0051,axis4_reasoning_termination,331,7.871076109777e-05
conditional-fit-0051,axis4_reasoning_termination,332,0.0007375971577371284
conditional-fit-0051,axis4_reasoning_termination,333,4.0712124578936033e-05
conditional-fit-0051,axis4_reasoning_termination,334,0.00019520451657171207
conditional-fit-0051,axis4_reasoning_termination,335,7.499907491754525e-05
conditional-fit-0051,axis4_reasoning_termination,336,1.4220452291796891e-05
conditional-fit-0051,axis4_reasoning_termination,337,6.805796649316411e-05
conditional-fit-0051,axis4_reasoning_termination,338,3.005189756435352e-05
conditional-fit-0051,axis4_reasoning_termination,339,1.6104144453726697e-05
conditional-fit-0051,axis4_reasoning_termination,340,1.3408125257201502e-07
conditional-fit-0051,axis4_reasoning_termination,341,2.4962467412587584e-06
conditional-fit-0051,axis4_reasoning_termination,342,1.908107252511904e-05
conditional-fit-0051,axis4_reasoning_termination,343,0.0001086642614397929
conditional-fit-0051,axis4_reasoning_termination,344,4.8741031498971345e-05
conditional-fit-0051,axis4_reasoning_termination,345,0.00015552395747197927
conditional-fit-0051,axis4_reasoning_termination,346,8.952585323466106e-06
conditional-fit-0051,axis4_reasoning_termination,347,1.6968427534261612e-05
conditional-fit-0051,axis4_reasoning_termination,348,0.00010629946492478231
conditional-fit-0051,axis4_reasoning_termination,349,7.264242757115383e-06
conditional-fit-0051,axis4_reasoning_termination,350,1.3052467295192224e-05
conditional-fit-0051,axis4_reasoning_termination,351,0.00023014653660479042
conditional-fit-0051,axis4_reasoning_termination,352,1.7011948393204427e-05
conditional-fit-0051,axis4_reasoning_termination,353,5.9590507041705745e-05
conditional-fit-0051,axis4_reasoning_termination,354,1.8326498692959002e-05
conditional-fit-0051,axis4_reasoning_termination,355,3.673544027695627e-05
conditional-fit-0051,axis4_reasoning_termination,356,8.584169323419961e-05
conditional-fit-0051,axis4_reasoning_termination,357,5.585555829816262e-06
conditional-fit-0051,axis4_reasoning_termination,358,1.7267784435146562e-05
conditional-fit-0051,axis4_reasoning_termination,359,9.9687318525614e-05
conditional-fit-0051,axis4_reasoning_termination,360,7.613293205157673e-05
conditional-fit-0051,axis4_reasoning_termination,361,0.00021666333530403754
conditional-fit-0051,axis4_reasoning_termination,362,7.468788241925587e-05
conditional-fit-0051,axis4_reasoning_termination,363,0.00014310770865845073
conditional-fit-0051,axis4_reasoning_termination,364,9.94906959451159e-06
conditional-fit-0051,axis4_reasoning_termination,365,0.0003007188466319346
conditional-fit-0051,axis4_reasoning_termination,366,2.4555988909824835e-06
conditional-fit-0051,axis4_reasoning_termination,367,3.940166854402819e-05
conditional-fit-0051,axis4_reasoning_termination,368,0.0017828216434127788
conditional-fit-0051,axis4_reasoning_termination,369,0.00011439907442499302
conditional-fit-0051,axis4_reasoning_termination,370,0.012432140543598712
conditional-fit-0051,axis4_reasoning_termination,371,0.007215092044755839
conditional-fit-0051,axis4_reasoning_termination,372,0.00211900337085258
conditional-fit-0051,axis4_reasoning_termination,373,0.4644241969896003
conditional-fit-0051,axis4_reasoning_termination,374,0.14067447352887033
conditional-fit-0051,axis4_reasoning_termination,375,0.0007231557367734712
conditional-fit-0051,axis4_reasoning_termination,376,0.00028580884371088645
conditional-fit-0051,axis4_reasoning_termination,377,0.0002507889911841751
conditional-fit-0051,axis4_reasoning_termination,378,0.17727015141414287
conditional-fit-0051,axis4_reasoning_termination,379,0.0002512407683459355
conditional-fit-0051,axis4_reasoning_termination,380,3.950439627829671e-06
conditional-fit-0051,axis4_reasoning_termination,381,6.432988784779023e-05
conditional-fit-0051,axis4_reasoning_termination,382,0.0010836415746056022
conditional-fit-0051,axis4_reasoning_termination,383,0.030624596047756802
conditional-fit-0051,axis4_reasoning_termination,384,0.00760587005971509
conditional-fit-0051,axis4_reasoning_termination,385,0.012281043287373753
conditional-fit-0051,axis4_reasoning_termination,386,5.633326266592184e-05
conditional-fit-0051,axis4_reasoning_termination,387,1.1997810479912306e-05
conditional-fit-0051,axis4_reasoning_termination,388,0.00404842037082125
conditional-fit-0051,axis4_reasoning_termination,389,0.002964371655575695
conditional-fit-0051,axis4_reasoning_termination,390,0.00011498664186275956
conditional-fit-0051,axis4_reasoning_termination,391,6.193349615664606e-05
conditional-fit-0051,axis4_reasoning_termination,392,0.00013976143163082913
conditional-fit-0051,axis4_reasoning_termination,393,6.517032249998665e-05
conditional-fit-0051,axis4_reasoning_termination,394,0.00016973355052875774
conditional-fit-0051,axis4_reasoning_termination,395,1.5394592587840495e-06
conditional-fit-0051,axis4_reasoning_termination,396,7.77523294030682e-06
conditional-fit-0051,axis4_reasoning_termination,397,9.433698203120861e-06
conditional-fit-0051,axis4_reasoning_termination,398,1.779237239323116e-05
conditional-fit-0051,axis4_reasoning_termination,399,1.740580623748791e-05
conditional-fit-0051,axis4_reasoning_termination,400,0.00025553950576206764
conditional-fit-0051,axis4_reasoning_termination,401,7.498663797623537e-06
conditional-fit-0051,axis4_reasoning_termination,402,3.134463402064824e-05
conditional-fit-0051,axis4_reasoning_termination,403,9.634466036341292e-07
conditional-fit-0051,axis4_reasoning_termination,404,2.4421632620136467e-05
conditional-fit-0051,axis4_reasoning_termination,405,1.1049224149290067e-05
conditional-fit-0051,axis4_reasoning_termination,406,0.0003082706778078565
conditional-fit-0051,axis4_reasoning_termination,407,0.009711581697818494
conditional-fit-0051,axis4_reasoning_termination,408,9.946746247532709e-05
conditional-fit-0051,axis4_reasoning_termination,409,0.025440222827604865
conditional-fit-0051,axis4_reasoning_termination,410,0.004560279085849591
conditional-fit-0051,axis4_reasoning_termination,411,0.008482669243442716
conditional-fit-0051,axis4_reasoning_termination,412,0.0004974573413051821
conditional-fit-0051,axis4_reasoning_termination,413,0.5621977513233408
conditional-fit-0051,axis4_reasoning_termination,414,0.01081819243964
conditional-fit-0051,axis4_reasoning_termination,415,0.000717518192698019
conditional-fit-0051,axis4_reasoning_termination,416,0.000621949355611445
conditional-fit-0051,axis4_reasoning_termination,417,0.00036796350822766635
conditional-fit-0051,axis4_reasoning_termination,418,0.08629361894420884
conditional-fit-0051,axis4_reasoning_termination,419,0.010837018714094954
conditional-fit-0051,axis4_reasoning_termination,420,0.10211075535600918
conditional-fit-0051,axis4_reasoning_termination,421,0.3807758729784516
conditional-fit-0051,axis4_reasoning_termination,422,0.0010026033666922474
conditional-fit-0051,axis4_reasoning_termination,423,0.06181266099936826
conditional-fit-0051,axis4_reasoning_termination,424,0.009511123862782665
conditional-fit-0051,axis4_reasoning_termination,425,0.05995005549200979
conditional-fit-0051,axis4_reasoning_termination,426,0.045445064853298314
conditional-fit-0051,axis4_reasoning_termination,427,0.0022450188414683747
conditional-fit-0051,axis4_reasoning_termination,428,0.000327333842269808
conditional-fit-0051,axis4_reasoning_termination,429,0.16085781275236025
conditional-fit-0051,axis4_reasoning_termination,430,0.07499074263278735
conditional-fit-0051,axis4_reasoning_termination,431,0.0340146312293904
conditional-fit-0051,axis4_reasoning_termination,432,0.1301312815812563
conditional-fit-0051,axis4_reasoning_termination,433,0.1554390701185349
conditional-fit-0051,axis4_reasoning_termination,434,0.009357727885099802
conditional-fit-0051,axis4_reasoning_termination,435,0.02681111664959957
conditional-fit-0051,axis4_reasoning_termination,436,0.00313231787847878
conditional-fit-0051,axis4_reasoning_termination,437,8.404024193909483e-05
conditional-fit-0051,axis4_reasoning_termination,438,0.0023328282128536205
conditional-fit-0051,axis4_reasoning_termination,439,0.0616120738412568
conditional-fit-0051,axis4_reasoning_termination,440,0.10058054053665776
conditional-fit-0051,axis4_reasoning_termination,441,0.008726003895253954
conditional-fit-0051,axis4_reasoning_termination,442,9.55308587403976e-06
conditional-fit-0051,axis4_reasoning_termination,443,0.0013414315102888473
conditional-fit-0051,axis4_reasoning_termination,444,0.009016666860879072
conditional-fit-0051,axis4_reasoning_termination,445,0.019408775642833505
conditional-fit-0051,axis4_reasoning_termination,446,0.012219951676007115
conditional-fit-0051,axis4_reasoning_termination,447,0.0005200943212502795
conditional-fit-0051,axis4_reasoning_termination,448,0.09947273837500442
conditional-fit-0051,axis4_reasoning_termination,449,0.00011704079278425496
conditional-fit-0051,axis4_reasoning_termination,450,0.042330132832170415
conditional-fit-0051,axis4_reasoning_termination,451,6.419234938989137e-05
conditional-fit-0051,axis4_reasoning_termination,452,7.078400162706508e-06
conditional-fit-0051,axis4_reasoning_termination,453,0.007143292183977801
conditional-fit-0051,axis4_reasoning_termination,454,0.05119723947286602
conditional-fit-0051,axis4_reasoning_termination,455,0.010230454840539721
conditional-fit-0051,axis4_reasoning_termination,456,0.00957186445735185
conditional-fit-0051,axis4_reasoning_termination,457,0.0006617894549478806
conditional-fit-0051,axis4_reasoning_termination,458,0.017016695547277742
conditional-fit-0051,axis4_reasoning_termination,459,0.006173613627031213
conditional-fit-0051,axis4_reasoning_termination,460,0.0005613003474658787
conditional-fit-0051,axis4_reasoning_termination,461,0.48667635642746576
conditional-fit-0051,axis4_reasoning_termination,462,0.02780750917505272
conditional-fit-0051,axis4_reasoning_termination,463,0.006464313610968869
conditional-fit-0051,axis4_reasoning_termination,464,0.0001047540607247346
conditional-fit-0051,axis4_reasoning_termination,465,0.0017773300527181943
conditional-fit-0051,axis4_reasoning_termination,466,0.07480284385092907
conditional-fit-0051,axis4_reasoning_termination,467,1.586954553009005e-05
conditional-fit-0051,axis4_reasoning_termination,468,0.000277307581233614
conditional-fit-0051,axis4_reasoning_termination,469,0.0012978410685370438
conditional-fit-0051,axis4_reasoning_termination,470,3.9035845388262135e-06
conditional-fit-0051,axis4_reasoning_termination,471,0.0015092100139554015
conditional-fit-0051,axis4_reasoning_termination,472,0.003301449856312384
conditional-fit-0051,axis4_reasoning_termination,473,0.0061568886429149315
conditional-fit-0051,axis4_reasoning_termination,474,0.02840338921370871
conditional-fit-0051,axis4_reasoning_termination,475,0.00020877633440590646
conditional-fit-0051,axis4_reasoning_termination,476,0.0001226395447844178
conditional-fit-0051,axis4_reasoning_termination,477,0.0017411479869058725
conditional-fit-0051,axis4_reasoning_termination,478,0.00025190827330966485
conditional-fit-0051,axis4_reasoning_termination,479,5.392766422169987e-05
conditional-fit-0051,axis4_reasoning_termination,480,0.000738976267331239
conditional-fit-0051,axis4_reasoning_termination,481,7.248253507916155e-05
conditional-fit-0051,axis4_reasoning_termination,482,0.00013526807434816192
conditional-fit-0051,axis4_reasoning_termination,483,6.075242080150728e-05
conditional-fit-0051,axis4_reasoning_termination,484,2.3448172733006257e-05
conditional-fit-0051,axis4_reasoning_termination,485,0.0003527334489655832
conditional-fit-0051,axis4_reasoning_termination,486,9.763804267775222e-05
conditional-fit-0051,axis4_reasoning_termination,487,0.0002257241061646928
conditional-fit-0051,axis4_reasoning_termination,488,0.00021961657377775906
conditional-fit-0051,axis4_reasoning_termination,489,6.067518843529271e-05
conditional-fit-0051,axis4_reasoning_termination,490,2.157440750512383e-06
conditional-fit-0051,axis4_reasoning_termination,491,3.3174481793854186e-05
conditional-fit-0051,axis4_reasoning_termination,492,0.00011013773161828874
conditional-fit-0051,axis4_reasoning_termination,493,0.0005729606596137473
conditional-fit-0051,axis4_reasoning_termination,494,5.827420085275254e-05
conditional-fit-0051,axis4_reasoning_termination,495,1.6892291985357242e-05
conditional-fit-0051,axis4_reasoning_termination,496,0.0008039675538219432
conditional-fit-0051,axis4_reasoning_termination,497,4.34959341193416e-05
conditional-fit-0051,axis4_reasoning_termination,498,0.004631499044278359
conditional-fit-0051,axis4_reasoning_termination,499,0.00016112106552933656
conditional-fit-0051,axis4_reasoning_termination,500,1.0231820977543937e-05
conditional-fit-0051,axis4_reasoning_termination,501,0.0009364529477744145
conditional-fit-0051,axis4_reasoning_termination,502,5.0093325252571454e-05
conditional-fit-0051,axis4_reasoning_termination,503,0.0011930855654758506
conditional-fit-0051,axis4_reasoning_termination,504,0.00399453317476148
conditional-fit-0051,axis4_reasoning_termination,505,0.00011750728184339085
conditional-fit-0051,axis4_reasoning_termination,506,0.014321083618560274
conditional-fit-0051,axis4_reasoning_termination,507,0.014965923302401207
conditional-fit-0051,axis4_reasoning_termination,508,0.004464857275988714
conditional-fit-0051,axis4_reasoning_termination,509,0.0012812732649985588
conditional-fit-0051,axis4_reasoning_termination,510,0.33119156795549165
conditional-fit-0051,axis4_reasoning_termination,511,0.04271736626289174
conditional-fit-0051,axis4_reasoning_termination,512,0.00012897678316821148
conditional-fit-0051,axis4_reasoning_termination,513,0.00017112794781078545
conditional-fit-0051,axis4_reasoning_termination,514,0.0005086980132823252
conditional-fit-0051,axis4_reasoning_termination,515,0.07782325631079898
conditional-fit-0051,axis4_reasoning_termination,516,0.00042505446426704095
conditional-fit-0051,axis4_reasoning_termination,517,0.00021265785965956946
conditional-fit-0051,axis4_reasoning_termination,518,0.0002861470358836659
conditional-fit-0051,axis4_reasoning_termination,519,0.0019003240945010694
conditional-fit-0051,axis4_reasoning_termination,520,0.0015619889247507968
conditional-fit-0051,axis4_reasoning_termination,521,0.025059316868117153
conditional-fit-0051,axis4_reasoning_termination,522,6.307925695797536e-05
conditional-fit-0051,axis4_reasoning_termination,523,1.8016851239382908e-05
conditional-fit-0051,axis4_reasoning_termination,524,0.0012007445443864488
conditional-fit-0051,axis4_reasoning_termination,525,0.00016304298479124992
conditional-fit-0051,axis4_reasoning_termination,526,1.9287811332930354e-05
conditional-fit-0051,axis4_reasoning_termination,527,0.00035285100050346825
conditional-fit-0051,axis4_reasoning_termination,528,3.9713333587159526e-06
conditional-fit-0051,axis4_reasoning_termination,529,5.200526509096673e-05
conditional-fit-0051,axis4_reasoning_termination,530,0.00022588533647864724
conditional-fit-0051,axis4_reasoning_termination,531,2.3326388781919437e-06
conditional-fit-0051,axis4_reasoning_termination,532,6.753654647358361e-05
conditional-fit-0051,axis4_reasoning_termination,533,0.00010545036456894917
conditional-fit-0051,axis4_reasoning_termination,534,2.0712354818381278e-05
conditional-fit-0051,axis4_reasoning_termination,535,1.5043245890019934e-06
conditional-fit-0051,axis4_reasoning_termination,536,3.65432992620059e-05
conditional-fit-0051,axis4_reasoning_termination,537,0.0004879751947043207
conditional-fit-0051,axis4_reasoning_termination,538,7.658125944558771e-05
conditional-fit-0051,axis4_reasoning_termination,539,0.00043287900202914286
conditional-fit-0051,axis4_reasoning_termination,540,7.163142554804234e-05
conditional-fit-0051,axis4_reasoning_termination,541,0.00026083364164918417
conditional-fit-0051,axis4_reasoning_termination,542,1.0832578399608972e-05
conditional-fit-0051,axis4_reasoning_termination,543,2.428773155330103e-05
conditional-fit-0051,axis4_reasoning_termination,544,4.5132817702640924e-05
conditional-fit-0051,axis4_reasoning_termination,545,0.0004531298978859314
conditional-fit-0051,axis4_reasoning_termination,546,0.00035408443940774614
conditional-fit-0051,axis4_reasoning_termination,547,0.00010063544172847146
conditional-fit-0051,axis4_reasoning_termination,548,7.146095354360524e-05
conditional-fit-0051,axis4_reasoning_termination,549,0.0005902979619429131
conditional-fit-0051,axis4_reasoning_termination,550,0.00016460029557029972
conditional-fit-0051,axis4_reasoning_termination,551,0.00019775949666955188
conditional-fit-0051,axis4_reasoning_termination,552,0.0002618724903446552
conditional-fit-0051,axis4_reasoning_termination,553,0.00034342451917325565
conditional-fit-0051,axis4_reasoning_termination,554,0.00019291722211780692
conditional-fit-0051,axis4_reasoning_termination,555,0.00013716186728840788
conditional-fit-0051,axis4_reasoning_termination,556,0.00013899147578756656
conditional-fit-0051,axis4_reasoning_termination,557,2.7832523255276375e-05
conditional-fit-0051,axis4_reasoning_termination,558,9.696408286596194e-05
conditional-fit-0051,axis4_reasoning_termination,559,6.473779130555484e-05
conditional-fit-0051,axis4_reasoning_termination,560,0.0011843347847252618
conditional-fit-0051,axis4_reasoning_termination,561,0.0003752366976917071
conditional-fit-0051,axis4_reasoning_termination,562,0.008368042121937876
conditional-fit-0051,axis4_reasoning_termination,563,0.00013709331811102314
conditional-fit-0051,axis4_reasoning_termination,564,0.07374452344403853
conditional-fit-0051,axis4_reasoning_termination,565,0.00409690449754977
conditional-fit-0051,axis4_reasoning_termination,566,0.038755213559808405
conditional-fit-0051,axis4_reasoning_termination,567,0.3047710379431542
conditional-fit-0051,axis4_reasoning_termination,568,0.008386000953483868
conditional-fit-0051,axis4_reasoning_termination,569,0.00038289667355133756
conditional-fit-0051,axis4_reasoning_termination,570,0.00010276033540695235
conditional-fit-0051,axis4_reasoning_termination,571,0.0002296451174540564
conditional-fit-0051,axis4_reasoning_termination,572,0.053357393702289105
conditional-fit-0051,axis4_reasoning_termination,573,0.00010047212203048736
conditional-fit-0051,axis4_reasoning_termination,574,5.432825707047262e-07
conditional-fit-0051,axis4_reasoning_termination,575,2.7372977736795398e-05
conditional-fit-0051,axis4_reasoning_termination,576,0.0003088104882207769
conditional-fit-0051,axis4_reasoning_termination,577,0.00202095066591558
conditional-fit-0051,axis4_reasoning_termination,578,0.009150790470868028
conditional-fit-0051,axis4_reasoning_termination,579,0.009754838091358787
conditional-fit-0051,axis4_reasoning_termination,580,4.789279323736946e-05
conditional-fit-0051,axis4_reasoning_termination,581,9.408181245904643e-06
conditional-fit-0051,axis4_reasoning_termination,582,0.0016104079689961647
conditional-fit-0051,axis4_reasoning_termination,583,0.0004288956404643334
conditional-fit-0051,axis4_reasoning_termination,584,1.2108334608930373e-05
conditional-fit-0051,axis4_reasoning_termination,585,1.24385175434648e-05
conditional-fit-0051,axis4_reasoning_termination,586,2.639193894883692e-05
conditional-fit-0051,axis4_reasoning_termination,587,9.094429201886567e-06
conditional-fit-0051,axis4_reasoning_termination,588,7.327529657457073e-05
conditional-fit-0051,axis4_reasoning_termination,589,3.023518117769207e-07
conditional-fit-0051,axis4_reasoning_termination,590,5.823986327002371e-06
conditional-fit-0051,axis4_reasoning_termination,591,1.1867155924178833e-05
conditional-fit-0051,axis4_reasoning_termination,592,1.424780798284551e-05
conditional-fit-0051,axis4_reasoning_termination,593,2.3305839499973943e-05
conditional-fit-0051,axis4_reasoning_termination,594,5.643073088093562e-05
conditional-fit-0051,axis4_reasoning_termination,595,1.5940787695753005e-05
conditional-fit-0051,axis4_reasoning_termination,596,4.024339286867118e-05
conditional-fit-0051,axis4_reasoning_termination,597,1.149968092237098e-07
conditional-fit-0051,axis4_reasoning_termination,598,1.9908748598575367e-05
conditional-fit-0051,axis4_reasoning_termination,599,8.100762805531506e-05
conditional-fit-0051,axis4_reasoning_termination,600,1.5275555461782864e-05
conditional-fit-0051,axis4_reasoning_termination,601,0.0015420013890387945
conditional-fit-0051,axis4_reasoning_termination,602,7.41732057861924e-05
conditional-fit-0051,axis4_reasoning_termination,603,0.019224773811865797
conditional-fit-0051,axis4_reasoning_termination,604,0.00487000559374642
conditional-fit-0051,axis4_reasoning_termination,605,0.00035887618214600265
conditional-fit-0051,axis4_reasoning_termination,606,0.3577233989409099
conditional-fit-0051,axis4_reasoning_termination,607,0.014041760201484049
conditional-fit-0051,axis4_reasoning_termination,608,5.9697241929967455e-05
conditional-fit-0051,axis4_reasoning_termination,609,0.00010370251685393284
conditional-fit-0051,axis4_reasoning_termination,610,0.0002579140597336825
conditional-fit-0051,axis4_reasoning_termination,611,0.03489628670938694
conditional-fit-0051,axis4_reasoning_termination,612,4.19633841821135e-05
conditional-fit-0051,axis4_reasoning_termination,613,2.0009599187287895e-07
conditional-fit-0051,axis4_reasoning_termination,614,2.6222723543569948e-05
conditional-fit-0051,axis4_reasoning_termination,615,0.0001370119248752644
conditional-fit-0051,axis4_reasoning_termination,616,0.002008032697672443
conditional-fit-0051,axis4_reasoning_termination,617,0.0023273614787336985
conditional-fit-0051,axis4_reasoning_termination,618,0.021111137304715852
conditional-fit-0051,axis4_reasoning_termination,619,1.4669449291792538e-05
conditional-fit-0051,axis4_reasoning_termination,620,8.96292730796343e-06
conditional-fit-0051,axis4_reasoning_termination,621,0.0004840562197033244
conditional-fit-0051,axis4_reasoning_termination,622,0.00010331535542647472
conditional-fit-0051,axis4_reasoning_termination,623,7.926813328031771e-06
conditional-fit-0051,axis4_reasoning_termination,624,4.39161141036556e-05
conditional-fit-0051,axis4_reasoning_termination,625,1.873519029901792e-05
conditional-fit-0051,axis4_reasoning_termination,626,3.4159965196572084e-06
conditional-fit-0051,axis4_reasoning_termination,627,2.2539403063073293e-05
conditional-fit-0051,axis4_reasoning_termination,628,2.3648389967143036e-07
conditional-fit-0051,axis4_reasoning_termination,629,1.7569813366673914e-06
conditional-fit-0051,axis4_reasoning_termination,630,5.066240334715791e-06
conditional-fit-0051,axis4_reasoning_termination,631,4.4871873545654645e-06
conditional-fit-0051,axis4_reasoning_termination,632,1.7631496348289365e-05
conditional-fit-0051,axis4_reasoning_termination,633,1.1483441180019402e-05
conditional-fit-0051,axis4_reasoning_termination,634,5.086102815841148e-06
conditional-fit-0051,axis4_reasoning_termination,635,8.758637207626841e-05
conditional-fit-0051,axis4_reasoning_termination,636,3.502333912404345e-07
conditional-fit-0051,axis4_reasoning_termination,637,1.3362367712972091e-05
conditional-fit-0051,axis4_reasoning_termination,638,0.00019206956877292712
conditional-fit-0051,axis4_reasoning_termination,639,3.908372757913389e-05
conditional-fit-0051,axis4_reasoning_termination,640,0.0031333705549885754
conditional-fit-0051,axis4_reasoning_termination,641,6.855324884036039e-05
conditional-fit-0051,axis4_reasoning_termination,642,0.018435012512447835
conditional-fit-0051,axis4_reasoning_termination,643,0.0019963393481222296
conditional-fit-0051,axis4_reasoning_termination,644,6.764992713126959e-05
conditional-fit-0051,axis4_reasoning_termination,645,0.26958519001036
conditional-fit-0051,axis4_reasoning_termination,646,0.0165373719228682
conditional-fit-0051,axis4_reasoning_termination,647,3.6247309031708955e-05
conditional-fit-0051,axis4_reasoning_termination,648,5.330344647301038e-05
conditional-fit-0051,axis4_reasoning_termination,649,0.00019106292914301424
conditional-fit-0051,axis4_reasoning_termination,650,0.03202584206237564
conditional-fit-0051,axis4_reasoning_termination,651,3.052230070781151e-06
conditional-fit-0051,axis4_reasoning_termination,652,9.337263325984615e-05
conditional-fit-0051,axis4_reasoning_termination,653,0.00016724468113502294
conditional-fit-0051,axis4_reasoning_termination,654,8.402167563814751e-07
conditional-fit-0051,axis4_reasoning_termination,655,0.0002700214650667889
conditional-fit-0051,axis4_reasoning_termination,656,0.0004046626991932174
conditional-fit-0051,axis4_reasoning_termination,657,0.001222181991277472
conditional-fit-0051,axis4_reasoning_termination,658,0.01598251442353052
conditional-fit-0051,axis4_reasoning_termination,659,1.945913025978982e-05
conditional-fit-0051,axis4_reasoning_termination,660,1.026308483088471e-05
conditional-fit-0051,axis4_reasoning_termination,661,0.0004198071505859638
conditional-fit-0051,axis4_reasoning_termination,662,4.2432964524719855e-05
conditional-fit-0051,axis4_reasoning_termination,663,1.1393735334775234e-05
conditional-fit-0051,axis4_reasoning_termination,664,3.320688678867344e-05
conditional-fit-0051,axis4_reasoning_termination,665,1.7531305849936332e-05
conditional-fit-0051,axis4_reasoning_termination,666,1.7227789946002064e-05
conditional-fit-0051,axis4_reasoning_termination,667,2.7616418829766592e-05
conditional-fit-0051,axis4_reasoning_termination,668,7.894841934821712e-06
conditional-fit-0051,axis4_reasoning_termination,669,3.039802657673587e-06
conditional-fit-0051,axis4_reasoning_termination,670,2.0726883544184167e-05
conditional-fit-0051,axis4_reasoning_termination,671,1.4607520124698596e-05
conditional-fit-0051,axis4_reasoning_termination,672,4.664896247597647e-05
conditional-fit-0051,axis4_reasoning_termination,673,8.5735674205743e-05
conditional-fit-0051,axis4_reasoning_termination,674,3.210963549226045e-05
conditional-fit-0051,axis4_reasoning_termination,675,2.857585793064088e-06
conditional-fit-0051,axis4_reasoning_termination,676,1.2525012156872107e-05
conditional-fit-0051,axis4_reasoning_termination,677,1.9465503364545935e-05
conditional-fit-0051,axis4_reasoning_termination,678,4.310459193663003e-06
conditional-fit-0051,axis4_reasoning_termination,679,1.440353704718253e-06
conditional-fit-0051,axis4_reasoning_termination,680,8.412469830489044e-05
conditional-fit-0051,axis4_reasoning_termination,681,3.2740038356899676e-06
conditional-fit-0051,axis4_reasoning_termination,682,4.2608519987514645e-05
conditional-fit-0051,axis4_reasoning_termination,683,3.0707390728487274e-06
conditional-fit-0051,axis4_reasoning_termination,684,3.033259934605735e-06
conditional-fit-0051,axis4_reasoning_termination,685,7.079119133536378e-05
conditional-fit-0051,axis4_reasoning_termination,686,6.004730643334572e-06
conditional-fit-0051,axis4_reasoning_termination,687,4.594335604246468e-05
conditional-fit-0051,axis4_reasoning_termination,688,0.0022339256407019155
conditional-fit-0051,axis4_reasoning_termination,689,5.9491339787688786e-05
conditional-fit-0051,axis4_reasoning_termination,690,0.021257484102025548
conditional-fit-0051,axis4_reasoning_termination,691,0.0038852472928256453
conditional-fit-0051,axis4_reasoning_termination,692,0.003007192801184057
conditional-fit-0051,axis4_reasoning_termination,693,0.236212743136471
conditional-fit-0051,axis4_reasoning_termination,694,0.004714281030586267
conditional-fit-0051,axis4_reasoning_termination,695,0.00014886858749606633
conditional-fit-0051,axis4_reasoning_termination,696,3.254274692094943e-05
conditional-fit-0051,axis4_reasoning_termination,697,6.156244051298284e-05
conditional-fit-0051,axis4_reasoning_termination,698,0.02497785993068679
conditional-fit-0051,axis4_reasoning_termination,699,0.00020141301994311585
conditional-fit-0051,axis4_reasoning_termination,700,0.0014923013652515897
conditional-fit-0051,axis4_reasoning_termination,701,0.0013316798718029333
conditional-fit-0051,axis4_reasoning_termination,702,0.007049725933398077
conditional-fit-0051,axis4_reasoning_termination,703,6.882205316097452e-06
conditional-fit-0051,axis4_reasoning_termination,704,5.176544186486413e-06
conditional-fit-0051,axis4_reasoning_termination,705,0.0006616889113997526
conditional-fit-0051,axis4_reasoning_termination,706,1.2505122159757535e-06
conditional-fit-0051,axis4_reasoning_termination,707,3.2945125836434634e-06
conditional-fit-0051,axis4_reasoning_termination,708,1.7754259868709044e-05
conditional-fit-0051,axis4_reasoning_termination,709,2.0124416395975533e-06
conditional-fit-0051,axis4_reasoning_termination,710,5.641370359080486e-05
conditional-fit-0051,axis4_reasoning_termination,711,8.81539321499679e-06
conditional-fit-0051,axis4_reasoning_termination,712,2.56391479599936e-05
conditional-fit-0051,axis4_reasoning_termination,713,9.996513612351048e-06
conditional-fit-0051,axis4_reasoning_termination,714,2.8186776006263135e-08
conditional-fit-0051,axis4_reasoning_termination,715,2.2278310251457838e-05
conditional-fit-0051,axis4_reasoning_termination,716,1.5978892403338245e-06
conditional-fit-0051,axis4_reasoning_termination,717,5.936915591560997e-06
conditional-fit-0051,axis4_reasoning_termination,718,5.687159628807226e-06
conditional-fit-0051,axis4_reasoning_termination,719,5.731704309883847e-05
conditional-fit-0051,axis4_reasoning_termination,720,2.597523775016739e-05
conditional-fit-0051,axis4_reasoning_termination,721,2.3581967504927966e-06
conditional-fit-0051,axis4_reasoning_termination,722,9.736487328417345e-06
conditional-fit-0051,axis4_reasoning_termination,723,3.0440916406383236e-06
conditional-fit-0051,axis4_reasoning_termination,724,8.290388477416517e-06
conditional-fit-0051,axis4_reasoning_termination,725,2.7646777220645982e-05
conditional-fit-0051,axis4_reasoning_termination,726,6.995697640638616e-06
conditional-fit-0051,axis4_reasoning_termination,727,5.6440511968938e-06
conditional-fit-0051,axis4_reasoning_termination,728,1.9466278529138406e-05
conditional-fit-0051,axis4_reasoning_termination,729,1.7800090027990053e-06
conditional-fit-0051,axis4_reasoning_termination,730,5.247806891631344e-07
conditional-fit-0051,axis4_reasoning_termination,731,2.9968436252503525e-06
conditional-fit-0051,axis4_reasoning_termination,732,6.441907363930782e-06
conditional-fit-0051,axis4_reasoning_termination,733,9.000417291916155e-06
conditional-fit-0051,axis4_reasoning_termination,734,1.130574526598117e-06
conditional-fit-0051,axis4_reasoning_termination,735,1.4664082395360538e-05
conditional-fit-0051,axis4_reasoning_termination,736,3.6909346624741862e-06
conditional-fit-0051,axis4_reasoning_termination,737,2.5354690245563385e-05
conditional-fit-0051,axis4_reasoning_termination,738,1.9084533511773234e-05
conditional-fit-0051,axis4_reasoning_termination,739,2.370796296024575e-06
conditional-fit-0051,axis4_reasoning_termination,740,2.6870962809579296e-06
conditional-fit-0051,axis4_reasoning_termination,741,2.775418842893922e-05
conditional-fit-0051,axis4_reasoning_termination,742,5.766535086143764e-07
conditional-fit-0051,axis4_reasoning_termination,743,2.037490573588175e-06
conditional-fit-0051,axis4_reasoning_termination,744,9.883217349329644e-07
conditional-fit-0051,axis4_reasoning_termination,745,4.031276241002936e-06
conditional-fit-0051,axis4_reasoning_termination,746,7.155453734593475e-06
conditional-fit-0051,axis4_reasoning_termination,747,3.7958983611979023e-06
conditional-fit-0051,axis4_reasoning_termination,748,9.721165005590573e-07
conditional-fit-0051,axis4_reasoning_termination,749,2.9941374049312886e-05
conditional-fit-0051,axis4_reasoning_termination,750,1.3009756329957719e-05
conditional-fit-0051,axis4_reasoning_termination,751,1.3273974743641235e-06
conditional-fit-0051,axis4_reasoning_termination,752,4.969081602491375e-06
conditional-fit-0051,axis4_reasoning_termination,753,3.4977038698868424e-05
conditional-fit-0051,axis4_reasoning_termination,754,2.6406676792084893e-06
conditional-fit-0051,axis4_reasoning_termination,755,8.46933465941582e-05
conditional-fit-0051,axis4_reasoning_termination,756,8.358424751279088e-07
conditional-fit-0051,axis4_reasoning_termination,757,4.999428756426056e-05
conditional-fit-0051,axis4_reasoning_termination,758,0.0018226016892334447
conditional-fit-0051,axis4_reasoning_termination,759,0.00014051932987934522
conditional-fit-0051,axis4_reasoning_termination,760,0.022346930449933945
conditional-fit-0051,axis4_reasoning_termination,761,0.0034278175275371196
conditional-fit-0051,axis4_reasoning_termination,762,0.00016071597519063286
conditional-fit-0051,axis4_reasoning_termination,763,0.3366304380209657
conditional-fit-0051,axis4_reasoning_termination,764,0.006423405875559035
conditional-fit-0051,axis4_reasoning_termination,765,0.00012895629905424182
conditional-fit-0051,axis4_reasoning_termination,766,2.6420235799731237e-05
conditional-fit-0051,axis4_reasoning_termination,767,8.945369950421132e-05
conditional-fit-0051,axis4_reasoning_termination,768,0.013767959440329663
conditional-fit-0051,axis4_reasoning_termination,769,0.00033363779468551137
conditional-fit-0051,axis4_reasoning_termination,770,0.002106533877636356
conditional-fit-0051,axis4_reasoning_termination,771,0.00028819353185903225
conditional-fit-0051,axis4_reasoning_termination,772,0.010504634558667887
conditional-fit-0051,axis4_reasoning_termination,773,8.368361908368869e-06
conditional-fit-0051,axis4_reasoning_termination,774,2.8409406875940675e-06
conditional-fit-0051,axis4_reasoning_termination,775,0.0001575887636307472
conditional-fit-0051,axis4_reasoning_termination,776,1.6868669061143278e-06
conditional-fit-0051,axis4_reasoning_termination,777,2.202692371217375e-06
conditional-fit-0051,axis4_reasoning_termination,778,2.498629322050424e-05
conditional-fit-0051,axis4_reasoning_termination,779,8.661166369469349e-06
conditional-fit-0051,axis4_reasoning_termination,780,2.7514065150910357e-05
conditional-fit-0051,axis4_reasoning_termination,781,6.191756146603972e-06
conditional-fit-0051,axis4_reasoning_termination,782,3.366393068105509e-06
conditional-fit-0051,axis4_reasoning_termination,783,7.8235593367552e-06
conditional-fit-0051,axis4_reasoning_termination,784,4.556405650986147e-06
conditional-fit-0051,axis4_reasoning_termination,785,4.705414314810387e-06
conditional-fit-0051,axis4_reasoning_termination,786,2.725317052981078e-06
conditional-fit-0051,axis4_reasoning_termination,787,1.2692521806438278e-05
conditional-fit-0051,axis4_reasoning_termination,788,1.2838622633285394e-05
conditional-fit-0051,axis4_reasoning_termination,789,2.897650800964899e-06
conditional-fit-0051,axis4_reasoning_termination,790,3.232970168061504e-05
conditional-fit-0051,axis4_reasoning_termination,791,2.439008266128822e-06
conditional-fit-0051,axis4_reasoning_termination,792,7.018714158307169e-06
conditional-fit-0051,axis4_reasoning_termination,793,1.0337885601922737e-06
conditional-fit-0051,axis4_reasoning_termination,794,3.4230902099785025e-05
conditional-fit-0051,axis4_reasoning_termination,795,3.163321980483577e-06
conditional-fit-0051,axis4_reasoning_termination,796,1.8636671249320954e-06
conditional-fit-0051,axis4_reasoning_termination,797,1.8819068275144135e-05
conditional-fit-0051,axis4_reasoning_termination,798,3.0213902040349618e-05
conditional-fit-0051,axis4_reasoning_termination,799,7.698000009308111e-07
conditional-fit-0051,axis4_reasoning_termination,800,9.788849430296008e-06
conditional-fit-0051,axis4_reasoning_termination,801,6.312688904622563e-07
conditional-fit-0051,axis4_reasoning_termination,802,4.949557497172302e-06
conditional-fit-0051,axis4_reasoning_termination,803,1.1342920919039232e-05
conditional-fit-0051,axis4_reasoning_termination,804,4.508420368889469e-06
conditional-fit-0051,axis4_reasoning_termination,805,2.3864874515190627e-05
conditional-fit-0051,axis4_reasoning_termination,806,4.663559096794601e-06
conditional-fit-0051,axis4_reasoning_termination,807,2.4729448925499517e-06
conditional-fit-0051,axis4_reasoning_termination,808,8.423351836429158e-06
conditional-fit-0051,axis4_reasoning_termination,809,3.0186183494598116e-06
conditional-fit-0051,axis4_reasoning_termination,810,2.16673014675268e-05
conditional-fit-0051,axis4_reasoning_termination,811,2.1551731415776338e-05
conditional-fit-0051,axis4_reasoning_termination,812,3.2495387490062674e-06
conditional-fit-0051,axis4_reasoning_termination,813,1.6904415362396085e-05
conditional-fit-0051,axis4_reasoning_termination,814,1.7809546056130136e-06
conditional-fit-0051,axis4_reasoning_termination,815,1.655594428282932e-05
conditional-fit-0051,axis4_reasoning_termination,816,6.516509448001129e-06
conditional-fit-0051,axis4_reasoning_termination,817,3.9194120644052644e-06
conditional-fit-0051,axis4_reasoning_termination,818,1.9934077393676797e-06
conditional-fit-0051,axis4_reasoning_termination,819,3.964174475641066e-05
conditional-fit-0051,axis4_reasoning_termination,820,1.270280502809717e-05
conditional-fit-0051,axis4_reasoning_termination,821,8.685792338864108e-06
conditional-fit-0051,axis4_reasoning_termination,822,2.645853685607181e-06
conditional-fit-0051,axis4_reasoning_termination,823,3.880920935498993e-06
conditional-fit-0051,axis4_reasoning_termination,824,1.39272706760209e-06
conditional-fit-0051,axis4_reasoning_termination,825,7.187738257562986e-05
conditional-fit-0051,axis4_reasoning_termination,826,7.128846336204563e-07
conditional-fit-0051,axis4_reasoning_termination,827,1.3293097261309412e-05
conditional-fit-0051,axis4_reasoning_termination,828,0.0001955521709526612
conditional-fit-0051,axis4_reasoning_termination,829,9.14812768931647e-05
conditional-fit-0051,axis4_reasoning_termination,830,0.025596116453442216
conditional-fit-0051,axis4_reasoning_termination,831,0.001997084155143207
conditional-fit-0051,axis4_reasoning_termination,832,0.0004867990790731628
conditional-fit-0051,axis4_reasoning_termination,833,0.3395900919487459
conditional-fit-0051,axis4_reasoning_termination,834,0.002884981477965986
conditional-fit-0051,axis4_reasoning_termination,835,0.00016350891022461262
conditional-fit-0051,axis4_reasoning_termination,836,4.5955336003086035e-05
conditional-fit-0051,axis4_reasoning_termination,837,0.00020904100238155576
conditional-fit-0051,axis4_reasoning_termination,838,0.005038872340112793
conditional-fit-0051,axis4_reasoning_termination,839,0.00022690666137832507
conditional-fit-0051,axis4_reasoning_termination,840,0.0023953192595677847
conditional-fit-0051,axis4_reasoning_termination,841,0.0006602153171426806
conditional-fit-0051,axis4_reasoning_termination,842,0.006641679256694716
conditional-fit-0051,axis4_reasoning_termination,843,2.015012378680161e-05
conditional-fit-0051,axis4_reasoning_termination,844,6.4559446906086216e-06
conditional-fit-0051,axis4_reasoning_termination,845,0.00012924700148983227
conditional-fit-0051,axis4_reasoning_termination,846,1.3810401258281642e-06
conditional-fit-0051,axis4_reasoning_termination,847,2.2338124645030114e-06
conditional-fit-0051,axis4_reasoning_termination,848,2.469625622871109e-05
conditional-fit-0051,axis4_reasoning_termination,849,2.2374115966713436e-06
conditional-fit-0051,axis4_reasoning_termination,850,6.754346537644196e-05
conditional-fit-0051,axis4_reasoning_termination,851,4.1623787193641616e-05
conditional-fit-0051,axis4_reasoning_termination,852,1.2901059528724402e-05
conditional-fit-0051,axis4_reasoning_termination,853,4.366421859850746e-06
conditional-fit-0051,axis4_reasoning_termination,854,5.059995957281216e-06
conditional-fit-0051,axis4_reasoning_termination,855,2.5669949729894507e-06
conditional-fit-0051,axis4_reasoning_termination,856,2.1012314893265185e-07
conditional-fit-0051,axis4_reasoning_termination,857,2.7442957471288346e-06
conditional-fit-0051,axis4_reasoning_termination,858,2.2893822032623506e-05
conditional-fit-0051,axis4_reasoning_termination,859,9.522911475065838e-06
conditional-fit-0051,axis4_reasoning_termination,860,4.467718746245614e-06
conditional-fit-0051,axis4_reasoning_termination,861,1.2517263082637057e-06
conditional-fit-0051,axis4_reasoning_termination,862,1.8308968786954834e-05
conditional-fit-0051,axis4_reasoning_termination,863,8.48054437119183e-07
conditional-fit-0051,axis4_reasoning_termination,864,1.0552182649857202e-05
conditional-fit-0051,axis4_reasoning_termination,865,7.567504903161186e-06
conditional-fit-0051,axis4_reasoning_termination,866,3.910782106957436e-06
conditional-fit-0051,axis4_reasoning_termination,867,7.063379696454818e-06
conditional-fit-0051,axis4_reasoning_termination,868,1.2232950168684705e-05
conditional-fit-0051,axis4_reasoning_termination,869,1.140620572116389e-06
conditional-fit-0051,axis4_reasoning_termination,870,2.2452885027042714e-06
conditional-fit-0051,axis4_reasoning_termination,871,1.2636130671710699e-06
conditional-fit-0051,axis4_reasoning_termination,872,8.227307854717002e-06
conditional-fit-0051,axis4_reasoning_termination,873,6.317174173776657e-06
conditional-fit-0051,axis4_reasoning_termination,874,5.754851788544905e-06
conditional-fit-0051,axis4_reasoning_termination,875,1.7581703646355873e-05
conditional-fit-0051,axis4_reasoning_termination,876,2.581612876070927e-06
conditional-fit-0051,axis4_reasoning_termination,877,3.2147388542905294e-06
conditional-fit-0051,axis4_reasoning_termination,878,1.5749359662390583e-05
conditional-fit-0051,axis4_reasoning_termination,879,2.7013021844168124e-06
conditional-fit-0051,axis4_reasoning_termination,880,1.1114420497277029e-05
conditional-fit-0051,axis4_reasoning_termination,881,1.250900106433977e-05
conditional-fit-0051,axis4_reasoning_termination,882,1.0531037380908116e-06
conditional-fit-0051,axis4_reasoning_termination,883,7.393377745703777e-06
conditional-fit-0051,axis4_reasoning_termination,884,3.5997858097376644e-06
conditional-fit-0051,axis4_reasoning_termination,885,2.073442156868841e-06
conditional-fit-0051,axis4_reasoning_termination,886,1.7310107606016595e-05
conditional-fit-0051,axis4_reasoning_termination,887,3.5532356087312344e-06
conditional-fit-0051,axis4_reasoning_termination,888,1.7025126546362788e-06
conditional-fit-0051,axis4_reasoning_termination,889,2.1276003898098306e-05
conditional-fit-0051,axis4_reasoning_termination,890,8.25465280549121e-06
conditional-fit-0051,axis4_reasoning_termination,891,4.040002108513769e-06
conditional-fit-0051,axis4_reasoning_termination,892,1.984771896929758e-06
conditional-fit-0051,axis4_reasoning_termination,893,5.758716739054969e-05
conditional-fit-0051,axis4_reasoning_termination,894,6.47522786224752e-07
conditional-fit-0051,axis4_reasoning_termination,895,4.975417085616347e-05
conditional-fit-0051,axis4_reasoning_termination,896,1.3777105121323662e-06
conditional-fit-0051,axis4_reasoning_termination,897,6.646587317317592e-06
conditional-fit-0051,axis4_reasoning_termination,898,0.0012655555948366455
conditional-fit-0051,axis4_reasoning_termination,899,7.694868146091048e-05
conditional-fit-0051,axis4_reasoning_termination,900,0.014638203427578503
conditional-fit-0051,axis4_reasoning_termination,901,0.007328117329109476
conditional-fit-0051,axis4_reasoning_termination,902,0.02269887403267068
conditional-fit-0051,axis4_reasoning_termination,903,0.004739427102552841
conditional-fit-0051,axis4_reasoning_termination,904,0.2843616916306336
conditional-fit-0051,axis4_reasoning_termination,905,0.004568025608982169
conditional-fit-0051,axis4_reasoning_termination,906,0.00010594969563384308
conditional-fit-0051,axis4_reasoning_termination,907,1.6016842599286954e-05
conditional-fit-0051,axis4_reasoning_termination,908,2.6599814354202013e-05
conditional-fit-0051,axis4_reasoning_termination,909,0.017251544653884898
conditional-fit-0051,axis4_reasoning_termination,910,0.00013881669780983167
conditional-fit-0051,axis4_reasoning_termination,911,0.0022157270697447887
conditional-fit-0051,axis4_reasoning_termination,912,0.001375695629725625
conditional-fit-0051,axis4_reasoning_termination,913,0.009690861684601622
conditional-fit-0051,axis4_reasoning_termination,914,8.016723262571276e-06
conditional-fit-0051,axis4_reasoning_termination,915,6.3944878768879785e-06
conditional-fit-0051,axis4_reasoning_termination,916,0.00014056939837014438
conditional-fit-0051,axis4_reasoning_termination,917,1.5614871306938658e-06
conditional-fit-0051,axis4_reasoning_termination,918,1.1076110753118905e-06
conditional-fit-0051,axis4_reasoning_termination,919,1.2413395257632979e-05
conditional-fit-0051,axis4_reasoning_termination,920,1.993914605948996e-06
conditional-fit-0051,axis4_reasoning_termination,921,2.4524358641444184e-05
conditional-fit-0051,axis4_reasoning_termination,922,1.1216042014373692e-05
conditional-fit-0051,axis4_reasoning_termination,923,1.1502589984293522e-05
conditional-fit-0051,axis4_reasoning_termination,924,1.2953783698126381e-05
conditional-fit-0051,axis4_reasoning_termination,925,6.877031822784414e-07
conditional-fit-0051,axis4_reasoning_termination,926,4.605525600245285e-06
conditional-fit-0051,axis4_reasoning_termination,927,7.665761463725372e-07
conditional-fit-0051,axis4_reasoning_termination,928,2.118849700878446e-05
conditional-fit-0051,axis4_reasoning_termination,929,7.4178131752889725e-06
conditional-fit-0051,axis4_reasoning_termination,930,9.181443509097675e-06
conditional-fit-0051,axis4_reasoning_termination,931,3.2373207508365852e-06
conditional-fit-0051,axis4_reasoning_termination,932,1.7881278437789452e-06
conditional-fit-0051,axis4_reasoning_termination,933,6.810621190518599e-05
conditional-fit-0051,axis4_reasoning_termination,934,8.298606121857248e-07
conditional-fit-0051,axis4_reasoning_termination,935,1.0984325672740995e-05
conditional-fit-0051,axis4_reasoning_termination,936,6.421543073138596e-05
conditional-fit-0051,axis4_reasoning_termination,937,3.982406870157471e-06
conditional-fit-0051,axis4_reasoning_termination,938,3.6149027898036443e-06
conditional-fit-0051,axis4_reasoning_termination,939,1.881262970918298e-05
conditional-fit-0051,axis4_reasoning_termination,940,1.5777961438006272e-06
conditional-fit-0051,axis4_reasoning_termination,941,1.612519119886893e-05
conditional-fit-0051,axis4_reasoning_termination,942,1.1017236508769402e-06
conditional-fit-0051,axis4_reasoning_termination,943,2.4946645563877472e-05
conditional-fit-0051,axis4_reasoning_termination,944,7.167113388447251e-06
conditional-fit-0051,axis4_reasoning_termination,945,3.872312170621429e-06
conditional-fit-0051,axis4_reasoning_termination,946,1.308515981934645e-05
conditional-fit-0051,axis4_reasoning_termination,947,5.433314170115576e-06
conditional-fit-0051,axis4_reasoning_termination,948,3.626387589108293e-06
conditional-fit-0051,axis4_reasoning_termination,949,6.8832570494981945e-06
conditional-fit-0051,axis4_reasoning_termination,950,4.858791190229404e-06
conditional-fit-0051,axis4_reasoning_termination,951,2.151617606841643e-06
conditional-fit-0051,axis4_reasoning_termination,952,4.374500713463307e-06
conditional-fit-0051,axis4_reasoning_termination,953,7.041305229022748e-07
conditional-fit-0051,axis4_reasoning_termination,954,2.896230151164552e-06
conditional-fit-0051,axis4_reasoning_termination,955,1.0540179915304228e-05
conditional-fit-0051,axis4_reasoning_termination,956,8.715000341347238e-06
conditional-fit-0051,axis4_reasoning_termination,957,6.917565804262762e-06
conditional-fit-0051,axis4_reasoning_termination,958,2.2952318898002814e-06
conditional-fit-0051,axis4_reasoning_termination,959,5.148724384759151e-06
conditional-fit-0051,axis4_reasoning_termination,960,1.151010070131992e-05
conditional-fit-0051,axis4_reasoning_termination,961,3.5814287576761078e-06
conditional-fit-0051,axis4_reasoning_termination,962,1.8815057674690916e-05
conditional-fit-0051,axis4_reasoning_termination,963,3.41946644451995e-06
conditional-fit-0051,axis4_reasoning_termination,964,1.1258936325650726e-05
conditional-fit-0051,axis4_reasoning_termination,965,1.4203788805506362e-06
conditional-fit-0051,axis4_reasoning_termination,966,1.5220903799037276e-05
conditional-fit-0051,axis4_reasoning_termination,967,1.0655326245407687e-06
conditional-fit-0051,axis4_reasoning_termination,968,7.342154291059712e-06
conditional-fit-0051,axis4_reasoning_termination,969,0.0005730656633448268
conditional-fit-0051,axis4_reasoning_termination,970,5.751997594048019e-05
conditional-fit-0051,axis4_reasoning_termination,971,0.014637455947921544
conditional-fit-0051,axis4_reasoning_termination,972,0.05190881035898556
conditional-fit-0051,axis4_reasoning_termination,973,0.0014207592143089245
conditional-fit-0051,axis4_reasoning_termination,974,0.21787757264360388
conditional-fit-0051,axis4_reasoning_termination,975,0.0009709946770828129
conditional-fit-0051,axis4_reasoning_termination,976,0.000190634215175914
conditional-fit-0051,axis4_reasoning_termination,977,2.6276472121095315e-05
conditional-fit-0051,axis4_reasoning_termination,978,3.1572742738931694e-05
conditional-fit-0051,axis4_reasoning_termination,979,0.008496298417432137
conditional-fit-0051,axis4_reasoning_termination,980,3.40629183381973e-05
conditional-fit-0051,axis4_reasoning_termination,981,3.381791075845747e-07
conditional-fit-0051,axis4_reasoning_termination,982,4.432131338559732e-06
conditional-fit-0051,axis4_reasoning_termination,983,8.695703628704211e-05
conditional-fit-0051,axis4_reasoning_termination,984,0.0016034041912891188
conditional-fit-0051,axis4_reasoning_termination,985,0.0008185422617364113
conditional-fit-0051,axis4_reasoning_termination,986,0.006402060183625589
conditional-fit-0051,axis4_reasoning_termination,987,6.023319131359344e-06
conditional-fit-0051,axis4_reasoning_termination,988,1.8297089196812977e-06
conditional-fit-0051,axis4_reasoning_termination,989,0.00013140360338171692
conditional-fit-0051,axis4_reasoning_termination,990,7.4875334868948755e-06
conditional-fit-0051,axis4_reasoning_termination,991,1.3088895241790602e-06
conditional-fit-0051,axis4_reasoning_termination,992,2.8805634943816903e-06
conditional-fit-0051,axis4_reasoning_termination,993,9.562023972763806e-06
conditional-fit-0051,axis4_reasoning_termination,994,1.1711976202386265e-06
conditional-fit-0051,axis4_reasoning_termination,995,1.2613788012976651e-05
conditional-fit-0051,axis4_reasoning_termination,996,1.1836842091572005e-07
conditional-fit-0051,axis4_reasoning_termination,997,1.253784727102379e-06
conditional-fit-0051,axis4_reasoning_termination,998,1.4643036488064999e-06
conditional-fit-0051,axis4_reasoning_termination,999,1.3162411494566849e-05
conditional-fit-0051,axis4_reasoning_termination,1000,3.6964012024523306e-06
conditional-fit-0051,axis4_reasoning_termination,1001,2.577848113451e-06
conditional-fit-0051,axis4_reasoning_termination,1002,6.644488916961179e-06
conditional-fit-0051,axis4_reasoning_termination,1003,7.522237791276705e-06
conditional-fit-0051,axis4_reasoning_termination,1004,3.572683502603392e-07
conditional-fit-0051,axis4_reasoning_termination,1005,4.500392694613781e-06
conditional-fit-0051,axis4_reasoning_termination,1006,8.920849977919632e-05
conditional-fit-0051,axis4_reasoning_termination,1007,1.0747010906466875e-05
conditional-fit-0051,axis4_reasoning_termination,1008,0.0004035762073818054
conditional-fit-0051,axis4_reasoning_termination,1009,7.205611353030709e-05
conditional-fit-0051,axis4_reasoning_termination,1010,0.00457126657019618
conditional-fit-0051,axis4_reasoning_termination,1011,0.004712362386536162
conditional-fit-0051,axis4_reasoning_termination,1012,0.09168284536428065
conditional-fit-0051,axis4_reasoning_termination,1013,9.677939722504043e-05
conditional-fit-0051,axis4_reasoning_termination,1014,0.23114790713822517
conditional-fit-0051,axis4_reasoning_termination,1015,0.0016787598423462066
conditional-fit-0051,axis4_reasoning_termination,1016,0.00019095158115655064
conditional-fit-0051,axis4_reasoning_termination,1017,3.266273317986626e-05
conditional-fit-0051,axis4_reasoning_termination,1018,2.7199906057920513e-05
conditional-fit-0051,axis4_reasoning_termination,1019,0.009523454161000167
conditional-fit-0051,axis4_reasoning_termination,1020,9.52912720160046e-05
conditional-fit-0051,axis4_reasoning_termination,1021,0.000279313415005095
conditional-fit-0051,axis4_reasoning_termination,1022,0.0005842294333468425
conditional-fit-0051,axis4_reasoning_termination,1023,0.004174960026040141
conditional-fit-0051,axis4_reasoning_termination,1024,9.529864016993192e-06
conditional-fit-0051,axis4_reasoning_termination,1025,5.337375396634239e-06
conditional-fit-0051,axis4_reasoning_termination,1026,6.939266669418653e-05
conditional-fit-0051,axis4_reasoning_termination,1027,1.2680051066557406e-06
conditional-fit-0051,axis4_reasoning_termination,1028,1.4563182242946973e-06
conditional-fit-0051,axis4_reasoning_termination,1029,7.419515182384214e-06
conditional-fit-0051,axis4_reasoning_termination,1030,2.609195183548822e-06
conditional-fit-0051,axis4_reasoning_termination,1031,1.7084558094885967e-05
conditional-fit-0051,axis4_reasoning_termination,1032,9.308583222203921e-06
conditional-fit-0051,axis4_reasoning_termination,1033,3.0306331003479963e-06
conditional-fit-0051,axis4_reasoning_termination,1034,4.484038974059151e-06
conditional-fit-0051,axis4_reasoning_termination,1035,3.267905350719559e-07
conditional-fit-0051,axis4_reasoning_termination,1036,4.219597465939043e-06
conditional-fit-0051,axis4_reasoning_termination,1037,3.2327926022803745e-07
conditional-fit-0051,axis4_reasoning_termination,1038,7.4839267347515734e-06
conditional-fit-0051,axis4_reasoning_termination,1039,9.586234622621415e-06
conditional-fit-0051,axis4_reasoning_termination,1040,9.220540531349518e-06
conditional-fit-0051,axis4_reasoning_termination,1041,1.4518562436831182e-05
conditional-fit-0051,axis4_reasoning_termination,1042,3.850171329223608e-06
conditional-fit-0051,axis4_reasoning_termination,1043,2.8789551574585165e-05
conditional-fit-0051,axis4_reasoning_termination,1044,7.448059996085177e-07
conditional-fit-0051,axis4_reasoning_termination,1045,9.072651029741785e-06
conditional-fit-0051,axis4_reasoning_termination,1046,8.4762162372706e-06
conditional-fit-0051,axis4_reasoning_termination,1047,3.3839824912445264e-06
conditional-fit-0051,axis4_reasoning_termination,1048,2.2083405781031467e-06
conditional-fit-0051,axis4_reasoning_termination,1049,1.669320527797193e-05
conditional-fit-0051,axis4_reasoning_termination,1050,6.194590487338156e-07
conditional-fit-0051,axis4_reasoning_termination,1051,3.497552972174476e-06
conditional-fit-0051,axis4_reasoning_termination,1052,3.6436299770026554e-06
conditional-fit-0051,axis4_reasoning_termination,1053,1.4978528157875119e-05
conditional-fit-0051,axis4_reasoning_termination,1054,9.517290172670008e-06
conditional-fit-0051,axis4_reasoning_termination,1055,2.414609893067946e-06
conditional-fit-0051,axis4_reasoning_termination,1056,2.012332731079342e-06
conditional-fit-0051,axis4_reasoning_termination,1057,4.220762688277311e-06
conditional-fit-0051,axis4_reasoning_termination,1058,8.68582968792313e-06
conditional-fit-0051,axis4_reasoning_termination,1059,1.0800844353356025e-05
conditional-fit-0051,axis4_reasoning_termination,1060,4.678298913721923e-06
conditional-fit-0051,axis4_reasoning_termination,1061,2.538968553513309e-06
conditional-fit-0051,axis4_reasoning_termination,1062,7.844269802554057e-06
conditional-fit-0051,axis4_reasoning_termination,1063,4.7384365326025434e-07
conditional-fit-0051,axis4_reasoning_termination,1064,6.6427989981677025e-06
conditional-fit-0051,axis4_reasoning_termination,1065,1.5178852091621335e-06
conditional-fit-0051,axis4_reasoning_termination,1066,6.616496045135525e-06
conditional-fit-0051,axis4_reasoning_termination,1067,1.9447680585281356e-06
conditional-fit-0051,axis4_reasoning_termination,1068,2.5794472036428654e-06
conditional-fit-0051,axis4_reasoning_termination,1069,3.2103044391005438e-06
conditional-fit-0051,axis4_reasoning_termination,1070,1.9241379238864603e-05
conditional-fit-0051,axis4_reasoning_termination,1071,1.1683343990392931e-05
conditional-fit-0051,axis4_reasoning_termination,1072,4.282603725139781e-06
conditional-fit-0051,axis4_reasoning_termination,1073,2.3828503132477666e-06
conditional-fit-0051,axis4_reasoning_termination,1074,4.130521675914749e-06
conditional-fit-0051,axis4_reasoning_termination,1075,1.888146073285433e-06
conditional-fit-0051,axis4_reasoning_termination,1076,2.7352582564076282e-05
conditional-fit-0051,axis4_reasoning_termination,1077,1.2222545460864052e-06
conditional-fit-0051,axis4_reasoning_termination,1078,6.227487022296355e-06
conditional-fit-0051,axis4_reasoning_termination,1079,7.041540300199897e-05
conditional-fit-0051,axis4_reasoning_termination,1080,5.2034061055063684e-05
conditional-fit-0051,axis4_reasoning_termination,1081,0.013292040045265786
conditional-fit-0051,axis4_reasoning_termination,1082,0.02128043273534387
conditional-fit-0051,axis4_reasoning_termination,1083,0.11334739071508865
conditional-fit-0051,axis4_reasoning_termination,1084,0.00028208748013116333
conditional-fit-0051,axis4_reasoning_termination,1085,0.1957559875694228
conditional-fit-0051,axis4_reasoning_termination,1086,0.0005967413393183788
conditional-fit-0051,axis4_reasoning_termination,1087,6.809268874077354e-05
conditional-fit-0051,axis4_reasoning_termination,1088,1.1138534793865941e-05
conditional-fit-0051,axis4_reasoning_termination,1089,1.2819260992024396e-05
conditional-fit-0051,axis4_reasoning_termination,1090,0.004733917882800682
conditional-fit-0051,axis4_reasoning_termination,1091,4.612622445182656e-06
conditional-fit-0051,axis4_reasoning_termination,1092,6.16605090705223e-06
conditional-fit-0051,axis4_reasoning_termination,1093,8.571414854505969e-06
conditional-fit-0051,axis4_reasoning_termination,1094,5.278121130930656e-07
conditional-fit-0051,axis4_reasoning_termination,1095,6.073373719789572e-05
conditional-fit-0051,axis4_reasoning_termination,1096,0.0007099105895072796
conditional-fit-0051,axis4_reasoning_termination,1097,0.0004461454982209642
conditional-fit-0051,axis4_reasoning_termination,1098,0.002760305254794177
conditional-fit-0051,axis4_reasoning_termination,1099,5.906954358014853e-06
conditional-fit-0051,axis4_reasoning_termination,1100,2.520964977753962e-06
conditional-fit-0051,axis4_reasoning_termination,1101,1.990365582663867e-05
conditional-fit-0051,axis4_reasoning_termination,1102,1.6508249621415355e-06
conditional-fit-0051,axis4_reasoning_termination,1103,2.051122753739008e-06
conditional-fit-0051,axis4_reasoning_termination,1104,4.956835746526555e-06
conditional-fit-0051,axis4_reasoning_termination,1105,1.742295412977098e-06
conditional-fit-0051,axis4_reasoning_termination,1106,4.346957774671085e-06
conditional-fit-0051,axis4_reasoning_termination,1107,3.6996479545196685e-06
conditional-fit-0051,axis4_reasoning_termination,1108,8.056858503653456e-05
conditional-fit-0051,axis4_reasoning_termination,1109,5.567420270582831e-06
conditional-fit-0051,axis4_reasoning_termination,1110,3.949375335300874e-06
conditional-fit-0051,axis4_reasoning_termination,1111,2.234742799681298e-06
conditional-fit-0051,axis4_reasoning_termination,1112,2.988541943884685e-06
conditional-fit-0051,axis4_reasoning_termination,1113,4.3296868404065275e-06
conditional-fit-0051,axis4_reasoning_termination,1114,5.984103065839328e-07
conditional-fit-0051,axis4_reasoning_termination,1115,2.8983836532943176e-06
conditional-fit-0051,axis4_reasoning_termination,1116,2.3685919328300885e-06
conditional-fit-0051,axis4_reasoning_termination,1117,1.524358299622043e-05
conditional-fit-0051,axis4_reasoning_termination,1118,9.073974098125638e-07
conditional-fit-0051,axis4_reasoning_termination,1119,2.4128435968444094e-06
conditional-fit-0051,axis4_reasoning_termination,1120,8.753747642524284e-05
conditional-fit-0051,axis4_reasoning_termination,1121,5.986553486097491e-06
conditional-fit-0051,axis4_reasoning_termination,1122,1.6404753288138627e-05
conditional-fit-0051,axis4_reasoning_termination,1123,2.7799144200739117e-05
conditional-fit-0051,axis4_reasoning_termination,1124,1.0180661673421368e-06
conditional-fit-0051,axis4_reasoning_termination,1125,1.541582545724333e-05
conditional-fit-0051,axis4_reasoning_termination,1126,1.299520510244154e-05
conditional-fit-0051,axis4_reasoning_termination,1127,1.2896031597032489e-05
conditional-fit-0051,axis4_reasoning_termination,1128,0.0004579659635715834
conditional-fit-0051,axis4_reasoning_termination,1129,6.272708155205307e-05
conditional-fit-0051,axis4_reasoning_termination,1130,0.005422698720332573
conditional-fit-0051,axis4_reasoning_termination,1131,0.0319757843175201
conditional-fit-0051,axis4_reasoning_termination,1132,5.414710199496838e-05
conditional-fit-0051,axis4_reasoning_termination,1133,0.19635692636142138
conditional-fit-0051,axis4_reasoning_termination,1134,0.0009174125460911887
conditional-fit-0051,axis4_reasoning_termination,1135,4.443509092203659e-05
conditional-fit-0051,axis4_reasoning_termination,1136,1.016476746890886e-05
conditional-fit-0051,axis4_reasoning_termination,1137,4.1046847927623826e-05
conditional-fit-0051,axis4_reasoning_termination,1138,0.006252942808254201
conditional-fit-0051,axis4_reasoning_termination,1139,2.098970817165729e-06
conditional-fit-0051,axis4_reasoning_termination,1140,3.1530128687923325e-05
conditional-fit-0051,axis4_reasoning_termination,1141,1.4107124041175218e-05
conditional-fit-0051,axis4_reasoning_termination,1142,3.3093867040417163e-07
conditional-fit-0051,axis4_reasoning_termination,1143,6.279971069971354e-05
conditional-fit-0051,axis4_reasoning_termination,1144,0.0005466400698156413
conditional-fit-0051,axis4_reasoning_termination,1145,0.0004354812472455651
conditional-fit-0051,axis4_reasoning_termination,1146,0.001222718023772765
conditional-fit-0051,axis4_reasoning_termination,1147,1.1101116384659732e-05
conditional-fit-0051,axis4_reasoning_termination,1148,2.342281922336173e-06
conditional-fit-0051,axis4_reasoning_termination,1149,2.0604934366480226e-05
conditional-fit-0051,axis4_reasoning_termination,1150,3.4412496084526067e-06
conditional-fit-0051,axis4_reasoning_termination,1151,1.2279193425715941e-06
conditional-fit-0051,axis4_reasoning_termination,1152,5.603401575617751e-06
conditional-fit-0051,axis4_reasoning_termination,1153,2.283937361610376e-06
conditional-fit-0051,axis4_reasoning_termination,1154,7.097862244440998e-06
conditional-fit-0051,axis4_reasoning_termination,1155,5.077823704903289e-06
conditional-fit-0051,axis4_reasoning_termination,1156,1.621423500085889e-06
conditional-fit-0051,axis4_reasoning_termination,1157,1.7393691804610465e-05
conditional-fit-0051,axis4_reasoning_termination,1158,4.787552474798283e-06
conditional-fit-0051,axis4_reasoning_termination,1159,4.707642956876286e-06
conditional-fit-0051,axis4_reasoning_termination,1160,1.677909904550646e-06
conditional-fit-0051,axis4_reasoning_termination,1161,9.220733476355905e-06
conditional-fit-0051,axis4_reasoning_termination,1162,3.558442593782699e-06
conditional-fit-0051,axis4_reasoning_termination,1163,4.2588340819876515e-06
conditional-fit-0051,axis4_reasoning_termination,1164,1.5866434387152092e-06
conditional-fit-0051,axis4_reasoning_termination,1165,3.783463560168181e-06
conditional-fit-0051,axis4_reasoning_termination,1166,2.612092299765471e-06
conditional-fit-0051,axis4_reasoning_termination,1167,1.2741433866343996e-06
conditional-fit-0051,axis4_reasoning_termination,1168,2.2456063982538858e-05
conditional-fit-0051,axis4_reasoning_termination,1169,3.559937035862493e-06
conditional-fit-0051,axis4_reasoning_termination,1170,2.02626848480156e-05
conditional-fit-0051,axis4_reasoning_termination,1171,1.0603559072675575e-05
conditional-fit-0051,axis4_reasoning_termination,1172,1.50211952434432e-07
conditional-fit-0051,axis4_reasoning_termination,1173,2.2800289868832156e-05
conditional-fit-0051,axis4_reasoning_termination,1174,3.336943561542578e-05
conditional-fit-0051,axis4_reasoning_termination,1175,5.5389580838702745e-05
conditional-fit-0051,axis4_reasoning_termination,1176,9.363232829753445e-05
conditional-fit-0051,axis4_reasoning_termination,1177,4.2132602680161286e-05
conditional-fit-0051,axis4_reasoning_termination,1178,0.007280602408593985
conditional-fit-0051,axis4_reasoning_termination,1179,0.06816813889110611
conditional-fit-0051,axis4_reasoning_termination,1180,0.0006291237231648377
conditional-fit-0051,axis4_reasoning_termination,1181,0.1213512570582633
conditional-fit-0051,axis4_reasoning_termination,1182,0.0021204120749213125
conditional-fit-0051,axis4_reasoning_termination,1183,0.15684013381226966
conditional-fit-0051,axis4_reasoning_termination,1184,0.3470471010105737
conditional-fit-0051,axis4_reasoning_termination,1185,0.3146179949203663
conditional-fit-0051,axis4_reasoning_termination,1186,0.004881458540914117
conditional-fit-0051,axis4_reasoning_termination,1187,0.17250415761313576
conditional-fit-0051,axis4_reasoning_termination,1188,0.07212173419699286
conditional-fit-0051,axis4_reasoning_termination,1189,0.06343745994788483
conditional-fit-0051,axis4_reasoning_termination,1190,0.09006233857176993
conditional-fit-0051,axis4_reasoning_termination,1191,0.0893739576626178
conditional-fit-0051,axis4_reasoning_termination,1192,0.07439020035950426
conditional-fit-0051,axis4_reasoning_termination,1193,0.05117831422230042
conditional-fit-0051,axis4_reasoning_termination,1194,0.015605757599127544
conditional-fit-0051,axis4_reasoning_termination,1195,0.11533911974520802
conditional-fit-0051,axis4_reasoning_termination,1196,0.14232952096254686
conditional-fit-0051,axis4_reasoning_termination,1197,0.052575694589826076
conditional-fit-0051,axis4_reasoning_termination,1198,0.09263049128066851
conditional-fit-0051,axis4_reasoning_termination,1199,0.24122789101573758
conditional-fit-0051,axis4_reasoning_termination,1200,0.656524318460482
conditional-fit-0051,axis4_reasoning_termination,1201,0.04846277398457984
conditional-fit-0051,axis4_reasoning_termination,1202,0.07686627616138694
conditional-fit-0051,axis4_reasoning_termination,1203,0.2660833345301362
conditional-fit-0051,axis4_reasoning_termination,1204,0.0740843071817403
conditional-fit-0051,axis4_reasoning_termination,1205,0.035512474486925745
conditional-fit-0051,axis4_reasoning_termination,1206,0.00163888862001655
conditional-fit-0051,axis4_reasoning_termination,1207,0.0010049724845196553
conditional-fit-0051,axis4_reasoning_termination,1208,0.00010968087176944506
conditional-fit-0051,axis4_reasoning_termination,1209,0.0008469683243429082
conditional-fit-0051,axis4_reasoning_termination,1210,0.009300285854318167
conditional-fit-0051,axis4_reasoning_termination,1211,1.292777034144281e-05
conditional-fit-0051,axis4_reasoning_termination,1212,0.003026255837473656
conditional-fit-0051,axis4_reasoning_termination,1213,0.000153145490106265
conditional-fit-0051,axis4_reasoning_termination,1214,9.275152986126811e-05
conditional-fit-0051,axis4_reasoning_termination,1215,7.2197124386218375e-06
conditional-fit-0051,axis4_reasoning_termination,1216,0.00033063658497851174
conditional-fit-0051,axis4_reasoning_termination,1217,0.004164627816725679
conditional-fit-0051,axis4_reasoning_termination,1218,0.004415985495628017
conditional-fit-0051,axis4_reasoning_termination,1219,0.0014822805907223735
conditional-fit-0051,axis4_reasoning_termination,1220,0.001007050255001993
conditional-fit-0051,axis4_reasoning_termination,1221,9.976266207102378e-05
conditional-fit-0051,axis4_reasoning_termination,1222,0.00010033003775117263
conditional-fit-0051,axis4_reasoning_termination,1223,0.0001336742683071025
conditional-fit-0051,axis4_reasoning_termination,1224,0.0014153154149146496
conditional-fit-0051,axis4_reasoning_termination,1225,4.2049183822037876e-05
conditional-fit-0051,axis4_reasoning_termination,1226,0.00015852344097647182
conditional-fit-0051,axis4_reasoning_termination,1227,7.159480991387846e-05
conditional-fit-0051,axis4_reasoning_termination,1228,0.0001293271000327655
conditional-fit-0051,axis4_reasoning_termination,1229,0.00012154146147980751
conditional-fit-0051,axis4_reasoning_termination,1230,0.00010595230478003855
conditional-fit-0051,axis4_reasoning_termination,1231,0.0005498112687496577
conditional-fit-0051,axis4_reasoning_termination,1232,0.0004159874195995994
conditional-fit-0051,axis4_reasoning_termination,1233,0.004669271022351455
conditional-fit-0051,axis4_reasoning_termination,1234,0.003601380231907751
conditional-fit-0051,axis4_reasoning_termination,1235,0.0007944755023271374
conditional-fit-0051,axis4_reasoning_termination,1236,0.0007669686090070991
conditional-fit-0051,axis4_reasoning_termination,1237,0.00022974474110112308
conditional-fit-0051,axis4_reasoning_termination,1238,0.0002887253187108809
conditional-fit-0051,axis4_reasoning_termination,1239,0.0001279294747149857
conditional-fit-0051,axis4_reasoning_termination,1240,0.0004346680202541003
conditional-fit-0051,axis4_reasoning_termination,1241,0.024658871553283692
conditional-fit-0051,axis4_reasoning_termination,1242,0.20970625269529428
conditional-fit-0051,axis4_reasoning_termination,1243,0.0005588261553797519
conditional-fit-0051,axis4_reasoning_termination,1244,0.013956983412692971
conditional-fit-0051,axis4_reasoning_termination,1245,0.04024414931991625
conditional-fit-0051,axis4_reasoning_termination,1246,0.03076720492517563
conditional-fit-0051,axis4_reasoning_termination,1247,0.14222417928144082
conditional-fit-0051,axis4_reasoning_termination,1248,0.04897238310494603
conditional-fit-0051,axis4_reasoning_termination,1249,0.0003587388444464477
conditional-fit-0051,axis4_reasoning_termination,1250,0.0003875768025546022
conditional-fit-0051,axis4_reasoning_termination,1251,0.003958676632523044
conditional-fit-0051,axis4_reasoning_termination,1252,0.27225633397521753
conditional-fit-0051,axis4_reasoning_termination,1253,5.210828513005407e-05
conditional-fit-0051,axis4_reasoning_termination,1254,2.463407589452966e-07
conditional-fit-0051,axis4_reasoning_termination,1255,1.1787442791567082e-05
conditional-fit-0051,axis4_reasoning_termination,1256,0.00023241940716080533
conditional-fit-0051,axis4_reasoning_termination,1257,0.0007030902052915684
conditional-fit-0051,axis4_reasoning_termination,1258,0.00154824982258206
conditional-fit-0051,axis4_reasoning_termination,1259,0.006657513249367426
conditional-fit-0051,axis4_reasoning_termination,1260,6.370933088736606e-05
conditional-fit-0051,axis4_reasoning_termination,1261,7.372840819552711e-05
conditional-fit-0051,axis4_reasoning_termination,1262,0.0020970688106576527
conditional-fit-0051,axis4_reasoning_termination,1263,8.920623611350311e-05
conditional-fit-0051,axis4_reasoning_termination,1264,1.9430049784985103e-05
conditional-fit-0051,axis4_reasoning_termination,1265,9.547422589924305e-07
conditional-fit-0051,axis4_reasoning_termination,1266,1.0118686866737319e-05
conditional-fit-0051,axis4_reasoning_termination,1267,7.299824164846478e-05
conditional-fit-0051,axis4_reasoning_termination,1268,1.5576487282060457e-05
conditional-fit-0051,axis4_reasoning_termination,1269,2.3259652407621306e-07
conditional-fit-0051,axis4_reasoning_termination,1270,1.1662929894286063e-06
conditional-fit-0051,axis4_reasoning_termination,1271,1.1670975981135568e-06
conditional-fit-0051,axis4_reasoning_termination,1272,8.632244162487996e-06
conditional-fit-0051,axis4_reasoning_termination,1273,1.0431718081917474e-05
conditional-fit-0051,axis4_reasoning_termination,1274,2.035077030393867e-05
conditional-fit-0051,axis4_reasoning_termination,1275,5.450737588608214e-06
conditional-fit-0051,axis4_reasoning_termination,1276,2.137702379488541e-05
conditional-fit-0051,axis4_reasoning_termination,1277,5.742717400844428e-08
conditional-fit-0051,axis4_reasoning_termination,1278,1.458098396206643e-05
conditional-fit-0051,axis4_reasoning_termination,1279,9.28122333976191e-05
conditional-fit-0051,axis4_reasoning_termination,1280,0.00012040107905751122
conditional-fit-0051,axis4_reasoning_termination,1281,0.00048801936940730695
conditional-fit-0051,axis4_reasoning_termination,1282,4.7376869471961756e-05
conditional-fit-0051,axis4_reasoning_termination,1283,0.005315090716223769
conditional-fit-0051,axis4_reasoning_termination,1284,0.0031687319704970726
conditional-fit-0051,axis4_reasoning_termination,1285,0.055629123070249684
conditional-fit-0051,axis4_reasoning_termination,1286,0.00016131198280826522
conditional-fit-0051,axis4_reasoning_termination,1287,0.4117036334795919
conditional-fit-0051,axis4_reasoning_termination,1288,0.009125504293130492
conditional-fit-0051,axis4_reasoning_termination,1289,0.00012840593671737505
conditional-fit-0051,axis4_reasoning_termination,1290,2.0882540224374828e-05
conditional-fit-0051,axis4_reasoning_termination,1291,5.528531209081697e-05
conditional-fit-0051,axis4_reasoning_termination,1292,0.013505309366428292
conditional-fit-0051,axis4_reasoning_termination,1293,2.9981239030951536e-05
conditional-fit-0051,axis4_reasoning_termination,1294,1.6452131209634945e-05
conditional-fit-0051,axis4_reasoning_termination,1295,7.564638060653574e-05
conditional-fit-0051,axis4_reasoning_termination,1296,0.0030583859375605477
conditional-fit-0051,axis4_reasoning_termination,1297,0.001379577893388668
conditional-fit-0051,axis4_reasoning_termination,1298,0.0026239245807432926
conditional-fit-0051,axis4_reasoning_termination,1299,1.0383254112423808e-05
conditional-fit-0051,axis4_reasoning_termination,1300,4.723685031703292e-06
conditional-fit-0051,axis4_reasoning_termination,1301,0.00023172704203938937
conditional-fit-0051,axis4_reasoning_termination,1302,4.0745969945603985e-06
conditional-fit-0051,axis4_reasoning_termination,1303,1.5108731886209096e-06
conditional-fit-0051,axis4_reasoning_termination,1304,3.3489272973151586e-06
conditional-fit-0051,axis4_reasoning_termination,1305,3.4224784349825844e-07
conditional-fit-0051,axis4_reasoning_termination,1306,1.475840629124858e-05
conditional-fit-0051,axis4_reasoning_termination,1307,5.406251975805437e-05
conditional-fit-0051,axis4_reasoning_termination,1308,4.0379047507395966e-06
conditional-fit-0051,axis4_reasoning_termination,1309,1.0977222892938105e-06
conditional-fit-0051,axis4_reasoning_termination,1310,2.147752605027726e-06
conditional-fit-0051,axis4_reasoning_termination,1311,1.335367133197926e-05
conditional-fit-0051,axis4_reasoning_termination,1312,1.761135453126042e-06
conditional-fit-0051,axis4_reasoning_termination,1313,2.027571317321009e-06
conditional-fit-0051,axis4_reasoning_termination,1314,9.27376892883442e-06
conditional-fit-0051,axis4_reasoning_termination,1315,1.1335707934827937e-05
conditional-fit-0051,axis4_reasoning_termination,1316,9.513203046507123e-05
conditional-fit-0051,axis4_reasoning_termination,1317,1.0861833306197415e-05
conditional-fit-0051,axis4_reasoning_termination,1318,4.292116986184755e-06
conditional-fit-0051,axis4_reasoning_termination,1319,6.705928448992451e-05
conditional-fit-0051,axis4_reasoning_termination,1320,1.136482148073575e-06
conditional-fit-0051,axis4_reasoning_termination,1321,4.814493522351756e-06
conditional-fit-0051,axis4_reasoning_termination,1322,2.7629323048341162e-05
conditional-fit-0051,axis4_reasoning_termination,1323,5.790388159465907e-06
conditional-fit-0051,axis4_reasoning_termination,1324,2.0664104933312078e-06
conditional-fit-0051,axis4_reasoning_termination,1325,2.4499430217791417e-06
conditional-fit-0051,axis4_reasoning_termination,1326,9.320675642898824e-05
conditional-fit-0051,axis4_reasoning_termination,1327,1.2317749499815038e-05
conditional-fit-0051,axis4_reasoning_termination,1328,4.1666818390409616e-05
conditional-fit-0051,axis4_reasoning_termination,1329,2.2098342764582513e-05
conditional-fit-0051,axis4_reasoning_termination,1330,4.777510582149981e-06
conditional-fit-0051,axis4_reasoning_termination,1331,2.7702192235892217e-06
conditional-fit-0051,axis4_reasoning_termination,1332,3.90138136142618e-06
conditional-fit-0051,axis4_reasoning_termination,1333,6.845244213213924e-06
conditional-fit-0051,axis4_reasoning_termination,1334,5.7586695522198534e-06
conditional-fit-0051,axis4_reasoning_termination,1335,1.333228562853229e-06
conditional-fit-0051,axis4_reasoning_termination,1336,2.4482212339612604e-06
conditional-fit-0051,axis4_reasoning_termination,1337,3.533892816018818e-05
conditional-fit-0051,axis4_reasoning_termination,1338,1.8714361082087327e-05
conditional-fit-0051,axis4_reasoning_termination,1339,0.00033340009093264897
conditional-fit-0051,axis4_reasoning_termination,1340,5.020093537119867e-05
conditional-fit-0051,axis4_reasoning_termination,1341,0.015133724844195048
conditional-fit-0051,axis4_reasoning_termination,1342,0.058090003043517774
conditional-fit-0051,axis4_reasoning_termination,1343,0.0005757984462943641
conditional-fit-0051,axis4_reasoning_termination,1344,0.3284465886801314
conditional-fit-0051,axis4_reasoning_termination,1345,0.007057517203381806
conditional-fit-0051,axis4_reasoning_termination,1346,9.428403831394596e-05
conditional-fit-0051,axis4_reasoning_termination,1347,6.696949831320956e-05
conditional-fit-0051,axis4_reasoning_termination,1348,1.7035509421285055e-05
conditional-fit-0051,axis4_reasoning_termination,1349,0.0075357585148240515
conditional-fit-0051,axis4_reasoning_termination,1350,3.4073085530593554e-06
conditional-fit-0051,axis4_reasoning_termination,1351,2.6884753077181542e-05
conditional-fit-0051,axis4_reasoning_termination,1352,9.865225687812502e-06
conditional-fit-0051,axis4_reasoning_termination,1353,1.5924346376617358e-06
conditional-fit-0051,axis4_reasoning_termination,1354,5.0378077784701644e-05
conditional-fit-0051,axis4_reasoning_termination,1355,0.0009244867214535505
conditional-fit-0051,axis4_reasoning_termination,1356,0.00149299906269799
conditional-fit-0051,axis4_reasoning_termination,1357,0.0026544974596770985
conditional-fit-0051,axis4_reasoning_termination,1358,7.969910474098044e-06
conditional-fit-0051,axis4_reasoning_termination,1359,1.3368744642639657e-06
conditional-fit-0051,axis4_reasoning_termination,1360,0.0001401439975542157
conditional-fit-0051,axis4_reasoning_termination,1361,1.4163831428301865e-06
conditional-fit-0051,axis4_reasoning_termination,1362,1.8296476432275405e-06
conditional-fit-0051,axis4_reasoning_termination,1363,2.2015856655909073e-06
conditional-fit-0051,axis4_reasoning_termination,1364,3.756538817918746e-06
conditional-fit-0051,axis4_reasoning_termination,1365,2.6506856731115965e-06
conditional-fit-0051,axis4_reasoning_termination,1366,5.923461257836794e-06
conditional-fit-0051,axis4_reasoning_termination,1367,9.132684934098089e-07
conditional-fit-0051,axis4_reasoning_termination,1368,3.1635861590414944e-05
conditional-fit-0051,axis4_reasoning_termination,1369,2.8847944665622418e-06
conditional-fit-0051,axis4_reasoning_termination,1370,4.211249278177611e-06
conditional-fit-0051,axis4_reasoning_termination,1371,6.934666218274043e-06
conditional-fit-0051,axis4_reasoning_termination,1372,1.0224405965767216e-05
conditional-fit-0051,axis4_reasoning_termination,1373,6.187758306314243e-07
conditional-fit-0051,axis4_reasoning_termination,1374,9.805695853904425e-06
conditional-fit-0051,axis4_reasoning_termination,1375,2.6867470925777834e-06
conditional-fit-0051,axis4_reasoning_termination,1376,1.0749378942657484e-05
conditional-fit-0051,axis4_reasoning_termination,1377,7.930414641175941e-07
conditional-fit-0051,axis4_reasoning_termination,1378,1.708104224657204e-06
conditional-fit-0051,axis4_reasoning_termination,1379,0.00012962447036424026
conditional-fit-0051,axis4_reasoning_termination,1380,8.203132853653777e-07
conditional-fit-0051,axis4_reasoning_termination,1381,1.1311085146116537e-05
conditional-fit-0051,axis4_reasoning_termination,1382,9.796440202139e-06
conditional-fit-0051,axis4_reasoning_termination,1383,1.2131843307377384e-06
conditional-fit-0051,axis4_reasoning_termination,1384,1.665658542779197e-05
conditional-fit-0051,axis4_reasoning_termination,1385,5.420299386931007e-06
conditional-fit-0051,axis4_reasoning_termination,1386,4.561863529299401e-06
conditional-fit-0051,axis4_reasoning_termination,1387,9.412925482276766e-05
conditional-fit-0051,axis4_reasoning_termination,1388,4.958467018972387e-05
conditional-fit-0051,axis4_reasoning_termination,1389,0.013409062151280385
conditional-fit-0051,axis4_reasoning_termination,1390,0.0436110202461871
conditional-fit-0051,axis4_reasoning_termination,1391,0.0010668549950723588
conditional-fit-0051,axis4_reasoning_termination,1392,0.3224020090355628
conditional-fit-0051,axis4_reasoning_termination,1393,0.010352422954591283
conditional-fit-0051,axis4_reasoning_termination,1394,1.2468459316478877e-05
conditional-fit-0051,axis4_reasoning_termination,1395,1.6816225666562696e-05
conditional-fit-0051,axis4_reasoning_termination,1396,1.2118557650001524e-05
conditional-fit-0051,axis4_reasoning_termination,1397,0.004955322045914479
conditional-fit-0051,axis4_reasoning_termination,1398,4.22600144829229e-06
conditional-fit-0051,axis4_reasoning_termination,1399,9.994785286354201e-06
conditional-fit-0051,axis4_reasoning_termination,1400,2.3375275830342296e-05
conditional-fit-0051,axis4_reasoning_termination,1401,0.0023933111413362157
conditional-fit-0051,axis4_reasoning_termination,1402,0.0008811841988123568
conditional-fit-0051,axis4_reasoning_termination,1403,0.001109722607714735
conditional-fit-0051,axis4_reasoning_termination,1404,1.0907381998532404e-05
conditional-fit-0051,axis4_reasoning_termination,1405,2.2967731421686027e-06
conditional-fit-0051,axis4_reasoning_termination,1406,0.00029499263410190575
conditional-fit-0051,axis4_reasoning_termination,1407,2.6967154200806756e-06
conditional-fit-0051,axis4_reasoning_termination,1408,5.500249656774742e-07
conditional-fit-0051,axis4_reasoning_termination,1409,7.134848781518273e-06
conditional-fit-0051,axis4_reasoning_termination,1410,1.0938642613862485e-07
conditional-fit-0051,axis4_reasoning_termination,1411,1.2210015482280068e-06
conditional-fit-0051,axis4_reasoning_termination,1412,1.3601973279434071e-05
conditional-fit-0051,axis4_reasoning_termination,1413,1.127036330521889e-06
conditional-fit-0051,axis4_reasoning_termination,1414,6.059704388398774e-06
conditional-fit-0051,axis4_reasoning_termination,1415,2.3108308070796076e-06
conditional-fit-0051,axis4_reasoning_termination,1416,5.704196112155012e-06
conditional-fit-0051,axis4_reasoning_termination,1417,4.270286140685445e-06
conditional-fit-0051,axis4_reasoning_termination,1418,1.0383812973073545e-05
conditional-fit-0051,axis4_reasoning_termination,1419,1.0091937050286967e-05
conditional-fit-0051,axis4_reasoning_termination,1420,8.738901828772634e-06
conditional-fit-0051,axis4_reasoning_termination,1421,3.648660225588498e-05
conditional-fit-0051,axis4_reasoning_termination,1422,2.2693016690798166e-05
conditional-fit-0051,axis4_reasoning_termination,1423,9.268094350391856e-06
conditional-fit-0051,axis4_reasoning_termination,1424,1.8506118249719026e-05
conditional-fit-0051,axis4_reasoning_termination,1425,4.537709662779695e-06
conditional-fit-0051,axis4_reasoning_termination,1426,1.475306171231997e-05
conditional-fit-0051,axis4_reasoning_termination,1427,4.1164608984177825e-05
conditional-fit-0051,axis4_reasoning_termination,1428,1.6115836461709448e-05
conditional-fit-0051,axis4_reasoning_termination,1429,5.358523815252106e-06
conditional-fit-0051,axis4_reasoning_termination,1430,3.1848831614527777e-06
conditional-fit-0051,axis4_reasoning_termination,1431,8.306046572067618e-06
conditional-fit-0051,axis4_reasoning_termination,1432,4.821366555231753e-06
conditional-fit-0051,axis4_reasoning_termination,1433,1.9184482384641015e-05
conditional-fit-0051,axis4_reasoning_termination,1434,3.859849640104512e-05
conditional-fit-0051,axis4_reasoning_termination,1435,1.1402488582230131e-05
conditional-fit-0051,axis4_reasoning_termination,1436,1.1628905557688605e-05
conditional-fit-0051,axis4_reasoning_termination,1437,8.22616326951303e-06
conditional-fit-0051,axis4_reasoning_termination,1438,3.7523658950448304e-06
conditional-fit-0051,axis4_reasoning_termination,1439,4.15050056824048e-06
conditional-fit-0051,axis4_reasoning_termination,1440,3.0755602783305224e-06
conditional-fit-0051,axis4_reasoning_termination,1441,7.151309176600264e-06
conditional-fit-0051,axis4_reasoning_termination,1442,3.9775186796831764e-05
conditional-fit-0051,axis4_reasoning_termination,1443,8.679291523712236e-05
conditional-fit-0051,axis4_reasoning_termination,1444,0.00036675713389349384
conditional-fit-0051,axis4_reasoning_termination,1445,4.393516112675082e-05
conditional-fit-0051,axis4_reasoning_termination,1446,0.014572842960061567
conditional-fit-0051,axis4_reasoning_termination,1447,0.11960685061152686
conditional-fit-0051,axis4_reasoning_termination,1448,0.0012078593910134698
conditional-fit-0051,axis4_reasoning_termination,1449,0.3735464475329131
conditional-fit-0051,axis4_reasoning_termination,1450,0.0028901786990668515
conditional-fit-0051,axis4_reasoning_termination,1451,2.60007464146718e-05
conditional-fit-0051,axis4_reasoning_termination,1452,2.1411442850718748e-05
conditional-fit-0051,axis4_reasoning_termination,1453,7.120423800341107e-06
conditional-fit-0051,axis4_reasoning_termination,1454,0.007384766224907756
conditional-fit-0051,axis4_reasoning_termination,1455,5.216430407768218e-06
conditional-fit-0051,axis4_reasoning_termination,1456,2.342625221696755e-07
conditional-fit-0051,axis4_reasoning_termination,1457,4.744419872256744e-06
conditional-fit-0051,axis4_reasoning_termination,1458,4.6529177092390815e-05
conditional-fit-0051,axis4_reasoning_termination,1459,0.0007629290123880674
conditional-fit-0051,axis4_reasoning_termination,1460,0.0007161725113814621
conditional-fit-0051,axis4_reasoning_termination,1461,0.001347235089535429
conditional-fit-0051,axis4_reasoning_termination,1462,1.0199274706077288e-05
conditional-fit-0051,axis4_reasoning_termination,1463,5.8177212619795175e-06
conditional-fit-0051,axis4_reasoning_termination,1464,7.482112340076225e-05
conditional-fit-0051,axis4_reasoning_termination,1465,6.295063459262193e-06
conditional-fit-0051,axis4_reasoning_termination,1466,1.1657446610499593e-06
conditional-fit-0051,axis4_reasoning_termination,1467,4.968555168859389e-06
conditional-fit-0051,axis4_reasoning_termination,1468,9.026339430553901e-06
conditional-fit-0051,axis4_reasoning_termination,1469,7.899849904527046e-07
conditional-fit-0051,axis4_reasoning_termination,1470,1.8599159338919903e-06
conditional-fit-0051,axis4_reasoning_termination,1471,3.973387123161576e-06
conditional-fit-0051,axis4_reasoning_termination,1472,1.2987671016239534e-06
conditional-fit-0051,axis4_reasoning_termination,1473,5.74231480310416e-06
conditional-fit-0051,axis4_reasoning_termination,1474,0.00016560085931455196
conditional-fit-0051,axis4_reasoning_termination,1475,6.887736995552274e-06
conditional-fit-0051,axis4_reasoning_termination,1476,1.1909700810968958e-06
conditional-fit-0051,axis4_reasoning_termination,1477,6.194576263399791e-06
conditional-fit-0051,axis4_reasoning_termination,1478,1.2424305215301187e-05
conditional-fit-0051,axis4_reasoning_termination,1479,8.216352223686515e-08
conditional-fit-0051,axis4_reasoning_termination,1480,1.9760559195682358e-06
conditional-fit-0051,axis4_reasoning_termination,1481,1.88823017353562e-06
conditional-fit-0051,axis4_reasoning_termination,1482,6.593471679519559e-06
conditional-fit-0051,axis4_reasoning_termination,1483,0.00010149524226227738
conditional-fit-0051,axis4_reasoning_termination,1484,2.576907575672508e-05
conditional-fit-0051,axis4_reasoning_termination,1485,0.009583387706935332
conditional-fit-0051,axis4_reasoning_termination,1486,0.0910047578140985
conditional-fit-0051,axis4_reasoning_termination,1487,0.21389222185684498
conditional-fit-0051,axis4_reasoning_termination,1488,0.002790414355265827
conditional-fit-0051,axis4_reasoning_termination,1489,0.00010197201875954763
conditional-fit-0051,axis4_reasoning_termination,1490,1.7055681344318058e-05
conditional-fit-0051,axis4_reasoning_termination,1491,2.96605211778671e-05
conditional-fit-0051,axis4_reasoning_termination,1492,0.00648020873146128
conditional-fit-0051,axis4_reasoning_termination,1493,2.684447395986562e-06
conditional-fit-0051,axis4_reasoning_termination,1494,3.123465466546541e-06
conditional-fit-0051,axis4_reasoning_termination,1495,1.5048488737419148e-05
conditional-fit-0051,axis4_reasoning_termination,1496,4.1690079230800214e-07
conditional-fit-0051,axis4_reasoning_termination,1497,2.654224218651956e-05
conditional-fit-0051,axis4_reasoning_termination,1498,0.000778863023394016
conditional-fit-0051,axis4_reasoning_termination,1499,0.0022050690263813533
conditional-fit-0051,axis4_reasoning_termination,1500,0.003828765216995667
conditional-fit-0051,axis4_reasoning_termination,1501,1.072098885905569e-05
conditional-fit-0051,axis4_reasoning_termination,1502,2.864432924793382e-06
conditional-fit-0051,axis4_reasoning_termination,1503,4.05932827633658e-05
conditional-fit-0051,axis4_reasoning_termination,1504,2.0815540654671643e-06
conditional-fit-0051,axis4_reasoning_termination,1505,4.161185107639406e-06
conditional-fit-0051,axis4_reasoning_termination,1506,8.826043325045442e-06
conditional-fit-0051,axis4_reasoning_termination,1507,2.421193809472459e-06
conditional-fit-0051,axis4_reasoning_termination,1508,4.6992615208711025e-06
conditional-fit-0051,axis4_reasoning_termination,1509,5.7738911758406034e-05
conditional-fit-0051,axis4_reasoning_termination,1510,1.2237168509121814e-05
conditional-fit-0051,axis4_reasoning_termination,1511,1.421504806962134e-05
conditional-fit-0051,axis4_reasoning_termination,1512,3.3426615619881317e-06
conditional-fit-0051,axis4_reasoning_termination,1513,1.1507701806536229e-05
conditional-fit-0051,axis4_reasoning_termination,1514,2.93776479642119e-06
conditional-fit-0051,axis4_reasoning_termination,1515,7.90302550596381e-06
conditional-fit-0051,axis4_reasoning_termination,1516,1.0199209286021498e-05
conditional-fit-0051,axis4_reasoning_termination,1517,1.707028262847282e-05
conditional-fit-0051,axis4_reasoning_termination,1518,2.491491672320999e-06
conditional-fit-0051,axis4_reasoning_termination,1519,1.925990297419618e-05
conditional-fit-0051,axis4_reasoning_termination,1520,3.819240315520445e-06
conditional-fit-0051,axis4_reasoning_termination,1521,5.708300062423589e-07
conditional-fit-0051,axis4_reasoning_termination,1522,2.662407074973503e-05
conditional-fit-0051,axis4_reasoning_termination,1523,3.8252144660319e-06
conditional-fit-0051,axis4_reasoning_termination,1524,8.517597504932105e-06
conditional-fit-0051,axis4_reasoning_termination,1525,1.0503888733587212e-05
conditional-fit-0051,axis4_reasoning_termination,1526,8.026017310840616e-07
conditional-fit-0051,axis4_reasoning_termination,1527,1.4443988761328393e-05
conditional-fit-0051,axis4_reasoning_termination,1528,2.1675371882435573e-06
conditional-fit-0051,axis4_reasoning_termination,1529,1.78358065904563e-05
conditional-fit-0051,axis4_reasoning_termination,1530,0.00012708245191143087
conditional-fit-0051,axis4_reasoning_termination,1531,6.63682421745014e-05
conditional-fit-0051,axis4_reasoning_termination,1532,0.013648788475507063
conditional-fit-0051,axis4_reasoning_termination,1533,0.021196984349668532
conditional-fit-0051,axis4_reasoning_termination,1534,0.1852580107551421
conditional-fit-0051,axis4_reasoning_termination,1535,0.004011239801256128
conditional-fit-0051,axis4_reasoning_termination,1536,4.467533120914235e-05
conditional-fit-0051,axis4_reasoning_termination,1537,6.157505616664302e-05
conditional-fit-0051,axis4_reasoning_termination,1538,5.525124560394806e-06
conditional-fit-0051,axis4_reasoning_termination,1539,0.006103132109267948
conditional-fit-0051,axis4_reasoning_termination,1540,4.38366601753605e-05
conditional-fit-0051,axis4_reasoning_termination,1541,0.0008536150938565295
conditional-fit-0051,axis4_reasoning_termination,1542,0.00037647756072052243
conditional-fit-0051,axis4_reasoning_termination,1543,0.0014440117038911075
conditional-fit-0051,axis4_reasoning_termination,1544,6.93311366768477e-06
conditional-fit-0051,axis4_reasoning_termination,1545,2.932964450819737e-06
conditional-fit-0051,axis4_reasoning_termination,1546,0.00016574228543741722
conditional-fit-0051,axis4_reasoning_termination,1547,7.196353214844499e-07
conditional-fit-0051,axis4_reasoning_termination,1548,4.808635474719309e-07
conditional-fit-0051,axis4_reasoning_termination,1549,0.00035004069368571334
conditional-fit-0051,axis4_reasoning_termination,1550,1.0122651963950758e-06
conditional-fit-0051,axis4_reasoning_termination,1551,4.297350414311735e-06
conditional-fit-0051,axis4_reasoning_termination,1552,3.1682399080851555e-06
conditional-fit-0051,axis4_reasoning_termination,1553,6.958510603422301e-06
conditional-fit-0051,axis4_reasoning_termination,1554,8.095698383051764e-06
conditional-fit-0051,axis4_reasoning_termination,1555,4.0650090804384735e-07
conditional-fit-0051,axis4_reasoning_termination,1556,5.064138802683624e-06
conditional-fit-0051,axis4_reasoning_termination,1557,1.1418823070002955e-07
conditional-fit-0051,axis4_reasoning_termination,1558,1.6652083565567237e-07
conditional-fit-0051,axis4_reasoning_termination,1559,3.569756060352549e-06
conditional-fit-0051,axis4_reasoning_termination,1560,7.15604858594591e-06
conditional-fit-0051,axis4_reasoning_termination,1561,1.6006540502064027e-05
conditional-fit-0051,axis4_reasoning_termination,1562,1.485638793767006e-06
conditional-fit-0051,axis4_reasoning_termination,1563,6.251379565127176e-05
conditional-fit-0051,axis4_reasoning_termination,1564,3.204476449257126e-07
conditional-fit-0051,axis4_reasoning_termination,1565,9.714135455620572e-06
conditional-fit-0051,axis4_reasoning_termination,1566,1.1930906713051692e-05
conditional-fit-0051,axis4_reasoning_termination,1567,3.6307352426680057e-06
conditional-fit-0051,axis4_reasoning_termination,1568,3.9922800673006735e-06
conditional-fit-0051,axis4_reasoning_termination,1569,1.359907296632108e-05
conditional-fit-0051,axis4_reasoning_termination,1570,1.4602143344552474e-07
conditional-fit-0051,axis4_reasoning_termination,1571,1.1010583852588368e-06
conditional-fit-0051,axis4_reasoning_termination,1572,3.098535956477744e-07
conditional-fit-0051,axis4_reasoning_termination,1573,5.160289357456746e-06
conditional-fit-0051,axis4_reasoning_termination,1574,1.7926968359500231e-06
conditional-fit-0051,axis4_reasoning_termination,1575,1.2620245208743215e-06
conditional-fit-0051,axis4_reasoning_termination,1576,1.4630383847667072e-05
conditional-fit-0051,axis4_reasoning_termination,1577,1.545338340108608e-06
conditional-fit-0051,axis4_reasoning_termination,1578,2.044508563562094e-06
conditional-fit-0051,axis4_reasoning_termination,1579,1.1485823165684053e-05
conditional-fit-0051,axis4_reasoning_termination,1580,3.484882129980704e-06
conditional-fit-0051,axis4_reasoning_termination,1581,1.7197328395501983e-06
conditional-fit-0051,axis4_reasoning_termination,1582,2.2511403558186707e-05
conditional-fit-0051,axis4_reasoning_termination,1583,2.067371317732426e-07
conditional-fit-0051,axis4_reasoning_termination,1584,2.6596000550028175e-06
conditional-fit-0051,axis4_reasoning_termination,1585,1.0033100960564494e-06
conditional-fit-0051,axis4_reasoning_termination,1586,1.124667236616561e-06
conditional-fit-0051,axis4_reasoning_termination,1587,2.7205988510519802e-05
conditional-fit-0051,axis4_reasoning_termination,1588,1.7197983183968386e-06
conditional-fit-0051,axis4_reasoning_termination,1589,4.3915302519212425e-07
conditional-fit-0051,axis4_reasoning_termination,1590,1.1347635588418803e-05
conditional-fit-0051,axis4_reasoning_termination,1591,5.073873106347294e-06
conditional-fit-0051,axis4_reasoning_termination,1592,4.7422562104607926e-07
conditional-fit-0051,axis4_reasoning_termination,1593,1.957444697140334e-06
conditional-fit-0051,axis4_reasoning_termination,1594,3.799160048303219e-05
conditional-fit-0051,axis4_reasoning_termination,1595,2.158789731871673e-06
conditional-fit-0051,axis4_reasoning_termination,1596,1.5828774986089454e-05
conditional-fit-0051,axis4_reasoning_termination,1597,7.550396964822446e-07
conditional-fit-0051,axis4_reasoning_termination,1598,7.048483327922076e-06
conditional-fit-0051,axis4_reasoning_termination,1599,5.904999902908798e-05
conditional-fit-0051,axis4_reasoning_termination,1600,4.996947337050281e-05
conditional-fit-0051,axis4_reasoning_termination,1601,0.00663362187495594
conditional-fit-0051,axis4_reasoning_termination,1602,0.012670330666818297
conditional-fit-0051,axis4_reasoning_termination,1603,0.04101242418015219
conditional-fit-0051,axis4_reasoning_termination,1604,0.11362332543205236
conditional-fit-0051,axis4_reasoning_termination,1605,0.002588847618332497
conditional-fit-0051,axis4_reasoning_termination,1606,4.138667327809804e-05
conditional-fit-0051,axis4_reasoning_termination,1607,4.055179529945895e-05
conditional-fit-0051,axis4_reasoning_termination,1608,4.9602460996243226e-06
conditional-fit-0051,axis4_reasoning_termination,1609,0.005874558108722949
conditional-fit-0051,axis4_reasoning_termination,1610,1.598797485349031e-06
conditional-fit-0051,axis4_reasoning_termination,1611,7.828523448230968e-06
conditional-fit-0051,axis4_reasoning_termination,1612,1.5649336494880583e-05
conditional-fit-0051,axis4_reasoning_termination,1613,0.00019464519135680965
conditional-fit-0051,axis4_reasoning_termination,1614,0.0004988414029618457
conditional-fit-0051,axis4_reasoning_termination,1615,0.0022227813317074684
conditional-fit-0051,axis4_reasoning_termination,1616,6.85870663044833e-06
conditional-fit-0051,axis4_reasoning_termination,1617,2.5386257423031536e-06
conditional-fit-0051,axis4_reasoning_termination,1618,0.00010241930623239556
conditional-fit-0051,axis4_reasoning_termination,1619,1.6241656129937526e-06
conditional-fit-0051,axis4_reasoning_termination,1620,5.794620336814717e-07
conditional-fit-0051,axis4_reasoning_termination,1621,1.3140071418130471e-05
conditional-fit-0051,axis4_reasoning_termination,1622,3.6193422703674587e-07
conditional-fit-0051,axis4_reasoning_termination,1623,8.382142279856043e-07
conditional-fit-0051,axis4_reasoning_termination,1624,1.2305040647535549e-05
conditional-fit-0051,axis4_reasoning_termination,1625,1.2708553965681833e-06
conditional-fit-0051,axis4_reasoning_termination,1626,1.5756036608782897e-06
conditional-fit-0051,axis4_reasoning_termination,1627,5.851005527532841e-07
conditional-fit-0051,axis4_reasoning_termination,1628,2.400351304559152e-05
conditional-fit-0051,axis4_reasoning_termination,1629,1.8516110044168735e-06
conditional-fit-0051,axis4_reasoning_termination,1630,2.522153145750443e-06
conditional-fit-0051,axis4_reasoning_termination,1631,7.573384333523126e-06
conditional-fit-0051,axis4_reasoning_termination,1632,4.247848693353868e-06
conditional-fit-0051,axis4_reasoning_termination,1633,1.5501366203987828e-05
conditional-fit-0051,axis4_reasoning_termination,1634,5.1711908457299275e-05
conditional-fit-0051,axis4_reasoning_termination,1635,2.7215381286482726e-05
conditional-fit-0051,axis4_reasoning_termination,1636,6.66332983277287e-06
conditional-fit-0051,axis4_reasoning_termination,1637,8.551363986893934e-06
conditional-fit-0051,axis4_reasoning_termination,1638,3.8180010463379055e-05
conditional-fit-0051,axis4_reasoning_termination,1639,2.9384117102463053e-05
conditional-fit-0051,axis4_reasoning_termination,1640,1.0467398457387671e-05
conditional-fit-0051,axis4_reasoning_termination,1641,1.4524761500694735e-05
conditional-fit-0051,axis4_reasoning_termination,1642,5.786388520551916e-06
conditional-fit-0051,axis4_reasoning_termination,1643,1.560159360916961e-05
conditional-fit-0051,axis4_reasoning_termination,1644,4.686079113774837e-06
conditional-fit-0051,axis4_reasoning_termination,1645,4.415781160097447e-06
conditional-fit-0051,axis4_reasoning_termination,1646,1.7849968051866754e-05
conditional-fit-0051,axis4_reasoning_termination,1647,1.0051565760526426e-05
conditional-fit-0051,axis4_reasoning_termination,1648,1.6529626811445105e-06
conditional-fit-0051,axis4_reasoning_termination,1649,5.269493020858284e-06
conditional-fit-0051,axis4_reasoning_termination,1650,1.8399386686993875e-05
conditional-fit-0051,axis4_reasoning_termination,1651,1.0353582720995506e-05
conditional-fit-0051,axis4_reasoning_termination,1652,3.0029514145796365e-06
conditional-fit-0051,axis4_reasoning_termination,1653,2.2608625632883373e-06
conditional-fit-0051,axis4_reasoning_termination,1654,1.859637584437332e-05
conditional-fit-0051,axis4_reasoning_termination,1655,8.896003943156461e-05
conditional-fit-0051,axis4_reasoning_termination,1656,0.0001961249335670834
conditional-fit-0051,axis4_reasoning_termination,1657,5.489797951317591e-05
conditional-fit-0051,axis4_reasoning_termination,1658,0.007374682896400553
conditional-fit-0051,axis4_reasoning_termination,1659,0.008469821597648895
conditional-fit-0051,axis4_reasoning_termination,1660,0.07290150431011624
conditional-fit-0051,axis4_reasoning_termination,1661,0.0025430499839667357
conditional-fit-0051,axis4_reasoning_termination,1662,0.22030921231376313
conditional-fit-0051,axis4_reasoning_termination,1663,0.0028403022275591706
conditional-fit-0051,axis4_reasoning_termination,1664,1.1562817142244877e-05
conditional-fit-0051,axis4_reasoning_termination,1665,1.4070078615448064e-06
conditional-fit-0051,axis4_reasoning_termination,1666,3.0983528808564576e-05
conditional-fit-0051,axis4_reasoning_termination,1667,0.005555677699247467
conditional-fit-0051,axis4_reasoning_termination,1668,3.233393845886878e-06
conditional-fit-0051,axis4_reasoning_termination,1669,3.1811929776974986e-07
conditional-fit-0051,axis4_reasoning_termination,1670,5.490216754441186e-06
conditional-fit-0051,axis4_reasoning_termination,1671,2.0607309649089946e-05
conditional-fit-0051,axis4_reasoning_termination,1672,0.0009553682690370174
conditional-fit-0051,axis4_reasoning_termination,1673,0.0007206264420703386
conditional-fit-0051,axis4_reasoning_termination,1674,0.0008708652782767878
conditional-fit-0051,axis4_reasoning_termination,1675,8.149468115550059e-06
conditional-fit-0051,axis4_reasoning_termination,1676,5.26828306869299e-06
conditional-fit-0051,axis4_reasoning_termination,1677,7.863114697481785e-05
conditional-fit-0051,axis4_reasoning_termination,1678,4.719151358544329e-06
conditional-fit-0051,axis4_reasoning_termination,1679,8.411251472609217e-07
conditional-fit-0051,axis4_reasoning_termination,1680,2.125949370916714e-05
conditional-fit-0051,axis4_reasoning_termination,1681,1.0862932891375007e-05
conditional-fit-0051,axis4_reasoning_termination,1682,6.039660668442183e-07
conditional-fit-0051,axis4_reasoning_termination,1683,1.7217985317647654e-05
conditional-fit-0051,axis4_reasoning_termination,1684,7.05685137557252e-08
conditional-fit-0051,axis4_reasoning_termination,1685,1.6898007383990298e-06
conditional-fit-0051,axis4_reasoning_termination,1686,4.843460221118373e-06
conditional-fit-0051,axis4_reasoning_termination,1687,6.6018217092946115e-06
conditional-fit-0051,axis4_reasoning_termination,1688,8.908110683214525e-06
conditional-fit-0051,axis4_reasoning_termination,1689,2.387529104310346e-06
conditional-fit-0051,axis4_reasoning_termination,1690,8.171890380297371e-06
conditional-fit-0051,axis4_reasoning_termination,1691,2.2232107189210135e-06
conditional-fit-0051,axis4_reasoning_termination,1692,7.792382179365647e-08
conditional-fit-0051,axis4_reasoning_termination,1693,9.094126905793779e-06
conditional-fit-0051,axis4_reasoning_termination,1694,3.134682323864754e-05
conditional-fit-0051,axis4_reasoning_termination,1695,5.438040261563544e-06
conditional-fit-0051,axis4_reasoning_termination,1696,5.430576342974178e-05
conditional-fit-0051,axis4_reasoning_termination,1697,4.2769026967277515e-05
conditional-fit-0051,axis4_reasoning_termination,1698,0.01813626382573115
conditional-fit-0051,axis4_reasoning_termination,1699,0.012978259943123795
conditional-fit-0051,axis4_reasoning_termination,1700,0.00038731088804777516
conditional-fit-0051,axis4_reasoning_termination,1701,0.18838107752825517
conditional-fit-0051,axis4_reasoning_termination,1702,0.004026326234487582
conditional-fit-0051,axis4_reasoning_termination,1703,1.0948080366140527e-05
conditional-fit-0051,axis4_reasoning_termination,1704,5.5091638376969714e-06
conditional-fit-0051,axis4_reasoning_termination,1705,7.79180159212275e-06
conditional-fit-0051,axis4_reasoning_termination,1706,0.008822598663444599
conditional-fit-0051,axis4_reasoning_termination,1707,2.2121784445023984e-06
conditional-fit-0051,axis4_reasoning_termination,1708,6.511721643490346e-08
conditional-fit-0051,axis4_reasoning_termination,1709,4.012080469056196e-06
conditional-fit-0051,axis4_reasoning_termination,1710,2.4649899656577165e-05
conditional-fit-0051,axis4_reasoning_termination,1711,0.00021595919951321492
conditional-fit-0051,axis4_reasoning_termination,1712,0.001252895647656056
conditional-fit-0051,axis4_reasoning_termination,1713,0.0045736142615949394
conditional-fit-0051,axis4_reasoning_termination,1714,9.69363586573354e-06
conditional-fit-0051,axis4_reasoning_termination,1715,5.446748408835357e-06
conditional-fit-0051,axis4_reasoning_termination,1716,7.015350433425957e-05
conditional-fit-0051,axis4_reasoning_termination,1717,2.115638715387064e-06
conditional-fit-0051,axis4_reasoning_termination,1718,8.875112485101529e-07
conditional-fit-0051,axis4_reasoning_termination,1719,2.8766107754637446e-05
conditional-fit-0051,axis4_reasoning_termination,1720,5.6535347593451496e-06
conditional-fit-0051,axis4_reasoning_termination,1721,6.400324921302463e-07
conditional-fit-0051,axis4_reasoning_termination,1722,2.127099453632436e-06
conditional-fit-0051,axis4_reasoning_termination,1723,2.209009416970763e-07
conditional-fit-0051,axis4_reasoning_termination,1724,1.402305066942074e-06
conditional-fit-0051,axis4_reasoning_termination,1725,9.163211902764053e-06
conditional-fit-0051,axis4_reasoning_termination,1726,4.420195645794616e-06
conditional-fit-0051,axis4_reasoning_termination,1727,8.228448219803085e-06
conditional-fit-0051,axis4_reasoning_termination,1728,2.9056302195325616e-06
conditional-fit-0051,axis4_reasoning_termination,1729,4.471931486367113e-06
conditional-fit-0051,axis4_reasoning_termination,1730,1.946097446962968e-05
conditional-fit-0051,axis4_reasoning_termination,1731,2.1179725550486263e-07
conditional-fit-0051,axis4_reasoning_termination,1732,4.048668179568539e-06
conditional-fit-0051,axis4_reasoning_termination,1733,7.164408790054903e-05
conditional-fit-0051,axis4_reasoning_termination,1734,2.2910502208351713e-06
conditional-fit-0051,axis4_reasoning_termination,1735,9.737246050604665e-05
conditional-fit-0051,axis4_reasoning_termination,1736,3.7017530997343157e-05
conditional-fit-0051,axis4_reasoning_termination,1737,0.02513319334213809
conditional-fit-0051,axis4_reasoning_termination,1738,0.03511779269716019
conditional-fit-0051,axis4_reasoning_termination,1739,0.0007381005357053243
conditional-fit-0051,axis4_reasoning_termination,1740,0.26847578435374836
conditional-fit-0051,axis4_reasoning_termination,1741,0.007338856666193961
conditional-fit-0051,axis4_reasoning_termination,1742,9.336752004748172e-06
conditional-fit-0051,axis4_reasoning_termination,1743,3.346031483050714e-05
conditional-fit-0051,axis4_reasoning_termination,1744,4.2001717069693755e-06
conditional-fit-0051,axis4_reasoning_termination,1745,0.005331576518295123
conditional-fit-0051,axis4_reasoning_termination,1746,2.2362226860313094e-05
conditional-fit-0051,axis4_reasoning_termination,1747,0.0012887007280309038
conditional-fit-0051,axis4_reasoning_termination,1748,0.0010775618317831652
conditional-fit-0051,axis4_reasoning_termination,1749,0.0002614959795882249
conditional-fit-0051,axis4_reasoning_termination,1750,1.9313096166416853e-05
conditional-fit-0051,axis4_reasoning_termination,1751,2.3217121058975906e-06
conditional-fit-0051,axis4_reasoning_termination,1752,4.491938441954331e-05
conditional-fit-0051,axis4_reasoning_termination,1753,4.703677030986875e-07
conditional-fit-0051,axis4_reasoning_termination,1754,5.751153867198909e-07
conditional-fit-0051,axis4_reasoning_termination,1755,1.2594465002971687e-05
conditional-fit-0051,axis4_reasoning_termination,1756,4.90103543931573e-07
conditional-fit-0051,axis4_reasoning_termination,1757,1.3238570934330777e-05
conditional-fit-0051,axis4_reasoning_termination,1758,5.303492656967817e-06
conditional-fit-0051,axis4_reasoning_termination,1759,1.911097230507012e-06
conditional-fit-0051,axis4_reasoning_termination,1760,4.48460085922447e-06
conditional-fit-0051,axis4_reasoning_termination,1761,1.678816152647609e-07
conditional-fit-0051,axis4_reasoning_termination,1762,2.8607139142966172e-06
conditional-fit-0051,axis4_reasoning_termination,1763,8.357660604818095e-08
conditional-fit-0051,axis4_reasoning_termination,1764,7.838982457759736e-07
conditional-fit-0051,axis4_reasoning_termination,1765,3.156431161944436e-06
conditional-fit-0051,axis4_reasoning_termination,1766,2.4042504493135226e-06
conditional-fit-0051,axis4_reasoning_termination,1767,1.7079750748669977e-06
conditional-fit-0051,axis4_reasoning_termination,1768,7.538753122907372e-07
conditional-fit-0051,axis4_reasoning_termination,1769,7.459101284784216e-06
conditional-fit-0051,axis4_reasoning_termination,1770,4.953643637977831e-07
conditional-fit-0051,axis4_reasoning_termination,1771,1.9199153114162864e-06
conditional-fit-0051,axis4_reasoning_termination,1772,5.5445215411544185e-06
conditional-fit-0051,axis4_reasoning_termination,1773,4.172222453081287e-06
conditional-fit-0051,axis4_reasoning_termination,1774,2.6271131123729583e-06
conditional-fit-0051,axis4_reasoning_termination,1775,2.1442361848044104e-06
conditional-fit-0051,axis4_reasoning_termination,1776,5.969200295001548e-07
conditional-fit-0051,axis4_reasoning_termination,1777,2.968008507100338e-07
conditional-fit-0051,axis4_reasoning_termination,1778,1.3689627088608564e-08
conditional-fit-0051,axis4_reasoning_termination,1779,1.9229256039139105e-06
conditional-fit-0051,axis4_reasoning_termination,1780,2.2254619571163748e-06
conditional-fit-0051,axis4_reasoning_termination,1781,2.083823932013874e-06
conditional-fit-0051,axis4_reasoning_termination,1782,1.2160006383358222e-05
conditional-fit-0051,axis4_reasoning_termination,1783,9.333186367021925e-07
conditional-fit-0051,axis4_reasoning_termination,1784,9.21917074204409e-07
conditional-fit-0051,axis4_reasoning_termination,1785,6.428178611398381e-06
conditional-fit-0051,axis4_reasoning_termination,1786,2.4550772002589082e-06
conditional-fit-0051,axis4_reasoning_termination,1787,1.3943291818032488e-06
conditional-fit-0051,axis4_reasoning_termination,1788,3.3955843096903377e-06
conditional-fit-0051,axis4_reasoning_termination,1789,2.0864167291209034e-07
conditional-fit-0051,axis4_reasoning_termination,1790,3.1677989614751524e-06
conditional-fit-0051,axis4_reasoning_termination,1791,1.2963069350713429e-06
conditional-fit-0051,axis4_reasoning_termination,1792,2.1565501110129547e-06
conditional-fit-0051,axis4_reasoning_termination,1793,7.821803127743178e-06
conditional-fit-0051,axis4_reasoning_termination,1794,1.6009355143284625e-06
conditional-fit-0051,axis4_reasoning_termination,1795,2.338537996598766e-06
conditional-fit-0051,axis4_reasoning_termination,1796,1.1766347478815434e-05
conditional-fit-0051,axis4_reasoning_termination,1797,3.5282878472347054e-06
conditional-fit-0051,axis4_reasoning_termination,1798,1.3136866734685099e-06
conditional-fit-0051,axis4_reasoning_termination,1799,2.4202599782351785e-06
conditional-fit-0051,axis4_reasoning_termination,1800,1.7829447248711294e-05
conditional-fit-0051,axis4_reasoning_termination,1801,1.6493138700578868e-06
conditional-fit-0051,axis4_reasoning_termination,1802,2.0346810718459994e-05
conditional-fit-0051,axis4_reasoning_termination,1803,1.906826197196194e-06
conditional-fit-0051,axis4_reasoning_termination,1804,4.772219103972989e-06
conditional-fit-0051,axis4_reasoning_termination,1805,9.00251520001485e-05
conditional-fit-0051,axis4_reasoning_termination,1806,4.3723057107958026e-05
conditional-fit-0051,axis4_reasoning_termination,1807,0.008285194619392087
conditional-fit-0051,axis4_reasoning_termination,1808,0.06873552700929181
conditional-fit-0051,axis4_reasoning_termination,1809,0.0017489374446224193
conditional-fit-0051,axis4_reasoning_termination,1810,0.12955476557413814
conditional-fit-0051,axis4_reasoning_termination,1811,0.0028398685035532713
conditional-fit-0051,axis4_reasoning_termination,1812,1.0639183820712433e-05
conditional-fit-0051,axis4_reasoning_termination,1813,6.5490852454601314e-06
conditional-fit-0051,axis4_reasoning_termination,1814,1.5486090880249454e-06
conditional-fit-0051,axis4_reasoning_termination,1815,0.002258185917314035
conditional-fit-0051,axis4_reasoning_termination,1816,1.144619648851384e-05
conditional-fit-0051,axis4_reasoning_termination,1817,0.0005350473745345818
conditional-fit-0051,axis4_reasoning_termination,1818,0.0002963826747976263
conditional-fit-0051,axis4_reasoning_termination,1819,0.001617569858417887
conditional-fit-0051,axis4_reasoning_termination,1820,2.695113027508659e-06
conditional-fit-0051,axis4_reasoning_termination,1821,2.5347501864259083e-06
conditional-fit-0051,axis4_reasoning_termination,1822,3.003829781015029e-05
conditional-fit-0051,axis4_reasoning_termination,1823,8.593611338004168e-07
conditional-fit-0051,axis4_reasoning_termination,1824,8.373634858519528e-07
conditional-fit-0051,axis4_reasoning_termination,1825,1.775012273663455e-05
conditional-fit-0051,axis4_reasoning_termination,1826,4.22870447886977e-06
conditional-fit-0051,axis4_reasoning_termination,1827,4.967332350219073e-06
conditional-fit-0051,axis4_reasoning_termination,1828,1.168214714721165e-05
conditional-fit-0051,axis4_reasoning_termination,1829,2.6094194266220016e-06
conditional-fit-0051,axis4_reasoning_termination,1830,2.6781030807947956e-06
conditional-fit-0051,axis4_reasoning_termination,1831,3.8996682955345575e-07
conditional-fit-0051,axis4_reasoning_termination,1832,1.6856642756599318e-06
conditional-fit-0051,axis4_reasoning_termination,1833,2.3217432261982756e-07
conditional-fit-0051,axis4_reasoning_termination,1834,1.3582140608843906e-06
conditional-fit-0051,axis4_reasoning_termination,1835,3.8002095387538684e-06
conditional-fit-0051,axis4_reasoning_termination,1836,6.423659000233361e-06
conditional-fit-0051,axis4_reasoning_termination,1837,2.968891509822897e-06
conditional-fit-0051,axis4_reasoning_termination,1838,1.1832074849506746e-06
conditional-fit-0051,axis4_reasoning_termination,1839,1.9155820781841438e-05
conditional-fit-0051,axis4_reasoning_termination,1840,8.909267323343473e-07
conditional-fit-0051,axis4_reasoning_termination,1841,2.3652122638343096e-06
conditional-fit-0051,axis4_reasoning_termination,1842,9.308828475115481e-07
conditional-fit-0051,axis4_reasoning_termination,1843,2.7450007002301473e-06
conditional-fit-0051,axis4_reasoning_termination,1844,6.843752339118432e-06
conditional-fit-0051,axis4_reasoning_termination,1845,5.714356712633806e-06
conditional-fit-0051,axis4_reasoning_termination,1846,6.14615194659994e-07
conditional-fit-0051,axis4_reasoning_termination,1847,5.831414781360142e-07
conditional-fit-0051,axis4_reasoning_termination,1848,1.3736381806788682e-06
conditional-fit-0051,axis4_reasoning_termination,1849,9.935676369973097e-06
conditional-fit-0051,axis4_reasoning_termination,1850,3.544085509567779e-06
conditional-fit-0051,axis4_reasoning_termination,1851,8.486231975241467e-06
conditional-fit-0051,axis4_reasoning_termination,1852,3.543919349272412e-06
conditional-fit-0051,axis4_reasoning_termination,1853,4.805273786580459e-07
conditional-fit-0051,axis4_reasoning_termination,1854,5.461500386855246e-06
conditional-fit-0051,axis4_reasoning_termination,1855,1.8737230933331493e-05
conditional-fit-0051,axis4_reasoning_termination,1856,7.159944241318894e-06
conditional-fit-0051,axis4_reasoning_termination,1857,2.4108031421923074e-06
conditional-fit-0051,axis4_reasoning_termination,1858,8.173875682712436e-06
conditional-fit-0051,axis4_reasoning_termination,1859,8.009155346489742e-06
conditional-fit-0051,axis4_reasoning_termination,1860,4.995848710321587e-06
conditional-fit-0051,axis4_reasoning_termination,1861,9.782677378459343e-07
conditional-fit-0051,axis4_reasoning_termination,1862,3.604311153118832e-06
conditional-fit-0051,axis4_reasoning_termination,1863,2.8714990218799072e-06
conditional-fit-0051,axis4_reasoning_termination,1864,1.4548761256658561e-06
conditional-fit-0051,axis4_reasoning_termination,1865,1.3347091895584146e-07
conditional-fit-0051,axis4_reasoning_termination,1866,8.058161784451338e-06
conditional-fit-0051,axis4_reasoning_termination,1867,7.498461557354523e-06
conditional-fit-0051,axis4_reasoning_termination,1868,8.735659103646583e-06
conditional-fit-0051,axis4_reasoning_termination,1869,7.234133275509093e-06
conditional-fit-0051,axis4_reasoning_termination,1870,5.332568519520807e-06
conditional-fit-0051,axis4_reasoning_termination,1871,3.3784205834280718e-06
conditional-fit-0051,axis4_reasoning_termination,1872,6.922073452059661e-05
conditional-fit-0051,axis4_reasoning_termination,1873,2.025829532592361e-06
conditional-fit-0051,axis4_reasoning_termination,1874,4.645430647774728e-06
conditional-fit-0051,axis4_reasoning_termination,1875,0.00013287457074368986
conditional-fit-0051,axis4_reasoning_termination,1876,3.254140259729368e-05
conditional-fit-0051,axis4_reasoning_termination,1877,0.006623954009062975
conditional-fit-0051,axis4_reasoning_termination,1878,0.059013831089734965
conditional-fit-0051,axis4_reasoning_termination,1879,0.0006253536622982914
conditional-fit-0051,axis4_reasoning_termination,1880,0.14843119587004502
conditional-fit-0051,axis4_reasoning_termination,1881,0.002375958034521567
conditional-fit-0051,axis4_reasoning_termination,1882,5.278798027352045e-06
conditional-fit-0051,axis4_reasoning_termination,1883,1.5979151449731385e-05
conditional-fit-0051,axis4_reasoning_termination,1884,1.3111078313037292e-06
conditional-fit-0051,axis4_reasoning_termination,1885,0.0043083241535818335
conditional-fit-0051,axis4_reasoning_termination,1886,8.756476066160449e-07
conditional-fit-0051,axis4_reasoning_termination,1887,3.857978712814997e-06
conditional-fit-0051,axis4_reasoning_termination,1888,1.0798728387965115e-05
conditional-fit-0051,axis4_reasoning_termination,1889,0.0007758700695585882
conditional-fit-0051,axis4_reasoning_termination,1890,0.001780856999974302
conditional-fit-0051,axis4_reasoning_termination,1891,0.00028828527144294624
conditional-fit-0051,axis4_reasoning_termination,1892,9.689059520605816e-06
conditional-fit-0051,axis4_reasoning_termination,1893,3.316837723566735e-06
conditional-fit-0051,axis4_reasoning_termination,1894,2.0855381445276237e-05
conditional-fit-0051,axis4_reasoning_termination,1895,5.435000151853291e-06
conditional-fit-0051,axis4_reasoning_termination,1896,1.581065787207814e-06
conditional-fit-0051,axis4_reasoning_termination,1897,2.0461781772019986e-06
conditional-fit-0051,axis4_reasoning_termination,1898,1.6830390363591142e-06
conditional-fit-0051,axis4_reasoning_termination,1899,2.040635545072624e-06
conditional-fit-0051,axis4_reasoning_termination,1900,7.491207844081879e-06
conditional-fit-0051,axis4_reasoning_termination,1901,9.53706520876094e-07
conditional-fit-0051,axis4_reasoning_termination,1902,1.319333402682962e-06
conditional-fit-0051,axis4_reasoning_termination,1903,8.405060410665717e-07
conditional-fit-0051,axis4_reasoning_termination,1904,5.594186027919255e-06
conditional-fit-0051,axis4_reasoning_termination,1905,1.628051838177737e-06
conditional-fit-0051,axis4_reasoning_termination,1906,4.8663981377338524e-06
conditional-fit-0051,axis4_reasoning_termination,1907,9.18452968768788e-06
conditional-fit-0051,axis4_reasoning_termination,1908,2.97407809311564e-06
conditional-fit-0051,axis4_reasoning_termination,1909,2.863415484008359e-05
conditional-fit-0051,axis4_reasoning_termination,1910,1.1724250890747859e-05
conditional-fit-0051,axis4_reasoning_termination,1911,3.923530757220928e-06
conditional-fit-0051,axis4_reasoning_termination,1912,3.988993764636128e-06
conditional-fit-0051,axis4_reasoning_termination,1913,1.903895575947729e-06
conditional-fit-0051,axis4_reasoning_termination,1914,2.5706630389267038e-06
conditional-fit-0051,axis4_reasoning_termination,1915,7.91245917013016e-06
conditional-fit-0051,axis4_reasoning_termination,1916,2.1066169195962226e-06
conditional-fit-0051,axis4_reasoning_termination,1917,3.534072128718587e-06
conditional-fit-0051,axis4_reasoning_termination,1918,1.0394169659605123e-06
conditional-fit-0051,axis4_reasoning_termination,1919,1.676368469654181e-05
conditional-fit-0051,axis4_reasoning_termination,1920,4.0522660549874465e-06
conditional-fit-0051,axis4_reasoning_termination,1921,1.5778757257985044e-06
conditional-fit-0051,axis4_reasoning_termination,1922,3.1154443957826306e-05
conditional-fit-0051,axis4_reasoning_termination,1923,8.332252983948503e-06
conditional-fit-0051,axis4_reasoning_termination,1924,3.8299255991891575e-06
conditional-fit-0051,axis4_reasoning_termination,1925,3.884820125788235e-06
conditional-fit-0051,axis4_reasoning_termination,1926,1.9428531327509392e-05
conditional-fit-0051,axis4_reasoning_termination,1927,1.923384895307622e-06
conditional-fit-0051,axis4_reasoning_termination,1928,1.7985210075139077e-06
conditional-fit-0051,axis4_reasoning_termination,1929,8.457962047187466e-07
conditional-fit-0051,axis4_reasoning_termination,1930,1.6588119360865485e-05
conditional-fit-0051,axis4_reasoning_termination,1931,3.1658505808349254e-06
conditional-fit-0051,axis4_reasoning_termination,1932,0.0002507137432197903
conditional-fit-0051,axis4_reasoning_termination,1933,4.2131117873088826e-05
conditional-fit-0051,axis4_reasoning_termination,1934,0.015936538681906594
conditional-fit-0051,axis4_reasoning_termination,1935,0.11497508310296292
conditional-fit-0051,axis4_reasoning_termination,1936,0.0002729873729587873
conditional-fit-0051,axis4_reasoning_termination,1937,0.09876133304580632
conditional-fit-0051,axis4_reasoning_termination,1938,0.0024147889461454985
conditional-fit-0051,axis4_reasoning_termination,1939,6.833009005516161e-06
conditional-fit-0051,axis4_reasoning_termination,1940,2.0978965962935365e-06
conditional-fit-0051,axis4_reasoning_termination,1941,1.4656515281683403e-06
conditional-fit-0051,axis4_reasoning_termination,1942,0.0027111870088942797
conditional-fit-0051,axis4_reasoning_termination,1943,1.217208297250157e-05
conditional-fit-0051,axis4_reasoning_termination,1944,0.0004430654967342325
conditional-fit-0051,axis4_reasoning_termination,1945,0.0011690753178814108
conditional-fit-0051,axis4_reasoning_termination,1946,0.00029932585211250244
conditional-fit-0051,axis4_reasoning_termination,1947,8.425921493161688e-06
conditional-fit-0051,axis4_reasoning_termination,1948,1.4543156481043682e-06
conditional-fit-0051,axis4_reasoning_termination,1949,4.00366019748488e-05
conditional-fit-0051,axis4_reasoning_termination,1950,2.2513034489549073e-07
conditional-fit-0051,axis4_reasoning_termination,1951,1.9322671483993117e-07
conditional-fit-0051,axis4_reasoning_termination,1952,6.179811767876409e-06
conditional-fit-0051,axis4_reasoning_termination,1953,7.099323373110463e-07
conditional-fit-0051,axis4_reasoning_termination,1954,2.1493387484627873e-06
conditional-fit-0051,axis4_reasoning_termination,1955,3.6013517867965926e-05
conditional-fit-0051,axis4_reasoning_termination,1956,4.396399505908649e-06
conditional-fit-0051,axis4_reasoning_termination,1957,2.661782822412304e-06
conditional-fit-0051,axis4_reasoning_termination,1958,2.252194859245853e-07
conditional-fit-0051,axis4_reasoning_termination,1959,2.565317964707031e-06
conditional-fit-0051,axis4_reasoning_termination,1960,2.1567532466946275e-07
conditional-fit-0051,axis4_reasoning_termination,1961,1.3079143838355497e-06
conditional-fit-0051,axis4_reasoning_termination,1962,3.1385940028477567e-06
conditional-fit-0051,axis4_reasoning_termination,1963,2.0755241409629183e-06
conditional-fit-0051,axis4_reasoning_termination,1964,2.3993258365752812e-06
conditional-fit-0051,axis4_reasoning_termination,1965,4.2319141117499246e-07
conditional-fit-0051,axis4_reasoning_termination,1966,8.638917622043113e-07
conditional-fit-0051,axis4_reasoning_termination,1967,5.692496138563453e-07
conditional-fit-0051,axis4_reasoning_termination,1968,1.0418713859528528e-05
conditional-fit-0051,axis4_reasoning_termination,1969,3.712028735185199e-06
conditional-fit-0051,axis4_reasoning_termination,1970,3.8459128609815955e-06
conditional-fit-0051,axis4_reasoning_termination,1971,1.311110845328761e-06
conditional-fit-0051,axis4_reasoning_termination,1972,7.876654104254517e-06
conditional-fit-0051,axis4_reasoning_termination,1973,8.035395632271492e-07
conditional-fit-0051,axis4_reasoning_termination,1974,4.871842784816137e-07
conditional-fit-0051,axis4_reasoning_termination,1975,2.0646407507063534e-06
conditional-fit-0051,axis4_reasoning_termination,1976,2.088819271372572e-06
conditional-fit-0051,axis4_reasoning_termination,1977,5.37026460660571e-06
conditional-fit-0051,axis4_reasoning_termination,1978,1.523641046572084e-06
conditional-fit-0051,axis4_reasoning_termination,1979,8.340172913117967e-07
conditional-fit-0051,axis4_reasoning_termination,1980,7.445156337644576e-06
conditional-fit-0051,axis4_reasoning_termination,1981,1.1037004580845568e-06
conditional-fit-0051,axis4_reasoning_termination,1982,1.4558331524156384e-05
conditional-fit-0051,axis4_reasoning_termination,1983,5.28988912953108e-06
conditional-fit-0051,axis4_reasoning_termination,1984,8.878643057999714e-07
conditional-fit-0051,axis4_reasoning_termination,1985,7.014125194639265e-06
conditional-fit-0051,axis4_reasoning_termination,1986,1.6565015978688545e-07
conditional-fit-0051,axis4_reasoning_termination,1987,1.0179272817591765e-05
conditional-fit-0051,axis4_reasoning_termination,1988,1.2937015980765124e-06
conditional-fit-0051,axis4_reasoning_termination,1989,1.315019681408288e-06
conditional-fit-0051,axis4_reasoning_termination,1990,2.164539404581384e-05
conditional-fit-0051,axis4_reasoning_termination,1991,4.444097802716646e-06
conditional-fit-0051,axis4_reasoning_termination,1992,2.4329726489756017e-06
conditional-fit-0051,axis4_reasoning_termination,1993,7.609058877043032e-06
conditional-fit-0051,axis4_reasoning_termination,1994,3.0776430021096305e-06
conditional-fit-0051,axis4_reasoning_termination,1995,3.3949377832561617e-06
conditional-fit-0051,axis4_reasoning_termination,1996,1.54846636561901e-06
conditional-fit-0051,axis4_reasoning_termination,1997,2.326778531821803e-06
conditional-fit-0051,axis4_reasoning_termination,1998,9.570902413505473e-07
conditional-fit-0051,axis4_reasoning_termination,1999,2.799109801039547e-05
conditional-fit-0051,axis4_reasoning_termination,2000,7.103614014805672e-07
conditional-fit-0051,axis4_reasoning_termination,2001,4.2395939562307594e-06
conditional-fit-0051,axis4_reasoning_termination,2002,7.575376882481707e-05
conditional-fit-0051,axis4_reasoning_termination,2003,2.5143219186144278e-05
conditional-fit-0051,axis4_reasoning_termination,2004,0.009037573205168582
conditional-fit-0051,axis4_reasoning_termination,2005,0.1042658577185695
conditional-fit-0051,axis4_reasoning_termination,2006,0.0010059115808544496
conditional-fit-0051,axis4_reasoning_termination,2007,0.17688691327161746
conditional-fit-0051,axis4_reasoning_termination,2008,0.0009217168116038117
conditional-fit-0051,axis4_reasoning_termination,2009,2.11683581960445e-05
conditional-fit-0051,axis4_reasoning_termination,2010,3.174323763589734e-05
conditional-fit-0051,axis4_reasoning_termination,2011,3.1431158283198276e-06
conditional-fit-0051,axis4_reasoning_termination,2012,0.005268302636222546
conditional-fit-0051,axis4_reasoning_termination,2013,3.411035883289522e-06
conditional-fit-0051,axis4_reasoning_termination,2014,1.2915816605101999e-05
conditional-fit-0051,axis4_reasoning_termination,2015,3.245265417646815e-06
conditional-fit-0051,axis4_reasoning_termination,2016,1.0372723674715548e-07
conditional-fit-0051,axis4_reasoning_termination,2017,1.659337423043012e-05
conditional-fit-0051,axis4_reasoning_termination,2018,6.522372847978693e-05
conditional-fit-0051,axis4_reasoning_termination,2019,0.0007221954354411247
conditional-fit-0051,axis4_reasoning_termination,2020,0.00045948003351657955
conditional-fit-0051,axis4_reasoning_termination,2021,9.416413385207807e-06
conditional-fit-0051,axis4_reasoning_termination,2022,1.3749945746291907e-06
conditional-fit-0051,axis4_reasoning_termination,2023,7.164097325142904e-06
conditional-fit-0051,axis4_reasoning_termination,2024,1.494754899879347e-06
conditional-fit-0051,axis4_reasoning_termination,2025,1.0730540616484874e-06
conditional-fit-0051,axis4_reasoning_termination,2026,2.2794248099504064e-06
conditional-fit-0051,axis4_reasoning_termination,2027,1.2596316689996472e-06
conditional-fit-0051,axis4_reasoning_termination,2028,2.065007720180247e-06
conditional-fit-0051,axis4_reasoning_termination,2029,4.5378428405313094e-06
conditional-fit-0051,axis4_reasoning_termination,2030,4.890970225860159e-07
conditional-fit-0051,axis4_reasoning_termination,2031,7.544072766251154e-06
conditional-fit-0051,axis4_reasoning_termination,2032,1.5586596507293294e-06
conditional-fit-0051,axis4_reasoning_termination,2033,2.199024549197026e-06
conditional-fit-0051,axis4_reasoning_termination,2034,1.77537003865905e-06
conditional-fit-0051,axis4_reasoning_termination,2035,4.253098304059986e-06
conditional-fit-0051,axis4_reasoning_termination,2036,1.576144374177314e-06
conditional-fit-0051,axis4_reasoning_termination,2037,2.4553305196091457e-06
conditional-fit-0051,axis4_reasoning_termination,2038,9.67271906957409e-07
conditional-fit-0051,axis4_reasoning_termination,2039,3.429360995177695e-06
conditional-fit-0051,axis4_reasoning_termination,2040,1.0726752686714676e-06
conditional-fit-0051,axis4_reasoning_termination,2041,9.436198840571473e-07
conditional-fit-0051,axis4_reasoning_termination,2042,7.042231711114879e-05
conditional-fit-0051,axis4_reasoning_termination,2043,3.6317245268878075e-06
conditional-fit-0051,axis4_reasoning_termination,2044,2.4546675024211906e-06
conditional-fit-0051,axis4_reasoning_termination,2045,9.88749401020807e-06
conditional-fit-0051,axis4_reasoning_termination,2046,3.38608971181123e-07
