window_id,domain,pos,kld
conditional-fit-0062,axis3_code_agentic,0,1.2695431019974683
conditional-fit-0062,axis3_code_agentic,1,1.0935133051306496
conditional-fit-0062,axis3_code_agentic,2,1.019702713124379
conditional-fit-0062,axis3_code_agentic,3,0.45418586455743765
conditional-fit-0062,axis3_code_agentic,4,0.9374881701248984
conditional-fit-0062,axis3_code_agentic,5,0.8678380344528331
conditional-fit-0062,axis3_code_agentic,6,0.41239298159010895
conditional-fit-0062,axis3_code_agentic,7,0.20180215687362582
conditional-fit-0062,axis3_code_agentic,8,0.022895292342989034
conditional-fit-0062,axis3_code_agentic,9,0.2886333208649762
conditional-fit-0062,axis3_code_agentic,10,0.013830821069723685
conditional-fit-0062,axis3_code_agentic,11,0.3980559722213667
conditional-fit-0062,axis3_code_agentic,12,0.10258097569678064
conditional-fit-0062,axis3_code_agentic,13,0.0038011326090999628
conditional-fit-0062,axis3_code_agentic,14,0.8332649019937783
conditional-fit-0062,axis3_code_agentic,15,0.008795807343018103
conditional-fit-0062,axis3_code_agentic,16,0.3788976909791593
conditional-fit-0062,axis3_code_agentic,17,0.18288889606222553
conditional-fit-0062,axis3_code_agentic,18,1.2987603092965188
conditional-fit-0062,axis3_code_agentic,19,0.023676094945638833
conditional-fit-0062,axis3_code_agentic,20,0.011554187915731914
conditional-fit-0062,axis3_code_agentic,21,0.006133572281820879
conditional-fit-0062,axis3_code_agentic,22,0.059405369677587944
conditional-fit-0062,axis3_code_agentic,23,0.0006032226244859828
conditional-fit-0062,axis3_code_agentic,24,0.06207688979091657
conditional-fit-0062,axis3_code_agentic,25,1.0946164878253786
conditional-fit-0062,axis3_code_agentic,26,0.2780368077939301
conditional-fit-0062,axis3_code_agentic,27,0.05445863204736104
conditional-fit-0062,axis3_code_agentic,28,0.02572021590423136
conditional-fit-0062,axis3_code_agentic,29,0.13161012095614744
conditional-fit-0062,axis3_code_agentic,30,0.2559898372320625
conditional-fit-0062,axis3_code_agentic,31,0.139748169007975
conditional-fit-0062,axis3_code_agentic,32,0.019314715475430178
conditional-fit-0062,axis3_code_agentic,33,0.10878870451733802
conditional-fit-0062,axis3_code_agentic,34,0.00824139584161955
conditional-fit-0062,axis3_code_agentic,35,0.001895461017537064
conditional-fit-0062,axis3_code_agentic,36,0.40027419218093907
conditional-fit-0062,axis3_code_agentic,37,0.01509696986840747
conditional-fit-0062,axis3_code_agentic,38,0.001581217035613439
conditional-fit-0062,axis3_code_agentic,39,0.10087061761823511
conditional-fit-0062,axis3_code_agentic,40,0.17288185382208993
conditional-fit-0062,axis3_code_agentic,41,0.025258868207792794
conditional-fit-0062,axis3_code_agentic,42,0.10647850797460179
conditional-fit-0062,axis3_code_agentic,43,0.0012417889389427885
conditional-fit-0062,axis3_code_agentic,44,0.017924049008438817
conditional-fit-0062,axis3_code_agentic,45,0.007580545822080991
conditional-fit-0062,axis3_code_agentic,46,0.022479028098736135
conditional-fit-0062,axis3_code_agentic,47,0.17317504298298803
conditional-fit-0062,axis3_code_agentic,48,0.012656282289986314
conditional-fit-0062,axis3_code_agentic,49,0.0003460341365173642
conditional-fit-0062,axis3_code_agentic,50,0.019726306069675948
conditional-fit-0062,axis3_code_agentic,51,0.0001421189005181753
conditional-fit-0062,axis3_code_agentic,52,0.00012150089973420814
conditional-fit-0062,axis3_code_agentic,53,0.047716949939658325
conditional-fit-0062,axis3_code_agentic,54,0.00028132450203717497
conditional-fit-0062,axis3_code_agentic,55,0.00010023123312375017
conditional-fit-0062,axis3_code_agentic,56,0.23447295017997594
conditional-fit-0062,axis3_code_agentic,57,0.012245940641920635
conditional-fit-0062,axis3_code_agentic,58,0.00010028227728147938
conditional-fit-0062,axis3_code_agentic,59,0.01857639923798157
conditional-fit-0062,axis3_code_agentic,60,0.0003901063821757909
conditional-fit-0062,axis3_code_agentic,61,0.0002460887634522209
conditional-fit-0062,axis3_code_agentic,62,0.0012052802227222057
conditional-fit-0062,axis3_code_agentic,63,0.0006823318106637152
conditional-fit-0062,axis3_code_agentic,64,0.012810146110382045
conditional-fit-0062,axis3_code_agentic,65,0.0013199540143762954
conditional-fit-0062,axis3_code_agentic,66,0.0063582922999785
conditional-fit-0062,axis3_code_agentic,67,0.00303741581345047
conditional-fit-0062,axis3_code_agentic,68,8.280061305733052e-05
conditional-fit-0062,axis3_code_agentic,69,0.018206232688147368
conditional-fit-0062,axis3_code_agentic,70,0.00021026556027963354
conditional-fit-0062,axis3_code_agentic,71,0.0011802924520144206
conditional-fit-0062,axis3_code_agentic,72,0.0020507625282315868
conditional-fit-0062,axis3_code_agentic,73,0.017736137375777637
conditional-fit-0062,axis3_code_agentic,74,0.023707361108803962
conditional-fit-0062,axis3_code_agentic,75,0.0015973516880678565
conditional-fit-0062,axis3_code_agentic,76,0.12293677549039186
conditional-fit-0062,axis3_code_agentic,77,0.16052890677216947
conditional-fit-0062,axis3_code_agentic,78,0.10177768068153312
conditional-fit-0062,axis3_code_agentic,79,0.09172528565667948
conditional-fit-0062,axis3_code_agentic,80,0.1544922494216737
conditional-fit-0062,axis3_code_agentic,81,0.36922048867375207
conditional-fit-0062,axis3_code_agentic,82,0.250935715230773
conditional-fit-0062,axis3_code_agentic,83,0.027352932524860162
conditional-fit-0062,axis3_code_agentic,84,0.009379335512115611
conditional-fit-0062,axis3_code_agentic,85,0.2935326186002345
conditional-fit-0062,axis3_code_agentic,86,0.09844194222245893
conditional-fit-0062,axis3_code_agentic,87,0.17063850298307132
conditional-fit-0062,axis3_code_agentic,88,0.06941018851011041
conditional-fit-0062,axis3_code_agentic,89,0.15557290946715432
conditional-fit-0062,axis3_code_agentic,90,0.028565064695593084
conditional-fit-0062,axis3_code_agentic,91,0.06235425545270476
conditional-fit-0062,axis3_code_agentic,92,0.17335355384001166
conditional-fit-0062,axis3_code_agentic,93,0.06647171113023975
conditional-fit-0062,axis3_code_agentic,94,0.093014886204694
conditional-fit-0062,axis3_code_agentic,95,0.08381975294699304
conditional-fit-0062,axis3_code_agentic,96,0.30117727268351513
conditional-fit-0062,axis3_code_agentic,97,0.043362216675206754
conditional-fit-0062,axis3_code_agentic,98,0.2682853451583186
conditional-fit-0062,axis3_code_agentic,99,0.0018625405162903323
conditional-fit-0062,axis3_code_agentic,100,0.0006689450441272981
conditional-fit-0062,axis3_code_agentic,101,0.08321047232455436
conditional-fit-0062,axis3_code_agentic,102,0.0006470116851105466
conditional-fit-0062,axis3_code_agentic,103,0.0002723965967051814
conditional-fit-0062,axis3_code_agentic,104,0.07730688955629256
conditional-fit-0062,axis3_code_agentic,105,0.0001221081525609121
conditional-fit-0062,axis3_code_agentic,106,0.110258153385827
conditional-fit-0062,axis3_code_agentic,107,0.1269049634194905
conditional-fit-0062,axis3_code_agentic,108,0.076740030661972
conditional-fit-0062,axis3_code_agentic,109,0.010948402632932126
conditional-fit-0062,axis3_code_agentic,110,0.08283766225663003
conditional-fit-0062,axis3_code_agentic,111,0.1265104885438085
conditional-fit-0062,axis3_code_agentic,112,0.03197941064025537
conditional-fit-0062,axis3_code_agentic,113,0.013216521482494786
conditional-fit-0062,axis3_code_agentic,114,0.07460457775353754
conditional-fit-0062,axis3_code_agentic,115,0.06306973261525795
conditional-fit-0062,axis3_code_agentic,116,0.19459201880135477
conditional-fit-0062,axis3_code_agentic,117,0.08844275682442904
conditional-fit-0062,axis3_code_agentic,118,0.026954997560200897
conditional-fit-0062,axis3_code_agentic,119,0.04099627215145336
conditional-fit-0062,axis3_code_agentic,120,0.08098596471031531
conditional-fit-0062,axis3_code_agentic,121,0.06110496241121356
conditional-fit-0062,axis3_code_agentic,122,0.14308476499447717
conditional-fit-0062,axis3_code_agentic,123,0.000981974191432165
conditional-fit-0062,axis3_code_agentic,124,0.00028809767468163995
conditional-fit-0062,axis3_code_agentic,125,2.0100284932684164e-06
conditional-fit-0062,axis3_code_agentic,126,0.03398140506767544
conditional-fit-0062,axis3_code_agentic,127,0.041340995921993806
conditional-fit-0062,axis3_code_agentic,128,0.06089067162573111
conditional-fit-0062,axis3_code_agentic,129,0.00040788135181644535
conditional-fit-0062,axis3_code_agentic,130,0.0010291912432234544
conditional-fit-0062,axis3_code_agentic,131,5.821005948157134e-06
conditional-fit-0062,axis3_code_agentic,132,0.00044087270736843556
conditional-fit-0062,axis3_code_agentic,133,0.061014828063218736
conditional-fit-0062,axis3_code_agentic,134,0.03168907229150343
conditional-fit-0062,axis3_code_agentic,135,0.0618824279280976
conditional-fit-0062,axis3_code_agentic,136,0.01742207652503535
conditional-fit-0062,axis3_code_agentic,137,0.0026271090149137762
conditional-fit-0062,axis3_code_agentic,138,0.06802726030636938
conditional-fit-0062,axis3_code_agentic,139,0.03628385154604356
conditional-fit-0062,axis3_code_agentic,140,7.894277232754197e-06
conditional-fit-0062,axis3_code_agentic,141,0.03674472299110344
conditional-fit-0062,axis3_code_agentic,142,3.917554753727706e-05
conditional-fit-0062,axis3_code_agentic,143,0.04639522873267041
conditional-fit-0062,axis3_code_agentic,144,0.001167547880334856
conditional-fit-0062,axis3_code_agentic,145,2.9451137740953293e-05
conditional-fit-0062,axis3_code_agentic,146,0.0003755741410501086
conditional-fit-0062,axis3_code_agentic,147,0.00012142239981418899
conditional-fit-0062,axis3_code_agentic,148,0.0018511315694208618
conditional-fit-0062,axis3_code_agentic,149,6.1377799820412974e-06
conditional-fit-0062,axis3_code_agentic,150,3.6546889013358235e-05
conditional-fit-0062,axis3_code_agentic,151,4.8333807629270304e-05
conditional-fit-0062,axis3_code_agentic,152,0.0020657256311274047
conditional-fit-0062,axis3_code_agentic,153,0.0006765370991812143
conditional-fit-0062,axis3_code_agentic,154,3.2515721259972766e-06
conditional-fit-0062,axis3_code_agentic,155,0.03606329086570022
conditional-fit-0062,axis3_code_agentic,156,0.06601689832416159
conditional-fit-0062,axis3_code_agentic,157,0.025513455858383605
conditional-fit-0062,axis3_code_agentic,158,0.023330558095253733
conditional-fit-0062,axis3_code_agentic,159,0.00908084706746963
conditional-fit-0062,axis3_code_agentic,160,0.0024977802143556164
conditional-fit-0062,axis3_code_agentic,161,0.0010506696012304035
conditional-fit-0062,axis3_code_agentic,162,0.012842340178896336
conditional-fit-0062,axis3_code_agentic,163,0.007408935163463742
conditional-fit-0062,axis3_code_agentic,164,0.00031052928549340597
conditional-fit-0062,axis3_code_agentic,165,0.00022826989276628984
conditional-fit-0062,axis3_code_agentic,166,0.017040646688540145
conditional-fit-0062,axis3_code_agentic,167,0.00986767401000347
conditional-fit-0062,axis3_code_agentic,168,0.0002533375384660014
conditional-fit-0062,axis3_code_agentic,169,0.09773989126340693
conditional-fit-0062,axis3_code_agentic,170,0.06353783086853501
conditional-fit-0062,axis3_code_agentic,171,1.710024457241878e-05
conditional-fit-0062,axis3_code_agentic,172,5.263074363354103e-05
conditional-fit-0062,axis3_code_agentic,173,2.7567874972448864e-06
conditional-fit-0062,axis3_code_agentic,174,0.00015880923357225194
conditional-fit-0062,axis3_code_agentic,175,9.980663699343153e-05
conditional-fit-0062,axis3_code_agentic,176,0.14849746353311083
conditional-fit-0062,axis3_code_agentic,177,0.003200175984798202
conditional-fit-0062,axis3_code_agentic,178,0.0037181467984656333
conditional-fit-0062,axis3_code_agentic,179,2.265889699212501e-05
conditional-fit-0062,axis3_code_agentic,180,0.00011404274140210982
conditional-fit-0062,axis3_code_agentic,181,2.6632526588225097e-05
conditional-fit-0062,axis3_code_agentic,182,1.3102736387536202e-05
conditional-fit-0062,axis3_code_agentic,183,8.061486814400647e-07
conditional-fit-0062,axis3_code_agentic,184,0.026051641957070992
conditional-fit-0062,axis3_code_agentic,185,0.0012948995261812652
conditional-fit-0062,axis3_code_agentic,186,2.9926826171193464e-05
conditional-fit-0062,axis3_code_agentic,187,0.0031530252106122363
conditional-fit-0062,axis3_code_agentic,188,5.9542292759566256e-06
conditional-fit-0062,axis3_code_agentic,189,0.08672615725441207
conditional-fit-0062,axis3_code_agentic,190,0.040064592083707544
conditional-fit-0062,axis3_code_agentic,191,0.0708618094383742
conditional-fit-0062,axis3_code_agentic,192,7.405185019283572e-05
conditional-fit-0062,axis3_code_agentic,193,0.0004975703472264546
conditional-fit-0062,axis3_code_agentic,194,0.051718198776066815
conditional-fit-0062,axis3_code_agentic,195,0.0008165443230870971
conditional-fit-0062,axis3_code_agentic,196,0.0055087168805299375
conditional-fit-0062,axis3_code_agentic,197,8.79204596274632e-05
conditional-fit-0062,axis3_code_agentic,198,0.00011739515674909234
conditional-fit-0062,axis3_code_agentic,199,0.001146778347407789
conditional-fit-0062,axis3_code_agentic,200,1.8901579746597077e-05
conditional-fit-0062,axis3_code_agentic,201,6.1893482308711455e-06
conditional-fit-0062,axis3_code_agentic,202,0.0006083655898995901
conditional-fit-0062,axis3_code_agentic,203,0.0008657627401090816
conditional-fit-0062,axis3_code_agentic,204,4.494280230043702e-05
conditional-fit-0062,axis3_code_agentic,205,0.08637521332126386
conditional-fit-0062,axis3_code_agentic,206,0.00026378255991372384
conditional-fit-0062,axis3_code_agentic,207,0.05947548016807727
conditional-fit-0062,axis3_code_agentic,208,0.003929746891336363
conditional-fit-0062,axis3_code_agentic,209,0.0005276113501655476
conditional-fit-0062,axis3_code_agentic,210,0.00019429108884851858
conditional-fit-0062,axis3_code_agentic,211,0.0005895264207685679
conditional-fit-0062,axis3_code_agentic,212,0.0006045347775173313
conditional-fit-0062,axis3_code_agentic,213,0.0007517796136436351
conditional-fit-0062,axis3_code_agentic,214,0.0024432269928921927
conditional-fit-0062,axis3_code_agentic,215,0.001443926156321914
conditional-fit-0062,axis3_code_agentic,216,0.0007118968975120898
conditional-fit-0062,axis3_code_agentic,217,2.7579699896653466e-05
conditional-fit-0062,axis3_code_agentic,218,0.0025458562594199265
conditional-fit-0062,axis3_code_agentic,219,0.00010274879357874985
conditional-fit-0062,axis3_code_agentic,220,0.001099241521594733
conditional-fit-0062,axis3_code_agentic,221,0.06730359137572112
conditional-fit-0062,axis3_code_agentic,222,9.511190799840999e-06
conditional-fit-0062,axis3_code_agentic,223,0.0003879961420954943
conditional-fit-0062,axis3_code_agentic,224,0.00010165696575766725
conditional-fit-0062,axis3_code_agentic,225,0.00026722920559875234
conditional-fit-0062,axis3_code_agentic,226,2.536556604865673e-06
conditional-fit-0062,axis3_code_agentic,227,0.0016763489792298073
conditional-fit-0062,axis3_code_agentic,228,0.00037313517188760324
conditional-fit-0062,axis3_code_agentic,229,1.7450184842598032e-05
conditional-fit-0062,axis3_code_agentic,230,0.011576168659989644
conditional-fit-0062,axis3_code_agentic,231,0.01520975080305016
conditional-fit-0062,axis3_code_agentic,232,3.967792469435397e-05
conditional-fit-0062,axis3_code_agentic,233,0.00033228464647780024
conditional-fit-0062,axis3_code_agentic,234,0.11046454011055425
conditional-fit-0062,axis3_code_agentic,235,9.533139024095705e-05
conditional-fit-0062,axis3_code_agentic,236,0.005654825465151373
conditional-fit-0062,axis3_code_agentic,237,0.00017659028348064633
conditional-fit-0062,axis3_code_agentic,238,0.00022102792124202575
conditional-fit-0062,axis3_code_agentic,239,3.218098227995754e-07
conditional-fit-0062,axis3_code_agentic,240,4.3246997885634224e-05
conditional-fit-0062,axis3_code_agentic,241,7.333099894899358e-05
conditional-fit-0062,axis3_code_agentic,242,0.008189198508537901
conditional-fit-0062,axis3_code_agentic,243,0.0002608597424183484
conditional-fit-0062,axis3_code_agentic,244,0.0002488926410397069
conditional-fit-0062,axis3_code_agentic,245,8.045874694439681e-08
conditional-fit-0062,axis3_code_agentic,246,0.0001463900235182801
conditional-fit-0062,axis3_code_agentic,247,0.00010670900820722092
conditional-fit-0062,axis3_code_agentic,248,0.0008967429416580868
conditional-fit-0062,axis3_code_agentic,249,5.483975730348829e-07
conditional-fit-0062,axis3_code_agentic,250,0.478801701360955
conditional-fit-0062,axis3_code_agentic,251,0.017129562194643864
conditional-fit-0062,axis3_code_agentic,252,0.0021120053204387755
conditional-fit-0062,axis3_code_agentic,253,3.622058342754597e-05
conditional-fit-0062,axis3_code_agentic,254,8.147821049557045e-05
conditional-fit-0062,axis3_code_agentic,255,0.00028289965316552273
conditional-fit-0062,axis3_code_agentic,256,0.040762814749943595
conditional-fit-0062,axis3_code_agentic,257,0.0014247352673308472
conditional-fit-0062,axis3_code_agentic,258,0.0008377488258723997
conditional-fit-0062,axis3_code_agentic,259,1.0009666417493561e-06
conditional-fit-0062,axis3_code_agentic,260,0.004261489493714623
conditional-fit-0062,axis3_code_agentic,261,0.006091287139889454
conditional-fit-0062,axis3_code_agentic,262,0.0016003152109663084
conditional-fit-0062,axis3_code_agentic,263,2.8710535358842525e-06
conditional-fit-0062,axis3_code_agentic,264,6.122996074293461e-05
conditional-fit-0062,axis3_code_agentic,265,0.0005131247442961093
conditional-fit-0062,axis3_code_agentic,266,0.0004423877608671776
conditional-fit-0062,axis3_code_agentic,267,0.024440253649837783
conditional-fit-0062,axis3_code_agentic,268,0.0001038163239207132
conditional-fit-0062,axis3_code_agentic,269,0.011639595622910951
conditional-fit-0062,axis3_code_agentic,270,0.0612742512514238
conditional-fit-0062,axis3_code_agentic,271,9.842491311555685e-07
conditional-fit-0062,axis3_code_agentic,272,0.018397728350125615
conditional-fit-0062,axis3_code_agentic,273,0.002000794567841689
conditional-fit-0062,axis3_code_agentic,274,0.0005869726913479808
conditional-fit-0062,axis3_code_agentic,275,1.3705215546795939e-05
conditional-fit-0062,axis3_code_agentic,276,0.00013462421810387358
conditional-fit-0062,axis3_code_agentic,277,0.003623026072880791
conditional-fit-0062,axis3_code_agentic,278,0.0011438968694728064
conditional-fit-0062,axis3_code_agentic,279,0.0005165669357364547
conditional-fit-0062,axis3_code_agentic,280,0.00015941277473313233
conditional-fit-0062,axis3_code_agentic,281,1.0358061134502545e-05
conditional-fit-0062,axis3_code_agentic,282,0.00032820752868618235
conditional-fit-0062,axis3_code_agentic,283,6.186670538139017e-05
conditional-fit-0062,axis3_code_agentic,284,4.860511881341778e-06
conditional-fit-0062,axis3_code_agentic,285,0.00106706926444472
conditional-fit-0062,axis3_code_agentic,286,7.190333783517075e-05
conditional-fit-0062,axis3_code_agentic,287,4.8057859011569786e-05
conditional-fit-0062,axis3_code_agentic,288,0.0001125560549172588
conditional-fit-0062,axis3_code_agentic,289,0.0011036266574673238
conditional-fit-0062,axis3_code_agentic,290,1.4691435181761699e-05
conditional-fit-0062,axis3_code_agentic,291,1.0310448485072884e-05
conditional-fit-0062,axis3_code_agentic,292,3.0348605313205834e-05
conditional-fit-0062,axis3_code_agentic,293,0.00017920195419338534
conditional-fit-0062,axis3_code_agentic,294,0.0002566085053577862
conditional-fit-0062,axis3_code_agentic,295,1.1574848514396632e-06
conditional-fit-0062,axis3_code_agentic,296,2.196838230752779e-05
conditional-fit-0062,axis3_code_agentic,297,0.0019221575758167982
conditional-fit-0062,axis3_code_agentic,298,0.00473077034932788
conditional-fit-0062,axis3_code_agentic,299,0.010933681989833577
conditional-fit-0062,axis3_code_agentic,300,5.091361766129812e-06
conditional-fit-0062,axis3_code_agentic,301,0.045524120760575784
conditional-fit-0062,axis3_code_agentic,302,0.002273088433121231
conditional-fit-0062,axis3_code_agentic,303,0.15913037329150137
conditional-fit-0062,axis3_code_agentic,304,0.002627796093601709
conditional-fit-0062,axis3_code_agentic,305,0.0012209879533363686
conditional-fit-0062,axis3_code_agentic,306,7.96610038636448e-07
conditional-fit-0062,axis3_code_agentic,307,0.0005349058362546255
conditional-fit-0062,axis3_code_agentic,308,0.001939566633936638
conditional-fit-0062,axis3_code_agentic,309,0.002796989086469359
conditional-fit-0062,axis3_code_agentic,310,8.94619907481804e-07
conditional-fit-0062,axis3_code_agentic,311,0.04569727698510412
conditional-fit-0062,axis3_code_agentic,312,0.00032657938590900697
conditional-fit-0062,axis3_code_agentic,313,1.1128391314655874e-05
conditional-fit-0062,axis3_code_agentic,314,0.013883842009734377
conditional-fit-0062,axis3_code_agentic,315,7.398489511809988e-07
conditional-fit-0062,axis3_code_agentic,316,0.007408622501523921
conditional-fit-0062,axis3_code_agentic,317,0.001671681311626274
conditional-fit-0062,axis3_code_agentic,318,9.395106175567461e-05
conditional-fit-0062,axis3_code_agentic,319,2.838775948229726e-05
conditional-fit-0062,axis3_code_agentic,320,0.0012498978280265298
conditional-fit-0062,axis3_code_agentic,321,7.407393939601064e-07
conditional-fit-0062,axis3_code_agentic,322,0.06038988234322348
conditional-fit-0062,axis3_code_agentic,323,0.0015751193931385831
conditional-fit-0062,axis3_code_agentic,324,1.0200603264149969e-05
conditional-fit-0062,axis3_code_agentic,325,0.00014538388380223898
conditional-fit-0062,axis3_code_agentic,326,0.13482139063215032
conditional-fit-0062,axis3_code_agentic,327,0.00013823492093876084
conditional-fit-0062,axis3_code_agentic,328,6.160293156536688e-05
conditional-fit-0062,axis3_code_agentic,329,0.00024455807206781545
conditional-fit-0062,axis3_code_agentic,330,1.0751446264632414e-06
conditional-fit-0062,axis3_code_agentic,331,2.962078632765425e-05
conditional-fit-0062,axis3_code_agentic,332,6.275744324978399e-05
conditional-fit-0062,axis3_code_agentic,333,0.00045600863517221424
conditional-fit-0062,axis3_code_agentic,334,0.0010207552663611093
conditional-fit-0062,axis3_code_agentic,335,3.733826679838918e-05
conditional-fit-0062,axis3_code_agentic,336,4.283993816323312e-05
conditional-fit-0062,axis3_code_agentic,337,0.0001328241752810372
conditional-fit-0062,axis3_code_agentic,338,0.0003556645593660137
conditional-fit-0062,axis3_code_agentic,339,0.0006156359882132801
conditional-fit-0062,axis3_code_agentic,340,4.513514232561609e-06
conditional-fit-0062,axis3_code_agentic,341,0.0007159652902300715
conditional-fit-0062,axis3_code_agentic,342,0.000822907612270703
conditional-fit-0062,axis3_code_agentic,343,0.06884917062080523
conditional-fit-0062,axis3_code_agentic,344,3.1306618602110496e-05
conditional-fit-0062,axis3_code_agentic,345,0.08281801930723148
conditional-fit-0062,axis3_code_agentic,346,8.401561762179609e-05
conditional-fit-0062,axis3_code_agentic,347,0.000115844893424639
conditional-fit-0062,axis3_code_agentic,348,0.008553342490375426
conditional-fit-0062,axis3_code_agentic,349,0.03442951645663442
conditional-fit-0062,axis3_code_agentic,350,0.014769880844391535
conditional-fit-0062,axis3_code_agentic,351,0.0016445416305748179
conditional-fit-0062,axis3_code_agentic,352,0.020898322111854897
conditional-fit-0062,axis3_code_agentic,353,5.4886459337215754e-05
conditional-fit-0062,axis3_code_agentic,354,0.03477829971259803
conditional-fit-0062,axis3_code_agentic,355,0.020433615037856706
conditional-fit-0062,axis3_code_agentic,356,0.00030422734362075903
conditional-fit-0062,axis3_code_agentic,357,7.876093578485088e-05
conditional-fit-0062,axis3_code_agentic,358,4.003404746102758e-05
conditional-fit-0062,axis3_code_agentic,359,0.00017850985433033747
conditional-fit-0062,axis3_code_agentic,360,7.389632151319934e-06
conditional-fit-0062,axis3_code_agentic,361,8.397464513355021e-05
conditional-fit-0062,axis3_code_agentic,362,0.02558942409494978
conditional-fit-0062,axis3_code_agentic,363,3.1383414984282747e-06
conditional-fit-0062,axis3_code_agentic,364,0.0004644575362558112
conditional-fit-0062,axis3_code_agentic,365,0.0007446026585726719
conditional-fit-0062,axis3_code_agentic,366,3.0483150541188642e-05
conditional-fit-0062,axis3_code_agentic,367,0.003527545558938069
conditional-fit-0062,axis3_code_agentic,368,5.878147069782746e-05
conditional-fit-0062,axis3_code_agentic,369,9.692474044264437e-05
conditional-fit-0062,axis3_code_agentic,370,0.061527315878571576
conditional-fit-0062,axis3_code_agentic,371,0.0011612984563807156
conditional-fit-0062,axis3_code_agentic,372,0.005711701431058459
conditional-fit-0062,axis3_code_agentic,373,0.003006539994763918
conditional-fit-0062,axis3_code_agentic,374,0.00155883562266663
conditional-fit-0062,axis3_code_agentic,375,0.0003371871743172635
conditional-fit-0062,axis3_code_agentic,376,0.0013795190070109006
conditional-fit-0062,axis3_code_agentic,377,0.004892153496724044
conditional-fit-0062,axis3_code_agentic,378,0.00316492125484321
conditional-fit-0062,axis3_code_agentic,379,0.007477964526556899
conditional-fit-0062,axis3_code_agentic,380,0.00020428602468499025
conditional-fit-0062,axis3_code_agentic,381,0.02435987573944848
conditional-fit-0062,axis3_code_agentic,382,0.025882042290959542
conditional-fit-0062,axis3_code_agentic,383,0.005255232948218329
conditional-fit-0062,axis3_code_agentic,384,0.0003683319855758642
conditional-fit-0062,axis3_code_agentic,385,0.027332994948237037
conditional-fit-0062,axis3_code_agentic,386,0.12535042381190006
conditional-fit-0062,axis3_code_agentic,387,0.0007467784185416289
conditional-fit-0062,axis3_code_agentic,388,0.00021371694721177752
conditional-fit-0062,axis3_code_agentic,389,0.0015033408325572759
conditional-fit-0062,axis3_code_agentic,390,0.0016918207617536937
conditional-fit-0062,axis3_code_agentic,391,1.7324505388668009e-06
conditional-fit-0062,axis3_code_agentic,392,0.00037749495508856545
conditional-fit-0062,axis3_code_agentic,393,0.0025883415983111464
conditional-fit-0062,axis3_code_agentic,394,0.00015348062507822976
conditional-fit-0062,axis3_code_agentic,395,2.8372505517758132e-05
conditional-fit-0062,axis3_code_agentic,396,0.0005541841132981422
conditional-fit-0062,axis3_code_agentic,397,4.051492250046617e-05
conditional-fit-0062,axis3_code_agentic,398,0.00011580570190704032
conditional-fit-0062,axis3_code_agentic,399,0.03880023185606891
conditional-fit-0062,axis3_code_agentic,400,2.724822753217314e-07
conditional-fit-0062,axis3_code_agentic,401,0.008181258851768227
conditional-fit-0062,axis3_code_agentic,402,0.001998983127119097
conditional-fit-0062,axis3_code_agentic,403,0.006694135407406257
conditional-fit-0062,axis3_code_agentic,404,2.9011509327612215e-06
conditional-fit-0062,axis3_code_agentic,405,0.0010025245548505295
conditional-fit-0062,axis3_code_agentic,406,0.00026854636431476064
conditional-fit-0062,axis3_code_agentic,407,2.944527186516503e-05
conditional-fit-0062,axis3_code_agentic,408,0.08632504562705919
conditional-fit-0062,axis3_code_agentic,409,0.00773380621012716
conditional-fit-0062,axis3_code_agentic,410,0.00010868515893740948
conditional-fit-0062,axis3_code_agentic,411,6.232158022565786e-05
conditional-fit-0062,axis3_code_agentic,412,0.0010136894473152624
conditional-fit-0062,axis3_code_agentic,413,0.14729879832921403
conditional-fit-0062,axis3_code_agentic,414,0.007140351247684805
conditional-fit-0062,axis3_code_agentic,415,0.0006419558346497504
conditional-fit-0062,axis3_code_agentic,416,0.003496800441374551
conditional-fit-0062,axis3_code_agentic,417,2.71269557202647e-05
conditional-fit-0062,axis3_code_agentic,418,0.013828376926263779
conditional-fit-0062,axis3_code_agentic,419,0.0020192224383058822
conditional-fit-0062,axis3_code_agentic,420,3.7082785097757877e-06
conditional-fit-0062,axis3_code_agentic,421,1.569678443930343e-05
conditional-fit-0062,axis3_code_agentic,422,0.02672758237072022
conditional-fit-0062,axis3_code_agentic,423,0.07580178459811471
conditional-fit-0062,axis3_code_agentic,424,1.9771175308985767e-05
conditional-fit-0062,axis3_code_agentic,425,2.7160384610661588e-05
conditional-fit-0062,axis3_code_agentic,426,0.0005783993364931008
conditional-fit-0062,axis3_code_agentic,427,2.6604898096634813e-06
conditional-fit-0062,axis3_code_agentic,428,5.960922677445496e-05
conditional-fit-0062,axis3_code_agentic,429,6.264953640788126e-05
conditional-fit-0062,axis3_code_agentic,430,1.5929334492746072e-05
conditional-fit-0062,axis3_code_agentic,431,0.001062467981906581
conditional-fit-0062,axis3_code_agentic,432,0.02572186892581401
conditional-fit-0062,axis3_code_agentic,433,3.7807390725826303e-07
conditional-fit-0062,axis3_code_agentic,434,3.464627157090433e-05
conditional-fit-0062,axis3_code_agentic,435,0.01448557853125474
conditional-fit-0062,axis3_code_agentic,436,2.5263122712532324e-05
conditional-fit-0062,axis3_code_agentic,437,0.00027648430198719834
conditional-fit-0062,axis3_code_agentic,438,0.0002443498950611176
conditional-fit-0062,axis3_code_agentic,439,1.543056868541639e-05
conditional-fit-0062,axis3_code_agentic,440,8.681672173741025e-06
conditional-fit-0062,axis3_code_agentic,441,1.3203547821413031e-05
conditional-fit-0062,axis3_code_agentic,442,0.019552507155183675
conditional-fit-0062,axis3_code_agentic,443,1.1998299195864972e-06
conditional-fit-0062,axis3_code_agentic,444,1.3863698478856608e-06
conditional-fit-0062,axis3_code_agentic,445,0.00019348305332842495
conditional-fit-0062,axis3_code_agentic,446,0.037449539929286575
conditional-fit-0062,axis3_code_agentic,447,0.005948820010415046
conditional-fit-0062,axis3_code_agentic,448,2.3552057252872173e-05
conditional-fit-0062,axis3_code_agentic,449,9.51859598661736e-05
conditional-fit-0062,axis3_code_agentic,450,1.3427126343449092e-05
conditional-fit-0062,axis3_code_agentic,451,5.526736307209215e-05
conditional-fit-0062,axis3_code_agentic,452,0.005414687526030141
conditional-fit-0062,axis3_code_agentic,453,0.03216000169626421
conditional-fit-0062,axis3_code_agentic,454,0.0820195357136784
conditional-fit-0062,axis3_code_agentic,455,0.005821864473530641
conditional-fit-0062,axis3_code_agentic,456,0.028662672607873172
conditional-fit-0062,axis3_code_agentic,457,3.531475355171794e-06
conditional-fit-0062,axis3_code_agentic,458,0.013052767499370016
conditional-fit-0062,axis3_code_agentic,459,0.0073815520607122195
conditional-fit-0062,axis3_code_agentic,460,0.004702212130361507
conditional-fit-0062,axis3_code_agentic,461,0.0013667031207452943
conditional-fit-0062,axis3_code_agentic,462,0.016615350876466234
conditional-fit-0062,axis3_code_agentic,463,0.00033468578382805496
conditional-fit-0062,axis3_code_agentic,464,8.170612863044751e-05
conditional-fit-0062,axis3_code_agentic,465,0.005187166856497833
conditional-fit-0062,axis3_code_agentic,466,0.003990526928471291
conditional-fit-0062,axis3_code_agentic,467,0.03208804880164934
conditional-fit-0062,axis3_code_agentic,468,0.0016375209567102199
conditional-fit-0062,axis3_code_agentic,469,1.749222802802101e-05
conditional-fit-0062,axis3_code_agentic,470,0.013889433306921849
conditional-fit-0062,axis3_code_agentic,471,0.026719197179061474
conditional-fit-0062,axis3_code_agentic,472,0.0002607532179995018
conditional-fit-0062,axis3_code_agentic,473,0.004907199453614203
conditional-fit-0062,axis3_code_agentic,474,1.1567445359309849e-06
conditional-fit-0062,axis3_code_agentic,475,2.8818727797381397e-05
conditional-fit-0062,axis3_code_agentic,476,0.007539898171153102
conditional-fit-0062,axis3_code_agentic,477,4.6818087980625895e-06
conditional-fit-0062,axis3_code_agentic,478,0.0005201496845291943
conditional-fit-0062,axis3_code_agentic,479,0.005217507715389907
conditional-fit-0062,axis3_code_agentic,480,0.09023444884340931
conditional-fit-0062,axis3_code_agentic,481,0.00030830257661893597
conditional-fit-0062,axis3_code_agentic,482,0.0016429961535819756
conditional-fit-0062,axis3_code_agentic,483,0.01097624591407229
conditional-fit-0062,axis3_code_agentic,484,0.003343659383060249
conditional-fit-0062,axis3_code_agentic,485,0.0032460694009388263
conditional-fit-0062,axis3_code_agentic,486,0.0019657394053171177
conditional-fit-0062,axis3_code_agentic,487,0.00043794587917816866
conditional-fit-0062,axis3_code_agentic,488,3.084237955595272e-05
conditional-fit-0062,axis3_code_agentic,489,4.296011210683005e-06
conditional-fit-0062,axis3_code_agentic,490,1.2260094275449387e-05
conditional-fit-0062,axis3_code_agentic,491,2.4969307154393043e-05
conditional-fit-0062,axis3_code_agentic,492,3.7181285066695044e-05
conditional-fit-0062,axis3_code_agentic,493,7.226388188684034e-05
conditional-fit-0062,axis3_code_agentic,494,0.0090623941198413
conditional-fit-0062,axis3_code_agentic,495,0.0019947906611930957
conditional-fit-0062,axis3_code_agentic,496,0.00023326469424010416
conditional-fit-0062,axis3_code_agentic,497,0.0011779267598704532
conditional-fit-0062,axis3_code_agentic,498,0.0003150160025066455
conditional-fit-0062,axis3_code_agentic,499,5.558088541458088e-05
conditional-fit-0062,axis3_code_agentic,500,0.0004713638470284946
conditional-fit-0062,axis3_code_agentic,501,8.55622458607203e-05
conditional-fit-0062,axis3_code_agentic,502,0.05094333102516849
conditional-fit-0062,axis3_code_agentic,503,0.32029009578461554
conditional-fit-0062,axis3_code_agentic,504,0.35675183258216786
conditional-fit-0062,axis3_code_agentic,505,0.2596683254575253
conditional-fit-0062,axis3_code_agentic,506,1.0651903252109554
conditional-fit-0062,axis3_code_agentic,507,0.23343370342702402
conditional-fit-0062,axis3_code_agentic,508,0.0006057213905012555
conditional-fit-0062,axis3_code_agentic,509,0.002209066134414477
conditional-fit-0062,axis3_code_agentic,510,0.00027653998648923174
conditional-fit-0062,axis3_code_agentic,511,0.00011480073077514886
conditional-fit-0062,axis3_code_agentic,512,0.004516453575025985
conditional-fit-0062,axis3_code_agentic,513,0.00010759260320459731
conditional-fit-0062,axis3_code_agentic,514,0.00010008640449755067
conditional-fit-0062,axis3_code_agentic,515,0.00014470089777974236
conditional-fit-0062,axis3_code_agentic,516,0.00025819557129494203
conditional-fit-0062,axis3_code_agentic,517,0.011592866108342207
conditional-fit-0062,axis3_code_agentic,518,0.13889003463238614
conditional-fit-0062,axis3_code_agentic,519,0.043419243783988204
conditional-fit-0062,axis3_code_agentic,520,0.036351776049348944
conditional-fit-0062,axis3_code_agentic,521,0.08248249022423197
conditional-fit-0062,axis3_code_agentic,522,0.012513378619419162
conditional-fit-0062,axis3_code_agentic,523,0.032079664898395185
conditional-fit-0062,axis3_code_agentic,524,0.025115430219362297
conditional-fit-0062,axis3_code_agentic,525,0.06570691576885047
conditional-fit-0062,axis3_code_agentic,526,0.051412153456021
conditional-fit-0062,axis3_code_agentic,527,0.05774635989507383
conditional-fit-0062,axis3_code_agentic,528,0.0009255846288405689
conditional-fit-0062,axis3_code_agentic,529,0.054323330492967434
conditional-fit-0062,axis3_code_agentic,530,0.07419071163321164
conditional-fit-0062,axis3_code_agentic,531,0.08284662762894957
conditional-fit-0062,axis3_code_agentic,532,0.023353696337866377
conditional-fit-0062,axis3_code_agentic,533,0.03243913084979855
conditional-fit-0062,axis3_code_agentic,534,0.03947619689447637
conditional-fit-0062,axis3_code_agentic,535,0.0003758228997575563
conditional-fit-0062,axis3_code_agentic,536,0.018674671942893118
conditional-fit-0062,axis3_code_agentic,537,0.011947534970549296
conditional-fit-0062,axis3_code_agentic,538,0.030162053928300507
conditional-fit-0062,axis3_code_agentic,539,0.08434252511121622
conditional-fit-0062,axis3_code_agentic,540,0.03994286045047815
conditional-fit-0062,axis3_code_agentic,541,0.044517565184378494
conditional-fit-0062,axis3_code_agentic,542,0.1082879323799404
conditional-fit-0062,axis3_code_agentic,543,0.0054321163745449375
conditional-fit-0062,axis3_code_agentic,544,0.006342385348663429
conditional-fit-0062,axis3_code_agentic,545,0.005558316926001347
conditional-fit-0062,axis3_code_agentic,546,0.04818060872382457
conditional-fit-0062,axis3_code_agentic,547,0.01720935880178667
conditional-fit-0062,axis3_code_agentic,548,0.005563835097165237
conditional-fit-0062,axis3_code_agentic,549,0.002148099014813681
conditional-fit-0062,axis3_code_agentic,550,0.020507082403711258
conditional-fit-0062,axis3_code_agentic,551,0.009526828004900637
conditional-fit-0062,axis3_code_agentic,552,0.00997261563949228
conditional-fit-0062,axis3_code_agentic,553,0.007395656818284016
conditional-fit-0062,axis3_code_agentic,554,0.004680420092652526
conditional-fit-0062,axis3_code_agentic,555,0.013390091015210631
conditional-fit-0062,axis3_code_agentic,556,0.06834234701780595
conditional-fit-0062,axis3_code_agentic,557,0.03284846871932945
conditional-fit-0062,axis3_code_agentic,558,0.0297645255455917
conditional-fit-0062,axis3_code_agentic,559,0.013403299453739213
conditional-fit-0062,axis3_code_agentic,560,0.011742181346866758
conditional-fit-0062,axis3_code_agentic,561,0.008320437602282823
conditional-fit-0062,axis3_code_agentic,562,0.0022381069715333
conditional-fit-0062,axis3_code_agentic,563,0.032550488177734656
conditional-fit-0062,axis3_code_agentic,564,0.10390200795358027
conditional-fit-0062,axis3_code_agentic,565,0.0811030872625009
conditional-fit-0062,axis3_code_agentic,566,0.03257857638615081
conditional-fit-0062,axis3_code_agentic,567,0.14396050811078392
conditional-fit-0062,axis3_code_agentic,568,0.08783930929268254
conditional-fit-0062,axis3_code_agentic,569,0.4957184978922108
conditional-fit-0062,axis3_code_agentic,570,0.07803621389133047
conditional-fit-0062,axis3_code_agentic,571,0.008527012733560858
conditional-fit-0062,axis3_code_agentic,572,0.0033733456105913516
conditional-fit-0062,axis3_code_agentic,573,0.021022462484527934
conditional-fit-0062,axis3_code_agentic,574,0.02864764269151526
conditional-fit-0062,axis3_code_agentic,575,0.03905714995420458
conditional-fit-0062,axis3_code_agentic,576,0.12409688905297217
conditional-fit-0062,axis3_code_agentic,577,0.0340816213920764
conditional-fit-0062,axis3_code_agentic,578,0.006355749128097203
conditional-fit-0062,axis3_code_agentic,579,7.031392744494126e-05
conditional-fit-0062,axis3_code_agentic,580,0.04307049525436493
conditional-fit-0062,axis3_code_agentic,581,0.02567689616281891
conditional-fit-0062,axis3_code_agentic,582,0.015400084836372957
conditional-fit-0062,axis3_code_agentic,583,0.03086075115628959
conditional-fit-0062,axis3_code_agentic,584,0.013322609167654723
conditional-fit-0062,axis3_code_agentic,585,0.03700809068211398
conditional-fit-0062,axis3_code_agentic,586,1.6713996878041385e-05
conditional-fit-0062,axis3_code_agentic,587,0.007285088143787987
conditional-fit-0062,axis3_code_agentic,588,0.03227243501960579
conditional-fit-0062,axis3_code_agentic,589,0.002731240131255447
conditional-fit-0062,axis3_code_agentic,590,0.006986459411054355
conditional-fit-0062,axis3_code_agentic,591,0.009246069116997126
conditional-fit-0062,axis3_code_agentic,592,0.00024088920581699224
conditional-fit-0062,axis3_code_agentic,593,0.00999821451408218
conditional-fit-0062,axis3_code_agentic,594,0.0029027069351999684
conditional-fit-0062,axis3_code_agentic,595,0.03366524457293101
conditional-fit-0062,axis3_code_agentic,596,0.03400512630959696
conditional-fit-0062,axis3_code_agentic,597,0.003284255128009524
conditional-fit-0062,axis3_code_agentic,598,0.019955815337182714
conditional-fit-0062,axis3_code_agentic,599,0.02238246123392501
conditional-fit-0062,axis3_code_agentic,600,0.03206147552903331
conditional-fit-0062,axis3_code_agentic,601,0.029042004321466856
conditional-fit-0062,axis3_code_agentic,602,0.025961278034123247
conditional-fit-0062,axis3_code_agentic,603,0.014232826784875864
conditional-fit-0062,axis3_code_agentic,604,0.007467959955140784
conditional-fit-0062,axis3_code_agentic,605,0.0068254445620052635
conditional-fit-0062,axis3_code_agentic,606,0.017457840747580458
conditional-fit-0062,axis3_code_agentic,607,0.0726731198448157
conditional-fit-0062,axis3_code_agentic,608,0.05799489535199294
conditional-fit-0062,axis3_code_agentic,609,0.00010857779351579645
conditional-fit-0062,axis3_code_agentic,610,0.02057681910668279
conditional-fit-0062,axis3_code_agentic,611,0.7046498088590794
conditional-fit-0062,axis3_code_agentic,612,0.012099898435470907
conditional-fit-0062,axis3_code_agentic,613,0.016397447253556567
conditional-fit-0062,axis3_code_agentic,614,0.029084553816169402
conditional-fit-0062,axis3_code_agentic,615,0.00724932851145416
conditional-fit-0062,axis3_code_agentic,616,4.342653557982104e-06
conditional-fit-0062,axis3_code_agentic,617,0.011685075806928014
conditional-fit-0062,axis3_code_agentic,618,0.024424660833045144
conditional-fit-0062,axis3_code_agentic,619,0.016726219587262735
conditional-fit-0062,axis3_code_agentic,620,0.02654427216596055
conditional-fit-0062,axis3_code_agentic,621,0.01592316690178913
conditional-fit-0062,axis3_code_agentic,622,0.017679108292587547
conditional-fit-0062,axis3_code_agentic,623,0.037843239479510654
conditional-fit-0062,axis3_code_agentic,624,0.013155865111435266
conditional-fit-0062,axis3_code_agentic,625,0.042717799639104534
conditional-fit-0062,axis3_code_agentic,626,9.938447305893767e-06
conditional-fit-0062,axis3_code_agentic,627,0.0037438176415905806
conditional-fit-0062,axis3_code_agentic,628,0.03332189810382345
conditional-fit-0062,axis3_code_agentic,629,0.07512115425854954
conditional-fit-0062,axis3_code_agentic,630,0.012704656743205941
conditional-fit-0062,axis3_code_agentic,631,0.023215493007154253
conditional-fit-0062,axis3_code_agentic,632,0.009353655666497769
conditional-fit-0062,axis3_code_agentic,633,0.001594557031248859
conditional-fit-0062,axis3_code_agentic,634,0.0013182920435210507
conditional-fit-0062,axis3_code_agentic,635,0.014037274648515084
conditional-fit-0062,axis3_code_agentic,636,0.08616583160191295
conditional-fit-0062,axis3_code_agentic,637,0.1125457948389266
conditional-fit-0062,axis3_code_agentic,638,0.00016618815530234228
conditional-fit-0062,axis3_code_agentic,639,0.06243595077781489
conditional-fit-0062,axis3_code_agentic,640,0.007013450015351166
conditional-fit-0062,axis3_code_agentic,641,0.009371457458566244
conditional-fit-0062,axis3_code_agentic,642,0.0572179263068858
conditional-fit-0062,axis3_code_agentic,643,0.030079773260306898
conditional-fit-0062,axis3_code_agentic,644,0.00242507758236162
conditional-fit-0062,axis3_code_agentic,645,0.04531134833037882
conditional-fit-0062,axis3_code_agentic,646,0.018219423122513623
conditional-fit-0062,axis3_code_agentic,647,0.02715581332021481
conditional-fit-0062,axis3_code_agentic,648,0.04580395749359164
conditional-fit-0062,axis3_code_agentic,649,0.15446833200111088
conditional-fit-0062,axis3_code_agentic,650,0.11561995727517384
conditional-fit-0062,axis3_code_agentic,651,0.12981628069430068
conditional-fit-0062,axis3_code_agentic,652,0.014315508038569909
conditional-fit-0062,axis3_code_agentic,653,0.043687433444923686
conditional-fit-0062,axis3_code_agentic,654,0.003485856841592736
conditional-fit-0062,axis3_code_agentic,655,0.012829341398779883
conditional-fit-0062,axis3_code_agentic,656,0.016296210799393793
conditional-fit-0062,axis3_code_agentic,657,0.006503184219498474
conditional-fit-0062,axis3_code_agentic,658,0.02431145440311996
conditional-fit-0062,axis3_code_agentic,659,0.037134252864576014
conditional-fit-0062,axis3_code_agentic,660,0.03227977096812964
conditional-fit-0062,axis3_code_agentic,661,0.08115242605463265
conditional-fit-0062,axis3_code_agentic,662,0.018315173782496377
conditional-fit-0062,axis3_code_agentic,663,0.010444944447754442
conditional-fit-0062,axis3_code_agentic,664,0.0020937733773873576
conditional-fit-0062,axis3_code_agentic,665,0.04934204991871624
conditional-fit-0062,axis3_code_agentic,666,0.003879847286789062
conditional-fit-0062,axis3_code_agentic,667,0.03062671928388919
conditional-fit-0062,axis3_code_agentic,668,4.0196296309492804e-05
conditional-fit-0062,axis3_code_agentic,669,0.028009054259716545
conditional-fit-0062,axis3_code_agentic,670,0.006460171169663995
conditional-fit-0062,axis3_code_agentic,671,0.07769502463946332
conditional-fit-0062,axis3_code_agentic,672,0.034945523977614176
conditional-fit-0062,axis3_code_agentic,673,0.017042252825011473
conditional-fit-0062,axis3_code_agentic,674,0.022947053865888144
conditional-fit-0062,axis3_code_agentic,675,0.017201809170238544
conditional-fit-0062,axis3_code_agentic,676,0.013526613520173226
conditional-fit-0062,axis3_code_agentic,677,0.024526405266469473
conditional-fit-0062,axis3_code_agentic,678,0.05495152905317312
conditional-fit-0062,axis3_code_agentic,679,0.041140884694446725
conditional-fit-0062,axis3_code_agentic,680,0.026699407076943765
conditional-fit-0062,axis3_code_agentic,681,0.023968004948711496
conditional-fit-0062,axis3_code_agentic,682,0.037092253114982605
conditional-fit-0062,axis3_code_agentic,683,0.01914119971501499
conditional-fit-0062,axis3_code_agentic,684,0.032629426898149405
conditional-fit-0062,axis3_code_agentic,685,0.05441122024361043
conditional-fit-0062,axis3_code_agentic,686,0.03692389817371615
conditional-fit-0062,axis3_code_agentic,687,0.046354884502871896
conditional-fit-0062,axis3_code_agentic,688,0.001678480354171165
conditional-fit-0062,axis3_code_agentic,689,0.02994740480050526
conditional-fit-0062,axis3_code_agentic,690,0.08058681185817004
conditional-fit-0062,axis3_code_agentic,691,0.05597484633726535
conditional-fit-0062,axis3_code_agentic,692,0.025395007773972147
conditional-fit-0062,axis3_code_agentic,693,0.040616377831483176
conditional-fit-0062,axis3_code_agentic,694,0.016213670312150125
conditional-fit-0062,axis3_code_agentic,695,0.1535194558853056
conditional-fit-0062,axis3_code_agentic,696,0.03995438203589448
conditional-fit-0062,axis3_code_agentic,697,0.09570369078558096
conditional-fit-0062,axis3_code_agentic,698,0.052925986384957685
conditional-fit-0062,axis3_code_agentic,699,0.13982847492273948
conditional-fit-0062,axis3_code_agentic,700,0.016790197313381813
conditional-fit-0062,axis3_code_agentic,701,0.03103107901336387
conditional-fit-0062,axis3_code_agentic,702,0.07480618107350884
conditional-fit-0062,axis3_code_agentic,703,0.0010019123499205181
conditional-fit-0062,axis3_code_agentic,704,0.0003053127731648188
conditional-fit-0062,axis3_code_agentic,705,0.001295050777622755
conditional-fit-0062,axis3_code_agentic,706,0.0021092998571660432
conditional-fit-0062,axis3_code_agentic,707,0.03563004504301845
conditional-fit-0062,axis3_code_agentic,708,0.023864311671820942
conditional-fit-0062,axis3_code_agentic,709,0.12558077442508908
conditional-fit-0062,axis3_code_agentic,710,0.07804322047776517
conditional-fit-0062,axis3_code_agentic,711,0.007724119987943727
conditional-fit-0062,axis3_code_agentic,712,0.047017672531852864
conditional-fit-0062,axis3_code_agentic,713,0.051722424963931354
conditional-fit-0062,axis3_code_agentic,714,0.017476133453735547
conditional-fit-0062,axis3_code_agentic,715,0.03520960407139402
conditional-fit-0062,axis3_code_agentic,716,0.09928500012940544
conditional-fit-0062,axis3_code_agentic,717,0.0013932414768813954
conditional-fit-0062,axis3_code_agentic,718,0.08551833232762356
conditional-fit-0062,axis3_code_agentic,719,0.03128700886104535
conditional-fit-0062,axis3_code_agentic,720,0.013043535783480421
conditional-fit-0062,axis3_code_agentic,721,0.025211392377788633
conditional-fit-0062,axis3_code_agentic,722,0.061330785464100646
conditional-fit-0062,axis3_code_agentic,723,0.015988894884313477
conditional-fit-0062,axis3_code_agentic,724,0.024018517326432468
conditional-fit-0062,axis3_code_agentic,725,0.06430155014773675
conditional-fit-0062,axis3_code_agentic,726,0.010288887284002991
conditional-fit-0062,axis3_code_agentic,727,0.04323098461661944
conditional-fit-0062,axis3_code_agentic,728,0.02827094307475176
conditional-fit-0062,axis3_code_agentic,729,0.032622481956895225
conditional-fit-0062,axis3_code_agentic,730,0.0421120255886122
conditional-fit-0062,axis3_code_agentic,731,0.07139135642401982
conditional-fit-0062,axis3_code_agentic,732,0.02512746383402261
conditional-fit-0062,axis3_code_agentic,733,0.017864957561719866
conditional-fit-0062,axis3_code_agentic,734,0.036233198851923915
conditional-fit-0062,axis3_code_agentic,735,0.0025427994206989055
conditional-fit-0062,axis3_code_agentic,736,0.029699574407814677
conditional-fit-0062,axis3_code_agentic,737,8.03078840885712e-05
conditional-fit-0062,axis3_code_agentic,738,0.003110299834832657
conditional-fit-0062,axis3_code_agentic,739,0.013481691363792311
conditional-fit-0062,axis3_code_agentic,740,0.06707721840281095
conditional-fit-0062,axis3_code_agentic,741,0.010345209344886376
conditional-fit-0062,axis3_code_agentic,742,0.02976633603836877
conditional-fit-0062,axis3_code_agentic,743,8.563328551666566e-05
conditional-fit-0062,axis3_code_agentic,744,0.5399806300553567
conditional-fit-0062,axis3_code_agentic,745,2.168975258948616e-05
conditional-fit-0062,axis3_code_agentic,746,0.0020959827168367893
conditional-fit-0062,axis3_code_agentic,747,0.005865578543423794
conditional-fit-0062,axis3_code_agentic,748,0.0015747677412555178
conditional-fit-0062,axis3_code_agentic,749,0.06576412525817886
conditional-fit-0062,axis3_code_agentic,750,0.00585196179777344
conditional-fit-0062,axis3_code_agentic,751,7.150584136092711e-05
conditional-fit-0062,axis3_code_agentic,752,8.8521720248238e-05
conditional-fit-0062,axis3_code_agentic,753,4.064616709662277e-06
conditional-fit-0062,axis3_code_agentic,754,0.0002904987979143023
conditional-fit-0062,axis3_code_agentic,755,0.0014946378727093068
conditional-fit-0062,axis3_code_agentic,756,2.655368242221427e-05
conditional-fit-0062,axis3_code_agentic,757,0.00025844487451802384
conditional-fit-0062,axis3_code_agentic,758,3.5611587765991583e-06
conditional-fit-0062,axis3_code_agentic,759,3.540964626051819e-05
conditional-fit-0062,axis3_code_agentic,760,0.02087082402104204
conditional-fit-0062,axis3_code_agentic,761,0.03354304548287057
conditional-fit-0062,axis3_code_agentic,762,0.001206930947724437
conditional-fit-0062,axis3_code_agentic,763,0.08601801301419676
conditional-fit-0062,axis3_code_agentic,764,0.1714176532273464
conditional-fit-0062,axis3_code_agentic,765,0.020519997520066374
conditional-fit-0062,axis3_code_agentic,766,0.04420050682721542
conditional-fit-0062,axis3_code_agentic,767,0.0646888769951974
conditional-fit-0062,axis3_code_agentic,768,0.007117935602013431
conditional-fit-0062,axis3_code_agentic,769,0.09134572763469391
conditional-fit-0062,axis3_code_agentic,770,0.0314307382140778
conditional-fit-0062,axis3_code_agentic,771,0.006946077643670953
conditional-fit-0062,axis3_code_agentic,772,0.0014058895054946136
conditional-fit-0062,axis3_code_agentic,773,0.005321979327350613
conditional-fit-0062,axis3_code_agentic,774,0.0010361520164984767
conditional-fit-0062,axis3_code_agentic,775,0.010652970898239942
conditional-fit-0062,axis3_code_agentic,776,0.021426796214533073
conditional-fit-0062,axis3_code_agentic,777,0.00040159156378299357
conditional-fit-0062,axis3_code_agentic,778,1.6751170277352205e-05
conditional-fit-0062,axis3_code_agentic,779,9.106143094999021e-05
conditional-fit-0062,axis3_code_agentic,780,0.020362743672652332
conditional-fit-0062,axis3_code_agentic,781,0.00270501610101951
conditional-fit-0062,axis3_code_agentic,782,0.005919380825934375
conditional-fit-0062,axis3_code_agentic,783,0.01678236409513712
conditional-fit-0062,axis3_code_agentic,784,0.0009808093061419053
conditional-fit-0062,axis3_code_agentic,785,0.012842993418445414
conditional-fit-0062,axis3_code_agentic,786,0.02546042587255041
conditional-fit-0062,axis3_code_agentic,787,0.011910928693705782
conditional-fit-0062,axis3_code_agentic,788,0.007791214361643901
conditional-fit-0062,axis3_code_agentic,789,0.06789335329169674
conditional-fit-0062,axis3_code_agentic,790,0.024722047894411767
conditional-fit-0062,axis3_code_agentic,791,0.010311831656299003
conditional-fit-0062,axis3_code_agentic,792,0.040412959869208044
conditional-fit-0062,axis3_code_agentic,793,9.095969378546614e-05
conditional-fit-0062,axis3_code_agentic,794,0.005003662609343006
conditional-fit-0062,axis3_code_agentic,795,0.009041276021036118
conditional-fit-0062,axis3_code_agentic,796,0.00406739421746001
conditional-fit-0062,axis3_code_agentic,797,4.481690707015011e-05
conditional-fit-0062,axis3_code_agentic,798,0.0003939501570605151
conditional-fit-0062,axis3_code_agentic,799,0.017018635308309837
conditional-fit-0062,axis3_code_agentic,800,0.03517828516906889
conditional-fit-0062,axis3_code_agentic,801,0.0038850896768858677
conditional-fit-0062,axis3_code_agentic,802,0.0008011995214411895
conditional-fit-0062,axis3_code_agentic,803,0.009313803632112082
conditional-fit-0062,axis3_code_agentic,804,0.022201966504165886
conditional-fit-0062,axis3_code_agentic,805,0.1097878787032754
conditional-fit-0062,axis3_code_agentic,806,0.013374301241264208
conditional-fit-0062,axis3_code_agentic,807,4.827380839651275e-05
conditional-fit-0062,axis3_code_agentic,808,0.00279421093118889
conditional-fit-0062,axis3_code_agentic,809,0.0027193614382825236
conditional-fit-0062,axis3_code_agentic,810,0.0011451418956481456
conditional-fit-0062,axis3_code_agentic,811,0.015473940779590571
conditional-fit-0062,axis3_code_agentic,812,0.02232927677323665
conditional-fit-0062,axis3_code_agentic,813,0.03583055776279277
conditional-fit-0062,axis3_code_agentic,814,0.019009414646148342
conditional-fit-0062,axis3_code_agentic,815,0.004225826356883266
conditional-fit-0062,axis3_code_agentic,816,0.0016693167117651608
conditional-fit-0062,axis3_code_agentic,817,0.00020071870482933515
conditional-fit-0062,axis3_code_agentic,818,0.00048714522807344026
conditional-fit-0062,axis3_code_agentic,819,0.005456318985384723
conditional-fit-0062,axis3_code_agentic,820,0.02217410683016129
conditional-fit-0062,axis3_code_agentic,821,0.03698197366412585
conditional-fit-0062,axis3_code_agentic,822,0.0038679499396014035
conditional-fit-0062,axis3_code_agentic,823,0.0033407284256603796
conditional-fit-0062,axis3_code_agentic,824,0.008238809075811215
conditional-fit-0062,axis3_code_agentic,825,5.745791624422367e-05
conditional-fit-0062,axis3_code_agentic,826,4.626748098136752e-05
conditional-fit-0062,axis3_code_agentic,827,0.0009949887887944382
conditional-fit-0062,axis3_code_agentic,828,0.0162846179109975
conditional-fit-0062,axis3_code_agentic,829,0.01915755062588724
conditional-fit-0062,axis3_code_agentic,830,9.803234079238227e-05
conditional-fit-0062,axis3_code_agentic,831,0.007046833974120925
conditional-fit-0062,axis3_code_agentic,832,0.051223343648977196
conditional-fit-0062,axis3_code_agentic,833,0.002057826020062055
conditional-fit-0062,axis3_code_agentic,834,0.005344970925872768
conditional-fit-0062,axis3_code_agentic,835,0.06427937276523596
conditional-fit-0062,axis3_code_agentic,836,0.0003384298778842657
conditional-fit-0062,axis3_code_agentic,837,0.01617853318564963
conditional-fit-0062,axis3_code_agentic,838,0.0001178493952089733
conditional-fit-0062,axis3_code_agentic,839,0.0017922975654027402
conditional-fit-0062,axis3_code_agentic,840,0.003150938313118183
conditional-fit-0062,axis3_code_agentic,841,0.001476605919223027
conditional-fit-0062,axis3_code_agentic,842,0.012613067570167603
conditional-fit-0062,axis3_code_agentic,843,4.97655554017192e-06
conditional-fit-0062,axis3_code_agentic,844,9.263800465153189e-06
conditional-fit-0062,axis3_code_agentic,845,0.009563399863992246
conditional-fit-0062,axis3_code_agentic,846,0.009361988923590546
conditional-fit-0062,axis3_code_agentic,847,3.893336601441259e-05
conditional-fit-0062,axis3_code_agentic,848,0.0087641792097728
conditional-fit-0062,axis3_code_agentic,849,0.06265693139626514
conditional-fit-0062,axis3_code_agentic,850,0.025702306371424108
conditional-fit-0062,axis3_code_agentic,851,0.014832134019744585
conditional-fit-0062,axis3_code_agentic,852,0.019418672987391146
conditional-fit-0062,axis3_code_agentic,853,9.891673871795952e-05
conditional-fit-0062,axis3_code_agentic,854,0.0008108234749985676
conditional-fit-0062,axis3_code_agentic,855,0.012686120396924423
conditional-fit-0062,axis3_code_agentic,856,0.0013369364990418822
conditional-fit-0062,axis3_code_agentic,857,0.018518844902275802
conditional-fit-0062,axis3_code_agentic,858,0.0015597536837461414
conditional-fit-0062,axis3_code_agentic,859,0.008124872042509106
conditional-fit-0062,axis3_code_agentic,860,0.004474302317667034
conditional-fit-0062,axis3_code_agentic,861,2.521332208672966e-05
conditional-fit-0062,axis3_code_agentic,862,0.003190874088544522
conditional-fit-0062,axis3_code_agentic,863,0.0017781664416624083
conditional-fit-0062,axis3_code_agentic,864,8.316922582918549e-06
conditional-fit-0062,axis3_code_agentic,865,0.0001899730200347161
conditional-fit-0062,axis3_code_agentic,866,0.06606703673455284
conditional-fit-0062,axis3_code_agentic,867,0.00013947572950881882
conditional-fit-0062,axis3_code_agentic,868,0.028104698947371116
conditional-fit-0062,axis3_code_agentic,869,0.3020090156576738
conditional-fit-0062,axis3_code_agentic,870,1.6367844857070623e-05
conditional-fit-0062,axis3_code_agentic,871,0.08952411564521573
conditional-fit-0062,axis3_code_agentic,872,0.15459336846675903
conditional-fit-0062,axis3_code_agentic,873,0.032600740863053965
conditional-fit-0062,axis3_code_agentic,874,0.011411766340515897
conditional-fit-0062,axis3_code_agentic,875,0.005068554190103101
conditional-fit-0062,axis3_code_agentic,876,0.005292575454778007
conditional-fit-0062,axis3_code_agentic,877,0.00446869826511613
conditional-fit-0062,axis3_code_agentic,878,0.021975927486965315
conditional-fit-0062,axis3_code_agentic,879,0.007405027261454984
conditional-fit-0062,axis3_code_agentic,880,0.03934396684088699
conditional-fit-0062,axis3_code_agentic,881,0.0207151176657398
conditional-fit-0062,axis3_code_agentic,882,0.018691934791059357
conditional-fit-0062,axis3_code_agentic,883,0.005958192920202519
conditional-fit-0062,axis3_code_agentic,884,0.0026896104099131094
conditional-fit-0062,axis3_code_agentic,885,0.007545122442864219
conditional-fit-0062,axis3_code_agentic,886,0.07411987749292973
conditional-fit-0062,axis3_code_agentic,887,0.04547397607357927
conditional-fit-0062,axis3_code_agentic,888,0.03251101429270874
conditional-fit-0062,axis3_code_agentic,889,0.00040738572977026377
conditional-fit-0062,axis3_code_agentic,890,0.04136932015037564
conditional-fit-0062,axis3_code_agentic,891,0.026272957932230084
conditional-fit-0062,axis3_code_agentic,892,0.0009029850648190232
conditional-fit-0062,axis3_code_agentic,893,0.00010118228142969439
conditional-fit-0062,axis3_code_agentic,894,0.00649725219014878
conditional-fit-0062,axis3_code_agentic,895,0.016368857558118267
conditional-fit-0062,axis3_code_agentic,896,0.005484353754023601
conditional-fit-0062,axis3_code_agentic,897,0.024556725099192184
conditional-fit-0062,axis3_code_agentic,898,0.04184568400394863
conditional-fit-0062,axis3_code_agentic,899,0.040447342754902776
conditional-fit-0062,axis3_code_agentic,900,0.21271197129953362
conditional-fit-0062,axis3_code_agentic,901,0.04405031795310084
conditional-fit-0062,axis3_code_agentic,902,0.025901382817673672
conditional-fit-0062,axis3_code_agentic,903,0.002962241370167297
conditional-fit-0062,axis3_code_agentic,904,0.0004899520397679092
conditional-fit-0062,axis3_code_agentic,905,0.005531723329008708
conditional-fit-0062,axis3_code_agentic,906,0.34700300424402486
conditional-fit-0062,axis3_code_agentic,907,7.559782712021943e-06
conditional-fit-0062,axis3_code_agentic,908,1.768892243049834e-05
conditional-fit-0062,axis3_code_agentic,909,0.002033385183018555
conditional-fit-0062,axis3_code_agentic,910,0.00022099929087391853
conditional-fit-0062,axis3_code_agentic,911,0.03357474745165769
conditional-fit-0062,axis3_code_agentic,912,0.023181654179559613
conditional-fit-0062,axis3_code_agentic,913,0.0074390264875580925
conditional-fit-0062,axis3_code_agentic,914,0.013715859281405056
conditional-fit-0062,axis3_code_agentic,915,0.028307468120350922
conditional-fit-0062,axis3_code_agentic,916,0.00011161349919839131
conditional-fit-0062,axis3_code_agentic,917,0.006722065947824252
conditional-fit-0062,axis3_code_agentic,918,0.019420676613541098
conditional-fit-0062,axis3_code_agentic,919,0.037491670454923784
conditional-fit-0062,axis3_code_agentic,920,3.7999915247406875e-05
conditional-fit-0062,axis3_code_agentic,921,0.060642847598992695
conditional-fit-0062,axis3_code_agentic,922,0.1211068811872262
conditional-fit-0062,axis3_code_agentic,923,0.056182726380276056
conditional-fit-0062,axis3_code_agentic,924,0.030295437053702762
conditional-fit-0062,axis3_code_agentic,925,0.029484706982220558
conditional-fit-0062,axis3_code_agentic,926,0.06198601158984834
conditional-fit-0062,axis3_code_agentic,927,0.053238190133386695
conditional-fit-0062,axis3_code_agentic,928,0.011518851815567409
conditional-fit-0062,axis3_code_agentic,929,0.03808342577394952
conditional-fit-0062,axis3_code_agentic,930,0.024068826051251845
conditional-fit-0062,axis3_code_agentic,931,0.017313082126319816
conditional-fit-0062,axis3_code_agentic,932,0.017767488463907362
conditional-fit-0062,axis3_code_agentic,933,0.014386437204576344
conditional-fit-0062,axis3_code_agentic,934,0.000809363845112515
conditional-fit-0062,axis3_code_agentic,935,0.012414351973010461
conditional-fit-0062,axis3_code_agentic,936,0.0007401792494982733
conditional-fit-0062,axis3_code_agentic,937,0.03482775766740912
conditional-fit-0062,axis3_code_agentic,938,0.006612735389147874
conditional-fit-0062,axis3_code_agentic,939,0.0009807690157188523
conditional-fit-0062,axis3_code_agentic,940,0.011100797104559471
conditional-fit-0062,axis3_code_agentic,941,0.02058735756840859
conditional-fit-0062,axis3_code_agentic,942,0.0017987191279952286
conditional-fit-0062,axis3_code_agentic,943,0.03527653776790968
conditional-fit-0062,axis3_code_agentic,944,0.001408165272940384
conditional-fit-0062,axis3_code_agentic,945,0.0004541899835541395
conditional-fit-0062,axis3_code_agentic,946,0.017689419701301105
conditional-fit-0062,axis3_code_agentic,947,0.004475168193969229
conditional-fit-0062,axis3_code_agentic,948,3.064870085011317e-05
conditional-fit-0062,axis3_code_agentic,949,0.038852726783008266
conditional-fit-0062,axis3_code_agentic,950,0.0016929479352908948
conditional-fit-0062,axis3_code_agentic,951,0.006428760051825074
conditional-fit-0062,axis3_code_agentic,952,0.04364749588554241
conditional-fit-0062,axis3_code_agentic,953,0.006449951782565518
conditional-fit-0062,axis3_code_agentic,954,0.012739071129888235
conditional-fit-0062,axis3_code_agentic,955,0.05597227190970196
conditional-fit-0062,axis3_code_agentic,956,0.014551955911474145
conditional-fit-0062,axis3_code_agentic,957,0.013297988694849659
conditional-fit-0062,axis3_code_agentic,958,0.042535454899131755
conditional-fit-0062,axis3_code_agentic,959,0.10909974874418152
conditional-fit-0062,axis3_code_agentic,960,0.03869613196993099
conditional-fit-0062,axis3_code_agentic,961,6.215463571421688e-06
conditional-fit-0062,axis3_code_agentic,962,9.565567973145145e-05
conditional-fit-0062,axis3_code_agentic,963,0.010344435769987738
conditional-fit-0062,axis3_code_agentic,964,0.01434742814315896
conditional-fit-0062,axis3_code_agentic,965,0.005658716499255349
conditional-fit-0062,axis3_code_agentic,966,0.015186326083748307
conditional-fit-0062,axis3_code_agentic,967,0.013285794563025519
conditional-fit-0062,axis3_code_agentic,968,0.027788217952494487
conditional-fit-0062,axis3_code_agentic,969,0.03101863272687987
conditional-fit-0062,axis3_code_agentic,970,0.013457000965498714
conditional-fit-0062,axis3_code_agentic,971,0.0035592978742375273
conditional-fit-0062,axis3_code_agentic,972,0.013329960025174406
conditional-fit-0062,axis3_code_agentic,973,0.015352856232314263
conditional-fit-0062,axis3_code_agentic,974,0.019093156756783566
conditional-fit-0062,axis3_code_agentic,975,0.005221163759720886
conditional-fit-0062,axis3_code_agentic,976,0.025652981770778974
conditional-fit-0062,axis3_code_agentic,977,0.014574597318099718
conditional-fit-0062,axis3_code_agentic,978,0.0351655057299108
conditional-fit-0062,axis3_code_agentic,979,0.02511209795211205
conditional-fit-0062,axis3_code_agentic,980,0.010289427005399338
conditional-fit-0062,axis3_code_agentic,981,0.026222470112356712
conditional-fit-0062,axis3_code_agentic,982,0.008055153383228458
conditional-fit-0062,axis3_code_agentic,983,0.016160967507375917
conditional-fit-0062,axis3_code_agentic,984,0.0007239396352713804
conditional-fit-0062,axis3_code_agentic,985,0.012522915345376298
conditional-fit-0062,axis3_code_agentic,986,0.006271983499426313
conditional-fit-0062,axis3_code_agentic,987,0.002253583502396464
conditional-fit-0062,axis3_code_agentic,988,0.002103457657023044
conditional-fit-0062,axis3_code_agentic,989,0.001706532828169452
conditional-fit-0062,axis3_code_agentic,990,0.07110938733891016
conditional-fit-0062,axis3_code_agentic,991,0.05275776299748895
conditional-fit-0062,axis3_code_agentic,992,0.02002084657766133
conditional-fit-0062,axis3_code_agentic,993,0.032953857826705124
conditional-fit-0062,axis3_code_agentic,994,0.007397109435959825
conditional-fit-0062,axis3_code_agentic,995,0.010087298392862322
conditional-fit-0062,axis3_code_agentic,996,0.025989270388945454
conditional-fit-0062,axis3_code_agentic,997,0.02975122990812972
conditional-fit-0062,axis3_code_agentic,998,0.010910207122495831
conditional-fit-0062,axis3_code_agentic,999,0.012286720816990502
conditional-fit-0062,axis3_code_agentic,1000,0.003734440988547423
conditional-fit-0062,axis3_code_agentic,1001,0.025014799472889662
conditional-fit-0062,axis3_code_agentic,1002,0.054982768260228874
conditional-fit-0062,axis3_code_agentic,1003,1.8977855296131277e-05
conditional-fit-0062,axis3_code_agentic,1004,3.199408297693416e-06
conditional-fit-0062,axis3_code_agentic,1005,0.001668329118542872
conditional-fit-0062,axis3_code_agentic,1006,0.011095461046994302
conditional-fit-0062,axis3_code_agentic,1007,0.018763987342835388
conditional-fit-0062,axis3_code_agentic,1008,0.02009107063522087
conditional-fit-0062,axis3_code_agentic,1009,0.035166777446857894
conditional-fit-0062,axis3_code_agentic,1010,0.002103953006895958
conditional-fit-0062,axis3_code_agentic,1011,0.013992156963236406
conditional-fit-0062,axis3_code_agentic,1012,0.07211729752210083
conditional-fit-0062,axis3_code_agentic,1013,0.0010685409460947134
conditional-fit-0062,axis3_code_agentic,1014,0.016127778600009284
conditional-fit-0062,axis3_code_agentic,1015,0.005985427433204897
conditional-fit-0062,axis3_code_agentic,1016,0.03398548676143341
conditional-fit-0062,axis3_code_agentic,1017,0.03702550717756746
conditional-fit-0062,axis3_code_agentic,1018,0.0019688476014563736
conditional-fit-0062,axis3_code_agentic,1019,0.05096273523006991
conditional-fit-0062,axis3_code_agentic,1020,0.017297604331775566
conditional-fit-0062,axis3_code_agentic,1021,0.030663175509140883
conditional-fit-0062,axis3_code_agentic,1022,0.052475646170706026
conditional-fit-0062,axis3_code_agentic,1023,0.0001606606830241047
conditional-fit-0062,axis3_code_agentic,1024,0.00417351541795144
conditional-fit-0062,axis3_code_agentic,1025,0.026687872177201075
conditional-fit-0062,axis3_code_agentic,1026,6.040138614107416e-05
conditional-fit-0062,axis3_code_agentic,1027,0.002377906280399445
conditional-fit-0062,axis3_code_agentic,1028,0.004480828844055276
conditional-fit-0062,axis3_code_agentic,1029,0.004526247922804901
conditional-fit-0062,axis3_code_agentic,1030,0.04482064056475538
conditional-fit-0062,axis3_code_agentic,1031,0.04621119645092184
conditional-fit-0062,axis3_code_agentic,1032,0.07200278388437611
conditional-fit-0062,axis3_code_agentic,1033,0.011124272083067842
conditional-fit-0062,axis3_code_agentic,1034,0.18214252756136456
conditional-fit-0062,axis3_code_agentic,1035,0.025144286773242708
conditional-fit-0062,axis3_code_agentic,1036,0.0026029617860989407
conditional-fit-0062,axis3_code_agentic,1037,0.07370664457652415
conditional-fit-0062,axis3_code_agentic,1038,0.006268731824239541
conditional-fit-0062,axis3_code_agentic,1039,0.025903134816946248
conditional-fit-0062,axis3_code_agentic,1040,1.2707469604562914e-05
conditional-fit-0062,axis3_code_agentic,1041,0.00030946300267934557
conditional-fit-0062,axis3_code_agentic,1042,0.13028241286326792
conditional-fit-0062,axis3_code_agentic,1043,0.0019762860234300256
conditional-fit-0062,axis3_code_agentic,1044,0.003774908546688251
conditional-fit-0062,axis3_code_agentic,1045,3.928506631661576e-06
conditional-fit-0062,axis3_code_agentic,1046,0.0002611969849259886
conditional-fit-0062,axis3_code_agentic,1047,0.000649551402524258
conditional-fit-0062,axis3_code_agentic,1048,0.005847152095023276
conditional-fit-0062,axis3_code_agentic,1049,0.0021397537215965354
conditional-fit-0062,axis3_code_agentic,1050,0.06424133466537135
conditional-fit-0062,axis3_code_agentic,1051,0.039691660639691914
conditional-fit-0062,axis3_code_agentic,1052,0.002003091660283263
conditional-fit-0062,axis3_code_agentic,1053,1.623751769749807e-05
conditional-fit-0062,axis3_code_agentic,1054,0.00960688194032426
conditional-fit-0062,axis3_code_agentic,1055,0.020072085046072566
conditional-fit-0062,axis3_code_agentic,1056,5.4674610952782084e-05
conditional-fit-0062,axis3_code_agentic,1057,0.030751175433341993
conditional-fit-0062,axis3_code_agentic,1058,0.043441352304349146
conditional-fit-0062,axis3_code_agentic,1059,0.007693654497443088
conditional-fit-0062,axis3_code_agentic,1060,0.006039790307155929
conditional-fit-0062,axis3_code_agentic,1061,0.0022966006043328973
conditional-fit-0062,axis3_code_agentic,1062,0.027503095182598084
conditional-fit-0062,axis3_code_agentic,1063,3.549310016445874e-05
conditional-fit-0062,axis3_code_agentic,1064,0.022337720348658684
conditional-fit-0062,axis3_code_agentic,1065,0.0020838181282154056
conditional-fit-0062,axis3_code_agentic,1066,0.030156425229487523
conditional-fit-0062,axis3_code_agentic,1067,0.003259942063180159
conditional-fit-0062,axis3_code_agentic,1068,1.1483420452365673e-05
conditional-fit-0062,axis3_code_agentic,1069,0.026850024436670866
conditional-fit-0062,axis3_code_agentic,1070,0.013031154976994747
conditional-fit-0062,axis3_code_agentic,1071,0.0037030348316713273
conditional-fit-0062,axis3_code_agentic,1072,0.02928855423227869
conditional-fit-0062,axis3_code_agentic,1073,0.01510088289061761
conditional-fit-0062,axis3_code_agentic,1074,0.028788989890072336
conditional-fit-0062,axis3_code_agentic,1075,0.0004487662678698663
conditional-fit-0062,axis3_code_agentic,1076,0.0002479067804431154
conditional-fit-0062,axis3_code_agentic,1077,0.010482316251121886
conditional-fit-0062,axis3_code_agentic,1078,0.02681901799722386
conditional-fit-0062,axis3_code_agentic,1079,0.012998221197883922
conditional-fit-0062,axis3_code_agentic,1080,0.014366119828702423
conditional-fit-0062,axis3_code_agentic,1081,0.030050293164583828
conditional-fit-0062,axis3_code_agentic,1082,0.009000397636958963
conditional-fit-0062,axis3_code_agentic,1083,0.019039369483230595
conditional-fit-0062,axis3_code_agentic,1084,0.029230307068428225
conditional-fit-0062,axis3_code_agentic,1085,0.03926371082637358
conditional-fit-0062,axis3_code_agentic,1086,0.006216862194702978
conditional-fit-0062,axis3_code_agentic,1087,0.03123082268527625
conditional-fit-0062,axis3_code_agentic,1088,0.03337431246468478
conditional-fit-0062,axis3_code_agentic,1089,0.00024220702192479958
conditional-fit-0062,axis3_code_agentic,1090,0.02754650945462174
conditional-fit-0062,axis3_code_agentic,1091,0.027747744450075346
conditional-fit-0062,axis3_code_agentic,1092,0.00021183036223222025
conditional-fit-0062,axis3_code_agentic,1093,0.03733443282781744
conditional-fit-0062,axis3_code_agentic,1094,0.005980828831750155
conditional-fit-0062,axis3_code_agentic,1095,0.004226691382765024
conditional-fit-0062,axis3_code_agentic,1096,0.0003113108996366602
conditional-fit-0062,axis3_code_agentic,1097,0.009307203155562544
conditional-fit-0062,axis3_code_agentic,1098,0.008667987010255316
conditional-fit-0062,axis3_code_agentic,1099,1.78468084172636e-05
conditional-fit-0062,axis3_code_agentic,1100,0.0002258806667367
conditional-fit-0062,axis3_code_agentic,1101,0.11946943473091279
conditional-fit-0062,axis3_code_agentic,1102,0.0003045467656072338
conditional-fit-0062,axis3_code_agentic,1103,0.07019781177988044
conditional-fit-0062,axis3_code_agentic,1104,0.046865477093246496
conditional-fit-0062,axis3_code_agentic,1105,0.019104000307555484
conditional-fit-0062,axis3_code_agentic,1106,0.0013045140005906754
conditional-fit-0062,axis3_code_agentic,1107,0.091760990734865
conditional-fit-0062,axis3_code_agentic,1108,0.0008900454884260155
conditional-fit-0062,axis3_code_agentic,1109,0.012359554795766461
conditional-fit-0062,axis3_code_agentic,1110,0.007717788959139675
conditional-fit-0062,axis3_code_agentic,1111,0.00022049939891382597
conditional-fit-0062,axis3_code_agentic,1112,0.0038321114585521928
conditional-fit-0062,axis3_code_agentic,1113,9.516283538031913e-05
conditional-fit-0062,axis3_code_agentic,1114,0.000682216971588735
conditional-fit-0062,axis3_code_agentic,1115,0.008802602080060631
conditional-fit-0062,axis3_code_agentic,1116,0.022155737663815386
conditional-fit-0062,axis3_code_agentic,1117,0.0005532539999396316
conditional-fit-0062,axis3_code_agentic,1118,0.012473434837315497
conditional-fit-0062,axis3_code_agentic,1119,0.030048813490039388
conditional-fit-0062,axis3_code_agentic,1120,0.04107999315328613
conditional-fit-0062,axis3_code_agentic,1121,0.1012961788463866
conditional-fit-0062,axis3_code_agentic,1122,0.00036807240220207313
conditional-fit-0062,axis3_code_agentic,1123,0.018643185140544232
conditional-fit-0062,axis3_code_agentic,1124,0.00697960012293088
conditional-fit-0062,axis3_code_agentic,1125,0.04778798722957865
conditional-fit-0062,axis3_code_agentic,1126,0.07759293651053382
conditional-fit-0062,axis3_code_agentic,1127,0.0495163020103771
conditional-fit-0062,axis3_code_agentic,1128,0.014598897044826451
conditional-fit-0062,axis3_code_agentic,1129,0.003593717679314113
conditional-fit-0062,axis3_code_agentic,1130,0.025299222082018076
conditional-fit-0062,axis3_code_agentic,1131,0.015394651408615097
conditional-fit-0062,axis3_code_agentic,1132,0.00716586786368551
conditional-fit-0062,axis3_code_agentic,1133,0.036359746826276435
conditional-fit-0062,axis3_code_agentic,1134,0.04466234825574339
conditional-fit-0062,axis3_code_agentic,1135,1.2893995772352616e-05
conditional-fit-0062,axis3_code_agentic,1136,0.011893810472404533
conditional-fit-0062,axis3_code_agentic,1137,0.06910962951290442
conditional-fit-0062,axis3_code_agentic,1138,0.01854351952265447
conditional-fit-0062,axis3_code_agentic,1139,0.0031867567025305726
conditional-fit-0062,axis3_code_agentic,1140,0.014944915304598174
conditional-fit-0062,axis3_code_agentic,1141,0.0003381313000500859
conditional-fit-0062,axis3_code_agentic,1142,2.8885336843454678e-05
conditional-fit-0062,axis3_code_agentic,1143,0.0023903474092260967
conditional-fit-0062,axis3_code_agentic,1144,0.03812566606996877
conditional-fit-0062,axis3_code_agentic,1145,5.583340184181476e-06
conditional-fit-0062,axis3_code_agentic,1146,0.011796859881429662
conditional-fit-0062,axis3_code_agentic,1147,0.05423469115192478
conditional-fit-0062,axis3_code_agentic,1148,0.013285173490239825
conditional-fit-0062,axis3_code_agentic,1149,0.011406529746624233
conditional-fit-0062,axis3_code_agentic,1150,0.00342799986666216
conditional-fit-0062,axis3_code_agentic,1151,0.019660013066263367
conditional-fit-0062,axis3_code_agentic,1152,0.028861732274557482
conditional-fit-0062,axis3_code_agentic,1153,0.012997208482507842
conditional-fit-0062,axis3_code_agentic,1154,0.00023860916089432134
conditional-fit-0062,axis3_code_agentic,1155,0.05927494621017096
conditional-fit-0062,axis3_code_agentic,1156,0.034186815424398984
conditional-fit-0062,axis3_code_agentic,1157,0.07120139939076167
conditional-fit-0062,axis3_code_agentic,1158,0.010571352728090157
conditional-fit-0062,axis3_code_agentic,1159,0.016860269228870278
conditional-fit-0062,axis3_code_agentic,1160,0.07560117925814605
conditional-fit-0062,axis3_code_agentic,1161,0.03629489935364155
conditional-fit-0062,axis3_code_agentic,1162,0.013857649406915072
conditional-fit-0062,axis3_code_agentic,1163,0.025362852918005593
conditional-fit-0062,axis3_code_agentic,1164,0.2414820182562768
conditional-fit-0062,axis3_code_agentic,1165,0.04354706516945098
conditional-fit-0062,axis3_code_agentic,1166,0.13257230690369587
conditional-fit-0062,axis3_code_agentic,1167,0.00024632775884634553
conditional-fit-0062,axis3_code_agentic,1168,0.00010870286910651469
conditional-fit-0062,axis3_code_agentic,1169,0.0014952838735790895
conditional-fit-0062,axis3_code_agentic,1170,0.013652388619983597
conditional-fit-0062,axis3_code_agentic,1171,0.028933110205039348
conditional-fit-0062,axis3_code_agentic,1172,0.015302590279347123
conditional-fit-0062,axis3_code_agentic,1173,4.519712585270735e-06
conditional-fit-0062,axis3_code_agentic,1174,5.313399794810324e-05
conditional-fit-0062,axis3_code_agentic,1175,0.046545662515720836
conditional-fit-0062,axis3_code_agentic,1176,0.010147109507131378
conditional-fit-0062,axis3_code_agentic,1177,0.006823711463903457
conditional-fit-0062,axis3_code_agentic,1178,0.006114836211866975
conditional-fit-0062,axis3_code_agentic,1179,0.00963598110791947
conditional-fit-0062,axis3_code_agentic,1180,0.05152161303611731
conditional-fit-0062,axis3_code_agentic,1181,0.0020530150196016693
conditional-fit-0062,axis3_code_agentic,1182,0.01067337704731279
conditional-fit-0062,axis3_code_agentic,1183,0.007504505774805805
conditional-fit-0062,axis3_code_agentic,1184,0.02509466366004623
conditional-fit-0062,axis3_code_agentic,1185,0.023649914277375846
conditional-fit-0062,axis3_code_agentic,1186,0.010968087527270697
conditional-fit-0062,axis3_code_agentic,1187,0.0001628685696053137
conditional-fit-0062,axis3_code_agentic,1188,0.0002915619152243819
conditional-fit-0062,axis3_code_agentic,1189,0.0007318413553943165
conditional-fit-0062,axis3_code_agentic,1190,0.016858169891771694
conditional-fit-0062,axis3_code_agentic,1191,0.11948758667499244
conditional-fit-0062,axis3_code_agentic,1192,0.0009540399407481161
conditional-fit-0062,axis3_code_agentic,1193,0.02069130743429771
conditional-fit-0062,axis3_code_agentic,1194,0.0043670052130887725
conditional-fit-0062,axis3_code_agentic,1195,0.011013040419445057
conditional-fit-0062,axis3_code_agentic,1196,0.03324997424219699
conditional-fit-0062,axis3_code_agentic,1197,0.01392057524343648
conditional-fit-0062,axis3_code_agentic,1198,0.013271886925559324
conditional-fit-0062,axis3_code_agentic,1199,0.010975882117772826
conditional-fit-0062,axis3_code_agentic,1200,0.03444607953812928
conditional-fit-0062,axis3_code_agentic,1201,0.00030341800904493723
conditional-fit-0062,axis3_code_agentic,1202,0.0025088932856328194
conditional-fit-0062,axis3_code_agentic,1203,0.029769852204997532
conditional-fit-0062,axis3_code_agentic,1204,0.010832354353542323
conditional-fit-0062,axis3_code_agentic,1205,0.00575272463747741
conditional-fit-0062,axis3_code_agentic,1206,0.06757194306436293
conditional-fit-0062,axis3_code_agentic,1207,0.02347938791825545
conditional-fit-0062,axis3_code_agentic,1208,0.050432242412079935
conditional-fit-0062,axis3_code_agentic,1209,0.027332332422087408
conditional-fit-0062,axis3_code_agentic,1210,0.005742093072406989
conditional-fit-0062,axis3_code_agentic,1211,0.03557910136657876
conditional-fit-0062,axis3_code_agentic,1212,0.01935658574241577
conditional-fit-0062,axis3_code_agentic,1213,0.0019375763052485086
conditional-fit-0062,axis3_code_agentic,1214,0.07370486555419822
conditional-fit-0062,axis3_code_agentic,1215,4.8465985349599634e-05
conditional-fit-0062,axis3_code_agentic,1216,0.006624340969198194
conditional-fit-0062,axis3_code_agentic,1217,0.005642368050380828
conditional-fit-0062,axis3_code_agentic,1218,0.0003551343960099475
conditional-fit-0062,axis3_code_agentic,1219,0.012048731452534177
conditional-fit-0062,axis3_code_agentic,1220,0.000989024301613517
conditional-fit-0062,axis3_code_agentic,1221,0.007557627739694085
conditional-fit-0062,axis3_code_agentic,1222,0.010893595623338984
conditional-fit-0062,axis3_code_agentic,1223,0.004043873674524116
conditional-fit-0062,axis3_code_agentic,1224,9.243648961523488e-05
conditional-fit-0062,axis3_code_agentic,1225,6.0613784156986025e-06
conditional-fit-0062,axis3_code_agentic,1226,0.03001717644418588
conditional-fit-0062,axis3_code_agentic,1227,0.01768365549375555
conditional-fit-0062,axis3_code_agentic,1228,0.014122736186370527
conditional-fit-0062,axis3_code_agentic,1229,0.0006526172536196902
conditional-fit-0062,axis3_code_agentic,1230,0.04726073003817688
conditional-fit-0062,axis3_code_agentic,1231,0.0002173732560462406
conditional-fit-0062,axis3_code_agentic,1232,0.06276647188308782
conditional-fit-0062,axis3_code_agentic,1233,0.005585867032210083
conditional-fit-0062,axis3_code_agentic,1234,8.902299568735361e-06
conditional-fit-0062,axis3_code_agentic,1235,0.000556572834942732
conditional-fit-0062,axis3_code_agentic,1236,0.08626061162914513
conditional-fit-0062,axis3_code_agentic,1237,0.05899265843035456
conditional-fit-0062,axis3_code_agentic,1238,0.06807031058038734
conditional-fit-0062,axis3_code_agentic,1239,0.0005300758560904946
conditional-fit-0062,axis3_code_agentic,1240,0.0011193181560956295
conditional-fit-0062,axis3_code_agentic,1241,0.0001505043814034057
conditional-fit-0062,axis3_code_agentic,1242,0.013960594839096077
conditional-fit-0062,axis3_code_agentic,1243,3.8557692447132806e-05
conditional-fit-0062,axis3_code_agentic,1244,2.2022513344700312e-05
conditional-fit-0062,axis3_code_agentic,1245,0.05476407119994091
conditional-fit-0062,axis3_code_agentic,1246,0.00465492483047248
conditional-fit-0062,axis3_code_agentic,1247,0.09032056663870713
conditional-fit-0062,axis3_code_agentic,1248,0.016338796734693763
conditional-fit-0062,axis3_code_agentic,1249,0.010213376373075685
conditional-fit-0062,axis3_code_agentic,1250,0.10949958969945905
conditional-fit-0062,axis3_code_agentic,1251,0.00048109420874013526
conditional-fit-0062,axis3_code_agentic,1252,0.0798518731274244
conditional-fit-0062,axis3_code_agentic,1253,0.001842911760813358
conditional-fit-0062,axis3_code_agentic,1254,0.017127275233017415
conditional-fit-0062,axis3_code_agentic,1255,0.006032635529893004
conditional-fit-0062,axis3_code_agentic,1256,0.025875221820743186
conditional-fit-0062,axis3_code_agentic,1257,0.010584727058307828
conditional-fit-0062,axis3_code_agentic,1258,0.0001597704316736758
conditional-fit-0062,axis3_code_agentic,1259,0.00916860582175685
conditional-fit-0062,axis3_code_agentic,1260,1.3295899209667014e-05
conditional-fit-0062,axis3_code_agentic,1261,0.06395401465982063
conditional-fit-0062,axis3_code_agentic,1262,0.03874599493653975
conditional-fit-0062,axis3_code_agentic,1263,0.0008188703246995764
conditional-fit-0062,axis3_code_agentic,1264,0.013635470340095487
conditional-fit-0062,axis3_code_agentic,1265,0.01569067319926953
conditional-fit-0062,axis3_code_agentic,1266,0.04214690747662335
conditional-fit-0062,axis3_code_agentic,1267,0.008160104522429374
conditional-fit-0062,axis3_code_agentic,1268,0.007609408291888827
conditional-fit-0062,axis3_code_agentic,1269,0.0002200345384468673
conditional-fit-0062,axis3_code_agentic,1270,0.0002403073842564012
conditional-fit-0062,axis3_code_agentic,1271,0.01754692808932987
conditional-fit-0062,axis3_code_agentic,1272,0.035549327827185784
conditional-fit-0062,axis3_code_agentic,1273,0.022615269227927122
conditional-fit-0062,axis3_code_agentic,1274,0.02422344524887342
conditional-fit-0062,axis3_code_agentic,1275,0.00038510791176224815
conditional-fit-0062,axis3_code_agentic,1276,0.019431673483656833
conditional-fit-0062,axis3_code_agentic,1277,0.005446717092329608
conditional-fit-0062,axis3_code_agentic,1278,0.005302563858199809
conditional-fit-0062,axis3_code_agentic,1279,0.02636039145780203
conditional-fit-0062,axis3_code_agentic,1280,0.04249173842068875
conditional-fit-0062,axis3_code_agentic,1281,0.005029434295113669
conditional-fit-0062,axis3_code_agentic,1282,0.0016062181413044945
conditional-fit-0062,axis3_code_agentic,1283,0.00018116065605481763
conditional-fit-0062,axis3_code_agentic,1284,0.0004646325863546417
conditional-fit-0062,axis3_code_agentic,1285,0.017495818695784808
conditional-fit-0062,axis3_code_agentic,1286,0.011878731074544494
conditional-fit-0062,axis3_code_agentic,1287,7.202196862923144e-06
conditional-fit-0062,axis3_code_agentic,1288,0.00012899635597243787
conditional-fit-0062,axis3_code_agentic,1289,0.025387900498490896
conditional-fit-0062,axis3_code_agentic,1290,1.578201868478629e-05
conditional-fit-0062,axis3_code_agentic,1291,2.2562650253416054e-06
conditional-fit-0062,axis3_code_agentic,1292,0.0022271834002554943
conditional-fit-0062,axis3_code_agentic,1293,2.4089328293864047e-05
conditional-fit-0062,axis3_code_agentic,1294,0.0031898334088464367
conditional-fit-0062,axis3_code_agentic,1295,0.005892605151363417
conditional-fit-0062,axis3_code_agentic,1296,0.026590868993778785
conditional-fit-0062,axis3_code_agentic,1297,0.006951408440596628
conditional-fit-0062,axis3_code_agentic,1298,0.00436699885989195
conditional-fit-0062,axis3_code_agentic,1299,0.0051313289516147775
conditional-fit-0062,axis3_code_agentic,1300,0.030057231024516934
conditional-fit-0062,axis3_code_agentic,1301,0.029237577726848114
conditional-fit-0062,axis3_code_agentic,1302,1.9590809081229552e-05
conditional-fit-0062,axis3_code_agentic,1303,0.0074939923172538375
conditional-fit-0062,axis3_code_agentic,1304,0.01604354232840573
conditional-fit-0062,axis3_code_agentic,1305,0.0002658987269818189
conditional-fit-0062,axis3_code_agentic,1306,3.250101234057414e-05
conditional-fit-0062,axis3_code_agentic,1307,0.00570479621573685
conditional-fit-0062,axis3_code_agentic,1308,0.025210815339009335
conditional-fit-0062,axis3_code_agentic,1309,0.04120791044659025
conditional-fit-0062,axis3_code_agentic,1310,4.946152574547337e-06
conditional-fit-0062,axis3_code_agentic,1311,8.972081544261931e-06
conditional-fit-0062,axis3_code_agentic,1312,0.003057831636028959
conditional-fit-0062,axis3_code_agentic,1313,0.0011417931180751546
conditional-fit-0062,axis3_code_agentic,1314,0.005911071218006795
conditional-fit-0062,axis3_code_agentic,1315,0.025017175275539733
conditional-fit-0062,axis3_code_agentic,1316,0.017386003474448714
conditional-fit-0062,axis3_code_agentic,1317,0.058374434476739505
conditional-fit-0062,axis3_code_agentic,1318,6.9326333488380025e-06
conditional-fit-0062,axis3_code_agentic,1319,0.016480742986413194
conditional-fit-0062,axis3_code_agentic,1320,0.03776488496584411
conditional-fit-0062,axis3_code_agentic,1321,0.03888003229050815
conditional-fit-0062,axis3_code_agentic,1322,0.047840309446872224
conditional-fit-0062,axis3_code_agentic,1323,0.006890066443681585
conditional-fit-0062,axis3_code_agentic,1324,9.14945224705707e-07
conditional-fit-0062,axis3_code_agentic,1325,0.00013324709269743463
conditional-fit-0062,axis3_code_agentic,1326,0.0035537234243891813
conditional-fit-0062,axis3_code_agentic,1327,0.04317484513520694
conditional-fit-0062,axis3_code_agentic,1328,0.00018463951233934814
conditional-fit-0062,axis3_code_agentic,1329,4.2840313622429516e-05
conditional-fit-0062,axis3_code_agentic,1330,0.04368442597553483
conditional-fit-0062,axis3_code_agentic,1331,0.0027491666872010755
conditional-fit-0062,axis3_code_agentic,1332,0.0006019238146761695
conditional-fit-0062,axis3_code_agentic,1333,0.021365608683310885
conditional-fit-0062,axis3_code_agentic,1334,2.3131712225591115e-05
conditional-fit-0062,axis3_code_agentic,1335,0.00598540995641144
conditional-fit-0062,axis3_code_agentic,1336,0.04426956333164431
conditional-fit-0062,axis3_code_agentic,1337,5.9699574458101895e-05
conditional-fit-0062,axis3_code_agentic,1338,0.00019676135996135743
conditional-fit-0062,axis3_code_agentic,1339,0.052157024958648684
conditional-fit-0062,axis3_code_agentic,1340,0.0008987619111703165
conditional-fit-0062,axis3_code_agentic,1341,0.012145142795416591
conditional-fit-0062,axis3_code_agentic,1342,0.021748502968073617
conditional-fit-0062,axis3_code_agentic,1343,0.008404056625878155
conditional-fit-0062,axis3_code_agentic,1344,2.3928014506306067e-05
conditional-fit-0062,axis3_code_agentic,1345,0.013041394001588802
conditional-fit-0062,axis3_code_agentic,1346,0.0006210318735125795
conditional-fit-0062,axis3_code_agentic,1347,0.01604066454166971
conditional-fit-0062,axis3_code_agentic,1348,0.013396859922756844
conditional-fit-0062,axis3_code_agentic,1349,0.016198331536986226
conditional-fit-0062,axis3_code_agentic,1350,0.0015843522023559027
conditional-fit-0062,axis3_code_agentic,1351,0.017223581695385244
conditional-fit-0062,axis3_code_agentic,1352,0.000898431930089857
conditional-fit-0062,axis3_code_agentic,1353,0.04160423312041978
conditional-fit-0062,axis3_code_agentic,1354,0.03478472252799257
conditional-fit-0062,axis3_code_agentic,1355,0.0006981888603803599
conditional-fit-0062,axis3_code_agentic,1356,0.02665264715778861
conditional-fit-0062,axis3_code_agentic,1357,0.018062268637718933
conditional-fit-0062,axis3_code_agentic,1358,0.009329995038827261
conditional-fit-0062,axis3_code_agentic,1359,0.0216727961416154
conditional-fit-0062,axis3_code_agentic,1360,0.006288572009684013
conditional-fit-0062,axis3_code_agentic,1361,0.01920594250635817
conditional-fit-0062,axis3_code_agentic,1362,0.015297202822155053
conditional-fit-0062,axis3_code_agentic,1363,0.007234047714078588
conditional-fit-0062,axis3_code_agentic,1364,0.001184060671744721
conditional-fit-0062,axis3_code_agentic,1365,0.009691409510302536
conditional-fit-0062,axis3_code_agentic,1366,0.00303868991419293
conditional-fit-0062,axis3_code_agentic,1367,0.00787834114325217
conditional-fit-0062,axis3_code_agentic,1368,0.012924059934162267
conditional-fit-0062,axis3_code_agentic,1369,0.02030969892722649
conditional-fit-0062,axis3_code_agentic,1370,0.007499679174119082
conditional-fit-0062,axis3_code_agentic,1371,0.03465795839826091
conditional-fit-0062,axis3_code_agentic,1372,0.006075035086260672
conditional-fit-0062,axis3_code_agentic,1373,0.0021213599141537208
conditional-fit-0062,axis3_code_agentic,1374,0.05438993773700155
conditional-fit-0062,axis3_code_agentic,1375,0.06341112440713773
conditional-fit-0062,axis3_code_agentic,1376,0.048829086316378036
conditional-fit-0062,axis3_code_agentic,1377,0.1551573163296755
conditional-fit-0062,axis3_code_agentic,1378,0.07176382269632879
conditional-fit-0062,axis3_code_agentic,1379,0.44223937552479675
conditional-fit-0062,axis3_code_agentic,1380,0.00827243686927204
conditional-fit-0062,axis3_code_agentic,1381,0.09803718138369666
conditional-fit-0062,axis3_code_agentic,1382,0.0004742592860145488
conditional-fit-0062,axis3_code_agentic,1383,8.735711473281937e-05
conditional-fit-0062,axis3_code_agentic,1384,0.002032619913190933
conditional-fit-0062,axis3_code_agentic,1385,9.545163819868055e-06
conditional-fit-0062,axis3_code_agentic,1386,1.0674837639431495e-05
conditional-fit-0062,axis3_code_agentic,1387,0.008339210908452228
conditional-fit-0062,axis3_code_agentic,1388,0.00019647521739108462
conditional-fit-0062,axis3_code_agentic,1389,2.770231480658547e-05
conditional-fit-0062,axis3_code_agentic,1390,2.259978967320305e-05
conditional-fit-0062,axis3_code_agentic,1391,7.57428611186069e-06
conditional-fit-0062,axis3_code_agentic,1392,0.0013488601504239592
conditional-fit-0062,axis3_code_agentic,1393,0.057326454798162826
conditional-fit-0062,axis3_code_agentic,1394,0.035854262097492
conditional-fit-0062,axis3_code_agentic,1395,0.422620141372137
conditional-fit-0062,axis3_code_agentic,1396,0.042565013783173
conditional-fit-0062,axis3_code_agentic,1397,0.15701903957882388
conditional-fit-0062,axis3_code_agentic,1398,0.007308383442393145
conditional-fit-0062,axis3_code_agentic,1399,0.07160805868934506
conditional-fit-0062,axis3_code_agentic,1400,0.013379003672164512
conditional-fit-0062,axis3_code_agentic,1401,0.257646466043894
conditional-fit-0062,axis3_code_agentic,1402,0.005718903699370066
conditional-fit-0062,axis3_code_agentic,1403,0.05007780907729931
conditional-fit-0062,axis3_code_agentic,1404,0.0075117409665598454
conditional-fit-0062,axis3_code_agentic,1405,0.011169032418683746
conditional-fit-0062,axis3_code_agentic,1406,0.017366686706853846
conditional-fit-0062,axis3_code_agentic,1407,0.06903070990637489
conditional-fit-0062,axis3_code_agentic,1408,0.0017951643089795092
conditional-fit-0062,axis3_code_agentic,1409,0.0007817906753805112
conditional-fit-0062,axis3_code_agentic,1410,0.007733491697565195
conditional-fit-0062,axis3_code_agentic,1411,0.02364163861739846
conditional-fit-0062,axis3_code_agentic,1412,0.013707052893303484
conditional-fit-0062,axis3_code_agentic,1413,0.001695144789517834
conditional-fit-0062,axis3_code_agentic,1414,0.17428383956073323
conditional-fit-0062,axis3_code_agentic,1415,0.6282335363265409
conditional-fit-0062,axis3_code_agentic,1416,0.005809351285096708
conditional-fit-0062,axis3_code_agentic,1417,0.003042967955494961
conditional-fit-0062,axis3_code_agentic,1418,0.0015602745045409316
conditional-fit-0062,axis3_code_agentic,1419,0.05210337936013894
conditional-fit-0062,axis3_code_agentic,1420,0.0008639769246893544
conditional-fit-0062,axis3_code_agentic,1421,0.013163293735565943
conditional-fit-0062,axis3_code_agentic,1422,0.012853557886121693
conditional-fit-0062,axis3_code_agentic,1423,0.19410404418269608
conditional-fit-0062,axis3_code_agentic,1424,0.023914211025154793
conditional-fit-0062,axis3_code_agentic,1425,0.223490619790524
conditional-fit-0062,axis3_code_agentic,1426,0.00016198651963061992
conditional-fit-0062,axis3_code_agentic,1427,0.0001135420046432047
conditional-fit-0062,axis3_code_agentic,1428,6.68799916544396e-06
conditional-fit-0062,axis3_code_agentic,1429,1.0593780009629278e-05
conditional-fit-0062,axis3_code_agentic,1430,0.0001299697309145402
conditional-fit-0062,axis3_code_agentic,1431,4.2445758185808025e-05
conditional-fit-0062,axis3_code_agentic,1432,2.981372372517148e-05
conditional-fit-0062,axis3_code_agentic,1433,7.428898495328274e-06
conditional-fit-0062,axis3_code_agentic,1434,9.343852249006903e-06
conditional-fit-0062,axis3_code_agentic,1435,0.004610632743704672
conditional-fit-0062,axis3_code_agentic,1436,0.034229701143919176
conditional-fit-0062,axis3_code_agentic,1437,0.004501893605961118
conditional-fit-0062,axis3_code_agentic,1438,0.008889918279179123
conditional-fit-0062,axis3_code_agentic,1439,0.06506386227589661
conditional-fit-0062,axis3_code_agentic,1440,0.004848170846946712
conditional-fit-0062,axis3_code_agentic,1441,0.0024134009630265413
conditional-fit-0062,axis3_code_agentic,1442,0.00012868289155271485
conditional-fit-0062,axis3_code_agentic,1443,0.04988644481316797
conditional-fit-0062,axis3_code_agentic,1444,0.02852625612692523
conditional-fit-0062,axis3_code_agentic,1445,0.0045051227218929546
conditional-fit-0062,axis3_code_agentic,1446,0.0003091559281721174
conditional-fit-0062,axis3_code_agentic,1447,0.00019016317275256554
conditional-fit-0062,axis3_code_agentic,1448,0.0002501896963609709
conditional-fit-0062,axis3_code_agentic,1449,0.0948077070921719
conditional-fit-0062,axis3_code_agentic,1450,0.00013155154827733801
conditional-fit-0062,axis3_code_agentic,1451,0.008152013049098527
conditional-fit-0062,axis3_code_agentic,1452,0.0001725694567320754
conditional-fit-0062,axis3_code_agentic,1453,0.0023701687346797257
conditional-fit-0062,axis3_code_agentic,1454,0.00020055153641415331
conditional-fit-0062,axis3_code_agentic,1455,3.4770120040101287e-05
conditional-fit-0062,axis3_code_agentic,1456,0.000105192840541244
conditional-fit-0062,axis3_code_agentic,1457,7.979406426534167e-06
conditional-fit-0062,axis3_code_agentic,1458,9.979373049776604e-06
conditional-fit-0062,axis3_code_agentic,1459,2.5037510657149844e-05
conditional-fit-0062,axis3_code_agentic,1460,2.170489839645448e-07
conditional-fit-0062,axis3_code_agentic,1461,0.0001860178306442145
conditional-fit-0062,axis3_code_agentic,1462,3.109599760977346e-05
conditional-fit-0062,axis3_code_agentic,1463,0.00032574124595065724
conditional-fit-0062,axis3_code_agentic,1464,0.0006652001476805282
conditional-fit-0062,axis3_code_agentic,1465,0.00018870345040414188
conditional-fit-0062,axis3_code_agentic,1466,0.0025341085784986073
conditional-fit-0062,axis3_code_agentic,1467,0.000215534027520264
conditional-fit-0062,axis3_code_agentic,1468,0.008165162109529257
conditional-fit-0062,axis3_code_agentic,1469,0.00032067161410189967
conditional-fit-0062,axis3_code_agentic,1470,0.00018149462103074433
conditional-fit-0062,axis3_code_agentic,1471,2.7194621958777804e-06
conditional-fit-0062,axis3_code_agentic,1472,0.0009710230671817247
conditional-fit-0062,axis3_code_agentic,1473,0.00027587080242183395
conditional-fit-0062,axis3_code_agentic,1474,0.00014529874998901564
conditional-fit-0062,axis3_code_agentic,1475,0.000551625739875094
conditional-fit-0062,axis3_code_agentic,1476,5.463124778208456e-05
conditional-fit-0062,axis3_code_agentic,1477,0.0009267487571993677
conditional-fit-0062,axis3_code_agentic,1478,0.0032877651362418596
conditional-fit-0062,axis3_code_agentic,1479,0.00011743152096287373
conditional-fit-0062,axis3_code_agentic,1480,0.010238004321563849
conditional-fit-0062,axis3_code_agentic,1481,3.3496648868123073
conditional-fit-0062,axis3_code_agentic,1482,0.00033658813198938846
conditional-fit-0062,axis3_code_agentic,1483,0.0020661400347910955
conditional-fit-0062,axis3_code_agentic,1484,0.0008529392708374426
conditional-fit-0062,axis3_code_agentic,1485,0.0008706139540989393
conditional-fit-0062,axis3_code_agentic,1486,0.0011375298218120112
conditional-fit-0062,axis3_code_agentic,1487,0.00033498736671342994
conditional-fit-0062,axis3_code_agentic,1488,3.286109375340309e-05
conditional-fit-0062,axis3_code_agentic,1489,3.725175243508097e-05
conditional-fit-0062,axis3_code_agentic,1490,0.004788651553856603
conditional-fit-0062,axis3_code_agentic,1491,0.0001630226997838299
conditional-fit-0062,axis3_code_agentic,1492,4.043220439118349e-05
conditional-fit-0062,axis3_code_agentic,1493,9.297072706028138e-06
conditional-fit-0062,axis3_code_agentic,1494,0.00010186307297874118
conditional-fit-0062,axis3_code_agentic,1495,0.0014055370482714924
conditional-fit-0062,axis3_code_agentic,1496,0.11236385631552627
conditional-fit-0062,axis3_code_agentic,1497,0.004486179871293572
conditional-fit-0062,axis3_code_agentic,1498,0.1396216400073394
conditional-fit-0062,axis3_code_agentic,1499,0.0423144078083043
conditional-fit-0062,axis3_code_agentic,1500,0.08478839969072682
conditional-fit-0062,axis3_code_agentic,1501,0.0679518997910495
conditional-fit-0062,axis3_code_agentic,1502,0.023400250843700423
conditional-fit-0062,axis3_code_agentic,1503,0.04323280638657469
conditional-fit-0062,axis3_code_agentic,1504,0.031569605923212674
conditional-fit-0062,axis3_code_agentic,1505,0.003245056711024478
conditional-fit-0062,axis3_code_agentic,1506,0.00011248146023731166
conditional-fit-0062,axis3_code_agentic,1507,0.006111777062696647
conditional-fit-0062,axis3_code_agentic,1508,0.0634599753354058
conditional-fit-0062,axis3_code_agentic,1509,0.07167011921001779
conditional-fit-0062,axis3_code_agentic,1510,0.0004982050060128671
conditional-fit-0062,axis3_code_agentic,1511,0.0007390784911291892
conditional-fit-0062,axis3_code_agentic,1512,0.04838271872815965
conditional-fit-0062,axis3_code_agentic,1513,0.006091040932382968
conditional-fit-0062,axis3_code_agentic,1514,0.06679321508820307
conditional-fit-0062,axis3_code_agentic,1515,0.09511136437075136
conditional-fit-0062,axis3_code_agentic,1516,0.03816267927692933
conditional-fit-0062,axis3_code_agentic,1517,0.012536560202103253
conditional-fit-0062,axis3_code_agentic,1518,0.0010793286905184652
conditional-fit-0062,axis3_code_agentic,1519,0.003869387977183626
conditional-fit-0062,axis3_code_agentic,1520,0.13776360166980187
conditional-fit-0062,axis3_code_agentic,1521,0.053532613365985235
conditional-fit-0062,axis3_code_agentic,1522,0.13514421255858966
conditional-fit-0062,axis3_code_agentic,1523,0.02755924370375923
conditional-fit-0062,axis3_code_agentic,1524,0.020615753216326686
conditional-fit-0062,axis3_code_agentic,1525,0.06813459145000611
conditional-fit-0062,axis3_code_agentic,1526,0.1614399353603904
conditional-fit-0062,axis3_code_agentic,1527,0.02045175983973832
conditional-fit-0062,axis3_code_agentic,1528,0.000320345601975393
conditional-fit-0062,axis3_code_agentic,1529,0.08873810241403646
conditional-fit-0062,axis3_code_agentic,1530,0.024895053146711255
conditional-fit-0062,axis3_code_agentic,1531,0.03957298093931378
conditional-fit-0062,axis3_code_agentic,1532,0.002062429182126519
conditional-fit-0062,axis3_code_agentic,1533,0.0008764780652244003
conditional-fit-0062,axis3_code_agentic,1534,0.007817460813519791
conditional-fit-0062,axis3_code_agentic,1535,1.7917692782099264e-05
conditional-fit-0062,axis3_code_agentic,1536,0.0073120386507569
conditional-fit-0062,axis3_code_agentic,1537,0.022852188193050328
conditional-fit-0062,axis3_code_agentic,1538,7.139564766413913e-05
conditional-fit-0062,axis3_code_agentic,1539,0.011328040151790645
conditional-fit-0062,axis3_code_agentic,1540,0.12163175280272293
conditional-fit-0062,axis3_code_agentic,1541,1.2806619851078128e-05
conditional-fit-0062,axis3_code_agentic,1542,0.0013106258817970886
conditional-fit-0062,axis3_code_agentic,1543,0.03584189133215725
conditional-fit-0062,axis3_code_agentic,1544,0.031264336560930014
conditional-fit-0062,axis3_code_agentic,1545,0.034977423451460904
conditional-fit-0062,axis3_code_agentic,1546,0.03405421966888285
conditional-fit-0062,axis3_code_agentic,1547,0.03918956457808691
conditional-fit-0062,axis3_code_agentic,1548,0.023379407184138695
conditional-fit-0062,axis3_code_agentic,1549,0.004734271821395533
conditional-fit-0062,axis3_code_agentic,1550,0.028721511569875575
conditional-fit-0062,axis3_code_agentic,1551,0.000622376182373126
conditional-fit-0062,axis3_code_agentic,1552,0.0137850134636234
conditional-fit-0062,axis3_code_agentic,1553,0.009407418062964842
conditional-fit-0062,axis3_code_agentic,1554,0.005622706080541856
conditional-fit-0062,axis3_code_agentic,1555,8.932317971859446e-05
conditional-fit-0062,axis3_code_agentic,1556,5.187039244031961e-05
conditional-fit-0062,axis3_code_agentic,1557,0.0002492425664323444
conditional-fit-0062,axis3_code_agentic,1558,0.0123685146143334
conditional-fit-0062,axis3_code_agentic,1559,0.034442398661571415
conditional-fit-0062,axis3_code_agentic,1560,0.04493017831732302
conditional-fit-0062,axis3_code_agentic,1561,0.16898613425987194
conditional-fit-0062,axis3_code_agentic,1562,0.0007192468783089009
conditional-fit-0062,axis3_code_agentic,1563,0.015029876802995633
conditional-fit-0062,axis3_code_agentic,1564,0.022659281062376316
conditional-fit-0062,axis3_code_agentic,1565,0.0057741206740394785
conditional-fit-0062,axis3_code_agentic,1566,0.0004446096365146911
conditional-fit-0062,axis3_code_agentic,1567,0.017038070183175325
conditional-fit-0062,axis3_code_agentic,1568,0.00570427063755261
conditional-fit-0062,axis3_code_agentic,1569,0.022431907594316555
conditional-fit-0062,axis3_code_agentic,1570,0.00831542792212732
conditional-fit-0062,axis3_code_agentic,1571,1.676977035837087e-05
conditional-fit-0062,axis3_code_agentic,1572,0.04464655135046851
conditional-fit-0062,axis3_code_agentic,1573,0.012308311273130822
conditional-fit-0062,axis3_code_agentic,1574,1.9083405704962125e-05
conditional-fit-0062,axis3_code_agentic,1575,0.007420600572069301
conditional-fit-0062,axis3_code_agentic,1576,0.013193157012792512
conditional-fit-0062,axis3_code_agentic,1577,1.3437385366732644e-05
conditional-fit-0062,axis3_code_agentic,1578,0.0003236939666719797
conditional-fit-0062,axis3_code_agentic,1579,0.041544657768260634
conditional-fit-0062,axis3_code_agentic,1580,0.023713403532938934
conditional-fit-0062,axis3_code_agentic,1581,0.012681509170113087
conditional-fit-0062,axis3_code_agentic,1582,0.002918912603133611
conditional-fit-0062,axis3_code_agentic,1583,0.001095800638774085
conditional-fit-0062,axis3_code_agentic,1584,0.00016978200573903563
conditional-fit-0062,axis3_code_agentic,1585,4.894624945004813e-05
conditional-fit-0062,axis3_code_agentic,1586,0.0010031886539774726
conditional-fit-0062,axis3_code_agentic,1587,5.826059545502069e-05
conditional-fit-0062,axis3_code_agentic,1588,0.0019083598580819845
conditional-fit-0062,axis3_code_agentic,1589,0.007640386605273816
conditional-fit-0062,axis3_code_agentic,1590,0.014802116473182938
conditional-fit-0062,axis3_code_agentic,1591,0.009662838330279196
conditional-fit-0062,axis3_code_agentic,1592,0.0004147020211442592
conditional-fit-0062,axis3_code_agentic,1593,0.0023665273203386655
conditional-fit-0062,axis3_code_agentic,1594,1.5607048161221516e-05
conditional-fit-0062,axis3_code_agentic,1595,0.0003207941001396625
conditional-fit-0062,axis3_code_agentic,1596,2.1112761070344723e-05
conditional-fit-0062,axis3_code_agentic,1597,0.004895530826631457
conditional-fit-0062,axis3_code_agentic,1598,0.014696442342482977
conditional-fit-0062,axis3_code_agentic,1599,0.003768916259502769
conditional-fit-0062,axis3_code_agentic,1600,0.010928928248447317
conditional-fit-0062,axis3_code_agentic,1601,0.0047060427487741864
conditional-fit-0062,axis3_code_agentic,1602,5.662302947313278e-05
conditional-fit-0062,axis3_code_agentic,1603,0.002923467325254177
conditional-fit-0062,axis3_code_agentic,1604,0.01089863417935701
conditional-fit-0062,axis3_code_agentic,1605,0.018593632273956023
conditional-fit-0062,axis3_code_agentic,1606,0.0010852266929701146
conditional-fit-0062,axis3_code_agentic,1607,0.0026450373847143878
conditional-fit-0062,axis3_code_agentic,1608,0.04862618507262541
conditional-fit-0062,axis3_code_agentic,1609,0.009033608939891658
conditional-fit-0062,axis3_code_agentic,1610,0.0036701987393002733
conditional-fit-0062,axis3_code_agentic,1611,0.000822737534784496
conditional-fit-0062,axis3_code_agentic,1612,1.4587246185882648e-05
conditional-fit-0062,axis3_code_agentic,1613,0.009390740087044738
conditional-fit-0062,axis3_code_agentic,1614,1.669981334528655e-06
conditional-fit-0062,axis3_code_agentic,1615,0.00021473587108561813
conditional-fit-0062,axis3_code_agentic,1616,0.005071187306695639
conditional-fit-0062,axis3_code_agentic,1617,6.893074523713332e-05
conditional-fit-0062,axis3_code_agentic,1618,5.57504245701055e-05
conditional-fit-0062,axis3_code_agentic,1619,0.007020310434603946
conditional-fit-0062,axis3_code_agentic,1620,0.010138541862001853
conditional-fit-0062,axis3_code_agentic,1621,2.9578783881507882e-05
conditional-fit-0062,axis3_code_agentic,1622,4.3203954528984465e-05
conditional-fit-0062,axis3_code_agentic,1623,0.009152654111618884
conditional-fit-0062,axis3_code_agentic,1624,0.00040470379205076657
conditional-fit-0062,axis3_code_agentic,1625,0.009824173400732761
conditional-fit-0062,axis3_code_agentic,1626,0.00010654192545894991
conditional-fit-0062,axis3_code_agentic,1627,0.0049299194039093075
conditional-fit-0062,axis3_code_agentic,1628,0.004167568472817769
conditional-fit-0062,axis3_code_agentic,1629,0.0017095267182154284
conditional-fit-0062,axis3_code_agentic,1630,0.00010314530675110685
conditional-fit-0062,axis3_code_agentic,1631,0.021784773019033775
conditional-fit-0062,axis3_code_agentic,1632,7.590390753987312e-05
conditional-fit-0062,axis3_code_agentic,1633,3.282244179760257e-05
conditional-fit-0062,axis3_code_agentic,1634,0.00013086182597461351
conditional-fit-0062,axis3_code_agentic,1635,0.005808655107501837
conditional-fit-0062,axis3_code_agentic,1636,0.0008823023932083084
conditional-fit-0062,axis3_code_agentic,1637,0.03737856331568588
conditional-fit-0062,axis3_code_agentic,1638,8.919717911036102e-05
conditional-fit-0062,axis3_code_agentic,1639,0.00011187152581161658
conditional-fit-0062,axis3_code_agentic,1640,0.0384315520864432
conditional-fit-0062,axis3_code_agentic,1641,0.06405347060507072
conditional-fit-0062,axis3_code_agentic,1642,0.0012157239696790893
conditional-fit-0062,axis3_code_agentic,1643,1.7589945827341493e-05
conditional-fit-0062,axis3_code_agentic,1644,0.00013849521336917214
conditional-fit-0062,axis3_code_agentic,1645,5.098003099841173e-05
conditional-fit-0062,axis3_code_agentic,1646,2.577682809106076e-05
conditional-fit-0062,axis3_code_agentic,1647,6.813801625844025e-05
conditional-fit-0062,axis3_code_agentic,1648,0.011455390838578166
conditional-fit-0062,axis3_code_agentic,1649,2.3794834836543784e-06
conditional-fit-0062,axis3_code_agentic,1650,8.533775127005563e-05
conditional-fit-0062,axis3_code_agentic,1651,0.003891009702817404
conditional-fit-0062,axis3_code_agentic,1652,4.3755494022262054e-05
conditional-fit-0062,axis3_code_agentic,1653,4.8917477471173e-05
conditional-fit-0062,axis3_code_agentic,1654,0.010189426123921989
conditional-fit-0062,axis3_code_agentic,1655,0.0076294287138676635
conditional-fit-0062,axis3_code_agentic,1656,0.00011705832064104994
conditional-fit-0062,axis3_code_agentic,1657,3.713599329851393e-05
conditional-fit-0062,axis3_code_agentic,1658,6.411266489145861e-05
conditional-fit-0062,axis3_code_agentic,1659,1.8789679242989358e-05
conditional-fit-0062,axis3_code_agentic,1660,0.00043189456365613234
conditional-fit-0062,axis3_code_agentic,1661,0.00010430400193605196
conditional-fit-0062,axis3_code_agentic,1662,0.010026488097211721
conditional-fit-0062,axis3_code_agentic,1663,0.00013851618703352326
conditional-fit-0062,axis3_code_agentic,1664,0.0052008374196322385
conditional-fit-0062,axis3_code_agentic,1665,0.02526404356503232
conditional-fit-0062,axis3_code_agentic,1666,0.09501362259019061
conditional-fit-0062,axis3_code_agentic,1667,0.04715197947816355
conditional-fit-0062,axis3_code_agentic,1668,0.19312239940216694
conditional-fit-0062,axis3_code_agentic,1669,0.002817570859420097
conditional-fit-0062,axis3_code_agentic,1670,0.00011212797533237048
conditional-fit-0062,axis3_code_agentic,1671,0.012890356144899282
conditional-fit-0062,axis3_code_agentic,1672,0.015450597156486208
conditional-fit-0062,axis3_code_agentic,1673,0.16884069719822403
conditional-fit-0062,axis3_code_agentic,1674,0.024224344232224297
conditional-fit-0062,axis3_code_agentic,1675,0.06367058513438215
conditional-fit-0062,axis3_code_agentic,1676,0.0002324194106227141
conditional-fit-0062,axis3_code_agentic,1677,0.0056774261606116596
conditional-fit-0062,axis3_code_agentic,1678,0.0005924272908445655
conditional-fit-0062,axis3_code_agentic,1679,8.995773998459085e-05
conditional-fit-0062,axis3_code_agentic,1680,0.01811299806015645
conditional-fit-0062,axis3_code_agentic,1681,7.772594211189996e-05
conditional-fit-0062,axis3_code_agentic,1682,0.0003580903143144701
conditional-fit-0062,axis3_code_agentic,1683,0.029420052156962008
conditional-fit-0062,axis3_code_agentic,1684,6.820627434088672e-05
conditional-fit-0062,axis3_code_agentic,1685,0.0008475487756164461
conditional-fit-0062,axis3_code_agentic,1686,0.04773789193981545
conditional-fit-0062,axis3_code_agentic,1687,0.025018572508177742
conditional-fit-0062,axis3_code_agentic,1688,0.03196924797440938
conditional-fit-0062,axis3_code_agentic,1689,0.01706106815984323
conditional-fit-0062,axis3_code_agentic,1690,0.00012736047176950744
conditional-fit-0062,axis3_code_agentic,1691,0.00016803225026176393
conditional-fit-0062,axis3_code_agentic,1692,4.344812711371603e-05
conditional-fit-0062,axis3_code_agentic,1693,0.010138755518860605
conditional-fit-0062,axis3_code_agentic,1694,4.26041235894905e-06
conditional-fit-0062,axis3_code_agentic,1695,0.0002249356830000427
conditional-fit-0062,axis3_code_agentic,1696,0.005333828201743416
conditional-fit-0062,axis3_code_agentic,1697,0.0011098497415928282
conditional-fit-0062,axis3_code_agentic,1698,0.0001767065325796215
conditional-fit-0062,axis3_code_agentic,1699,7.719754512131041e-05
conditional-fit-0062,axis3_code_agentic,1700,0.0006918159638114776
conditional-fit-0062,axis3_code_agentic,1701,5.5926133663284515e-06
conditional-fit-0062,axis3_code_agentic,1702,0.0006456570467073476
conditional-fit-0062,axis3_code_agentic,1703,0.02610664421407807
conditional-fit-0062,axis3_code_agentic,1704,0.00013697205276097692
conditional-fit-0062,axis3_code_agentic,1705,0.0004487403245378409
conditional-fit-0062,axis3_code_agentic,1706,0.02285810215904161
conditional-fit-0062,axis3_code_agentic,1707,0.07091405111778115
conditional-fit-0062,axis3_code_agentic,1708,0.0008943120030008661
conditional-fit-0062,axis3_code_agentic,1709,2.1331120443703814e-05
conditional-fit-0062,axis3_code_agentic,1710,0.00015340855396185198
conditional-fit-0062,axis3_code_agentic,1711,7.304802173380963e-06
conditional-fit-0062,axis3_code_agentic,1712,0.004164390895720509
conditional-fit-0062,axis3_code_agentic,1713,1.4182028617435963e-05
conditional-fit-0062,axis3_code_agentic,1714,0.004513520855022421
conditional-fit-0062,axis3_code_agentic,1715,2.3937084235283047e-05
conditional-fit-0062,axis3_code_agentic,1716,0.011336437372377165
conditional-fit-0062,axis3_code_agentic,1717,0.004636552221805437
conditional-fit-0062,axis3_code_agentic,1718,6.829469523448096e-06
conditional-fit-0062,axis3_code_agentic,1719,5.281618316132276e-05
conditional-fit-0062,axis3_code_agentic,1720,0.0003049841463771911
conditional-fit-0062,axis3_code_agentic,1721,0.000814302659673506
conditional-fit-0062,axis3_code_agentic,1722,2.9302185286428316e-05
conditional-fit-0062,axis3_code_agentic,1723,0.0021542156763175923
conditional-fit-0062,axis3_code_agentic,1724,0.0404813370741471
conditional-fit-0062,axis3_code_agentic,1725,3.018375929448285e-05
conditional-fit-0062,axis3_code_agentic,1726,0.00030630854894126975
conditional-fit-0062,axis3_code_agentic,1727,0.022430027305743103
conditional-fit-0062,axis3_code_agentic,1728,0.11563395510393568
conditional-fit-0062,axis3_code_agentic,1729,0.00015368591758712732
conditional-fit-0062,axis3_code_agentic,1730,9.929386058332274e-05
conditional-fit-0062,axis3_code_agentic,1731,0.0003022102822698395
conditional-fit-0062,axis3_code_agentic,1732,4.411308096188004e-05
conditional-fit-0062,axis3_code_agentic,1733,0.007622860591782153
conditional-fit-0062,axis3_code_agentic,1734,7.550171809996125e-06
conditional-fit-0062,axis3_code_agentic,1735,0.00783391654232276
conditional-fit-0062,axis3_code_agentic,1736,0.002845309257714888
conditional-fit-0062,axis3_code_agentic,1737,0.0045351372963719485
conditional-fit-0062,axis3_code_agentic,1738,0.0012302788702695613
conditional-fit-0062,axis3_code_agentic,1739,0.016923443762725383
conditional-fit-0062,axis3_code_agentic,1740,0.00020483808448603128
conditional-fit-0062,axis3_code_agentic,1741,0.00030758233853044314
conditional-fit-0062,axis3_code_agentic,1742,4.188157453837824e-05
conditional-fit-0062,axis3_code_agentic,1743,0.058720283490733556
conditional-fit-0062,axis3_code_agentic,1744,0.005239074435478774
conditional-fit-0062,axis3_code_agentic,1745,0.01471853739125005
conditional-fit-0062,axis3_code_agentic,1746,0.0002819790292293365
conditional-fit-0062,axis3_code_agentic,1747,0.014658874034160552
conditional-fit-0062,axis3_code_agentic,1748,0.0002113689223824602
conditional-fit-0062,axis3_code_agentic,1749,0.006916950271042044
conditional-fit-0062,axis3_code_agentic,1750,0.0027638317471933753
conditional-fit-0062,axis3_code_agentic,1751,0.013114478354937467
conditional-fit-0062,axis3_code_agentic,1752,0.00012461734372216446
conditional-fit-0062,axis3_code_agentic,1753,0.008265819573089223
conditional-fit-0062,axis3_code_agentic,1754,0.011007953628998798
conditional-fit-0062,axis3_code_agentic,1755,0.0673625688077347
conditional-fit-0062,axis3_code_agentic,1756,0.009457891505915816
conditional-fit-0062,axis3_code_agentic,1757,0.003914212368699496
conditional-fit-0062,axis3_code_agentic,1758,0.0009988938476261726
conditional-fit-0062,axis3_code_agentic,1759,0.004849915171030978
conditional-fit-0062,axis3_code_agentic,1760,0.0006985441404201553
conditional-fit-0062,axis3_code_agentic,1761,0.010813131231234728
conditional-fit-0062,axis3_code_agentic,1762,0.05870582641856499
conditional-fit-0062,axis3_code_agentic,1763,7.259923542384577e-06
conditional-fit-0062,axis3_code_agentic,1764,0.0030507043948863424
conditional-fit-0062,axis3_code_agentic,1765,0.04886200386096312
conditional-fit-0062,axis3_code_agentic,1766,0.0009537082880804309
conditional-fit-0062,axis3_code_agentic,1767,0.03291679918969327
conditional-fit-0062,axis3_code_agentic,1768,0.051695665466002245
conditional-fit-0062,axis3_code_agentic,1769,0.02647109663126679
conditional-fit-0062,axis3_code_agentic,1770,0.025148266060071908
conditional-fit-0062,axis3_code_agentic,1771,0.008525479165775163
conditional-fit-0062,axis3_code_agentic,1772,0.015639179815770163
conditional-fit-0062,axis3_code_agentic,1773,0.0016965043768465274
conditional-fit-0062,axis3_code_agentic,1774,0.010732491504398894
conditional-fit-0062,axis3_code_agentic,1775,0.023089600920706034
conditional-fit-0062,axis3_code_agentic,1776,0.019331913988258637
conditional-fit-0062,axis3_code_agentic,1777,0.00014877513338783688
conditional-fit-0062,axis3_code_agentic,1778,0.002951414957858543
conditional-fit-0062,axis3_code_agentic,1779,0.000555452898711847
conditional-fit-0062,axis3_code_agentic,1780,0.015382225682199808
conditional-fit-0062,axis3_code_agentic,1781,0.00016535659513918546
conditional-fit-0062,axis3_code_agentic,1782,0.0023281827564839855
conditional-fit-0062,axis3_code_agentic,1783,0.05613751585175568
conditional-fit-0062,axis3_code_agentic,1784,0.0028108693379555088
conditional-fit-0062,axis3_code_agentic,1785,7.10625847645624e-05
conditional-fit-0062,axis3_code_agentic,1786,0.09973133432168543
conditional-fit-0062,axis3_code_agentic,1787,0.04987941764887262
conditional-fit-0062,axis3_code_agentic,1788,0.0013314472974122016
conditional-fit-0062,axis3_code_agentic,1789,0.01325598918607853
conditional-fit-0062,axis3_code_agentic,1790,1.1194203469325242e-05
conditional-fit-0062,axis3_code_agentic,1791,2.0761313081376383e-05
conditional-fit-0062,axis3_code_agentic,1792,0.015208877996384068
conditional-fit-0062,axis3_code_agentic,1793,0.0002272390810679108
conditional-fit-0062,axis3_code_agentic,1794,0.0009379269581297762
conditional-fit-0062,axis3_code_agentic,1795,0.03432653265413623
conditional-fit-0062,axis3_code_agentic,1796,0.007691695796097374
conditional-fit-0062,axis3_code_agentic,1797,0.00020699201618560133
conditional-fit-0062,axis3_code_agentic,1798,0.03620471040530647
conditional-fit-0062,axis3_code_agentic,1799,0.0021994458573396155
conditional-fit-0062,axis3_code_agentic,1800,0.0009713680532861962
conditional-fit-0062,axis3_code_agentic,1801,6.83793926169745e-05
conditional-fit-0062,axis3_code_agentic,1802,3.7938865471580146e-05
conditional-fit-0062,axis3_code_agentic,1803,9.952935978551756e-06
conditional-fit-0062,axis3_code_agentic,1804,0.00024975044146082197
conditional-fit-0062,axis3_code_agentic,1805,0.010782629426487986
conditional-fit-0062,axis3_code_agentic,1806,0.0010516472017978538
conditional-fit-0062,axis3_code_agentic,1807,8.176024940385882e-06
conditional-fit-0062,axis3_code_agentic,1808,0.00018970389899866706
conditional-fit-0062,axis3_code_agentic,1809,0.0011442116484105098
conditional-fit-0062,axis3_code_agentic,1810,0.04259825980859257
conditional-fit-0062,axis3_code_agentic,1811,5.920500609016907e-05
conditional-fit-0062,axis3_code_agentic,1812,5.088968246632021e-05
conditional-fit-0062,axis3_code_agentic,1813,0.019211308010395067
conditional-fit-0062,axis3_code_agentic,1814,0.008395043611650055
conditional-fit-0062,axis3_code_agentic,1815,7.566096232269823e-05
conditional-fit-0062,axis3_code_agentic,1816,0.0014653191660599866
conditional-fit-0062,axis3_code_agentic,1817,2.7504175552877986e-05
conditional-fit-0062,axis3_code_agentic,1818,0.0009500676745123162
conditional-fit-0062,axis3_code_agentic,1819,7.883591774687882e-06
conditional-fit-0062,axis3_code_agentic,1820,0.0018287676028571765
conditional-fit-0062,axis3_code_agentic,1821,4.738936606656981e-06
conditional-fit-0062,axis3_code_agentic,1822,1.6429341650395517e-05
conditional-fit-0062,axis3_code_agentic,1823,0.0182896453702053
conditional-fit-0062,axis3_code_agentic,1824,0.00072141901712424
conditional-fit-0062,axis3_code_agentic,1825,5.015180422113914e-05
conditional-fit-0062,axis3_code_agentic,1826,0.002848417996276772
conditional-fit-0062,axis3_code_agentic,1827,5.060791611659196e-06
conditional-fit-0062,axis3_code_agentic,1828,0.0951311711956404
conditional-fit-0062,axis3_code_agentic,1829,0.0001129177504521763
conditional-fit-0062,axis3_code_agentic,1830,0.00025011897740848197
conditional-fit-0062,axis3_code_agentic,1831,7.327264634759698e-05
conditional-fit-0062,axis3_code_agentic,1832,3.725697834812704e-05
conditional-fit-0062,axis3_code_agentic,1833,0.000588396269062144
conditional-fit-0062,axis3_code_agentic,1834,0.01722669096145677
conditional-fit-0062,axis3_code_agentic,1835,8.049712606335096e-05
conditional-fit-0062,axis3_code_agentic,1836,4.441663053632632e-05
conditional-fit-0062,axis3_code_agentic,1837,0.004205593287888521
conditional-fit-0062,axis3_code_agentic,1838,0.00014600722387622748
conditional-fit-0062,axis3_code_agentic,1839,1.096032793133049e-06
conditional-fit-0062,axis3_code_agentic,1840,0.008714408789266208
conditional-fit-0062,axis3_code_agentic,1841,0.00019007179085489946
conditional-fit-0062,axis3_code_agentic,1842,0.010404810454065182
conditional-fit-0062,axis3_code_agentic,1843,8.913755626286938e-06
conditional-fit-0062,axis3_code_agentic,1844,1.3949041134213306e-05
conditional-fit-0062,axis3_code_agentic,1845,1.9234506204517308e-05
conditional-fit-0062,axis3_code_agentic,1846,2.0862916288906025e-05
conditional-fit-0062,axis3_code_agentic,1847,1.7931711719771126e-05
conditional-fit-0062,axis3_code_agentic,1848,1.5633948979347047e-05
conditional-fit-0062,axis3_code_agentic,1849,0.004882714492592893
conditional-fit-0062,axis3_code_agentic,1850,0.0807078451383429
conditional-fit-0062,axis3_code_agentic,1851,0.02152769604824312
conditional-fit-0062,axis3_code_agentic,1852,0.0005042903306040232
conditional-fit-0062,axis3_code_agentic,1853,2.9442714752424653e-05
conditional-fit-0062,axis3_code_agentic,1854,0.000680933437607556
conditional-fit-0062,axis3_code_agentic,1855,3.667311224688738e-06
conditional-fit-0062,axis3_code_agentic,1856,0.06709383659728155
conditional-fit-0062,axis3_code_agentic,1857,2.577846215063353e-05
conditional-fit-0062,axis3_code_agentic,1858,0.002737087476166668
conditional-fit-0062,axis3_code_agentic,1859,5.903217253625474e-05
conditional-fit-0062,axis3_code_agentic,1860,2.2908828036705617e-05
conditional-fit-0062,axis3_code_agentic,1861,0.04013948071518522
conditional-fit-0062,axis3_code_agentic,1862,0.00121248023613384
conditional-fit-0062,axis3_code_agentic,1863,4.853757330168634e-05
conditional-fit-0062,axis3_code_agentic,1864,0.013508708391903178
conditional-fit-0062,axis3_code_agentic,1865,0.02391375160336774
conditional-fit-0062,axis3_code_agentic,1866,0.00627914162865424
conditional-fit-0062,axis3_code_agentic,1867,0.0026770588089706053
conditional-fit-0062,axis3_code_agentic,1868,0.012909082659634634
conditional-fit-0062,axis3_code_agentic,1869,0.0027721394627972075
conditional-fit-0062,axis3_code_agentic,1870,1.0479026389585217e-05
conditional-fit-0062,axis3_code_agentic,1871,0.015934094081695375
conditional-fit-0062,axis3_code_agentic,1872,3.577497747102624e-06
conditional-fit-0062,axis3_code_agentic,1873,0.00014365726830727627
conditional-fit-0062,axis3_code_agentic,1874,2.3081587827821913e-06
conditional-fit-0062,axis3_code_agentic,1875,0.0009757159253328577
conditional-fit-0062,axis3_code_agentic,1876,2.75313526396513e-05
conditional-fit-0062,axis3_code_agentic,1877,0.00016445418251666042
conditional-fit-0062,axis3_code_agentic,1878,7.908909639054262e-06
conditional-fit-0062,axis3_code_agentic,1879,3.646473504552793e-05
conditional-fit-0062,axis3_code_agentic,1880,8.02814963882761e-06
conditional-fit-0062,axis3_code_agentic,1881,0.00016931246541291645
conditional-fit-0062,axis3_code_agentic,1882,6.834581750120808e-06
conditional-fit-0062,axis3_code_agentic,1883,4.94875589022842e-05
conditional-fit-0062,axis3_code_agentic,1884,0.002168662356166093
conditional-fit-0062,axis3_code_agentic,1885,0.00015139935128781915
conditional-fit-0062,axis3_code_agentic,1886,1.985306921775224e-05
conditional-fit-0062,axis3_code_agentic,1887,0.00741531844481827
conditional-fit-0062,axis3_code_agentic,1888,2.058460608552853e-05
conditional-fit-0062,axis3_code_agentic,1889,0.029148388376282176
conditional-fit-0062,axis3_code_agentic,1890,1.8489205205604352e-05
conditional-fit-0062,axis3_code_agentic,1891,2.1933166927694677e-05
conditional-fit-0062,axis3_code_agentic,1892,0.002029573502696426
conditional-fit-0062,axis3_code_agentic,1893,6.568372425700352e-06
conditional-fit-0062,axis3_code_agentic,1894,0.00036819340291970276
conditional-fit-0062,axis3_code_agentic,1895,3.1804299999839107e-06
conditional-fit-0062,axis3_code_agentic,1896,0.02695277598839618
conditional-fit-0062,axis3_code_agentic,1897,3.826478985252262e-05
conditional-fit-0062,axis3_code_agentic,1898,0.00016638720395917433
conditional-fit-0062,axis3_code_agentic,1899,8.603433943232326e-06
conditional-fit-0062,axis3_code_agentic,1900,0.00018004323743025445
conditional-fit-0062,axis3_code_agentic,1901,3.483266170385552e-05
conditional-fit-0062,axis3_code_agentic,1902,0.00010779878656457976
conditional-fit-0062,axis3_code_agentic,1903,1.9366269405982675e-05
conditional-fit-0062,axis3_code_agentic,1904,1.2618506936630867e-05
conditional-fit-0062,axis3_code_agentic,1905,0.004933895071997367
conditional-fit-0062,axis3_code_agentic,1906,0.0310117114563491
conditional-fit-0062,axis3_code_agentic,1907,0.0004691795336547275
conditional-fit-0062,axis3_code_agentic,1908,0.005446026578182699
conditional-fit-0062,axis3_code_agentic,1909,1.2674509592558707e-05
conditional-fit-0062,axis3_code_agentic,1910,0.0021809092573045886
conditional-fit-0062,axis3_code_agentic,1911,5.685384851770764e-06
conditional-fit-0062,axis3_code_agentic,1912,0.0069341045764205154
conditional-fit-0062,axis3_code_agentic,1913,4.725393006000336e-05
conditional-fit-0062,axis3_code_agentic,1914,4.2572422613147875e-06
conditional-fit-0062,axis3_code_agentic,1915,0.00017104716351938815
conditional-fit-0062,axis3_code_agentic,1916,1.5937263133689883e-05
conditional-fit-0062,axis3_code_agentic,1917,0.0004229059756145181
conditional-fit-0062,axis3_code_agentic,1918,4.46339570502188e-05
conditional-fit-0062,axis3_code_agentic,1919,4.246351789278776e-05
conditional-fit-0062,axis3_code_agentic,1920,0.0002898095669131675
conditional-fit-0062,axis3_code_agentic,1921,2.0954205675063284e-06
conditional-fit-0062,axis3_code_agentic,1922,0.00039179435164768064
conditional-fit-0062,axis3_code_agentic,1923,4.7213314463334065e-06
conditional-fit-0062,axis3_code_agentic,1924,2.2874199105838596e-05
conditional-fit-0062,axis3_code_agentic,1925,0.0008786958746156693
conditional-fit-0062,axis3_code_agentic,1926,0.0002833352464211989
conditional-fit-0062,axis3_code_agentic,1927,0.0024560254892727045
conditional-fit-0062,axis3_code_agentic,1928,0.002252419580705189
conditional-fit-0062,axis3_code_agentic,1929,0.01272878410441558
conditional-fit-0062,axis3_code_agentic,1930,0.0011362758353382404
conditional-fit-0062,axis3_code_agentic,1931,0.0011724449322558068
conditional-fit-0062,axis3_code_agentic,1932,0.00030203961455788157
conditional-fit-0062,axis3_code_agentic,1933,0.03416762507609548
conditional-fit-0062,axis3_code_agentic,1934,0.005561995681064157
conditional-fit-0062,axis3_code_agentic,1935,4.728911597218455e-05
conditional-fit-0062,axis3_code_agentic,1936,0.002654021743302735
conditional-fit-0062,axis3_code_agentic,1937,7.958090071506064e-05
conditional-fit-0062,axis3_code_agentic,1938,8.419396579510377e-05
conditional-fit-0062,axis3_code_agentic,1939,0.003602355546360506
conditional-fit-0062,axis3_code_agentic,1940,2.298426828763502e-06
conditional-fit-0062,axis3_code_agentic,1941,0.0057198564547581345
conditional-fit-0062,axis3_code_agentic,1942,4.285852643938034e-06
conditional-fit-0062,axis3_code_agentic,1943,3.4667551856991594e-05
conditional-fit-0062,axis3_code_agentic,1944,9.298471666347629e-05
conditional-fit-0062,axis3_code_agentic,1945,0.008584664442386923
conditional-fit-0062,axis3_code_agentic,1946,0.029221879097131392
conditional-fit-0062,axis3_code_agentic,1947,0.005540404909487237
conditional-fit-0062,axis3_code_agentic,1948,2.0186240002612767e-05
conditional-fit-0062,axis3_code_agentic,1949,0.0023910291177775757
conditional-fit-0062,axis3_code_agentic,1950,0.006005341700523378
conditional-fit-0062,axis3_code_agentic,1951,0.0011561188856172584
conditional-fit-0062,axis3_code_agentic,1952,0.0001059762693733945
conditional-fit-0062,axis3_code_agentic,1953,0.0031851162001824973
conditional-fit-0062,axis3_code_agentic,1954,0.07191855064552005
conditional-fit-0062,axis3_code_agentic,1955,4.164612085553754e-06
conditional-fit-0062,axis3_code_agentic,1956,4.744399239949709e-05
conditional-fit-0062,axis3_code_agentic,1957,0.018988064557596215
conditional-fit-0062,axis3_code_agentic,1958,0.0864318611083095
conditional-fit-0062,axis3_code_agentic,1959,0.002127978324458024
conditional-fit-0062,axis3_code_agentic,1960,0.00026844070346617723
conditional-fit-0062,axis3_code_agentic,1961,0.03283793089244306
conditional-fit-0062,axis3_code_agentic,1962,0.04672317885182663
conditional-fit-0062,axis3_code_agentic,1963,0.21669794395316613
conditional-fit-0062,axis3_code_agentic,1964,0.0005147300839457748
conditional-fit-0062,axis3_code_agentic,1965,0.030460254889925393
conditional-fit-0062,axis3_code_agentic,1966,0.00012763175237446008
conditional-fit-0062,axis3_code_agentic,1967,0.0012971891984583164
conditional-fit-0062,axis3_code_agentic,1968,0.00085111867557288
conditional-fit-0062,axis3_code_agentic,1969,0.03646537784539106
conditional-fit-0062,axis3_code_agentic,1970,0.004100300525838816
conditional-fit-0062,axis3_code_agentic,1971,0.0075299839604596325
conditional-fit-0062,axis3_code_agentic,1972,0.009540632582328012
conditional-fit-0062,axis3_code_agentic,1973,2.010569627478048e-05
conditional-fit-0062,axis3_code_agentic,1974,0.003989544205765321
conditional-fit-0062,axis3_code_agentic,1975,0.01271858514315445
conditional-fit-0062,axis3_code_agentic,1976,0.006038291715297021
conditional-fit-0062,axis3_code_agentic,1977,1.3421568503546408e-05
conditional-fit-0062,axis3_code_agentic,1978,0.06132515302493563
conditional-fit-0062,axis3_code_agentic,1979,0.006520964172705806
conditional-fit-0062,axis3_code_agentic,1980,0.26386526033800606
conditional-fit-0062,axis3_code_agentic,1981,9.718620827643924e-05
conditional-fit-0062,axis3_code_agentic,1982,0.03540545169946386
conditional-fit-0062,axis3_code_agentic,1983,0.0024187798410119365
conditional-fit-0062,axis3_code_agentic,1984,1.3214266931396456e-06
conditional-fit-0062,axis3_code_agentic,1985,0.0002209338323773663
conditional-fit-0062,axis3_code_agentic,1986,0.0039474223665520135
conditional-fit-0062,axis3_code_agentic,1987,0.029528110391851263
conditional-fit-0062,axis3_code_agentic,1988,0.10730211210967619
conditional-fit-0062,axis3_code_agentic,1989,0.04632185340768931
conditional-fit-0062,axis3_code_agentic,1990,0.0003667408001804002
conditional-fit-0062,axis3_code_agentic,1991,0.01521832911525498
conditional-fit-0062,axis3_code_agentic,1992,0.017756513699234568
conditional-fit-0062,axis3_code_agentic,1993,0.00015031590151047674
conditional-fit-0062,axis3_code_agentic,1994,0.015445402459003315
conditional-fit-0062,axis3_code_agentic,1995,3.802668539378642e-05
conditional-fit-0062,axis3_code_agentic,1996,0.0010110978394652767
conditional-fit-0062,axis3_code_agentic,1997,0.034337278148451056
conditional-fit-0062,axis3_code_agentic,1998,0.00488681171499154
conditional-fit-0062,axis3_code_agentic,1999,6.419334793861158e-05
conditional-fit-0062,axis3_code_agentic,2000,0.0938085705188682
conditional-fit-0062,axis3_code_agentic,2001,0.00012828965938818418
conditional-fit-0062,axis3_code_agentic,2002,0.01397834968816623
conditional-fit-0062,axis3_code_agentic,2003,0.0011977229959377284
conditional-fit-0062,axis3_code_agentic,2004,6.321383613435036e-05
conditional-fit-0062,axis3_code_agentic,2005,1.745246560193072e-05
conditional-fit-0062,axis3_code_agentic,2006,2.0609887558553355e-05
conditional-fit-0062,axis3_code_agentic,2007,5.162938980303048e-05
conditional-fit-0062,axis3_code_agentic,2008,0.04158571642389784
conditional-fit-0062,axis3_code_agentic,2009,1.8687597172835082e-06
conditional-fit-0062,axis3_code_agentic,2010,0.010808192856301045
conditional-fit-0062,axis3_code_agentic,2011,0.035818940992151445
conditional-fit-0062,axis3_code_agentic,2012,0.005958106779667105
conditional-fit-0062,axis3_code_agentic,2013,0.003719763790454213
conditional-fit-0062,axis3_code_agentic,2014,0.016204752802743583
conditional-fit-0062,axis3_code_agentic,2015,0.00013711745415346036
conditional-fit-0062,axis3_code_agentic,2016,0.008944534929689777
conditional-fit-0062,axis3_code_agentic,2017,4.4850338529571094e-05
conditional-fit-0062,axis3_code_agentic,2018,0.021020639568343658
conditional-fit-0062,axis3_code_agentic,2019,0.0011228383831339195
conditional-fit-0062,axis3_code_agentic,2020,4.476165749281393e-06
conditional-fit-0062,axis3_code_agentic,2021,4.995826507409727e-05
conditional-fit-0062,axis3_code_agentic,2022,0.00428432055882556
conditional-fit-0062,axis3_code_agentic,2023,0.004792519514987767
conditional-fit-0062,axis3_code_agentic,2024,0.00030675573003435136
conditional-fit-0062,axis3_code_agentic,2025,0.0003559425480546309
conditional-fit-0062,axis3_code_agentic,2026,6.943829100485848e-05
conditional-fit-0062,axis3_code_agentic,2027,0.00036736256454916846
conditional-fit-0062,axis3_code_agentic,2028,9.505104539371729e-05
conditional-fit-0062,axis3_code_agentic,2029,0.0945393707326975
conditional-fit-0062,axis3_code_agentic,2030,0.00029772198965958814
conditional-fit-0062,axis3_code_agentic,2031,9.050568759437242e-05
conditional-fit-0062,axis3_code_agentic,2032,0.0019323327460787202
conditional-fit-0062,axis3_code_agentic,2033,0.11072035037924677
conditional-fit-0062,axis3_code_agentic,2034,3.30910625690277e-06
conditional-fit-0062,axis3_code_agentic,2035,0.011228674214686186
conditional-fit-0062,axis3_code_agentic,2036,0.08921615210185913
conditional-fit-0062,axis3_code_agentic,2037,0.007742770322867474
conditional-fit-0062,axis3_code_agentic,2038,0.14243952538484703
conditional-fit-0062,axis3_code_agentic,2039,0.2553816586092016
conditional-fit-0062,axis3_code_agentic,2040,0.0014082219387883288
conditional-fit-0062,axis3_code_agentic,2041,0.027875438970412947
conditional-fit-0062,axis3_code_agentic,2042,0.04716021843137453
conditional-fit-0062,axis3_code_agentic,2043,0.09765194281287382
conditional-fit-0062,axis3_code_agentic,2044,0.09372213170421732
conditional-fit-0062,axis3_code_agentic,2045,0.026527280288673336
conditional-fit-0062,axis3_code_agentic,2046,0.00028008881930245894
