window_id,domain,pos,kld
conditional-fit-0056,axis1_general,0,1.5310762640498579
conditional-fit-0056,axis1_general,1,2.68914531313718
conditional-fit-0056,axis1_general,2,0.7011171595173674
conditional-fit-0056,axis1_general,3,0.5832011873704089
conditional-fit-0056,axis1_general,4,1.1659277104248473
conditional-fit-0056,axis1_general,5,0.8165457297033155
conditional-fit-0056,axis1_general,6,0.2981167638043679
conditional-fit-0056,axis1_general,7,0.2775790432558844
conditional-fit-0056,axis1_general,8,0.319293526375648
conditional-fit-0056,axis1_general,9,0.12838408336526694
conditional-fit-0056,axis1_general,10,0.07856307724905387
conditional-fit-0056,axis1_general,11,0.3560565484606566
conditional-fit-0056,axis1_general,12,0.19950958122416385
conditional-fit-0056,axis1_general,13,0.2818029027236355
conditional-fit-0056,axis1_general,14,0.5851606831106667
conditional-fit-0056,axis1_general,15,0.09501548244374124
conditional-fit-0056,axis1_general,16,0.08832039554394988
conditional-fit-0056,axis1_general,17,0.28924386151193243
conditional-fit-0056,axis1_general,18,0.05616061473120276
conditional-fit-0056,axis1_general,19,0.002157449949571025
conditional-fit-0056,axis1_general,20,0.056012661551406856
conditional-fit-0056,axis1_general,21,0.10553480220104189
conditional-fit-0056,axis1_general,22,0.38302950342717157
conditional-fit-0056,axis1_general,23,0.22368051977966452
conditional-fit-0056,axis1_general,24,0.3411288126845067
conditional-fit-0056,axis1_general,25,0.2520275339918548
conditional-fit-0056,axis1_general,26,0.19545252082996625
conditional-fit-0056,axis1_general,27,0.17235165383296958
conditional-fit-0056,axis1_general,28,0.6498288356480109
conditional-fit-0056,axis1_general,29,0.1111115231655315
conditional-fit-0056,axis1_general,30,0.03895532333219871
conditional-fit-0056,axis1_general,31,0.08301759924288166
conditional-fit-0056,axis1_general,32,0.002267872298667771
conditional-fit-0056,axis1_general,33,0.00017455160278789317
conditional-fit-0056,axis1_general,34,0.04863537161206346
conditional-fit-0056,axis1_general,35,0.007363474353955678
conditional-fit-0056,axis1_general,36,0.10676483240069211
conditional-fit-0056,axis1_general,37,0.004289979637088114
conditional-fit-0056,axis1_general,38,0.08718546498902985
conditional-fit-0056,axis1_general,39,0.001784750431564043
conditional-fit-0056,axis1_general,40,0.024893619102457416
conditional-fit-0056,axis1_general,41,0.0001326818551737845
conditional-fit-0056,axis1_general,42,0.019364454791939486
conditional-fit-0056,axis1_general,43,4.5705958303677376e-05
conditional-fit-0056,axis1_general,44,0.0005248939306273224
conditional-fit-0056,axis1_general,45,0.04040098902605266
conditional-fit-0056,axis1_general,46,0.02945324021881003
conditional-fit-0056,axis1_general,47,0.01735922175214477
conditional-fit-0056,axis1_general,48,0.0031036258140107863
conditional-fit-0056,axis1_general,49,0.00884621301853978
conditional-fit-0056,axis1_general,50,0.0542031468452558
conditional-fit-0056,axis1_general,51,0.007807610730235819
conditional-fit-0056,axis1_general,52,0.1661446994199974
conditional-fit-0056,axis1_general,53,0.06493083181206397
conditional-fit-0056,axis1_general,54,0.0019754581109635416
conditional-fit-0056,axis1_general,55,0.030965940341196888
conditional-fit-0056,axis1_general,56,0.005546838168145896
conditional-fit-0056,axis1_general,57,0.04006424619402638
conditional-fit-0056,axis1_general,58,0.024176062600090316
conditional-fit-0056,axis1_general,59,0.00030515234494688453
conditional-fit-0056,axis1_general,60,0.02811240524260454
conditional-fit-0056,axis1_general,61,0.002173866337718164
conditional-fit-0056,axis1_general,62,0.07586511423710063
conditional-fit-0056,axis1_general,63,5.551542177787868e-05
conditional-fit-0056,axis1_general,64,0.06010602063145496
conditional-fit-0056,axis1_general,65,0.0195809502068583
conditional-fit-0056,axis1_general,66,0.002838822604096137
conditional-fit-0056,axis1_general,67,0.01459013155115914
conditional-fit-0056,axis1_general,68,0.03113667334301569
conditional-fit-0056,axis1_general,69,0.0026496284381903974
conditional-fit-0056,axis1_general,70,0.030913923891767763
conditional-fit-0056,axis1_general,71,0.06664128610808434
conditional-fit-0056,axis1_general,72,0.0011488421376107147
conditional-fit-0056,axis1_general,73,0.0011806775048178453
conditional-fit-0056,axis1_general,74,0.029029261181400114
conditional-fit-0056,axis1_general,75,0.0004766979404229862
conditional-fit-0056,axis1_general,76,0.00902607251729207
conditional-fit-0056,axis1_general,77,0.041132453545850274
conditional-fit-0056,axis1_general,78,0.0019654952902717123
conditional-fit-0056,axis1_general,79,0.0790434992750179
conditional-fit-0056,axis1_general,80,0.04166355950206463
conditional-fit-0056,axis1_general,81,0.0410054347530645
conditional-fit-0056,axis1_general,82,0.00027086562238440325
conditional-fit-0056,axis1_general,83,0.004610182543674606
conditional-fit-0056,axis1_general,84,0.0002486310912597097
conditional-fit-0056,axis1_general,85,0.00020289850642309093
conditional-fit-0056,axis1_general,86,3.9773553242284084e-05
conditional-fit-0056,axis1_general,87,0.00038378571327399557
conditional-fit-0056,axis1_general,88,0.0011252955822226346
conditional-fit-0056,axis1_general,89,0.04562871380120061
conditional-fit-0056,axis1_general,90,0.0001867776486422784
conditional-fit-0056,axis1_general,91,0.1443001209635352
conditional-fit-0056,axis1_general,92,0.005757416034025433
conditional-fit-0056,axis1_general,93,0.001038808778611518
conditional-fit-0056,axis1_general,94,9.114237893890505e-05
conditional-fit-0056,axis1_general,95,0.0075934906379299325
conditional-fit-0056,axis1_general,96,0.0008649635724729129
conditional-fit-0056,axis1_general,97,0.00040967120311086023
conditional-fit-0056,axis1_general,98,0.3115646749136839
conditional-fit-0056,axis1_general,99,0.00028259840537732416
conditional-fit-0056,axis1_general,100,0.03935079537666622
conditional-fit-0056,axis1_general,101,0.0024499648286462443
conditional-fit-0056,axis1_general,102,0.027750174345682884
conditional-fit-0056,axis1_general,103,0.005231259252527374
conditional-fit-0056,axis1_general,104,0.0002976199738737731
conditional-fit-0056,axis1_general,105,0.0038009055188020363
conditional-fit-0056,axis1_general,106,0.0002928146069919188
conditional-fit-0056,axis1_general,107,0.0004531310708543407
conditional-fit-0056,axis1_general,108,0.016989205821247598
conditional-fit-0056,axis1_general,109,0.04144905007443101
conditional-fit-0056,axis1_general,110,0.0008201408244505174
conditional-fit-0056,axis1_general,111,0.0004626972901807546
conditional-fit-0056,axis1_general,112,0.00021653885387095832
conditional-fit-0056,axis1_general,113,0.0035128525025259036
conditional-fit-0056,axis1_general,114,0.01692549761855923
conditional-fit-0056,axis1_general,115,0.003386510501304795
conditional-fit-0056,axis1_general,116,0.000439052530173867
conditional-fit-0056,axis1_general,117,0.015238375105312195
conditional-fit-0056,axis1_general,118,0.012574129782052332
conditional-fit-0056,axis1_general,119,0.02411139901119666
conditional-fit-0056,axis1_general,120,0.041623896105191995
conditional-fit-0056,axis1_general,121,9.047125911775726e-05
conditional-fit-0056,axis1_general,122,0.0002787713410960595
conditional-fit-0056,axis1_general,123,0.00045096377643895845
conditional-fit-0056,axis1_general,124,0.008274875075964125
conditional-fit-0056,axis1_general,125,0.0030921649865096913
conditional-fit-0056,axis1_general,126,0.00012429095004860068
conditional-fit-0056,axis1_general,127,0.029521031262242092
conditional-fit-0056,axis1_general,128,0.021835087532928656
conditional-fit-0056,axis1_general,129,0.0005585603845908101
conditional-fit-0056,axis1_general,130,5.963167364244669e-05
conditional-fit-0056,axis1_general,131,0.04529125626317288
conditional-fit-0056,axis1_general,132,0.0029006381815901167
conditional-fit-0056,axis1_general,133,0.0495415751123931
conditional-fit-0056,axis1_general,134,0.03644596557740002
conditional-fit-0056,axis1_general,135,0.23035171215948325
conditional-fit-0056,axis1_general,136,0.04051415860029547
conditional-fit-0056,axis1_general,137,0.0007276581589455094
conditional-fit-0056,axis1_general,138,0.008772540753350114
conditional-fit-0056,axis1_general,139,0.01578873735116431
conditional-fit-0056,axis1_general,140,0.031215494108480332
conditional-fit-0056,axis1_general,141,0.002863228826820349
conditional-fit-0056,axis1_general,142,0.0005290563025397848
conditional-fit-0056,axis1_general,143,0.00463168680326885
conditional-fit-0056,axis1_general,144,0.004121419131193049
conditional-fit-0056,axis1_general,145,5.7329896568907515e-05
conditional-fit-0056,axis1_general,146,0.0006641947624840114
conditional-fit-0056,axis1_general,147,0.010586073842148233
conditional-fit-0056,axis1_general,148,0.0013027268749544003
conditional-fit-0056,axis1_general,149,6.019384221330162e-05
conditional-fit-0056,axis1_general,150,0.005646712682478679
conditional-fit-0056,axis1_general,151,0.07561703775640038
conditional-fit-0056,axis1_general,152,0.051552640644153575
conditional-fit-0056,axis1_general,153,4.008977826443628e-05
conditional-fit-0056,axis1_general,154,0.00036823072408626565
conditional-fit-0056,axis1_general,155,0.0005280479289929588
conditional-fit-0056,axis1_general,156,0.0005551424391739542
conditional-fit-0056,axis1_general,157,7.553288393878871e-05
conditional-fit-0056,axis1_general,158,0.0005079455344519576
conditional-fit-0056,axis1_general,159,0.00016003311792763217
conditional-fit-0056,axis1_general,160,0.0031672361279564453
conditional-fit-0056,axis1_general,161,0.0010372960573908165
conditional-fit-0056,axis1_general,162,0.03876278732951449
conditional-fit-0056,axis1_general,163,0.00032354010460965013
conditional-fit-0056,axis1_general,164,0.05437100312206233
conditional-fit-0056,axis1_general,165,0.007623576157501109
conditional-fit-0056,axis1_general,166,0.00016457868176129195
conditional-fit-0056,axis1_general,167,0.0001064864315321201
conditional-fit-0056,axis1_general,168,0.008191333688477114
conditional-fit-0056,axis1_general,169,0.003730524084799266
conditional-fit-0056,axis1_general,170,0.00010347672264688571
conditional-fit-0056,axis1_general,171,4.05803902105058e-05
conditional-fit-0056,axis1_general,172,0.00785946965289119
conditional-fit-0056,axis1_general,173,0.0017781638856365965
conditional-fit-0056,axis1_general,174,0.05548777564206163
conditional-fit-0056,axis1_general,175,0.0002802878620228785
conditional-fit-0056,axis1_general,176,0.005068697958038081
conditional-fit-0056,axis1_general,177,0.0002087252259933374
conditional-fit-0056,axis1_general,178,0.001801782620619764
conditional-fit-0056,axis1_general,179,0.004108774217536556
conditional-fit-0056,axis1_general,180,0.007458701964359965
conditional-fit-0056,axis1_general,181,0.013189188445869915
conditional-fit-0056,axis1_general,182,0.0011823880130424273
conditional-fit-0056,axis1_general,183,0.00022706056776849754
conditional-fit-0056,axis1_general,184,0.0017204895029298258
conditional-fit-0056,axis1_general,185,0.00010535737016572147
conditional-fit-0056,axis1_general,186,5.1969057895664245e-05
conditional-fit-0056,axis1_general,187,0.0002490358409400851
conditional-fit-0056,axis1_general,188,7.7300783902594e-05
conditional-fit-0056,axis1_general,189,0.0008547706835333281
conditional-fit-0056,axis1_general,190,0.0024324290040375084
conditional-fit-0056,axis1_general,191,0.003514135067736476
conditional-fit-0056,axis1_general,192,7.870372187201116e-05
conditional-fit-0056,axis1_general,193,0.00021697005040552018
conditional-fit-0056,axis1_general,194,0.0006172620871828865
conditional-fit-0056,axis1_general,195,0.0027835990548195325
conditional-fit-0056,axis1_general,196,0.0047455582839407325
conditional-fit-0056,axis1_general,197,9.175703133274785e-05
conditional-fit-0056,axis1_general,198,0.0017116657489760676
conditional-fit-0056,axis1_general,199,0.010635862273693054
conditional-fit-0056,axis1_general,200,0.0009692064742963588
conditional-fit-0056,axis1_general,201,0.00014729925587521792
conditional-fit-0056,axis1_general,202,0.007553213936344012
conditional-fit-0056,axis1_general,203,0.033028646523330873
conditional-fit-0056,axis1_general,204,0.00018548914421258518
conditional-fit-0056,axis1_general,205,0.005698244374899849
conditional-fit-0056,axis1_general,206,0.002758044490969204
conditional-fit-0056,axis1_general,207,0.0010206859932860145
conditional-fit-0056,axis1_general,208,0.0025142285386007424
conditional-fit-0056,axis1_general,209,0.031744050798157314
conditional-fit-0056,axis1_general,210,3.309212313113629e-05
conditional-fit-0056,axis1_general,211,0.00021482587302092322
conditional-fit-0056,axis1_general,212,0.026384562733208806
conditional-fit-0056,axis1_general,213,1.781335279155251e-05
conditional-fit-0056,axis1_general,214,9.627313458713044e-05
conditional-fit-0056,axis1_general,215,7.477144919037207e-05
conditional-fit-0056,axis1_general,216,2.0142936302935857e-05
conditional-fit-0056,axis1_general,217,0.01758804425229243
conditional-fit-0056,axis1_general,218,0.008326123060068002
conditional-fit-0056,axis1_general,219,0.0005763628190142116
conditional-fit-0056,axis1_general,220,0.0011735747525762293
conditional-fit-0056,axis1_general,221,8.159190038009978e-05
conditional-fit-0056,axis1_general,222,0.00015348532714067872
conditional-fit-0056,axis1_general,223,0.007461234090151611
conditional-fit-0056,axis1_general,224,0.017409097855953667
conditional-fit-0056,axis1_general,225,0.009429325286485426
conditional-fit-0056,axis1_general,226,0.00022400117470390058
conditional-fit-0056,axis1_general,227,7.506278079420136e-05
conditional-fit-0056,axis1_general,228,0.0012622755572347065
conditional-fit-0056,axis1_general,229,0.004249806414243051
conditional-fit-0056,axis1_general,230,0.0012189996444110082
conditional-fit-0056,axis1_general,231,0.0012595134630309919
conditional-fit-0056,axis1_general,232,0.00011085328301209206
conditional-fit-0056,axis1_general,233,0.025963302683187087
conditional-fit-0056,axis1_general,234,0.023757859695024162
conditional-fit-0056,axis1_general,235,0.00035858842557403734
conditional-fit-0056,axis1_general,236,0.007816845233577374
conditional-fit-0056,axis1_general,237,0.017638366575859696
conditional-fit-0056,axis1_general,238,0.00014933657676932666
conditional-fit-0056,axis1_general,239,0.0023221681585319405
conditional-fit-0056,axis1_general,240,0.008109839438933387
conditional-fit-0056,axis1_general,241,0.009942631283471663
conditional-fit-0056,axis1_general,242,0.09363645217948852
conditional-fit-0056,axis1_general,243,0.05600684571283504
conditional-fit-0056,axis1_general,244,0.0008587632066575726
conditional-fit-0056,axis1_general,245,0.0038490358094669043
conditional-fit-0056,axis1_general,246,0.04991597142640238
conditional-fit-0056,axis1_general,247,0.0007464792233438712
conditional-fit-0056,axis1_general,248,0.0063182422500494525
conditional-fit-0056,axis1_general,249,0.00019634700909661597
conditional-fit-0056,axis1_general,250,0.04542140315806208
conditional-fit-0056,axis1_general,251,0.0008077747464871675
conditional-fit-0056,axis1_general,252,0.006229841133966711
conditional-fit-0056,axis1_general,253,0.004764151592577582
conditional-fit-0056,axis1_general,254,7.357086168330562e-05
conditional-fit-0056,axis1_general,255,0.0004689296368613004
conditional-fit-0056,axis1_general,256,0.003631861350733437
conditional-fit-0056,axis1_general,257,0.0022499473284510597
conditional-fit-0056,axis1_general,258,0.0023035296002583364
conditional-fit-0056,axis1_general,259,0.0009417294652339621
conditional-fit-0056,axis1_general,260,9.803326660827945e-05
conditional-fit-0056,axis1_general,261,0.003295949256705488
conditional-fit-0056,axis1_general,262,0.028737019345766328
conditional-fit-0056,axis1_general,263,0.0012153361699197833
conditional-fit-0056,axis1_general,264,0.0002569940820277929
conditional-fit-0056,axis1_general,265,9.66445680739797e-06
conditional-fit-0056,axis1_general,266,0.009259815351267846
conditional-fit-0056,axis1_general,267,0.008399004079828694
conditional-fit-0056,axis1_general,268,0.002838572880590463
conditional-fit-0056,axis1_general,269,0.00011975289379117199
conditional-fit-0056,axis1_general,270,0.028710654598296487
conditional-fit-0056,axis1_general,271,0.021997077292984606
conditional-fit-0056,axis1_general,272,0.0024682835392249693
conditional-fit-0056,axis1_general,273,0.0006195773083891984
conditional-fit-0056,axis1_general,274,0.0049706870948026775
conditional-fit-0056,axis1_general,275,5.3655030332167144e-05
conditional-fit-0056,axis1_general,276,0.000448965709084388
conditional-fit-0056,axis1_general,277,0.04941287272130915
conditional-fit-0056,axis1_general,278,0.00034327266162168104
conditional-fit-0056,axis1_general,279,0.00019814540863244702
conditional-fit-0056,axis1_general,280,0.000479925042430224
conditional-fit-0056,axis1_general,281,0.00024650219119481476
conditional-fit-0056,axis1_general,282,0.00031596999850220294
conditional-fit-0056,axis1_general,283,0.009281381850402726
conditional-fit-0056,axis1_general,284,0.00027558757451846025
conditional-fit-0056,axis1_general,285,0.20391923441903093
conditional-fit-0056,axis1_general,286,0.02992406763523913
conditional-fit-0056,axis1_general,287,0.003954317351734426
conditional-fit-0056,axis1_general,288,0.05302966821989792
conditional-fit-0056,axis1_general,289,3.2013551669083e-05
conditional-fit-0056,axis1_general,290,0.02312490619089797
conditional-fit-0056,axis1_general,291,0.00010001874178849412
conditional-fit-0056,axis1_general,292,0.0003944000482486559
conditional-fit-0056,axis1_general,293,0.00011014498623506654
conditional-fit-0056,axis1_general,294,0.09389605786841405
conditional-fit-0056,axis1_general,295,0.006029496156691002
conditional-fit-0056,axis1_general,296,0.007683988492107236
conditional-fit-0056,axis1_general,297,0.0006500673721247478
conditional-fit-0056,axis1_general,298,2.8319338596232474e-05
conditional-fit-0056,axis1_general,299,0.002184702719034506
conditional-fit-0056,axis1_general,300,9.758485812052704e-05
conditional-fit-0056,axis1_general,301,0.08824387275247503
conditional-fit-0056,axis1_general,302,0.00011418135699064937
conditional-fit-0056,axis1_general,303,0.0005802515429098919
conditional-fit-0056,axis1_general,304,2.884941144651778e-05
conditional-fit-0056,axis1_general,305,0.0006825935431066436
conditional-fit-0056,axis1_general,306,4.954177678852942e-05
conditional-fit-0056,axis1_general,307,0.005458590810777639
conditional-fit-0056,axis1_general,308,0.00010338707238295207
conditional-fit-0056,axis1_general,309,0.04204072739400651
conditional-fit-0056,axis1_general,310,0.00044195675920331395
conditional-fit-0056,axis1_general,311,0.017976638121600948
conditional-fit-0056,axis1_general,312,0.0003060341501167727
conditional-fit-0056,axis1_general,313,0.014601318863339693
conditional-fit-0056,axis1_general,314,0.0005480004593426468
conditional-fit-0056,axis1_general,315,0.029492475153804664
conditional-fit-0056,axis1_general,316,0.00020924476840840112
conditional-fit-0056,axis1_general,317,0.016715843690906708
conditional-fit-0056,axis1_general,318,2.6276999285873576e-05
conditional-fit-0056,axis1_general,319,0.0016455530092185622
conditional-fit-0056,axis1_general,320,3.627737368406682e-05
conditional-fit-0056,axis1_general,321,0.004348827091489885
conditional-fit-0056,axis1_general,322,0.0011801434035895676
conditional-fit-0056,axis1_general,323,0.035812429661642275
conditional-fit-0056,axis1_general,324,0.37442069090104824
conditional-fit-0056,axis1_general,325,0.0023821206451464134
conditional-fit-0056,axis1_general,326,0.00017077809843835072
conditional-fit-0056,axis1_general,327,0.00022218996863111412
conditional-fit-0056,axis1_general,328,0.16032949944972325
conditional-fit-0056,axis1_general,329,0.09612792047061193
conditional-fit-0056,axis1_general,330,0.5114829134775722
conditional-fit-0056,axis1_general,331,0.3118715744900551
conditional-fit-0056,axis1_general,332,0.6628927490634131
conditional-fit-0056,axis1_general,333,0.05719008241872439
conditional-fit-0056,axis1_general,334,0.015503852952301535
conditional-fit-0056,axis1_general,335,0.025612626641574827
conditional-fit-0056,axis1_general,336,0.001497091801293445
conditional-fit-0056,axis1_general,337,0.0003992291485846092
conditional-fit-0056,axis1_general,338,0.17589438083285314
conditional-fit-0056,axis1_general,339,0.0027787968343628753
conditional-fit-0056,axis1_general,340,0.00036965585393281095
conditional-fit-0056,axis1_general,341,0.0010340991883000985
conditional-fit-0056,axis1_general,342,0.0009756712345230171
conditional-fit-0056,axis1_general,343,0.008004434432102669
conditional-fit-0056,axis1_general,344,0.11625036139452735
conditional-fit-0056,axis1_general,345,0.15093074468482237
conditional-fit-0056,axis1_general,346,0.0629572465452061
conditional-fit-0056,axis1_general,347,0.05984760093456926
conditional-fit-0056,axis1_general,348,0.058524173909089816
conditional-fit-0056,axis1_general,349,0.011036262651098524
conditional-fit-0056,axis1_general,350,0.01148612307720212
conditional-fit-0056,axis1_general,351,0.013841770129748703
conditional-fit-0056,axis1_general,352,8.221919227700643e-05
conditional-fit-0056,axis1_general,353,0.00014734652038021642
conditional-fit-0056,axis1_general,354,0.000144407774792817
conditional-fit-0056,axis1_general,355,0.011963314066159476
conditional-fit-0056,axis1_general,356,0.00017977542847843008
conditional-fit-0056,axis1_general,357,7.36052421833766e-05
conditional-fit-0056,axis1_general,358,0.00016668411380886184
conditional-fit-0056,axis1_general,359,4.746456545840427e-06
conditional-fit-0056,axis1_general,360,0.0024348783883658687
conditional-fit-0056,axis1_general,361,0.027964925653669856
conditional-fit-0056,axis1_general,362,0.007378232513987212
conditional-fit-0056,axis1_general,363,2.7230948388118833e-05
conditional-fit-0056,axis1_general,364,0.0003321708608198459
conditional-fit-0056,axis1_general,365,0.03201481744406576
conditional-fit-0056,axis1_general,366,0.027375287535601023
conditional-fit-0056,axis1_general,367,0.06485206629554738
conditional-fit-0056,axis1_general,368,0.016909307984993127
conditional-fit-0056,axis1_general,369,0.01281692253928966
conditional-fit-0056,axis1_general,370,0.0018359895814742035
conditional-fit-0056,axis1_general,371,0.011528206206828512
conditional-fit-0056,axis1_general,372,0.0003594067554066363
conditional-fit-0056,axis1_general,373,0.00042046833964047
conditional-fit-0056,axis1_general,374,0.0025466862002702286
conditional-fit-0056,axis1_general,375,0.002507571594324429
conditional-fit-0056,axis1_general,376,5.0818582597291347e-05
conditional-fit-0056,axis1_general,377,0.04444045098872947
conditional-fit-0056,axis1_general,378,0.005578552472441201
conditional-fit-0056,axis1_general,379,8.818799640937232e-05
conditional-fit-0056,axis1_general,380,0.016901611407659767
conditional-fit-0056,axis1_general,381,0.00017181391224905287
conditional-fit-0056,axis1_general,382,0.02808858125269616
conditional-fit-0056,axis1_general,383,1.8462674478519843e-05
conditional-fit-0056,axis1_general,384,0.025043470441946686
conditional-fit-0056,axis1_general,385,0.030344360532298886
conditional-fit-0056,axis1_general,386,0.0014078632420077859
conditional-fit-0056,axis1_general,387,0.03262191753148546
conditional-fit-0056,axis1_general,388,0.036360081924217545
conditional-fit-0056,axis1_general,389,0.0020774073993183985
conditional-fit-0056,axis1_general,390,6.7910046907711385e-06
conditional-fit-0056,axis1_general,391,0.001057658554338068
conditional-fit-0056,axis1_general,392,2.2632350888275144e-05
conditional-fit-0056,axis1_general,393,0.011799683320843649
conditional-fit-0056,axis1_general,394,4.233638843614323e-06
conditional-fit-0056,axis1_general,395,0.0003819775385118071
conditional-fit-0056,axis1_general,396,0.002072014249820495
conditional-fit-0056,axis1_general,397,0.014759316491268956
conditional-fit-0056,axis1_general,398,0.0002335458312475979
conditional-fit-0056,axis1_general,399,0.00024062336483692828
conditional-fit-0056,axis1_general,400,0.09728836645024105
conditional-fit-0056,axis1_general,401,0.026530194496614454
conditional-fit-0056,axis1_general,402,0.018666701546157755
conditional-fit-0056,axis1_general,403,0.010245145889484927
conditional-fit-0056,axis1_general,404,0.0006982118195955807
conditional-fit-0056,axis1_general,405,4.453420526224886e-06
conditional-fit-0056,axis1_general,406,7.884544562549973e-05
conditional-fit-0056,axis1_general,407,3.7168685755660136e-06
conditional-fit-0056,axis1_general,408,0.0006938702659573448
conditional-fit-0056,axis1_general,409,0.005686586579267407
conditional-fit-0056,axis1_general,410,0.009001544711799116
conditional-fit-0056,axis1_general,411,0.02844651117310015
conditional-fit-0056,axis1_general,412,0.0011808712404421991
conditional-fit-0056,axis1_general,413,0.0003022400055334913
conditional-fit-0056,axis1_general,414,3.662058737607696e-05
conditional-fit-0056,axis1_general,415,0.007275839631258214
conditional-fit-0056,axis1_general,416,0.000982908444516953
conditional-fit-0056,axis1_general,417,0.013459794140703626
conditional-fit-0056,axis1_general,418,0.0022163964883699615
conditional-fit-0056,axis1_general,419,0.0007512284923518419
conditional-fit-0056,axis1_general,420,0.013821811104740647
conditional-fit-0056,axis1_general,421,0.010746611828914954
conditional-fit-0056,axis1_general,422,0.002667093992186196
conditional-fit-0056,axis1_general,423,0.02974885769017402
conditional-fit-0056,axis1_general,424,0.007786626283062947
conditional-fit-0056,axis1_general,425,1.6077789692401794e-05
conditional-fit-0056,axis1_general,426,0.00042275757491486236
conditional-fit-0056,axis1_general,427,7.245086640665169e-06
conditional-fit-0056,axis1_general,428,0.031565153886274996
conditional-fit-0056,axis1_general,429,0.0034731869529472043
conditional-fit-0056,axis1_general,430,0.015945774764050902
conditional-fit-0056,axis1_general,431,0.01278686001724566
conditional-fit-0056,axis1_general,432,0.009161067631141379
conditional-fit-0056,axis1_general,433,0.001964148021764845
conditional-fit-0056,axis1_general,434,0.00042417799134657696
conditional-fit-0056,axis1_general,435,5.947144874283937e-05
conditional-fit-0056,axis1_general,436,0.0031399524585312586
conditional-fit-0056,axis1_general,437,0.0008449282209242821
conditional-fit-0056,axis1_general,438,0.03438494497865668
conditional-fit-0056,axis1_general,439,0.0037768810660992573
conditional-fit-0056,axis1_general,440,0.027462372673168662
conditional-fit-0056,axis1_general,441,0.011773926665681507
conditional-fit-0056,axis1_general,442,1.6795413842097043e-05
conditional-fit-0056,axis1_general,443,0.0004743810695132738
conditional-fit-0056,axis1_general,444,6.598064533829434e-06
conditional-fit-0056,axis1_general,445,0.004382546295837923
conditional-fit-0056,axis1_general,446,0.010872628515468712
conditional-fit-0056,axis1_general,447,0.0032927372660511225
conditional-fit-0056,axis1_general,448,0.014692407198860807
conditional-fit-0056,axis1_general,449,2.1243494209373437e-05
conditional-fit-0056,axis1_general,450,4.4224045135531335e-05
conditional-fit-0056,axis1_general,451,0.014404335127467012
conditional-fit-0056,axis1_general,452,0.0014242669699358799
conditional-fit-0056,axis1_general,453,0.0696093290346216
conditional-fit-0056,axis1_general,454,0.01470450849339012
conditional-fit-0056,axis1_general,455,0.021446469136005633
conditional-fit-0056,axis1_general,456,0.006199655367045781
conditional-fit-0056,axis1_general,457,4.701129273628226e-06
conditional-fit-0056,axis1_general,458,0.002107674090048574
conditional-fit-0056,axis1_general,459,1.4576608831373179e-05
conditional-fit-0056,axis1_general,460,0.041408363526077886
conditional-fit-0056,axis1_general,461,0.00018404051615052272
conditional-fit-0056,axis1_general,462,1.4663735255424468e-05
conditional-fit-0056,axis1_general,463,0.0003916857706977422
conditional-fit-0056,axis1_general,464,0.05072883695395189
conditional-fit-0056,axis1_general,465,0.007844644868441542
conditional-fit-0056,axis1_general,466,0.00650879090361071
conditional-fit-0056,axis1_general,467,0.03509924496644716
conditional-fit-0056,axis1_general,468,0.0472290758330907
conditional-fit-0056,axis1_general,469,0.0014450470378772336
conditional-fit-0056,axis1_general,470,0.007034144516322488
conditional-fit-0056,axis1_general,471,0.006013293699143746
conditional-fit-0056,axis1_general,472,0.0492103351668978
conditional-fit-0056,axis1_general,473,0.0013557016070676758
conditional-fit-0056,axis1_general,474,0.015439087185350068
conditional-fit-0056,axis1_general,475,0.00044411646526795653
conditional-fit-0056,axis1_general,476,0.012984926638819852
conditional-fit-0056,axis1_general,477,0.014398246162966595
conditional-fit-0056,axis1_general,478,0.03635367738645025
conditional-fit-0056,axis1_general,479,0.009203362020302334
conditional-fit-0056,axis1_general,480,0.020798089338663228
conditional-fit-0056,axis1_general,481,0.0012974822248535446
conditional-fit-0056,axis1_general,482,0.0001890999858816642
conditional-fit-0056,axis1_general,483,0.007817767666594852
conditional-fit-0056,axis1_general,484,0.00034044120197848974
conditional-fit-0056,axis1_general,485,2.496227205318371e-06
conditional-fit-0056,axis1_general,486,0.0008876364996526814
conditional-fit-0056,axis1_general,487,6.2727888928063985e-06
conditional-fit-0056,axis1_general,488,0.006516332545658404
conditional-fit-0056,axis1_general,489,0.0005660564424118513
conditional-fit-0056,axis1_general,490,0.0010938043177745396
conditional-fit-0056,axis1_general,491,0.0015343474944912556
conditional-fit-0056,axis1_general,492,0.022803992029225447
conditional-fit-0056,axis1_general,493,0.03116676745708177
conditional-fit-0056,axis1_general,494,0.012705671197018044
conditional-fit-0056,axis1_general,495,0.0029569627053014063
conditional-fit-0056,axis1_general,496,0.0026558209472465942
conditional-fit-0056,axis1_general,497,0.013121205004652027
conditional-fit-0056,axis1_general,498,0.02810431688651307
conditional-fit-0056,axis1_general,499,0.02559824530677017
conditional-fit-0056,axis1_general,500,6.0030426839762455e-05
conditional-fit-0056,axis1_general,501,0.014213917220104866
conditional-fit-0056,axis1_general,502,0.024029387608827883
conditional-fit-0056,axis1_general,503,0.000909592578914822
conditional-fit-0056,axis1_general,504,0.025226479376446308
conditional-fit-0056,axis1_general,505,0.0009497188438636243
conditional-fit-0056,axis1_general,506,0.0021393331119387918
conditional-fit-0056,axis1_general,507,0.006204913044893215
conditional-fit-0056,axis1_general,508,0.0007207928145577054
conditional-fit-0056,axis1_general,509,0.011497547365328918
conditional-fit-0056,axis1_general,510,0.015607920289268504
conditional-fit-0056,axis1_general,511,0.003970335121868125
conditional-fit-0056,axis1_general,512,0.002963644897738122
conditional-fit-0056,axis1_general,513,0.03476328732817456
conditional-fit-0056,axis1_general,514,0.014292841408129822
conditional-fit-0056,axis1_general,515,0.013340408142991141
conditional-fit-0056,axis1_general,516,0.003419785394443935
conditional-fit-0056,axis1_general,517,0.014444107129978841
conditional-fit-0056,axis1_general,518,0.0034462039453347013
conditional-fit-0056,axis1_general,519,0.00038903614954016513
conditional-fit-0056,axis1_general,520,0.0004537124068342865
conditional-fit-0056,axis1_general,521,0.004345991444573404
conditional-fit-0056,axis1_general,522,0.016904040516660494
conditional-fit-0056,axis1_general,523,0.01773066176822236
conditional-fit-0056,axis1_general,524,0.00706367285204371
conditional-fit-0056,axis1_general,525,0.003618319363223801
conditional-fit-0056,axis1_general,526,0.016149045483672075
conditional-fit-0056,axis1_general,527,0.0006271420498349092
conditional-fit-0056,axis1_general,528,0.0007303414100456903
conditional-fit-0056,axis1_general,529,2.3969917183727347e-05
conditional-fit-0056,axis1_general,530,2.2568022232291472e-05
conditional-fit-0056,axis1_general,531,0.14591028107702317
conditional-fit-0056,axis1_general,532,0.00016211703962696895
conditional-fit-0056,axis1_general,533,3.067525686405153e-05
conditional-fit-0056,axis1_general,534,0.0001293269996646822
conditional-fit-0056,axis1_general,535,0.00021378528931057455
conditional-fit-0056,axis1_general,536,0.0037488838702299577
conditional-fit-0056,axis1_general,537,0.12911001822446172
conditional-fit-0056,axis1_general,538,0.0002624023656905422
conditional-fit-0056,axis1_general,539,0.05368689329768667
conditional-fit-0056,axis1_general,540,0.02364797266883719
conditional-fit-0056,axis1_general,541,0.058955456641463344
conditional-fit-0056,axis1_general,542,0.03775169568149253
conditional-fit-0056,axis1_general,543,0.04240955370990916
conditional-fit-0056,axis1_general,544,0.010084438599466564
conditional-fit-0056,axis1_general,545,0.0012410103334336568
conditional-fit-0056,axis1_general,546,0.026060839202127487
conditional-fit-0056,axis1_general,547,4.132776943793205e-05
conditional-fit-0056,axis1_general,548,0.00011483009664581423
conditional-fit-0056,axis1_general,549,5.06232031326067e-06
conditional-fit-0056,axis1_general,550,8.66156659640799e-06
conditional-fit-0056,axis1_general,551,2.5301197624586086e-05
conditional-fit-0056,axis1_general,552,6.404665904755843e-05
conditional-fit-0056,axis1_general,553,3.6265856855118427e-06
conditional-fit-0056,axis1_general,554,2.1950750074170308e-05
conditional-fit-0056,axis1_general,555,6.970531371891856e-05
conditional-fit-0056,axis1_general,556,0.0005986279122284735
conditional-fit-0056,axis1_general,557,0.004823408884418523
conditional-fit-0056,axis1_general,558,0.0001276279445419201
conditional-fit-0056,axis1_general,559,1.3649586257802044e-05
conditional-fit-0056,axis1_general,560,0.003738944867686504
conditional-fit-0056,axis1_general,561,3.1175145729472053e-06
conditional-fit-0056,axis1_general,562,4.1004393115364374e-05
conditional-fit-0056,axis1_general,563,5.466879800763734e-05
conditional-fit-0056,axis1_general,564,0.0003126050976357236
conditional-fit-0056,axis1_general,565,0.00014049657843577385
conditional-fit-0056,axis1_general,566,0.00011625973385321264
conditional-fit-0056,axis1_general,567,0.03125637579392366
conditional-fit-0056,axis1_general,568,0.003078823870004689
conditional-fit-0056,axis1_general,569,0.0009024249365586902
conditional-fit-0056,axis1_general,570,0.0014013953248996174
conditional-fit-0056,axis1_general,571,0.0009280887324324512
conditional-fit-0056,axis1_general,572,0.012026076073139162
conditional-fit-0056,axis1_general,573,7.99864904040064e-05
conditional-fit-0056,axis1_general,574,0.00014446587289343208
conditional-fit-0056,axis1_general,575,0.00021290519481879995
conditional-fit-0056,axis1_general,576,0.0006512957971032797
conditional-fit-0056,axis1_general,577,1.720849667689045e-05
conditional-fit-0056,axis1_general,578,0.000559835286692787
conditional-fit-0056,axis1_general,579,0.0018109750622840085
conditional-fit-0056,axis1_general,580,1.7072576241442233e-05
conditional-fit-0056,axis1_general,581,0.002793553996446014
conditional-fit-0056,axis1_general,582,5.71935026854544e-06
conditional-fit-0056,axis1_general,583,0.00010522257270848683
conditional-fit-0056,axis1_general,584,8.450237984082347e-06
conditional-fit-0056,axis1_general,585,0.02031470508638131
conditional-fit-0056,axis1_general,586,0.0006057424347988425
conditional-fit-0056,axis1_general,587,0.030062046995035934
conditional-fit-0056,axis1_general,588,2.991657691978188e-05
conditional-fit-0056,axis1_general,589,0.00013482009693924956
conditional-fit-0056,axis1_general,590,1.8214627553325103e-06
conditional-fit-0056,axis1_general,591,0.00045595301652713994
conditional-fit-0056,axis1_general,592,5.397654606781208e-06
conditional-fit-0056,axis1_general,593,0.00399776505006
conditional-fit-0056,axis1_general,594,0.021529792141262754
conditional-fit-0056,axis1_general,595,0.25182633103775454
conditional-fit-0056,axis1_general,596,0.004818205073538134
conditional-fit-0056,axis1_general,597,0.0038296558361007177
conditional-fit-0056,axis1_general,598,0.004599209502606439
conditional-fit-0056,axis1_general,599,6.832381993214544e-06
conditional-fit-0056,axis1_general,600,0.001624559590027938
conditional-fit-0056,axis1_general,601,0.0018708601370830047
conditional-fit-0056,axis1_general,602,1.4170313160977667e-05
conditional-fit-0056,axis1_general,603,0.03221201362594646
conditional-fit-0056,axis1_general,604,0.028162844666990466
conditional-fit-0056,axis1_general,605,0.0004499518665884679
conditional-fit-0056,axis1_general,606,0.0016239271332875531
conditional-fit-0056,axis1_general,607,0.02269723468853269
conditional-fit-0056,axis1_general,608,0.0003313007498945901
conditional-fit-0056,axis1_general,609,1.0620167970047675e-06
conditional-fit-0056,axis1_general,610,2.7993278820606578e-05
conditional-fit-0056,axis1_general,611,1.3370794059350058e-06
conditional-fit-0056,axis1_general,612,0.000430837842372503
conditional-fit-0056,axis1_general,613,0.013918402615110643
conditional-fit-0056,axis1_general,614,0.00018604189767669433
conditional-fit-0056,axis1_general,615,0.006308301084419876
conditional-fit-0056,axis1_general,616,0.0018264495590913073
conditional-fit-0056,axis1_general,617,1.730599810358375e-05
conditional-fit-0056,axis1_general,618,0.006950033954283901
conditional-fit-0056,axis1_general,619,4.234752008100443e-05
conditional-fit-0056,axis1_general,620,0.00022740260689580998
conditional-fit-0056,axis1_general,621,0.006044431395936651
conditional-fit-0056,axis1_general,622,0.01256201046045411
conditional-fit-0056,axis1_general,623,0.001138722179499695
conditional-fit-0056,axis1_general,624,0.0005362018269872795
conditional-fit-0056,axis1_general,625,0.0008560795609989296
conditional-fit-0056,axis1_general,626,1.2480643170694176e-05
conditional-fit-0056,axis1_general,627,9.779673327583535e-05
conditional-fit-0056,axis1_general,628,7.562506724521962e-07
conditional-fit-0056,axis1_general,629,0.004423069794740327
conditional-fit-0056,axis1_general,630,0.005178290284965732
conditional-fit-0056,axis1_general,631,0.01776855530079694
conditional-fit-0056,axis1_general,632,0.010470083821611947
conditional-fit-0056,axis1_general,633,0.0018969841756502018
conditional-fit-0056,axis1_general,634,0.003794249164029699
conditional-fit-0056,axis1_general,635,0.00015948889475578216
conditional-fit-0056,axis1_general,636,0.001976517656559097
conditional-fit-0056,axis1_general,637,0.0009088684327449438
conditional-fit-0056,axis1_general,638,0.006026186602559968
conditional-fit-0056,axis1_general,639,0.0015401535538352904
conditional-fit-0056,axis1_general,640,0.002075716212376284
conditional-fit-0056,axis1_general,641,0.0015176150103507317
conditional-fit-0056,axis1_general,642,0.0023305238051512245
conditional-fit-0056,axis1_general,643,0.012068099996865811
conditional-fit-0056,axis1_general,644,0.0008626423876440673
conditional-fit-0056,axis1_general,645,0.00044937909823594517
conditional-fit-0056,axis1_general,646,3.851848566065997e-06
conditional-fit-0056,axis1_general,647,7.56342916099412e-05
conditional-fit-0056,axis1_general,648,3.518389378569077e-06
conditional-fit-0056,axis1_general,649,0.02290446240158661
conditional-fit-0056,axis1_general,650,0.011673651416294381
conditional-fit-0056,axis1_general,651,0.002945099470482549
conditional-fit-0056,axis1_general,652,0.025626037108860647
conditional-fit-0056,axis1_general,653,0.004084135451904496
conditional-fit-0056,axis1_general,654,3.3825199389974596e-06
conditional-fit-0056,axis1_general,655,0.006263013423297467
conditional-fit-0056,axis1_general,656,0.016683596124241352
conditional-fit-0056,axis1_general,657,0.0004330676651891192
conditional-fit-0056,axis1_general,658,0.006893488435803284
conditional-fit-0056,axis1_general,659,0.0050895387397077215
conditional-fit-0056,axis1_general,660,0.003920907706033661
conditional-fit-0056,axis1_general,661,0.00028586624418441874
conditional-fit-0056,axis1_general,662,0.0006247163748743373
conditional-fit-0056,axis1_general,663,2.406633043337273e-06
conditional-fit-0056,axis1_general,664,0.0002474554902962612
conditional-fit-0056,axis1_general,665,4.10101599461898e-06
conditional-fit-0056,axis1_general,666,0.021742445092594986
conditional-fit-0056,axis1_general,667,0.015858244301463473
conditional-fit-0056,axis1_general,668,0.0005309430231998373
conditional-fit-0056,axis1_general,669,0.0012818956331284326
conditional-fit-0056,axis1_general,670,0.003678311410298291
conditional-fit-0056,axis1_general,671,0.011714239156216704
conditional-fit-0056,axis1_general,672,0.004760291555434589
conditional-fit-0056,axis1_general,673,0.0002594295490294373
conditional-fit-0056,axis1_general,674,2.3232660317554254e-05
conditional-fit-0056,axis1_general,675,0.004330241699008862
conditional-fit-0056,axis1_general,676,0.003398235739770843
conditional-fit-0056,axis1_general,677,0.0003802830368017934
conditional-fit-0056,axis1_general,678,0.00027251660110848817
conditional-fit-0056,axis1_general,679,0.021394281558902592
conditional-fit-0056,axis1_general,680,0.02539670373604195
conditional-fit-0056,axis1_general,681,0.011309229192149911
conditional-fit-0056,axis1_general,682,0.00629243627862059
conditional-fit-0056,axis1_general,683,0.007558898034910128
conditional-fit-0056,axis1_general,684,0.00022432780384706158
conditional-fit-0056,axis1_general,685,0.0008327806757313129
conditional-fit-0056,axis1_general,686,0.0008013956572820422
conditional-fit-0056,axis1_general,687,1.0252218415725192e-06
conditional-fit-0056,axis1_general,688,0.000499921440325474
conditional-fit-0056,axis1_general,689,4.424046909767338e-06
conditional-fit-0056,axis1_general,690,0.02593960579151843
conditional-fit-0056,axis1_general,691,0.0018849767279250818
conditional-fit-0056,axis1_general,692,0.0369473778500026
conditional-fit-0056,axis1_general,693,0.0016235303273214848
conditional-fit-0056,axis1_general,694,0.02742124533093035
conditional-fit-0056,axis1_general,695,0.005547728508647973
conditional-fit-0056,axis1_general,696,0.04519462496854926
conditional-fit-0056,axis1_general,697,0.00038410874708420345
conditional-fit-0056,axis1_general,698,0.000900396206141921
conditional-fit-0056,axis1_general,699,0.005134070985698364
conditional-fit-0056,axis1_general,700,0.0004325239072646154
conditional-fit-0056,axis1_general,701,0.0010048620894256555
conditional-fit-0056,axis1_general,702,0.0037650861228228413
conditional-fit-0056,axis1_general,703,3.2755365081804757e-06
conditional-fit-0056,axis1_general,704,0.00742729786357966
conditional-fit-0056,axis1_general,705,0.024069136414699818
conditional-fit-0056,axis1_general,706,0.0005085904020408728
conditional-fit-0056,axis1_general,707,0.0008805663049259967
conditional-fit-0056,axis1_general,708,0.0017303612754184028
conditional-fit-0056,axis1_general,709,0.005405205997364124
conditional-fit-0056,axis1_general,710,0.00037365633905928156
conditional-fit-0056,axis1_general,711,0.0015255760979812174
conditional-fit-0056,axis1_general,712,0.0007252099034951985
conditional-fit-0056,axis1_general,713,0.0023678285287889603
conditional-fit-0056,axis1_general,714,0.0106999862084936
conditional-fit-0056,axis1_general,715,0.024459003206983177
conditional-fit-0056,axis1_general,716,0.010018671397384757
conditional-fit-0056,axis1_general,717,0.0018377020316919087
conditional-fit-0056,axis1_general,718,0.0014257675104574084
conditional-fit-0056,axis1_general,719,0.001933808219041662
conditional-fit-0056,axis1_general,720,0.0006241419525802848
conditional-fit-0056,axis1_general,721,0.00023483460220713898
conditional-fit-0056,axis1_general,722,7.261247894828032e-05
conditional-fit-0056,axis1_general,723,0.001968544100228091
conditional-fit-0056,axis1_general,724,0.0028056718185321228
conditional-fit-0056,axis1_general,725,0.0003349934753525732
conditional-fit-0056,axis1_general,726,0.0003257916534729606
conditional-fit-0056,axis1_general,727,0.013936774954288451
conditional-fit-0056,axis1_general,728,0.034928027414347376
conditional-fit-0056,axis1_general,729,0.12124703746024401
conditional-fit-0056,axis1_general,730,0.024828351729010843
conditional-fit-0056,axis1_general,731,0.1583348737739949
conditional-fit-0056,axis1_general,732,0.034333958507308276
conditional-fit-0056,axis1_general,733,0.0002382192306320565
conditional-fit-0056,axis1_general,734,0.00021709535877817703
conditional-fit-0056,axis1_general,735,0.0006044984694138929
conditional-fit-0056,axis1_general,736,2.3233874705242207e-05
conditional-fit-0056,axis1_general,737,1.5465016483651424e-05
conditional-fit-0056,axis1_general,738,0.0007831240468550958
conditional-fit-0056,axis1_general,739,4.0573976264208003e-05
conditional-fit-0056,axis1_general,740,3.356216853924048e-05
conditional-fit-0056,axis1_general,741,0.0016526947403188701
conditional-fit-0056,axis1_general,742,3.911237663454228e-05
conditional-fit-0056,axis1_general,743,0.002284013973544095
conditional-fit-0056,axis1_general,744,0.18927879605554768
conditional-fit-0056,axis1_general,745,0.0189936493767661
conditional-fit-0056,axis1_general,746,0.024077781892738265
conditional-fit-0056,axis1_general,747,0.2129485315994204
conditional-fit-0056,axis1_general,748,0.19679443152250253
conditional-fit-0056,axis1_general,749,0.08772415932112412
conditional-fit-0056,axis1_general,750,0.27954133711712575
conditional-fit-0056,axis1_general,751,0.04512876803523604
conditional-fit-0056,axis1_general,752,0.03723458339192023
conditional-fit-0056,axis1_general,753,0.0015212783236967413
conditional-fit-0056,axis1_general,754,0.005767249688382687
conditional-fit-0056,axis1_general,755,0.015532004338895386
conditional-fit-0056,axis1_general,756,0.10001078862385919
conditional-fit-0056,axis1_general,757,0.0211845754313816
conditional-fit-0056,axis1_general,758,0.04344845356212812
conditional-fit-0056,axis1_general,759,0.028183346512987418
conditional-fit-0056,axis1_general,760,0.03381503288353638
conditional-fit-0056,axis1_general,761,0.030296127744989125
conditional-fit-0056,axis1_general,762,0.012068146477334375
conditional-fit-0056,axis1_general,763,0.01849205517211721
conditional-fit-0056,axis1_general,764,0.04269972287278876
conditional-fit-0056,axis1_general,765,0.012922748597505996
conditional-fit-0056,axis1_general,766,0.043102328272884544
conditional-fit-0056,axis1_general,767,9.604967040349624e-05
conditional-fit-0056,axis1_general,768,0.003348869277645991
conditional-fit-0056,axis1_general,769,0.0951739751872541
conditional-fit-0056,axis1_general,770,0.010164416135110602
conditional-fit-0056,axis1_general,771,0.005062653418073296
conditional-fit-0056,axis1_general,772,0.04623556139560762
conditional-fit-0056,axis1_general,773,0.003960871493291036
conditional-fit-0056,axis1_general,774,0.009913063931392794
conditional-fit-0056,axis1_general,775,0.012044125326439899
conditional-fit-0056,axis1_general,776,0.01495830493035974
conditional-fit-0056,axis1_general,777,0.0011310471270778682
conditional-fit-0056,axis1_general,778,0.0021284074543410523
conditional-fit-0056,axis1_general,779,0.016583879872087315
conditional-fit-0056,axis1_general,780,0.2702905018797266
conditional-fit-0056,axis1_general,781,0.013461221088031727
conditional-fit-0056,axis1_general,782,0.014185151618073582
conditional-fit-0056,axis1_general,783,0.038502512781587964
conditional-fit-0056,axis1_general,784,0.02836863948462049
conditional-fit-0056,axis1_general,785,0.05891200701157493
conditional-fit-0056,axis1_general,786,0.0013091178750462894
conditional-fit-0056,axis1_general,787,0.005785372521736222
conditional-fit-0056,axis1_general,788,0.0021659555833570604
conditional-fit-0056,axis1_general,789,0.015248397441244376
conditional-fit-0056,axis1_general,790,0.01621676855058967
conditional-fit-0056,axis1_general,791,0.009419310050289167
conditional-fit-0056,axis1_general,792,0.0023898761978572015
conditional-fit-0056,axis1_general,793,0.012518611546488515
conditional-fit-0056,axis1_general,794,0.0011510447977527685
conditional-fit-0056,axis1_general,795,0.0022537467821468777
conditional-fit-0056,axis1_general,796,0.014384041283406947
conditional-fit-0056,axis1_general,797,0.00813008002471233
conditional-fit-0056,axis1_general,798,0.01798190706440178
conditional-fit-0056,axis1_general,799,0.03285990895212592
conditional-fit-0056,axis1_general,800,0.01342505777046412
conditional-fit-0056,axis1_general,801,0.01890184374770813
conditional-fit-0056,axis1_general,802,0.016357584045110677
conditional-fit-0056,axis1_general,803,0.0007505972499888347
conditional-fit-0056,axis1_general,804,0.00596191486052081
conditional-fit-0056,axis1_general,805,0.004995922798859086
conditional-fit-0056,axis1_general,806,0.02423212265988161
conditional-fit-0056,axis1_general,807,0.06142060802340185
conditional-fit-0056,axis1_general,808,0.0002443470375135332
conditional-fit-0056,axis1_general,809,0.005881113607219166
conditional-fit-0056,axis1_general,810,0.00033013403625084536
conditional-fit-0056,axis1_general,811,0.003262553533764789
conditional-fit-0056,axis1_general,812,0.0030696315412348874
conditional-fit-0056,axis1_general,813,0.004760985114513817
conditional-fit-0056,axis1_general,814,0.004657723898508697
conditional-fit-0056,axis1_general,815,0.07545073322474873
conditional-fit-0056,axis1_general,816,0.0004836699175249352
conditional-fit-0056,axis1_general,817,0.005509433048235221
conditional-fit-0056,axis1_general,818,0.04508220089277568
conditional-fit-0056,axis1_general,819,0.0012933020818528718
conditional-fit-0056,axis1_general,820,0.010250167137448543
conditional-fit-0056,axis1_general,821,0.022214158867364657
conditional-fit-0056,axis1_general,822,0.004840692794578581
conditional-fit-0056,axis1_general,823,0.008050947393537573
conditional-fit-0056,axis1_general,824,0.017031907914539457
conditional-fit-0056,axis1_general,825,0.004428806028016819
conditional-fit-0056,axis1_general,826,0.005097980830558074
conditional-fit-0056,axis1_general,827,0.00683475698054308
conditional-fit-0056,axis1_general,828,0.00013110661393786732
conditional-fit-0056,axis1_general,829,0.023832065469878448
conditional-fit-0056,axis1_general,830,0.002178080142213667
conditional-fit-0056,axis1_general,831,0.0002247934282099879
conditional-fit-0056,axis1_general,832,0.02114425601741422
conditional-fit-0056,axis1_general,833,0.0003698249578291857
conditional-fit-0056,axis1_general,834,0.07654179677770595
conditional-fit-0056,axis1_general,835,0.00010473885139559576
conditional-fit-0056,axis1_general,836,0.006752551332382303
conditional-fit-0056,axis1_general,837,0.007279325693207427
conditional-fit-0056,axis1_general,838,0.038343492044982795
conditional-fit-0056,axis1_general,839,0.002774209648703804
conditional-fit-0056,axis1_general,840,0.026046069078552794
conditional-fit-0056,axis1_general,841,0.027318946144065562
conditional-fit-0056,axis1_general,842,0.026641537492311542
conditional-fit-0056,axis1_general,843,0.0009684100624470542
conditional-fit-0056,axis1_general,844,0.03176030570497
conditional-fit-0056,axis1_general,845,0.03567149812315392
conditional-fit-0056,axis1_general,846,0.029938711362281455
conditional-fit-0056,axis1_general,847,0.03237047162849508
conditional-fit-0056,axis1_general,848,0.012165973960017685
conditional-fit-0056,axis1_general,849,0.0033360071810911735
conditional-fit-0056,axis1_general,850,0.00033893314321932326
conditional-fit-0056,axis1_general,851,0.007431959772552447
conditional-fit-0056,axis1_general,852,0.061596521594197366
conditional-fit-0056,axis1_general,853,0.0004941015869464418
conditional-fit-0056,axis1_general,854,0.035877571052802065
conditional-fit-0056,axis1_general,855,0.023116126277793594
conditional-fit-0056,axis1_general,856,0.014483777309268952
conditional-fit-0056,axis1_general,857,9.708952088014429e-05
conditional-fit-0056,axis1_general,858,0.004106563346388136
conditional-fit-0056,axis1_general,859,0.09264048385948286
conditional-fit-0056,axis1_general,860,0.04627950546240381
conditional-fit-0056,axis1_general,861,0.05485111256025041
conditional-fit-0056,axis1_general,862,0.27400974273545703
conditional-fit-0056,axis1_general,863,0.005707535603923723
conditional-fit-0056,axis1_general,864,0.02818293124435616
conditional-fit-0056,axis1_general,865,0.06353589529067402
conditional-fit-0056,axis1_general,866,0.0003215077144066619
conditional-fit-0056,axis1_general,867,0.12048179313248995
conditional-fit-0056,axis1_general,868,0.000135911744708686
conditional-fit-0056,axis1_general,869,0.031116416416127085
conditional-fit-0056,axis1_general,870,0.06359833345239604
conditional-fit-0056,axis1_general,871,0.010276696095643243
conditional-fit-0056,axis1_general,872,0.05020982467424065
conditional-fit-0056,axis1_general,873,0.023195517988030344
conditional-fit-0056,axis1_general,874,0.09552406766176745
conditional-fit-0056,axis1_general,875,0.005475314549360845
conditional-fit-0056,axis1_general,876,0.007340014115213088
conditional-fit-0056,axis1_general,877,0.030544737621651656
conditional-fit-0056,axis1_general,878,0.06801489088608524
conditional-fit-0056,axis1_general,879,0.0004764658968107677
conditional-fit-0056,axis1_general,880,0.00933172370016152
conditional-fit-0056,axis1_general,881,0.006583035027558426
conditional-fit-0056,axis1_general,882,0.000324188073899948
conditional-fit-0056,axis1_general,883,0.008607888491845331
conditional-fit-0056,axis1_general,884,0.0684496849548382
conditional-fit-0056,axis1_general,885,0.11159040132051125
conditional-fit-0056,axis1_general,886,0.09852462317510746
conditional-fit-0056,axis1_general,887,0.060572506281143884
conditional-fit-0056,axis1_general,888,0.0016062638834616724
conditional-fit-0056,axis1_general,889,0.001104729007990636
conditional-fit-0056,axis1_general,890,0.2577931549940149
conditional-fit-0056,axis1_general,891,0.07374848072423988
conditional-fit-0056,axis1_general,892,0.37168491047180147
conditional-fit-0056,axis1_general,893,0.00999166815563323
conditional-fit-0056,axis1_general,894,0.06435921633679927
conditional-fit-0056,axis1_general,895,0.01898262547847006
conditional-fit-0056,axis1_general,896,0.04853980234652953
conditional-fit-0056,axis1_general,897,0.018217833463631226
conditional-fit-0056,axis1_general,898,0.11322689276858283
conditional-fit-0056,axis1_general,899,0.01295824368584687
conditional-fit-0056,axis1_general,900,0.011001210333121014
conditional-fit-0056,axis1_general,901,0.0446225490047678
conditional-fit-0056,axis1_general,902,0.026232321418123455
conditional-fit-0056,axis1_general,903,0.047610315694900145
conditional-fit-0056,axis1_general,904,0.03336952213324727
conditional-fit-0056,axis1_general,905,0.030869654726245484
conditional-fit-0056,axis1_general,906,0.01805389809637246
conditional-fit-0056,axis1_general,907,0.11153461340918198
conditional-fit-0056,axis1_general,908,0.49859005145324686
conditional-fit-0056,axis1_general,909,0.005134544136096623
conditional-fit-0056,axis1_general,910,0.022266602664451948
conditional-fit-0056,axis1_general,911,0.012010622511685595
conditional-fit-0056,axis1_general,912,0.0028491586221793506
conditional-fit-0056,axis1_general,913,0.029757386768165812
conditional-fit-0056,axis1_general,914,0.00029293491808510415
conditional-fit-0056,axis1_general,915,0.009613007752144033
conditional-fit-0056,axis1_general,916,0.08601176796811263
conditional-fit-0056,axis1_general,917,0.05304623497735696
conditional-fit-0056,axis1_general,918,0.021097496398364952
conditional-fit-0056,axis1_general,919,0.030737016626189266
conditional-fit-0056,axis1_general,920,0.0271463094591282
conditional-fit-0056,axis1_general,921,0.01757164267263962
conditional-fit-0056,axis1_general,922,0.032179858478508294
conditional-fit-0056,axis1_general,923,0.027085113433143133
conditional-fit-0056,axis1_general,924,0.08412790537915825
conditional-fit-0056,axis1_general,925,0.14496232670646458
conditional-fit-0056,axis1_general,926,0.007905551787653793
conditional-fit-0056,axis1_general,927,0.019307889322651546
conditional-fit-0056,axis1_general,928,3.716928767550291e-05
conditional-fit-0056,axis1_general,929,0.014086067416039672
conditional-fit-0056,axis1_general,930,0.0038726667173137933
conditional-fit-0056,axis1_general,931,0.0030704217798684917
conditional-fit-0056,axis1_general,932,0.0011207809432826604
conditional-fit-0056,axis1_general,933,0.002364355057708406
conditional-fit-0056,axis1_general,934,0.0001450721734052873
conditional-fit-0056,axis1_general,935,0.0012822460786432142
conditional-fit-0056,axis1_general,936,0.0019577885528654177
conditional-fit-0056,axis1_general,937,0.002884303858727278
conditional-fit-0056,axis1_general,938,0.0006180935663759818
conditional-fit-0056,axis1_general,939,0.0003329374182919518
conditional-fit-0056,axis1_general,940,0.012838866830833174
conditional-fit-0056,axis1_general,941,0.002238034959162901
conditional-fit-0056,axis1_general,942,0.0006348437327230195
conditional-fit-0056,axis1_general,943,0.011654518334848867
conditional-fit-0056,axis1_general,944,0.01639920597952268
conditional-fit-0056,axis1_general,945,0.015240335643410853
conditional-fit-0056,axis1_general,946,0.004508808432735104
conditional-fit-0056,axis1_general,947,0.006080336887545019
conditional-fit-0056,axis1_general,948,0.0015381967111818698
conditional-fit-0056,axis1_general,949,0.0008142909509657424
conditional-fit-0056,axis1_general,950,0.05753160082381748
conditional-fit-0056,axis1_general,951,0.05156217258122035
conditional-fit-0056,axis1_general,952,0.1288285692471136
conditional-fit-0056,axis1_general,953,0.01350927259448455
conditional-fit-0056,axis1_general,954,0.2148282264585066
conditional-fit-0056,axis1_general,955,0.001059819903680563
conditional-fit-0056,axis1_general,956,0.005140112765952151
conditional-fit-0056,axis1_general,957,0.008785731384305781
conditional-fit-0056,axis1_general,958,0.00015671259998107983
conditional-fit-0056,axis1_general,959,0.0002126503805081032
conditional-fit-0056,axis1_general,960,0.003985252714029386
conditional-fit-0056,axis1_general,961,0.027050383967926774
conditional-fit-0056,axis1_general,962,0.11706700816865925
conditional-fit-0056,axis1_general,963,0.013227796770410976
conditional-fit-0056,axis1_general,964,0.025673478222385453
conditional-fit-0056,axis1_general,965,0.012927414929645678
conditional-fit-0056,axis1_general,966,0.0017056340292277098
conditional-fit-0056,axis1_general,967,0.08671803005948035
conditional-fit-0056,axis1_general,968,0.049929829891315496
conditional-fit-0056,axis1_general,969,0.0007523615488319146
conditional-fit-0056,axis1_general,970,0.0002910627389882387
conditional-fit-0056,axis1_general,971,7.479491957991652e-05
conditional-fit-0056,axis1_general,972,0.00015967443626744703
conditional-fit-0056,axis1_general,973,0.0019618116797045504
conditional-fit-0056,axis1_general,974,0.04893294237534559
conditional-fit-0056,axis1_general,975,0.0007658225383021021
conditional-fit-0056,axis1_general,976,0.001325639117399977
conditional-fit-0056,axis1_general,977,0.0006248278763319922
conditional-fit-0056,axis1_general,978,0.0028431298133296205
conditional-fit-0056,axis1_general,979,0.0001474244964277327
conditional-fit-0056,axis1_general,980,0.0711768861561226
conditional-fit-0056,axis1_general,981,0.16133282451058498
conditional-fit-0056,axis1_general,982,0.006359764714484456
conditional-fit-0056,axis1_general,983,0.06406018709265547
conditional-fit-0056,axis1_general,984,0.02181965081085191
conditional-fit-0056,axis1_general,985,0.010045535015767
conditional-fit-0056,axis1_general,986,0.022223784550453738
conditional-fit-0056,axis1_general,987,0.009153508005795105
conditional-fit-0056,axis1_general,988,0.09131184266879269
conditional-fit-0056,axis1_general,989,0.00014550873976700086
conditional-fit-0056,axis1_general,990,0.00890327875533869
conditional-fit-0056,axis1_general,991,0.049763767629832034
conditional-fit-0056,axis1_general,992,0.001623774450144464
conditional-fit-0056,axis1_general,993,0.02802667855452043
conditional-fit-0056,axis1_general,994,0.026005960914925092
conditional-fit-0056,axis1_general,995,0.00020243458205313744
conditional-fit-0056,axis1_general,996,0.012427776144662915
conditional-fit-0056,axis1_general,997,0.04462371589912711
conditional-fit-0056,axis1_general,998,0.008007387993532514
conditional-fit-0056,axis1_general,999,0.06125377857062933
conditional-fit-0056,axis1_general,1000,0.025713986338766766
conditional-fit-0056,axis1_general,1001,0.017064771611189248
conditional-fit-0056,axis1_general,1002,0.08022543297453914
conditional-fit-0056,axis1_general,1003,0.07549981489787749
conditional-fit-0056,axis1_general,1004,0.04457823003679412
conditional-fit-0056,axis1_general,1005,0.1341798680594355
conditional-fit-0056,axis1_general,1006,0.001794951681721499
conditional-fit-0056,axis1_general,1007,0.015068054906178283
conditional-fit-0056,axis1_general,1008,0.019343719516727427
conditional-fit-0056,axis1_general,1009,0.07559288216742814
conditional-fit-0056,axis1_general,1010,0.01857814624699949
conditional-fit-0056,axis1_general,1011,0.0640314485568744
conditional-fit-0056,axis1_general,1012,0.11258279523856654
conditional-fit-0056,axis1_general,1013,0.012275608324875635
conditional-fit-0056,axis1_general,1014,0.0979330764733119
conditional-fit-0056,axis1_general,1015,0.059151028963634306
conditional-fit-0056,axis1_general,1016,0.06085189855260142
conditional-fit-0056,axis1_general,1017,0.09392943153505832
conditional-fit-0056,axis1_general,1018,0.01458732842409878
conditional-fit-0056,axis1_general,1019,0.008201823447246449
conditional-fit-0056,axis1_general,1020,0.07395483653092237
conditional-fit-0056,axis1_general,1021,0.24251883573154234
conditional-fit-0056,axis1_general,1022,0.2336227838500427
conditional-fit-0056,axis1_general,1023,0.03432119097844501
conditional-fit-0056,axis1_general,1024,0.016358182603048586
conditional-fit-0056,axis1_general,1025,0.04913339840434741
conditional-fit-0056,axis1_general,1026,0.02796969495930198
conditional-fit-0056,axis1_general,1027,0.02812449535852065
conditional-fit-0056,axis1_general,1028,0.000641921512517058
conditional-fit-0056,axis1_general,1029,0.0012052440303210576
conditional-fit-0056,axis1_general,1030,0.0014265823763317924
conditional-fit-0056,axis1_general,1031,0.0006549995172622495
conditional-fit-0056,axis1_general,1032,0.0007285725370652325
conditional-fit-0056,axis1_general,1033,0.002148560022994036
conditional-fit-0056,axis1_general,1034,0.03398822992462675
conditional-fit-0056,axis1_general,1035,0.08561755567637974
conditional-fit-0056,axis1_general,1036,0.004193927842042779
conditional-fit-0056,axis1_general,1037,0.024171459073585307
conditional-fit-0056,axis1_general,1038,0.00012113480727517491
conditional-fit-0056,axis1_general,1039,0.035753667512381626
conditional-fit-0056,axis1_general,1040,0.025267620803174018
conditional-fit-0056,axis1_general,1041,0.011324180533476802
conditional-fit-0056,axis1_general,1042,0.01411233174553628
conditional-fit-0056,axis1_general,1043,0.013672827237322827
conditional-fit-0056,axis1_general,1044,0.010558085318816862
conditional-fit-0056,axis1_general,1045,0.0058006626506592945
conditional-fit-0056,axis1_general,1046,0.014846571508936987
conditional-fit-0056,axis1_general,1047,0.03275806616897612
conditional-fit-0056,axis1_general,1048,0.06878393166362365
conditional-fit-0056,axis1_general,1049,0.0028735664673707967
conditional-fit-0056,axis1_general,1050,0.0024767888113391336
conditional-fit-0056,axis1_general,1051,0.0009690237962251657
conditional-fit-0056,axis1_general,1052,0.0003770896700950278
conditional-fit-0056,axis1_general,1053,0.006289808883619303
conditional-fit-0056,axis1_general,1054,0.0030667598997263035
conditional-fit-0056,axis1_general,1055,0.0002769121094026401
conditional-fit-0056,axis1_general,1056,9.41727566958292e-05
conditional-fit-0056,axis1_general,1057,0.0011984287744044647
conditional-fit-0056,axis1_general,1058,0.04193262507666793
conditional-fit-0056,axis1_general,1059,0.030059906095015822
conditional-fit-0056,axis1_general,1060,0.0004925920489171604
conditional-fit-0056,axis1_general,1061,8.869594589178706e-05
conditional-fit-0056,axis1_general,1062,0.005942110342498398
conditional-fit-0056,axis1_general,1063,0.14056145278862248
conditional-fit-0056,axis1_general,1064,0.008388710317131415
conditional-fit-0056,axis1_general,1065,0.00031625517399950023
conditional-fit-0056,axis1_general,1066,0.002196015017638893
conditional-fit-0056,axis1_general,1067,0.0005322210706840559
conditional-fit-0056,axis1_general,1068,1.768929474587792e-05
conditional-fit-0056,axis1_general,1069,0.006636214043982338
conditional-fit-0056,axis1_general,1070,8.508493524689681e-05
conditional-fit-0056,axis1_general,1071,0.0004988652043990605
conditional-fit-0056,axis1_general,1072,1.1398784736002349e-05
conditional-fit-0056,axis1_general,1073,4.6105191958965704e-05
conditional-fit-0056,axis1_general,1074,0.028089018750000944
conditional-fit-0056,axis1_general,1075,0.12917702362322495
conditional-fit-0056,axis1_general,1076,0.000902706452023859
conditional-fit-0056,axis1_general,1077,0.03679088533662086
conditional-fit-0056,axis1_general,1078,0.0027904084382050854
conditional-fit-0056,axis1_general,1079,0.014760118263936445
conditional-fit-0056,axis1_general,1080,0.014835787574034892
conditional-fit-0056,axis1_general,1081,0.015924790766762006
conditional-fit-0056,axis1_general,1082,0.05497049693292682
conditional-fit-0056,axis1_general,1083,0.028728505436319628
conditional-fit-0056,axis1_general,1084,0.006734348603599641
conditional-fit-0056,axis1_general,1085,0.039832936265942295
conditional-fit-0056,axis1_general,1086,0.007618869741362039
conditional-fit-0056,axis1_general,1087,0.013746518539637254
conditional-fit-0056,axis1_general,1088,0.00015767922384891982
conditional-fit-0056,axis1_general,1089,0.0006086230113484758
conditional-fit-0056,axis1_general,1090,0.0239319442753416
conditional-fit-0056,axis1_general,1091,0.0005655015119312486
conditional-fit-0056,axis1_general,1092,0.00047391772460078597
conditional-fit-0056,axis1_general,1093,0.00010576999105529268
conditional-fit-0056,axis1_general,1094,0.00010211976853168408
conditional-fit-0056,axis1_general,1095,0.00017729809678302286
conditional-fit-0056,axis1_general,1096,1.690016476096779e-05
conditional-fit-0056,axis1_general,1097,5.00081101980455e-05
conditional-fit-0056,axis1_general,1098,0.0001373269334824379
conditional-fit-0056,axis1_general,1099,0.0460015075245917
conditional-fit-0056,axis1_general,1100,0.030024384634237317
conditional-fit-0056,axis1_general,1101,0.01922616069850791
conditional-fit-0056,axis1_general,1102,0.003665553269723936
conditional-fit-0056,axis1_general,1103,0.01142145222950186
conditional-fit-0056,axis1_general,1104,0.01623360568864986
conditional-fit-0056,axis1_general,1105,0.014848559193217752
conditional-fit-0056,axis1_general,1106,0.018793147279105152
conditional-fit-0056,axis1_general,1107,0.047146065345876786
conditional-fit-0056,axis1_general,1108,0.12730786751621134
conditional-fit-0056,axis1_general,1109,0.03846240943639089
conditional-fit-0056,axis1_general,1110,0.026771415864693695
conditional-fit-0056,axis1_general,1111,0.03788133983072451
conditional-fit-0056,axis1_general,1112,0.029936126856493835
conditional-fit-0056,axis1_general,1113,0.013268044583286669
conditional-fit-0056,axis1_general,1114,0.02931313593406965
conditional-fit-0056,axis1_general,1115,0.01999532891110597
conditional-fit-0056,axis1_general,1116,0.07530774784785417
conditional-fit-0056,axis1_general,1117,0.06145868208177413
conditional-fit-0056,axis1_general,1118,0.007097625414680677
conditional-fit-0056,axis1_general,1119,0.08022521991543155
conditional-fit-0056,axis1_general,1120,5.2220748143091415e-05
conditional-fit-0056,axis1_general,1121,0.00010667599686019203
conditional-fit-0056,axis1_general,1122,0.0030042989060793633
conditional-fit-0056,axis1_general,1123,0.00012030537247303746
conditional-fit-0056,axis1_general,1124,8.75267087143652e-05
conditional-fit-0056,axis1_general,1125,0.0002787499133141139
conditional-fit-0056,axis1_general,1126,4.940739196333429e-05
conditional-fit-0056,axis1_general,1127,1.2564960124400974e-05
conditional-fit-0056,axis1_general,1128,0.025276894323708294
conditional-fit-0056,axis1_general,1129,0.012243883952865568
conditional-fit-0056,axis1_general,1130,0.00890939887078921
conditional-fit-0056,axis1_general,1131,0.04623835286679739
conditional-fit-0056,axis1_general,1132,0.06672181999746946
conditional-fit-0056,axis1_general,1133,0.02895816997623199
conditional-fit-0056,axis1_general,1134,0.06342009716432827
conditional-fit-0056,axis1_general,1135,0.04571598609790211
conditional-fit-0056,axis1_general,1136,0.018944671826358082
conditional-fit-0056,axis1_general,1137,0.008929224118384406
conditional-fit-0056,axis1_general,1138,0.01512582487143184
conditional-fit-0056,axis1_general,1139,0.10917603643771695
conditional-fit-0056,axis1_general,1140,5.642689803907148e-05
conditional-fit-0056,axis1_general,1141,0.01435733900860521
conditional-fit-0056,axis1_general,1142,0.032279605740862936
conditional-fit-0056,axis1_general,1143,0.08105279994519171
conditional-fit-0056,axis1_general,1144,0.012999844334619672
conditional-fit-0056,axis1_general,1145,0.07712722192176007
conditional-fit-0056,axis1_general,1146,0.041527821649064725
conditional-fit-0056,axis1_general,1147,0.019699318535675043
conditional-fit-0056,axis1_general,1148,0.0024310374170720952
conditional-fit-0056,axis1_general,1149,0.022842624483717607
conditional-fit-0056,axis1_general,1150,0.04193834578368165
conditional-fit-0056,axis1_general,1151,0.01255258066612164
conditional-fit-0056,axis1_general,1152,0.03128716617367569
conditional-fit-0056,axis1_general,1153,0.002606626526522555
conditional-fit-0056,axis1_general,1154,9.869100375755035e-05
conditional-fit-0056,axis1_general,1155,7.478673827569532e-05
conditional-fit-0056,axis1_general,1156,0.0023548543583180506
conditional-fit-0056,axis1_general,1157,0.00024643259140263085
conditional-fit-0056,axis1_general,1158,5.5327004366340054e-05
conditional-fit-0056,axis1_general,1159,0.0004882581041936074
conditional-fit-0056,axis1_general,1160,5.850916059308848e-06
conditional-fit-0056,axis1_general,1161,8.61484391351975e-05
conditional-fit-0056,axis1_general,1162,5.033976381017447e-05
conditional-fit-0056,axis1_general,1163,0.01594533414689442
conditional-fit-0056,axis1_general,1164,0.09479983801924566
conditional-fit-0056,axis1_general,1165,0.030334425406197987
conditional-fit-0056,axis1_general,1166,0.018957960826514374
conditional-fit-0056,axis1_general,1167,0.020514137403451836
conditional-fit-0056,axis1_general,1168,0.0034990095435089904
conditional-fit-0056,axis1_general,1169,0.014967589074673104
conditional-fit-0056,axis1_general,1170,0.023612654247935683
conditional-fit-0056,axis1_general,1171,0.03850077918010234
conditional-fit-0056,axis1_general,1172,4.53673154840033e-05
conditional-fit-0056,axis1_general,1173,0.0013998444906196997
conditional-fit-0056,axis1_general,1174,0.002858547442496982
conditional-fit-0056,axis1_general,1175,0.00014543866100320515
conditional-fit-0056,axis1_general,1176,0.04467714488455042
conditional-fit-0056,axis1_general,1177,0.03940910475521424
conditional-fit-0056,axis1_general,1178,0.007574784086483785
conditional-fit-0056,axis1_general,1179,0.030552973610696636
conditional-fit-0056,axis1_general,1180,0.057810007742675744
conditional-fit-0056,axis1_general,1181,0.019158270435580146
conditional-fit-0056,axis1_general,1182,0.009375223594781407
conditional-fit-0056,axis1_general,1183,0.004301750395476881
conditional-fit-0056,axis1_general,1184,0.001107407982931238
conditional-fit-0056,axis1_general,1185,0.0013697449963965523
conditional-fit-0056,axis1_general,1186,0.01251867583724237
conditional-fit-0056,axis1_general,1187,0.0001452541068114085
conditional-fit-0056,axis1_general,1188,3.1360568863953676e-05
conditional-fit-0056,axis1_general,1189,0.001379073810709495
conditional-fit-0056,axis1_general,1190,0.000233780837144126
conditional-fit-0056,axis1_general,1191,3.376718986536644e-05
conditional-fit-0056,axis1_general,1192,5.179674902529112e-05
conditional-fit-0056,axis1_general,1193,1.7971579840097033e-05
conditional-fit-0056,axis1_general,1194,0.00014358266374956275
conditional-fit-0056,axis1_general,1195,0.003700111200803262
conditional-fit-0056,axis1_general,1196,0.03526604212222157
conditional-fit-0056,axis1_general,1197,0.031337030267128946
conditional-fit-0056,axis1_general,1198,0.029965161637258597
conditional-fit-0056,axis1_general,1199,0.001402263079638158
conditional-fit-0056,axis1_general,1200,0.03188467428898008
conditional-fit-0056,axis1_general,1201,0.011917668859292345
conditional-fit-0056,axis1_general,1202,0.01574471087800622
conditional-fit-0056,axis1_general,1203,0.024198858141764173
conditional-fit-0056,axis1_general,1204,0.004957910237449733
conditional-fit-0056,axis1_general,1205,0.02656395825579417
conditional-fit-0056,axis1_general,1206,0.0026782206716076595
conditional-fit-0056,axis1_general,1207,0.08234693566798829
conditional-fit-0056,axis1_general,1208,0.014223476578154957
conditional-fit-0056,axis1_general,1209,0.023126138528916502
conditional-fit-0056,axis1_general,1210,0.017733939039009584
conditional-fit-0056,axis1_general,1211,0.10746470226486714
conditional-fit-0056,axis1_general,1212,0.031869426468340234
conditional-fit-0056,axis1_general,1213,0.12393879667595878
conditional-fit-0056,axis1_general,1214,0.07055999871105706
conditional-fit-0056,axis1_general,1215,0.050395289437580044
conditional-fit-0056,axis1_general,1216,0.02358944220493342
conditional-fit-0056,axis1_general,1217,0.06661861195873353
conditional-fit-0056,axis1_general,1218,0.1292933410451596
conditional-fit-0056,axis1_general,1219,0.0279458958025329
conditional-fit-0056,axis1_general,1220,0.030884685667337985
conditional-fit-0056,axis1_general,1221,0.07821633974164008
conditional-fit-0056,axis1_general,1222,0.0844788198792117
conditional-fit-0056,axis1_general,1223,0.13717553023394835
conditional-fit-0056,axis1_general,1224,0.042384012608916465
conditional-fit-0056,axis1_general,1225,0.01827761727141703
conditional-fit-0056,axis1_general,1226,0.020087809102680272
conditional-fit-0056,axis1_general,1227,0.06665194005528732
conditional-fit-0056,axis1_general,1228,0.0937600590712621
conditional-fit-0056,axis1_general,1229,0.01473084131226574
conditional-fit-0056,axis1_general,1230,0.01572164550725975
conditional-fit-0056,axis1_general,1231,0.04283835895488239
conditional-fit-0056,axis1_general,1232,0.01572254988170876
conditional-fit-0056,axis1_general,1233,0.017007894462968187
conditional-fit-0056,axis1_general,1234,0.014241114091765344
conditional-fit-0056,axis1_general,1235,0.06786762783312528
conditional-fit-0056,axis1_general,1236,0.08569247714487521
conditional-fit-0056,axis1_general,1237,0.034800161521292824
conditional-fit-0056,axis1_general,1238,0.02173917512652518
conditional-fit-0056,axis1_general,1239,0.12318443812722228
conditional-fit-0056,axis1_general,1240,0.033791303283246185
conditional-fit-0056,axis1_general,1241,0.04636983311005307
conditional-fit-0056,axis1_general,1242,0.02492101882436045
conditional-fit-0056,axis1_general,1243,0.012751826616198184
conditional-fit-0056,axis1_general,1244,0.034209775991263625
conditional-fit-0056,axis1_general,1245,0.012030085019641115
conditional-fit-0056,axis1_general,1246,0.0027637035085701193
conditional-fit-0056,axis1_general,1247,0.020576855991451374
conditional-fit-0056,axis1_general,1248,0.00028707693179380025
conditional-fit-0056,axis1_general,1249,0.03598481264350444
conditional-fit-0056,axis1_general,1250,0.002265302397450783
conditional-fit-0056,axis1_general,1251,0.0049125122036828076
conditional-fit-0056,axis1_general,1252,0.017540988970280256
conditional-fit-0056,axis1_general,1253,0.00010598391278062895
conditional-fit-0056,axis1_general,1254,0.00011343476077638044
conditional-fit-0056,axis1_general,1255,0.001153182195759704
conditional-fit-0056,axis1_general,1256,0.0012328081369065453
conditional-fit-0056,axis1_general,1257,0.03941118497380695
conditional-fit-0056,axis1_general,1258,0.005667309715249576
conditional-fit-0056,axis1_general,1259,0.03932981118886772
conditional-fit-0056,axis1_general,1260,0.0002188060455756864
conditional-fit-0056,axis1_general,1261,0.002004487390245615
conditional-fit-0056,axis1_general,1262,0.012010827544555376
conditional-fit-0056,axis1_general,1263,0.0162326664328834
conditional-fit-0056,axis1_general,1264,0.013252774442874093
conditional-fit-0056,axis1_general,1265,0.003801785487791424
conditional-fit-0056,axis1_general,1266,8.196194687135034e-05
conditional-fit-0056,axis1_general,1267,0.04657735724246266
conditional-fit-0056,axis1_general,1268,0.010541846624514592
conditional-fit-0056,axis1_general,1269,0.00036351518548634505
conditional-fit-0056,axis1_general,1270,0.045490703406027
conditional-fit-0056,axis1_general,1271,0.027109081203898613
conditional-fit-0056,axis1_general,1272,0.07389398415225895
conditional-fit-0056,axis1_general,1273,0.11609304748065666
conditional-fit-0056,axis1_general,1274,0.021928407658237323
conditional-fit-0056,axis1_general,1275,0.011602708288445094
conditional-fit-0056,axis1_general,1276,0.0017299392667877618
conditional-fit-0056,axis1_general,1277,0.0017353762592268141
conditional-fit-0056,axis1_general,1278,0.0056894030078236775
conditional-fit-0056,axis1_general,1279,0.019765624269866472
conditional-fit-0056,axis1_general,1280,4.488017708417385e-05
conditional-fit-0056,axis1_general,1281,0.0014140890091018004
conditional-fit-0056,axis1_general,1282,0.005819653301804815
conditional-fit-0056,axis1_general,1283,0.00027163686789454883
conditional-fit-0056,axis1_general,1284,0.011880734311950435
conditional-fit-0056,axis1_general,1285,0.0012844740693849891
conditional-fit-0056,axis1_general,1286,0.00019293824357428634
conditional-fit-0056,axis1_general,1287,0.0047082006111944
conditional-fit-0056,axis1_general,1288,0.04152190852330413
conditional-fit-0056,axis1_general,1289,0.0407717755092663
conditional-fit-0056,axis1_general,1290,0.03608434318712382
conditional-fit-0056,axis1_general,1291,0.0145117882080549
conditional-fit-0056,axis1_general,1292,0.02369513153304574
conditional-fit-0056,axis1_general,1293,0.028070331751709934
conditional-fit-0056,axis1_general,1294,0.022165935213030348
conditional-fit-0056,axis1_general,1295,0.007764197550406617
conditional-fit-0056,axis1_general,1296,0.028642997195580718
conditional-fit-0056,axis1_general,1297,0.005951405933157761
conditional-fit-0056,axis1_general,1298,0.025430280368249777
conditional-fit-0056,axis1_general,1299,0.01119788645939486
conditional-fit-0056,axis1_general,1300,0.006467863918550909
conditional-fit-0056,axis1_general,1301,0.00010022881228604873
conditional-fit-0056,axis1_general,1302,0.0009618832950436613
conditional-fit-0056,axis1_general,1303,6.087725265159553e-05
conditional-fit-0056,axis1_general,1304,0.001159040710060337
conditional-fit-0056,axis1_general,1305,0.009378800353993074
conditional-fit-0056,axis1_general,1306,0.004734027854283753
conditional-fit-0056,axis1_general,1307,0.03777698615703951
conditional-fit-0056,axis1_general,1308,0.0012513799044063863
conditional-fit-0056,axis1_general,1309,0.00883413687118001
conditional-fit-0056,axis1_general,1310,0.001997866040327697
conditional-fit-0056,axis1_general,1311,0.017512842548827054
conditional-fit-0056,axis1_general,1312,0.016972237751001748
conditional-fit-0056,axis1_general,1313,0.04353570856936205
conditional-fit-0056,axis1_general,1314,8.045528566692596e-05
conditional-fit-0056,axis1_general,1315,0.003433570101544405
conditional-fit-0056,axis1_general,1316,0.0001286240229235272
conditional-fit-0056,axis1_general,1317,4.9001005562271916e-05
conditional-fit-0056,axis1_general,1318,0.0007127826466850658
conditional-fit-0056,axis1_general,1319,0.00039912839906104826
conditional-fit-0056,axis1_general,1320,0.0005400783053082932
conditional-fit-0056,axis1_general,1321,8.266914191517974e-05
conditional-fit-0056,axis1_general,1322,0.00037604283786194886
conditional-fit-0056,axis1_general,1323,9.589768697735679e-06
conditional-fit-0056,axis1_general,1324,4.2213681205305614e-05
conditional-fit-0056,axis1_general,1325,0.0005395683023671791
conditional-fit-0056,axis1_general,1326,0.00021831988762585912
conditional-fit-0056,axis1_general,1327,8.717268841393157e-05
conditional-fit-0056,axis1_general,1328,0.0002820438189678932
conditional-fit-0056,axis1_general,1329,4.538387611740273e-05
conditional-fit-0056,axis1_general,1330,0.018923832524726472
conditional-fit-0056,axis1_general,1331,0.00042469179571151506
conditional-fit-0056,axis1_general,1332,0.0004915962027845751
conditional-fit-0056,axis1_general,1333,0.03070395252113056
conditional-fit-0056,axis1_general,1334,0.033653089265426324
conditional-fit-0056,axis1_general,1335,0.055510985913281186
conditional-fit-0056,axis1_general,1336,0.25588441160020203
conditional-fit-0056,axis1_general,1337,0.004966555750665137
conditional-fit-0056,axis1_general,1338,0.013215057016080486
conditional-fit-0056,axis1_general,1339,0.06588547612319243
conditional-fit-0056,axis1_general,1340,0.0005755035059620869
conditional-fit-0056,axis1_general,1341,0.016935437308410267
conditional-fit-0056,axis1_general,1342,0.015766789795432775
conditional-fit-0056,axis1_general,1343,0.0013654109442020406
conditional-fit-0056,axis1_general,1344,0.00024607733832447687
conditional-fit-0056,axis1_general,1345,0.0025230327659570076
conditional-fit-0056,axis1_general,1346,0.020489744247368435
conditional-fit-0056,axis1_general,1347,0.045396815341290156
conditional-fit-0056,axis1_general,1348,0.02139702910532776
conditional-fit-0056,axis1_general,1349,0.023478830350405572
conditional-fit-0056,axis1_general,1350,0.02067675040219099
conditional-fit-0056,axis1_general,1351,0.004439432998959169
conditional-fit-0056,axis1_general,1352,0.004127834702403726
conditional-fit-0056,axis1_general,1353,0.007497068873320564
conditional-fit-0056,axis1_general,1354,0.0399797773200278
conditional-fit-0056,axis1_general,1355,0.0016995896345927601
conditional-fit-0056,axis1_general,1356,0.006409508462991326
conditional-fit-0056,axis1_general,1357,0.0003109555090655042
conditional-fit-0056,axis1_general,1358,0.00045262216621610345
conditional-fit-0056,axis1_general,1359,0.00024885082766070967
conditional-fit-0056,axis1_general,1360,6.833953395392949e-05
conditional-fit-0056,axis1_general,1361,0.00018042694529152824
conditional-fit-0056,axis1_general,1362,0.0029617250524670187
conditional-fit-0056,axis1_general,1363,0.04483343254477592
conditional-fit-0056,axis1_general,1364,0.02045386255875666
conditional-fit-0056,axis1_general,1365,0.041810701697124905
conditional-fit-0056,axis1_general,1366,0.017039260331089455
conditional-fit-0056,axis1_general,1367,0.05584873355784536
conditional-fit-0056,axis1_general,1368,0.0024614009917841746
conditional-fit-0056,axis1_general,1369,0.0008368110060054036
conditional-fit-0056,axis1_general,1370,0.021047467449326743
conditional-fit-0056,axis1_general,1371,0.015666355830457373
conditional-fit-0056,axis1_general,1372,0.003716912129409916
conditional-fit-0056,axis1_general,1373,0.015229656016773521
conditional-fit-0056,axis1_general,1374,0.004824282970446139
conditional-fit-0056,axis1_general,1375,0.002857162590256239
conditional-fit-0056,axis1_general,1376,0.0016926741936913233
conditional-fit-0056,axis1_general,1377,0.002499729000000386
conditional-fit-0056,axis1_general,1378,0.0007189009675516736
conditional-fit-0056,axis1_general,1379,3.3399657722384704e-05
conditional-fit-0056,axis1_general,1380,3.403178431236667e-05
conditional-fit-0056,axis1_general,1381,0.002706158233234718
conditional-fit-0056,axis1_general,1382,0.029875513900203526
conditional-fit-0056,axis1_general,1383,0.043435025995360865
conditional-fit-0056,axis1_general,1384,0.1198400428369763
conditional-fit-0056,axis1_general,1385,0.0007528800482699653
conditional-fit-0056,axis1_general,1386,0.04123344956206916
conditional-fit-0056,axis1_general,1387,0.034482320561645824
conditional-fit-0056,axis1_general,1388,0.09669261313430944
conditional-fit-0056,axis1_general,1389,0.45221099498054795
conditional-fit-0056,axis1_general,1390,6.112640130706554e-05
conditional-fit-0056,axis1_general,1391,4.4053966743204484e-05
conditional-fit-0056,axis1_general,1392,0.000363982136035453
conditional-fit-0056,axis1_general,1393,0.02353999691542479
conditional-fit-0056,axis1_general,1394,0.0001585894478651629
conditional-fit-0056,axis1_general,1395,0.0005631218526010634
conditional-fit-0056,axis1_general,1396,0.019821737368204275
conditional-fit-0056,axis1_general,1397,0.00612481864335019
conditional-fit-0056,axis1_general,1398,0.00072827416106577
conditional-fit-0056,axis1_general,1399,1.886075110742281e-05
conditional-fit-0056,axis1_general,1400,0.003887963258582039
conditional-fit-0056,axis1_general,1401,0.0030818281998917403
conditional-fit-0056,axis1_general,1402,0.0031302569703250413
conditional-fit-0056,axis1_general,1403,0.0007308508198450206
conditional-fit-0056,axis1_general,1404,0.0205534176947891
conditional-fit-0056,axis1_general,1405,0.033178875583779195
conditional-fit-0056,axis1_general,1406,0.050718986322618204
conditional-fit-0056,axis1_general,1407,0.06502987935854229
conditional-fit-0056,axis1_general,1408,0.01812333002675138
conditional-fit-0056,axis1_general,1409,0.0009011008451209634
conditional-fit-0056,axis1_general,1410,0.0005372869618860003
conditional-fit-0056,axis1_general,1411,0.01622311717871741
conditional-fit-0056,axis1_general,1412,0.054728987526957956
conditional-fit-0056,axis1_general,1413,0.0007135166182873574
conditional-fit-0056,axis1_general,1414,0.011171215274823586
conditional-fit-0056,axis1_general,1415,0.06887449229716143
conditional-fit-0056,axis1_general,1416,0.04724763800459438
conditional-fit-0056,axis1_general,1417,0.04814524374342694
conditional-fit-0056,axis1_general,1418,3.243848362165866e-05
conditional-fit-0056,axis1_general,1419,8.615445277335863e-06
conditional-fit-0056,axis1_general,1420,0.00016735297412620988
conditional-fit-0056,axis1_general,1421,0.0492906540744911
conditional-fit-0056,axis1_general,1422,0.0003409031880929397
conditional-fit-0056,axis1_general,1423,0.002271825022079916
conditional-fit-0056,axis1_general,1424,0.003241590591128049
conditional-fit-0056,axis1_general,1425,0.007893101138644908
conditional-fit-0056,axis1_general,1426,0.0015033862972407713
conditional-fit-0056,axis1_general,1427,0.00011776146210887257
conditional-fit-0056,axis1_general,1428,4.1966006747296784e-05
conditional-fit-0056,axis1_general,1429,6.20659727679407e-05
conditional-fit-0056,axis1_general,1430,0.03880950151497769
conditional-fit-0056,axis1_general,1431,0.0106409997047367
conditional-fit-0056,axis1_general,1432,0.004086885742502256
conditional-fit-0056,axis1_general,1433,0.055784863993452796
conditional-fit-0056,axis1_general,1434,0.03137291619048592
conditional-fit-0056,axis1_general,1435,0.01940522160603269
conditional-fit-0056,axis1_general,1436,0.03712524224267093
conditional-fit-0056,axis1_general,1437,0.04016349431804056
conditional-fit-0056,axis1_general,1438,0.04797431532430316
conditional-fit-0056,axis1_general,1439,0.07285549505338651
conditional-fit-0056,axis1_general,1440,0.006363143243852489
conditional-fit-0056,axis1_general,1441,0.004474566781487549
conditional-fit-0056,axis1_general,1442,0.0350839978712199
conditional-fit-0056,axis1_general,1443,0.0034168580260460738
conditional-fit-0056,axis1_general,1444,0.007245290848877491
conditional-fit-0056,axis1_general,1445,0.0025663443504979934
conditional-fit-0056,axis1_general,1446,0.0005739387108340916
conditional-fit-0056,axis1_general,1447,4.928972751196593e-05
conditional-fit-0056,axis1_general,1448,0.0061655092521283525
conditional-fit-0056,axis1_general,1449,0.007685166147019754
conditional-fit-0056,axis1_general,1450,0.03516134262589295
conditional-fit-0056,axis1_general,1451,6.141635648077732e-05
conditional-fit-0056,axis1_general,1452,0.02123120027893084
conditional-fit-0056,axis1_general,1453,0.18466390336049063
conditional-fit-0056,axis1_general,1454,0.0014025851079302698
conditional-fit-0056,axis1_general,1455,0.011581768826469389
conditional-fit-0056,axis1_general,1456,0.08504436115333416
conditional-fit-0056,axis1_general,1457,0.03425247979128522
conditional-fit-0056,axis1_general,1458,0.005660179319124591
conditional-fit-0056,axis1_general,1459,0.004646819066031382
conditional-fit-0056,axis1_general,1460,0.011711997199622608
conditional-fit-0056,axis1_general,1461,0.04690090926839688
conditional-fit-0056,axis1_general,1462,0.04856869126671641
conditional-fit-0056,axis1_general,1463,0.02109620739800156
conditional-fit-0056,axis1_general,1464,0.024964754845339665
conditional-fit-0056,axis1_general,1465,0.013520752381135107
conditional-fit-0056,axis1_general,1466,0.03346939919271204
conditional-fit-0056,axis1_general,1467,0.037864451988855484
conditional-fit-0056,axis1_general,1468,0.028484872014871307
conditional-fit-0056,axis1_general,1469,0.039505814440000876
conditional-fit-0056,axis1_general,1470,0.009819788308870625
conditional-fit-0056,axis1_general,1471,0.001151720036196993
conditional-fit-0056,axis1_general,1472,4.1085956886806015e-06
conditional-fit-0056,axis1_general,1473,0.012573693371026042
conditional-fit-0056,axis1_general,1474,0.0025945992254719254
conditional-fit-0056,axis1_general,1475,0.007183704462031241
conditional-fit-0056,axis1_general,1476,0.009085573599235354
conditional-fit-0056,axis1_general,1477,0.0227672492974486
conditional-fit-0056,axis1_general,1478,0.0006784065871861948
conditional-fit-0056,axis1_general,1479,0.00519291947335563
conditional-fit-0056,axis1_general,1480,0.05359468279771501
conditional-fit-0056,axis1_general,1481,0.0012102917071131092
conditional-fit-0056,axis1_general,1482,0.003822425478154135
conditional-fit-0056,axis1_general,1483,0.006066457310241765
conditional-fit-0056,axis1_general,1484,0.006997408200762396
conditional-fit-0056,axis1_general,1485,0.00010048465780386527
conditional-fit-0056,axis1_general,1486,0.023804548230389716
conditional-fit-0056,axis1_general,1487,0.037653572039811796
conditional-fit-0056,axis1_general,1488,0.038678156906912474
conditional-fit-0056,axis1_general,1489,0.017899480758179678
conditional-fit-0056,axis1_general,1490,0.05405568172894938
conditional-fit-0056,axis1_general,1491,0.016166335230573065
conditional-fit-0056,axis1_general,1492,0.008761256509754897
conditional-fit-0056,axis1_general,1493,0.0003347327606337348
conditional-fit-0056,axis1_general,1494,0.01659397278377293
conditional-fit-0056,axis1_general,1495,0.029994757984438434
conditional-fit-0056,axis1_general,1496,0.015323827555288619
conditional-fit-0056,axis1_general,1497,0.01428831310647627
conditional-fit-0056,axis1_general,1498,0.0003190662132437516
conditional-fit-0056,axis1_general,1499,0.0030549772024332164
conditional-fit-0056,axis1_general,1500,0.003886837698092005
conditional-fit-0056,axis1_general,1501,0.03200284094116608
conditional-fit-0056,axis1_general,1502,0.10991660661495149
conditional-fit-0056,axis1_general,1503,0.06650910353743635
conditional-fit-0056,axis1_general,1504,0.12359326673012881
conditional-fit-0056,axis1_general,1505,0.021220963724726552
conditional-fit-0056,axis1_general,1506,0.004883942781950529
conditional-fit-0056,axis1_general,1507,0.001047553527083005
conditional-fit-0056,axis1_general,1508,0.00018071189495561134
conditional-fit-0056,axis1_general,1509,0.020376858983245087
conditional-fit-0056,axis1_general,1510,0.0001683119385479964
conditional-fit-0056,axis1_general,1511,2.711343026304989e-05
conditional-fit-0056,axis1_general,1512,7.138830213687936e-05
conditional-fit-0056,axis1_general,1513,1.778572003970473e-05
conditional-fit-0056,axis1_general,1514,0.002347507510878917
conditional-fit-0056,axis1_general,1515,0.0008851822528997367
conditional-fit-0056,axis1_general,1516,0.0073347078240167
conditional-fit-0056,axis1_general,1517,0.012151505157637615
conditional-fit-0056,axis1_general,1518,1.646573204767681e-05
conditional-fit-0056,axis1_general,1519,0.000692267524234571
conditional-fit-0056,axis1_general,1520,0.003366276016784157
conditional-fit-0056,axis1_general,1521,0.00020702919582241467
conditional-fit-0056,axis1_general,1522,0.01012986078068461
conditional-fit-0056,axis1_general,1523,0.016821573180728532
conditional-fit-0056,axis1_general,1524,0.02648181246965394
conditional-fit-0056,axis1_general,1525,0.06929789662721245
conditional-fit-0056,axis1_general,1526,0.0009009375230729311
conditional-fit-0056,axis1_general,1527,0.014081975993961389
conditional-fit-0056,axis1_general,1528,0.019689254737083342
conditional-fit-0056,axis1_general,1529,0.06673936809240422
conditional-fit-0056,axis1_general,1530,0.018889069708066527
conditional-fit-0056,axis1_general,1531,0.007261208424060839
conditional-fit-0056,axis1_general,1532,0.0019555409695912024
conditional-fit-0056,axis1_general,1533,0.00913781716258412
conditional-fit-0056,axis1_general,1534,0.00014018394458033037
conditional-fit-0056,axis1_general,1535,2.101024909373133e-05
conditional-fit-0056,axis1_general,1536,9.04185894506208e-06
conditional-fit-0056,axis1_general,1537,0.002859562465361728
conditional-fit-0056,axis1_general,1538,0.020522466551256557
conditional-fit-0056,axis1_general,1539,0.015957858528529767
conditional-fit-0056,axis1_general,1540,0.014185170452656999
conditional-fit-0056,axis1_general,1541,0.040340921453622405
conditional-fit-0056,axis1_general,1542,0.021348747505093323
conditional-fit-0056,axis1_general,1543,0.0701200919020189
conditional-fit-0056,axis1_general,1544,4.044593475670635e-05
conditional-fit-0056,axis1_general,1545,0.003005164760809838
conditional-fit-0056,axis1_general,1546,0.029343166530504634
conditional-fit-0056,axis1_general,1547,0.027166108110360614
conditional-fit-0056,axis1_general,1548,0.013033243827764267
conditional-fit-0056,axis1_general,1549,0.05100315632902343
conditional-fit-0056,axis1_general,1550,0.0015396961966834943
conditional-fit-0056,axis1_general,1551,0.014908696697020739
conditional-fit-0056,axis1_general,1552,0.0003843291658334577
conditional-fit-0056,axis1_general,1553,0.0010577264516627247
conditional-fit-0056,axis1_general,1554,7.235584932415738e-05
conditional-fit-0056,axis1_general,1555,6.028209884607343e-05
conditional-fit-0056,axis1_general,1556,0.0001249408069297776
conditional-fit-0056,axis1_general,1557,6.085909270972661e-05
conditional-fit-0056,axis1_general,1558,0.0008934320997492456
conditional-fit-0056,axis1_general,1559,1.154622775420141e-05
conditional-fit-0056,axis1_general,1560,7.185393806013776e-05
conditional-fit-0056,axis1_general,1561,0.020421512221965525
conditional-fit-0056,axis1_general,1562,0.015317874200263525
conditional-fit-0056,axis1_general,1563,0.07016301817195464
conditional-fit-0056,axis1_general,1564,0.0009890711805736875
conditional-fit-0056,axis1_general,1565,0.002501553337656868
conditional-fit-0056,axis1_general,1566,0.021825082225089904
conditional-fit-0056,axis1_general,1567,0.012983937186468297
conditional-fit-0056,axis1_general,1568,0.0013124970437126304
conditional-fit-0056,axis1_general,1569,0.022917517046664185
conditional-fit-0056,axis1_general,1570,0.008219834544237328
conditional-fit-0056,axis1_general,1571,0.030159904633904853
conditional-fit-0056,axis1_general,1572,0.0034262084728522144
conditional-fit-0056,axis1_general,1573,0.009909334202693642
conditional-fit-0056,axis1_general,1574,0.0352156234945583
conditional-fit-0056,axis1_general,1575,0.19101269577003518
conditional-fit-0056,axis1_general,1576,0.10253998774151946
conditional-fit-0056,axis1_general,1577,0.05861049758255438
conditional-fit-0056,axis1_general,1578,0.0010900403503047637
conditional-fit-0056,axis1_general,1579,0.04612003280482317
conditional-fit-0056,axis1_general,1580,0.035049026773770295
conditional-fit-0056,axis1_general,1581,0.021212220656966114
conditional-fit-0056,axis1_general,1582,0.0048332642800362185
conditional-fit-0056,axis1_general,1583,0.08018700781764995
conditional-fit-0056,axis1_general,1584,0.001053626701209265
conditional-fit-0056,axis1_general,1585,0.00039627738511959117
conditional-fit-0056,axis1_general,1586,0.0017237426803182118
conditional-fit-0056,axis1_general,1587,0.011914944230500947
conditional-fit-0056,axis1_general,1588,7.58125775084983e-05
conditional-fit-0056,axis1_general,1589,2.188811009682456e-05
conditional-fit-0056,axis1_general,1590,3.568636548983826e-05
conditional-fit-0056,axis1_general,1591,7.465813832257747e-05
conditional-fit-0056,axis1_general,1592,1.0419497180809834e-05
conditional-fit-0056,axis1_general,1593,6.377435511015872e-06
conditional-fit-0056,axis1_general,1594,0.0007838904906871062
conditional-fit-0056,axis1_general,1595,0.004097446655158592
conditional-fit-0056,axis1_general,1596,0.03445127713542622
conditional-fit-0056,axis1_general,1597,0.030929996655932233
conditional-fit-0056,axis1_general,1598,0.0004060711811608971
conditional-fit-0056,axis1_general,1599,0.0419402862139944
conditional-fit-0056,axis1_general,1600,0.05661143764303638
conditional-fit-0056,axis1_general,1601,0.03556179527688926
conditional-fit-0056,axis1_general,1602,0.00011522769554781414
conditional-fit-0056,axis1_general,1603,0.024788627390945082
conditional-fit-0056,axis1_general,1604,0.020427262272735055
conditional-fit-0056,axis1_general,1605,0.0048459792748579335
conditional-fit-0056,axis1_general,1606,0.021951437085405513
conditional-fit-0056,axis1_general,1607,0.0033736668547314557
conditional-fit-0056,axis1_general,1608,5.145934560767533e-06
conditional-fit-0056,axis1_general,1609,0.0016115070738064459
conditional-fit-0056,axis1_general,1610,0.0006866937664531604
conditional-fit-0056,axis1_general,1611,0.0001455012875748806
conditional-fit-0056,axis1_general,1612,0.0023024560869756455
conditional-fit-0056,axis1_general,1613,0.0007802312274627539
conditional-fit-0056,axis1_general,1614,0.010730780781409242
conditional-fit-0056,axis1_general,1615,0.00039819089874478767
conditional-fit-0056,axis1_general,1616,0.00031083170171529765
conditional-fit-0056,axis1_general,1617,0.00038552476244388726
conditional-fit-0056,axis1_general,1618,1.5283824270030668e-05
conditional-fit-0056,axis1_general,1619,7.69568701596834e-06
conditional-fit-0056,axis1_general,1620,5.447485809189817e-05
conditional-fit-0056,axis1_general,1621,0.013228056786293043
conditional-fit-0056,axis1_general,1622,0.00583883077038292
conditional-fit-0056,axis1_general,1623,0.0013302294600704696
conditional-fit-0056,axis1_general,1624,1.1193068243782573e-05
conditional-fit-0056,axis1_general,1625,0.0014206928303212938
conditional-fit-0056,axis1_general,1626,0.016904156545011928
conditional-fit-0056,axis1_general,1627,0.03070328514567286
conditional-fit-0056,axis1_general,1628,0.006765230828222087
conditional-fit-0056,axis1_general,1629,0.006715941791683013
conditional-fit-0056,axis1_general,1630,1.1231924648247808e-05
conditional-fit-0056,axis1_general,1631,4.336392274997407e-05
conditional-fit-0056,axis1_general,1632,2.4344503471118453e-05
conditional-fit-0056,axis1_general,1633,0.0004670738486071634
conditional-fit-0056,axis1_general,1634,5.865371184919558e-06
conditional-fit-0056,axis1_general,1635,4.084846799042254e-05
conditional-fit-0056,axis1_general,1636,4.3625987195273746e-05
conditional-fit-0056,axis1_general,1637,0.0018856426269424314
conditional-fit-0056,axis1_general,1638,0.002754185181069873
conditional-fit-0056,axis1_general,1639,0.006300178853041499
conditional-fit-0056,axis1_general,1640,0.00017514468021238345
conditional-fit-0056,axis1_general,1641,0.01627930131338813
conditional-fit-0056,axis1_general,1642,0.00017750658225528708
conditional-fit-0056,axis1_general,1643,0.0028093411275005257
conditional-fit-0056,axis1_general,1644,0.021203059061739582
conditional-fit-0056,axis1_general,1645,0.026481998788381866
conditional-fit-0056,axis1_general,1646,0.01301229774344275
conditional-fit-0056,axis1_general,1647,0.0025256699399891806
conditional-fit-0056,axis1_general,1648,0.0019363822961490189
conditional-fit-0056,axis1_general,1649,0.023060640892737166
conditional-fit-0056,axis1_general,1650,0.01701982773733407
conditional-fit-0056,axis1_general,1651,0.023949646237105517
conditional-fit-0056,axis1_general,1652,0.002744123593578968
conditional-fit-0056,axis1_general,1653,0.019776571090402255
conditional-fit-0056,axis1_general,1654,0.01024210516178635
conditional-fit-0056,axis1_general,1655,0.02726315574753291
conditional-fit-0056,axis1_general,1656,0.0055744144403395614
conditional-fit-0056,axis1_general,1657,0.011413899907990212
conditional-fit-0056,axis1_general,1658,0.04753439336610599
conditional-fit-0056,axis1_general,1659,0.002193660257577011
conditional-fit-0056,axis1_general,1660,0.021247803647188458
conditional-fit-0056,axis1_general,1661,0.0007118875773554148
conditional-fit-0056,axis1_general,1662,0.0002762029265944698
conditional-fit-0056,axis1_general,1663,9.345441697764697e-05
conditional-fit-0056,axis1_general,1664,0.0017661132573865267
conditional-fit-0056,axis1_general,1665,5.921028361933401e-05
conditional-fit-0056,axis1_general,1666,5.0740002699481645e-06
conditional-fit-0056,axis1_general,1667,0.00985172605245313
conditional-fit-0056,axis1_general,1668,0.04133997269355259
conditional-fit-0056,axis1_general,1669,0.09118760733788232
conditional-fit-0056,axis1_general,1670,0.03928513887093433
conditional-fit-0056,axis1_general,1671,0.009599028142073213
conditional-fit-0056,axis1_general,1672,0.004037968897681592
conditional-fit-0056,axis1_general,1673,0.00021103951721762116
conditional-fit-0056,axis1_general,1674,0.00010328449075296459
conditional-fit-0056,axis1_general,1675,0.016446239383278757
conditional-fit-0056,axis1_general,1676,0.022512984270944156
conditional-fit-0056,axis1_general,1677,0.010379844005203228
conditional-fit-0056,axis1_general,1678,0.02873279474932615
conditional-fit-0056,axis1_general,1679,0.05597836393174045
conditional-fit-0056,axis1_general,1680,0.022699435328087353
conditional-fit-0056,axis1_general,1681,0.01478278350229482
conditional-fit-0056,axis1_general,1682,0.020806466050652637
conditional-fit-0056,axis1_general,1683,0.010966119198448582
conditional-fit-0056,axis1_general,1684,0.0028285164683077503
conditional-fit-0056,axis1_general,1685,1.5922022139017014e-06
conditional-fit-0056,axis1_general,1686,0.003848563714429947
conditional-fit-0056,axis1_general,1687,0.000996314922882902
conditional-fit-0056,axis1_general,1688,0.00660687831588702
conditional-fit-0056,axis1_general,1689,0.022150657505871085
conditional-fit-0056,axis1_general,1690,0.0006670404366562219
conditional-fit-0056,axis1_general,1691,0.005903698347482623
conditional-fit-0056,axis1_general,1692,0.0021472635829337607
conditional-fit-0056,axis1_general,1693,6.687460126944943e-05
conditional-fit-0056,axis1_general,1694,1.6854652671149004e-05
conditional-fit-0056,axis1_general,1695,0.0022987613883208567
conditional-fit-0056,axis1_general,1696,3.920569016592064e-06
conditional-fit-0056,axis1_general,1697,4.0279890296206046e-05
conditional-fit-0056,axis1_general,1698,0.0001815306971793436
conditional-fit-0056,axis1_general,1699,0.015834510826013344
conditional-fit-0056,axis1_general,1700,0.0005058677466926793
conditional-fit-0056,axis1_general,1701,0.015433217177398054
conditional-fit-0056,axis1_general,1702,0.007521285268627398
conditional-fit-0056,axis1_general,1703,0.01116553591102447
conditional-fit-0056,axis1_general,1704,0.021179413830623522
conditional-fit-0056,axis1_general,1705,0.001973463207173288
conditional-fit-0056,axis1_general,1706,2.7279028298503387e-05
conditional-fit-0056,axis1_general,1707,0.0008247865754449646
conditional-fit-0056,axis1_general,1708,0.0018848294971116884
conditional-fit-0056,axis1_general,1709,0.00392068981787212
conditional-fit-0056,axis1_general,1710,0.012655978309055111
conditional-fit-0056,axis1_general,1711,0.00048126419560760126
conditional-fit-0056,axis1_general,1712,0.0005660366980757856
conditional-fit-0056,axis1_general,1713,6.4298784271971035e-06
conditional-fit-0056,axis1_general,1714,0.03769429661086908
conditional-fit-0056,axis1_general,1715,2.5578955893494714e-05
conditional-fit-0056,axis1_general,1716,2.8296971940164854e-05
conditional-fit-0056,axis1_general,1717,4.991360192870822e-05
conditional-fit-0056,axis1_general,1718,0.005828299868690004
conditional-fit-0056,axis1_general,1719,0.016370899351010174
conditional-fit-0056,axis1_general,1720,0.01142294508907492
conditional-fit-0056,axis1_general,1721,0.06320896258957481
conditional-fit-0056,axis1_general,1722,0.037196590271909614
conditional-fit-0056,axis1_general,1723,0.01805861417552732
conditional-fit-0056,axis1_general,1724,0.012738902636630668
conditional-fit-0056,axis1_general,1725,0.010022119173687498
conditional-fit-0056,axis1_general,1726,0.008846423604994642
conditional-fit-0056,axis1_general,1727,0.006676645211290355
conditional-fit-0056,axis1_general,1728,0.017198039700330483
conditional-fit-0056,axis1_general,1729,0.002475042337036385
conditional-fit-0056,axis1_general,1730,0.035679142741908046
conditional-fit-0056,axis1_general,1731,0.01513676358841046
conditional-fit-0056,axis1_general,1732,0.022676858983818778
conditional-fit-0056,axis1_general,1733,0.004565721414074356
conditional-fit-0056,axis1_general,1734,0.03096359379522752
conditional-fit-0056,axis1_general,1735,0.0010623181876895532
conditional-fit-0056,axis1_general,1736,0.022987799696072793
conditional-fit-0056,axis1_general,1737,0.0011579314431021783
conditional-fit-0056,axis1_general,1738,0.01354219549454248
conditional-fit-0056,axis1_general,1739,0.012024507123294939
conditional-fit-0056,axis1_general,1740,0.022466721507863757
conditional-fit-0056,axis1_general,1741,0.008557056174878258
conditional-fit-0056,axis1_general,1742,0.028364819843841343
conditional-fit-0056,axis1_general,1743,0.018221016362849653
conditional-fit-0056,axis1_general,1744,0.01334900904328839
conditional-fit-0056,axis1_general,1745,0.03467930798596165
conditional-fit-0056,axis1_general,1746,0.020731696634376157
conditional-fit-0056,axis1_general,1747,0.00455558389356682
conditional-fit-0056,axis1_general,1748,0.008543529678319685
conditional-fit-0056,axis1_general,1749,0.002868846823482152
conditional-fit-0056,axis1_general,1750,9.821971642712035e-06
conditional-fit-0056,axis1_general,1751,6.299570515117821e-05
conditional-fit-0056,axis1_general,1752,0.00010311093037815971
conditional-fit-0056,axis1_general,1753,0.0034882844664353404
conditional-fit-0056,axis1_general,1754,0.001247499514401906
conditional-fit-0056,axis1_general,1755,0.055674756583621296
conditional-fit-0056,axis1_general,1756,0.022670316580754083
conditional-fit-0056,axis1_general,1757,0.001403011427816488
conditional-fit-0056,axis1_general,1758,0.019180724937269987
conditional-fit-0056,axis1_general,1759,0.07455231060562585
conditional-fit-0056,axis1_general,1760,0.08408387872205968
conditional-fit-0056,axis1_general,1761,0.08113343621990506
conditional-fit-0056,axis1_general,1762,0.001624359723617541
conditional-fit-0056,axis1_general,1763,0.07252015941410342
conditional-fit-0056,axis1_general,1764,0.23299141565732462
conditional-fit-0056,axis1_general,1765,0.27599039201116166
conditional-fit-0056,axis1_general,1766,0.012372018642080969
conditional-fit-0056,axis1_general,1767,0.24186864303805966
conditional-fit-0056,axis1_general,1768,0.05908503633683922
conditional-fit-0056,axis1_general,1769,0.20902243929962577
conditional-fit-0056,axis1_general,1770,0.004012588611528288
conditional-fit-0056,axis1_general,1771,0.146786130162808
conditional-fit-0056,axis1_general,1772,0.0006383105656661001
conditional-fit-0056,axis1_general,1773,0.013962830513973675
conditional-fit-0056,axis1_general,1774,0.02219975823159446
conditional-fit-0056,axis1_general,1775,0.0032114873778592476
conditional-fit-0056,axis1_general,1776,0.046994163846742126
conditional-fit-0056,axis1_general,1777,0.001457334694444667
conditional-fit-0056,axis1_general,1778,0.01542379366368506
conditional-fit-0056,axis1_general,1779,0.03260866999564301
conditional-fit-0056,axis1_general,1780,0.03768734712032663
conditional-fit-0056,axis1_general,1781,0.047060779953256957
conditional-fit-0056,axis1_general,1782,0.04193409668273222
conditional-fit-0056,axis1_general,1783,6.359289706888526e-05
conditional-fit-0056,axis1_general,1784,2.3321280670446414e-05
conditional-fit-0056,axis1_general,1785,5.613026377175275e-06
conditional-fit-0056,axis1_general,1786,2.0668400973001648e-05
conditional-fit-0056,axis1_general,1787,0.0003754898618327581
conditional-fit-0056,axis1_general,1788,3.232927263391123e-05
conditional-fit-0056,axis1_general,1789,2.1717073788212766e-05
conditional-fit-0056,axis1_general,1790,1.5742626262518789e-06
conditional-fit-0056,axis1_general,1791,4.899009318940064e-05
conditional-fit-0056,axis1_general,1792,0.007101253085317496
conditional-fit-0056,axis1_general,1793,0.3053791029704025
conditional-fit-0056,axis1_general,1794,0.006185724544960747
conditional-fit-0056,axis1_general,1795,4.854997680420603e-05
conditional-fit-0056,axis1_general,1796,0.0010184698014122791
conditional-fit-0056,axis1_general,1797,0.0031892646617393845
conditional-fit-0056,axis1_general,1798,5.587819782208312e-05
conditional-fit-0056,axis1_general,1799,0.00026059061211624647
conditional-fit-0056,axis1_general,1800,0.005815637951821138
conditional-fit-0056,axis1_general,1801,0.054111985848307564
conditional-fit-0056,axis1_general,1802,0.039559064205891704
conditional-fit-0056,axis1_general,1803,0.00012928579241743493
conditional-fit-0056,axis1_general,1804,0.0002345037694063071
conditional-fit-0056,axis1_general,1805,1.7991219316706774e-05
conditional-fit-0056,axis1_general,1806,8.540830802041639e-06
conditional-fit-0056,axis1_general,1807,0.001065999008200088
conditional-fit-0056,axis1_general,1808,0.0001407367568525629
conditional-fit-0056,axis1_general,1809,6.179321455107554e-05
conditional-fit-0056,axis1_general,1810,0.0001905300107014847
conditional-fit-0056,axis1_general,1811,2.3902144556135846e-05
conditional-fit-0056,axis1_general,1812,0.006805383304803745
conditional-fit-0056,axis1_general,1813,0.14962709399831586
conditional-fit-0056,axis1_general,1814,0.029262743850602447
conditional-fit-0056,axis1_general,1815,0.0491001521629697
conditional-fit-0056,axis1_general,1816,0.010848088606180695
conditional-fit-0056,axis1_general,1817,0.00892709697465876
conditional-fit-0056,axis1_general,1818,0.00016552902351089032
conditional-fit-0056,axis1_general,1819,0.03286864377353857
conditional-fit-0056,axis1_general,1820,0.058420484394854186
conditional-fit-0056,axis1_general,1821,0.03529272144746216
conditional-fit-0056,axis1_general,1822,0.009732001085713534
conditional-fit-0056,axis1_general,1823,0.000555855375955248
conditional-fit-0056,axis1_general,1824,0.0029683294655900583
conditional-fit-0056,axis1_general,1825,0.0012027826956119796
conditional-fit-0056,axis1_general,1826,2.0771763203681248e-05
conditional-fit-0056,axis1_general,1827,3.474792941445661e-05
conditional-fit-0056,axis1_general,1828,0.0018753191354757442
conditional-fit-0056,axis1_general,1829,0.012102318393545898
conditional-fit-0056,axis1_general,1830,0.004793845097499324
conditional-fit-0056,axis1_general,1831,0.007757380855184053
conditional-fit-0056,axis1_general,1832,0.0006108377637376072
conditional-fit-0056,axis1_general,1833,0.023837361938569744
conditional-fit-0056,axis1_general,1834,0.059011637598161526
conditional-fit-0056,axis1_general,1835,0.015788562441170002
conditional-fit-0056,axis1_general,1836,0.00019285274502527474
conditional-fit-0056,axis1_general,1837,4.169983619062261e-06
conditional-fit-0056,axis1_general,1838,7.990457232880253e-06
conditional-fit-0056,axis1_general,1839,2.1496374671031778e-07
conditional-fit-0056,axis1_general,1840,1.7110125233000477e-05
conditional-fit-0056,axis1_general,1841,0.00017445786782348147
conditional-fit-0056,axis1_general,1842,2.5304349158744696e-05
conditional-fit-0056,axis1_general,1843,2.4290640260829566e-05
conditional-fit-0056,axis1_general,1844,0.00029774329654827286
conditional-fit-0056,axis1_general,1845,4.044123835229591e-05
conditional-fit-0056,axis1_general,1846,0.0015705472079950572
conditional-fit-0056,axis1_general,1847,0.06886742734106283
conditional-fit-0056,axis1_general,1848,0.02376873431564838
conditional-fit-0056,axis1_general,1849,0.07222787074349371
conditional-fit-0056,axis1_general,1850,0.03412070066091759
conditional-fit-0056,axis1_general,1851,0.006536646639447958
conditional-fit-0056,axis1_general,1852,0.008973855012203411
conditional-fit-0056,axis1_general,1853,0.0502280428100187
conditional-fit-0056,axis1_general,1854,7.585346995270998e-07
conditional-fit-0056,axis1_general,1855,1.6764605197771055e-05
conditional-fit-0056,axis1_general,1856,0.0001643823321748198
conditional-fit-0056,axis1_general,1857,0.07207586141592594
conditional-fit-0056,axis1_general,1858,0.010280642479616492
conditional-fit-0056,axis1_general,1859,0.001126129544933833
conditional-fit-0056,axis1_general,1860,0.0001429761461075239
conditional-fit-0056,axis1_general,1861,0.005899921144506489
conditional-fit-0056,axis1_general,1862,0.010776902459077767
conditional-fit-0056,axis1_general,1863,0.02034995573029179
conditional-fit-0056,axis1_general,1864,0.010359878647468294
conditional-fit-0056,axis1_general,1865,0.03506472842471203
conditional-fit-0056,axis1_general,1866,0.03731710484089948
conditional-fit-0056,axis1_general,1867,0.036107881702892926
conditional-fit-0056,axis1_general,1868,0.012566228947002683
conditional-fit-0056,axis1_general,1869,0.012663181888641703
conditional-fit-0056,axis1_general,1870,3.093262226509543e-05
conditional-fit-0056,axis1_general,1871,0.006231411797165607
conditional-fit-0056,axis1_general,1872,0.0035143595110404893
conditional-fit-0056,axis1_general,1873,0.010050126994235489
conditional-fit-0056,axis1_general,1874,0.019124181327276932
conditional-fit-0056,axis1_general,1875,0.009523553379546714
conditional-fit-0056,axis1_general,1876,1.8099863463098247e-05
conditional-fit-0056,axis1_general,1877,1.2852937710146898e-06
conditional-fit-0056,axis1_general,1878,1.7755042166286215e-05
conditional-fit-0056,axis1_general,1879,4.159924649666305e-05
conditional-fit-0056,axis1_general,1880,0.057682919868270996
conditional-fit-0056,axis1_general,1881,0.06708249965748403
conditional-fit-0056,axis1_general,1882,0.029982048260345485
conditional-fit-0056,axis1_general,1883,0.014292457135656376
conditional-fit-0056,axis1_general,1884,1.2811419384862756e-05
conditional-fit-0056,axis1_general,1885,0.004110222382887989
conditional-fit-0056,axis1_general,1886,0.008210122069470405
conditional-fit-0056,axis1_general,1887,0.0004626208863854732
conditional-fit-0056,axis1_general,1888,0.0008248128762064284
conditional-fit-0056,axis1_general,1889,0.005618354056010434
conditional-fit-0056,axis1_general,1890,0.01206886616900607
conditional-fit-0056,axis1_general,1891,0.007000207906846706
conditional-fit-0056,axis1_general,1892,0.011324130689272585
conditional-fit-0056,axis1_general,1893,6.869768947039993e-05
conditional-fit-0056,axis1_general,1894,0.005491534087845921
conditional-fit-0056,axis1_general,1895,0.0002076166371017853
conditional-fit-0056,axis1_general,1896,7.0561242780335445e-06
conditional-fit-0056,axis1_general,1897,0.0021875756748310432
conditional-fit-0056,axis1_general,1898,0.0578939094045584
conditional-fit-0056,axis1_general,1899,9.065806822990957e-06
conditional-fit-0056,axis1_general,1900,0.0001254420710076031
conditional-fit-0056,axis1_general,1901,0.015171640394084765
conditional-fit-0056,axis1_general,1902,0.0016919671842982038
conditional-fit-0056,axis1_general,1903,0.011539852110503387
conditional-fit-0056,axis1_general,1904,0.0032004327561489486
conditional-fit-0056,axis1_general,1905,0.0001297239603921969
conditional-fit-0056,axis1_general,1906,0.08556553720132835
conditional-fit-0056,axis1_general,1907,2.9457587350737768e-05
conditional-fit-0056,axis1_general,1908,0.00019867130278065752
conditional-fit-0056,axis1_general,1909,0.03975982199267798
conditional-fit-0056,axis1_general,1910,1.1794218009619777e-05
conditional-fit-0056,axis1_general,1911,9.189641307686198e-07
conditional-fit-0056,axis1_general,1912,0.001680529600548996
conditional-fit-0056,axis1_general,1913,0.00026017655667005444
conditional-fit-0056,axis1_general,1914,9.60075848420259e-06
conditional-fit-0056,axis1_general,1915,0.00025322065430467085
conditional-fit-0056,axis1_general,1916,0.0007412965280177725
conditional-fit-0056,axis1_general,1917,1.4193132485999338e-06
conditional-fit-0056,axis1_general,1918,0.022125615856200542
conditional-fit-0056,axis1_general,1919,8.618873663081812e-06
conditional-fit-0056,axis1_general,1920,2.0049530273658766e-06
conditional-fit-0056,axis1_general,1921,9.71546801627315e-07
conditional-fit-0056,axis1_general,1922,5.594090497492667e-06
conditional-fit-0056,axis1_general,1923,9.335532099598952e-05
conditional-fit-0056,axis1_general,1924,2.0629877699384328e-05
conditional-fit-0056,axis1_general,1925,3.632031672242e-05
conditional-fit-0056,axis1_general,1926,2.7253793546516968e-05
conditional-fit-0056,axis1_general,1927,0.0006412246832493949
conditional-fit-0056,axis1_general,1928,2.4052266060358895e-07
conditional-fit-0056,axis1_general,1929,0.0060658649760211856
conditional-fit-0056,axis1_general,1930,3.950485831503853e-05
conditional-fit-0056,axis1_general,1931,3.557866468845917e-05
conditional-fit-0056,axis1_general,1932,0.0003563565583107571
conditional-fit-0056,axis1_general,1933,0.02215589501694866
conditional-fit-0056,axis1_general,1934,0.04115838024080887
conditional-fit-0056,axis1_general,1935,0.045921828220631636
conditional-fit-0056,axis1_general,1936,0.005590885324619654
conditional-fit-0056,axis1_general,1937,1.9681174369565685e-05
conditional-fit-0056,axis1_general,1938,4.397937864029575e-05
conditional-fit-0056,axis1_general,1939,0.09625635526800425
conditional-fit-0056,axis1_general,1940,4.77152686193287e-05
conditional-fit-0056,axis1_general,1941,0.011009895130017412
conditional-fit-0056,axis1_general,1942,0.045094778078623464
conditional-fit-0056,axis1_general,1943,8.462491099373192e-06
conditional-fit-0056,axis1_general,1944,1.0953553633916194e-05
conditional-fit-0056,axis1_general,1945,1.0019437534773061e-05
conditional-fit-0056,axis1_general,1946,7.964015724075591e-06
conditional-fit-0056,axis1_general,1947,1.7184277425132742e-05
conditional-fit-0056,axis1_general,1948,7.941215415216773e-05
conditional-fit-0056,axis1_general,1949,4.077566056536305e-06
conditional-fit-0056,axis1_general,1950,0.003947333546009046
conditional-fit-0056,axis1_general,1951,0.007983362197667078
conditional-fit-0056,axis1_general,1952,0.04611953158958168
conditional-fit-0056,axis1_general,1953,0.004612074362137033
conditional-fit-0056,axis1_general,1954,0.0018280582484125844
conditional-fit-0056,axis1_general,1955,0.0004943241685134642
conditional-fit-0056,axis1_general,1956,0.013325753642967448
conditional-fit-0056,axis1_general,1957,0.012987053069298943
conditional-fit-0056,axis1_general,1958,0.003229007657747517
conditional-fit-0056,axis1_general,1959,0.0094999776346022
conditional-fit-0056,axis1_general,1960,0.006544423604878562
conditional-fit-0056,axis1_general,1961,0.0060594812351212265
conditional-fit-0056,axis1_general,1962,0.001977059809499847
conditional-fit-0056,axis1_general,1963,0.001445903197421222
conditional-fit-0056,axis1_general,1964,4.215208734411385e-05
conditional-fit-0056,axis1_general,1965,0.002531973063997727
conditional-fit-0056,axis1_general,1966,1.3859796005615465e-06
conditional-fit-0056,axis1_general,1967,4.3519292558031106e-05
conditional-fit-0056,axis1_general,1968,5.911784206215822e-06
conditional-fit-0056,axis1_general,1969,6.525823477875803e-06
conditional-fit-0056,axis1_general,1970,1.815095914644647e-05
conditional-fit-0056,axis1_general,1971,0.0019579152033561095
conditional-fit-0056,axis1_general,1972,0.0011049353431263186
conditional-fit-0056,axis1_general,1973,0.00014826767384501857
conditional-fit-0056,axis1_general,1974,1.926034621455759e-07
conditional-fit-0056,axis1_general,1975,0.00132355612981706
conditional-fit-0056,axis1_general,1976,0.0005718787617261239
conditional-fit-0056,axis1_general,1977,0.0201894643589291
conditional-fit-0056,axis1_general,1978,1.4780331867271827e-05
conditional-fit-0056,axis1_general,1979,0.012768230362113608
conditional-fit-0056,axis1_general,1980,0.00606417567836762
conditional-fit-0056,axis1_general,1981,0.008300839938800552
conditional-fit-0056,axis1_general,1982,0.006878389594876263
conditional-fit-0056,axis1_general,1983,1.73418283092985e-05
conditional-fit-0056,axis1_general,1984,0.01717264987316064
conditional-fit-0056,axis1_general,1985,0.00013007697074911365
conditional-fit-0056,axis1_general,1986,1.1401552937851513e-05
conditional-fit-0056,axis1_general,1987,1.5147615571940239e-05
conditional-fit-0056,axis1_general,1988,6.3261409687526115e-06
conditional-fit-0056,axis1_general,1989,7.989024812348519e-05
conditional-fit-0056,axis1_general,1990,1.447102654551804e-05
conditional-fit-0056,axis1_general,1991,3.689126401552861e-06
conditional-fit-0056,axis1_general,1992,1.2644452752526531e-06
conditional-fit-0056,axis1_general,1993,0.0017376380232783264
conditional-fit-0056,axis1_general,1994,0.006145267695300274
conditional-fit-0056,axis1_general,1995,0.00160203360264636
conditional-fit-0056,axis1_general,1996,6.763545131370943e-05
conditional-fit-0056,axis1_general,1997,6.502881616890145e-06
conditional-fit-0056,axis1_general,1998,0.03234733899948497
conditional-fit-0056,axis1_general,1999,0.1059049218246002
conditional-fit-0056,axis1_general,2000,0.0001754890347134235
conditional-fit-0056,axis1_general,2001,0.014638584273551183
conditional-fit-0056,axis1_general,2002,0.0024385321731373874
conditional-fit-0056,axis1_general,2003,0.004644010655386519
conditional-fit-0056,axis1_general,2004,1.1777391911123275e-07
conditional-fit-0056,axis1_general,2005,4.796666235459936e-06
conditional-fit-0056,axis1_general,2006,0.054663236812997784
conditional-fit-0056,axis1_general,2007,0.06648002299222376
conditional-fit-0056,axis1_general,2008,0.01898083545991234
conditional-fit-0056,axis1_general,2009,7.725541107918071e-05
conditional-fit-0056,axis1_general,2010,0.004830775703101276
conditional-fit-0056,axis1_general,2011,0.004824409285840374
conditional-fit-0056,axis1_general,2012,0.021940954088378678
conditional-fit-0056,axis1_general,2013,0.003971187783868596
conditional-fit-0056,axis1_general,2014,0.006193257376629863
conditional-fit-0056,axis1_general,2015,0.013262721577927255
conditional-fit-0056,axis1_general,2016,0.01761049332538127
conditional-fit-0056,axis1_general,2017,0.0008701806248024468
conditional-fit-0056,axis1_general,2018,9.509574951189672e-08
conditional-fit-0056,axis1_general,2019,0.0013557198057864627
conditional-fit-0056,axis1_general,2020,0.0020259059021205048
conditional-fit-0056,axis1_general,2021,9.437151392157797e-06
conditional-fit-0056,axis1_general,2022,0.011518368115425651
conditional-fit-0056,axis1_general,2023,0.05697980530213502
conditional-fit-0056,axis1_general,2024,0.0172175295140158
conditional-fit-0056,axis1_general,2025,0.0005349565095514664
conditional-fit-0056,axis1_general,2026,0.004157769430555958
conditional-fit-0056,axis1_general,2027,0.011484575212808212
conditional-fit-0056,axis1_general,2028,0.00013419010659975757
conditional-fit-0056,axis1_general,2029,0.0019643946159458615
conditional-fit-0056,axis1_general,2030,0.005667316201932185
conditional-fit-0056,axis1_general,2031,4.865975868001372e-06
conditional-fit-0056,axis1_general,2032,0.0005693136939619595
conditional-fit-0056,axis1_general,2033,3.246247653759015e-05
conditional-fit-0056,axis1_general,2034,4.009149000382318e-06
conditional-fit-0056,axis1_general,2035,1.0048039950369494e-05
conditional-fit-0056,axis1_general,2036,8.242067346509507e-06
conditional-fit-0056,axis1_general,2037,0.046792511665855456
conditional-fit-0056,axis1_general,2038,0.00041976752517981645
conditional-fit-0056,axis1_general,2039,0.018261806635671514
conditional-fit-0056,axis1_general,2040,0.024994943907733578
conditional-fit-0056,axis1_general,2041,0.000834037524715433
conditional-fit-0056,axis1_general,2042,6.175742356858907e-07
conditional-fit-0056,axis1_general,2043,4.111757249008742e-05
conditional-fit-0056,axis1_general,2044,1.3754841302808715e-06
conditional-fit-0056,axis1_general,2045,0.0018275149501103295
conditional-fit-0056,axis1_general,2046,0.00014961477015186243
