window_id,domain,pos,kld
conditional-fit-0040,axis1_general,0,2.697726660012938
conditional-fit-0040,axis1_general,1,2.934234840259163
conditional-fit-0040,axis1_general,2,0.8579978116122362
conditional-fit-0040,axis1_general,3,0.04925655411994468
conditional-fit-0040,axis1_general,4,1.7625991601797217
conditional-fit-0040,axis1_general,5,4.275589777774013
conditional-fit-0040,axis1_general,6,0.8721122462608925
conditional-fit-0040,axis1_general,7,1.7475220858017724
conditional-fit-0040,axis1_general,8,2.485788458879616
conditional-fit-0040,axis1_general,9,1.0140360281003753
conditional-fit-0040,axis1_general,10,2.8400737078492915
conditional-fit-0040,axis1_general,11,2.4166393976599094
conditional-fit-0040,axis1_general,12,0.06288122075628141
conditional-fit-0040,axis1_general,13,0.21248322305567607
conditional-fit-0040,axis1_general,14,0.6432921212205162
conditional-fit-0040,axis1_general,15,0.30051889032799534
conditional-fit-0040,axis1_general,16,0.18682729926923022
conditional-fit-0040,axis1_general,17,0.29318445051381115
conditional-fit-0040,axis1_general,18,0.12320350589104254
conditional-fit-0040,axis1_general,19,0.003926384869400747
conditional-fit-0040,axis1_general,20,0.5071697450847078
conditional-fit-0040,axis1_general,21,0.5003153098987135
conditional-fit-0040,axis1_general,22,0.26288069311290674
conditional-fit-0040,axis1_general,23,0.19876862463511955
conditional-fit-0040,axis1_general,24,0.7137596727301105
conditional-fit-0040,axis1_general,25,0.21979571772471967
conditional-fit-0040,axis1_general,26,0.0008688432363840411
conditional-fit-0040,axis1_general,27,0.020827201451438442
conditional-fit-0040,axis1_general,28,0.10102899455358912
conditional-fit-0040,axis1_general,29,0.06144992156845097
conditional-fit-0040,axis1_general,30,0.5703220076648019
conditional-fit-0040,axis1_general,31,0.998410240680553
conditional-fit-0040,axis1_general,32,2.06221014424924
conditional-fit-0040,axis1_general,33,0.2851431604247791
conditional-fit-0040,axis1_general,34,0.7000474523396446
conditional-fit-0040,axis1_general,35,0.0004498546781689733
conditional-fit-0040,axis1_general,36,0.05138585743369177
conditional-fit-0040,axis1_general,37,0.06609790569564628
conditional-fit-0040,axis1_general,38,0.3540192442507424
conditional-fit-0040,axis1_general,39,0.17371402831760677
conditional-fit-0040,axis1_general,40,0.03367669424988959
conditional-fit-0040,axis1_general,41,0.013664141430434915
conditional-fit-0040,axis1_general,42,1.1655143320119947
conditional-fit-0040,axis1_general,43,0.6948075792956463
conditional-fit-0040,axis1_general,44,0.11809298785593013
conditional-fit-0040,axis1_general,45,0.2149288389844704
conditional-fit-0040,axis1_general,46,0.09530034522054182
conditional-fit-0040,axis1_general,47,0.022247693799403744
conditional-fit-0040,axis1_general,48,0.1455679133096788
conditional-fit-0040,axis1_general,49,0.0779742956279349
conditional-fit-0040,axis1_general,50,0.1341121096867733
conditional-fit-0040,axis1_general,51,0.04837936044527663
conditional-fit-0040,axis1_general,52,0.04342970813156389
conditional-fit-0040,axis1_general,53,0.0031582529423429297
conditional-fit-0040,axis1_general,54,0.1854397378892272
conditional-fit-0040,axis1_general,55,0.06930634744491977
conditional-fit-0040,axis1_general,56,0.09223742242422067
conditional-fit-0040,axis1_general,57,0.04127308735010224
conditional-fit-0040,axis1_general,58,0.024040436052608388
conditional-fit-0040,axis1_general,59,0.23719723647865454
conditional-fit-0040,axis1_general,60,0.003019087153269142
conditional-fit-0040,axis1_general,61,0.1705500595050416
conditional-fit-0040,axis1_general,62,0.0017685775405692956
conditional-fit-0040,axis1_general,63,0.012905134760615479
conditional-fit-0040,axis1_general,64,0.150323303201881
conditional-fit-0040,axis1_general,65,0.03240588133392537
conditional-fit-0040,axis1_general,66,0.170531684833865
conditional-fit-0040,axis1_general,67,0.03439610206513975
conditional-fit-0040,axis1_general,68,0.05565879057662217
conditional-fit-0040,axis1_general,69,0.20751672177661476
conditional-fit-0040,axis1_general,70,0.004372029994146327
conditional-fit-0040,axis1_general,71,0.01994080710507227
conditional-fit-0040,axis1_general,72,0.03884841981739025
conditional-fit-0040,axis1_general,73,0.004283574975893062
conditional-fit-0040,axis1_general,74,0.002906186854694422
conditional-fit-0040,axis1_general,75,0.0006840105790595439
conditional-fit-0040,axis1_general,76,0.013418794123036072
conditional-fit-0040,axis1_general,77,0.23441470205346912
conditional-fit-0040,axis1_general,78,0.6284654151515976
conditional-fit-0040,axis1_general,79,0.014311184896711474
conditional-fit-0040,axis1_general,80,0.182575464348961
conditional-fit-0040,axis1_general,81,0.9236048119824558
conditional-fit-0040,axis1_general,82,3.7697757406956587
conditional-fit-0040,axis1_general,83,0.031325318013834286
conditional-fit-0040,axis1_general,84,0.05242792463909387
conditional-fit-0040,axis1_general,85,0.1726092132734651
conditional-fit-0040,axis1_general,86,0.0934087092041358
conditional-fit-0040,axis1_general,87,0.11723740787965474
conditional-fit-0040,axis1_general,88,0.007045881041639643
conditional-fit-0040,axis1_general,89,0.022959168198717586
conditional-fit-0040,axis1_general,90,0.09908054632953128
conditional-fit-0040,axis1_general,91,0.2811109907696129
conditional-fit-0040,axis1_general,92,0.008019949304746171
conditional-fit-0040,axis1_general,93,0.22131950244269344
conditional-fit-0040,axis1_general,94,0.07287048379071315
conditional-fit-0040,axis1_general,95,0.17707246929530987
conditional-fit-0040,axis1_general,96,2.3605384653974588e-05
conditional-fit-0040,axis1_general,97,0.009804714897648692
conditional-fit-0040,axis1_general,98,0.05453324565444308
conditional-fit-0040,axis1_general,99,0.0022796430279570343
conditional-fit-0040,axis1_general,100,0.2311344387792066
conditional-fit-0040,axis1_general,101,0.21193332077098376
conditional-fit-0040,axis1_general,102,0.0835392569160438
conditional-fit-0040,axis1_general,103,0.11551463238208917
conditional-fit-0040,axis1_general,104,0.04018184857229296
conditional-fit-0040,axis1_general,105,0.016798827159779723
conditional-fit-0040,axis1_general,106,0.036383266447152646
conditional-fit-0040,axis1_general,107,0.08108800700824147
conditional-fit-0040,axis1_general,108,0.06266849481347775
conditional-fit-0040,axis1_general,109,0.04220422999643013
conditional-fit-0040,axis1_general,110,0.015635874683894796
conditional-fit-0040,axis1_general,111,8.111841450084305e-05
conditional-fit-0040,axis1_general,112,0.00310552127954991
conditional-fit-0040,axis1_general,113,0.07397101808820139
conditional-fit-0040,axis1_general,114,0.12710777768727632
conditional-fit-0040,axis1_general,115,0.00016331138942043082
conditional-fit-0040,axis1_general,116,0.0002111957267453045
conditional-fit-0040,axis1_general,117,0.03317862386432523
conditional-fit-0040,axis1_general,118,0.13080361610239738
conditional-fit-0040,axis1_general,119,0.01722097510983004
conditional-fit-0040,axis1_general,120,0.24920029382952752
conditional-fit-0040,axis1_general,121,0.000502618087220204
conditional-fit-0040,axis1_general,122,0.17601960909296102
conditional-fit-0040,axis1_general,123,0.30603048730386445
conditional-fit-0040,axis1_general,124,1.2093348287865007
conditional-fit-0040,axis1_general,125,0.5579535647301361
conditional-fit-0040,axis1_general,126,1.1350271183200111
conditional-fit-0040,axis1_general,127,1.8372955049976605
conditional-fit-0040,axis1_general,128,0.004606751317441102
conditional-fit-0040,axis1_general,129,0.019898248373091267
conditional-fit-0040,axis1_general,130,0.1012046297153504
conditional-fit-0040,axis1_general,131,0.11121960200432904
conditional-fit-0040,axis1_general,132,0.0004065062158509539
conditional-fit-0040,axis1_general,133,0.006003825756782867
conditional-fit-0040,axis1_general,134,0.00195973311821101
conditional-fit-0040,axis1_general,135,0.012263558431250786
conditional-fit-0040,axis1_general,136,0.19405534000527508
conditional-fit-0040,axis1_general,137,0.03564498352305759
conditional-fit-0040,axis1_general,138,0.39136276915480916
conditional-fit-0040,axis1_general,139,0.031121396759422215
conditional-fit-0040,axis1_general,140,0.12762885425210108
conditional-fit-0040,axis1_general,141,0.15166598289277144
conditional-fit-0040,axis1_general,142,0.003482091853287821
conditional-fit-0040,axis1_general,143,0.0008344959061579117
conditional-fit-0040,axis1_general,144,0.0004157573051126059
conditional-fit-0040,axis1_general,145,0.00012766971694299321
conditional-fit-0040,axis1_general,146,0.0748057646458363
conditional-fit-0040,axis1_general,147,0.0005204451282635774
conditional-fit-0040,axis1_general,148,5.3939425840247586e-05
conditional-fit-0040,axis1_general,149,0.00029953730289807414
conditional-fit-0040,axis1_general,150,0.0004145258560541014
conditional-fit-0040,axis1_general,151,0.017440174453491736
conditional-fit-0040,axis1_general,152,0.1562732921450088
conditional-fit-0040,axis1_general,153,0.14324349052425214
conditional-fit-0040,axis1_general,154,0.35177964944009943
conditional-fit-0040,axis1_general,155,0.06551417994041125
conditional-fit-0040,axis1_general,156,0.2751447888203051
conditional-fit-0040,axis1_general,157,0.003531346740272197
conditional-fit-0040,axis1_general,158,0.1716736258983039
conditional-fit-0040,axis1_general,159,1.0419013431245812
conditional-fit-0040,axis1_general,160,0.2398642201610922
conditional-fit-0040,axis1_general,161,0.08537262085148184
conditional-fit-0040,axis1_general,162,0.09140694797128178
conditional-fit-0040,axis1_general,163,5.570951442144549e-05
conditional-fit-0040,axis1_general,164,0.001273705529165437
conditional-fit-0040,axis1_general,165,0.4036847729136865
conditional-fit-0040,axis1_general,166,0.3635039831532455
conditional-fit-0040,axis1_general,167,0.05965673778706748
conditional-fit-0040,axis1_general,168,0.05049775131082879
conditional-fit-0040,axis1_general,169,0.0317759854204663
conditional-fit-0040,axis1_general,170,0.07779954406827432
conditional-fit-0040,axis1_general,171,0.011831009110716117
conditional-fit-0040,axis1_general,172,0.0033344373655606807
conditional-fit-0040,axis1_general,173,0.008198852294519362
conditional-fit-0040,axis1_general,174,0.153849836172045
conditional-fit-0040,axis1_general,175,0.1842561815671308
conditional-fit-0040,axis1_general,176,0.11004484473141207
conditional-fit-0040,axis1_general,177,0.17241979568367224
conditional-fit-0040,axis1_general,178,0.0833479970516222
conditional-fit-0040,axis1_general,179,0.42160592097594035
conditional-fit-0040,axis1_general,180,0.21497842164812242
conditional-fit-0040,axis1_general,181,0.013873755001907514
conditional-fit-0040,axis1_general,182,0.21704656366750819
conditional-fit-0040,axis1_general,183,0.1378781121463649
conditional-fit-0040,axis1_general,184,0.18760637485913126
conditional-fit-0040,axis1_general,185,0.016461944805262918
conditional-fit-0040,axis1_general,186,0.023416320654242387
conditional-fit-0040,axis1_general,187,0.05890533526809785
conditional-fit-0040,axis1_general,188,0.045445569836523675
conditional-fit-0040,axis1_general,189,0.0573694149148271
conditional-fit-0040,axis1_general,190,0.03325461797827935
conditional-fit-0040,axis1_general,191,0.17076676950614095
conditional-fit-0040,axis1_general,192,0.00241443999177642
conditional-fit-0040,axis1_general,193,0.0005201572840108435
conditional-fit-0040,axis1_general,194,0.0005107450489873947
conditional-fit-0040,axis1_general,195,0.014500459540737375
conditional-fit-0040,axis1_general,196,0.01981138805511151
conditional-fit-0040,axis1_general,197,0.014247173352386948
conditional-fit-0040,axis1_general,198,1.91124881149156e-05
conditional-fit-0040,axis1_general,199,0.03867358913739711
conditional-fit-0040,axis1_general,200,0.09924416704758886
conditional-fit-0040,axis1_general,201,0.10465314707276469
conditional-fit-0040,axis1_general,202,0.0665954963104762
conditional-fit-0040,axis1_general,203,0.13527429412556502
conditional-fit-0040,axis1_general,204,0.04037487874622197
conditional-fit-0040,axis1_general,205,0.06174917326174577
conditional-fit-0040,axis1_general,206,0.02093117782791755
conditional-fit-0040,axis1_general,207,0.08971452754923859
conditional-fit-0040,axis1_general,208,0.0005891416798037215
conditional-fit-0040,axis1_general,209,0.019416870610444247
conditional-fit-0040,axis1_general,210,0.004330424195559842
conditional-fit-0040,axis1_general,211,0.032138873678490214
conditional-fit-0040,axis1_general,212,0.05262642345882733
conditional-fit-0040,axis1_general,213,0.004882106006871757
conditional-fit-0040,axis1_general,214,0.0447059688400593
conditional-fit-0040,axis1_general,215,0.0066860717405537225
conditional-fit-0040,axis1_general,216,0.0627894606079905
conditional-fit-0040,axis1_general,217,0.00011925196458596962
conditional-fit-0040,axis1_general,218,0.00016806891515003548
conditional-fit-0040,axis1_general,219,0.0017854849156364724
conditional-fit-0040,axis1_general,220,0.04158848311021542
conditional-fit-0040,axis1_general,221,0.036161806295078446
conditional-fit-0040,axis1_general,222,0.0283638779738823
conditional-fit-0040,axis1_general,223,0.10929367009871273
conditional-fit-0040,axis1_general,224,0.008861664836050871
conditional-fit-0040,axis1_general,225,0.024262244999587006
conditional-fit-0040,axis1_general,226,0.0253100057161506
conditional-fit-0040,axis1_general,227,0.01709980321636811
conditional-fit-0040,axis1_general,228,0.00012857252622596
conditional-fit-0040,axis1_general,229,0.021374037683677512
conditional-fit-0040,axis1_general,230,0.00044170946503944324
conditional-fit-0040,axis1_general,231,0.06001568673924783
conditional-fit-0040,axis1_general,232,7.754648792578327e-06
conditional-fit-0040,axis1_general,233,0.30809489183183725
conditional-fit-0040,axis1_general,234,0.007665105337607395
conditional-fit-0040,axis1_general,235,0.09507873280024746
conditional-fit-0040,axis1_general,236,0.0007604052215945152
conditional-fit-0040,axis1_general,237,0.014163712375331294
conditional-fit-0040,axis1_general,238,0.03420060317937586
conditional-fit-0040,axis1_general,239,0.008507731171975785
conditional-fit-0040,axis1_general,240,0.19689376671829587
conditional-fit-0040,axis1_general,241,0.026034188221910174
conditional-fit-0040,axis1_general,242,0.001478625694521875
conditional-fit-0040,axis1_general,243,0.00021070080559897734
conditional-fit-0040,axis1_general,244,0.009715291922409965
conditional-fit-0040,axis1_general,245,6.77896832361951e-05
conditional-fit-0040,axis1_general,246,0.0011051357259781198
conditional-fit-0040,axis1_general,247,0.0014549217327276297
conditional-fit-0040,axis1_general,248,0.011787719209510501
conditional-fit-0040,axis1_general,249,0.07128921386747498
conditional-fit-0040,axis1_general,250,0.001040208120871802
conditional-fit-0040,axis1_general,251,0.012337820023525474
conditional-fit-0040,axis1_general,252,0.0012660403136147838
conditional-fit-0040,axis1_general,253,0.017520965511371105
conditional-fit-0040,axis1_general,254,0.00833897841653637
conditional-fit-0040,axis1_general,255,0.016082447131413147
conditional-fit-0040,axis1_general,256,0.0005687911482650614
conditional-fit-0040,axis1_general,257,0.00011110053452960487
conditional-fit-0040,axis1_general,258,0.000916074840689523
conditional-fit-0040,axis1_general,259,0.006662134249404818
conditional-fit-0040,axis1_general,260,0.07313641842108705
conditional-fit-0040,axis1_general,261,8.567837937736438e-05
conditional-fit-0040,axis1_general,262,0.023887584087727533
conditional-fit-0040,axis1_general,263,0.03311614037969425
conditional-fit-0040,axis1_general,264,0.07078424011532126
conditional-fit-0040,axis1_general,265,0.008359980828932566
conditional-fit-0040,axis1_general,266,0.052398943985149535
conditional-fit-0040,axis1_general,267,0.0009009794341437849
conditional-fit-0040,axis1_general,268,0.00039818277968401306
conditional-fit-0040,axis1_general,269,6.141556852141891e-05
conditional-fit-0040,axis1_general,270,0.00010644796340913733
conditional-fit-0040,axis1_general,271,0.018465472711656904
conditional-fit-0040,axis1_general,272,0.00020300304716158914
conditional-fit-0040,axis1_general,273,4.281940224777421e-05
conditional-fit-0040,axis1_general,274,0.0030024735847271897
conditional-fit-0040,axis1_general,275,4.12523241995475e-05
conditional-fit-0040,axis1_general,276,0.0007677836748352977
conditional-fit-0040,axis1_general,277,0.11206008096715162
conditional-fit-0040,axis1_general,278,0.21334817459728905
conditional-fit-0040,axis1_general,279,0.07479406862907809
conditional-fit-0040,axis1_general,280,0.0006419368553196537
conditional-fit-0040,axis1_general,281,0.00015370639976664967
conditional-fit-0040,axis1_general,282,7.672344685706825e-06
conditional-fit-0040,axis1_general,283,0.0004075324697944833
conditional-fit-0040,axis1_general,284,0.0006335825106963118
conditional-fit-0040,axis1_general,285,0.00046320454941726206
conditional-fit-0040,axis1_general,286,3.486291526380094e-05
conditional-fit-0040,axis1_general,287,4.8608064886252193e-05
conditional-fit-0040,axis1_general,288,4.197806767471228e-05
conditional-fit-0040,axis1_general,289,0.0018251612149241538
conditional-fit-0040,axis1_general,290,0.039077509713064326
conditional-fit-0040,axis1_general,291,0.004999282402631974
conditional-fit-0040,axis1_general,292,0.012304792720717843
conditional-fit-0040,axis1_general,293,0.016884369048770595
conditional-fit-0040,axis1_general,294,0.02313384943909147
conditional-fit-0040,axis1_general,295,0.1555598079164786
conditional-fit-0040,axis1_general,296,0.08377179547705259
conditional-fit-0040,axis1_general,297,0.09985513013759303
conditional-fit-0040,axis1_general,298,0.05107933995899108
conditional-fit-0040,axis1_general,299,0.01831968130976946
conditional-fit-0040,axis1_general,300,0.005944127995862846
conditional-fit-0040,axis1_general,301,0.04256089756824237
conditional-fit-0040,axis1_general,302,0.04974406024809812
conditional-fit-0040,axis1_general,303,0.08106665728803128
conditional-fit-0040,axis1_general,304,0.015239559093523803
conditional-fit-0040,axis1_general,305,0.08348054603147241
conditional-fit-0040,axis1_general,306,0.07098536699590532
conditional-fit-0040,axis1_general,307,0.01495572291053891
conditional-fit-0040,axis1_general,308,0.0021259132995683047
conditional-fit-0040,axis1_general,309,0.06753296802555828
conditional-fit-0040,axis1_general,310,0.05978314951477066
conditional-fit-0040,axis1_general,311,0.006319842744808461
conditional-fit-0040,axis1_general,312,0.012175372011072605
conditional-fit-0040,axis1_general,313,0.10669743598370666
conditional-fit-0040,axis1_general,314,0.016563242057835968
conditional-fit-0040,axis1_general,315,0.03302976650381898
conditional-fit-0040,axis1_general,316,0.07662274507945163
conditional-fit-0040,axis1_general,317,0.017896022504814445
conditional-fit-0040,axis1_general,318,0.0004069175286355668
conditional-fit-0040,axis1_general,319,0.04261523596667789
conditional-fit-0040,axis1_general,320,0.003074089294163862
conditional-fit-0040,axis1_general,321,0.024192740365745886
conditional-fit-0040,axis1_general,322,0.02702008562456831
conditional-fit-0040,axis1_general,323,0.02309026729044371
conditional-fit-0040,axis1_general,324,0.007951926803364148
conditional-fit-0040,axis1_general,325,0.04486265361939504
conditional-fit-0040,axis1_general,326,0.034850230811830224
conditional-fit-0040,axis1_general,327,0.0007797053654923166
conditional-fit-0040,axis1_general,328,7.952917379722412e-05
conditional-fit-0040,axis1_general,329,0.001640808609070167
conditional-fit-0040,axis1_general,330,0.06366632124584747
conditional-fit-0040,axis1_general,331,0.0707700232031545
conditional-fit-0040,axis1_general,332,0.0163821628672863
conditional-fit-0040,axis1_general,333,0.0017241349744424707
conditional-fit-0040,axis1_general,334,0.03202441542128287
conditional-fit-0040,axis1_general,335,0.1266577199163455
conditional-fit-0040,axis1_general,336,5.662805193020556e-05
conditional-fit-0040,axis1_general,337,0.00019339692967943226
conditional-fit-0040,axis1_general,338,0.0012872058233627352
conditional-fit-0040,axis1_general,339,0.00038967599647364917
conditional-fit-0040,axis1_general,340,0.00036416120114793034
conditional-fit-0040,axis1_general,341,0.04626592247030733
conditional-fit-0040,axis1_general,342,0.11156358490164198
conditional-fit-0040,axis1_general,343,0.0003717291948409057
conditional-fit-0040,axis1_general,344,0.025754085089131046
conditional-fit-0040,axis1_general,345,0.03589563435716509
conditional-fit-0040,axis1_general,346,0.1966282452531942
conditional-fit-0040,axis1_general,347,0.10439390942064923
conditional-fit-0040,axis1_general,348,0.003968596406317238
conditional-fit-0040,axis1_general,349,0.008584276418952872
conditional-fit-0040,axis1_general,350,0.00018342237275704992
conditional-fit-0040,axis1_general,351,0.00986780267252102
conditional-fit-0040,axis1_general,352,0.21824457894453284
conditional-fit-0040,axis1_general,353,0.014166933271502157
conditional-fit-0040,axis1_general,354,0.10620477156584085
conditional-fit-0040,axis1_general,355,0.04910671168791129
conditional-fit-0040,axis1_general,356,0.0021858521585457905
conditional-fit-0040,axis1_general,357,0.022043267102672383
conditional-fit-0040,axis1_general,358,0.000582145115495017
conditional-fit-0040,axis1_general,359,0.002485394957304435
conditional-fit-0040,axis1_general,360,0.0003507007263290465
conditional-fit-0040,axis1_general,361,0.0019032128087083516
conditional-fit-0040,axis1_general,362,0.0619372814625574
conditional-fit-0040,axis1_general,363,0.45123636160812397
conditional-fit-0040,axis1_general,364,0.0004554339385240717
conditional-fit-0040,axis1_general,365,0.07367178918378187
conditional-fit-0040,axis1_general,366,0.0055911480221164656
conditional-fit-0040,axis1_general,367,0.0034132156732552816
conditional-fit-0040,axis1_general,368,0.00034206306632447345
conditional-fit-0040,axis1_general,369,0.0002888940716339264
conditional-fit-0040,axis1_general,370,0.0021995284629117667
conditional-fit-0040,axis1_general,371,4.448495824008817e-06
conditional-fit-0040,axis1_general,372,9.626602953771993e-05
conditional-fit-0040,axis1_general,373,0.1341649290174889
conditional-fit-0040,axis1_general,374,0.18909178350019812
conditional-fit-0040,axis1_general,375,0.05928717975556507
conditional-fit-0040,axis1_general,376,0.01290182975497163
conditional-fit-0040,axis1_general,377,0.0014477192490559626
conditional-fit-0040,axis1_general,378,0.012083883298227845
conditional-fit-0040,axis1_general,379,0.07540394197126238
conditional-fit-0040,axis1_general,380,0.0002837749923221305
conditional-fit-0040,axis1_general,381,0.001971602663739112
conditional-fit-0040,axis1_general,382,0.030264627626807556
conditional-fit-0040,axis1_general,383,0.0007961925860819601
conditional-fit-0040,axis1_general,384,0.026070204768679415
conditional-fit-0040,axis1_general,385,0.05064839187996341
conditional-fit-0040,axis1_general,386,0.11551870779427628
conditional-fit-0040,axis1_general,387,3.0378521679253164e-05
conditional-fit-0040,axis1_general,388,8.75324493424304e-06
conditional-fit-0040,axis1_general,389,4.8938135440694655e-05
conditional-fit-0040,axis1_general,390,0.0005328917263100375
conditional-fit-0040,axis1_general,391,0.014973424412564197
conditional-fit-0040,axis1_general,392,0.22389104647679717
conditional-fit-0040,axis1_general,393,0.008094329927562895
conditional-fit-0040,axis1_general,394,0.01689341836036846
conditional-fit-0040,axis1_general,395,0.007095499631387027
conditional-fit-0040,axis1_general,396,0.02490667666319211
conditional-fit-0040,axis1_general,397,0.06982141816143397
conditional-fit-0040,axis1_general,398,0.031708861765550836
conditional-fit-0040,axis1_general,399,0.04312262954728223
conditional-fit-0040,axis1_general,400,0.01518078994190002
conditional-fit-0040,axis1_general,401,1.4911751355378183e-05
conditional-fit-0040,axis1_general,402,0.0009665001622762492
conditional-fit-0040,axis1_general,403,0.08994254600058005
conditional-fit-0040,axis1_general,404,0.018923690184434697
conditional-fit-0040,axis1_general,405,0.013933882079695134
conditional-fit-0040,axis1_general,406,0.03331941488121868
conditional-fit-0040,axis1_general,407,0.0005697586516395695
conditional-fit-0040,axis1_general,408,0.04788981319914056
conditional-fit-0040,axis1_general,409,2.6956614285773725e-06
conditional-fit-0040,axis1_general,410,0.0003475103585680397
conditional-fit-0040,axis1_general,411,0.0019105472829951372
conditional-fit-0040,axis1_general,412,2.874539394085273e-08
conditional-fit-0040,axis1_general,413,6.065750988612208e-05
conditional-fit-0040,axis1_general,414,0.06205056000460109
conditional-fit-0040,axis1_general,415,0.01403857707799203
conditional-fit-0040,axis1_general,416,0.0532930315892971
conditional-fit-0040,axis1_general,417,0.013895353772174969
conditional-fit-0040,axis1_general,418,0.008357121949335383
conditional-fit-0040,axis1_general,419,0.054760706411691396
conditional-fit-0040,axis1_general,420,0.0170625620589756
conditional-fit-0040,axis1_general,421,0.0077247071933114
conditional-fit-0040,axis1_general,422,0.0002235662307960451
conditional-fit-0040,axis1_general,423,0.003821046757347352
conditional-fit-0040,axis1_general,424,0.005095426745168517
conditional-fit-0040,axis1_general,425,0.06685446980143353
conditional-fit-0040,axis1_general,426,0.0020093797417965265
conditional-fit-0040,axis1_general,427,0.03372630168519901
conditional-fit-0040,axis1_general,428,0.028072024394751795
conditional-fit-0040,axis1_general,429,0.09762693651878086
conditional-fit-0040,axis1_general,430,0.0548585120667434
conditional-fit-0040,axis1_general,431,0.0023891837711465715
conditional-fit-0040,axis1_general,432,0.016325615698164438
conditional-fit-0040,axis1_general,433,0.005485462744716511
conditional-fit-0040,axis1_general,434,0.049526763869392434
conditional-fit-0040,axis1_general,435,0.003130390232654795
conditional-fit-0040,axis1_general,436,0.07292013603370762
conditional-fit-0040,axis1_general,437,0.001583638500310242
conditional-fit-0040,axis1_general,438,0.04344591076293121
conditional-fit-0040,axis1_general,439,0.022321461252205004
conditional-fit-0040,axis1_general,440,0.00021578071167122694
conditional-fit-0040,axis1_general,441,0.001872172929488998
conditional-fit-0040,axis1_general,442,0.06609230628657448
conditional-fit-0040,axis1_general,443,0.038541822269851304
conditional-fit-0040,axis1_general,444,0.06794561980557597
conditional-fit-0040,axis1_general,445,0.07370864027152954
conditional-fit-0040,axis1_general,446,0.10104567277795493
conditional-fit-0040,axis1_general,447,0.002729445914024361
conditional-fit-0040,axis1_general,448,0.0032322177329748634
conditional-fit-0040,axis1_general,449,0.0007278993130917025
conditional-fit-0040,axis1_general,450,0.027992686417774713
conditional-fit-0040,axis1_general,451,0.0490866892575035
conditional-fit-0040,axis1_general,452,0.0006394405317372675
conditional-fit-0040,axis1_general,453,0.0015435928522047303
conditional-fit-0040,axis1_general,454,0.025357109241110894
conditional-fit-0040,axis1_general,455,0.00023705952992866103
conditional-fit-0040,axis1_general,456,0.0003918850346591591
conditional-fit-0040,axis1_general,457,5.359371036153932e-05
conditional-fit-0040,axis1_general,458,0.00038351436738062375
conditional-fit-0040,axis1_general,459,0.005141758457862316
conditional-fit-0040,axis1_general,460,0.0003558449592668477
conditional-fit-0040,axis1_general,461,0.000858485462533305
conditional-fit-0040,axis1_general,462,0.003502668098064789
conditional-fit-0040,axis1_general,463,3.7190596470887664e-05
conditional-fit-0040,axis1_general,464,0.0006343253502441555
conditional-fit-0040,axis1_general,465,0.23527845291244884
conditional-fit-0040,axis1_general,466,0.021032332002715197
conditional-fit-0040,axis1_general,467,0.06579457292368635
conditional-fit-0040,axis1_general,468,0.06009923869916198
conditional-fit-0040,axis1_general,469,0.0009113206077259297
conditional-fit-0040,axis1_general,470,0.00116034959657314
conditional-fit-0040,axis1_general,471,9.219502903447987e-05
conditional-fit-0040,axis1_general,472,0.00045352223820801173
conditional-fit-0040,axis1_general,473,0.0009793665545682862
conditional-fit-0040,axis1_general,474,0.05997864165164223
conditional-fit-0040,axis1_general,475,3.3883103255704606e-05
conditional-fit-0040,axis1_general,476,4.798967605245493e-06
conditional-fit-0040,axis1_general,477,3.7027597074290274e-05
conditional-fit-0040,axis1_general,478,0.0004262865687519394
conditional-fit-0040,axis1_general,479,0.053774675274950515
conditional-fit-0040,axis1_general,480,0.00010125694511463614
conditional-fit-0040,axis1_general,481,0.0029109322880303042
conditional-fit-0040,axis1_general,482,0.0005532370385834201
conditional-fit-0040,axis1_general,483,0.005578886087757926
conditional-fit-0040,axis1_general,484,0.029339449531727402
conditional-fit-0040,axis1_general,485,0.0038547422390969107
conditional-fit-0040,axis1_general,486,0.04479764033164253
conditional-fit-0040,axis1_general,487,0.056092068647668615
conditional-fit-0040,axis1_general,488,0.01008503282975456
conditional-fit-0040,axis1_general,489,0.015656523833098655
conditional-fit-0040,axis1_general,490,0.0025528571834320946
conditional-fit-0040,axis1_general,491,0.003815995961892949
conditional-fit-0040,axis1_general,492,0.061802740673161674
conditional-fit-0040,axis1_general,493,0.023396520105586804
conditional-fit-0040,axis1_general,494,0.009371413906813482
conditional-fit-0040,axis1_general,495,0.009028859322251406
conditional-fit-0040,axis1_general,496,0.026263524986584318
conditional-fit-0040,axis1_general,497,0.0033207483702460457
conditional-fit-0040,axis1_general,498,0.06954460807293275
conditional-fit-0040,axis1_general,499,0.003238144234544239
conditional-fit-0040,axis1_general,500,0.00017139451239617479
conditional-fit-0040,axis1_general,501,0.029017462817704162
conditional-fit-0040,axis1_general,502,0.04127927935250285
conditional-fit-0040,axis1_general,503,0.033326828053877974
conditional-fit-0040,axis1_general,504,0.03064418852334274
conditional-fit-0040,axis1_general,505,0.0045357757409394935
conditional-fit-0040,axis1_general,506,1.842384368721587e-05
conditional-fit-0040,axis1_general,507,0.03285222832989174
conditional-fit-0040,axis1_general,508,0.028799691431776783
conditional-fit-0040,axis1_general,509,0.036382234921597395
conditional-fit-0040,axis1_general,510,0.014603497296317694
conditional-fit-0040,axis1_general,511,0.07054948313104986
conditional-fit-0040,axis1_general,512,7.089492155304774e-05
conditional-fit-0040,axis1_general,513,0.01675016291739115
conditional-fit-0040,axis1_general,514,0.08117649426296993
conditional-fit-0040,axis1_general,515,0.020754582978105694
conditional-fit-0040,axis1_general,516,0.0026807409115433174
conditional-fit-0040,axis1_general,517,0.005000943867464541
conditional-fit-0040,axis1_general,518,0.053269866650690834
conditional-fit-0040,axis1_general,519,0.055736277625525146
conditional-fit-0040,axis1_general,520,0.034288570538295295
conditional-fit-0040,axis1_general,521,0.012041942817719416
conditional-fit-0040,axis1_general,522,0.0016300976774403508
conditional-fit-0040,axis1_general,523,0.0018263099300710945
conditional-fit-0040,axis1_general,524,8.778692988164856e-06
conditional-fit-0040,axis1_general,525,7.027695266956845e-05
conditional-fit-0040,axis1_general,526,0.0507742783432323
conditional-fit-0040,axis1_general,527,0.004173824670202586
conditional-fit-0040,axis1_general,528,0.025357216401485902
conditional-fit-0040,axis1_general,529,0.05889872104805608
conditional-fit-0040,axis1_general,530,0.01983628893344903
conditional-fit-0040,axis1_general,531,0.00038430920725987956
conditional-fit-0040,axis1_general,532,0.04129136658901044
conditional-fit-0040,axis1_general,533,0.009824271930581358
conditional-fit-0040,axis1_general,534,0.0076505178638557195
conditional-fit-0040,axis1_general,535,9.371332364574447e-05
conditional-fit-0040,axis1_general,536,0.02633410019260608
conditional-fit-0040,axis1_general,537,0.004273604658042041
conditional-fit-0040,axis1_general,538,0.007249766446406554
conditional-fit-0040,axis1_general,539,0.004106402945459664
conditional-fit-0040,axis1_general,540,9.295395866007978e-05
conditional-fit-0040,axis1_general,541,0.004977630604313734
conditional-fit-0040,axis1_general,542,0.008849268860177277
conditional-fit-0040,axis1_general,543,0.025298636728052916
conditional-fit-0040,axis1_general,544,0.06771166177616435
conditional-fit-0040,axis1_general,545,0.058307124212682214
conditional-fit-0040,axis1_general,546,0.0010643893492727416
conditional-fit-0040,axis1_general,547,9.274615474907512e-05
conditional-fit-0040,axis1_general,548,0.09351358610900236
conditional-fit-0040,axis1_general,549,0.019372613209129013
conditional-fit-0040,axis1_general,550,0.03785208850267331
conditional-fit-0040,axis1_general,551,0.07031815976442199
conditional-fit-0040,axis1_general,552,0.05816509818755356
conditional-fit-0040,axis1_general,553,0.04275852927978615
conditional-fit-0040,axis1_general,554,0.000154814241789223
conditional-fit-0040,axis1_general,555,0.00010636623510953264
conditional-fit-0040,axis1_general,556,0.04315090744990603
conditional-fit-0040,axis1_general,557,3.39986250497419e-05
conditional-fit-0040,axis1_general,558,0.00018138984396218525
conditional-fit-0040,axis1_general,559,0.03938619503879864
conditional-fit-0040,axis1_general,560,0.0036528379869222166
conditional-fit-0040,axis1_general,561,0.024575329855905492
conditional-fit-0040,axis1_general,562,1.6827750219598602e-06
conditional-fit-0040,axis1_general,563,0.020862087846664944
conditional-fit-0040,axis1_general,564,0.04455265417209521
conditional-fit-0040,axis1_general,565,0.024106383026579574
conditional-fit-0040,axis1_general,566,3.5099010845376054e-05
conditional-fit-0040,axis1_general,567,0.35626751732214723
conditional-fit-0040,axis1_general,568,0.0013751433627019198
conditional-fit-0040,axis1_general,569,1.331623152227582e-05
conditional-fit-0040,axis1_general,570,1.4005301318807173e-05
conditional-fit-0040,axis1_general,571,0.0527725233351628
conditional-fit-0040,axis1_general,572,0.05089868882571312
conditional-fit-0040,axis1_general,573,0.01689767139000296
conditional-fit-0040,axis1_general,574,0.027156877951827522
conditional-fit-0040,axis1_general,575,0.007251698512918188
conditional-fit-0040,axis1_general,576,0.06561206777302465
conditional-fit-0040,axis1_general,577,0.010196898335735874
conditional-fit-0040,axis1_general,578,1.5766783780367442e-05
conditional-fit-0040,axis1_general,579,0.0006406067408945577
conditional-fit-0040,axis1_general,580,0.05578780926725785
conditional-fit-0040,axis1_general,581,0.00606301963634991
conditional-fit-0040,axis1_general,582,0.06665191352969851
conditional-fit-0040,axis1_general,583,0.003328361191361679
conditional-fit-0040,axis1_general,584,0.08131690244840697
conditional-fit-0040,axis1_general,585,1.0110997407239476e-05
conditional-fit-0040,axis1_general,586,0.00010199074230873677
conditional-fit-0040,axis1_general,587,0.0017241944160475932
conditional-fit-0040,axis1_general,588,4.604222114354516e-05
conditional-fit-0040,axis1_general,589,1.1573535869189265e-05
conditional-fit-0040,axis1_general,590,2.4462969617009158e-05
conditional-fit-0040,axis1_general,591,0.00553071697360372
conditional-fit-0040,axis1_general,592,0.01139804444898726
conditional-fit-0040,axis1_general,593,0.006825616786552332
conditional-fit-0040,axis1_general,594,0.008630550908688937
conditional-fit-0040,axis1_general,595,0.006641915119788794
conditional-fit-0040,axis1_general,596,4.504261166134211e-05
conditional-fit-0040,axis1_general,597,0.0059231506309033715
conditional-fit-0040,axis1_general,598,0.04703047404360129
conditional-fit-0040,axis1_general,599,0.02250837918392807
conditional-fit-0040,axis1_general,600,0.03129132120461613
conditional-fit-0040,axis1_general,601,0.00048609823371385645
conditional-fit-0040,axis1_general,602,1.1296220842092604e-05
conditional-fit-0040,axis1_general,603,0.0001627902144486458
conditional-fit-0040,axis1_general,604,0.023735990455547626
conditional-fit-0040,axis1_general,605,0.0006865940707028309
conditional-fit-0040,axis1_general,606,0.00373697112515038
conditional-fit-0040,axis1_general,607,0.00021431849953452813
conditional-fit-0040,axis1_general,608,0.0008691144569672915
conditional-fit-0040,axis1_general,609,0.0006769649361447049
conditional-fit-0040,axis1_general,610,0.04781324473030198
conditional-fit-0040,axis1_general,611,0.00013608720819209227
conditional-fit-0040,axis1_general,612,0.004897955174453164
conditional-fit-0040,axis1_general,613,0.004083308036462173
conditional-fit-0040,axis1_general,614,3.719255440622097e-07
conditional-fit-0040,axis1_general,615,4.834910455023625e-06
conditional-fit-0040,axis1_general,616,0.011809794015953638
conditional-fit-0040,axis1_general,617,0.02021152609886208
conditional-fit-0040,axis1_general,618,0.0009232237832368649
conditional-fit-0040,axis1_general,619,0.02039517518381103
conditional-fit-0040,axis1_general,620,0.003968224306552337
conditional-fit-0040,axis1_general,621,0.019571733443298853
conditional-fit-0040,axis1_general,622,0.0019479748520509531
conditional-fit-0040,axis1_general,623,0.023726002679650464
conditional-fit-0040,axis1_general,624,0.08297675757725992
conditional-fit-0040,axis1_general,625,0.012690314240286403
conditional-fit-0040,axis1_general,626,3.1799572008991536e-05
conditional-fit-0040,axis1_general,627,0.003938945542326973
conditional-fit-0040,axis1_general,628,0.04000511660860164
conditional-fit-0040,axis1_general,629,0.07102677986640332
conditional-fit-0040,axis1_general,630,0.006792314661748466
conditional-fit-0040,axis1_general,631,0.01944244664154726
conditional-fit-0040,axis1_general,632,0.0005895367181471417
conditional-fit-0040,axis1_general,633,0.02480738092164206
conditional-fit-0040,axis1_general,634,0.05086969528773534
conditional-fit-0040,axis1_general,635,0.014328426528253176
conditional-fit-0040,axis1_general,636,6.876710777941767e-05
conditional-fit-0040,axis1_general,637,0.0012356691007587783
conditional-fit-0040,axis1_general,638,0.005655320913312822
conditional-fit-0040,axis1_general,639,0.00038019277090058003
conditional-fit-0040,axis1_general,640,0.009422204496691261
conditional-fit-0040,axis1_general,641,0.004812260140342749
conditional-fit-0040,axis1_general,642,0.04473842694658721
conditional-fit-0040,axis1_general,643,0.05472448837464278
conditional-fit-0040,axis1_general,644,0.002603661950484444
conditional-fit-0040,axis1_general,645,0.0003297285341957473
conditional-fit-0040,axis1_general,646,0.03877057285036664
conditional-fit-0040,axis1_general,647,0.0002056241733869775
conditional-fit-0040,axis1_general,648,0.0002431753460697618
conditional-fit-0040,axis1_general,649,0.000477316405032112
conditional-fit-0040,axis1_general,650,0.14301014304728496
conditional-fit-0040,axis1_general,651,0.05850264389151782
conditional-fit-0040,axis1_general,652,0.021254260514272864
conditional-fit-0040,axis1_general,653,0.08293358862843345
conditional-fit-0040,axis1_general,654,0.0021707163524393724
conditional-fit-0040,axis1_general,655,0.028513433155507813
conditional-fit-0040,axis1_general,656,0.05382666456054979
conditional-fit-0040,axis1_general,657,0.00044614314970570343
conditional-fit-0040,axis1_general,658,0.03838167864843595
conditional-fit-0040,axis1_general,659,0.00023954418270011487
conditional-fit-0040,axis1_general,660,0.00011975004209729619
conditional-fit-0040,axis1_general,661,4.438982738872368e-05
conditional-fit-0040,axis1_general,662,7.552089756947534e-05
conditional-fit-0040,axis1_general,663,0.0012642436619394208
conditional-fit-0040,axis1_general,664,6.875010699147969e-05
conditional-fit-0040,axis1_general,665,3.886333599635748e-05
conditional-fit-0040,axis1_general,666,6.492662297402211e-05
conditional-fit-0040,axis1_general,667,1.5418744344193314e-05
conditional-fit-0040,axis1_general,668,0.0004994272945117316
conditional-fit-0040,axis1_general,669,0.1170780767314193
conditional-fit-0040,axis1_general,670,0.02450391234004045
conditional-fit-0040,axis1_general,671,0.055658711370242385
conditional-fit-0040,axis1_general,672,0.00047880475540698115
conditional-fit-0040,axis1_general,673,0.005131631526528584
conditional-fit-0040,axis1_general,674,0.0001289039884756467
conditional-fit-0040,axis1_general,675,0.0005082503927013489
conditional-fit-0040,axis1_general,676,0.024123012055243132
conditional-fit-0040,axis1_general,677,0.000912811725544549
conditional-fit-0040,axis1_general,678,5.7496566307216446e-05
conditional-fit-0040,axis1_general,679,0.0005332911797914916
conditional-fit-0040,axis1_general,680,0.00013293584790026477
conditional-fit-0040,axis1_general,681,0.0019067724468582474
conditional-fit-0040,axis1_general,682,0.029470618221058422
conditional-fit-0040,axis1_general,683,9.187029490606361e-05
conditional-fit-0040,axis1_general,684,0.04109236955302613
conditional-fit-0040,axis1_general,685,0.05649333740223493
conditional-fit-0040,axis1_general,686,0.22849164916014253
conditional-fit-0040,axis1_general,687,0.0008801903430576833
conditional-fit-0040,axis1_general,688,0.01261494345246749
conditional-fit-0040,axis1_general,689,0.14150236439442276
conditional-fit-0040,axis1_general,690,0.03163304419180922
conditional-fit-0040,axis1_general,691,0.011564107972916522
conditional-fit-0040,axis1_general,692,0.0031609394093341297
conditional-fit-0040,axis1_general,693,0.00014417508591936485
conditional-fit-0040,axis1_general,694,0.06777307012021684
conditional-fit-0040,axis1_general,695,0.048126698749465936
conditional-fit-0040,axis1_general,696,0.07297367360586147
conditional-fit-0040,axis1_general,697,0.01647263095461817
conditional-fit-0040,axis1_general,698,0.01581051544753464
conditional-fit-0040,axis1_general,699,0.016062330693141978
conditional-fit-0040,axis1_general,700,0.003810828083635632
conditional-fit-0040,axis1_general,701,0.004228048933021597
conditional-fit-0040,axis1_general,702,0.0027944542235328884
conditional-fit-0040,axis1_general,703,0.024668286830265094
conditional-fit-0040,axis1_general,704,0.0336264133793456
conditional-fit-0040,axis1_general,705,0.01649127375725997
conditional-fit-0040,axis1_general,706,0.0006391820493684924
conditional-fit-0040,axis1_general,707,0.006816454636527655
conditional-fit-0040,axis1_general,708,0.05031717677731175
conditional-fit-0040,axis1_general,709,0.00023511633956723788
conditional-fit-0040,axis1_general,710,0.03580292600266759
conditional-fit-0040,axis1_general,711,2.3361667609062415e-05
conditional-fit-0040,axis1_general,712,0.004322781788186229
conditional-fit-0040,axis1_general,713,0.023427083412758787
conditional-fit-0040,axis1_general,714,0.04950971258344415
conditional-fit-0040,axis1_general,715,0.038512099920805495
conditional-fit-0040,axis1_general,716,0.009733377866093226
conditional-fit-0040,axis1_general,717,0.01911208178099297
conditional-fit-0040,axis1_general,718,0.04123175026294665
conditional-fit-0040,axis1_general,719,0.025508589507616156
conditional-fit-0040,axis1_general,720,0.0003179348648216828
conditional-fit-0040,axis1_general,721,1.674964315259932e-05
conditional-fit-0040,axis1_general,722,0.00010826368679588887
conditional-fit-0040,axis1_general,723,0.08056413076319549
conditional-fit-0040,axis1_general,724,0.041247989975728545
conditional-fit-0040,axis1_general,725,0.0032268762866278066
conditional-fit-0040,axis1_general,726,0.01820889707543294
conditional-fit-0040,axis1_general,727,0.03711557035863108
conditional-fit-0040,axis1_general,728,4.068007497637091e-05
conditional-fit-0040,axis1_general,729,0.0012136195930532788
conditional-fit-0040,axis1_general,730,0.002148619125148931
conditional-fit-0040,axis1_general,731,0.00014970264567534632
conditional-fit-0040,axis1_general,732,0.0005334910981276294
conditional-fit-0040,axis1_general,733,0.0935294507998015
conditional-fit-0040,axis1_general,734,0.08963279580240262
conditional-fit-0040,axis1_general,735,0.04689171790475246
conditional-fit-0040,axis1_general,736,0.0030691862328895724
conditional-fit-0040,axis1_general,737,0.00010127748959423482
conditional-fit-0040,axis1_general,738,4.3500136632237236e-05
conditional-fit-0040,axis1_general,739,0.0022030436147855176
conditional-fit-0040,axis1_general,740,0.040585654051034425
conditional-fit-0040,axis1_general,741,0.0022704837099066424
conditional-fit-0040,axis1_general,742,0.00016976078295031626
conditional-fit-0040,axis1_general,743,0.00011977552899707965
conditional-fit-0040,axis1_general,744,2.298085069866349e-05
conditional-fit-0040,axis1_general,745,0.00036527953639797685
conditional-fit-0040,axis1_general,746,0.04878824688044059
conditional-fit-0040,axis1_general,747,0.00011264072677043328
conditional-fit-0040,axis1_general,748,0.018251653172141946
conditional-fit-0040,axis1_general,749,0.14100425559959084
conditional-fit-0040,axis1_general,750,0.026302101100683376
conditional-fit-0040,axis1_general,751,0.002527310552508205
conditional-fit-0040,axis1_general,752,0.02897028842271036
conditional-fit-0040,axis1_general,753,0.08217561274440327
conditional-fit-0040,axis1_general,754,0.00026348299491126925
conditional-fit-0040,axis1_general,755,0.00046402202005132705
conditional-fit-0040,axis1_general,756,0.08248091817005253
conditional-fit-0040,axis1_general,757,0.08178790230857177
conditional-fit-0040,axis1_general,758,0.10516729598781563
conditional-fit-0040,axis1_general,759,0.04190960208572764
conditional-fit-0040,axis1_general,760,0.006009423764564266
conditional-fit-0040,axis1_general,761,0.049030194406345214
conditional-fit-0040,axis1_general,762,0.1274308625386504
conditional-fit-0040,axis1_general,763,0.00025534147875623097
conditional-fit-0040,axis1_general,764,0.0017162520810818536
conditional-fit-0040,axis1_general,765,1.9872925093540348e-05
conditional-fit-0040,axis1_general,766,0.0005259013821883178
conditional-fit-0040,axis1_general,767,0.0357665019759062
conditional-fit-0040,axis1_general,768,0.02558196621788636
conditional-fit-0040,axis1_general,769,0.026005900212081545
conditional-fit-0040,axis1_general,770,0.03560436444270834
conditional-fit-0040,axis1_general,771,4.425933181669551e-05
conditional-fit-0040,axis1_general,772,0.012436656844767226
conditional-fit-0040,axis1_general,773,0.017201303357924254
conditional-fit-0040,axis1_general,774,0.0033988715170250898
conditional-fit-0040,axis1_general,775,0.03659980267661596
conditional-fit-0040,axis1_general,776,9.063783081111133e-05
conditional-fit-0040,axis1_general,777,0.00047590578497610554
conditional-fit-0040,axis1_general,778,0.023698980792979392
conditional-fit-0040,axis1_general,779,0.010889083973840401
conditional-fit-0040,axis1_general,780,0.027012835738682243
conditional-fit-0040,axis1_general,781,0.0031156573970334434
conditional-fit-0040,axis1_general,782,0.03574562849665246
conditional-fit-0040,axis1_general,783,0.012006840824104793
conditional-fit-0040,axis1_general,784,0.11707939324308679
conditional-fit-0040,axis1_general,785,0.09163056012398182
conditional-fit-0040,axis1_general,786,0.0195111495024501
conditional-fit-0040,axis1_general,787,0.07190939890971637
conditional-fit-0040,axis1_general,788,5.32526083950281e-05
conditional-fit-0040,axis1_general,789,0.0005278739832402187
conditional-fit-0040,axis1_general,790,0.00041001985695432013
conditional-fit-0040,axis1_general,791,0.029178474363913767
conditional-fit-0040,axis1_general,792,0.02214934046524012
conditional-fit-0040,axis1_general,793,0.011118509620175292
conditional-fit-0040,axis1_general,794,0.009123167005450749
conditional-fit-0040,axis1_general,795,0.0031951091472660733
conditional-fit-0040,axis1_general,796,0.004794784316294376
conditional-fit-0040,axis1_general,797,0.0470230421112581
conditional-fit-0040,axis1_general,798,0.005770019761371955
conditional-fit-0040,axis1_general,799,0.023451168958153898
conditional-fit-0040,axis1_general,800,1.729571818304031e-05
conditional-fit-0040,axis1_general,801,7.30741915174397e-05
conditional-fit-0040,axis1_general,802,0.04952587590488701
conditional-fit-0040,axis1_general,803,0.007951620690976546
conditional-fit-0040,axis1_general,804,0.00652501813483926
conditional-fit-0040,axis1_general,805,0.022223316037092006
conditional-fit-0040,axis1_general,806,0.03475130522968728
conditional-fit-0040,axis1_general,807,0.01784385938826248
conditional-fit-0040,axis1_general,808,0.0339047618717122
conditional-fit-0040,axis1_general,809,0.009530649282866016
conditional-fit-0040,axis1_general,810,0.0052501158377790055
conditional-fit-0040,axis1_general,811,1.4835826588637638e-07
conditional-fit-0040,axis1_general,812,1.1172467021626057e-05
conditional-fit-0040,axis1_general,813,0.006813559301657322
conditional-fit-0040,axis1_general,814,0.020124073181488945
conditional-fit-0040,axis1_general,815,0.00013588896304404425
conditional-fit-0040,axis1_general,816,0.038097060859771936
conditional-fit-0040,axis1_general,817,0.03676849294539161
conditional-fit-0040,axis1_general,818,1.1233880885097925e-05
conditional-fit-0040,axis1_general,819,0.013028133847002606
conditional-fit-0040,axis1_general,820,0.003057798173452475
conditional-fit-0040,axis1_general,821,0.0002756831889584759
conditional-fit-0040,axis1_general,822,0.001942639760353397
conditional-fit-0040,axis1_general,823,0.053178515729775375
conditional-fit-0040,axis1_general,824,0.0027178420735033734
conditional-fit-0040,axis1_general,825,0.00705520630248329
conditional-fit-0040,axis1_general,826,0.008001171711020664
conditional-fit-0040,axis1_general,827,0.009407932996667734
conditional-fit-0040,axis1_general,828,0.002876089439409362
conditional-fit-0040,axis1_general,829,0.008319699537861745
conditional-fit-0040,axis1_general,830,0.028792105035882264
conditional-fit-0040,axis1_general,831,0.0011994163157335142
conditional-fit-0040,axis1_general,832,0.0006721072667924042
conditional-fit-0040,axis1_general,833,0.009749247337510796
conditional-fit-0040,axis1_general,834,0.0005510444127259513
conditional-fit-0040,axis1_general,835,0.03208355842252948
conditional-fit-0040,axis1_general,836,0.22782288473834222
conditional-fit-0040,axis1_general,837,9.01812101429092e-05
conditional-fit-0040,axis1_general,838,0.03183176639640885
conditional-fit-0040,axis1_general,839,2.297305429903829e-05
conditional-fit-0040,axis1_general,840,0.01487748556696242
conditional-fit-0040,axis1_general,841,0.047004379629987755
conditional-fit-0040,axis1_general,842,0.10680695710934499
conditional-fit-0040,axis1_general,843,0.0002490800301644317
conditional-fit-0040,axis1_general,844,0.016274662295251166
conditional-fit-0040,axis1_general,845,2.878002588583956e-05
conditional-fit-0040,axis1_general,846,0.015317126643011797
conditional-fit-0040,axis1_general,847,0.029162266798577988
conditional-fit-0040,axis1_general,848,0.016333247650766942
conditional-fit-0040,axis1_general,849,0.005294053019546266
conditional-fit-0040,axis1_general,850,0.006498410555202332
conditional-fit-0040,axis1_general,851,0.01731753794515459
conditional-fit-0040,axis1_general,852,0.007715066588835879
conditional-fit-0040,axis1_general,853,0.03093385895631955
conditional-fit-0040,axis1_general,854,0.03751159552734866
conditional-fit-0040,axis1_general,855,0.026200659223674518
conditional-fit-0040,axis1_general,856,0.0026322717904666924
conditional-fit-0040,axis1_general,857,0.008210942044895022
conditional-fit-0040,axis1_general,858,0.0007729394574875501
conditional-fit-0040,axis1_general,859,0.0001906647416953233
conditional-fit-0040,axis1_general,860,7.909856037137526e-05
conditional-fit-0040,axis1_general,861,4.1698313381927457e-05
conditional-fit-0040,axis1_general,862,0.0002496822703946624
conditional-fit-0040,axis1_general,863,0.0003028508358945833
conditional-fit-0040,axis1_general,864,9.51926009650765e-05
conditional-fit-0040,axis1_general,865,0.00011854045036776023
conditional-fit-0040,axis1_general,866,0.00023759155553516086
conditional-fit-0040,axis1_general,867,0.0003111434059900503
conditional-fit-0040,axis1_general,868,0.1509079767592852
conditional-fit-0040,axis1_general,869,0.2135179247086149
conditional-fit-0040,axis1_general,870,0.051928939350522244
conditional-fit-0040,axis1_general,871,0.0200230702540991
conditional-fit-0040,axis1_general,872,0.0032508397082806734
conditional-fit-0040,axis1_general,873,0.0003340426803059579
conditional-fit-0040,axis1_general,874,1.1881682778435609e-05
conditional-fit-0040,axis1_general,875,0.00030346608651280187
conditional-fit-0040,axis1_general,876,0.013021344357606057
conditional-fit-0040,axis1_general,877,0.00032393054577690744
conditional-fit-0040,axis1_general,878,1.650841055203536e-05
conditional-fit-0040,axis1_general,879,8.617868564126803e-06
conditional-fit-0040,axis1_general,880,7.244847096727914e-05
conditional-fit-0040,axis1_general,881,0.0010325431296057566
conditional-fit-0040,axis1_general,882,0.0373781109815147
conditional-fit-0040,axis1_general,883,0.0005194671402424091
conditional-fit-0040,axis1_general,884,0.014949997758263799
conditional-fit-0040,axis1_general,885,0.02382286903153645
conditional-fit-0040,axis1_general,886,0.03578481938512789
conditional-fit-0040,axis1_general,887,0.0020693946776476906
conditional-fit-0040,axis1_general,888,0.0057104674174586565
conditional-fit-0040,axis1_general,889,0.026102644433021426
conditional-fit-0040,axis1_general,890,0.05587916029672072
conditional-fit-0040,axis1_general,891,0.022270741437311337
conditional-fit-0040,axis1_general,892,0.010982933327544677
conditional-fit-0040,axis1_general,893,0.0012402139376054512
conditional-fit-0040,axis1_general,894,0.04919687135578468
conditional-fit-0040,axis1_general,895,0.14547772663738776
conditional-fit-0040,axis1_general,896,0.0016684990874047967
conditional-fit-0040,axis1_general,897,0.08372252279512007
conditional-fit-0040,axis1_general,898,0.07383391022230401
conditional-fit-0040,axis1_general,899,0.0067513179973244805
conditional-fit-0040,axis1_general,900,0.0685277602594854
conditional-fit-0040,axis1_general,901,0.0027545565423295324
conditional-fit-0040,axis1_general,902,0.015433043812698279
conditional-fit-0040,axis1_general,903,0.0009204007506223515
conditional-fit-0040,axis1_general,904,9.572761766467211e-05
conditional-fit-0040,axis1_general,905,0.07522574471359561
conditional-fit-0040,axis1_general,906,0.054973606763260394
conditional-fit-0040,axis1_general,907,0.08968992218888582
conditional-fit-0040,axis1_general,908,0.052490541778861304
conditional-fit-0040,axis1_general,909,0.03303633625509307
conditional-fit-0040,axis1_general,910,0.039009999299841315
conditional-fit-0040,axis1_general,911,0.035869515676128616
conditional-fit-0040,axis1_general,912,6.618407644430972e-07
conditional-fit-0040,axis1_general,913,0.0035416632666741
conditional-fit-0040,axis1_general,914,0.04565409610247287
conditional-fit-0040,axis1_general,915,0.0007283797252744953
conditional-fit-0040,axis1_general,916,0.0001675497580366698
conditional-fit-0040,axis1_general,917,2.5553869120796563e-05
conditional-fit-0040,axis1_general,918,0.027657128557368182
conditional-fit-0040,axis1_general,919,0.018397162028836903
conditional-fit-0040,axis1_general,920,0.03603600008594266
conditional-fit-0040,axis1_general,921,0.0021428587545293974
conditional-fit-0040,axis1_general,922,0.025135893572843262
conditional-fit-0040,axis1_general,923,0.04126058753611882
conditional-fit-0040,axis1_general,924,0.02559150264584432
conditional-fit-0040,axis1_general,925,0.06489143493894012
conditional-fit-0040,axis1_general,926,0.02192190274316084
conditional-fit-0040,axis1_general,927,0.0012091388141177435
conditional-fit-0040,axis1_general,928,1.3976009525285562e-05
conditional-fit-0040,axis1_general,929,0.0003939226282716646
conditional-fit-0040,axis1_general,930,0.03575817978588179
conditional-fit-0040,axis1_general,931,0.016356544753314183
conditional-fit-0040,axis1_general,932,0.004727570841223485
conditional-fit-0040,axis1_general,933,0.0012512086159546499
conditional-fit-0040,axis1_general,934,0.0393131054541729
conditional-fit-0040,axis1_general,935,0.008192362718168627
conditional-fit-0040,axis1_general,936,0.028443150425065
conditional-fit-0040,axis1_general,937,0.05511803933436027
conditional-fit-0040,axis1_general,938,0.00011700333334465946
conditional-fit-0040,axis1_general,939,0.18616862927279273
conditional-fit-0040,axis1_general,940,0.0019685255823820367
conditional-fit-0040,axis1_general,941,0.06133114137907775
conditional-fit-0040,axis1_general,942,0.028319279348766564
conditional-fit-0040,axis1_general,943,0.04609827243952526
conditional-fit-0040,axis1_general,944,0.023257510014322753
conditional-fit-0040,axis1_general,945,0.06569337899814785
conditional-fit-0040,axis1_general,946,9.334635349209433e-05
conditional-fit-0040,axis1_general,947,7.48578867569741e-05
conditional-fit-0040,axis1_general,948,0.00018334786297883194
conditional-fit-0040,axis1_general,949,0.006478026303196688
conditional-fit-0040,axis1_general,950,0.06489171731302595
conditional-fit-0040,axis1_general,951,0.05083034598681287
conditional-fit-0040,axis1_general,952,0.0008779701713875787
conditional-fit-0040,axis1_general,953,0.008690496507572056
conditional-fit-0040,axis1_general,954,0.00038059256554317936
conditional-fit-0040,axis1_general,955,0.0691394212148782
conditional-fit-0040,axis1_general,956,0.028669584389839298
conditional-fit-0040,axis1_general,957,0.08911860650132164
conditional-fit-0040,axis1_general,958,0.011342495593729573
conditional-fit-0040,axis1_general,959,0.0033460475797851908
conditional-fit-0040,axis1_general,960,0.015604735984498835
conditional-fit-0040,axis1_general,961,0.00024120751767202527
conditional-fit-0040,axis1_general,962,0.0006084453326810808
conditional-fit-0040,axis1_general,963,0.09482817041826772
conditional-fit-0040,axis1_general,964,0.023896687226745723
conditional-fit-0040,axis1_general,965,0.047908811333971235
conditional-fit-0040,axis1_general,966,0.03748199732761842
conditional-fit-0040,axis1_general,967,0.07679895796719037
conditional-fit-0040,axis1_general,968,0.04621119776401232
conditional-fit-0040,axis1_general,969,0.0009491108520104014
conditional-fit-0040,axis1_general,970,0.0010113408058185919
conditional-fit-0040,axis1_general,971,7.41949259458522e-06
conditional-fit-0040,axis1_general,972,0.00017855501842969294
conditional-fit-0040,axis1_general,973,0.18702884251869986
conditional-fit-0040,axis1_general,974,0.06684815638536062
conditional-fit-0040,axis1_general,975,0.04327626771962931
conditional-fit-0040,axis1_general,976,0.08174868160793372
conditional-fit-0040,axis1_general,977,0.00198943559876559
conditional-fit-0040,axis1_general,978,0.07210426731291923
conditional-fit-0040,axis1_general,979,0.00651931872799944
conditional-fit-0040,axis1_general,980,0.03042321821785004
conditional-fit-0040,axis1_general,981,0.060636349564223896
conditional-fit-0040,axis1_general,982,0.004619727156877928
conditional-fit-0040,axis1_general,983,3.4593801838407316e-05
conditional-fit-0040,axis1_general,984,5.507879487651498e-05
conditional-fit-0040,axis1_general,985,0.057225857805797524
conditional-fit-0040,axis1_general,986,0.029154901209315028
conditional-fit-0040,axis1_general,987,9.561127285769159e-05
conditional-fit-0040,axis1_general,988,0.00033663432844673025
conditional-fit-0040,axis1_general,989,0.018729177462069667
conditional-fit-0040,axis1_general,990,0.055831949044241
conditional-fit-0040,axis1_general,991,0.002525772895969521
conditional-fit-0040,axis1_general,992,9.66336887582552e-05
conditional-fit-0040,axis1_general,993,9.299766256826389e-05
conditional-fit-0040,axis1_general,994,0.03630158163397154
conditional-fit-0040,axis1_general,995,0.01859426692076542
conditional-fit-0040,axis1_general,996,0.0697234860451083
conditional-fit-0040,axis1_general,997,0.0405320552999041
conditional-fit-0040,axis1_general,998,0.0247796271192122
conditional-fit-0040,axis1_general,999,0.02437253950886931
conditional-fit-0040,axis1_general,1000,0.002477685997691328
conditional-fit-0040,axis1_general,1001,0.00026923571422219006
conditional-fit-0040,axis1_general,1002,0.0055409181396263475
conditional-fit-0040,axis1_general,1003,4.583528945487623e-05
conditional-fit-0040,axis1_general,1004,0.001418977331171392
conditional-fit-0040,axis1_general,1005,0.06896851568327272
conditional-fit-0040,axis1_general,1006,0.01817495466192813
conditional-fit-0040,axis1_general,1007,0.01094143948303659
conditional-fit-0040,axis1_general,1008,0.013368424979857643
conditional-fit-0040,axis1_general,1009,0.0949871368796481
conditional-fit-0040,axis1_general,1010,0.05074705772468685
conditional-fit-0040,axis1_general,1011,0.03841711951941541
conditional-fit-0040,axis1_general,1012,2.5531180411123256e-05
conditional-fit-0040,axis1_general,1013,0.000517960043712235
conditional-fit-0040,axis1_general,1014,0.0006851602944537593
conditional-fit-0040,axis1_general,1015,8.035224750027118e-07
conditional-fit-0040,axis1_general,1016,5.2668911280236226e-05
conditional-fit-0040,axis1_general,1017,0.00587432972629871
conditional-fit-0040,axis1_general,1018,0.02517137127872482
conditional-fit-0040,axis1_general,1019,0.059526265687603136
conditional-fit-0040,axis1_general,1020,0.07084992813244743
conditional-fit-0040,axis1_general,1021,0.04485437171544028
conditional-fit-0040,axis1_general,1022,0.00038894705430176854
conditional-fit-0040,axis1_general,1023,0.021088268000947978
conditional-fit-0040,axis1_general,1024,0.04623374791340417
conditional-fit-0040,axis1_general,1025,3.164229249959854e-05
conditional-fit-0040,axis1_general,1026,0.025970007646051483
conditional-fit-0040,axis1_general,1027,3.4299861590705e-05
conditional-fit-0040,axis1_general,1028,0.00197007799981291
conditional-fit-0040,axis1_general,1029,0.06810025097050083
conditional-fit-0040,axis1_general,1030,0.06386904520832824
conditional-fit-0040,axis1_general,1031,0.011657466834234149
conditional-fit-0040,axis1_general,1032,0.01788776913887346
conditional-fit-0040,axis1_general,1033,0.078656317760784
conditional-fit-0040,axis1_general,1034,0.028341144371645925
conditional-fit-0040,axis1_general,1035,0.0007832409169020103
conditional-fit-0040,axis1_general,1036,8.698753181775201e-05
conditional-fit-0040,axis1_general,1037,0.129042219091348
conditional-fit-0040,axis1_general,1038,0.0431589049146552
conditional-fit-0040,axis1_general,1039,0.01801739969579366
conditional-fit-0040,axis1_general,1040,0.0005054500395141944
conditional-fit-0040,axis1_general,1041,0.03955695459916235
conditional-fit-0040,axis1_general,1042,0.014833057090960396
conditional-fit-0040,axis1_general,1043,0.024118379335764113
conditional-fit-0040,axis1_general,1044,1.0204452343728364e-05
conditional-fit-0040,axis1_general,1045,3.446715687388904e-05
conditional-fit-0040,axis1_general,1046,0.0596923343964824
conditional-fit-0040,axis1_general,1047,1.7314190988256898e-05
conditional-fit-0040,axis1_general,1048,0.01825154513751133
conditional-fit-0040,axis1_general,1049,0.044126666132965404
conditional-fit-0040,axis1_general,1050,0.00255253794411705
conditional-fit-0040,axis1_general,1051,0.06274776141791467
conditional-fit-0040,axis1_general,1052,0.06690288863803065
conditional-fit-0040,axis1_general,1053,0.010719706266943806
conditional-fit-0040,axis1_general,1054,0.016606737474065814
conditional-fit-0040,axis1_general,1055,2.1464735905262127e-06
conditional-fit-0040,axis1_general,1056,0.0020616812323738312
conditional-fit-0040,axis1_general,1057,0.00400912108038591
conditional-fit-0040,axis1_general,1058,0.04440863720106353
conditional-fit-0040,axis1_general,1059,0.01868459930880994
conditional-fit-0040,axis1_general,1060,0.03639884665842143
conditional-fit-0040,axis1_general,1061,0.01671820541350086
conditional-fit-0040,axis1_general,1062,0.01008907677742285
conditional-fit-0040,axis1_general,1063,0.00335174240787105
conditional-fit-0040,axis1_general,1064,0.02211775665040927
conditional-fit-0040,axis1_general,1065,0.07049748404516301
conditional-fit-0040,axis1_general,1066,0.050815295339106115
conditional-fit-0040,axis1_general,1067,4.323479804178164e-05
conditional-fit-0040,axis1_general,1068,0.0009887039809344878
conditional-fit-0040,axis1_general,1069,0.02402088923803358
conditional-fit-0040,axis1_general,1070,0.023566525692867706
conditional-fit-0040,axis1_general,1071,0.000895806932907325
conditional-fit-0040,axis1_general,1072,0.0006688946914779211
conditional-fit-0040,axis1_general,1073,0.022034079342057353
conditional-fit-0040,axis1_general,1074,0.14143683498133136
conditional-fit-0040,axis1_general,1075,0.015586983468848572
conditional-fit-0040,axis1_general,1076,0.06406187987672823
conditional-fit-0040,axis1_general,1077,0.03099931308419331
conditional-fit-0040,axis1_general,1078,2.912163272829584e-05
conditional-fit-0040,axis1_general,1079,0.00026899434339605784
conditional-fit-0040,axis1_general,1080,0.0009516785857544858
conditional-fit-0040,axis1_general,1081,0.03133168668379114
conditional-fit-0040,axis1_general,1082,0.00014416740885999095
conditional-fit-0040,axis1_general,1083,0.0491978666843372
conditional-fit-0040,axis1_general,1084,0.032722786116423944
conditional-fit-0040,axis1_general,1085,0.008714670431502817
conditional-fit-0040,axis1_general,1086,0.02045462207373972
conditional-fit-0040,axis1_general,1087,0.02723602412455598
conditional-fit-0040,axis1_general,1088,0.06965220402562398
conditional-fit-0040,axis1_general,1089,0.06531048666143789
conditional-fit-0040,axis1_general,1090,0.0004482174940251701
conditional-fit-0040,axis1_general,1091,0.025779710159411953
conditional-fit-0040,axis1_general,1092,0.0001287098613981372
conditional-fit-0040,axis1_general,1093,0.022424215916702024
conditional-fit-0040,axis1_general,1094,6.893420960294404e-05
conditional-fit-0040,axis1_general,1095,0.0713796594713732
conditional-fit-0040,axis1_general,1096,0.017262616795993897
conditional-fit-0040,axis1_general,1097,0.0560741067024136
conditional-fit-0040,axis1_general,1098,0.010482584939861123
conditional-fit-0040,axis1_general,1099,0.17128896270821706
conditional-fit-0040,axis1_general,1100,0.07648976749879513
conditional-fit-0040,axis1_general,1101,0.006612875738182368
conditional-fit-0040,axis1_general,1102,0.04183079410343776
conditional-fit-0040,axis1_general,1103,0.0004909059199706032
conditional-fit-0040,axis1_general,1104,0.00015698050726771956
conditional-fit-0040,axis1_general,1105,6.76978658839388e-05
conditional-fit-0040,axis1_general,1106,5.3846227766322925e-05
conditional-fit-0040,axis1_general,1107,0.010991925923403064
conditional-fit-0040,axis1_general,1108,0.00016731701401535154
conditional-fit-0040,axis1_general,1109,0.0001050056643532697
conditional-fit-0040,axis1_general,1110,3.0309416166268514e-05
conditional-fit-0040,axis1_general,1111,0.00015523097068647658
conditional-fit-0040,axis1_general,1112,0.0003926863134733265
conditional-fit-0040,axis1_general,1113,0.10722052725508227
conditional-fit-0040,axis1_general,1114,0.062113714268049014
conditional-fit-0040,axis1_general,1115,0.04638288074376411
conditional-fit-0040,axis1_general,1116,0.0012820321432728907
conditional-fit-0040,axis1_general,1117,0.0015230280478923898
conditional-fit-0040,axis1_general,1118,0.00024689393122725854
conditional-fit-0040,axis1_general,1119,0.00010864544572267489
conditional-fit-0040,axis1_general,1120,0.0005677911613724352
conditional-fit-0040,axis1_general,1121,0.0012786477553125097
conditional-fit-0040,axis1_general,1122,2.4390243425186098e-05
conditional-fit-0040,axis1_general,1123,3.5088029719218785e-05
conditional-fit-0040,axis1_general,1124,0.0003408517501951294
conditional-fit-0040,axis1_general,1125,0.0010123571937914507
conditional-fit-0040,axis1_general,1126,0.008213986423302164
conditional-fit-0040,axis1_general,1127,9.93869508309802e-05
conditional-fit-0040,axis1_general,1128,0.0025992788781828754
conditional-fit-0040,axis1_general,1129,0.008993525571809755
conditional-fit-0040,axis1_general,1130,0.0141646592848833
conditional-fit-0040,axis1_general,1131,0.004349297171759806
conditional-fit-0040,axis1_general,1132,0.025549554446021878
conditional-fit-0040,axis1_general,1133,0.018904550367645608
conditional-fit-0040,axis1_general,1134,0.013977455913581899
conditional-fit-0040,axis1_general,1135,0.0015816792245822516
conditional-fit-0040,axis1_general,1136,0.0007062526583892527
conditional-fit-0040,axis1_general,1137,0.026904711523794464
conditional-fit-0040,axis1_general,1138,0.0012350623209171191
conditional-fit-0040,axis1_general,1139,0.005729155179165415
conditional-fit-0040,axis1_general,1140,0.012604801965011913
conditional-fit-0040,axis1_general,1141,0.04512300484449956
conditional-fit-0040,axis1_general,1142,0.04294638943863431
conditional-fit-0040,axis1_general,1143,0.0045707073570117746
conditional-fit-0040,axis1_general,1144,0.00012444388681951505
conditional-fit-0040,axis1_general,1145,0.00019510741096180487
conditional-fit-0040,axis1_general,1146,0.0872862799978495
conditional-fit-0040,axis1_general,1147,0.02594636500469563
conditional-fit-0040,axis1_general,1148,0.00011488790749740035
conditional-fit-0040,axis1_general,1149,0.024032193641412045
conditional-fit-0040,axis1_general,1150,0.08614848202263392
conditional-fit-0040,axis1_general,1151,0.029648557583077828
conditional-fit-0040,axis1_general,1152,0.029548201890609208
conditional-fit-0040,axis1_general,1153,0.00026812303923070657
conditional-fit-0040,axis1_general,1154,4.45966076626035e-06
conditional-fit-0040,axis1_general,1155,0.00018001301996843996
conditional-fit-0040,axis1_general,1156,0.039691231034965926
conditional-fit-0040,axis1_general,1157,0.003765092598080967
conditional-fit-0040,axis1_general,1158,0.03351567777151852
conditional-fit-0040,axis1_general,1159,0.0019320426253029554
conditional-fit-0040,axis1_general,1160,0.0005291567232951456
conditional-fit-0040,axis1_general,1161,0.020278076928783792
conditional-fit-0040,axis1_general,1162,0.04199984574701973
conditional-fit-0040,axis1_general,1163,0.012442867112426783
conditional-fit-0040,axis1_general,1164,0.007639936419455826
conditional-fit-0040,axis1_general,1165,0.00022258430486715686
conditional-fit-0040,axis1_general,1166,4.370663049668505e-07
conditional-fit-0040,axis1_general,1167,9.391498363962254e-05
conditional-fit-0040,axis1_general,1168,0.024210753475424528
conditional-fit-0040,axis1_general,1169,0.0066829096248809455
conditional-fit-0040,axis1_general,1170,0.06294683497774084
conditional-fit-0040,axis1_general,1171,0.0002239504384993204
conditional-fit-0040,axis1_general,1172,0.0032618718645186333
conditional-fit-0040,axis1_general,1173,9.791033906125297e-05
conditional-fit-0040,axis1_general,1174,0.0641547348366464
conditional-fit-0040,axis1_general,1175,0.043902970822644355
conditional-fit-0040,axis1_general,1176,1.224393556951311e-05
conditional-fit-0040,axis1_general,1177,0.0026161713658755664
conditional-fit-0040,axis1_general,1178,0.0002456355555116622
conditional-fit-0040,axis1_general,1179,0.029459061523782578
conditional-fit-0040,axis1_general,1180,0.03037578682669822
conditional-fit-0040,axis1_general,1181,0.008122062422012025
conditional-fit-0040,axis1_general,1182,0.003773444890690182
conditional-fit-0040,axis1_general,1183,1.8774272489798917e-06
conditional-fit-0040,axis1_general,1184,0.00012068571854329512
conditional-fit-0040,axis1_general,1185,7.480035066441735e-05
conditional-fit-0040,axis1_general,1186,0.0002852991917521992
conditional-fit-0040,axis1_general,1187,0.029137903815005323
conditional-fit-0040,axis1_general,1188,0.014775430571305159
conditional-fit-0040,axis1_general,1189,0.042276491988082546
conditional-fit-0040,axis1_general,1190,4.976863939900866e-07
conditional-fit-0040,axis1_general,1191,0.054285441328881405
conditional-fit-0040,axis1_general,1192,0.012172627173666094
conditional-fit-0040,axis1_general,1193,0.025528210118513445
conditional-fit-0040,axis1_general,1194,0.02532889244803612
conditional-fit-0040,axis1_general,1195,7.1603966672341165e-06
conditional-fit-0040,axis1_general,1196,1.2990051744689626e-05
conditional-fit-0040,axis1_general,1197,0.01861668890991002
conditional-fit-0040,axis1_general,1198,0.03784769754444029
conditional-fit-0040,axis1_general,1199,0.018392044710113697
conditional-fit-0040,axis1_general,1200,0.02147456312039424
conditional-fit-0040,axis1_general,1201,0.006233915587227579
conditional-fit-0040,axis1_general,1202,0.14054602071330924
conditional-fit-0040,axis1_general,1203,0.0558786366855417
conditional-fit-0040,axis1_general,1204,9.028816493284581e-05
conditional-fit-0040,axis1_general,1205,0.013214796920167662
conditional-fit-0040,axis1_general,1206,0.0010863680751934098
conditional-fit-0040,axis1_general,1207,4.0066962539981495e-06
conditional-fit-0040,axis1_general,1208,8.071895998786823e-05
conditional-fit-0040,axis1_general,1209,0.0505517396329479
conditional-fit-0040,axis1_general,1210,0.0005036821566214321
conditional-fit-0040,axis1_general,1211,0.002168275057337939
conditional-fit-0040,axis1_general,1212,0.006717518380808285
conditional-fit-0040,axis1_general,1213,0.023658265250703615
conditional-fit-0040,axis1_general,1214,0.026328426014514312
conditional-fit-0040,axis1_general,1215,0.019016581029655304
conditional-fit-0040,axis1_general,1216,0.016557712274008297
conditional-fit-0040,axis1_general,1217,0.00018964994725295502
conditional-fit-0040,axis1_general,1218,7.204557930029944e-05
conditional-fit-0040,axis1_general,1219,0.021084391067333515
conditional-fit-0040,axis1_general,1220,0.018993119468443946
conditional-fit-0040,axis1_general,1221,0.0723983076983977
conditional-fit-0040,axis1_general,1222,1.7632428333494768e-05
conditional-fit-0040,axis1_general,1223,0.004766883316095898
conditional-fit-0040,axis1_general,1224,0.03191649295983792
conditional-fit-0040,axis1_general,1225,0.00035041584413504504
conditional-fit-0040,axis1_general,1226,0.10651660679159888
conditional-fit-0040,axis1_general,1227,0.005827039279910419
conditional-fit-0040,axis1_general,1228,7.805528809368321e-06
conditional-fit-0040,axis1_general,1229,6.0920789507598586e-05
conditional-fit-0040,axis1_general,1230,0.0005285223512704028
conditional-fit-0040,axis1_general,1231,0.042521072796147356
conditional-fit-0040,axis1_general,1232,0.009495462602690831
conditional-fit-0040,axis1_general,1233,0.0025134844617501467
conditional-fit-0040,axis1_general,1234,0.003188008717623505
conditional-fit-0040,axis1_general,1235,0.040993191116664204
conditional-fit-0040,axis1_general,1236,0.016344839173239232
conditional-fit-0040,axis1_general,1237,0.15397832364843309
conditional-fit-0040,axis1_general,1238,0.11823917971945629
conditional-fit-0040,axis1_general,1239,0.0004672696824132654
conditional-fit-0040,axis1_general,1240,6.434028040079822e-06
conditional-fit-0040,axis1_general,1241,0.00011205276342310172
conditional-fit-0040,axis1_general,1242,0.09083867173806529
conditional-fit-0040,axis1_general,1243,0.03818507428169721
conditional-fit-0040,axis1_general,1244,0.00030533787489447114
conditional-fit-0040,axis1_general,1245,0.02663715743365755
conditional-fit-0040,axis1_general,1246,0.02971099160220719
conditional-fit-0040,axis1_general,1247,0.013629855628910942
conditional-fit-0040,axis1_general,1248,0.06903334800578784
conditional-fit-0040,axis1_general,1249,0.015308066314866487
conditional-fit-0040,axis1_general,1250,0.010667128175107494
conditional-fit-0040,axis1_general,1251,0.00017975492609888797
conditional-fit-0040,axis1_general,1252,1.483179689320812e-05
conditional-fit-0040,axis1_general,1253,0.0014061644520310102
conditional-fit-0040,axis1_general,1254,7.190422147716591e-07
conditional-fit-0040,axis1_general,1255,1.3242690828680215e-05
conditional-fit-0040,axis1_general,1256,0.026195689077092688
conditional-fit-0040,axis1_general,1257,0.012803257321468944
conditional-fit-0040,axis1_general,1258,2.4876379665727653e-05
conditional-fit-0040,axis1_general,1259,0.0066321141195167166
conditional-fit-0040,axis1_general,1260,0.0064261886251178995
conditional-fit-0040,axis1_general,1261,0.00048731601392120025
conditional-fit-0040,axis1_general,1262,0.002765959798697433
conditional-fit-0040,axis1_general,1263,0.0008356123285873905
conditional-fit-0040,axis1_general,1264,3.3089466156809315e-05
conditional-fit-0040,axis1_general,1265,3.619134768064237e-06
conditional-fit-0040,axis1_general,1266,0.0009037952454767225
conditional-fit-0040,axis1_general,1267,0.023057005526129153
conditional-fit-0040,axis1_general,1268,0.003052339069592581
conditional-fit-0040,axis1_general,1269,0.0037477324893648856
conditional-fit-0040,axis1_general,1270,0.039171042860135334
conditional-fit-0040,axis1_general,1271,0.006658213599491253
conditional-fit-0040,axis1_general,1272,0.018937085456505656
conditional-fit-0040,axis1_general,1273,0.004684453531287232
conditional-fit-0040,axis1_general,1274,0.0011026886934797882
conditional-fit-0040,axis1_general,1275,0.002886409560008395
conditional-fit-0040,axis1_general,1276,0.04157840952108824
conditional-fit-0040,axis1_general,1277,0.004200187947479523
conditional-fit-0040,axis1_general,1278,0.0014920727556020632
conditional-fit-0040,axis1_general,1279,0.010359082219348316
conditional-fit-0040,axis1_general,1280,0.030223332792282308
conditional-fit-0040,axis1_general,1281,0.050743946347351986
conditional-fit-0040,axis1_general,1282,0.007419840511102111
conditional-fit-0040,axis1_general,1283,0.005223309597388396
conditional-fit-0040,axis1_general,1284,0.03041359911715391
conditional-fit-0040,axis1_general,1285,0.00012961847524010477
conditional-fit-0040,axis1_general,1286,6.70835588229674e-06
conditional-fit-0040,axis1_general,1287,0.01787708109038374
conditional-fit-0040,axis1_general,1288,0.00021483140136288685
conditional-fit-0040,axis1_general,1289,0.035327694831330116
conditional-fit-0040,axis1_general,1290,0.0003303746366054073
conditional-fit-0040,axis1_general,1291,0.007822079996031406
conditional-fit-0040,axis1_general,1292,0.0027592917541326206
conditional-fit-0040,axis1_general,1293,0.039687587649984826
conditional-fit-0040,axis1_general,1294,0.024992136533154935
conditional-fit-0040,axis1_general,1295,0.03181650791861089
conditional-fit-0040,axis1_general,1296,0.0011261381589127587
conditional-fit-0040,axis1_general,1297,0.0366037074682973
conditional-fit-0040,axis1_general,1298,0.000644773412173701
conditional-fit-0040,axis1_general,1299,4.35416016819834e-05
conditional-fit-0040,axis1_general,1300,0.00015850471065196643
conditional-fit-0040,axis1_general,1301,5.2522482673088004e-05
conditional-fit-0040,axis1_general,1302,0.009598805224250932
conditional-fit-0040,axis1_general,1303,0.0003418691965356379
conditional-fit-0040,axis1_general,1304,3.6390007123500976e-05
conditional-fit-0040,axis1_general,1305,0.002487458936728343
conditional-fit-0040,axis1_general,1306,8.732954768180167e-05
conditional-fit-0040,axis1_general,1307,0.0005514199496849042
conditional-fit-0040,axis1_general,1308,0.038999107139823595
conditional-fit-0040,axis1_general,1309,0.010367993747986165
conditional-fit-0040,axis1_general,1310,0.03274782312475216
conditional-fit-0040,axis1_general,1311,0.0012387057350375685
conditional-fit-0040,axis1_general,1312,0.00037967795696930917
conditional-fit-0040,axis1_general,1313,6.486094446138737e-05
conditional-fit-0040,axis1_general,1314,9.497921555676429e-05
conditional-fit-0040,axis1_general,1315,0.0012272324642126902
conditional-fit-0040,axis1_general,1316,0.002127667530166878
conditional-fit-0040,axis1_general,1317,9.215980348074767e-05
conditional-fit-0040,axis1_general,1318,4.3414614683942595e-05
conditional-fit-0040,axis1_general,1319,0.00016208053988324054
conditional-fit-0040,axis1_general,1320,0.0007369639117664066
conditional-fit-0040,axis1_general,1321,0.04131578058475471
conditional-fit-0040,axis1_general,1322,0.0002545662981231538
conditional-fit-0040,axis1_general,1323,0.017717924689704352
conditional-fit-0040,axis1_general,1324,0.0019082123888037178
conditional-fit-0040,axis1_general,1325,0.0009576397397826897
conditional-fit-0040,axis1_general,1326,0.007450444275984428
conditional-fit-0040,axis1_general,1327,0.011383220487598654
conditional-fit-0040,axis1_general,1328,0.00716189253406616
conditional-fit-0040,axis1_general,1329,0.01105066489009978
conditional-fit-0040,axis1_general,1330,0.005136512151891352
conditional-fit-0040,axis1_general,1331,8.246844116892966e-05
conditional-fit-0040,axis1_general,1332,0.05894367934744481
conditional-fit-0040,axis1_general,1333,0.0005270482746961798
conditional-fit-0040,axis1_general,1334,0.005927625122260117
conditional-fit-0040,axis1_general,1335,0.007072051458012957
conditional-fit-0040,axis1_general,1336,0.03503735431606274
conditional-fit-0040,axis1_general,1337,0.047669882883094074
conditional-fit-0040,axis1_general,1338,0.04065641068038408
conditional-fit-0040,axis1_general,1339,0.000330300048485804
conditional-fit-0040,axis1_general,1340,0.0010122959564311841
conditional-fit-0040,axis1_general,1341,0.026923889779193775
conditional-fit-0040,axis1_general,1342,0.03245545417301731
conditional-fit-0040,axis1_general,1343,0.0009198183448036329
conditional-fit-0040,axis1_general,1344,0.0010425402855867216
conditional-fit-0040,axis1_general,1345,0.048178925110331096
conditional-fit-0040,axis1_general,1346,0.02827186662565996
conditional-fit-0040,axis1_general,1347,0.03176517052246762
conditional-fit-0040,axis1_general,1348,0.001029789176196444
conditional-fit-0040,axis1_general,1349,1.4214330237084386e-05
conditional-fit-0040,axis1_general,1350,5.4808114525008666e-05
conditional-fit-0040,axis1_general,1351,0.014634086005687143
conditional-fit-0040,axis1_general,1352,0.00042040611366757786
conditional-fit-0040,axis1_general,1353,0.002405177433241394
conditional-fit-0040,axis1_general,1354,0.20450408521484142
conditional-fit-0040,axis1_general,1355,0.03456563228138992
conditional-fit-0040,axis1_general,1356,0.052618555033702025
conditional-fit-0040,axis1_general,1357,0.03411958870547828
conditional-fit-0040,axis1_general,1358,0.0019972113635867723
conditional-fit-0040,axis1_general,1359,5.393444405472831e-05
conditional-fit-0040,axis1_general,1360,1.7452645740302476e-07
conditional-fit-0040,axis1_general,1361,0.0002575054594356345
conditional-fit-0040,axis1_general,1362,0.006268855481167243
conditional-fit-0040,axis1_general,1363,0.0782090362098161
conditional-fit-0040,axis1_general,1364,0.09193765004385833
conditional-fit-0040,axis1_general,1365,0.08926961970330635
conditional-fit-0040,axis1_general,1366,0.06324337619806429
conditional-fit-0040,axis1_general,1367,0.020559027408545573
conditional-fit-0040,axis1_general,1368,0.01852730989274365
conditional-fit-0040,axis1_general,1369,0.00021243458822766748
conditional-fit-0040,axis1_general,1370,0.05825492640206468
conditional-fit-0040,axis1_general,1371,0.015836597803876293
conditional-fit-0040,axis1_general,1372,2.4684364997291976e-05
conditional-fit-0040,axis1_general,1373,0.007906962347845582
conditional-fit-0040,axis1_general,1374,0.0001504951498827766
conditional-fit-0040,axis1_general,1375,0.017700432432531003
conditional-fit-0040,axis1_general,1376,0.0003452497084810216
conditional-fit-0040,axis1_general,1377,0.04288116158380183
conditional-fit-0040,axis1_general,1378,0.08872979528268132
conditional-fit-0040,axis1_general,1379,0.0006593749168107264
conditional-fit-0040,axis1_general,1380,2.8015726294998327e-05
conditional-fit-0040,axis1_general,1381,3.2596296526119005e-05
conditional-fit-0040,axis1_general,1382,0.031655746271325044
conditional-fit-0040,axis1_general,1383,0.036260801870552736
conditional-fit-0040,axis1_general,1384,0.003926971452601952
conditional-fit-0040,axis1_general,1385,3.426603769122733e-07
conditional-fit-0040,axis1_general,1386,0.0007362471351429179
conditional-fit-0040,axis1_general,1387,0.010751996375046566
conditional-fit-0040,axis1_general,1388,0.020551508642097344
conditional-fit-0040,axis1_general,1389,0.001878002220157431
conditional-fit-0040,axis1_general,1390,8.109475528045285e-05
conditional-fit-0040,axis1_general,1391,0.012303157274173334
conditional-fit-0040,axis1_general,1392,0.014556325261788239
conditional-fit-0040,axis1_general,1393,0.041777575538070044
conditional-fit-0040,axis1_general,1394,0.09167896560926456
conditional-fit-0040,axis1_general,1395,0.010647172441402805
conditional-fit-0040,axis1_general,1396,0.0007925841754520527
conditional-fit-0040,axis1_general,1397,1.783410029706054e-05
conditional-fit-0040,axis1_general,1398,7.460372157412717e-05
conditional-fit-0040,axis1_general,1399,0.08088507516900788
conditional-fit-0040,axis1_general,1400,0.005601225579375294
conditional-fit-0040,axis1_general,1401,0.01924622320731177
conditional-fit-0040,axis1_general,1402,0.016072257433861814
conditional-fit-0040,axis1_general,1403,0.000860614494162907
conditional-fit-0040,axis1_general,1404,0.02017435689183752
conditional-fit-0040,axis1_general,1405,0.016345718371279606
conditional-fit-0040,axis1_general,1406,0.025051365054943323
conditional-fit-0040,axis1_general,1407,0.006701134750504746
conditional-fit-0040,axis1_general,1408,2.7482951211808852e-05
conditional-fit-0040,axis1_general,1409,0.029700187437602166
conditional-fit-0040,axis1_general,1410,0.07215814199083834
conditional-fit-0040,axis1_general,1411,0.014850788150446832
conditional-fit-0040,axis1_general,1412,0.0010305226493411601
conditional-fit-0040,axis1_general,1413,0.013221335494220207
conditional-fit-0040,axis1_general,1414,0.06411491100111641
conditional-fit-0040,axis1_general,1415,0.0057644072361893554
conditional-fit-0040,axis1_general,1416,0.0004910069026855074
conditional-fit-0040,axis1_general,1417,0.00018611582140475784
conditional-fit-0040,axis1_general,1418,0.0037397876927175236
conditional-fit-0040,axis1_general,1419,0.004759401004749459
conditional-fit-0040,axis1_general,1420,0.028893969002455777
conditional-fit-0040,axis1_general,1421,0.0043472340302526825
conditional-fit-0040,axis1_general,1422,0.017266879924752593
conditional-fit-0040,axis1_general,1423,0.014596812445073411
conditional-fit-0040,axis1_general,1424,0.04250907055838393
conditional-fit-0040,axis1_general,1425,0.05525025743965558
conditional-fit-0040,axis1_general,1426,0.00029441965971072775
conditional-fit-0040,axis1_general,1427,0.0001357715056221448
conditional-fit-0040,axis1_general,1428,0.044936423952738065
conditional-fit-0040,axis1_general,1429,0.012451067523814672
conditional-fit-0040,axis1_general,1430,0.0030647648685298468
conditional-fit-0040,axis1_general,1431,0.006585045328347309
conditional-fit-0040,axis1_general,1432,0.040283345789232414
conditional-fit-0040,axis1_general,1433,0.0017492264624954324
conditional-fit-0040,axis1_general,1434,5.2771591149539815e-05
conditional-fit-0040,axis1_general,1435,8.707599392404759e-05
conditional-fit-0040,axis1_general,1436,6.654348218569993e-07
conditional-fit-0040,axis1_general,1437,2.6031381316235764e-05
conditional-fit-0040,axis1_general,1438,0.003920378860230014
conditional-fit-0040,axis1_general,1439,0.020623020390199275
conditional-fit-0040,axis1_general,1440,0.004611692785322876
conditional-fit-0040,axis1_general,1441,0.007185949458600493
conditional-fit-0040,axis1_general,1442,0.00225145556596215
conditional-fit-0040,axis1_general,1443,0.015225618515987666
conditional-fit-0040,axis1_general,1444,0.0013457311735721148
conditional-fit-0040,axis1_general,1445,0.03555823730014845
conditional-fit-0040,axis1_general,1446,0.08045147463887906
conditional-fit-0040,axis1_general,1447,7.296487382876458e-05
conditional-fit-0040,axis1_general,1448,0.0008802344616634686
conditional-fit-0040,axis1_general,1449,0.0045264419202747826
conditional-fit-0040,axis1_general,1450,5.27200360704888e-06
conditional-fit-0040,axis1_general,1451,0.007162134817690044
conditional-fit-0040,axis1_general,1452,0.041280513879429916
conditional-fit-0040,axis1_general,1453,0.004116510135902182
conditional-fit-0040,axis1_general,1454,0.014639077285751156
conditional-fit-0040,axis1_general,1455,0.010090221666361927
conditional-fit-0040,axis1_general,1456,0.04361045490865223
conditional-fit-0040,axis1_general,1457,0.045353308495500816
conditional-fit-0040,axis1_general,1458,0.03442868541585779
conditional-fit-0040,axis1_general,1459,0.00012737948684516837
conditional-fit-0040,axis1_general,1460,0.0004223199328488201
conditional-fit-0040,axis1_general,1461,0.005946712005414977
conditional-fit-0040,axis1_general,1462,0.00128398067828087
conditional-fit-0040,axis1_general,1463,0.0005220216992730218
conditional-fit-0040,axis1_general,1464,0.010560108367653247
conditional-fit-0040,axis1_general,1465,0.010468660558783802
conditional-fit-0040,axis1_general,1466,0.03335651037604832
conditional-fit-0040,axis1_general,1467,0.03892575681832228
conditional-fit-0040,axis1_general,1468,0.004767996424503549
conditional-fit-0040,axis1_general,1469,9.610474060995849e-05
conditional-fit-0040,axis1_general,1470,0.025613209663070905
conditional-fit-0040,axis1_general,1471,0.06653280216377523
conditional-fit-0040,axis1_general,1472,0.04793585385747505
conditional-fit-0040,axis1_general,1473,0.0698782608038961
conditional-fit-0040,axis1_general,1474,0.022795822427594578
conditional-fit-0040,axis1_general,1475,0.01816085171370379
conditional-fit-0040,axis1_general,1476,0.018053925384496884
conditional-fit-0040,axis1_general,1477,0.0003777810379300488
conditional-fit-0040,axis1_general,1478,0.0012254527251614761
conditional-fit-0040,axis1_general,1479,0.0011447004762101338
conditional-fit-0040,axis1_general,1480,0.01616474015845191
conditional-fit-0040,axis1_general,1481,0.24785453944938368
conditional-fit-0040,axis1_general,1482,0.700927872314794
conditional-fit-0040,axis1_general,1483,1.6242085474729264
conditional-fit-0040,axis1_general,1484,0.009565535428038298
conditional-fit-0040,axis1_general,1485,0.027750019809720892
conditional-fit-0040,axis1_general,1486,0.0030502730253904415
conditional-fit-0040,axis1_general,1487,0.0004955981747318408
conditional-fit-0040,axis1_general,1488,0.0005503424195709553
conditional-fit-0040,axis1_general,1489,0.004623150612794078
conditional-fit-0040,axis1_general,1490,0.00047628269899977545
conditional-fit-0040,axis1_general,1491,6.66003247718538e-05
conditional-fit-0040,axis1_general,1492,0.010182845499370643
conditional-fit-0040,axis1_general,1493,7.054578870342396e-05
conditional-fit-0040,axis1_general,1494,0.05816961106220404
conditional-fit-0040,axis1_general,1495,0.36300581731786485
conditional-fit-0040,axis1_general,1496,0.00818359336255189
conditional-fit-0040,axis1_general,1497,0.18599610452220172
conditional-fit-0040,axis1_general,1498,0.19362261218035054
conditional-fit-0040,axis1_general,1499,0.11168514979934638
conditional-fit-0040,axis1_general,1500,0.3239725100483784
conditional-fit-0040,axis1_general,1501,0.1272369720958778
conditional-fit-0040,axis1_general,1502,0.06434021252273142
conditional-fit-0040,axis1_general,1503,0.07714648842159409
conditional-fit-0040,axis1_general,1504,0.11121341999590804
conditional-fit-0040,axis1_general,1505,0.017421818809652836
conditional-fit-0040,axis1_general,1506,0.004211847343999334
conditional-fit-0040,axis1_general,1507,0.013078432837918924
conditional-fit-0040,axis1_general,1508,0.028342701372126796
conditional-fit-0040,axis1_general,1509,0.006356312520292483
conditional-fit-0040,axis1_general,1510,0.0009613931444289788
conditional-fit-0040,axis1_general,1511,0.0025671556166838904
conditional-fit-0040,axis1_general,1512,0.0001375203709113713
conditional-fit-0040,axis1_general,1513,0.00041646288116304714
conditional-fit-0040,axis1_general,1514,0.05597990134366778
conditional-fit-0040,axis1_general,1515,0.000523661821046825
conditional-fit-0040,axis1_general,1516,0.00013256114031143872
conditional-fit-0040,axis1_general,1517,0.0007557061050040599
conditional-fit-0040,axis1_general,1518,4.4686906965922665e-05
conditional-fit-0040,axis1_general,1519,0.0031179870206283103
conditional-fit-0040,axis1_general,1520,0.08856363611560841
conditional-fit-0040,axis1_general,1521,0.04347073279267941
conditional-fit-0040,axis1_general,1522,0.09518948946783441
conditional-fit-0040,axis1_general,1523,0.0482488575374112
conditional-fit-0040,axis1_general,1524,0.00039903640887059376
conditional-fit-0040,axis1_general,1525,0.007115470688254053
conditional-fit-0040,axis1_general,1526,0.0035245704708717776
conditional-fit-0040,axis1_general,1527,9.954602475362398e-05
conditional-fit-0040,axis1_general,1528,0.00039858415835727185
conditional-fit-0040,axis1_general,1529,1.481370215383056e-06
conditional-fit-0040,axis1_general,1530,1.156412732794533e-05
conditional-fit-0040,axis1_general,1531,0.0004347290513933492
conditional-fit-0040,axis1_general,1532,5.48485369845899e-05
conditional-fit-0040,axis1_general,1533,1.8399675911882377e-05
conditional-fit-0040,axis1_general,1534,9.513777991784071e-05
conditional-fit-0040,axis1_general,1535,7.450936585545249e-06
conditional-fit-0040,axis1_general,1536,0.01644951339993832
conditional-fit-0040,axis1_general,1537,0.054406924260070724
conditional-fit-0040,axis1_general,1538,0.0013723891217119946
conditional-fit-0040,axis1_general,1539,0.028588584305553853
conditional-fit-0040,axis1_general,1540,0.011631599634965323
conditional-fit-0040,axis1_general,1541,0.0495227169627876
conditional-fit-0040,axis1_general,1542,0.0020917350928851813
conditional-fit-0040,axis1_general,1543,0.2894510933496512
conditional-fit-0040,axis1_general,1544,0.0005929902240200801
conditional-fit-0040,axis1_general,1545,0.011580143155865008
conditional-fit-0040,axis1_general,1546,0.021229949834866996
conditional-fit-0040,axis1_general,1547,0.0014544111808598667
conditional-fit-0040,axis1_general,1548,0.00043293101707957366
conditional-fit-0040,axis1_general,1549,0.00012542885474854152
conditional-fit-0040,axis1_general,1550,0.0024382251977655145
conditional-fit-0040,axis1_general,1551,0.00527120942323116
conditional-fit-0040,axis1_general,1552,0.048888987295730636
conditional-fit-0040,axis1_general,1553,0.0024004953847663723
conditional-fit-0040,axis1_general,1554,0.0015665040913830828
conditional-fit-0040,axis1_general,1555,0.017198892806411792
conditional-fit-0040,axis1_general,1556,0.00037927672154371026
conditional-fit-0040,axis1_general,1557,0.019488076513987443
conditional-fit-0040,axis1_general,1558,0.006516874326494074
conditional-fit-0040,axis1_general,1559,0.02437323967365105
conditional-fit-0040,axis1_general,1560,4.12583447436141e-05
conditional-fit-0040,axis1_general,1561,0.00033264236961649406
conditional-fit-0040,axis1_general,1562,0.00046544198763422454
conditional-fit-0040,axis1_general,1563,0.023643480610238903
conditional-fit-0040,axis1_general,1564,0.00021647814915387332
conditional-fit-0040,axis1_general,1565,0.007234774804809881
conditional-fit-0040,axis1_general,1566,0.0034868696063123615
conditional-fit-0040,axis1_general,1567,0.034728926795803076
conditional-fit-0040,axis1_general,1568,0.005397236521209359
conditional-fit-0040,axis1_general,1569,0.0009603990109283392
conditional-fit-0040,axis1_general,1570,0.000836322356263965
conditional-fit-0040,axis1_general,1571,0.033074072900833584
conditional-fit-0040,axis1_general,1572,0.009866603428889474
conditional-fit-0040,axis1_general,1573,0.06306867364012911
conditional-fit-0040,axis1_general,1574,0.0008504870819275419
conditional-fit-0040,axis1_general,1575,0.0048465137570493
conditional-fit-0040,axis1_general,1576,0.003915792970250669
conditional-fit-0040,axis1_general,1577,0.00042335616258904
conditional-fit-0040,axis1_general,1578,0.00010314131739034418
conditional-fit-0040,axis1_general,1579,6.132487160963817e-05
conditional-fit-0040,axis1_general,1580,0.00412287042397861
conditional-fit-0040,axis1_general,1581,0.05088061027844451
conditional-fit-0040,axis1_general,1582,0.02821275457792903
conditional-fit-0040,axis1_general,1583,0.0016715514290852104
conditional-fit-0040,axis1_general,1584,2.9143361609309423e-05
conditional-fit-0040,axis1_general,1585,0.005088168066970641
conditional-fit-0040,axis1_general,1586,6.592740103584423e-05
conditional-fit-0040,axis1_general,1587,0.0012487273456476796
conditional-fit-0040,axis1_general,1588,0.0011302415440946085
conditional-fit-0040,axis1_general,1589,0.0003839929679331768
conditional-fit-0040,axis1_general,1590,0.053506197597703954
conditional-fit-0040,axis1_general,1591,0.00925886235098782
conditional-fit-0040,axis1_general,1592,0.001840933893380377
conditional-fit-0040,axis1_general,1593,0.0002228468338414562
conditional-fit-0040,axis1_general,1594,9.334130269397294e-05
conditional-fit-0040,axis1_general,1595,0.00020955701848691033
conditional-fit-0040,axis1_general,1596,1.3764948397007354e-06
conditional-fit-0040,axis1_general,1597,6.17493326959304e-06
conditional-fit-0040,axis1_general,1598,0.007403229073253973
conditional-fit-0040,axis1_general,1599,9.16097604715143e-05
conditional-fit-0040,axis1_general,1600,2.5605160860969733e-05
conditional-fit-0040,axis1_general,1601,0.00011143232801689944
conditional-fit-0040,axis1_general,1602,1.0192818336077423e-05
conditional-fit-0040,axis1_general,1603,0.001880146179637893
conditional-fit-0040,axis1_general,1604,0.010289103991352452
conditional-fit-0040,axis1_general,1605,0.000350095198802456
conditional-fit-0040,axis1_general,1606,0.02037734943560862
conditional-fit-0040,axis1_general,1607,0.10825154006948327
conditional-fit-0040,axis1_general,1608,0.11484711049756241
conditional-fit-0040,axis1_general,1609,0.04942416353562641
conditional-fit-0040,axis1_general,1610,0.022283105108646128
conditional-fit-0040,axis1_general,1611,0.010753919954009797
conditional-fit-0040,axis1_general,1612,0.05292290791061707
conditional-fit-0040,axis1_general,1613,0.0007034663891019102
conditional-fit-0040,axis1_general,1614,7.143679640307337e-06
conditional-fit-0040,axis1_general,1615,3.579371899402935e-05
conditional-fit-0040,axis1_general,1616,1.9997372876556128e-06
conditional-fit-0040,axis1_general,1617,1.3810039564610772e-05
conditional-fit-0040,axis1_general,1618,0.0016892814487322449
conditional-fit-0040,axis1_general,1619,4.96316634927737e-06
conditional-fit-0040,axis1_general,1620,3.0999850289313516e-06
conditional-fit-0040,axis1_general,1621,5.7921646998912714e-05
conditional-fit-0040,axis1_general,1622,5.675363839583887e-06
conditional-fit-0040,axis1_general,1623,0.00033366001794753007
conditional-fit-0040,axis1_general,1624,0.04642161621016221
conditional-fit-0040,axis1_general,1625,0.012388898880650659
conditional-fit-0040,axis1_general,1626,0.008329098736900298
conditional-fit-0040,axis1_general,1627,0.04453433795197353
conditional-fit-0040,axis1_general,1628,0.07756507393261833
conditional-fit-0040,axis1_general,1629,0.04439308187098037
conditional-fit-0040,axis1_general,1630,0.07157071976359272
conditional-fit-0040,axis1_general,1631,0.09850237639693882
conditional-fit-0040,axis1_general,1632,0.005754977194079228
conditional-fit-0040,axis1_general,1633,0.01583903062907261
conditional-fit-0040,axis1_general,1634,0.00617913250578238
conditional-fit-0040,axis1_general,1635,3.31921310017975e-05
conditional-fit-0040,axis1_general,1636,2.56567460025959e-05
conditional-fit-0040,axis1_general,1637,2.521268639154228e-06
conditional-fit-0040,axis1_general,1638,2.0617487433524042e-06
conditional-fit-0040,axis1_general,1639,0.0009566651388422756
conditional-fit-0040,axis1_general,1640,1.7155924888441893e-05
conditional-fit-0040,axis1_general,1641,6.926526646839391e-06
conditional-fit-0040,axis1_general,1642,1.085097527962519e-05
conditional-fit-0040,axis1_general,1643,2.487180792065065e-06
conditional-fit-0040,axis1_general,1644,0.00033949573179897633
conditional-fit-0040,axis1_general,1645,0.03626104950255358
conditional-fit-0040,axis1_general,1646,0.002467565543988066
conditional-fit-0040,axis1_general,1647,0.05914841672729146
conditional-fit-0040,axis1_general,1648,0.0027159801511523842
conditional-fit-0040,axis1_general,1649,0.06088906511438309
conditional-fit-0040,axis1_general,1650,0.018279773352613063
conditional-fit-0040,axis1_general,1651,0.07216038097695948
conditional-fit-0040,axis1_general,1652,0.012506505752670273
conditional-fit-0040,axis1_general,1653,0.045372731764874115
conditional-fit-0040,axis1_general,1654,0.0006344357953589992
conditional-fit-0040,axis1_general,1655,0.03194804303711915
conditional-fit-0040,axis1_general,1656,0.007074251449411033
conditional-fit-0040,axis1_general,1657,0.0055825190635837504
conditional-fit-0040,axis1_general,1658,0.005316401898654788
conditional-fit-0040,axis1_general,1659,0.019571367652392868
conditional-fit-0040,axis1_general,1660,0.012144780821001589
conditional-fit-0040,axis1_general,1661,3.874731453458653e-05
conditional-fit-0040,axis1_general,1662,0.0001485411473848249
conditional-fit-0040,axis1_general,1663,0.019128196093663292
conditional-fit-0040,axis1_general,1664,0.0037764172049610835
conditional-fit-0040,axis1_general,1665,0.0007200385989224445
conditional-fit-0040,axis1_general,1666,0.00010703355400573201
conditional-fit-0040,axis1_general,1667,0.025886073665797836
conditional-fit-0040,axis1_general,1668,0.018188158685103768
conditional-fit-0040,axis1_general,1669,0.0061140398484345795
conditional-fit-0040,axis1_general,1670,0.0101018830124464
conditional-fit-0040,axis1_general,1671,0.00043678918532859945
conditional-fit-0040,axis1_general,1672,0.007863565702061395
conditional-fit-0040,axis1_general,1673,0.002978484049392674
conditional-fit-0040,axis1_general,1674,0.0438587708093255
conditional-fit-0040,axis1_general,1675,0.004818323186623024
conditional-fit-0040,axis1_general,1676,0.015386118627643403
conditional-fit-0040,axis1_general,1677,0.021118952801737582
conditional-fit-0040,axis1_general,1678,0.015011808822080676
conditional-fit-0040,axis1_general,1679,0.011410684342677377
conditional-fit-0040,axis1_general,1680,0.008831055009964542
conditional-fit-0040,axis1_general,1681,0.00491744741501784
conditional-fit-0040,axis1_general,1682,0.00030800351640432213
conditional-fit-0040,axis1_general,1683,0.013286678293561102
conditional-fit-0040,axis1_general,1684,0.035352641308404965
conditional-fit-0040,axis1_general,1685,0.0021886570710176363
conditional-fit-0040,axis1_general,1686,0.00822808039644897
conditional-fit-0040,axis1_general,1687,0.03710867660554095
conditional-fit-0040,axis1_general,1688,3.3967890875807744e-05
conditional-fit-0040,axis1_general,1689,2.2614611607816093e-05
conditional-fit-0040,axis1_general,1690,4.9584567255722577e-05
conditional-fit-0040,axis1_general,1691,0.0043000986759845275
conditional-fit-0040,axis1_general,1692,0.009849410412947544
conditional-fit-0040,axis1_general,1693,0.00893884398665621
conditional-fit-0040,axis1_general,1694,1.812531854503505e-05
conditional-fit-0040,axis1_general,1695,0.0007526125485127208
conditional-fit-0040,axis1_general,1696,0.0019534972190807967
conditional-fit-0040,axis1_general,1697,0.009189062807100058
conditional-fit-0040,axis1_general,1698,0.0003945326675790455
conditional-fit-0040,axis1_general,1699,0.02389172070859691
conditional-fit-0040,axis1_general,1700,0.03513759234277161
conditional-fit-0040,axis1_general,1701,0.001751513244961846
conditional-fit-0040,axis1_general,1702,0.0017440237921257098
conditional-fit-0040,axis1_general,1703,0.005127488985011943
conditional-fit-0040,axis1_general,1704,0.004976891694856982
conditional-fit-0040,axis1_general,1705,0.0034175566757778633
conditional-fit-0040,axis1_general,1706,0.015845591941636317
conditional-fit-0040,axis1_general,1707,0.043133453929478816
conditional-fit-0040,axis1_general,1708,0.005343579620248454
conditional-fit-0040,axis1_general,1709,0.01418865062789576
conditional-fit-0040,axis1_general,1710,0.004512600320041667
conditional-fit-0040,axis1_general,1711,0.0292942666053898
conditional-fit-0040,axis1_general,1712,0.09967399131000752
conditional-fit-0040,axis1_general,1713,0.007728587726476849
conditional-fit-0040,axis1_general,1714,0.007952995559670294
conditional-fit-0040,axis1_general,1715,0.017706345257727907
conditional-fit-0040,axis1_general,1716,0.0006859641026643105
conditional-fit-0040,axis1_general,1717,2.4121727106526594e-05
conditional-fit-0040,axis1_general,1718,0.00014302099428579142
conditional-fit-0040,axis1_general,1719,0.005085908435059801
conditional-fit-0040,axis1_general,1720,0.0056560208572177355
conditional-fit-0040,axis1_general,1721,0.00026324425842345043
conditional-fit-0040,axis1_general,1722,0.02381488056330358
conditional-fit-0040,axis1_general,1723,0.08272724570962575
conditional-fit-0040,axis1_general,1724,0.055195548278865476
conditional-fit-0040,axis1_general,1725,0.022409159331223106
conditional-fit-0040,axis1_general,1726,0.02382227506249077
conditional-fit-0040,axis1_general,1727,0.03445219012718232
conditional-fit-0040,axis1_general,1728,0.0030176988987930774
conditional-fit-0040,axis1_general,1729,0.0015056046365692895
conditional-fit-0040,axis1_general,1730,0.015474423355775306
conditional-fit-0040,axis1_general,1731,0.000793816672583009
conditional-fit-0040,axis1_general,1732,0.0014511106792891517
conditional-fit-0040,axis1_general,1733,0.0029368650918798413
conditional-fit-0040,axis1_general,1734,0.04423148707725046
conditional-fit-0040,axis1_general,1735,0.0001924975431612395
conditional-fit-0040,axis1_general,1736,0.025079362188163125
conditional-fit-0040,axis1_general,1737,0.004945459770014503
conditional-fit-0040,axis1_general,1738,0.00029931857366197146
conditional-fit-0040,axis1_general,1739,0.04953981148459769
conditional-fit-0040,axis1_general,1740,0.028449544037955493
conditional-fit-0040,axis1_general,1741,0.007183599696361226
conditional-fit-0040,axis1_general,1742,8.210016842606261e-05
conditional-fit-0040,axis1_general,1743,0.0074276424309594625
conditional-fit-0040,axis1_general,1744,0.01932599868169927
conditional-fit-0040,axis1_general,1745,0.0003649143710115748
conditional-fit-0040,axis1_general,1746,0.0018780468930713972
conditional-fit-0040,axis1_general,1747,0.02272121513233463
conditional-fit-0040,axis1_general,1748,0.001061661491442203
conditional-fit-0040,axis1_general,1749,0.00588394693583178
conditional-fit-0040,axis1_general,1750,0.002636506047085811
conditional-fit-0040,axis1_general,1751,0.012113780364189789
conditional-fit-0040,axis1_general,1752,0.00014600564676711274
conditional-fit-0040,axis1_general,1753,0.007997877919948465
conditional-fit-0040,axis1_general,1754,0.028323014583930557
conditional-fit-0040,axis1_general,1755,0.031688089014871204
conditional-fit-0040,axis1_general,1756,0.012797644487330739
conditional-fit-0040,axis1_general,1757,6.536830327474157e-05
conditional-fit-0040,axis1_general,1758,0.000353400959571115
conditional-fit-0040,axis1_general,1759,0.00024375861233973998
conditional-fit-0040,axis1_general,1760,0.0065095986234390505
conditional-fit-0040,axis1_general,1761,0.06624012647035221
conditional-fit-0040,axis1_general,1762,0.0004146868684887716
conditional-fit-0040,axis1_general,1763,0.006896159995998348
conditional-fit-0040,axis1_general,1764,0.0001498787580345071
conditional-fit-0040,axis1_general,1765,0.0001199923604232124
conditional-fit-0040,axis1_general,1766,0.00017637593077208047
conditional-fit-0040,axis1_general,1767,9.088438865211194e-05
conditional-fit-0040,axis1_general,1768,9.82961168583852e-06
conditional-fit-0040,axis1_general,1769,3.276983289348221e-06
conditional-fit-0040,axis1_general,1770,0.006423062697643117
conditional-fit-0040,axis1_general,1771,0.0001451599574735029
conditional-fit-0040,axis1_general,1772,0.00025868075843791605
conditional-fit-0040,axis1_general,1773,0.00021348351212459288
conditional-fit-0040,axis1_general,1774,6.6641155266839495e-06
conditional-fit-0040,axis1_general,1775,0.0015735089810596967
conditional-fit-0040,axis1_general,1776,0.005352364255031779
conditional-fit-0040,axis1_general,1777,0.00130441191349186
conditional-fit-0040,axis1_general,1778,0.012929468422059899
conditional-fit-0040,axis1_general,1779,0.04927506823378418
conditional-fit-0040,axis1_general,1780,0.020608797872615145
conditional-fit-0040,axis1_general,1781,0.009703048872154979
conditional-fit-0040,axis1_general,1782,6.688228268827768e-05
conditional-fit-0040,axis1_general,1783,1.1652477910342844e-05
conditional-fit-0040,axis1_general,1784,0.00148788369068458
conditional-fit-0040,axis1_general,1785,5.6374311549289594e-05
conditional-fit-0040,axis1_general,1786,1.4876432329893811e-05
conditional-fit-0040,axis1_general,1787,0.0010572082212340341
conditional-fit-0040,axis1_general,1788,1.9785285694538676e-05
conditional-fit-0040,axis1_general,1789,2.495292613900493e-05
conditional-fit-0040,axis1_general,1790,2.9504877201448236e-05
conditional-fit-0040,axis1_general,1791,1.643232635644792e-05
conditional-fit-0040,axis1_general,1792,0.0005194532360039615
conditional-fit-0040,axis1_general,1793,0.059267561757671526
conditional-fit-0040,axis1_general,1794,0.18058609714160093
conditional-fit-0040,axis1_general,1795,0.03748213409283022
conditional-fit-0040,axis1_general,1796,0.0569722609583354
conditional-fit-0040,axis1_general,1797,0.04603261145075408
conditional-fit-0040,axis1_general,1798,0.004038359832645302
conditional-fit-0040,axis1_general,1799,5.088950802838481e-05
conditional-fit-0040,axis1_general,1800,7.126608587082429e-05
conditional-fit-0040,axis1_general,1801,1.2839205841882334e-06
conditional-fit-0040,axis1_general,1802,6.0749329486897395e-06
conditional-fit-0040,axis1_general,1803,0.0013897528236825028
conditional-fit-0040,axis1_general,1804,1.1278906300757189e-05
conditional-fit-0040,axis1_general,1805,1.570534810347704e-06
conditional-fit-0040,axis1_general,1806,1.4133334058153747e-06
conditional-fit-0040,axis1_general,1807,1.0215836603228459e-06
conditional-fit-0040,axis1_general,1808,0.00011118717723444712
conditional-fit-0040,axis1_general,1809,0.017258943855891645
conditional-fit-0040,axis1_general,1810,0.012619252274804437
conditional-fit-0040,axis1_general,1811,0.000724623801508446
conditional-fit-0040,axis1_general,1812,6.978751975992614e-05
conditional-fit-0040,axis1_general,1813,1.1777398107652044e-06
conditional-fit-0040,axis1_general,1814,6.4890317011645045e-06
conditional-fit-0040,axis1_general,1815,0.0315858928021634
conditional-fit-0040,axis1_general,1816,0.00010330769644098591
conditional-fit-0040,axis1_general,1817,0.00020579634685876757
conditional-fit-0040,axis1_general,1818,0.0003901743142303799
conditional-fit-0040,axis1_general,1819,1.3232274473903249e-06
conditional-fit-0040,axis1_general,1820,0.001381625846271507
conditional-fit-0040,axis1_general,1821,0.11153815330604962
conditional-fit-0040,axis1_general,1822,0.13186411897211692
conditional-fit-0040,axis1_general,1823,0.08260980002925637
conditional-fit-0040,axis1_general,1824,0.00017798657448981757
conditional-fit-0040,axis1_general,1825,5.092381527004158e-05
conditional-fit-0040,axis1_general,1826,7.959199451885927e-06
conditional-fit-0040,axis1_general,1827,3.659412880406897e-05
conditional-fit-0040,axis1_general,1828,0.0008781447945583102
conditional-fit-0040,axis1_general,1829,5.753682566537297e-05
conditional-fit-0040,axis1_general,1830,1.745824776490651e-05
conditional-fit-0040,axis1_general,1831,4.02799615770027e-05
conditional-fit-0040,axis1_general,1832,9.898324664439407e-06
conditional-fit-0040,axis1_general,1833,0.0002802407121894593
conditional-fit-0040,axis1_general,1834,0.022420119537984298
conditional-fit-0040,axis1_general,1835,0.0048214119362788915
conditional-fit-0040,axis1_general,1836,0.04655425897397224
conditional-fit-0040,axis1_general,1837,0.032733058320762586
conditional-fit-0040,axis1_general,1838,0.0004355886009440093
conditional-fit-0040,axis1_general,1839,0.00478538152586217
conditional-fit-0040,axis1_general,1840,0.02667174010227555
conditional-fit-0040,axis1_general,1841,0.016613913025224254
conditional-fit-0040,axis1_general,1842,0.09358758738388483
conditional-fit-0040,axis1_general,1843,0.12662919960497274
conditional-fit-0040,axis1_general,1844,0.0384427263703749
conditional-fit-0040,axis1_general,1845,0.3136305629304502
conditional-fit-0040,axis1_general,1846,0.055696005804257716
conditional-fit-0040,axis1_general,1847,0.00023529356853338646
conditional-fit-0040,axis1_general,1848,0.03266179534061939
conditional-fit-0040,axis1_general,1849,0.005513686773680576
conditional-fit-0040,axis1_general,1850,6.609080459381077e-05
conditional-fit-0040,axis1_general,1851,0.007228675832993753
conditional-fit-0040,axis1_general,1852,0.019925247128318942
conditional-fit-0040,axis1_general,1853,0.01691402448572033
conditional-fit-0040,axis1_general,1854,0.0067626582467184134
conditional-fit-0040,axis1_general,1855,0.0019880779203225135
conditional-fit-0040,axis1_general,1856,0.006827510406053936
conditional-fit-0040,axis1_general,1857,0.01084623077992087
conditional-fit-0040,axis1_general,1858,0.0005291355296404418
conditional-fit-0040,axis1_general,1859,0.008904371789332285
conditional-fit-0040,axis1_general,1860,0.004149508995356847
conditional-fit-0040,axis1_general,1861,0.012478613960241112
conditional-fit-0040,axis1_general,1862,2.1467195827562024e-05
conditional-fit-0040,axis1_general,1863,0.0058323578872839345
conditional-fit-0040,axis1_general,1864,0.0003251768675864373
conditional-fit-0040,axis1_general,1865,0.03868137761891664
conditional-fit-0040,axis1_general,1866,6.830378242089657e-05
conditional-fit-0040,axis1_general,1867,4.032775572338954e-05
conditional-fit-0040,axis1_general,1868,0.05777584493943499
conditional-fit-0040,axis1_general,1869,0.035394033167298715
conditional-fit-0040,axis1_general,1870,0.00011348838691149839
conditional-fit-0040,axis1_general,1871,1.636976850679742e-05
conditional-fit-0040,axis1_general,1872,8.10110582965188e-05
conditional-fit-0040,axis1_general,1873,0.002081215270104295
conditional-fit-0040,axis1_general,1874,4.984653308891266e-05
conditional-fit-0040,axis1_general,1875,0.24144308258316372
conditional-fit-0040,axis1_general,1876,8.622349653574917e-05
conditional-fit-0040,axis1_general,1877,0.01837947637252252
conditional-fit-0040,axis1_general,1878,0.1059837135403745
conditional-fit-0040,axis1_general,1879,4.636547992551375e-05
conditional-fit-0040,axis1_general,1880,0.00013043763140608536
conditional-fit-0040,axis1_general,1881,1.800616194687004e-05
conditional-fit-0040,axis1_general,1882,0.04588275591193946
conditional-fit-0040,axis1_general,1883,0.04063972109668287
conditional-fit-0040,axis1_general,1884,0.027061996642766303
conditional-fit-0040,axis1_general,1885,0.020005907938957044
conditional-fit-0040,axis1_general,1886,9.087176187944757e-05
conditional-fit-0040,axis1_general,1887,0.03885175560284879
conditional-fit-0040,axis1_general,1888,0.00011635659310441009
conditional-fit-0040,axis1_general,1889,0.012634530373419092
conditional-fit-0040,axis1_general,1890,0.028887864832669977
conditional-fit-0040,axis1_general,1891,0.07824234106266163
conditional-fit-0040,axis1_general,1892,0.030215665095454307
conditional-fit-0040,axis1_general,1893,0.024738816868841294
conditional-fit-0040,axis1_general,1894,8.036085975030821e-05
conditional-fit-0040,axis1_general,1895,0.00013067464337307083
conditional-fit-0040,axis1_general,1896,0.01809593368085679
conditional-fit-0040,axis1_general,1897,0.05523184295672973
conditional-fit-0040,axis1_general,1898,3.5670875769172706e-05
conditional-fit-0040,axis1_general,1899,0.0014818090281717936
conditional-fit-0040,axis1_general,1900,0.0022033037106386623
conditional-fit-0040,axis1_general,1901,4.936862491140777e-05
conditional-fit-0040,axis1_general,1902,0.011308165872875142
conditional-fit-0040,axis1_general,1903,0.018571241469855615
conditional-fit-0040,axis1_general,1904,0.0029503395708603713
conditional-fit-0040,axis1_general,1905,0.032769437333266316
conditional-fit-0040,axis1_general,1906,0.05888894789405909
conditional-fit-0040,axis1_general,1907,0.006983410233058235
conditional-fit-0040,axis1_general,1908,0.014017702154193228
conditional-fit-0040,axis1_general,1909,0.0001379028262809518
conditional-fit-0040,axis1_general,1910,0.01994953142571356
conditional-fit-0040,axis1_general,1911,0.09421741973828181
conditional-fit-0040,axis1_general,1912,0.002830072179328976
conditional-fit-0040,axis1_general,1913,0.0219451754389298
conditional-fit-0040,axis1_general,1914,0.003380615250437786
conditional-fit-0040,axis1_general,1915,0.001412953731102461
conditional-fit-0040,axis1_general,1916,0.009145975354618852
conditional-fit-0040,axis1_general,1917,0.012367166259167327
conditional-fit-0040,axis1_general,1918,5.7627349487305024e-05
conditional-fit-0040,axis1_general,1919,7.278531270014403e-05
conditional-fit-0040,axis1_general,1920,3.3820875467228034e-06
conditional-fit-0040,axis1_general,1921,6.504682178728637e-06
conditional-fit-0040,axis1_general,1922,0.007884907929585459
conditional-fit-0040,axis1_general,1923,6.096791896523295e-06
conditional-fit-0040,axis1_general,1924,0.00015740546887924305
conditional-fit-0040,axis1_general,1925,0.00031662343850853085
conditional-fit-0040,axis1_general,1926,4.01993918447216e-07
conditional-fit-0040,axis1_general,1927,0.00020760802234282488
conditional-fit-0040,axis1_general,1928,0.04319395328691141
conditional-fit-0040,axis1_general,1929,0.11986890169696962
conditional-fit-0040,axis1_general,1930,0.04071916506421165
conditional-fit-0040,axis1_general,1931,0.002221698881129866
conditional-fit-0040,axis1_general,1932,0.05324795227437476
conditional-fit-0040,axis1_general,1933,0.04724812537346261
conditional-fit-0040,axis1_general,1934,0.0036977523528829576
conditional-fit-0040,axis1_general,1935,0.011571467316327296
conditional-fit-0040,axis1_general,1936,0.028002295094898197
conditional-fit-0040,axis1_general,1937,0.0014764605506772603
conditional-fit-0040,axis1_general,1938,8.141391408115709e-06
conditional-fit-0040,axis1_general,1939,3.963413475931171e-06
conditional-fit-0040,axis1_general,1940,9.743930757142791e-05
conditional-fit-0040,axis1_general,1941,6.2855848763115686e-06
conditional-fit-0040,axis1_general,1942,0.00017101144545844326
conditional-fit-0040,axis1_general,1943,1.3246666753998221e-05
conditional-fit-0040,axis1_general,1944,3.2447037382576092e-06
conditional-fit-0040,axis1_general,1945,0.00010913233614833025
conditional-fit-0040,axis1_general,1946,6.34746811834782e-07
conditional-fit-0040,axis1_general,1947,0.000191964750535541
conditional-fit-0040,axis1_general,1948,0.007296694886923779
conditional-fit-0040,axis1_general,1949,0.0014576227706923953
conditional-fit-0040,axis1_general,1950,0.0002326284242013197
conditional-fit-0040,axis1_general,1951,0.004417673841651548
conditional-fit-0040,axis1_general,1952,0.04812315044882133
conditional-fit-0040,axis1_general,1953,0.00024196238907741132
conditional-fit-0040,axis1_general,1954,0.00477261466189513
conditional-fit-0040,axis1_general,1955,0.009620916067304995
conditional-fit-0040,axis1_general,1956,0.01623629326393777
conditional-fit-0040,axis1_general,1957,0.0007054904455505409
conditional-fit-0040,axis1_general,1958,0.01675083669249631
conditional-fit-0040,axis1_general,1959,0.03064332700313216
conditional-fit-0040,axis1_general,1960,0.01593925525242936
conditional-fit-0040,axis1_general,1961,0.009842063489515315
conditional-fit-0040,axis1_general,1962,0.022297943614005028
conditional-fit-0040,axis1_general,1963,7.3023971974239625e-06
conditional-fit-0040,axis1_general,1964,0.0006096816087892126
conditional-fit-0040,axis1_general,1965,0.012015551935147133
conditional-fit-0040,axis1_general,1966,0.00206026364263642
conditional-fit-0040,axis1_general,1967,0.027230869706072504
conditional-fit-0040,axis1_general,1968,0.0021875884897031737
conditional-fit-0040,axis1_general,1969,0.018025553795804596
conditional-fit-0040,axis1_general,1970,0.0400331909600398
conditional-fit-0040,axis1_general,1971,0.004363510810337749
conditional-fit-0040,axis1_general,1972,0.04261761121673202
conditional-fit-0040,axis1_general,1973,0.00023660127284191003
conditional-fit-0040,axis1_general,1974,0.00037848888843579717
conditional-fit-0040,axis1_general,1975,0.012753425796992277
conditional-fit-0040,axis1_general,1976,0.0040044659037407684
conditional-fit-0040,axis1_general,1977,0.0028753531062499687
conditional-fit-0040,axis1_general,1978,0.009379779797173506
conditional-fit-0040,axis1_general,1979,0.05491068906102743
conditional-fit-0040,axis1_general,1980,1.4908633314702842e-05
conditional-fit-0040,axis1_general,1981,0.0022489466198282316
conditional-fit-0040,axis1_general,1982,0.06390621732639092
conditional-fit-0040,axis1_general,1983,0.005345917363795502
conditional-fit-0040,axis1_general,1984,0.00018317504506555762
conditional-fit-0040,axis1_general,1985,0.021930484186690385
conditional-fit-0040,axis1_general,1986,5.961644539137161e-05
conditional-fit-0040,axis1_general,1987,0.015419006122336276
conditional-fit-0040,axis1_general,1988,0.018988907406289182
conditional-fit-0040,axis1_general,1989,0.0034441053013016757
conditional-fit-0040,axis1_general,1990,4.662497912738962e-05
conditional-fit-0040,axis1_general,1991,0.0002304348664397851
conditional-fit-0040,axis1_general,1992,0.012965053257559452
conditional-fit-0040,axis1_general,1993,0.011199113772977144
conditional-fit-0040,axis1_general,1994,4.4826689924380546e-05
conditional-fit-0040,axis1_general,1995,0.00781442588853223
conditional-fit-0040,axis1_general,1996,3.202211929507107e-05
conditional-fit-0040,axis1_general,1997,0.04227408828445426
conditional-fit-0040,axis1_general,1998,0.026338564631764008
conditional-fit-0040,axis1_general,1999,0.04847226581389547
conditional-fit-0040,axis1_general,2000,0.01369333519696004
conditional-fit-0040,axis1_general,2001,0.019671964057714708
conditional-fit-0040,axis1_general,2002,0.037114754862488004
conditional-fit-0040,axis1_general,2003,0.00012023248125555904
conditional-fit-0040,axis1_general,2004,0.020497762135191278
conditional-fit-0040,axis1_general,2005,0.0001193787590443483
conditional-fit-0040,axis1_general,2006,0.004762290991480158
conditional-fit-0040,axis1_general,2007,0.0013444635391770931
conditional-fit-0040,axis1_general,2008,0.0004013413666447735
conditional-fit-0040,axis1_general,2009,0.0001512228258948019
conditional-fit-0040,axis1_general,2010,0.021829498792539197
conditional-fit-0040,axis1_general,2011,0.015925492017087428
conditional-fit-0040,axis1_general,2012,1.9719011160853565e-05
conditional-fit-0040,axis1_general,2013,0.019022993479261223
conditional-fit-0040,axis1_general,2014,0.001350573096765532
conditional-fit-0040,axis1_general,2015,0.00036463905518903535
conditional-fit-0040,axis1_general,2016,0.0055193490996555475
conditional-fit-0040,axis1_general,2017,0.004630375294907275
conditional-fit-0040,axis1_general,2018,0.05642208018969591
conditional-fit-0040,axis1_general,2019,0.014456928821570902
conditional-fit-0040,axis1_general,2020,0.008340348053820584
conditional-fit-0040,axis1_general,2021,0.02712738551046296
conditional-fit-0040,axis1_general,2022,0.0010116441458850644
conditional-fit-0040,axis1_general,2023,0.06682737892455055
conditional-fit-0040,axis1_general,2024,0.0005489532613148833
conditional-fit-0040,axis1_general,2025,0.17711958623554658
conditional-fit-0040,axis1_general,2026,0.008391405345713584
conditional-fit-0040,axis1_general,2027,0.02021795849362199
conditional-fit-0040,axis1_general,2028,0.015974483218764914
conditional-fit-0040,axis1_general,2029,0.016233408801883904
conditional-fit-0040,axis1_general,2030,0.006388332318807786
conditional-fit-0040,axis1_general,2031,0.026554206462162055
conditional-fit-0040,axis1_general,2032,0.006906017516566023
conditional-fit-0040,axis1_general,2033,0.0001652719657520577
conditional-fit-0040,axis1_general,2034,0.0299900694454504
conditional-fit-0040,axis1_general,2035,5.9999005474357844e-05
conditional-fit-0040,axis1_general,2036,0.011949015635561937
conditional-fit-0040,axis1_general,2037,0.0037961341125173696
conditional-fit-0040,axis1_general,2038,0.015632066936160524
conditional-fit-0040,axis1_general,2039,0.0013878009065934989
conditional-fit-0040,axis1_general,2040,0.019526305496027255
conditional-fit-0040,axis1_general,2041,0.002509428648148062
conditional-fit-0040,axis1_general,2042,0.026751951532507593
conditional-fit-0040,axis1_general,2043,0.012414527183912527
conditional-fit-0040,axis1_general,2044,0.0001428141489739006
conditional-fit-0040,axis1_general,2045,0.0022334360825511214
conditional-fit-0040,axis1_general,2046,0.0014528864957799627
