window_id,domain,pos,kld
conditional-fit-0021,axis2_legal,0,1.831698787956725
conditional-fit-0021,axis2_legal,1,3.576769822000483
conditional-fit-0021,axis2_legal,2,1.381451992716842
conditional-fit-0021,axis2_legal,3,0.6303725901600068
conditional-fit-0021,axis2_legal,4,0.5487459581847361
conditional-fit-0021,axis2_legal,5,0.3722220319427545
conditional-fit-0021,axis2_legal,6,0.21826114864391835
conditional-fit-0021,axis2_legal,7,0.1316649842554018
conditional-fit-0021,axis2_legal,8,0.3262689591631535
conditional-fit-0021,axis2_legal,9,0.3086101122671568
conditional-fit-0021,axis2_legal,10,0.23426740524989467
conditional-fit-0021,axis2_legal,11,0.2554995372042256
conditional-fit-0021,axis2_legal,12,0.3204301215141969
conditional-fit-0021,axis2_legal,13,0.04209721144504241
conditional-fit-0021,axis2_legal,14,0.12883636685801197
conditional-fit-0021,axis2_legal,15,0.2921405140286618
conditional-fit-0021,axis2_legal,16,0.010703428151273809
conditional-fit-0021,axis2_legal,17,0.009895563911283248
conditional-fit-0021,axis2_legal,18,0.600964389975416
conditional-fit-0021,axis2_legal,19,0.07036770247925489
conditional-fit-0021,axis2_legal,20,0.1341477169705843
conditional-fit-0021,axis2_legal,21,0.07756688766467959
conditional-fit-0021,axis2_legal,22,0.12851227678817978
conditional-fit-0021,axis2_legal,23,0.17256990487722756
conditional-fit-0021,axis2_legal,24,0.014853068250143
conditional-fit-0021,axis2_legal,25,0.07164564760985466
conditional-fit-0021,axis2_legal,26,0.03824089678928391
conditional-fit-0021,axis2_legal,27,0.06465749020494663
conditional-fit-0021,axis2_legal,28,0.04442970649487454
conditional-fit-0021,axis2_legal,29,0.0035081225415903644
conditional-fit-0021,axis2_legal,30,0.0007594925749083753
conditional-fit-0021,axis2_legal,31,0.0020940863543779764
conditional-fit-0021,axis2_legal,32,0.019103609482978103
conditional-fit-0021,axis2_legal,33,0.07951867039044329
conditional-fit-0021,axis2_legal,34,0.284030635813402
conditional-fit-0021,axis2_legal,35,0.09295247207148732
conditional-fit-0021,axis2_legal,36,0.034423487080953497
conditional-fit-0021,axis2_legal,37,0.15197834808494426
conditional-fit-0021,axis2_legal,38,0.003500681324799387
conditional-fit-0021,axis2_legal,39,0.00043125279164253323
conditional-fit-0021,axis2_legal,40,0.06761722662730496
conditional-fit-0021,axis2_legal,41,0.11388350330842278
conditional-fit-0021,axis2_legal,42,0.04272395730739335
conditional-fit-0021,axis2_legal,43,0.10668543820502935
conditional-fit-0021,axis2_legal,44,0.00240919774001735
conditional-fit-0021,axis2_legal,45,0.07592548516790198
conditional-fit-0021,axis2_legal,46,0.12509163088360503
conditional-fit-0021,axis2_legal,47,0.1889826797014048
conditional-fit-0021,axis2_legal,48,0.005101535441469828
conditional-fit-0021,axis2_legal,49,0.27788954775735586
conditional-fit-0021,axis2_legal,50,0.07438145319093639
conditional-fit-0021,axis2_legal,51,0.0004825806308750411
conditional-fit-0021,axis2_legal,52,0.07915597350100226
conditional-fit-0021,axis2_legal,53,0.23832874242951513
conditional-fit-0021,axis2_legal,54,0.026134891846269277
conditional-fit-0021,axis2_legal,55,0.05410112382208671
conditional-fit-0021,axis2_legal,56,0.05350323721508069
conditional-fit-0021,axis2_legal,57,0.022121903184079646
conditional-fit-0021,axis2_legal,58,0.11111816715356614
conditional-fit-0021,axis2_legal,59,0.011730817946378393
conditional-fit-0021,axis2_legal,60,0.012185336385187165
conditional-fit-0021,axis2_legal,61,0.05000020889528147
conditional-fit-0021,axis2_legal,62,0.0027871242715097303
conditional-fit-0021,axis2_legal,63,0.00022312324209741605
conditional-fit-0021,axis2_legal,64,0.10449443575668083
conditional-fit-0021,axis2_legal,65,0.16417923471178714
conditional-fit-0021,axis2_legal,66,0.1325818621369044
conditional-fit-0021,axis2_legal,67,0.002589889073901351
conditional-fit-0021,axis2_legal,68,0.0940652821457712
conditional-fit-0021,axis2_legal,69,0.0030342804293826877
conditional-fit-0021,axis2_legal,70,0.0017934765151519452
conditional-fit-0021,axis2_legal,71,0.00013195641479129774
conditional-fit-0021,axis2_legal,72,0.0022426407904338115
conditional-fit-0021,axis2_legal,73,0.06716837441062004
conditional-fit-0021,axis2_legal,74,0.07467228287992034
conditional-fit-0021,axis2_legal,75,0.19347056736684956
conditional-fit-0021,axis2_legal,76,0.04546193352109935
conditional-fit-0021,axis2_legal,77,0.3006154944247023
conditional-fit-0021,axis2_legal,78,0.029869712113056536
conditional-fit-0021,axis2_legal,79,0.01922232821808637
conditional-fit-0021,axis2_legal,80,0.06602684829513107
conditional-fit-0021,axis2_legal,81,0.12490493814436959
conditional-fit-0021,axis2_legal,82,0.028743179684783945
conditional-fit-0021,axis2_legal,83,0.043302862706554764
conditional-fit-0021,axis2_legal,84,0.016773980148582494
conditional-fit-0021,axis2_legal,85,0.1621838023972477
conditional-fit-0021,axis2_legal,86,0.01994657826867984
conditional-fit-0021,axis2_legal,87,0.004717862125083467
conditional-fit-0021,axis2_legal,88,0.00981046500667633
conditional-fit-0021,axis2_legal,89,0.0005951545665608332
conditional-fit-0021,axis2_legal,90,0.0007020848925041573
conditional-fit-0021,axis2_legal,91,0.0009456225472690332
conditional-fit-0021,axis2_legal,92,0.0010278353876663326
conditional-fit-0021,axis2_legal,93,0.0730416938716864
conditional-fit-0021,axis2_legal,94,0.14112672924327108
conditional-fit-0021,axis2_legal,95,0.5816790578174773
conditional-fit-0021,axis2_legal,96,0.25638016165009553
conditional-fit-0021,axis2_legal,97,0.08249971077622123
conditional-fit-0021,axis2_legal,98,0.11740234476814486
conditional-fit-0021,axis2_legal,99,0.038024965433942265
conditional-fit-0021,axis2_legal,100,0.13249902794913926
conditional-fit-0021,axis2_legal,101,0.19636241692223813
conditional-fit-0021,axis2_legal,102,0.0166135319068372
conditional-fit-0021,axis2_legal,103,0.00561054462365438
conditional-fit-0021,axis2_legal,104,0.07987637763782185
conditional-fit-0021,axis2_legal,105,0.0019382153095057904
conditional-fit-0021,axis2_legal,106,0.07323392829689122
conditional-fit-0021,axis2_legal,107,0.16107769341039985
conditional-fit-0021,axis2_legal,108,0.12962441547750175
conditional-fit-0021,axis2_legal,109,0.0023725642847374235
conditional-fit-0021,axis2_legal,110,0.22747718322916544
conditional-fit-0021,axis2_legal,111,0.0158668166224961
conditional-fit-0021,axis2_legal,112,0.0027130936246916116
conditional-fit-0021,axis2_legal,113,0.0008165145157914493
conditional-fit-0021,axis2_legal,114,0.001548847679413087
conditional-fit-0021,axis2_legal,115,0.004757064157771852
conditional-fit-0021,axis2_legal,116,0.0044920594142236385
conditional-fit-0021,axis2_legal,117,0.03739957434482881
conditional-fit-0021,axis2_legal,118,0.10127283181264042
conditional-fit-0021,axis2_legal,119,0.04212426107338245
conditional-fit-0021,axis2_legal,120,0.004220565663492748
conditional-fit-0021,axis2_legal,121,0.026116473451722716
conditional-fit-0021,axis2_legal,122,0.044509741241948265
conditional-fit-0021,axis2_legal,123,0.0006301661874274255
conditional-fit-0021,axis2_legal,124,0.06876178513527026
conditional-fit-0021,axis2_legal,125,0.15024054750735963
conditional-fit-0021,axis2_legal,126,0.2838516373206364
conditional-fit-0021,axis2_legal,127,0.0017461188593983507
conditional-fit-0021,axis2_legal,128,0.13616544977512984
conditional-fit-0021,axis2_legal,129,0.0004909653635677197
conditional-fit-0021,axis2_legal,130,0.018625337015789115
conditional-fit-0021,axis2_legal,131,0.005801994788592526
conditional-fit-0021,axis2_legal,132,0.0018936336120244513
conditional-fit-0021,axis2_legal,133,0.0006760035617796071
conditional-fit-0021,axis2_legal,134,0.004702701233640159
conditional-fit-0021,axis2_legal,135,0.005136108910019085
conditional-fit-0021,axis2_legal,136,0.0012915133981932596
conditional-fit-0021,axis2_legal,137,0.1403066788787236
conditional-fit-0021,axis2_legal,138,0.04527140602038851
conditional-fit-0021,axis2_legal,139,0.05159418684445402
conditional-fit-0021,axis2_legal,140,0.03243977695277162
conditional-fit-0021,axis2_legal,141,0.15754937508144395
conditional-fit-0021,axis2_legal,142,0.1042280867931056
conditional-fit-0021,axis2_legal,143,0.002256161323715708
conditional-fit-0021,axis2_legal,144,0.07669395272380822
conditional-fit-0021,axis2_legal,145,0.06403460093295237
conditional-fit-0021,axis2_legal,146,0.05719194355522057
conditional-fit-0021,axis2_legal,147,0.05469143776886795
conditional-fit-0021,axis2_legal,148,0.09845392624618572
conditional-fit-0021,axis2_legal,149,0.000242314125917764
conditional-fit-0021,axis2_legal,150,0.0015170256197679166
conditional-fit-0021,axis2_legal,151,4.1909953724446065e-05
conditional-fit-0021,axis2_legal,152,0.0004808644058583356
conditional-fit-0021,axis2_legal,153,0.00018790260599756213
conditional-fit-0021,axis2_legal,154,0.010210973783463029
conditional-fit-0021,axis2_legal,155,0.0017080688950473944
conditional-fit-0021,axis2_legal,156,0.028154217260907152
conditional-fit-0021,axis2_legal,157,0.0008076146407334107
conditional-fit-0021,axis2_legal,158,0.0004155671839611824
conditional-fit-0021,axis2_legal,159,0.000138472256350246
conditional-fit-0021,axis2_legal,160,0.0001226134895446119
conditional-fit-0021,axis2_legal,161,0.00022376491129224896
conditional-fit-0021,axis2_legal,162,0.0002723024419973953
conditional-fit-0021,axis2_legal,163,0.0032110383906750316
conditional-fit-0021,axis2_legal,164,0.0014594816469334006
conditional-fit-0021,axis2_legal,165,0.05877467327175237
conditional-fit-0021,axis2_legal,166,0.0539174961515291
conditional-fit-0021,axis2_legal,167,0.019155547589140884
conditional-fit-0021,axis2_legal,168,0.058424909359766034
conditional-fit-0021,axis2_legal,169,0.09511803377433575
conditional-fit-0021,axis2_legal,170,0.07341017357647389
conditional-fit-0021,axis2_legal,171,0.1950254368105231
conditional-fit-0021,axis2_legal,172,0.0472805632240885
conditional-fit-0021,axis2_legal,173,0.0004726072219396246
conditional-fit-0021,axis2_legal,174,0.023560550235245822
conditional-fit-0021,axis2_legal,175,0.0958814659986572
conditional-fit-0021,axis2_legal,176,0.053873616243468314
conditional-fit-0021,axis2_legal,177,0.023865263032831575
conditional-fit-0021,axis2_legal,178,0.07582457553020155
conditional-fit-0021,axis2_legal,179,0.08973760393420327
conditional-fit-0021,axis2_legal,180,0.014163964127488066
conditional-fit-0021,axis2_legal,181,0.0013521899481385763
conditional-fit-0021,axis2_legal,182,0.03726569569398846
conditional-fit-0021,axis2_legal,183,0.07130139095911271
conditional-fit-0021,axis2_legal,184,0.14306919091148423
conditional-fit-0021,axis2_legal,185,0.19865094755273638
conditional-fit-0021,axis2_legal,186,0.11952491358083292
conditional-fit-0021,axis2_legal,187,0.031539521538519535
conditional-fit-0021,axis2_legal,188,0.2375450353718918
conditional-fit-0021,axis2_legal,189,0.2788037949058836
conditional-fit-0021,axis2_legal,190,0.0010322638851412913
conditional-fit-0021,axis2_legal,191,0.004747424336843569
conditional-fit-0021,axis2_legal,192,0.0032843951344740537
conditional-fit-0021,axis2_legal,193,0.008226608768770374
conditional-fit-0021,axis2_legal,194,0.012297183419895254
conditional-fit-0021,axis2_legal,195,0.005756228193011881
conditional-fit-0021,axis2_legal,196,0.0010685007045491905
conditional-fit-0021,axis2_legal,197,0.07116787481028711
conditional-fit-0021,axis2_legal,198,0.13455628501810749
conditional-fit-0021,axis2_legal,199,0.03821387131276198
conditional-fit-0021,axis2_legal,200,0.012651359038475807
conditional-fit-0021,axis2_legal,201,0.017040657497479166
conditional-fit-0021,axis2_legal,202,0.036246298523400194
conditional-fit-0021,axis2_legal,203,0.15630829646337163
conditional-fit-0021,axis2_legal,204,0.00032576125455494937
conditional-fit-0021,axis2_legal,205,0.03651665398743438
conditional-fit-0021,axis2_legal,206,0.05224471894223635
conditional-fit-0021,axis2_legal,207,0.0141670215055913
conditional-fit-0021,axis2_legal,208,0.0026083192535798876
conditional-fit-0021,axis2_legal,209,0.04040261991299421
conditional-fit-0021,axis2_legal,210,0.024810787899317392
conditional-fit-0021,axis2_legal,211,0.034559647107563145
conditional-fit-0021,axis2_legal,212,0.035417165127447206
conditional-fit-0021,axis2_legal,213,0.016924254673639415
conditional-fit-0021,axis2_legal,214,0.06472868358383155
conditional-fit-0021,axis2_legal,215,0.09199017613230703
conditional-fit-0021,axis2_legal,216,0.29689838817358527
conditional-fit-0021,axis2_legal,217,0.013176644459170678
conditional-fit-0021,axis2_legal,218,0.03560067184749559
conditional-fit-0021,axis2_legal,219,0.2015640948224512
conditional-fit-0021,axis2_legal,220,0.009428404519669168
conditional-fit-0021,axis2_legal,221,0.08331404717498148
conditional-fit-0021,axis2_legal,222,0.015021017972265106
conditional-fit-0021,axis2_legal,223,0.06468079012906777
conditional-fit-0021,axis2_legal,224,0.07115473066022535
conditional-fit-0021,axis2_legal,225,0.006345465486575889
conditional-fit-0021,axis2_legal,226,0.008536960790147083
conditional-fit-0021,axis2_legal,227,0.003342145180382769
conditional-fit-0021,axis2_legal,228,0.00016083380212444343
conditional-fit-0021,axis2_legal,229,0.023953173223547716
conditional-fit-0021,axis2_legal,230,0.0016702506311119403
conditional-fit-0021,axis2_legal,231,0.026684080571779692
conditional-fit-0021,axis2_legal,232,0.0016870589878056103
conditional-fit-0021,axis2_legal,233,0.00142420904899189
conditional-fit-0021,axis2_legal,234,0.12055144934155636
conditional-fit-0021,axis2_legal,235,0.18749758644018463
conditional-fit-0021,axis2_legal,236,0.06429247341450185
conditional-fit-0021,axis2_legal,237,0.014962111744316529
conditional-fit-0021,axis2_legal,238,0.09571523168017074
conditional-fit-0021,axis2_legal,239,0.028866380221493577
conditional-fit-0021,axis2_legal,240,0.036573274202103344
conditional-fit-0021,axis2_legal,241,0.07125113150077626
conditional-fit-0021,axis2_legal,242,0.018267490920586972
conditional-fit-0021,axis2_legal,243,0.7882524728596386
conditional-fit-0021,axis2_legal,244,0.07524640621110135
conditional-fit-0021,axis2_legal,245,0.22935713822887335
conditional-fit-0021,axis2_legal,246,0.07925849044444365
conditional-fit-0021,axis2_legal,247,0.1149631898054681
conditional-fit-0021,axis2_legal,248,0.04254730369798072
conditional-fit-0021,axis2_legal,249,0.09077662605843326
conditional-fit-0021,axis2_legal,250,0.04115704147459622
conditional-fit-0021,axis2_legal,251,0.038929329059369036
conditional-fit-0021,axis2_legal,252,0.11108694492884125
conditional-fit-0021,axis2_legal,253,0.0006293661421239254
conditional-fit-0021,axis2_legal,254,0.01041309157255909
conditional-fit-0021,axis2_legal,255,0.1489294754279289
conditional-fit-0021,axis2_legal,256,0.0006344194631210608
conditional-fit-0021,axis2_legal,257,0.01662608149368495
conditional-fit-0021,axis2_legal,258,0.0037929520742428936
conditional-fit-0021,axis2_legal,259,0.00019035142376109347
conditional-fit-0021,axis2_legal,260,0.010683680778425776
conditional-fit-0021,axis2_legal,261,0.04304622359431447
conditional-fit-0021,axis2_legal,262,0.12713417204761848
conditional-fit-0021,axis2_legal,263,0.5435539832020305
conditional-fit-0021,axis2_legal,264,0.027562807440264018
conditional-fit-0021,axis2_legal,265,0.1016245886669138
conditional-fit-0021,axis2_legal,266,0.028100217902109984
conditional-fit-0021,axis2_legal,267,0.15367662874048615
conditional-fit-0021,axis2_legal,268,0.09997165285550177
conditional-fit-0021,axis2_legal,269,0.012733624897051541
conditional-fit-0021,axis2_legal,270,0.09199059769196813
conditional-fit-0021,axis2_legal,271,0.05171789529476943
conditional-fit-0021,axis2_legal,272,0.05046337054446644
conditional-fit-0021,axis2_legal,273,0.17726563837968026
conditional-fit-0021,axis2_legal,274,0.01756115139305057
conditional-fit-0021,axis2_legal,275,0.09759747362344857
conditional-fit-0021,axis2_legal,276,0.012270102850674387
conditional-fit-0021,axis2_legal,277,0.019425006854964788
conditional-fit-0021,axis2_legal,278,0.015543222381304334
conditional-fit-0021,axis2_legal,279,0.04739530144275457
conditional-fit-0021,axis2_legal,280,0.0888750263930563
conditional-fit-0021,axis2_legal,281,0.0017600698198738435
conditional-fit-0021,axis2_legal,282,0.0005365056222991649
conditional-fit-0021,axis2_legal,283,0.007954563348527316
conditional-fit-0021,axis2_legal,284,0.023990442192725024
conditional-fit-0021,axis2_legal,285,0.0220111010963353
conditional-fit-0021,axis2_legal,286,0.022487898330192727
conditional-fit-0021,axis2_legal,287,0.02930074459556363
conditional-fit-0021,axis2_legal,288,0.03122930030452964
conditional-fit-0021,axis2_legal,289,0.08773733463492614
conditional-fit-0021,axis2_legal,290,0.0005203899839767712
conditional-fit-0021,axis2_legal,291,0.002089203242004181
conditional-fit-0021,axis2_legal,292,0.02018904183197856
conditional-fit-0021,axis2_legal,293,0.045293846817953794
conditional-fit-0021,axis2_legal,294,0.03716281353941551
conditional-fit-0021,axis2_legal,295,0.059334120774291205
conditional-fit-0021,axis2_legal,296,0.02092891710281214
conditional-fit-0021,axis2_legal,297,0.04055999030406854
conditional-fit-0021,axis2_legal,298,0.08113433145538164
conditional-fit-0021,axis2_legal,299,0.0874424963318412
conditional-fit-0021,axis2_legal,300,0.040087374182877035
conditional-fit-0021,axis2_legal,301,0.0375044476844971
conditional-fit-0021,axis2_legal,302,0.007879940375781276
conditional-fit-0021,axis2_legal,303,0.00024303347633017458
conditional-fit-0021,axis2_legal,304,0.05400497895301719
conditional-fit-0021,axis2_legal,305,0.014328342081224427
conditional-fit-0021,axis2_legal,306,0.01779027342194004
conditional-fit-0021,axis2_legal,307,0.001967826067413103
conditional-fit-0021,axis2_legal,308,0.024333941553055353
conditional-fit-0021,axis2_legal,309,0.004965230768492538
conditional-fit-0021,axis2_legal,310,0.018470552096172738
conditional-fit-0021,axis2_legal,311,0.07924293671673345
conditional-fit-0021,axis2_legal,312,0.0011692234108141508
conditional-fit-0021,axis2_legal,313,0.05186967889130686
conditional-fit-0021,axis2_legal,314,0.03196968065727126
conditional-fit-0021,axis2_legal,315,0.03264858482303541
conditional-fit-0021,axis2_legal,316,0.029201074545531544
conditional-fit-0021,axis2_legal,317,0.2510007546482743
conditional-fit-0021,axis2_legal,318,0.03743818393122718
conditional-fit-0021,axis2_legal,319,0.012297053633765188
conditional-fit-0021,axis2_legal,320,0.0007824286430064371
conditional-fit-0021,axis2_legal,321,0.000307232484039923
conditional-fit-0021,axis2_legal,322,0.0006092691128032647
conditional-fit-0021,axis2_legal,323,0.0008820879766527292
conditional-fit-0021,axis2_legal,324,0.019413326790137117
conditional-fit-0021,axis2_legal,325,0.003806380864493839
conditional-fit-0021,axis2_legal,326,0.1469764991776687
conditional-fit-0021,axis2_legal,327,0.00399099396559474
conditional-fit-0021,axis2_legal,328,0.13972122882359875
conditional-fit-0021,axis2_legal,329,0.38092351607591896
conditional-fit-0021,axis2_legal,330,0.1727634197025474
conditional-fit-0021,axis2_legal,331,0.0016057461122582699
conditional-fit-0021,axis2_legal,332,0.01617654102436919
conditional-fit-0021,axis2_legal,333,0.06257260697428592
conditional-fit-0021,axis2_legal,334,0.0026845936540918418
conditional-fit-0021,axis2_legal,335,0.004260287146533499
conditional-fit-0021,axis2_legal,336,0.03700121055552856
conditional-fit-0021,axis2_legal,337,0.0013282374303039207
conditional-fit-0021,axis2_legal,338,6.5864147912617e-05
conditional-fit-0021,axis2_legal,339,0.052972260137100054
conditional-fit-0021,axis2_legal,340,0.014861672874116837
conditional-fit-0021,axis2_legal,341,0.08280398757213187
conditional-fit-0021,axis2_legal,342,0.08196275419773527
conditional-fit-0021,axis2_legal,343,0.0006855395914391162
conditional-fit-0021,axis2_legal,344,0.013007898279496902
conditional-fit-0021,axis2_legal,345,0.012050962924735054
conditional-fit-0021,axis2_legal,346,0.0100935363299067
conditional-fit-0021,axis2_legal,347,0.032713321084080677
conditional-fit-0021,axis2_legal,348,0.001275562466432606
conditional-fit-0021,axis2_legal,349,0.024956089134934856
conditional-fit-0021,axis2_legal,350,0.001783828236342824
conditional-fit-0021,axis2_legal,351,0.04079786224164686
conditional-fit-0021,axis2_legal,352,0.12387578448991352
conditional-fit-0021,axis2_legal,353,0.006122191038894833
conditional-fit-0021,axis2_legal,354,0.19990501802077934
conditional-fit-0021,axis2_legal,355,0.1032432842456444
conditional-fit-0021,axis2_legal,356,0.0009676047260022863
conditional-fit-0021,axis2_legal,357,0.11569447233948925
conditional-fit-0021,axis2_legal,358,0.0006207888046312785
conditional-fit-0021,axis2_legal,359,0.0011237899914610617
conditional-fit-0021,axis2_legal,360,0.005536264425205651
conditional-fit-0021,axis2_legal,361,0.014238855660361515
conditional-fit-0021,axis2_legal,362,0.000295541908117127
conditional-fit-0021,axis2_legal,363,0.016250100610465553
conditional-fit-0021,axis2_legal,364,0.13069440594416984
conditional-fit-0021,axis2_legal,365,0.001183065561712009
conditional-fit-0021,axis2_legal,366,0.001128335296179843
conditional-fit-0021,axis2_legal,367,0.0169038198095003
conditional-fit-0021,axis2_legal,368,0.10142641914945012
conditional-fit-0021,axis2_legal,369,0.051706366107929405
conditional-fit-0021,axis2_legal,370,0.07168648484000828
conditional-fit-0021,axis2_legal,371,0.0005479979903990977
conditional-fit-0021,axis2_legal,372,0.053175219949339214
conditional-fit-0021,axis2_legal,373,0.0379939878077554
conditional-fit-0021,axis2_legal,374,0.001188414226940442
conditional-fit-0021,axis2_legal,375,0.02315557205284067
conditional-fit-0021,axis2_legal,376,0.02895359053456608
conditional-fit-0021,axis2_legal,377,0.0068764316428249475
conditional-fit-0021,axis2_legal,378,0.03728155204873357
conditional-fit-0021,axis2_legal,379,0.0141048356890971
conditional-fit-0021,axis2_legal,380,0.03598580564977486
conditional-fit-0021,axis2_legal,381,0.04092757118388326
conditional-fit-0021,axis2_legal,382,0.00839074460741266
conditional-fit-0021,axis2_legal,383,0.047954051856647535
conditional-fit-0021,axis2_legal,384,0.02050158878491291
conditional-fit-0021,axis2_legal,385,0.027607194885388084
conditional-fit-0021,axis2_legal,386,0.03850501684973376
conditional-fit-0021,axis2_legal,387,0.029364518172702317
conditional-fit-0021,axis2_legal,388,0.010630288566932664
conditional-fit-0021,axis2_legal,389,0.027961940630050156
conditional-fit-0021,axis2_legal,390,0.027599135631702864
conditional-fit-0021,axis2_legal,391,0.02000425781575747
conditional-fit-0021,axis2_legal,392,0.1107980128100002
conditional-fit-0021,axis2_legal,393,0.0007742735151988859
conditional-fit-0021,axis2_legal,394,0.032530749864584436
conditional-fit-0021,axis2_legal,395,0.05128775545054709
conditional-fit-0021,axis2_legal,396,0.24475186799921056
conditional-fit-0021,axis2_legal,397,0.000989287462278268
conditional-fit-0021,axis2_legal,398,0.16248987064671386
conditional-fit-0021,axis2_legal,399,0.10180927302826681
conditional-fit-0021,axis2_legal,400,0.09819637400838876
conditional-fit-0021,axis2_legal,401,0.00018767226262104115
conditional-fit-0021,axis2_legal,402,0.00029277297467913315
conditional-fit-0021,axis2_legal,403,0.009510943773067177
conditional-fit-0021,axis2_legal,404,0.17643385709598022
conditional-fit-0021,axis2_legal,405,0.01153912755463709
conditional-fit-0021,axis2_legal,406,0.049728170269714975
conditional-fit-0021,axis2_legal,407,0.10101836333958693
conditional-fit-0021,axis2_legal,408,0.08858141131348812
conditional-fit-0021,axis2_legal,409,0.0844933184658549
conditional-fit-0021,axis2_legal,410,0.058793995898110595
conditional-fit-0021,axis2_legal,411,0.025883425326491034
conditional-fit-0021,axis2_legal,412,0.1100827775289565
conditional-fit-0021,axis2_legal,413,0.00834544470810704
conditional-fit-0021,axis2_legal,414,0.0019099968347815067
conditional-fit-0021,axis2_legal,415,0.0018133128697980143
conditional-fit-0021,axis2_legal,416,0.0001922223427836235
conditional-fit-0021,axis2_legal,417,0.0665190317693224
conditional-fit-0021,axis2_legal,418,0.016912383162218575
conditional-fit-0021,axis2_legal,419,0.030538481998500393
conditional-fit-0021,axis2_legal,420,0.012645810554065832
conditional-fit-0021,axis2_legal,421,0.03246809633827216
conditional-fit-0021,axis2_legal,422,0.05411726470609281
conditional-fit-0021,axis2_legal,423,0.0024201116219485647
conditional-fit-0021,axis2_legal,424,0.03069295289525531
conditional-fit-0021,axis2_legal,425,0.019789298190099724
conditional-fit-0021,axis2_legal,426,0.00031994151616386823
conditional-fit-0021,axis2_legal,427,6.68565972596544e-05
conditional-fit-0021,axis2_legal,428,0.003330916903127422
conditional-fit-0021,axis2_legal,429,0.0852274553556822
conditional-fit-0021,axis2_legal,430,0.2744654279541691
conditional-fit-0021,axis2_legal,431,0.10122488906803101
conditional-fit-0021,axis2_legal,432,0.003451352359090624
conditional-fit-0021,axis2_legal,433,0.02317060877025858
conditional-fit-0021,axis2_legal,434,0.06066223098082156
conditional-fit-0021,axis2_legal,435,0.012430869841190646
conditional-fit-0021,axis2_legal,436,0.015111141923379342
conditional-fit-0021,axis2_legal,437,0.004006054792545035
conditional-fit-0021,axis2_legal,438,0.0204566539881032
conditional-fit-0021,axis2_legal,439,0.007881778511175557
conditional-fit-0021,axis2_legal,440,0.025625567783464684
conditional-fit-0021,axis2_legal,441,0.0013594265937394252
conditional-fit-0021,axis2_legal,442,0.017409060402223495
conditional-fit-0021,axis2_legal,443,0.0005108090265956682
conditional-fit-0021,axis2_legal,444,0.00029969720279763256
conditional-fit-0021,axis2_legal,445,0.02778117041165006
conditional-fit-0021,axis2_legal,446,0.040343078995350085
conditional-fit-0021,axis2_legal,447,0.07696071854848964
conditional-fit-0021,axis2_legal,448,0.05748349375861571
conditional-fit-0021,axis2_legal,449,0.04426602143930462
conditional-fit-0021,axis2_legal,450,0.0074005650702667685
conditional-fit-0021,axis2_legal,451,0.040479837907176665
conditional-fit-0021,axis2_legal,452,0.08285347589587722
conditional-fit-0021,axis2_legal,453,0.14031860989375483
conditional-fit-0021,axis2_legal,454,0.12265070417814884
conditional-fit-0021,axis2_legal,455,0.0023914088753276257
conditional-fit-0021,axis2_legal,456,0.04729651074970905
conditional-fit-0021,axis2_legal,457,0.028144114213520397
conditional-fit-0021,axis2_legal,458,0.009990348205557654
conditional-fit-0021,axis2_legal,459,0.0004617517012613535
conditional-fit-0021,axis2_legal,460,0.08682501685543478
conditional-fit-0021,axis2_legal,461,0.053892568212352755
conditional-fit-0021,axis2_legal,462,0.004254907330359417
conditional-fit-0021,axis2_legal,463,0.02908851109942755
conditional-fit-0021,axis2_legal,464,0.026199365658426337
conditional-fit-0021,axis2_legal,465,0.08193905454402373
conditional-fit-0021,axis2_legal,466,0.05508274408651373
conditional-fit-0021,axis2_legal,467,0.003421321349792191
conditional-fit-0021,axis2_legal,468,0.01709068820967259
conditional-fit-0021,axis2_legal,469,0.020052966737826822
conditional-fit-0021,axis2_legal,470,0.0002790996698331631
conditional-fit-0021,axis2_legal,471,0.000645382221339999
conditional-fit-0021,axis2_legal,472,0.026046564612328897
conditional-fit-0021,axis2_legal,473,0.029156345301341275
conditional-fit-0021,axis2_legal,474,0.16088626762866653
conditional-fit-0021,axis2_legal,475,0.03232482593124146
conditional-fit-0021,axis2_legal,476,0.03583969397220066
conditional-fit-0021,axis2_legal,477,0.0009575072127612184
conditional-fit-0021,axis2_legal,478,0.007958681459442733
conditional-fit-0021,axis2_legal,479,0.0026839239147939398
conditional-fit-0021,axis2_legal,480,0.0006851400526603794
conditional-fit-0021,axis2_legal,481,0.0003640312188123289
conditional-fit-0021,axis2_legal,482,0.0014499714731467921
conditional-fit-0021,axis2_legal,483,0.026612474095743674
conditional-fit-0021,axis2_legal,484,0.042779946950237874
conditional-fit-0021,axis2_legal,485,0.04038638218895799
conditional-fit-0021,axis2_legal,486,0.010793998674114886
conditional-fit-0021,axis2_legal,487,0.0047847791739480125
conditional-fit-0021,axis2_legal,488,0.03088697986488604
conditional-fit-0021,axis2_legal,489,0.004486804186854619
conditional-fit-0021,axis2_legal,490,0.01920593715907816
conditional-fit-0021,axis2_legal,491,0.04179171932077744
conditional-fit-0021,axis2_legal,492,0.008371695105587404
conditional-fit-0021,axis2_legal,493,0.0003028234534883425
conditional-fit-0021,axis2_legal,494,0.0008940098017257387
conditional-fit-0021,axis2_legal,495,0.0001347758278125429
conditional-fit-0021,axis2_legal,496,0.0007822299566200569
conditional-fit-0021,axis2_legal,497,0.06234225574665489
conditional-fit-0021,axis2_legal,498,0.014738180465419283
conditional-fit-0021,axis2_legal,499,0.04252559485776994
conditional-fit-0021,axis2_legal,500,0.1868339990280613
conditional-fit-0021,axis2_legal,501,0.01049201937233716
conditional-fit-0021,axis2_legal,502,0.21406444180578893
conditional-fit-0021,axis2_legal,503,0.020605378619501527
conditional-fit-0021,axis2_legal,504,0.07268908967104204
conditional-fit-0021,axis2_legal,505,0.003998312157777536
conditional-fit-0021,axis2_legal,506,0.0016002203216353345
conditional-fit-0021,axis2_legal,507,0.041215096453546145
conditional-fit-0021,axis2_legal,508,0.12183796888569261
conditional-fit-0021,axis2_legal,509,0.015785096784527993
conditional-fit-0021,axis2_legal,510,0.007443785070880088
conditional-fit-0021,axis2_legal,511,0.0769624285095353
conditional-fit-0021,axis2_legal,512,0.0005958930729763189
conditional-fit-0021,axis2_legal,513,0.06782213884761781
conditional-fit-0021,axis2_legal,514,0.011263602260916342
conditional-fit-0021,axis2_legal,515,0.0004945066116909874
conditional-fit-0021,axis2_legal,516,0.00014155356522221028
conditional-fit-0021,axis2_legal,517,0.002225416041230812
conditional-fit-0021,axis2_legal,518,0.010554587963727373
conditional-fit-0021,axis2_legal,519,0.029131168050197793
conditional-fit-0021,axis2_legal,520,0.09264420104715647
conditional-fit-0021,axis2_legal,521,0.0002405351805739061
conditional-fit-0021,axis2_legal,522,0.007115076279056545
conditional-fit-0021,axis2_legal,523,0.0030709538379191277
conditional-fit-0021,axis2_legal,524,0.00020469432104213995
conditional-fit-0021,axis2_legal,525,0.0023550478405678105
conditional-fit-0021,axis2_legal,526,0.0009823477757250287
conditional-fit-0021,axis2_legal,527,0.0078335578795497
conditional-fit-0021,axis2_legal,528,0.0176187882446322
conditional-fit-0021,axis2_legal,529,0.00966274820355697
conditional-fit-0021,axis2_legal,530,0.01992273764597556
conditional-fit-0021,axis2_legal,531,0.04242441244893821
conditional-fit-0021,axis2_legal,532,0.0035185857787107134
conditional-fit-0021,axis2_legal,533,0.00043177353179399804
conditional-fit-0021,axis2_legal,534,0.055607264227283744
conditional-fit-0021,axis2_legal,535,0.00026855774495344723
conditional-fit-0021,axis2_legal,536,0.008546112336712361
conditional-fit-0021,axis2_legal,537,0.00179163772530998
conditional-fit-0021,axis2_legal,538,0.0012052994326293776
conditional-fit-0021,axis2_legal,539,0.009372033908481741
conditional-fit-0021,axis2_legal,540,0.00028751244769996496
conditional-fit-0021,axis2_legal,541,0.04264644380901232
conditional-fit-0021,axis2_legal,542,0.009426436019459222
conditional-fit-0021,axis2_legal,543,0.029571007536457007
conditional-fit-0021,axis2_legal,544,0.023140080024276047
conditional-fit-0021,axis2_legal,545,0.013366132810084311
conditional-fit-0021,axis2_legal,546,0.020593276926721252
conditional-fit-0021,axis2_legal,547,0.03486282530451455
conditional-fit-0021,axis2_legal,548,0.008367672069005388
conditional-fit-0021,axis2_legal,549,0.004047402413233366
conditional-fit-0021,axis2_legal,550,0.007414593087533453
conditional-fit-0021,axis2_legal,551,0.02122638915308335
conditional-fit-0021,axis2_legal,552,0.031692232996145486
conditional-fit-0021,axis2_legal,553,0.0006556276823457272
conditional-fit-0021,axis2_legal,554,0.013429121806429183
conditional-fit-0021,axis2_legal,555,0.048248269327875286
conditional-fit-0021,axis2_legal,556,0.03853509382297493
conditional-fit-0021,axis2_legal,557,0.01716087725123687
conditional-fit-0021,axis2_legal,558,0.07691329510873246
conditional-fit-0021,axis2_legal,559,0.0026268811455895306
conditional-fit-0021,axis2_legal,560,0.05588133550764102
conditional-fit-0021,axis2_legal,561,0.022227152056263327
conditional-fit-0021,axis2_legal,562,0.002924012723065226
conditional-fit-0021,axis2_legal,563,0.00034108160527767436
conditional-fit-0021,axis2_legal,564,0.00013594553889184402
conditional-fit-0021,axis2_legal,565,0.024842477472198247
conditional-fit-0021,axis2_legal,566,0.06628966671432096
conditional-fit-0021,axis2_legal,567,0.006507519444692597
conditional-fit-0021,axis2_legal,568,0.002103034521174544
conditional-fit-0021,axis2_legal,569,0.005833346167479851
conditional-fit-0021,axis2_legal,570,0.09376415860583014
conditional-fit-0021,axis2_legal,571,0.0019621782945434224
conditional-fit-0021,axis2_legal,572,0.0007492843640342337
conditional-fit-0021,axis2_legal,573,0.01595859987630788
conditional-fit-0021,axis2_legal,574,0.00016393383126198294
conditional-fit-0021,axis2_legal,575,0.00102582774635573
conditional-fit-0021,axis2_legal,576,0.002990204198525305
conditional-fit-0021,axis2_legal,577,0.013169549859015858
conditional-fit-0021,axis2_legal,578,0.0014638514231884636
conditional-fit-0021,axis2_legal,579,0.004902593449117346
conditional-fit-0021,axis2_legal,580,0.05486037477859508
conditional-fit-0021,axis2_legal,581,0.0017541777196060345
conditional-fit-0021,axis2_legal,582,0.0022797169658753495
conditional-fit-0021,axis2_legal,583,0.00029678390255485747
conditional-fit-0021,axis2_legal,584,0.020207732245381138
conditional-fit-0021,axis2_legal,585,0.005745140897356768
conditional-fit-0021,axis2_legal,586,0.02073576163300886
conditional-fit-0021,axis2_legal,587,0.004688383045574736
conditional-fit-0021,axis2_legal,588,0.0002518467571894834
conditional-fit-0021,axis2_legal,589,0.028353698784507293
conditional-fit-0021,axis2_legal,590,0.026324594607950808
conditional-fit-0021,axis2_legal,591,0.04346027154420345
conditional-fit-0021,axis2_legal,592,0.05192242281084705
conditional-fit-0021,axis2_legal,593,0.03108023369872127
conditional-fit-0021,axis2_legal,594,0.0005569657656961375
conditional-fit-0021,axis2_legal,595,0.04530967009905799
conditional-fit-0021,axis2_legal,596,0.0039797910589182035
conditional-fit-0021,axis2_legal,597,0.007838640083061892
conditional-fit-0021,axis2_legal,598,0.01701260902076577
conditional-fit-0021,axis2_legal,599,0.0005177423153551264
conditional-fit-0021,axis2_legal,600,0.0016844443533558101
conditional-fit-0021,axis2_legal,601,0.008369790913387885
conditional-fit-0021,axis2_legal,602,0.0001262945873005368
conditional-fit-0021,axis2_legal,603,0.0011947450978785743
conditional-fit-0021,axis2_legal,604,0.011207888640383717
conditional-fit-0021,axis2_legal,605,0.03452331289102114
conditional-fit-0021,axis2_legal,606,0.11787613488823376
conditional-fit-0021,axis2_legal,607,0.0003243144718221082
conditional-fit-0021,axis2_legal,608,0.03232848873589761
conditional-fit-0021,axis2_legal,609,0.0260806535972987
conditional-fit-0021,axis2_legal,610,0.25308354531502963
conditional-fit-0021,axis2_legal,611,0.0025770253101376137
conditional-fit-0021,axis2_legal,612,0.048044114160518694
conditional-fit-0021,axis2_legal,613,0.05050534378380506
conditional-fit-0021,axis2_legal,614,0.061189307080636315
conditional-fit-0021,axis2_legal,615,0.01222064032621021
conditional-fit-0021,axis2_legal,616,0.02830670145318853
conditional-fit-0021,axis2_legal,617,0.04055581343119523
conditional-fit-0021,axis2_legal,618,0.03968110720614191
conditional-fit-0021,axis2_legal,619,0.11669208272269721
conditional-fit-0021,axis2_legal,620,0.012781429693026286
conditional-fit-0021,axis2_legal,621,0.06554253965171752
conditional-fit-0021,axis2_legal,622,0.02632317514298997
conditional-fit-0021,axis2_legal,623,0.008189708124433107
conditional-fit-0021,axis2_legal,624,0.011187853734350743
conditional-fit-0021,axis2_legal,625,0.016548450887996842
conditional-fit-0021,axis2_legal,626,0.004262644730245756
conditional-fit-0021,axis2_legal,627,0.011652713268461797
conditional-fit-0021,axis2_legal,628,0.011228743871463645
conditional-fit-0021,axis2_legal,629,0.1789296011941175
conditional-fit-0021,axis2_legal,630,0.025697433994475657
conditional-fit-0021,axis2_legal,631,0.011673445795799799
conditional-fit-0021,axis2_legal,632,0.0026514101294866526
conditional-fit-0021,axis2_legal,633,0.002162023746613426
conditional-fit-0021,axis2_legal,634,0.037903140070282226
conditional-fit-0021,axis2_legal,635,0.03775861388877607
conditional-fit-0021,axis2_legal,636,0.02498903662651513
conditional-fit-0021,axis2_legal,637,0.02257724418430364
conditional-fit-0021,axis2_legal,638,0.012523292739780706
conditional-fit-0021,axis2_legal,639,0.13676765551461975
conditional-fit-0021,axis2_legal,640,0.016697428675307623
conditional-fit-0021,axis2_legal,641,0.0048983530817965255
conditional-fit-0021,axis2_legal,642,0.4154997745022315
conditional-fit-0021,axis2_legal,643,0.0031648156338036225
conditional-fit-0021,axis2_legal,644,0.11193163554822134
conditional-fit-0021,axis2_legal,645,0.11385470607922792
conditional-fit-0021,axis2_legal,646,0.039308526030242555
conditional-fit-0021,axis2_legal,647,0.0013747743486599356
conditional-fit-0021,axis2_legal,648,0.05894680378986254
conditional-fit-0021,axis2_legal,649,0.0033366635005927393
conditional-fit-0021,axis2_legal,650,0.28119779438476533
conditional-fit-0021,axis2_legal,651,0.027799069980902716
conditional-fit-0021,axis2_legal,652,0.11465772437750965
conditional-fit-0021,axis2_legal,653,0.009163422748361034
conditional-fit-0021,axis2_legal,654,0.0009706870458129908
conditional-fit-0021,axis2_legal,655,0.008075613269303276
conditional-fit-0021,axis2_legal,656,0.0006933424345193472
conditional-fit-0021,axis2_legal,657,0.14588262860875953
conditional-fit-0021,axis2_legal,658,0.10564333965508929
conditional-fit-0021,axis2_legal,659,0.003794502063516343
conditional-fit-0021,axis2_legal,660,0.005552739199268425
conditional-fit-0021,axis2_legal,661,0.09322181233649912
conditional-fit-0021,axis2_legal,662,0.06659476841496464
conditional-fit-0021,axis2_legal,663,0.01868805486852404
conditional-fit-0021,axis2_legal,664,0.04383827266792638
conditional-fit-0021,axis2_legal,665,0.0031612883483102174
conditional-fit-0021,axis2_legal,666,0.005012830441054652
conditional-fit-0021,axis2_legal,667,0.07036197238487293
conditional-fit-0021,axis2_legal,668,0.0008273157143027419
conditional-fit-0021,axis2_legal,669,0.016754247223847718
conditional-fit-0021,axis2_legal,670,0.008838069162883953
conditional-fit-0021,axis2_legal,671,0.0022208901255102932
conditional-fit-0021,axis2_legal,672,0.010147171690308328
conditional-fit-0021,axis2_legal,673,0.0016501868850040077
conditional-fit-0021,axis2_legal,674,0.0009062808291654267
conditional-fit-0021,axis2_legal,675,0.0005400059520732263
conditional-fit-0021,axis2_legal,676,0.023408256018647978
conditional-fit-0021,axis2_legal,677,0.06099053201103116
conditional-fit-0021,axis2_legal,678,0.02383808660646634
conditional-fit-0021,axis2_legal,679,0.016253196121823493
conditional-fit-0021,axis2_legal,680,0.0028069807201401343
conditional-fit-0021,axis2_legal,681,0.0004230096328779665
conditional-fit-0021,axis2_legal,682,0.008816625458062685
conditional-fit-0021,axis2_legal,683,0.0009176030531191814
conditional-fit-0021,axis2_legal,684,0.014431154015614428
conditional-fit-0021,axis2_legal,685,0.1279086860093114
conditional-fit-0021,axis2_legal,686,0.7138020811832144
conditional-fit-0021,axis2_legal,687,0.13900047027624157
conditional-fit-0021,axis2_legal,688,0.9550843941358382
conditional-fit-0021,axis2_legal,689,0.01035047348686165
conditional-fit-0021,axis2_legal,690,0.01658648160952413
conditional-fit-0021,axis2_legal,691,0.008281547570858014
conditional-fit-0021,axis2_legal,692,0.00039096326685082684
conditional-fit-0021,axis2_legal,693,0.04594433672962987
conditional-fit-0021,axis2_legal,694,0.005093357845024106
conditional-fit-0021,axis2_legal,695,0.04159902164573649
conditional-fit-0021,axis2_legal,696,0.02732802341179742
conditional-fit-0021,axis2_legal,697,0.014689709484015143
conditional-fit-0021,axis2_legal,698,0.09031289196544773
conditional-fit-0021,axis2_legal,699,0.18293551260770563
conditional-fit-0021,axis2_legal,700,0.14138253751149035
conditional-fit-0021,axis2_legal,701,0.0020331550206179323
conditional-fit-0021,axis2_legal,702,0.01858032933443571
conditional-fit-0021,axis2_legal,703,0.001628735955775503
conditional-fit-0021,axis2_legal,704,0.0017634030710139764
conditional-fit-0021,axis2_legal,705,0.01190090314966897
conditional-fit-0021,axis2_legal,706,0.0005257382965203961
conditional-fit-0021,axis2_legal,707,0.009981528225287781
conditional-fit-0021,axis2_legal,708,0.017718498317032733
conditional-fit-0021,axis2_legal,709,0.007675720960649227
conditional-fit-0021,axis2_legal,710,0.0018136985733414371
conditional-fit-0021,axis2_legal,711,0.00017463433177741507
conditional-fit-0021,axis2_legal,712,0.05935551744156384
conditional-fit-0021,axis2_legal,713,0.0058898165140093064
conditional-fit-0021,axis2_legal,714,0.015120238328710553
conditional-fit-0021,axis2_legal,715,0.021458230329267303
conditional-fit-0021,axis2_legal,716,0.02401029730277815
conditional-fit-0021,axis2_legal,717,0.03167598900155874
conditional-fit-0021,axis2_legal,718,0.0651652619884228
conditional-fit-0021,axis2_legal,719,0.026230097234197083
conditional-fit-0021,axis2_legal,720,0.008337884926069917
conditional-fit-0021,axis2_legal,721,0.018482890864647675
conditional-fit-0021,axis2_legal,722,0.004639544373583285
conditional-fit-0021,axis2_legal,723,0.0034685343462297112
conditional-fit-0021,axis2_legal,724,5.0069405122313244e-05
conditional-fit-0021,axis2_legal,725,0.0001712164114612232
conditional-fit-0021,axis2_legal,726,0.02764347371848818
conditional-fit-0021,axis2_legal,727,0.0024991655941857395
conditional-fit-0021,axis2_legal,728,0.0011999158947544129
conditional-fit-0021,axis2_legal,729,0.013827411172310379
conditional-fit-0021,axis2_legal,730,0.03469739994766959
conditional-fit-0021,axis2_legal,731,0.007937284979054698
conditional-fit-0021,axis2_legal,732,0.012454692122401412
conditional-fit-0021,axis2_legal,733,0.008311966801648838
conditional-fit-0021,axis2_legal,734,0.0014018436256525684
conditional-fit-0021,axis2_legal,735,0.0012882844574269043
conditional-fit-0021,axis2_legal,736,0.0038176998496519256
conditional-fit-0021,axis2_legal,737,8.843779457815432e-05
conditional-fit-0021,axis2_legal,738,0.003120867653550333
conditional-fit-0021,axis2_legal,739,0.0008353427172543364
conditional-fit-0021,axis2_legal,740,0.0006993622454909113
conditional-fit-0021,axis2_legal,741,0.0031751712826266557
conditional-fit-0021,axis2_legal,742,0.00349611985672921
conditional-fit-0021,axis2_legal,743,0.012584039543140763
conditional-fit-0021,axis2_legal,744,0.0162329776856115
conditional-fit-0021,axis2_legal,745,0.016580264889848123
conditional-fit-0021,axis2_legal,746,0.04002759165328617
conditional-fit-0021,axis2_legal,747,0.011503943163742663
conditional-fit-0021,axis2_legal,748,0.049480097814795586
conditional-fit-0021,axis2_legal,749,0.0008497943821732543
conditional-fit-0021,axis2_legal,750,0.007942447488420398
conditional-fit-0021,axis2_legal,751,0.014699640656179791
conditional-fit-0021,axis2_legal,752,0.0023612267813093403
conditional-fit-0021,axis2_legal,753,0.048338759277418764
conditional-fit-0021,axis2_legal,754,0.01526496283006682
conditional-fit-0021,axis2_legal,755,0.006948516856720646
conditional-fit-0021,axis2_legal,756,0.00023166262340486348
conditional-fit-0021,axis2_legal,757,0.007889760776565388
conditional-fit-0021,axis2_legal,758,0.025431137946985836
conditional-fit-0021,axis2_legal,759,8.090417724978719e-05
conditional-fit-0021,axis2_legal,760,0.014155973749358742
conditional-fit-0021,axis2_legal,761,0.011365349428335371
conditional-fit-0021,axis2_legal,762,0.009179908458863992
conditional-fit-0021,axis2_legal,763,0.012098344195192992
conditional-fit-0021,axis2_legal,764,0.003151121776575972
conditional-fit-0021,axis2_legal,765,0.006004591356977271
conditional-fit-0021,axis2_legal,766,0.0016823631800661335
conditional-fit-0021,axis2_legal,767,0.00011285235219207079
conditional-fit-0021,axis2_legal,768,0.006609319529976022
conditional-fit-0021,axis2_legal,769,0.02456882878909277
conditional-fit-0021,axis2_legal,770,0.000752354686852157
conditional-fit-0021,axis2_legal,771,0.02984657308422983
conditional-fit-0021,axis2_legal,772,0.00302092275170158
conditional-fit-0021,axis2_legal,773,0.005347833788383691
conditional-fit-0021,axis2_legal,774,0.004655856578562217
conditional-fit-0021,axis2_legal,775,0.0030300064063028876
conditional-fit-0021,axis2_legal,776,0.03735784263170496
conditional-fit-0021,axis2_legal,777,0.004224559744161257
conditional-fit-0021,axis2_legal,778,0.0024822927217442226
conditional-fit-0021,axis2_legal,779,0.0096219306064897
conditional-fit-0021,axis2_legal,780,0.024380290045759773
conditional-fit-0021,axis2_legal,781,0.022830664104720913
conditional-fit-0021,axis2_legal,782,0.0004518449328891959
conditional-fit-0021,axis2_legal,783,0.01314599389976018
conditional-fit-0021,axis2_legal,784,0.008142454339012554
conditional-fit-0021,axis2_legal,785,0.0025104783485039453
conditional-fit-0021,axis2_legal,786,0.004763203239073045
conditional-fit-0021,axis2_legal,787,0.0015404477933211778
conditional-fit-0021,axis2_legal,788,0.18537891815448163
conditional-fit-0021,axis2_legal,789,0.009219614803807508
conditional-fit-0021,axis2_legal,790,0.00029520243180899443
conditional-fit-0021,axis2_legal,791,0.02453358977274888
conditional-fit-0021,axis2_legal,792,0.009418614380865768
conditional-fit-0021,axis2_legal,793,0.015042888897022058
conditional-fit-0021,axis2_legal,794,0.03401496688603549
conditional-fit-0021,axis2_legal,795,0.017048730980314803
conditional-fit-0021,axis2_legal,796,0.07599431164994912
conditional-fit-0021,axis2_legal,797,0.0002905825732001733
conditional-fit-0021,axis2_legal,798,0.0005400409965248488
conditional-fit-0021,axis2_legal,799,0.02854747983567983
conditional-fit-0021,axis2_legal,800,0.04576474257445004
conditional-fit-0021,axis2_legal,801,0.014289079344209523
conditional-fit-0021,axis2_legal,802,0.023101154045561564
conditional-fit-0021,axis2_legal,803,0.005580586680541002
conditional-fit-0021,axis2_legal,804,0.01600174400256473
conditional-fit-0021,axis2_legal,805,0.0037668624635992117
conditional-fit-0021,axis2_legal,806,0.016706431158975556
conditional-fit-0021,axis2_legal,807,0.011060248368392383
conditional-fit-0021,axis2_legal,808,0.01573913430969698
conditional-fit-0021,axis2_legal,809,0.017827764423160523
conditional-fit-0021,axis2_legal,810,0.04673025513215484
conditional-fit-0021,axis2_legal,811,0.029936460227501335
conditional-fit-0021,axis2_legal,812,0.010625144103189349
conditional-fit-0021,axis2_legal,813,0.012887352497083724
conditional-fit-0021,axis2_legal,814,0.027552068509367506
conditional-fit-0021,axis2_legal,815,0.07656419262454231
conditional-fit-0021,axis2_legal,816,0.016658157792754917
conditional-fit-0021,axis2_legal,817,0.03824197074926959
conditional-fit-0021,axis2_legal,818,0.023190652257757877
conditional-fit-0021,axis2_legal,819,0.04523908343719078
conditional-fit-0021,axis2_legal,820,0.03628377453299948
conditional-fit-0021,axis2_legal,821,0.14232963886146713
conditional-fit-0021,axis2_legal,822,0.01047951151549078
conditional-fit-0021,axis2_legal,823,0.05601033370755777
conditional-fit-0021,axis2_legal,824,0.008992717925639777
conditional-fit-0021,axis2_legal,825,0.009095138896445289
conditional-fit-0021,axis2_legal,826,0.001471628482034954
conditional-fit-0021,axis2_legal,827,0.01792396188319061
conditional-fit-0021,axis2_legal,828,0.0037499830691692937
conditional-fit-0021,axis2_legal,829,0.018797800238768043
conditional-fit-0021,axis2_legal,830,0.0028966771627519025
conditional-fit-0021,axis2_legal,831,0.0028830893945399633
conditional-fit-0021,axis2_legal,832,0.0288171711690363
conditional-fit-0021,axis2_legal,833,0.00797176735912135
conditional-fit-0021,axis2_legal,834,3.0074018962425177
conditional-fit-0021,axis2_legal,835,0.3235635775134483
conditional-fit-0021,axis2_legal,836,0.08913113537780083
conditional-fit-0021,axis2_legal,837,0.030506009785590704
conditional-fit-0021,axis2_legal,838,0.028321281420839325
conditional-fit-0021,axis2_legal,839,0.009875847075627584
conditional-fit-0021,axis2_legal,840,0.011234895918797424
conditional-fit-0021,axis2_legal,841,0.021314034620522754
conditional-fit-0021,axis2_legal,842,0.02792189422327677
conditional-fit-0021,axis2_legal,843,0.012078569291174127
conditional-fit-0021,axis2_legal,844,0.003652796310158444
conditional-fit-0021,axis2_legal,845,0.012304506043417398
conditional-fit-0021,axis2_legal,846,0.004532375787034221
conditional-fit-0021,axis2_legal,847,0.06739860488723445
conditional-fit-0021,axis2_legal,848,0.11710185565309737
conditional-fit-0021,axis2_legal,849,0.03283830540851962
conditional-fit-0021,axis2_legal,850,0.016020922031658412
conditional-fit-0021,axis2_legal,851,0.08294286588717593
conditional-fit-0021,axis2_legal,852,0.3950319293628738
conditional-fit-0021,axis2_legal,853,0.0026138496067882266
conditional-fit-0021,axis2_legal,854,0.0537963263898895
conditional-fit-0021,axis2_legal,855,0.02278733089382661
conditional-fit-0021,axis2_legal,856,0.032826489389186454
conditional-fit-0021,axis2_legal,857,0.00823229379145287
conditional-fit-0021,axis2_legal,858,0.028316742577362546
conditional-fit-0021,axis2_legal,859,0.03133982121318703
conditional-fit-0021,axis2_legal,860,0.013857970541189873
conditional-fit-0021,axis2_legal,861,0.016822965681695945
conditional-fit-0021,axis2_legal,862,0.060043789492429
conditional-fit-0021,axis2_legal,863,0.026406266888003568
conditional-fit-0021,axis2_legal,864,0.10658062503566253
conditional-fit-0021,axis2_legal,865,0.01705873022186147
conditional-fit-0021,axis2_legal,866,0.014486330091746281
conditional-fit-0021,axis2_legal,867,0.0033622292300708348
conditional-fit-0021,axis2_legal,868,0.04687171711214646
conditional-fit-0021,axis2_legal,869,0.012455011647853242
conditional-fit-0021,axis2_legal,870,0.05453977953213788
conditional-fit-0021,axis2_legal,871,0.0063989906130712875
conditional-fit-0021,axis2_legal,872,0.04109989450107847
conditional-fit-0021,axis2_legal,873,0.008035254552364677
conditional-fit-0021,axis2_legal,874,0.0937007457808832
conditional-fit-0021,axis2_legal,875,0.00909865079392863
conditional-fit-0021,axis2_legal,876,0.02833144336079775
conditional-fit-0021,axis2_legal,877,0.04711724917023212
conditional-fit-0021,axis2_legal,878,1.0815032484701896
conditional-fit-0021,axis2_legal,879,0.0059422257602257215
conditional-fit-0021,axis2_legal,880,0.004539759684484137
conditional-fit-0021,axis2_legal,881,0.011911625428447028
conditional-fit-0021,axis2_legal,882,0.018436635296827413
conditional-fit-0021,axis2_legal,883,0.018579220930180922
conditional-fit-0021,axis2_legal,884,0.14012846094420167
conditional-fit-0021,axis2_legal,885,0.017967850207992356
conditional-fit-0021,axis2_legal,886,0.06392724327387668
conditional-fit-0021,axis2_legal,887,0.05624210492316688
conditional-fit-0021,axis2_legal,888,0.1745539934255992
conditional-fit-0021,axis2_legal,889,0.005449216073413896
conditional-fit-0021,axis2_legal,890,0.0651151839776977
conditional-fit-0021,axis2_legal,891,0.004242582884726641
conditional-fit-0021,axis2_legal,892,0.026804608174792056
conditional-fit-0021,axis2_legal,893,0.08809797286947485
conditional-fit-0021,axis2_legal,894,0.11802670175907785
conditional-fit-0021,axis2_legal,895,0.12357618760965283
conditional-fit-0021,axis2_legal,896,0.0018840174327178836
conditional-fit-0021,axis2_legal,897,0.029150882576969926
conditional-fit-0021,axis2_legal,898,0.06965497532577396
conditional-fit-0021,axis2_legal,899,0.04238512613264432
conditional-fit-0021,axis2_legal,900,0.036059495596728
conditional-fit-0021,axis2_legal,901,0.02428643946539419
conditional-fit-0021,axis2_legal,902,0.007429818064364532
conditional-fit-0021,axis2_legal,903,0.012347405900725673
conditional-fit-0021,axis2_legal,904,0.018444282817566937
conditional-fit-0021,axis2_legal,905,0.00072757506951737
conditional-fit-0021,axis2_legal,906,0.02651669007633874
conditional-fit-0021,axis2_legal,907,0.011538923843297681
conditional-fit-0021,axis2_legal,908,0.0010726902199029757
conditional-fit-0021,axis2_legal,909,0.02355956571671304
conditional-fit-0021,axis2_legal,910,0.014210406107234211
conditional-fit-0021,axis2_legal,911,0.0017393471006276976
conditional-fit-0021,axis2_legal,912,0.005845412214046145
conditional-fit-0021,axis2_legal,913,0.012318748105539373
conditional-fit-0021,axis2_legal,914,0.00021721333887481523
conditional-fit-0021,axis2_legal,915,0.04436359129061895
conditional-fit-0021,axis2_legal,916,0.04124241298631042
conditional-fit-0021,axis2_legal,917,0.0054579187071096755
conditional-fit-0021,axis2_legal,918,0.008996165938184812
conditional-fit-0021,axis2_legal,919,0.013328397480828237
conditional-fit-0021,axis2_legal,920,0.00388941027103822
conditional-fit-0021,axis2_legal,921,0.0023808697518996856
conditional-fit-0021,axis2_legal,922,0.0007780703736521336
conditional-fit-0021,axis2_legal,923,0.00035197503704789733
conditional-fit-0021,axis2_legal,924,0.04552329247243826
conditional-fit-0021,axis2_legal,925,0.025068795593691316
conditional-fit-0021,axis2_legal,926,0.022334461023637467
conditional-fit-0021,axis2_legal,927,0.022974844299565627
conditional-fit-0021,axis2_legal,928,0.008842865041757691
conditional-fit-0021,axis2_legal,929,0.0019563487391498716
conditional-fit-0021,axis2_legal,930,0.01469961121787089
conditional-fit-0021,axis2_legal,931,0.0006726878523409174
conditional-fit-0021,axis2_legal,932,0.004128134756296517
conditional-fit-0021,axis2_legal,933,0.020474217672341546
conditional-fit-0021,axis2_legal,934,0.0004672294348567191
conditional-fit-0021,axis2_legal,935,0.05238854015305788
conditional-fit-0021,axis2_legal,936,0.0040939787485187885
conditional-fit-0021,axis2_legal,937,0.03379765240547705
conditional-fit-0021,axis2_legal,938,0.02711788655976745
conditional-fit-0021,axis2_legal,939,0.0042428323111961186
conditional-fit-0021,axis2_legal,940,0.0008654580681058024
conditional-fit-0021,axis2_legal,941,0.0007328702878019025
conditional-fit-0021,axis2_legal,942,0.07153331460199358
conditional-fit-0021,axis2_legal,943,0.46716095085086795
conditional-fit-0021,axis2_legal,944,0.0062791973829517365
conditional-fit-0021,axis2_legal,945,0.03191932162439607
conditional-fit-0021,axis2_legal,946,0.0031003027934763984
conditional-fit-0021,axis2_legal,947,0.00016057626183572837
conditional-fit-0021,axis2_legal,948,0.0018264509300062928
conditional-fit-0021,axis2_legal,949,0.0037220618092204264
conditional-fit-0021,axis2_legal,950,0.028843158615542163
conditional-fit-0021,axis2_legal,951,0.012908401310163306
conditional-fit-0021,axis2_legal,952,0.014752389100338131
conditional-fit-0021,axis2_legal,953,0.0009224601862299906
conditional-fit-0021,axis2_legal,954,0.004488771936717853
conditional-fit-0021,axis2_legal,955,0.0030447340648493155
conditional-fit-0021,axis2_legal,956,0.02975366431309532
conditional-fit-0021,axis2_legal,957,0.017453495288439945
conditional-fit-0021,axis2_legal,958,0.0049218624343526675
conditional-fit-0021,axis2_legal,959,0.01684972707975548
conditional-fit-0021,axis2_legal,960,0.04733319394057748
conditional-fit-0021,axis2_legal,961,0.0010560976938053211
conditional-fit-0021,axis2_legal,962,0.009688805964586066
conditional-fit-0021,axis2_legal,963,6.510189144943036e-05
conditional-fit-0021,axis2_legal,964,0.0009635615484569289
conditional-fit-0021,axis2_legal,965,0.006654852857495928
conditional-fit-0021,axis2_legal,966,6.284797000643199e-05
conditional-fit-0021,axis2_legal,967,0.005720811976924495
conditional-fit-0021,axis2_legal,968,0.0910524058485119
conditional-fit-0021,axis2_legal,969,0.01167373744358343
conditional-fit-0021,axis2_legal,970,0.08646367810847594
conditional-fit-0021,axis2_legal,971,0.06621994477865618
conditional-fit-0021,axis2_legal,972,0.016450695855564055
conditional-fit-0021,axis2_legal,973,0.020641424591017272
conditional-fit-0021,axis2_legal,974,0.015392690148020395
conditional-fit-0021,axis2_legal,975,0.010102825988392272
conditional-fit-0021,axis2_legal,976,0.04290683300687511
conditional-fit-0021,axis2_legal,977,0.12327822418642631
conditional-fit-0021,axis2_legal,978,0.015895709122413098
conditional-fit-0021,axis2_legal,979,0.0014372111395868055
conditional-fit-0021,axis2_legal,980,0.0010291205130632363
conditional-fit-0021,axis2_legal,981,0.0010275682980331068
conditional-fit-0021,axis2_legal,982,0.0005075976200803366
conditional-fit-0021,axis2_legal,983,0.020200126864306337
conditional-fit-0021,axis2_legal,984,0.0754408939246402
conditional-fit-0021,axis2_legal,985,0.006129733424916289
conditional-fit-0021,axis2_legal,986,0.013886428982560492
conditional-fit-0021,axis2_legal,987,0.001232441764108914
conditional-fit-0021,axis2_legal,988,0.012624829084714833
conditional-fit-0021,axis2_legal,989,0.0002986645904292578
conditional-fit-0021,axis2_legal,990,7.614134447846668e-05
conditional-fit-0021,axis2_legal,991,0.0012868016458469499
conditional-fit-0021,axis2_legal,992,0.011955405736918473
conditional-fit-0021,axis2_legal,993,0.007997414352078817
conditional-fit-0021,axis2_legal,994,0.06756342113217603
conditional-fit-0021,axis2_legal,995,0.04501824712673279
conditional-fit-0021,axis2_legal,996,0.07657847425749188
conditional-fit-0021,axis2_legal,997,0.04008079038268507
conditional-fit-0021,axis2_legal,998,0.0038452977750980948
conditional-fit-0021,axis2_legal,999,0.06641004150039705
conditional-fit-0021,axis2_legal,1000,0.000333419083565498
conditional-fit-0021,axis2_legal,1001,9.955996632091479e-05
conditional-fit-0021,axis2_legal,1002,0.03287414467155109
conditional-fit-0021,axis2_legal,1003,0.00516087469165317
conditional-fit-0021,axis2_legal,1004,0.002223908254723017
conditional-fit-0021,axis2_legal,1005,0.01196845056866931
conditional-fit-0021,axis2_legal,1006,0.004843102284561126
conditional-fit-0021,axis2_legal,1007,0.026816032570104842
conditional-fit-0021,axis2_legal,1008,0.011806585539683997
conditional-fit-0021,axis2_legal,1009,0.005969176160639465
conditional-fit-0021,axis2_legal,1010,0.0018765593111305596
conditional-fit-0021,axis2_legal,1011,0.005695930774104976
conditional-fit-0021,axis2_legal,1012,0.01001620953798859
conditional-fit-0021,axis2_legal,1013,0.0030811674011570374
conditional-fit-0021,axis2_legal,1014,0.0011865291969191047
conditional-fit-0021,axis2_legal,1015,0.00958858106281886
conditional-fit-0021,axis2_legal,1016,0.005870379986754191
conditional-fit-0021,axis2_legal,1017,0.0004418469480257902
conditional-fit-0021,axis2_legal,1018,0.0025091983728118593
conditional-fit-0021,axis2_legal,1019,0.015517510200392302
conditional-fit-0021,axis2_legal,1020,0.011117222897633694
conditional-fit-0021,axis2_legal,1021,0.004362623113938063
conditional-fit-0021,axis2_legal,1022,0.008735042941263545
conditional-fit-0021,axis2_legal,1023,0.010446217216479228
conditional-fit-0021,axis2_legal,1024,0.04139987056963918
conditional-fit-0021,axis2_legal,1025,0.006648969131607453
conditional-fit-0021,axis2_legal,1026,0.048237068830833604
conditional-fit-0021,axis2_legal,1027,0.024622296522905304
conditional-fit-0021,axis2_legal,1028,0.0048329853735874385
conditional-fit-0021,axis2_legal,1029,0.007728160465619079
conditional-fit-0021,axis2_legal,1030,0.010554897899443347
conditional-fit-0021,axis2_legal,1031,0.01043497843525006
conditional-fit-0021,axis2_legal,1032,0.0001087294274902643
conditional-fit-0021,axis2_legal,1033,0.003558010390613455
conditional-fit-0021,axis2_legal,1034,0.046576422183407275
conditional-fit-0021,axis2_legal,1035,0.02985531485478552
conditional-fit-0021,axis2_legal,1036,0.012005881044097309
conditional-fit-0021,axis2_legal,1037,0.007031368914402721
conditional-fit-0021,axis2_legal,1038,0.014333685928791196
conditional-fit-0021,axis2_legal,1039,3.6943022742356204e-05
conditional-fit-0021,axis2_legal,1040,0.017226244636025328
conditional-fit-0021,axis2_legal,1041,0.0012097798429777488
conditional-fit-0021,axis2_legal,1042,0.005928452785214956
conditional-fit-0021,axis2_legal,1043,0.004949670913045642
conditional-fit-0021,axis2_legal,1044,0.03376583429677309
conditional-fit-0021,axis2_legal,1045,0.007633601411386635
conditional-fit-0021,axis2_legal,1046,0.006009747867745437
conditional-fit-0021,axis2_legal,1047,0.02186575771766721
conditional-fit-0021,axis2_legal,1048,0.013977414009937537
conditional-fit-0021,axis2_legal,1049,0.0290794587452039
conditional-fit-0021,axis2_legal,1050,0.019791918350506685
conditional-fit-0021,axis2_legal,1051,0.010127875288714783
conditional-fit-0021,axis2_legal,1052,0.020879899438636176
conditional-fit-0021,axis2_legal,1053,0.006156704209575405
conditional-fit-0021,axis2_legal,1054,0.0026084764505629973
conditional-fit-0021,axis2_legal,1055,0.001211016338565778
conditional-fit-0021,axis2_legal,1056,0.0010317861332276588
conditional-fit-0021,axis2_legal,1057,8.596529573005296e-05
conditional-fit-0021,axis2_legal,1058,0.01767590748979561
conditional-fit-0021,axis2_legal,1059,0.027752646974069428
conditional-fit-0021,axis2_legal,1060,0.009566133248150345
conditional-fit-0021,axis2_legal,1061,4.0204520729613885e-05
conditional-fit-0021,axis2_legal,1062,0.00029488400288949
conditional-fit-0021,axis2_legal,1063,0.0003210863878149895
conditional-fit-0021,axis2_legal,1064,0.0001467433078954103
conditional-fit-0021,axis2_legal,1065,0.0013730745437513076
conditional-fit-0021,axis2_legal,1066,5.720313178045189e-05
conditional-fit-0021,axis2_legal,1067,0.004300158729644804
conditional-fit-0021,axis2_legal,1068,0.016158298455149437
conditional-fit-0021,axis2_legal,1069,0.0013505937745340352
conditional-fit-0021,axis2_legal,1070,0.0003496094072503362
conditional-fit-0021,axis2_legal,1071,0.015620041683814262
conditional-fit-0021,axis2_legal,1072,0.019556417902313276
conditional-fit-0021,axis2_legal,1073,0.002346477444794533
conditional-fit-0021,axis2_legal,1074,0.003934489618763553
conditional-fit-0021,axis2_legal,1075,0.01732657940592755
conditional-fit-0021,axis2_legal,1076,0.0018892415692192872
conditional-fit-0021,axis2_legal,1077,0.006879509065200212
conditional-fit-0021,axis2_legal,1078,0.019709444159680935
conditional-fit-0021,axis2_legal,1079,2.391369571249609e-05
conditional-fit-0021,axis2_legal,1080,0.00452698271249413
conditional-fit-0021,axis2_legal,1081,0.022834250646803264
conditional-fit-0021,axis2_legal,1082,0.00786381336071228
conditional-fit-0021,axis2_legal,1083,0.014773586918549741
conditional-fit-0021,axis2_legal,1084,0.0002586191733348227
conditional-fit-0021,axis2_legal,1085,0.0009850718411549635
conditional-fit-0021,axis2_legal,1086,0.0024318693434802674
conditional-fit-0021,axis2_legal,1087,0.006028336399796427
conditional-fit-0021,axis2_legal,1088,0.0009099205603475323
conditional-fit-0021,axis2_legal,1089,0.023101541593889514
conditional-fit-0021,axis2_legal,1090,0.08851017096984928
conditional-fit-0021,axis2_legal,1091,0.01602023040781297
conditional-fit-0021,axis2_legal,1092,0.04339873343452277
conditional-fit-0021,axis2_legal,1093,0.023136442262597076
conditional-fit-0021,axis2_legal,1094,0.034390050558612606
conditional-fit-0021,axis2_legal,1095,0.02635790442057146
conditional-fit-0021,axis2_legal,1096,0.0068040533639084026
conditional-fit-0021,axis2_legal,1097,0.001643657267553807
conditional-fit-0021,axis2_legal,1098,0.00041067092131754035
conditional-fit-0021,axis2_legal,1099,0.041756438419162545
conditional-fit-0021,axis2_legal,1100,0.000831233456765914
conditional-fit-0021,axis2_legal,1101,0.015835609508538448
conditional-fit-0021,axis2_legal,1102,0.010866340752797212
conditional-fit-0021,axis2_legal,1103,0.0025740327768753153
conditional-fit-0021,axis2_legal,1104,0.016140204454143908
conditional-fit-0021,axis2_legal,1105,0.001615257888480685
conditional-fit-0021,axis2_legal,1106,0.0015267646469296382
conditional-fit-0021,axis2_legal,1107,0.0009437861787515326
conditional-fit-0021,axis2_legal,1108,0.0013418547089510291
conditional-fit-0021,axis2_legal,1109,0.026802217513679547
conditional-fit-0021,axis2_legal,1110,0.009313626408069658
conditional-fit-0021,axis2_legal,1111,0.02084418836687896
conditional-fit-0021,axis2_legal,1112,0.002708467862074484
conditional-fit-0021,axis2_legal,1113,0.01965999748558944
conditional-fit-0021,axis2_legal,1114,0.008373088425666727
conditional-fit-0021,axis2_legal,1115,7.4408513562051e-05
conditional-fit-0021,axis2_legal,1116,0.0038233383005648117
conditional-fit-0021,axis2_legal,1117,0.008898878301775694
conditional-fit-0021,axis2_legal,1118,0.00024354044633501774
conditional-fit-0021,axis2_legal,1119,0.001845121498788382
conditional-fit-0021,axis2_legal,1120,0.04311118296364317
conditional-fit-0021,axis2_legal,1121,0.05576059453081196
conditional-fit-0021,axis2_legal,1122,0.026542941787419873
conditional-fit-0021,axis2_legal,1123,0.007116252309164829
conditional-fit-0021,axis2_legal,1124,0.0013659538868538088
conditional-fit-0021,axis2_legal,1125,0.02030812995957703
conditional-fit-0021,axis2_legal,1126,0.0007010089453204677
conditional-fit-0021,axis2_legal,1127,0.01982025065498298
conditional-fit-0021,axis2_legal,1128,0.0036374010716247727
conditional-fit-0021,axis2_legal,1129,0.033382277024259555
conditional-fit-0021,axis2_legal,1130,0.032793172637865194
conditional-fit-0021,axis2_legal,1131,0.03903772669196203
conditional-fit-0021,axis2_legal,1132,0.011500504124446273
conditional-fit-0021,axis2_legal,1133,0.005036079959158744
conditional-fit-0021,axis2_legal,1134,0.0051222443324079065
conditional-fit-0021,axis2_legal,1135,0.004540440679429783
conditional-fit-0021,axis2_legal,1136,2.4341389105548237e-05
conditional-fit-0021,axis2_legal,1137,0.00570095790409187
conditional-fit-0021,axis2_legal,1138,0.010227839860803136
conditional-fit-0021,axis2_legal,1139,0.01578606010719307
conditional-fit-0021,axis2_legal,1140,0.02171672197789821
conditional-fit-0021,axis2_legal,1141,0.015057848561608016
conditional-fit-0021,axis2_legal,1142,0.007941267607712181
conditional-fit-0021,axis2_legal,1143,0.02295734911496089
conditional-fit-0021,axis2_legal,1144,0.01457597300530835
conditional-fit-0021,axis2_legal,1145,0.0002186160110016028
conditional-fit-0021,axis2_legal,1146,0.0032329902463434776
conditional-fit-0021,axis2_legal,1147,0.009129408148264927
conditional-fit-0021,axis2_legal,1148,0.03284601432500167
conditional-fit-0021,axis2_legal,1149,0.014761278826843176
conditional-fit-0021,axis2_legal,1150,0.002246905478936081
conditional-fit-0021,axis2_legal,1151,0.03285346661641302
conditional-fit-0021,axis2_legal,1152,0.006138625299034442
conditional-fit-0021,axis2_legal,1153,0.020908550188832437
conditional-fit-0021,axis2_legal,1154,0.05805925380626313
conditional-fit-0021,axis2_legal,1155,0.06558976742429982
conditional-fit-0021,axis2_legal,1156,0.0298296332861167
conditional-fit-0021,axis2_legal,1157,0.027637334267924224
conditional-fit-0021,axis2_legal,1158,0.0007624106736821421
conditional-fit-0021,axis2_legal,1159,0.0010153637277918372
conditional-fit-0021,axis2_legal,1160,0.020012576634712127
conditional-fit-0021,axis2_legal,1161,0.005253517612594721
conditional-fit-0021,axis2_legal,1162,0.004545342219871542
conditional-fit-0021,axis2_legal,1163,0.008265317012789385
conditional-fit-0021,axis2_legal,1164,0.002151493939505145
conditional-fit-0021,axis2_legal,1165,0.019113386810125737
conditional-fit-0021,axis2_legal,1166,0.019150999083997273
conditional-fit-0021,axis2_legal,1167,0.06489466979477827
conditional-fit-0021,axis2_legal,1168,0.093685415032361
conditional-fit-0021,axis2_legal,1169,0.020487495258748163
conditional-fit-0021,axis2_legal,1170,0.01301429253931478
conditional-fit-0021,axis2_legal,1171,0.009700440085918713
conditional-fit-0021,axis2_legal,1172,0.013451069228769194
conditional-fit-0021,axis2_legal,1173,0.01333303704516507
conditional-fit-0021,axis2_legal,1174,0.00035866799020082846
conditional-fit-0021,axis2_legal,1175,0.001592048993849255
conditional-fit-0021,axis2_legal,1176,0.019716377220223007
conditional-fit-0021,axis2_legal,1177,0.05078402568275964
conditional-fit-0021,axis2_legal,1178,0.08863038412918484
conditional-fit-0021,axis2_legal,1179,0.22517779724478196
conditional-fit-0021,axis2_legal,1180,0.00022561370694495282
conditional-fit-0021,axis2_legal,1181,0.0007658438839280616
conditional-fit-0021,axis2_legal,1182,0.006444941719643424
conditional-fit-0021,axis2_legal,1183,0.05146275785212966
conditional-fit-0021,axis2_legal,1184,0.0026549751951105566
conditional-fit-0021,axis2_legal,1185,0.0228443756528606
conditional-fit-0021,axis2_legal,1186,0.005149132592536344
conditional-fit-0021,axis2_legal,1187,0.007864343036522132
conditional-fit-0021,axis2_legal,1188,0.009075445981026704
conditional-fit-0021,axis2_legal,1189,0.0013111902430707665
conditional-fit-0021,axis2_legal,1190,0.030651407451567324
conditional-fit-0021,axis2_legal,1191,0.05073999548486592
conditional-fit-0021,axis2_legal,1192,0.039466893559593395
conditional-fit-0021,axis2_legal,1193,0.052033846522149214
conditional-fit-0021,axis2_legal,1194,0.013925748064415502
conditional-fit-0021,axis2_legal,1195,0.022622875454184656
conditional-fit-0021,axis2_legal,1196,0.008197864566681368
conditional-fit-0021,axis2_legal,1197,0.00412050878915881
conditional-fit-0021,axis2_legal,1198,0.021592250472841613
conditional-fit-0021,axis2_legal,1199,0.023351556577136626
conditional-fit-0021,axis2_legal,1200,0.03686718994679947
conditional-fit-0021,axis2_legal,1201,0.23903219233467546
conditional-fit-0021,axis2_legal,1202,0.022999451029761968
conditional-fit-0021,axis2_legal,1203,0.08488775448215634
conditional-fit-0021,axis2_legal,1204,0.01612006066133804
conditional-fit-0021,axis2_legal,1205,0.005689045057649424
conditional-fit-0021,axis2_legal,1206,0.02205944443953768
conditional-fit-0021,axis2_legal,1207,0.0457385109140072
conditional-fit-0021,axis2_legal,1208,0.009117721804370798
conditional-fit-0021,axis2_legal,1209,0.03356424741241948
conditional-fit-0021,axis2_legal,1210,0.0040955575572163795
conditional-fit-0021,axis2_legal,1211,0.0009105794924688118
conditional-fit-0021,axis2_legal,1212,0.0002807004341031711
conditional-fit-0021,axis2_legal,1213,0.011189130734978334
conditional-fit-0021,axis2_legal,1214,0.0013618511593903896
conditional-fit-0021,axis2_legal,1215,0.011316677956411383
conditional-fit-0021,axis2_legal,1216,0.03614008500673237
conditional-fit-0021,axis2_legal,1217,0.025809512221931067
conditional-fit-0021,axis2_legal,1218,0.008026909377815097
conditional-fit-0021,axis2_legal,1219,0.0009831096648324907
conditional-fit-0021,axis2_legal,1220,0.000626892936043305
conditional-fit-0021,axis2_legal,1221,0.03498403543932395
conditional-fit-0021,axis2_legal,1222,0.016723150262454363
conditional-fit-0021,axis2_legal,1223,0.02300454075545933
conditional-fit-0021,axis2_legal,1224,0.06454454869812334
conditional-fit-0021,axis2_legal,1225,0.009067007566130717
conditional-fit-0021,axis2_legal,1226,0.006393400164903801
conditional-fit-0021,axis2_legal,1227,0.009724646056375992
conditional-fit-0021,axis2_legal,1228,0.001695965442981764
conditional-fit-0021,axis2_legal,1229,0.00021456449820579188
conditional-fit-0021,axis2_legal,1230,0.00030908345301642074
conditional-fit-0021,axis2_legal,1231,0.011701457532745317
conditional-fit-0021,axis2_legal,1232,0.005431863311697267
conditional-fit-0021,axis2_legal,1233,0.0233659782882763
conditional-fit-0021,axis2_legal,1234,0.011479750181937523
conditional-fit-0021,axis2_legal,1235,0.004627671072214934
conditional-fit-0021,axis2_legal,1236,2.2397073290592788e-05
conditional-fit-0021,axis2_legal,1237,0.00011213590959760653
conditional-fit-0021,axis2_legal,1238,0.000380782334458986
conditional-fit-0021,axis2_legal,1239,0.00022530259709473873
conditional-fit-0021,axis2_legal,1240,0.0016239119942527004
conditional-fit-0021,axis2_legal,1241,9.447341046767733e-05
conditional-fit-0021,axis2_legal,1242,0.008735208110950611
conditional-fit-0021,axis2_legal,1243,0.029505938365082425
conditional-fit-0021,axis2_legal,1244,0.05092835346621684
conditional-fit-0021,axis2_legal,1245,0.04061317291287346
conditional-fit-0021,axis2_legal,1246,0.011592040904277803
conditional-fit-0021,axis2_legal,1247,0.02466780869620986
conditional-fit-0021,axis2_legal,1248,0.043108749598455204
conditional-fit-0021,axis2_legal,1249,0.000381880090996114
conditional-fit-0021,axis2_legal,1250,0.019794121301895184
conditional-fit-0021,axis2_legal,1251,0.0014521720211298174
conditional-fit-0021,axis2_legal,1252,0.002567614323087217
conditional-fit-0021,axis2_legal,1253,0.014953381743962622
conditional-fit-0021,axis2_legal,1254,0.03817516755992143
conditional-fit-0021,axis2_legal,1255,0.041558735142790695
conditional-fit-0021,axis2_legal,1256,0.002348311926673683
conditional-fit-0021,axis2_legal,1257,0.09323362560334256
conditional-fit-0021,axis2_legal,1258,0.03185860367037709
conditional-fit-0021,axis2_legal,1259,0.012946314709742458
conditional-fit-0021,axis2_legal,1260,0.025723330996153287
conditional-fit-0021,axis2_legal,1261,0.03360729468878096
conditional-fit-0021,axis2_legal,1262,0.03961662686033522
conditional-fit-0021,axis2_legal,1263,0.16227680735484792
conditional-fit-0021,axis2_legal,1264,0.016849918077413907
conditional-fit-0021,axis2_legal,1265,0.2214468617778378
conditional-fit-0021,axis2_legal,1266,0.02034438508260652
conditional-fit-0021,axis2_legal,1267,0.008763401738797721
conditional-fit-0021,axis2_legal,1268,0.04550043993537193
conditional-fit-0021,axis2_legal,1269,0.01731188986137864
conditional-fit-0021,axis2_legal,1270,0.0003092663784183563
conditional-fit-0021,axis2_legal,1271,0.020968900308306865
conditional-fit-0021,axis2_legal,1272,0.04322791815251063
conditional-fit-0021,axis2_legal,1273,0.03497152892833629
conditional-fit-0021,axis2_legal,1274,0.0307972824900268
conditional-fit-0021,axis2_legal,1275,0.07896444536457001
conditional-fit-0021,axis2_legal,1276,0.03208418355349492
conditional-fit-0021,axis2_legal,1277,0.0026985753623922568
conditional-fit-0021,axis2_legal,1278,0.017265467726474942
conditional-fit-0021,axis2_legal,1279,0.00755580182812635
conditional-fit-0021,axis2_legal,1280,0.022157142950137824
conditional-fit-0021,axis2_legal,1281,0.0277596341232058
conditional-fit-0021,axis2_legal,1282,0.039391538773866516
conditional-fit-0021,axis2_legal,1283,0.0019309267631342142
conditional-fit-0021,axis2_legal,1284,0.0001018978241233784
conditional-fit-0021,axis2_legal,1285,0.019033245964117287
conditional-fit-0021,axis2_legal,1286,0.010450800946597652
conditional-fit-0021,axis2_legal,1287,0.01618309012353014
conditional-fit-0021,axis2_legal,1288,0.018512293029961553
conditional-fit-0021,axis2_legal,1289,0.0004049563329206747
conditional-fit-0021,axis2_legal,1290,0.0749047140307824
conditional-fit-0021,axis2_legal,1291,0.025156650952602517
conditional-fit-0021,axis2_legal,1292,0.036891731968108715
conditional-fit-0021,axis2_legal,1293,0.003723232966801472
conditional-fit-0021,axis2_legal,1294,0.0019913818103437287
conditional-fit-0021,axis2_legal,1295,0.011942578235120831
conditional-fit-0021,axis2_legal,1296,0.0773248529359075
conditional-fit-0021,axis2_legal,1297,0.01723866390089562
conditional-fit-0021,axis2_legal,1298,2.42537378344853e-05
conditional-fit-0021,axis2_legal,1299,0.007830706858222895
conditional-fit-0021,axis2_legal,1300,0.0005868651526859713
conditional-fit-0021,axis2_legal,1301,0.000630112309528986
conditional-fit-0021,axis2_legal,1302,0.01638692804602295
conditional-fit-0021,axis2_legal,1303,0.013432126770599
conditional-fit-0021,axis2_legal,1304,0.030223814682961342
conditional-fit-0021,axis2_legal,1305,0.11061406221342689
conditional-fit-0021,axis2_legal,1306,0.10597064699765323
conditional-fit-0021,axis2_legal,1307,0.09519485174602398
conditional-fit-0021,axis2_legal,1308,0.0002812659178000958
conditional-fit-0021,axis2_legal,1309,0.0002800270737623053
conditional-fit-0021,axis2_legal,1310,0.021113236227478082
conditional-fit-0021,axis2_legal,1311,0.00027868683963479864
conditional-fit-0021,axis2_legal,1312,0.0006030976776831074
conditional-fit-0021,axis2_legal,1313,0.000194058707056287
conditional-fit-0021,axis2_legal,1314,0.0008958104248043431
conditional-fit-0021,axis2_legal,1315,0.0016377496029002262
conditional-fit-0021,axis2_legal,1316,0.1808583878621067
conditional-fit-0021,axis2_legal,1317,0.04578608774056056
conditional-fit-0021,axis2_legal,1318,0.020192486657460092
conditional-fit-0021,axis2_legal,1319,0.0547904629270295
conditional-fit-0021,axis2_legal,1320,0.26155938810725754
conditional-fit-0021,axis2_legal,1321,0.10526455133281393
conditional-fit-0021,axis2_legal,1322,0.09533466775945693
conditional-fit-0021,axis2_legal,1323,0.1073708619759955
conditional-fit-0021,axis2_legal,1324,0.07983730849168759
conditional-fit-0021,axis2_legal,1325,0.06238015529737695
conditional-fit-0021,axis2_legal,1326,0.2538181076074429
conditional-fit-0021,axis2_legal,1327,0.0004934459598613442
conditional-fit-0021,axis2_legal,1328,0.06376138032679046
conditional-fit-0021,axis2_legal,1329,0.04540579096410277
conditional-fit-0021,axis2_legal,1330,0.030933136328073742
conditional-fit-0021,axis2_legal,1331,0.04511538444355121
conditional-fit-0021,axis2_legal,1332,0.03569103996643774
conditional-fit-0021,axis2_legal,1333,0.02638639639562796
conditional-fit-0021,axis2_legal,1334,0.028846343244154096
conditional-fit-0021,axis2_legal,1335,0.03702152788564179
conditional-fit-0021,axis2_legal,1336,0.034340117631096
conditional-fit-0021,axis2_legal,1337,0.14906810808646428
conditional-fit-0021,axis2_legal,1338,0.015246236901454146
conditional-fit-0021,axis2_legal,1339,0.0021032813522271617
conditional-fit-0021,axis2_legal,1340,2.399020700415088e-06
conditional-fit-0021,axis2_legal,1341,0.011614841561959098
conditional-fit-0021,axis2_legal,1342,0.23425062240378602
conditional-fit-0021,axis2_legal,1343,0.035101904264495706
conditional-fit-0021,axis2_legal,1344,0.5064111461777121
conditional-fit-0021,axis2_legal,1345,0.00020772980416700675
conditional-fit-0021,axis2_legal,1346,0.0038166543373260413
conditional-fit-0021,axis2_legal,1347,0.4617948133655765
conditional-fit-0021,axis2_legal,1348,0.5449681020854187
conditional-fit-0021,axis2_legal,1349,0.09439247555484942
conditional-fit-0021,axis2_legal,1350,0.0807675240256217
conditional-fit-0021,axis2_legal,1351,0.014728618832368999
conditional-fit-0021,axis2_legal,1352,0.026733951282530977
conditional-fit-0021,axis2_legal,1353,0.1885073072490599
conditional-fit-0021,axis2_legal,1354,0.3861462077783255
conditional-fit-0021,axis2_legal,1355,0.14447717426141884
conditional-fit-0021,axis2_legal,1356,0.00034124094432423153
conditional-fit-0021,axis2_legal,1357,0.07234301683500069
conditional-fit-0021,axis2_legal,1358,0.0220034368204421
conditional-fit-0021,axis2_legal,1359,0.16069073269002648
conditional-fit-0021,axis2_legal,1360,0.15452582120900113
conditional-fit-0021,axis2_legal,1361,0.04023348858522422
conditional-fit-0021,axis2_legal,1362,0.0013185678068431456
conditional-fit-0021,axis2_legal,1363,0.024936357307557777
conditional-fit-0021,axis2_legal,1364,0.007604755143702005
conditional-fit-0021,axis2_legal,1365,0.12122602105134397
conditional-fit-0021,axis2_legal,1366,0.01881786097909511
conditional-fit-0021,axis2_legal,1367,0.020940626747296756
conditional-fit-0021,axis2_legal,1368,0.00011784943235730049
conditional-fit-0021,axis2_legal,1369,0.032930670323327575
conditional-fit-0021,axis2_legal,1370,0.040438778374670734
conditional-fit-0021,axis2_legal,1371,0.03385551929189676
conditional-fit-0021,axis2_legal,1372,0.1380268476647006
conditional-fit-0021,axis2_legal,1373,0.0002018688376482869
conditional-fit-0021,axis2_legal,1374,0.00045401117173313616
conditional-fit-0021,axis2_legal,1375,0.07712578385413886
conditional-fit-0021,axis2_legal,1376,0.002299394629203008
conditional-fit-0021,axis2_legal,1377,0.13910828687641974
conditional-fit-0021,axis2_legal,1378,0.013071609841671893
conditional-fit-0021,axis2_legal,1379,0.0547988170866698
conditional-fit-0021,axis2_legal,1380,0.11538761501467255
conditional-fit-0021,axis2_legal,1381,0.0024705989167792784
conditional-fit-0021,axis2_legal,1382,0.07314045366300659
conditional-fit-0021,axis2_legal,1383,0.011466852817563704
conditional-fit-0021,axis2_legal,1384,0.038142494427853696
conditional-fit-0021,axis2_legal,1385,0.07090908757277394
conditional-fit-0021,axis2_legal,1386,0.02748770948676081
conditional-fit-0021,axis2_legal,1387,0.015121206366507208
conditional-fit-0021,axis2_legal,1388,0.010667622285137048
conditional-fit-0021,axis2_legal,1389,0.011812505994151283
conditional-fit-0021,axis2_legal,1390,0.0012019040768379615
conditional-fit-0021,axis2_legal,1391,0.02107278027883569
conditional-fit-0021,axis2_legal,1392,0.004209507107955469
conditional-fit-0021,axis2_legal,1393,0.025431600247515153
conditional-fit-0021,axis2_legal,1394,0.02041892871925021
conditional-fit-0021,axis2_legal,1395,0.06062241064040898
conditional-fit-0021,axis2_legal,1396,0.0006497486970255492
conditional-fit-0021,axis2_legal,1397,0.06515795725113807
conditional-fit-0021,axis2_legal,1398,0.008483720994487336
conditional-fit-0021,axis2_legal,1399,0.058027787453173024
conditional-fit-0021,axis2_legal,1400,0.01743283109808328
conditional-fit-0021,axis2_legal,1401,0.04660969587234405
conditional-fit-0021,axis2_legal,1402,0.024924527236989277
conditional-fit-0021,axis2_legal,1403,0.013571930885897462
conditional-fit-0021,axis2_legal,1404,0.006630660251601516
conditional-fit-0021,axis2_legal,1405,0.043320298767444386
conditional-fit-0021,axis2_legal,1406,0.0003689697024248938
conditional-fit-0021,axis2_legal,1407,0.020231436139443792
conditional-fit-0021,axis2_legal,1408,0.031071190801220998
conditional-fit-0021,axis2_legal,1409,0.0019741128655558606
conditional-fit-0021,axis2_legal,1410,0.02863191300957191
conditional-fit-0021,axis2_legal,1411,0.0017860876783586076
conditional-fit-0021,axis2_legal,1412,0.013942600536830167
conditional-fit-0021,axis2_legal,1413,0.006773104440583239
conditional-fit-0021,axis2_legal,1414,0.013359547651481367
conditional-fit-0021,axis2_legal,1415,0.0846879106967633
conditional-fit-0021,axis2_legal,1416,0.01918472334375106
conditional-fit-0021,axis2_legal,1417,0.06077080784135641
conditional-fit-0021,axis2_legal,1418,0.04043248971549623
conditional-fit-0021,axis2_legal,1419,0.04046959024230854
conditional-fit-0021,axis2_legal,1420,0.05030156040583876
conditional-fit-0021,axis2_legal,1421,0.0017171410949618484
conditional-fit-0021,axis2_legal,1422,0.0016201620639748784
conditional-fit-0021,axis2_legal,1423,0.04085111980969915
conditional-fit-0021,axis2_legal,1424,0.0198355731494722
conditional-fit-0021,axis2_legal,1425,0.11690266264266745
conditional-fit-0021,axis2_legal,1426,0.03047216418863811
conditional-fit-0021,axis2_legal,1427,0.006745058267086622
conditional-fit-0021,axis2_legal,1428,0.45468646561235837
conditional-fit-0021,axis2_legal,1429,0.028752504991443766
conditional-fit-0021,axis2_legal,1430,0.038759937778436865
conditional-fit-0021,axis2_legal,1431,0.0443674582628035
conditional-fit-0021,axis2_legal,1432,0.06875763068802335
conditional-fit-0021,axis2_legal,1433,0.04672063342599249
conditional-fit-0021,axis2_legal,1434,0.0013932187321137645
conditional-fit-0021,axis2_legal,1435,0.17034855906949353
conditional-fit-0021,axis2_legal,1436,0.014599451295869764
conditional-fit-0021,axis2_legal,1437,0.044075519783822514
conditional-fit-0021,axis2_legal,1438,0.0035842631255003365
conditional-fit-0021,axis2_legal,1439,0.0029540321468342345
conditional-fit-0021,axis2_legal,1440,0.06645654853098659
conditional-fit-0021,axis2_legal,1441,0.04972191961662752
conditional-fit-0021,axis2_legal,1442,0.05627108139951251
conditional-fit-0021,axis2_legal,1443,0.07963159750716176
conditional-fit-0021,axis2_legal,1444,0.1076779982149848
conditional-fit-0021,axis2_legal,1445,0.17602253759640715
conditional-fit-0021,axis2_legal,1446,0.0029071334655391746
conditional-fit-0021,axis2_legal,1447,0.045432854531566966
conditional-fit-0021,axis2_legal,1448,0.01871128661703718
conditional-fit-0021,axis2_legal,1449,0.0066696849805285285
conditional-fit-0021,axis2_legal,1450,0.0029717992970894973
conditional-fit-0021,axis2_legal,1451,0.3191315190072736
conditional-fit-0021,axis2_legal,1452,0.06436283237931341
conditional-fit-0021,axis2_legal,1453,0.1277655947547085
conditional-fit-0021,axis2_legal,1454,0.11708907785177299
conditional-fit-0021,axis2_legal,1455,0.04121464069733832
conditional-fit-0021,axis2_legal,1456,0.07535589459437526
conditional-fit-0021,axis2_legal,1457,0.022090353362575716
conditional-fit-0021,axis2_legal,1458,0.030812336163801808
conditional-fit-0021,axis2_legal,1459,0.018110780019809286
conditional-fit-0021,axis2_legal,1460,0.00144071163429438
conditional-fit-0021,axis2_legal,1461,0.01746204646535228
conditional-fit-0021,axis2_legal,1462,0.08120583948139998
conditional-fit-0021,axis2_legal,1463,0.000560498676445168
conditional-fit-0021,axis2_legal,1464,0.024366392369726694
conditional-fit-0021,axis2_legal,1465,0.01806647586250111
conditional-fit-0021,axis2_legal,1466,0.06562018163469834
conditional-fit-0021,axis2_legal,1467,0.007381143420964964
conditional-fit-0021,axis2_legal,1468,0.01292600652934153
conditional-fit-0021,axis2_legal,1469,0.0011319871968210214
conditional-fit-0021,axis2_legal,1470,0.010281216681567742
conditional-fit-0021,axis2_legal,1471,0.000579420471268849
conditional-fit-0021,axis2_legal,1472,0.015810958986800287
conditional-fit-0021,axis2_legal,1473,0.010858308669370254
conditional-fit-0021,axis2_legal,1474,0.008213982824814003
conditional-fit-0021,axis2_legal,1475,0.02123942194177835
conditional-fit-0021,axis2_legal,1476,0.0051531332015048465
conditional-fit-0021,axis2_legal,1477,0.0010338622287018873
conditional-fit-0021,axis2_legal,1478,0.08024618233539735
conditional-fit-0021,axis2_legal,1479,0.0007771609783953174
conditional-fit-0021,axis2_legal,1480,0.05218734723867444
conditional-fit-0021,axis2_legal,1481,0.04119077589856278
conditional-fit-0021,axis2_legal,1482,0.13326083278733397
conditional-fit-0021,axis2_legal,1483,0.020724272855654542
conditional-fit-0021,axis2_legal,1484,0.0494171966774529
conditional-fit-0021,axis2_legal,1485,0.006767605085291903
conditional-fit-0021,axis2_legal,1486,0.06798569727374766
conditional-fit-0021,axis2_legal,1487,0.0006052587319385079
conditional-fit-0021,axis2_legal,1488,0.022617375918644173
conditional-fit-0021,axis2_legal,1489,0.0481052224030325
conditional-fit-0021,axis2_legal,1490,0.008143148784361978
conditional-fit-0021,axis2_legal,1491,0.1153190301333886
conditional-fit-0021,axis2_legal,1492,0.6203285345408723
conditional-fit-0021,axis2_legal,1493,0.011179680567083879
conditional-fit-0021,axis2_legal,1494,0.056236524319050116
conditional-fit-0021,axis2_legal,1495,0.01227614336409634
conditional-fit-0021,axis2_legal,1496,0.016182578570341184
conditional-fit-0021,axis2_legal,1497,0.049099485663759296
conditional-fit-0021,axis2_legal,1498,0.032699257911415085
conditional-fit-0021,axis2_legal,1499,0.008748540325445841
conditional-fit-0021,axis2_legal,1500,0.05071952850791012
conditional-fit-0021,axis2_legal,1501,0.06689798389990494
conditional-fit-0021,axis2_legal,1502,0.031047646706165326
conditional-fit-0021,axis2_legal,1503,0.04733622098261971
conditional-fit-0021,axis2_legal,1504,0.011961541639343435
conditional-fit-0021,axis2_legal,1505,0.012731658812138873
conditional-fit-0021,axis2_legal,1506,0.06155101019520651
conditional-fit-0021,axis2_legal,1507,0.0005845585419399789
conditional-fit-0021,axis2_legal,1508,0.015270587910581626
conditional-fit-0021,axis2_legal,1509,0.08880798540888654
conditional-fit-0021,axis2_legal,1510,0.021725730039204427
conditional-fit-0021,axis2_legal,1511,0.01720109378529992
conditional-fit-0021,axis2_legal,1512,0.06444708442873912
conditional-fit-0021,axis2_legal,1513,0.01994046637953716
conditional-fit-0021,axis2_legal,1514,0.006430909957587903
conditional-fit-0021,axis2_legal,1515,0.016739412096763304
conditional-fit-0021,axis2_legal,1516,0.02424327937154081
conditional-fit-0021,axis2_legal,1517,0.038774485160061496
conditional-fit-0021,axis2_legal,1518,0.031700739274512044
conditional-fit-0021,axis2_legal,1519,0.007470174797499575
conditional-fit-0021,axis2_legal,1520,0.028072283879081065
conditional-fit-0021,axis2_legal,1521,0.001751783098413504
conditional-fit-0021,axis2_legal,1522,0.006008004718024764
conditional-fit-0021,axis2_legal,1523,0.04305423905728062
conditional-fit-0021,axis2_legal,1524,0.03733388850705116
conditional-fit-0021,axis2_legal,1525,0.006049350304936462
conditional-fit-0021,axis2_legal,1526,0.012268147141102817
conditional-fit-0021,axis2_legal,1527,0.006353676015831606
conditional-fit-0021,axis2_legal,1528,0.016337781751215044
conditional-fit-0021,axis2_legal,1529,0.005028933986792628
conditional-fit-0021,axis2_legal,1530,0.0645842395624053
conditional-fit-0021,axis2_legal,1531,0.08394989236760318
conditional-fit-0021,axis2_legal,1532,0.0035037884779475547
conditional-fit-0021,axis2_legal,1533,7.662427567184687e-05
conditional-fit-0021,axis2_legal,1534,0.01730272818041851
conditional-fit-0021,axis2_legal,1535,0.015096800661059093
conditional-fit-0021,axis2_legal,1536,0.014241502276788005
conditional-fit-0021,axis2_legal,1537,0.03316352227288402
conditional-fit-0021,axis2_legal,1538,0.05399830331788549
conditional-fit-0021,axis2_legal,1539,0.006207588734085471
conditional-fit-0021,axis2_legal,1540,0.004706924844305991
conditional-fit-0021,axis2_legal,1541,0.011084888441937196
conditional-fit-0021,axis2_legal,1542,0.05144812123117709
conditional-fit-0021,axis2_legal,1543,0.004317502439412722
conditional-fit-0021,axis2_legal,1544,0.007954395555227253
conditional-fit-0021,axis2_legal,1545,0.01884604310982256
conditional-fit-0021,axis2_legal,1546,0.000256915885968034
conditional-fit-0021,axis2_legal,1547,0.022526402877171788
conditional-fit-0021,axis2_legal,1548,0.20594397661511693
conditional-fit-0021,axis2_legal,1549,0.12360526017958849
conditional-fit-0021,axis2_legal,1550,0.013925297818973859
conditional-fit-0021,axis2_legal,1551,0.007167856826854948
conditional-fit-0021,axis2_legal,1552,0.004492322912859304
conditional-fit-0021,axis2_legal,1553,0.0003429123804177882
conditional-fit-0021,axis2_legal,1554,0.0035405583515748817
conditional-fit-0021,axis2_legal,1555,0.02438104942946263
conditional-fit-0021,axis2_legal,1556,0.030638340725435004
conditional-fit-0021,axis2_legal,1557,0.00026807584598531576
conditional-fit-0021,axis2_legal,1558,0.07141029015257686
conditional-fit-0021,axis2_legal,1559,0.013141511806699027
conditional-fit-0021,axis2_legal,1560,0.03524583803369814
conditional-fit-0021,axis2_legal,1561,0.0078424067126011
conditional-fit-0021,axis2_legal,1562,0.00019705631531485976
conditional-fit-0021,axis2_legal,1563,0.049014847061228634
conditional-fit-0021,axis2_legal,1564,0.009266597737405319
conditional-fit-0021,axis2_legal,1565,0.011731329060257815
conditional-fit-0021,axis2_legal,1566,0.006424845759369517
conditional-fit-0021,axis2_legal,1567,0.0018403901193986645
conditional-fit-0021,axis2_legal,1568,0.024301411122436008
conditional-fit-0021,axis2_legal,1569,0.05029068249346151
conditional-fit-0021,axis2_legal,1570,0.00939776671043749
conditional-fit-0021,axis2_legal,1571,0.02633983644673418
conditional-fit-0021,axis2_legal,1572,0.0008479168656644696
conditional-fit-0021,axis2_legal,1573,0.0008965172325541956
conditional-fit-0021,axis2_legal,1574,3.1461570002671855e-05
conditional-fit-0021,axis2_legal,1575,0.037450401239584645
conditional-fit-0021,axis2_legal,1576,0.015468477601859099
conditional-fit-0021,axis2_legal,1577,0.00034452592535319656
conditional-fit-0021,axis2_legal,1578,0.026657518314510843
conditional-fit-0021,axis2_legal,1579,0.021908562500489517
conditional-fit-0021,axis2_legal,1580,0.011368677405487996
conditional-fit-0021,axis2_legal,1581,0.02457064897847574
conditional-fit-0021,axis2_legal,1582,0.00037923859678533605
conditional-fit-0021,axis2_legal,1583,0.019609551882665853
conditional-fit-0021,axis2_legal,1584,0.016639242400475488
conditional-fit-0021,axis2_legal,1585,0.01551207189121453
conditional-fit-0021,axis2_legal,1586,0.00683327481670069
conditional-fit-0021,axis2_legal,1587,0.005282658988013642
conditional-fit-0021,axis2_legal,1588,0.01272881701303892
conditional-fit-0021,axis2_legal,1589,0.0009882899885112649
conditional-fit-0021,axis2_legal,1590,0.009107345950063192
conditional-fit-0021,axis2_legal,1591,0.0002544833871285961
conditional-fit-0021,axis2_legal,1592,0.006277384273184168
conditional-fit-0021,axis2_legal,1593,0.0005421468121185217
conditional-fit-0021,axis2_legal,1594,0.0013290605259067007
conditional-fit-0021,axis2_legal,1595,0.007456446701593769
conditional-fit-0021,axis2_legal,1596,0.0005124044946600338
conditional-fit-0021,axis2_legal,1597,0.0006484448474652807
conditional-fit-0021,axis2_legal,1598,0.014402919003305956
conditional-fit-0021,axis2_legal,1599,0.16338535965128237
conditional-fit-0021,axis2_legal,1600,0.21031213200828655
conditional-fit-0021,axis2_legal,1601,0.0013518858632647149
conditional-fit-0021,axis2_legal,1602,0.0018454846892093008
conditional-fit-0021,axis2_legal,1603,0.0060727733643984715
conditional-fit-0021,axis2_legal,1604,0.008405404201304966
conditional-fit-0021,axis2_legal,1605,0.011167959955044349
conditional-fit-0021,axis2_legal,1606,0.0007250627015011865
conditional-fit-0021,axis2_legal,1607,0.004070768836735554
conditional-fit-0021,axis2_legal,1608,0.004254401103410556
conditional-fit-0021,axis2_legal,1609,0.0011804068027730947
conditional-fit-0021,axis2_legal,1610,0.021406240824735488
conditional-fit-0021,axis2_legal,1611,0.0076815493040905385
conditional-fit-0021,axis2_legal,1612,0.00998243143001798
conditional-fit-0021,axis2_legal,1613,0.013988503182368366
conditional-fit-0021,axis2_legal,1614,0.013400321819972041
conditional-fit-0021,axis2_legal,1615,0.0034434425709050477
conditional-fit-0021,axis2_legal,1616,0.05889070669011769
conditional-fit-0021,axis2_legal,1617,0.004016156855587514
conditional-fit-0021,axis2_legal,1618,0.03974010913716257
conditional-fit-0021,axis2_legal,1619,0.022456639012132434
conditional-fit-0021,axis2_legal,1620,0.07007841054059086
conditional-fit-0021,axis2_legal,1621,0.0922143313915399
conditional-fit-0021,axis2_legal,1622,0.016064001936905225
conditional-fit-0021,axis2_legal,1623,0.010826287838161681
conditional-fit-0021,axis2_legal,1624,0.013232573937182229
conditional-fit-0021,axis2_legal,1625,0.02874712770126861
conditional-fit-0021,axis2_legal,1626,0.01860542563346591
conditional-fit-0021,axis2_legal,1627,0.01967456372386333
conditional-fit-0021,axis2_legal,1628,0.007714891632964065
conditional-fit-0021,axis2_legal,1629,0.02464783277260804
conditional-fit-0021,axis2_legal,1630,0.018751882201836864
conditional-fit-0021,axis2_legal,1631,0.011591786820918552
conditional-fit-0021,axis2_legal,1632,0.022239233112118503
conditional-fit-0021,axis2_legal,1633,0.019542176784815624
conditional-fit-0021,axis2_legal,1634,0.002033448781635165
conditional-fit-0021,axis2_legal,1635,0.007670317691555703
conditional-fit-0021,axis2_legal,1636,0.01776913503574547
conditional-fit-0021,axis2_legal,1637,0.006389544847197228
conditional-fit-0021,axis2_legal,1638,0.030113755558685545
conditional-fit-0021,axis2_legal,1639,0.011002023431533552
conditional-fit-0021,axis2_legal,1640,0.015483919655557312
conditional-fit-0021,axis2_legal,1641,0.03729522709126448
conditional-fit-0021,axis2_legal,1642,0.0057776883256578475
conditional-fit-0021,axis2_legal,1643,0.028766920111092935
conditional-fit-0021,axis2_legal,1644,0.08161824720891589
conditional-fit-0021,axis2_legal,1645,0.007394802584296753
conditional-fit-0021,axis2_legal,1646,0.005148548612564707
conditional-fit-0021,axis2_legal,1647,1.5447264530973464e-05
conditional-fit-0021,axis2_legal,1648,0.030646610971853602
conditional-fit-0021,axis2_legal,1649,0.004191034077495888
conditional-fit-0021,axis2_legal,1650,0.007435556506191465
conditional-fit-0021,axis2_legal,1651,0.030988855844660733
conditional-fit-0021,axis2_legal,1652,0.07587962599012615
conditional-fit-0021,axis2_legal,1653,0.08401465482243892
conditional-fit-0021,axis2_legal,1654,0.00724058223021809
conditional-fit-0021,axis2_legal,1655,0.006598641671839992
conditional-fit-0021,axis2_legal,1656,0.010019924327314276
conditional-fit-0021,axis2_legal,1657,0.03348395635640091
conditional-fit-0021,axis2_legal,1658,0.01231948525534616
conditional-fit-0021,axis2_legal,1659,0.0415074558087183
conditional-fit-0021,axis2_legal,1660,0.004730480078753761
conditional-fit-0021,axis2_legal,1661,0.0009694379387273663
conditional-fit-0021,axis2_legal,1662,0.015415470885948059
conditional-fit-0021,axis2_legal,1663,0.019775925576612927
conditional-fit-0021,axis2_legal,1664,0.004855086238699319
conditional-fit-0021,axis2_legal,1665,0.023453781529755063
conditional-fit-0021,axis2_legal,1666,0.15161213106603472
conditional-fit-0021,axis2_legal,1667,0.0012925200409309293
conditional-fit-0021,axis2_legal,1668,0.0014113020476734166
conditional-fit-0021,axis2_legal,1669,0.003585990054527268
conditional-fit-0021,axis2_legal,1670,0.0030921532870335413
conditional-fit-0021,axis2_legal,1671,0.0005974350057383808
conditional-fit-0021,axis2_legal,1672,0.0015365925254340847
conditional-fit-0021,axis2_legal,1673,3.633648306203486e-05
conditional-fit-0021,axis2_legal,1674,0.02710917385369637
conditional-fit-0021,axis2_legal,1675,0.005590564086959118
conditional-fit-0021,axis2_legal,1676,2.8236811582951317e-05
conditional-fit-0021,axis2_legal,1677,0.007604761406146748
conditional-fit-0021,axis2_legal,1678,0.008013129155649676
conditional-fit-0021,axis2_legal,1679,0.003005022898225981
conditional-fit-0021,axis2_legal,1680,0.016681535012278204
conditional-fit-0021,axis2_legal,1681,0.00022491711689784878
conditional-fit-0021,axis2_legal,1682,0.0003068489931583136
conditional-fit-0021,axis2_legal,1683,0.00012342255776838534
conditional-fit-0021,axis2_legal,1684,0.004013524556433258
conditional-fit-0021,axis2_legal,1685,0.008527380193993472
conditional-fit-0021,axis2_legal,1686,0.00204339203813205
conditional-fit-0021,axis2_legal,1687,0.00039366340407970523
conditional-fit-0021,axis2_legal,1688,0.012425704994176612
conditional-fit-0021,axis2_legal,1689,6.39802153303276e-05
conditional-fit-0021,axis2_legal,1690,0.0016193757734176135
conditional-fit-0021,axis2_legal,1691,0.0005333319102769211
conditional-fit-0021,axis2_legal,1692,0.009715577077816642
conditional-fit-0021,axis2_legal,1693,0.0003427027319906342
conditional-fit-0021,axis2_legal,1694,0.00011090596692552788
conditional-fit-0021,axis2_legal,1695,0.0002966561406598886
conditional-fit-0021,axis2_legal,1696,0.003752403650002449
conditional-fit-0021,axis2_legal,1697,8.352157356170939e-05
conditional-fit-0021,axis2_legal,1698,9.901355839925626e-05
conditional-fit-0021,axis2_legal,1699,0.0007768144534883572
conditional-fit-0021,axis2_legal,1700,0.0012337153282605687
conditional-fit-0021,axis2_legal,1701,0.0015847094108367675
conditional-fit-0021,axis2_legal,1702,0.0011801482591960945
conditional-fit-0021,axis2_legal,1703,0.0003488257243904249
conditional-fit-0021,axis2_legal,1704,0.00038749106606590476
conditional-fit-0021,axis2_legal,1705,0.000606450345348743
conditional-fit-0021,axis2_legal,1706,4.98221158451122e-05
conditional-fit-0021,axis2_legal,1707,0.0012647777516018321
conditional-fit-0021,axis2_legal,1708,0.00018097375497299684
conditional-fit-0021,axis2_legal,1709,0.0002785408973516269
conditional-fit-0021,axis2_legal,1710,0.010040876403277183
conditional-fit-0021,axis2_legal,1711,0.03602946727430986
conditional-fit-0021,axis2_legal,1712,0.01088472529646034
conditional-fit-0021,axis2_legal,1713,0.0010781959467580811
conditional-fit-0021,axis2_legal,1714,0.023783505272619028
conditional-fit-0021,axis2_legal,1715,0.021433246320694398
conditional-fit-0021,axis2_legal,1716,0.036053280879039654
conditional-fit-0021,axis2_legal,1717,0.02920649530246113
conditional-fit-0021,axis2_legal,1718,0.11590754746627228
conditional-fit-0021,axis2_legal,1719,0.04932202068963721
conditional-fit-0021,axis2_legal,1720,0.0012670315389219852
conditional-fit-0021,axis2_legal,1721,0.12151691637727949
conditional-fit-0021,axis2_legal,1722,0.17536117244272742
conditional-fit-0021,axis2_legal,1723,0.11356614954668949
conditional-fit-0021,axis2_legal,1724,0.48231698394153283
conditional-fit-0021,axis2_legal,1725,0.0069734216308714805
conditional-fit-0021,axis2_legal,1726,0.0022071452329665234
conditional-fit-0021,axis2_legal,1727,0.0004177788871585357
conditional-fit-0021,axis2_legal,1728,0.2438076671821585
conditional-fit-0021,axis2_legal,1729,0.008314686446430547
conditional-fit-0021,axis2_legal,1730,0.007045913835591739
conditional-fit-0021,axis2_legal,1731,0.05531497389582021
conditional-fit-0021,axis2_legal,1732,0.11997793181643687
conditional-fit-0021,axis2_legal,1733,0.19052687047486772
conditional-fit-0021,axis2_legal,1734,0.0067512217558686125
conditional-fit-0021,axis2_legal,1735,0.02896857927274988
conditional-fit-0021,axis2_legal,1736,0.05006746257382549
conditional-fit-0021,axis2_legal,1737,0.07882367366880172
conditional-fit-0021,axis2_legal,1738,0.020828916434787834
conditional-fit-0021,axis2_legal,1739,0.00025338730209511503
conditional-fit-0021,axis2_legal,1740,0.030357507794633695
conditional-fit-0021,axis2_legal,1741,0.009092322258465756
conditional-fit-0021,axis2_legal,1742,0.10965664824286843
conditional-fit-0021,axis2_legal,1743,0.005196955314614891
conditional-fit-0021,axis2_legal,1744,0.018597364256517156
conditional-fit-0021,axis2_legal,1745,0.024245832531561512
conditional-fit-0021,axis2_legal,1746,0.02051071192333424
conditional-fit-0021,axis2_legal,1747,0.13864335652744114
conditional-fit-0021,axis2_legal,1748,0.1477933305424912
conditional-fit-0021,axis2_legal,1749,0.11077189974936474
conditional-fit-0021,axis2_legal,1750,0.23725158759942572
conditional-fit-0021,axis2_legal,1751,0.0032851867675167392
conditional-fit-0021,axis2_legal,1752,0.043235552648810495
conditional-fit-0021,axis2_legal,1753,0.046192968864400795
conditional-fit-0021,axis2_legal,1754,0.03217420219186928
conditional-fit-0021,axis2_legal,1755,0.03828924543269915
conditional-fit-0021,axis2_legal,1756,0.013095471443799626
conditional-fit-0021,axis2_legal,1757,0.08031989533371689
conditional-fit-0021,axis2_legal,1758,0.11472315242606124
conditional-fit-0021,axis2_legal,1759,2.828198104729075e-05
conditional-fit-0021,axis2_legal,1760,0.16385323439278493
conditional-fit-0021,axis2_legal,1761,0.049579235813811795
conditional-fit-0021,axis2_legal,1762,0.13371114664924189
conditional-fit-0021,axis2_legal,1763,0.011941888427457971
conditional-fit-0021,axis2_legal,1764,0.4931728494936271
conditional-fit-0021,axis2_legal,1765,0.00017910732737134904
conditional-fit-0021,axis2_legal,1766,0.04138879016416197
conditional-fit-0021,axis2_legal,1767,0.0003927304904935068
conditional-fit-0021,axis2_legal,1768,0.320808312995721
conditional-fit-0021,axis2_legal,1769,0.7995369826086293
conditional-fit-0021,axis2_legal,1770,0.01330946362497433
conditional-fit-0021,axis2_legal,1771,0.003892856895288331
conditional-fit-0021,axis2_legal,1772,0.0021282163255363345
conditional-fit-0021,axis2_legal,1773,0.0002946250059748452
conditional-fit-0021,axis2_legal,1774,0.0008787701139265922
conditional-fit-0021,axis2_legal,1775,0.008501451103346063
conditional-fit-0021,axis2_legal,1776,0.005623379446559424
conditional-fit-0021,axis2_legal,1777,0.17597252301265048
conditional-fit-0021,axis2_legal,1778,0.003068194853366099
conditional-fit-0021,axis2_legal,1779,0.00021813641147148401
conditional-fit-0021,axis2_legal,1780,0.0003857433676874762
conditional-fit-0021,axis2_legal,1781,0.020036273942853608
conditional-fit-0021,axis2_legal,1782,0.0008920540590402526
conditional-fit-0021,axis2_legal,1783,0.008824351421926595
conditional-fit-0021,axis2_legal,1784,0.05301093542269721
conditional-fit-0021,axis2_legal,1785,0.038800573218711026
conditional-fit-0021,axis2_legal,1786,0.0022224479323798103
conditional-fit-0021,axis2_legal,1787,0.002670357144249397
conditional-fit-0021,axis2_legal,1788,0.04850802622370675
conditional-fit-0021,axis2_legal,1789,0.027051928067007732
conditional-fit-0021,axis2_legal,1790,0.030634513057472123
conditional-fit-0021,axis2_legal,1791,0.01678542512945479
conditional-fit-0021,axis2_legal,1792,0.0025766103157347457
conditional-fit-0021,axis2_legal,1793,0.03226712970330001
conditional-fit-0021,axis2_legal,1794,0.01651081541406627
conditional-fit-0021,axis2_legal,1795,0.006233840151228888
conditional-fit-0021,axis2_legal,1796,0.023733671783155885
conditional-fit-0021,axis2_legal,1797,0.051392906501940436
conditional-fit-0021,axis2_legal,1798,0.0005816750020951125
conditional-fit-0021,axis2_legal,1799,0.0007144703259371781
conditional-fit-0021,axis2_legal,1800,0.042391895334841834
conditional-fit-0021,axis2_legal,1801,0.02767168665317527
conditional-fit-0021,axis2_legal,1802,0.0033108510102341543
conditional-fit-0021,axis2_legal,1803,0.0032002549882200236
conditional-fit-0021,axis2_legal,1804,0.020272876688462574
conditional-fit-0021,axis2_legal,1805,0.06768207542739972
conditional-fit-0021,axis2_legal,1806,0.029783196713972993
conditional-fit-0021,axis2_legal,1807,0.0006499986359208656
conditional-fit-0021,axis2_legal,1808,0.00659160361070092
conditional-fit-0021,axis2_legal,1809,0.004339023721757998
conditional-fit-0021,axis2_legal,1810,0.006441857907435013
conditional-fit-0021,axis2_legal,1811,0.004601900331154912
conditional-fit-0021,axis2_legal,1812,0.03382315249636997
conditional-fit-0021,axis2_legal,1813,0.14479830342957198
conditional-fit-0021,axis2_legal,1814,0.00016409834317319445
conditional-fit-0021,axis2_legal,1815,0.026892261668539166
conditional-fit-0021,axis2_legal,1816,0.01645174343309413
conditional-fit-0021,axis2_legal,1817,0.03116714993126421
conditional-fit-0021,axis2_legal,1818,0.022720853328344157
conditional-fit-0021,axis2_legal,1819,0.005080028367033824
conditional-fit-0021,axis2_legal,1820,0.01309097161405038
conditional-fit-0021,axis2_legal,1821,0.027026311350605927
conditional-fit-0021,axis2_legal,1822,0.0033502884202676
conditional-fit-0021,axis2_legal,1823,0.009152185425584998
conditional-fit-0021,axis2_legal,1824,0.0015451854589007643
conditional-fit-0021,axis2_legal,1825,0.001166076301142513
conditional-fit-0021,axis2_legal,1826,4.643167344587302e-05
conditional-fit-0021,axis2_legal,1827,0.02996053159110616
conditional-fit-0021,axis2_legal,1828,0.01056044904955555
conditional-fit-0021,axis2_legal,1829,0.0107569816989826
conditional-fit-0021,axis2_legal,1830,0.03183994936029937
conditional-fit-0021,axis2_legal,1831,0.04936199366308218
conditional-fit-0021,axis2_legal,1832,0.012644840627016946
conditional-fit-0021,axis2_legal,1833,0.0003855306367504764
conditional-fit-0021,axis2_legal,1834,0.0045750184700325425
conditional-fit-0021,axis2_legal,1835,0.0238447504852578
conditional-fit-0021,axis2_legal,1836,0.051345979047008376
conditional-fit-0021,axis2_legal,1837,7.665703435197064e-05
conditional-fit-0021,axis2_legal,1838,0.09108675323598128
conditional-fit-0021,axis2_legal,1839,0.012950096142917538
conditional-fit-0021,axis2_legal,1840,0.19252626060983596
conditional-fit-0021,axis2_legal,1841,0.0937401900457844
conditional-fit-0021,axis2_legal,1842,0.003870047998638342
conditional-fit-0021,axis2_legal,1843,0.17067673662246394
conditional-fit-0021,axis2_legal,1844,0.013805666030453932
conditional-fit-0021,axis2_legal,1845,0.003218250225391027
conditional-fit-0021,axis2_legal,1846,0.0003922463790689175
conditional-fit-0021,axis2_legal,1847,0.011346491802410728
conditional-fit-0021,axis2_legal,1848,0.0008506551526724264
conditional-fit-0021,axis2_legal,1849,0.00024066186329113354
conditional-fit-0021,axis2_legal,1850,0.005550607461878791
conditional-fit-0021,axis2_legal,1851,0.010549868927788239
conditional-fit-0021,axis2_legal,1852,0.00043447201017708946
conditional-fit-0021,axis2_legal,1853,0.10383262590284445
conditional-fit-0021,axis2_legal,1854,0.004076164656761531
conditional-fit-0021,axis2_legal,1855,0.00030352913711449605
conditional-fit-0021,axis2_legal,1856,0.04123829692978077
conditional-fit-0021,axis2_legal,1857,5.481354792292423e-05
conditional-fit-0021,axis2_legal,1858,1.853542184452736e-05
conditional-fit-0021,axis2_legal,1859,0.00024728807762465217
conditional-fit-0021,axis2_legal,1860,0.0001543228188556527
conditional-fit-0021,axis2_legal,1861,1.5605568165935067e-05
conditional-fit-0021,axis2_legal,1862,0.0018495260852427503
conditional-fit-0021,axis2_legal,1863,0.0003306766268029486
conditional-fit-0021,axis2_legal,1864,0.057487754219185255
conditional-fit-0021,axis2_legal,1865,0.006053628698198718
conditional-fit-0021,axis2_legal,1866,0.011514513017048034
conditional-fit-0021,axis2_legal,1867,0.0003921289166172596
conditional-fit-0021,axis2_legal,1868,0.0012760625137578992
conditional-fit-0021,axis2_legal,1869,0.007487617089156995
conditional-fit-0021,axis2_legal,1870,0.0061874477692766255
conditional-fit-0021,axis2_legal,1871,0.0880800235057127
conditional-fit-0021,axis2_legal,1872,0.030515436568732426
conditional-fit-0021,axis2_legal,1873,0.002382688801022423
conditional-fit-0021,axis2_legal,1874,0.005961839093286149
conditional-fit-0021,axis2_legal,1875,0.01274187261935973
conditional-fit-0021,axis2_legal,1876,0.0021972637834213526
conditional-fit-0021,axis2_legal,1877,0.007012798671629149
conditional-fit-0021,axis2_legal,1878,0.004201851791450474
conditional-fit-0021,axis2_legal,1879,0.01577523951898793
conditional-fit-0021,axis2_legal,1880,0.014695228954363274
conditional-fit-0021,axis2_legal,1881,0.0005377825425575981
conditional-fit-0021,axis2_legal,1882,0.0028248510037756115
conditional-fit-0021,axis2_legal,1883,0.02095782996234311
conditional-fit-0021,axis2_legal,1884,0.0006564917826693214
conditional-fit-0021,axis2_legal,1885,0.0004069328647729794
conditional-fit-0021,axis2_legal,1886,0.0095698962928077
conditional-fit-0021,axis2_legal,1887,0.013333753509190985
conditional-fit-0021,axis2_legal,1888,0.00203661379267581
conditional-fit-0021,axis2_legal,1889,0.007267302478149749
conditional-fit-0021,axis2_legal,1890,0.004073908573613156
conditional-fit-0021,axis2_legal,1891,0.0030444784492993657
conditional-fit-0021,axis2_legal,1892,0.0012664798987513134
conditional-fit-0021,axis2_legal,1893,0.00609202754468413
conditional-fit-0021,axis2_legal,1894,0.01784550857217173
conditional-fit-0021,axis2_legal,1895,0.005009907557196358
conditional-fit-0021,axis2_legal,1896,0.0005104817416869173
conditional-fit-0021,axis2_legal,1897,0.01638135367226274
conditional-fit-0021,axis2_legal,1898,0.00021279699788326258
conditional-fit-0021,axis2_legal,1899,0.0027922202222575446
conditional-fit-0021,axis2_legal,1900,0.018973048693899562
conditional-fit-0021,axis2_legal,1901,0.003419679534957101
conditional-fit-0021,axis2_legal,1902,0.04742052727446291
conditional-fit-0021,axis2_legal,1903,0.048242295870800395
conditional-fit-0021,axis2_legal,1904,0.0004778955611964616
conditional-fit-0021,axis2_legal,1905,0.020188234717482226
conditional-fit-0021,axis2_legal,1906,0.012461631164936066
conditional-fit-0021,axis2_legal,1907,0.01184836841643486
conditional-fit-0021,axis2_legal,1908,0.014089146668126502
conditional-fit-0021,axis2_legal,1909,0.08048674908309333
conditional-fit-0021,axis2_legal,1910,0.0010153260085548931
conditional-fit-0021,axis2_legal,1911,0.01882149147893783
conditional-fit-0021,axis2_legal,1912,0.7218293826685837
conditional-fit-0021,axis2_legal,1913,0.07473338726485232
conditional-fit-0021,axis2_legal,1914,0.0006806243758522284
conditional-fit-0021,axis2_legal,1915,0.018511442791931444
conditional-fit-0021,axis2_legal,1916,0.02784703885687657
conditional-fit-0021,axis2_legal,1917,0.009950218729039607
conditional-fit-0021,axis2_legal,1918,0.012709804174087076
conditional-fit-0021,axis2_legal,1919,0.000771241297585476
conditional-fit-0021,axis2_legal,1920,5.806569990290917e-05
conditional-fit-0021,axis2_legal,1921,0.00039683565660871055
conditional-fit-0021,axis2_legal,1922,0.000648079696607987
conditional-fit-0021,axis2_legal,1923,0.005343935154566593
conditional-fit-0021,axis2_legal,1924,0.002162701058001901
conditional-fit-0021,axis2_legal,1925,4.990633683515307e-05
conditional-fit-0021,axis2_legal,1926,5.247928578356696e-05
conditional-fit-0021,axis2_legal,1927,0.005029473840999186
conditional-fit-0021,axis2_legal,1928,0.00038699308235203044
conditional-fit-0021,axis2_legal,1929,0.0014837790077929381
conditional-fit-0021,axis2_legal,1930,0.02524755938157023
conditional-fit-0021,axis2_legal,1931,0.006363898667923349
conditional-fit-0021,axis2_legal,1932,0.000710948657834521
conditional-fit-0021,axis2_legal,1933,0.0004225347942682604
conditional-fit-0021,axis2_legal,1934,0.0015068756593028033
conditional-fit-0021,axis2_legal,1935,0.0001822282997705552
conditional-fit-0021,axis2_legal,1936,0.008155821704549237
conditional-fit-0021,axis2_legal,1937,0.0037305529549576753
conditional-fit-0021,axis2_legal,1938,0.0021300187509406122
conditional-fit-0021,axis2_legal,1939,0.00490435604098758
conditional-fit-0021,axis2_legal,1940,0.008457376899607268
conditional-fit-0021,axis2_legal,1941,4.0243459245286765e-05
conditional-fit-0021,axis2_legal,1942,0.00011543618595988335
conditional-fit-0021,axis2_legal,1943,0.0032017654151381327
conditional-fit-0021,axis2_legal,1944,0.0029597186515971964
conditional-fit-0021,axis2_legal,1945,0.00011024413064982853
conditional-fit-0021,axis2_legal,1946,0.005897173669931599
conditional-fit-0021,axis2_legal,1947,0.004680254848760394
conditional-fit-0021,axis2_legal,1948,0.0021634798327900395
conditional-fit-0021,axis2_legal,1949,0.00010193490854091218
conditional-fit-0021,axis2_legal,1950,0.0037770267293506486
conditional-fit-0021,axis2_legal,1951,0.025404367008394158
conditional-fit-0021,axis2_legal,1952,0.002005790036573415
conditional-fit-0021,axis2_legal,1953,0.011200973813974991
conditional-fit-0021,axis2_legal,1954,0.00028385738324614054
conditional-fit-0021,axis2_legal,1955,0.002656525529143098
conditional-fit-0021,axis2_legal,1956,0.003331248301827806
conditional-fit-0021,axis2_legal,1957,8.182930973882738e-05
conditional-fit-0021,axis2_legal,1958,6.847974825259479e-05
conditional-fit-0021,axis2_legal,1959,0.0006229945524373998
conditional-fit-0021,axis2_legal,1960,0.0021252371590433777
conditional-fit-0021,axis2_legal,1961,0.00025859605849338455
conditional-fit-0021,axis2_legal,1962,0.004153179892577389
conditional-fit-0021,axis2_legal,1963,0.002939621447479229
conditional-fit-0021,axis2_legal,1964,0.18704381215214455
conditional-fit-0021,axis2_legal,1965,0.12177006060216188
conditional-fit-0021,axis2_legal,1966,0.04481141749467901
conditional-fit-0021,axis2_legal,1967,0.01166274996639249
conditional-fit-0021,axis2_legal,1968,0.0055678157759008525
conditional-fit-0021,axis2_legal,1969,0.037779140507222045
conditional-fit-0021,axis2_legal,1970,0.017408558795902064
conditional-fit-0021,axis2_legal,1971,0.00022794594535242055
conditional-fit-0021,axis2_legal,1972,0.0075835996825329415
conditional-fit-0021,axis2_legal,1973,0.016401720573226346
conditional-fit-0021,axis2_legal,1974,0.0020350267110258394
conditional-fit-0021,axis2_legal,1975,0.004236506226420408
conditional-fit-0021,axis2_legal,1976,0.0008753599949521055
conditional-fit-0021,axis2_legal,1977,0.032747029843814224
conditional-fit-0021,axis2_legal,1978,0.006965602173673549
conditional-fit-0021,axis2_legal,1979,0.044001264129317263
conditional-fit-0021,axis2_legal,1980,0.002794625547664722
conditional-fit-0021,axis2_legal,1981,0.05589385281473802
conditional-fit-0021,axis2_legal,1982,0.00878285025022736
conditional-fit-0021,axis2_legal,1983,0.0010105777869216796
conditional-fit-0021,axis2_legal,1984,0.010716525809089366
conditional-fit-0021,axis2_legal,1985,0.0418505602807202
conditional-fit-0021,axis2_legal,1986,0.028074859658936458
conditional-fit-0021,axis2_legal,1987,0.010908820128304431
conditional-fit-0021,axis2_legal,1988,0.006777958500051865
conditional-fit-0021,axis2_legal,1989,0.013011444434104394
conditional-fit-0021,axis2_legal,1990,0.06644033225573366
conditional-fit-0021,axis2_legal,1991,0.0004991279946657219
conditional-fit-0021,axis2_legal,1992,0.0016421698697199
conditional-fit-0021,axis2_legal,1993,0.6509735981579484
conditional-fit-0021,axis2_legal,1994,0.04414089424673125
conditional-fit-0021,axis2_legal,1995,0.1575766328929213
conditional-fit-0021,axis2_legal,1996,0.021100433334463195
conditional-fit-0021,axis2_legal,1997,0.00031516390137927854
conditional-fit-0021,axis2_legal,1998,0.01425901464313216
conditional-fit-0021,axis2_legal,1999,0.02509148183415099
conditional-fit-0021,axis2_legal,2000,0.00915727808511044
conditional-fit-0021,axis2_legal,2001,0.06335793711066526
conditional-fit-0021,axis2_legal,2002,0.002055438748657332
conditional-fit-0021,axis2_legal,2003,0.0001985493538529776
conditional-fit-0021,axis2_legal,2004,0.0017702480850072069
conditional-fit-0021,axis2_legal,2005,0.00044728579791393703
conditional-fit-0021,axis2_legal,2006,0.0033666478929966787
conditional-fit-0021,axis2_legal,2007,0.004760657005642286
conditional-fit-0021,axis2_legal,2008,0.0007180089687772676
conditional-fit-0021,axis2_legal,2009,0.00040041187891554563
conditional-fit-0021,axis2_legal,2010,0.001236784269954368
conditional-fit-0021,axis2_legal,2011,0.0025074934046482016
conditional-fit-0021,axis2_legal,2012,0.0016003171075488955
conditional-fit-0021,axis2_legal,2013,0.12576390742992904
conditional-fit-0021,axis2_legal,2014,0.0005095180132995533
conditional-fit-0021,axis2_legal,2015,0.002574429655929963
conditional-fit-0021,axis2_legal,2016,0.0005603976269497844
conditional-fit-0021,axis2_legal,2017,0.00012434687080504028
conditional-fit-0021,axis2_legal,2018,0.0011650425292264672
conditional-fit-0021,axis2_legal,2019,5.099457655246252e-05
conditional-fit-0021,axis2_legal,2020,0.0020632151831134074
conditional-fit-0021,axis2_legal,2021,0.0022286302672209373
conditional-fit-0021,axis2_legal,2022,0.008601449218713544
conditional-fit-0021,axis2_legal,2023,0.0024218599964250065
conditional-fit-0021,axis2_legal,2024,6.151695640901499e-05
conditional-fit-0021,axis2_legal,2025,0.00047830578716875037
conditional-fit-0021,axis2_legal,2026,0.0017845926289713507
conditional-fit-0021,axis2_legal,2027,0.0011048920741627295
conditional-fit-0021,axis2_legal,2028,0.00036108335946403156
conditional-fit-0021,axis2_legal,2029,0.0011467198639463438
conditional-fit-0021,axis2_legal,2030,0.011891315869507719
conditional-fit-0021,axis2_legal,2031,0.00010712290978075129
conditional-fit-0021,axis2_legal,2032,0.005193732833427816
conditional-fit-0021,axis2_legal,2033,0.0023431260621142114
conditional-fit-0021,axis2_legal,2034,0.05796431930143794
conditional-fit-0021,axis2_legal,2035,0.021778938410396638
conditional-fit-0021,axis2_legal,2036,0.000353868550221383
conditional-fit-0021,axis2_legal,2037,0.010185818545127234
conditional-fit-0021,axis2_legal,2038,0.008221290782374458
conditional-fit-0021,axis2_legal,2039,0.0077908043262844675
conditional-fit-0021,axis2_legal,2040,0.020745934069285307
conditional-fit-0021,axis2_legal,2041,0.0452997232780523
conditional-fit-0021,axis2_legal,2042,0.001831976045432622
conditional-fit-0021,axis2_legal,2043,0.003158880894545477
conditional-fit-0021,axis2_legal,2044,0.0009616854902829612
conditional-fit-0021,axis2_legal,2045,0.028066084289777915
conditional-fit-0021,axis2_legal,2046,0.00010459827610465852
