window_id,domain,pos,kld
conditional-fit-0032,axis1_general,0,1.499274970625485
conditional-fit-0032,axis1_general,1,0.5625998500652842
conditional-fit-0032,axis1_general,2,0.43594586268260666
conditional-fit-0032,axis1_general,3,0.4233681548476492
conditional-fit-0032,axis1_general,4,0.1031136812022405
conditional-fit-0032,axis1_general,5,0.24400713465986557
conditional-fit-0032,axis1_general,6,0.13956502321679184
conditional-fit-0032,axis1_general,7,0.1475209694012372
conditional-fit-0032,axis1_general,8,0.4294663521809259
conditional-fit-0032,axis1_general,9,0.33086218848736665
conditional-fit-0032,axis1_general,10,0.26998053490536766
conditional-fit-0032,axis1_general,11,0.041512166445340955
conditional-fit-0032,axis1_general,12,0.0813583425066359
conditional-fit-0032,axis1_general,13,0.00025550833903007766
conditional-fit-0032,axis1_general,14,1.1136703559102488
conditional-fit-0032,axis1_general,15,0.23292863837708666
conditional-fit-0032,axis1_general,16,0.10724827388356979
conditional-fit-0032,axis1_general,17,0.006779194365301187
conditional-fit-0032,axis1_general,18,0.12327542720267724
conditional-fit-0032,axis1_general,19,0.1327780130106898
conditional-fit-0032,axis1_general,20,0.04655014747738171
conditional-fit-0032,axis1_general,21,0.01938325934604791
conditional-fit-0032,axis1_general,22,0.06372411849840053
conditional-fit-0032,axis1_general,23,0.008179688341664031
conditional-fit-0032,axis1_general,24,0.009639092865665746
conditional-fit-0032,axis1_general,25,0.0004859432811343822
conditional-fit-0032,axis1_general,26,0.11728944383517066
conditional-fit-0032,axis1_general,27,0.17972830174155718
conditional-fit-0032,axis1_general,28,0.3266261743996359
conditional-fit-0032,axis1_general,29,1.0788194201700385
conditional-fit-0032,axis1_general,30,0.2559036246091733
conditional-fit-0032,axis1_general,31,0.5725589906835636
conditional-fit-0032,axis1_general,32,0.045072333945689755
conditional-fit-0032,axis1_general,33,0.6769518272437667
conditional-fit-0032,axis1_general,34,0.13786636044085976
conditional-fit-0032,axis1_general,35,0.3234101135086337
conditional-fit-0032,axis1_general,36,0.3062060987546956
conditional-fit-0032,axis1_general,37,0.24876726751399847
conditional-fit-0032,axis1_general,38,0.37915883016348106
conditional-fit-0032,axis1_general,39,0.2660167346142136
conditional-fit-0032,axis1_general,40,0.00010664683995442114
conditional-fit-0032,axis1_general,41,0.13633108592336457
conditional-fit-0032,axis1_general,42,0.19579182588132044
conditional-fit-0032,axis1_general,43,0.04335952121423242
conditional-fit-0032,axis1_general,44,0.00023058115236868027
conditional-fit-0032,axis1_general,45,0.05751646815713838
conditional-fit-0032,axis1_general,46,0.031347642078227836
conditional-fit-0032,axis1_general,47,0.23907772891757648
conditional-fit-0032,axis1_general,48,0.0010654446851862227
conditional-fit-0032,axis1_general,49,0.21860156021017232
conditional-fit-0032,axis1_general,50,0.14470501886770903
conditional-fit-0032,axis1_general,51,0.5025339095810488
conditional-fit-0032,axis1_general,52,0.014780238017118197
conditional-fit-0032,axis1_general,53,2.5087457430120263e-05
conditional-fit-0032,axis1_general,54,0.04379649165753919
conditional-fit-0032,axis1_general,55,0.0649072005761117
conditional-fit-0032,axis1_general,56,0.015065648518750885
conditional-fit-0032,axis1_general,57,0.0006139900248474268
conditional-fit-0032,axis1_general,58,0.00722455787290204
conditional-fit-0032,axis1_general,59,0.27863194648862816
conditional-fit-0032,axis1_general,60,0.06855727804296284
conditional-fit-0032,axis1_general,61,0.02100946578889607
conditional-fit-0032,axis1_general,62,6.39626630730363e-05
conditional-fit-0032,axis1_general,63,0.0695850708319572
conditional-fit-0032,axis1_general,64,0.14069448131169343
conditional-fit-0032,axis1_general,65,0.05668663767345714
conditional-fit-0032,axis1_general,66,0.05662641458568034
conditional-fit-0032,axis1_general,67,0.0009312172954189313
conditional-fit-0032,axis1_general,68,0.17475518344859142
conditional-fit-0032,axis1_general,69,0.07630532602356938
conditional-fit-0032,axis1_general,70,0.003129125091878021
conditional-fit-0032,axis1_general,71,0.02045936475871137
conditional-fit-0032,axis1_general,72,8.271385067573232e-05
conditional-fit-0032,axis1_general,73,0.13267890444411973
conditional-fit-0032,axis1_general,74,0.03529508068796409
conditional-fit-0032,axis1_general,75,0.004303465032876229
conditional-fit-0032,axis1_general,76,0.06528089924692147
conditional-fit-0032,axis1_general,77,0.16767508422051006
conditional-fit-0032,axis1_general,78,0.04204174196820709
conditional-fit-0032,axis1_general,79,0.13109544328684136
conditional-fit-0032,axis1_general,80,0.001799409533605935
conditional-fit-0032,axis1_general,81,1.2536618245827324e-05
conditional-fit-0032,axis1_general,82,0.006754562168490294
conditional-fit-0032,axis1_general,83,0.0014721348002905486
conditional-fit-0032,axis1_general,84,0.00020076070464193792
conditional-fit-0032,axis1_general,85,0.00011027623558882875
conditional-fit-0032,axis1_general,86,0.0004291012870498886
conditional-fit-0032,axis1_general,87,0.002802743722098448
conditional-fit-0032,axis1_general,88,1.0743962131132567e-05
conditional-fit-0032,axis1_general,89,4.270530945895889e-05
conditional-fit-0032,axis1_general,90,0.00104794091767906
conditional-fit-0032,axis1_general,91,0.001419030999081562
conditional-fit-0032,axis1_general,92,0.004941872434163562
conditional-fit-0032,axis1_general,93,0.0042035158003423875
conditional-fit-0032,axis1_general,94,0.007294512085517586
conditional-fit-0032,axis1_general,95,8.270504308104796e-06
conditional-fit-0032,axis1_general,96,0.14159432794075447
conditional-fit-0032,axis1_general,97,0.006555526565644083
conditional-fit-0032,axis1_general,98,0.002273326761671279
conditional-fit-0032,axis1_general,99,3.535850057949839e-05
conditional-fit-0032,axis1_general,100,0.7145165017710229
conditional-fit-0032,axis1_general,101,0.2882084606471358
conditional-fit-0032,axis1_general,102,0.0003100502605003254
conditional-fit-0032,axis1_general,103,0.003035866337011861
conditional-fit-0032,axis1_general,104,2.4578415892523783e-05
conditional-fit-0032,axis1_general,105,0.04026785121543967
conditional-fit-0032,axis1_general,106,0.16716217269207662
conditional-fit-0032,axis1_general,107,4.191012892253084e-05
conditional-fit-0032,axis1_general,108,0.3319519608797705
conditional-fit-0032,axis1_general,109,0.19659009563881205
conditional-fit-0032,axis1_general,110,0.16096601295848834
conditional-fit-0032,axis1_general,111,0.16300038362149022
conditional-fit-0032,axis1_general,112,0.004777196058065349
conditional-fit-0032,axis1_general,113,0.003458499858863366
conditional-fit-0032,axis1_general,114,0.004759010172001704
conditional-fit-0032,axis1_general,115,0.046547880856095944
conditional-fit-0032,axis1_general,116,0.011320668658596163
conditional-fit-0032,axis1_general,117,0.09601562316362493
conditional-fit-0032,axis1_general,118,0.14481082217778446
conditional-fit-0032,axis1_general,119,0.004304209971239582
conditional-fit-0032,axis1_general,120,4.543432950655678e-05
conditional-fit-0032,axis1_general,121,0.08645181128260651
conditional-fit-0032,axis1_general,122,0.1687369965825653
conditional-fit-0032,axis1_general,123,3.482531867689986e-05
conditional-fit-0032,axis1_general,124,0.0017948241119947203
conditional-fit-0032,axis1_general,125,2.153302788141977e-05
conditional-fit-0032,axis1_general,126,0.08897329254486366
conditional-fit-0032,axis1_general,127,0.02014677298086921
conditional-fit-0032,axis1_general,128,0.10391437920685204
conditional-fit-0032,axis1_general,129,0.007214995297548243
conditional-fit-0032,axis1_general,130,0.011186765710708306
conditional-fit-0032,axis1_general,131,0.06910509579266835
conditional-fit-0032,axis1_general,132,0.000886731859530148
conditional-fit-0032,axis1_general,133,0.00874683950862282
conditional-fit-0032,axis1_general,134,0.09971889632659774
conditional-fit-0032,axis1_general,135,0.003416885193934645
conditional-fit-0032,axis1_general,136,0.002023409976839626
conditional-fit-0032,axis1_general,137,0.000635170783856498
conditional-fit-0032,axis1_general,138,0.0003573532096317084
conditional-fit-0032,axis1_general,139,0.002041613257893319
conditional-fit-0032,axis1_general,140,0.030396100400313708
conditional-fit-0032,axis1_general,141,0.07018290302299382
conditional-fit-0032,axis1_general,142,0.043731292313253414
conditional-fit-0032,axis1_general,143,0.3160126849071774
conditional-fit-0032,axis1_general,144,0.0003611787391857153
conditional-fit-0032,axis1_general,145,0.0003036058487870012
conditional-fit-0032,axis1_general,146,0.0033858124945082488
conditional-fit-0032,axis1_general,147,0.003794368683050079
conditional-fit-0032,axis1_general,148,0.02214767876877962
conditional-fit-0032,axis1_general,149,0.09242116077599959
conditional-fit-0032,axis1_general,150,0.07588223229012861
conditional-fit-0032,axis1_general,151,0.02914505141342762
conditional-fit-0032,axis1_general,152,0.033912508466353734
conditional-fit-0032,axis1_general,153,0.0065126189019066045
conditional-fit-0032,axis1_general,154,0.0033429584246248366
conditional-fit-0032,axis1_general,155,4.8783873569090285e-05
conditional-fit-0032,axis1_general,156,0.0044915246480573615
conditional-fit-0032,axis1_general,157,0.0008647493936076644
conditional-fit-0032,axis1_general,158,0.0009846823099908864
conditional-fit-0032,axis1_general,159,0.0009700365864472305
conditional-fit-0032,axis1_general,160,0.0005841024004429919
conditional-fit-0032,axis1_general,161,4.3678697155176935e-05
conditional-fit-0032,axis1_general,162,0.00023885833839283372
conditional-fit-0032,axis1_general,163,1.0270505919336064e-05
conditional-fit-0032,axis1_general,164,0.00010120688291303926
conditional-fit-0032,axis1_general,165,0.0002994236049268335
conditional-fit-0032,axis1_general,166,0.04858886048960032
conditional-fit-0032,axis1_general,167,0.00015366375659703273
conditional-fit-0032,axis1_general,168,0.0005237435399988374
conditional-fit-0032,axis1_general,169,0.0005565596790149239
conditional-fit-0032,axis1_general,170,1.236313985482887e-06
conditional-fit-0032,axis1_general,171,0.005482515578055538
conditional-fit-0032,axis1_general,172,0.0027144185644138383
conditional-fit-0032,axis1_general,173,0.010066428741882974
conditional-fit-0032,axis1_general,174,9.989573070805998e-06
conditional-fit-0032,axis1_general,175,0.21471347645639022
conditional-fit-0032,axis1_general,176,0.0127408728483485
conditional-fit-0032,axis1_general,177,0.14664245060198983
conditional-fit-0032,axis1_general,178,6.25912415779531e-05
conditional-fit-0032,axis1_general,179,0.0005245614819000554
conditional-fit-0032,axis1_general,180,0.013771367780938928
conditional-fit-0032,axis1_general,181,0.01912309382306341
conditional-fit-0032,axis1_general,182,3.585310297071923e-05
conditional-fit-0032,axis1_general,183,0.06699206162575563
conditional-fit-0032,axis1_general,184,0.06099750333589368
conditional-fit-0032,axis1_general,185,0.002735721184226322
conditional-fit-0032,axis1_general,186,4.524504390844581e-05
conditional-fit-0032,axis1_general,187,0.03035576486908599
conditional-fit-0032,axis1_general,188,0.04014747193525846
conditional-fit-0032,axis1_general,189,6.972918228298201e-05
conditional-fit-0032,axis1_general,190,0.006216122900876225
conditional-fit-0032,axis1_general,191,0.013019274349672606
conditional-fit-0032,axis1_general,192,0.00024540027685498783
conditional-fit-0032,axis1_general,193,0.00010276060602738152
conditional-fit-0032,axis1_general,194,0.00016776373833432093
conditional-fit-0032,axis1_general,195,0.0003894678809707617
conditional-fit-0032,axis1_general,196,0.0006534875750384024
conditional-fit-0032,axis1_general,197,0.014079650464772461
conditional-fit-0032,axis1_general,198,0.06456412415459498
conditional-fit-0032,axis1_general,199,0.01610566886593747
conditional-fit-0032,axis1_general,200,0.0023967268270161874
conditional-fit-0032,axis1_general,201,0.0008046653333507407
conditional-fit-0032,axis1_general,202,0.0017254679500555605
conditional-fit-0032,axis1_general,203,0.012818371956975348
conditional-fit-0032,axis1_general,204,0.0022531097781129427
conditional-fit-0032,axis1_general,205,0.09081398055720893
conditional-fit-0032,axis1_general,206,0.12644013914916818
conditional-fit-0032,axis1_general,207,0.13937166454944924
conditional-fit-0032,axis1_general,208,0.010481366454903199
conditional-fit-0032,axis1_general,209,1.2797859879444462e-05
conditional-fit-0032,axis1_general,210,0.0008216626499134936
conditional-fit-0032,axis1_general,211,0.0016418522575395598
conditional-fit-0032,axis1_general,212,0.001360258500373147
conditional-fit-0032,axis1_general,213,1.1190114607332098e-06
conditional-fit-0032,axis1_general,214,0.009269817343792102
conditional-fit-0032,axis1_general,215,0.00025944118314421053
conditional-fit-0032,axis1_general,216,4.940713752093003e-05
conditional-fit-0032,axis1_general,217,0.00036559233210301537
conditional-fit-0032,axis1_general,218,0.00015607858394567557
conditional-fit-0032,axis1_general,219,0.00011306835300819881
conditional-fit-0032,axis1_general,220,0.0003231222291776491
conditional-fit-0032,axis1_general,221,0.00011147182403919952
conditional-fit-0032,axis1_general,222,3.0537882550158553e-05
conditional-fit-0032,axis1_general,223,0.00026972194037776996
conditional-fit-0032,axis1_general,224,0.0004470141600979219
conditional-fit-0032,axis1_general,225,1.377456751665273e-05
conditional-fit-0032,axis1_general,226,0.00014486702461155918
conditional-fit-0032,axis1_general,227,0.0030108466327270367
conditional-fit-0032,axis1_general,228,9.575406339959734e-07
conditional-fit-0032,axis1_general,229,0.001390286115743925
conditional-fit-0032,axis1_general,230,0.0043976261539669615
conditional-fit-0032,axis1_general,231,0.1147427496846926
conditional-fit-0032,axis1_general,232,0.0004285105539752835
conditional-fit-0032,axis1_general,233,0.03972599660745731
conditional-fit-0032,axis1_general,234,5.928933205563231e-05
conditional-fit-0032,axis1_general,235,6.972841486342542e-07
conditional-fit-0032,axis1_general,236,0.012439441987984143
conditional-fit-0032,axis1_general,237,0.0032123566414541
conditional-fit-0032,axis1_general,238,0.0001335028445113718
conditional-fit-0032,axis1_general,239,3.16733097965991e-07
conditional-fit-0032,axis1_general,240,1.325646842181274e-05
conditional-fit-0032,axis1_general,241,8.011150436229597e-05
conditional-fit-0032,axis1_general,242,0.03269380790439079
conditional-fit-0032,axis1_general,243,2.740536452172433e-05
conditional-fit-0032,axis1_general,244,0.017354254796208543
conditional-fit-0032,axis1_general,245,0.007529886886713057
conditional-fit-0032,axis1_general,246,0.0028009439254520195
conditional-fit-0032,axis1_general,247,5.880406747985084e-05
conditional-fit-0032,axis1_general,248,0.0016165948581382513
conditional-fit-0032,axis1_general,249,0.23818087121161113
conditional-fit-0032,axis1_general,250,0.17453898575391608
conditional-fit-0032,axis1_general,251,0.002331396748052106
conditional-fit-0032,axis1_general,252,0.00015348566861518332
conditional-fit-0032,axis1_general,253,1.1083631458628225e-05
conditional-fit-0032,axis1_general,254,0.03543097478121382
conditional-fit-0032,axis1_general,255,0.0010654863666783533
conditional-fit-0032,axis1_general,256,4.769179587975271e-05
conditional-fit-0032,axis1_general,257,0.00446754368447019
conditional-fit-0032,axis1_general,258,0.025303824409195153
conditional-fit-0032,axis1_general,259,0.11902724967098627
conditional-fit-0032,axis1_general,260,0.005729086219838556
conditional-fit-0032,axis1_general,261,0.0012925394723054843
conditional-fit-0032,axis1_general,262,0.17341412789761843
conditional-fit-0032,axis1_general,263,0.0011773016362999153
conditional-fit-0032,axis1_general,264,0.03338882200789764
conditional-fit-0032,axis1_general,265,0.2446554367694895
conditional-fit-0032,axis1_general,266,0.007242352515929814
conditional-fit-0032,axis1_general,267,0.06421617524180633
conditional-fit-0032,axis1_general,268,0.0002022054847457929
conditional-fit-0032,axis1_general,269,0.11919739167790333
conditional-fit-0032,axis1_general,270,0.0713447706766579
conditional-fit-0032,axis1_general,271,0.011691497323238336
conditional-fit-0032,axis1_general,272,0.006577505652446339
conditional-fit-0032,axis1_general,273,0.01868142397690089
conditional-fit-0032,axis1_general,274,0.025210337167435606
conditional-fit-0032,axis1_general,275,0.06587533969595345
conditional-fit-0032,axis1_general,276,0.04640233619775163
conditional-fit-0032,axis1_general,277,0.032157459043938505
conditional-fit-0032,axis1_general,278,0.16770997046490646
conditional-fit-0032,axis1_general,279,0.00022773899174671625
conditional-fit-0032,axis1_general,280,0.0001713068501492475
conditional-fit-0032,axis1_general,281,0.028760598102387912
conditional-fit-0032,axis1_general,282,0.008594278374688638
conditional-fit-0032,axis1_general,283,0.0013820819519049098
conditional-fit-0032,axis1_general,284,0.07302573075085615
conditional-fit-0032,axis1_general,285,0.0009415621987860336
conditional-fit-0032,axis1_general,286,0.11305546949174095
conditional-fit-0032,axis1_general,287,0.05451387084891618
conditional-fit-0032,axis1_general,288,0.046935627043935765
conditional-fit-0032,axis1_general,289,0.07047575418996334
conditional-fit-0032,axis1_general,290,0.02551801584411643
conditional-fit-0032,axis1_general,291,0.1383793885331662
conditional-fit-0032,axis1_general,292,0.0062850649508271106
conditional-fit-0032,axis1_general,293,0.025347180043630135
conditional-fit-0032,axis1_general,294,0.04303897194638115
conditional-fit-0032,axis1_general,295,0.20222838931643577
conditional-fit-0032,axis1_general,296,0.22622132413954466
conditional-fit-0032,axis1_general,297,0.0724741603339567
conditional-fit-0032,axis1_general,298,1.4701176622630147e-05
conditional-fit-0032,axis1_general,299,0.002341967181434897
conditional-fit-0032,axis1_general,300,0.0015166275213808768
conditional-fit-0032,axis1_general,301,0.047534384420621884
conditional-fit-0032,axis1_general,302,0.004531287274851526
conditional-fit-0032,axis1_general,303,0.0002722655592469827
conditional-fit-0032,axis1_general,304,0.0006865180766554774
conditional-fit-0032,axis1_general,305,0.008510770898594797
conditional-fit-0032,axis1_general,306,0.046637212168143954
conditional-fit-0032,axis1_general,307,0.0016345730954905819
conditional-fit-0032,axis1_general,308,0.00014186965541691403
conditional-fit-0032,axis1_general,309,0.17731734263406604
conditional-fit-0032,axis1_general,310,0.0003208642196220669
conditional-fit-0032,axis1_general,311,9.748376787806712e-06
conditional-fit-0032,axis1_general,312,0.014862936074754968
conditional-fit-0032,axis1_general,313,0.03671636917909002
conditional-fit-0032,axis1_general,314,0.02704083329179907
conditional-fit-0032,axis1_general,315,0.04491926891221986
conditional-fit-0032,axis1_general,316,0.4129699774775294
conditional-fit-0032,axis1_general,317,0.30046238993388763
conditional-fit-0032,axis1_general,318,0.052688091891681436
conditional-fit-0032,axis1_general,319,0.46236364009778985
conditional-fit-0032,axis1_general,320,0.24922235477433397
conditional-fit-0032,axis1_general,321,0.08795744995315455
conditional-fit-0032,axis1_general,322,0.04450281277985697
conditional-fit-0032,axis1_general,323,0.2671275449263996
conditional-fit-0032,axis1_general,324,0.03342749866981207
conditional-fit-0032,axis1_general,325,0.009821907450357149
conditional-fit-0032,axis1_general,326,0.09349733536278032
conditional-fit-0032,axis1_general,327,0.01836196943549845
conditional-fit-0032,axis1_general,328,0.057081003159745944
conditional-fit-0032,axis1_general,329,2.81919174629553e-05
conditional-fit-0032,axis1_general,330,0.016657283936440864
conditional-fit-0032,axis1_general,331,1.1437859583663032e-05
conditional-fit-0032,axis1_general,332,0.015878301532669836
conditional-fit-0032,axis1_general,333,0.17320075995969797
conditional-fit-0032,axis1_general,334,0.04167770960985138
conditional-fit-0032,axis1_general,335,5.3673874751941515e-05
conditional-fit-0032,axis1_general,336,0.0001353409005180778
conditional-fit-0032,axis1_general,337,0.12784687457549204
conditional-fit-0032,axis1_general,338,0.07759616980153891
conditional-fit-0032,axis1_general,339,0.03903236367413873
conditional-fit-0032,axis1_general,340,0.03382222842788344
conditional-fit-0032,axis1_general,341,0.0012749148042681194
conditional-fit-0032,axis1_general,342,0.0012676619989036065
conditional-fit-0032,axis1_general,343,0.0005788717039678555
conditional-fit-0032,axis1_general,344,0.000529240505698511
conditional-fit-0032,axis1_general,345,0.0003234656226224498
conditional-fit-0032,axis1_general,346,3.863158293054671e-05
conditional-fit-0032,axis1_general,347,8.486805140417154e-05
conditional-fit-0032,axis1_general,348,0.006117188233990871
conditional-fit-0032,axis1_general,349,0.0024458222333434984
conditional-fit-0032,axis1_general,350,3.7175120879077746e-05
conditional-fit-0032,axis1_general,351,0.007069934263295067
conditional-fit-0032,axis1_general,352,0.02027629176902633
conditional-fit-0032,axis1_general,353,7.554896234487059e-07
conditional-fit-0032,axis1_general,354,0.03777086598423535
conditional-fit-0032,axis1_general,355,0.042463198100301774
conditional-fit-0032,axis1_general,356,0.0045304234554160525
conditional-fit-0032,axis1_general,357,0.00016796629160953995
conditional-fit-0032,axis1_general,358,0.00034754710165451025
conditional-fit-0032,axis1_general,359,0.009474335793788249
conditional-fit-0032,axis1_general,360,0.00042548410505861107
conditional-fit-0032,axis1_general,361,0.011155496147718361
conditional-fit-0032,axis1_general,362,0.029445612533866773
conditional-fit-0032,axis1_general,363,0.10265569611857121
conditional-fit-0032,axis1_general,364,0.020553009796813557
conditional-fit-0032,axis1_general,365,0.011077574146771506
conditional-fit-0032,axis1_general,366,0.015413383443489848
conditional-fit-0032,axis1_general,367,0.0003192789084542499
conditional-fit-0032,axis1_general,368,0.006159070024554439
conditional-fit-0032,axis1_general,369,2.1443189076375234e-05
conditional-fit-0032,axis1_general,370,0.0016902764253399327
conditional-fit-0032,axis1_general,371,0.00019516047963086418
conditional-fit-0032,axis1_general,372,9.631949417665073e-06
conditional-fit-0032,axis1_general,373,0.03582889561426261
conditional-fit-0032,axis1_general,374,0.012460165805652335
conditional-fit-0032,axis1_general,375,0.00028688902398858865
conditional-fit-0032,axis1_general,376,0.05136015284884789
conditional-fit-0032,axis1_general,377,0.0721691379033328
conditional-fit-0032,axis1_general,378,0.000370032016176943
conditional-fit-0032,axis1_general,379,0.04750212796794541
conditional-fit-0032,axis1_general,380,0.002498721186414639
conditional-fit-0032,axis1_general,381,0.12598111563348266
conditional-fit-0032,axis1_general,382,0.016068165784031786
conditional-fit-0032,axis1_general,383,0.009365340425092463
conditional-fit-0032,axis1_general,384,1.4455102578064022e-05
conditional-fit-0032,axis1_general,385,0.0014554341580552816
conditional-fit-0032,axis1_general,386,0.008487311279581253
conditional-fit-0032,axis1_general,387,0.00020867499271961973
conditional-fit-0032,axis1_general,388,0.028791448726355938
conditional-fit-0032,axis1_general,389,0.008094523740110852
conditional-fit-0032,axis1_general,390,0.005878080937110839
conditional-fit-0032,axis1_general,391,0.0019314384658272077
conditional-fit-0032,axis1_general,392,8.76065947306082e-06
conditional-fit-0032,axis1_general,393,0.007348465967628871
conditional-fit-0032,axis1_general,394,0.0017048040121373977
conditional-fit-0032,axis1_general,395,0.04548066082192554
conditional-fit-0032,axis1_general,396,0.11540921119816207
conditional-fit-0032,axis1_general,397,0.05733858616047867
conditional-fit-0032,axis1_general,398,0.0012874747633510714
conditional-fit-0032,axis1_general,399,0.20785725916375197
conditional-fit-0032,axis1_general,400,0.13369528400658157
conditional-fit-0032,axis1_general,401,0.6280094330298336
conditional-fit-0032,axis1_general,402,0.012104435035797705
conditional-fit-0032,axis1_general,403,1.5349359738466112e-06
conditional-fit-0032,axis1_general,404,0.00044127991505395794
conditional-fit-0032,axis1_general,405,0.00758773004994125
conditional-fit-0032,axis1_general,406,0.02563437014234724
conditional-fit-0032,axis1_general,407,0.009665748685270915
conditional-fit-0032,axis1_general,408,1.4721981457381056e-05
conditional-fit-0032,axis1_general,409,0.03777496047425795
conditional-fit-0032,axis1_general,410,0.17209136666806968
conditional-fit-0032,axis1_general,411,0.0017711788663772247
conditional-fit-0032,axis1_general,412,0.04857228406927633
conditional-fit-0032,axis1_general,413,0.013988959548021528
conditional-fit-0032,axis1_general,414,0.0008261694175044727
conditional-fit-0032,axis1_general,415,0.014560480929078516
conditional-fit-0032,axis1_general,416,0.07769543921954435
conditional-fit-0032,axis1_general,417,0.02455185159239689
conditional-fit-0032,axis1_general,418,0.06877090288883501
conditional-fit-0032,axis1_general,419,0.08968501842289356
conditional-fit-0032,axis1_general,420,0.0067745058332356915
conditional-fit-0032,axis1_general,421,1.8973236294862728e-05
conditional-fit-0032,axis1_general,422,0.023640388471592624
conditional-fit-0032,axis1_general,423,0.053772218871871585
conditional-fit-0032,axis1_general,424,0.0007572087844304085
conditional-fit-0032,axis1_general,425,0.0012896719380675742
conditional-fit-0032,axis1_general,426,0.0027539614881015757
conditional-fit-0032,axis1_general,427,0.009447042069442796
conditional-fit-0032,axis1_general,428,0.0014765772349616844
conditional-fit-0032,axis1_general,429,6.758113704518424e-05
conditional-fit-0032,axis1_general,430,0.04352821475439955
conditional-fit-0032,axis1_general,431,0.0028936436042834787
conditional-fit-0032,axis1_general,432,0.0009901481069022554
conditional-fit-0032,axis1_general,433,0.02728364110407386
conditional-fit-0032,axis1_general,434,0.000305934131654733
conditional-fit-0032,axis1_general,435,0.003934277174982865
conditional-fit-0032,axis1_general,436,0.06584736001573713
conditional-fit-0032,axis1_general,437,0.02096915064931319
conditional-fit-0032,axis1_general,438,0.004121293548091193
conditional-fit-0032,axis1_general,439,0.00052933291850113
conditional-fit-0032,axis1_general,440,0.0009899975013995695
conditional-fit-0032,axis1_general,441,0.09690211088103712
conditional-fit-0032,axis1_general,442,3.500168910511372e-05
conditional-fit-0032,axis1_general,443,2.133574935765016
conditional-fit-0032,axis1_general,444,0.021180903035445224
conditional-fit-0032,axis1_general,445,0.005930224164672775
conditional-fit-0032,axis1_general,446,8.514305553929369e-06
conditional-fit-0032,axis1_general,447,0.03689746418989481
conditional-fit-0032,axis1_general,448,0.005639981713932276
conditional-fit-0032,axis1_general,449,4.1936236540731e-05
conditional-fit-0032,axis1_general,450,0.0039054626384667735
conditional-fit-0032,axis1_general,451,2.959856968425305e-05
conditional-fit-0032,axis1_general,452,0.05575562090827179
conditional-fit-0032,axis1_general,453,0.002408989180515189
conditional-fit-0032,axis1_general,454,3.510389677957755e-05
conditional-fit-0032,axis1_general,455,0.0003453253533301765
conditional-fit-0032,axis1_general,456,0.015511534692793842
conditional-fit-0032,axis1_general,457,0.008405587314051938
conditional-fit-0032,axis1_general,458,0.010228869539510679
conditional-fit-0032,axis1_general,459,0.0011890678998786428
conditional-fit-0032,axis1_general,460,5.7967859130633574e-05
conditional-fit-0032,axis1_general,461,0.06143766657812125
conditional-fit-0032,axis1_general,462,0.010192113148130153
conditional-fit-0032,axis1_general,463,0.04839781035342939
conditional-fit-0032,axis1_general,464,0.004627580669076989
conditional-fit-0032,axis1_general,465,0.0003609554934523764
conditional-fit-0032,axis1_general,466,0.004131047230971879
conditional-fit-0032,axis1_general,467,4.385193006788509e-06
conditional-fit-0032,axis1_general,468,0.00014796824378956745
conditional-fit-0032,axis1_general,469,0.01597548146560836
conditional-fit-0032,axis1_general,470,0.00011432180756068266
conditional-fit-0032,axis1_general,471,0.004881879939529935
conditional-fit-0032,axis1_general,472,9.145555937996841e-05
conditional-fit-0032,axis1_general,473,0.045442558938624075
conditional-fit-0032,axis1_general,474,0.007301888030499897
conditional-fit-0032,axis1_general,475,0.012021822594686038
conditional-fit-0032,axis1_general,476,0.03883033667907965
conditional-fit-0032,axis1_general,477,0.00010557310471913568
conditional-fit-0032,axis1_general,478,0.013129332640761089
conditional-fit-0032,axis1_general,479,0.02500423431195526
conditional-fit-0032,axis1_general,480,0.0011338925367516454
conditional-fit-0032,axis1_general,481,0.09856886912261531
conditional-fit-0032,axis1_general,482,0.0002948665277623649
conditional-fit-0032,axis1_general,483,8.234262898681007e-05
conditional-fit-0032,axis1_general,484,2.6832338759369267e-05
conditional-fit-0032,axis1_general,485,0.02128532987022052
conditional-fit-0032,axis1_general,486,0.037261170209278945
conditional-fit-0032,axis1_general,487,0.016203883330732693
conditional-fit-0032,axis1_general,488,0.004351031634845567
conditional-fit-0032,axis1_general,489,5.00722300088843e-07
conditional-fit-0032,axis1_general,490,0.016127121705387493
conditional-fit-0032,axis1_general,491,0.0006522540624705264
conditional-fit-0032,axis1_general,492,0.0001877479754222119
conditional-fit-0032,axis1_general,493,0.037611199586781024
conditional-fit-0032,axis1_general,494,0.023803837955720934
conditional-fit-0032,axis1_general,495,0.02566688277766231
conditional-fit-0032,axis1_general,496,0.03514850456540242
conditional-fit-0032,axis1_general,497,0.02298793441238753
conditional-fit-0032,axis1_general,498,0.0035672836842385327
conditional-fit-0032,axis1_general,499,0.038533526467472205
conditional-fit-0032,axis1_general,500,0.08361091820014882
conditional-fit-0032,axis1_general,501,0.16191656863715223
conditional-fit-0032,axis1_general,502,0.023342166756604846
conditional-fit-0032,axis1_general,503,0.04713132861681921
conditional-fit-0032,axis1_general,504,0.039216179516848325
conditional-fit-0032,axis1_general,505,0.055077521433752455
conditional-fit-0032,axis1_general,506,0.03814376415269341
conditional-fit-0032,axis1_general,507,0.0031103638863866838
conditional-fit-0032,axis1_general,508,0.035662654823903545
conditional-fit-0032,axis1_general,509,0.02972605544702959
conditional-fit-0032,axis1_general,510,0.009895975168403275
conditional-fit-0032,axis1_general,511,0.0007812832814992382
conditional-fit-0032,axis1_general,512,0.005860618913403767
conditional-fit-0032,axis1_general,513,0.019546051384304486
conditional-fit-0032,axis1_general,514,2.6833575986963642e-05
conditional-fit-0032,axis1_general,515,0.015562904659578852
conditional-fit-0032,axis1_general,516,0.00031386035315199154
conditional-fit-0032,axis1_general,517,4.053649490214362e-05
conditional-fit-0032,axis1_general,518,2.329651204726698e-06
conditional-fit-0032,axis1_general,519,0.09343538281246022
conditional-fit-0032,axis1_general,520,0.027552775017088537
conditional-fit-0032,axis1_general,521,0.01489005526414378
conditional-fit-0032,axis1_general,522,0.014657883113930778
conditional-fit-0032,axis1_general,523,0.024616006302565448
conditional-fit-0032,axis1_general,524,0.034374490655958045
conditional-fit-0032,axis1_general,525,0.05611831279515564
conditional-fit-0032,axis1_general,526,0.0010046036704358348
conditional-fit-0032,axis1_general,527,0.10813426221649451
conditional-fit-0032,axis1_general,528,4.31413828235342e-05
conditional-fit-0032,axis1_general,529,0.0007655003846526097
conditional-fit-0032,axis1_general,530,0.04470101244940378
conditional-fit-0032,axis1_general,531,0.026079342840580274
conditional-fit-0032,axis1_general,532,0.020720730962910487
conditional-fit-0032,axis1_general,533,0.0853516188950634
conditional-fit-0032,axis1_general,534,0.10278967560343596
conditional-fit-0032,axis1_general,535,0.0021881371187544834
conditional-fit-0032,axis1_general,536,0.018110383902976444
conditional-fit-0032,axis1_general,537,0.006711668444582923
conditional-fit-0032,axis1_general,538,0.05745545240862395
conditional-fit-0032,axis1_general,539,0.03497130909638049
conditional-fit-0032,axis1_general,540,0.08196001312647128
conditional-fit-0032,axis1_general,541,0.056107682783319984
conditional-fit-0032,axis1_general,542,0.009972343581453984
conditional-fit-0032,axis1_general,543,0.030690604955214654
conditional-fit-0032,axis1_general,544,0.009068449307226528
conditional-fit-0032,axis1_general,545,0.0006796288238716548
conditional-fit-0032,axis1_general,546,0.016773363999897723
conditional-fit-0032,axis1_general,547,0.00057830730265495
conditional-fit-0032,axis1_general,548,0.006169979504312006
conditional-fit-0032,axis1_general,549,0.026824104083128374
conditional-fit-0032,axis1_general,550,0.002289470233643888
conditional-fit-0032,axis1_general,551,0.051029425059729426
conditional-fit-0032,axis1_general,552,0.0011312102680021774
conditional-fit-0032,axis1_general,553,0.009899025888077015
conditional-fit-0032,axis1_general,554,4.600708986957877e-05
conditional-fit-0032,axis1_general,555,0.033582662366352656
conditional-fit-0032,axis1_general,556,0.037349124353076635
conditional-fit-0032,axis1_general,557,3.3394384194454854e-05
conditional-fit-0032,axis1_general,558,0.03961156687530323
conditional-fit-0032,axis1_general,559,0.00429047359949904
conditional-fit-0032,axis1_general,560,0.0012106370047584047
conditional-fit-0032,axis1_general,561,0.012971814400943554
conditional-fit-0032,axis1_general,562,6.771926529694464e-05
conditional-fit-0032,axis1_general,563,0.000411659409769987
conditional-fit-0032,axis1_general,564,0.0002852984059681695
conditional-fit-0032,axis1_general,565,0.0003373176730937748
conditional-fit-0032,axis1_general,566,1.4665935890412136e-05
conditional-fit-0032,axis1_general,567,0.0004205270578815052
conditional-fit-0032,axis1_general,568,0.00011506048211176307
conditional-fit-0032,axis1_general,569,2.556179086167887e-06
conditional-fit-0032,axis1_general,570,0.07491300415751423
conditional-fit-0032,axis1_general,571,0.000803677108791997
conditional-fit-0032,axis1_general,572,0.00011388155112156554
conditional-fit-0032,axis1_general,573,4.482948134491792e-05
conditional-fit-0032,axis1_general,574,0.00020382265833760436
conditional-fit-0032,axis1_general,575,1.326157238058397e-05
conditional-fit-0032,axis1_general,576,8.03909226219486e-06
conditional-fit-0032,axis1_general,577,1.9863655987435666e-05
conditional-fit-0032,axis1_general,578,2.0524414297394325e-06
conditional-fit-0032,axis1_general,579,0.0002913270665899646
conditional-fit-0032,axis1_general,580,0.0009189968229311882
conditional-fit-0032,axis1_general,581,5.046224740391299e-05
conditional-fit-0032,axis1_general,582,0.0021339598011992818
conditional-fit-0032,axis1_general,583,0.00011275034524167184
conditional-fit-0032,axis1_general,584,8.6374871152463e-07
conditional-fit-0032,axis1_general,585,0.0659418475628168
conditional-fit-0032,axis1_general,586,0.0012697704087480679
conditional-fit-0032,axis1_general,587,2.1812732224734175e-05
conditional-fit-0032,axis1_general,588,0.02041525096299847
conditional-fit-0032,axis1_general,589,0.03222521261384731
conditional-fit-0032,axis1_general,590,2.34499156977632e-06
conditional-fit-0032,axis1_general,591,0.0008405799081226843
conditional-fit-0032,axis1_general,592,1.996937633177499e-05
conditional-fit-0032,axis1_general,593,0.025375825359894775
conditional-fit-0032,axis1_general,594,0.0025199424160540947
conditional-fit-0032,axis1_general,595,0.047194349187580024
conditional-fit-0032,axis1_general,596,5.705150137137137e-06
conditional-fit-0032,axis1_general,597,0.014013587739148223
conditional-fit-0032,axis1_general,598,0.0026096887727457933
conditional-fit-0032,axis1_general,599,0.011200676199563437
conditional-fit-0032,axis1_general,600,0.015815213206656173
conditional-fit-0032,axis1_general,601,0.010165174924768667
conditional-fit-0032,axis1_general,602,5.1041449351108306e-05
conditional-fit-0032,axis1_general,603,0.01983559512916721
conditional-fit-0032,axis1_general,604,0.11408076192793852
conditional-fit-0032,axis1_general,605,1.272837855699945e-06
conditional-fit-0032,axis1_general,606,0.047901407002394376
conditional-fit-0032,axis1_general,607,0.02729328765306845
conditional-fit-0032,axis1_general,608,0.000438433817558136
conditional-fit-0032,axis1_general,609,0.0015681417609420486
conditional-fit-0032,axis1_general,610,0.11613249130552605
conditional-fit-0032,axis1_general,611,0.0851205280501192
conditional-fit-0032,axis1_general,612,0.5648389672519188
conditional-fit-0032,axis1_general,613,0.002835167510440106
conditional-fit-0032,axis1_general,614,0.0009026922519158804
conditional-fit-0032,axis1_general,615,0.07016963602303222
conditional-fit-0032,axis1_general,616,0.000679853850095343
conditional-fit-0032,axis1_general,617,2.2325686133887388e-05
conditional-fit-0032,axis1_general,618,0.024704751133923314
conditional-fit-0032,axis1_general,619,3.423600927681315e-05
conditional-fit-0032,axis1_general,620,0.07077406466304659
conditional-fit-0032,axis1_general,621,0.6138431412425782
conditional-fit-0032,axis1_general,622,0.022186474195268154
conditional-fit-0032,axis1_general,623,0.002678515853760298
conditional-fit-0032,axis1_general,624,0.0025001345385553724
conditional-fit-0032,axis1_general,625,0.022693268875206174
conditional-fit-0032,axis1_general,626,0.012952237199464096
conditional-fit-0032,axis1_general,627,0.014984354236203801
conditional-fit-0032,axis1_general,628,0.03183079340399762
conditional-fit-0032,axis1_general,629,0.027225756223352108
conditional-fit-0032,axis1_general,630,6.773699775935026e-05
conditional-fit-0032,axis1_general,631,0.00963140592365901
conditional-fit-0032,axis1_general,632,0.014713672724429291
conditional-fit-0032,axis1_general,633,0.04213908809381082
conditional-fit-0032,axis1_general,634,2.1147086810778522e-05
conditional-fit-0032,axis1_general,635,0.03355400119911661
conditional-fit-0032,axis1_general,636,0.06677940261088007
conditional-fit-0032,axis1_general,637,0.09517641973944353
conditional-fit-0032,axis1_general,638,0.000112474194533844
conditional-fit-0032,axis1_general,639,0.006985333923580613
conditional-fit-0032,axis1_general,640,0.03458086980607591
conditional-fit-0032,axis1_general,641,0.07182098919385695
conditional-fit-0032,axis1_general,642,0.016230262283597953
conditional-fit-0032,axis1_general,643,1.8624516130327398e-05
conditional-fit-0032,axis1_general,644,0.031099586357274944
conditional-fit-0032,axis1_general,645,0.027301887564688095
conditional-fit-0032,axis1_general,646,1.0309484903981217e-05
conditional-fit-0032,axis1_general,647,0.028243905011590655
conditional-fit-0032,axis1_general,648,0.01789133631791366
conditional-fit-0032,axis1_general,649,0.03137821163302711
conditional-fit-0032,axis1_general,650,0.02095809734712597
conditional-fit-0032,axis1_general,651,0.020027014880046858
conditional-fit-0032,axis1_general,652,0.02342152172283146
conditional-fit-0032,axis1_general,653,1.1016391955934375e-05
conditional-fit-0032,axis1_general,654,0.0025179570317252625
conditional-fit-0032,axis1_general,655,0.007370472798821453
conditional-fit-0032,axis1_general,656,0.04681002424120113
conditional-fit-0032,axis1_general,657,0.006764443306781377
conditional-fit-0032,axis1_general,658,0.00014204548806804733
conditional-fit-0032,axis1_general,659,0.01414652626299901
conditional-fit-0032,axis1_general,660,0.023427332432525382
conditional-fit-0032,axis1_general,661,0.029188883007937445
conditional-fit-0032,axis1_general,662,0.0358222491632067
conditional-fit-0032,axis1_general,663,0.0799467179706678
conditional-fit-0032,axis1_general,664,0.03072514889660423
conditional-fit-0032,axis1_general,665,0.03914510240949068
conditional-fit-0032,axis1_general,666,0.007789760474769632
conditional-fit-0032,axis1_general,667,0.017153614609674524
conditional-fit-0032,axis1_general,668,0.06599282258267888
conditional-fit-0032,axis1_general,669,0.007890527511423898
conditional-fit-0032,axis1_general,670,0.055448497460851634
conditional-fit-0032,axis1_general,671,0.058727476867101815
conditional-fit-0032,axis1_general,672,0.03856602350453875
conditional-fit-0032,axis1_general,673,0.023523896248234755
conditional-fit-0032,axis1_general,674,9.030337064860191e-06
conditional-fit-0032,axis1_general,675,0.0003596869531190743
conditional-fit-0032,axis1_general,676,0.015735103691793647
conditional-fit-0032,axis1_general,677,0.0006531558694095574
conditional-fit-0032,axis1_general,678,0.027059579593080627
conditional-fit-0032,axis1_general,679,0.0009007327523574936
conditional-fit-0032,axis1_general,680,0.015475449166955004
conditional-fit-0032,axis1_general,681,0.008882475947143552
conditional-fit-0032,axis1_general,682,1.812930143919941e-05
conditional-fit-0032,axis1_general,683,8.413769924994162e-05
conditional-fit-0032,axis1_general,684,0.026509406009298478
conditional-fit-0032,axis1_general,685,0.000705519504620792
conditional-fit-0032,axis1_general,686,9.637914206892456e-05
conditional-fit-0032,axis1_general,687,0.01358786289803817
conditional-fit-0032,axis1_general,688,0.03334322479835713
conditional-fit-0032,axis1_general,689,0.045467049431595526
conditional-fit-0032,axis1_general,690,1.3147601960327865e-05
conditional-fit-0032,axis1_general,691,0.014357067861940234
conditional-fit-0032,axis1_general,692,0.00013908413667439206
conditional-fit-0032,axis1_general,693,0.0030736453397991036
conditional-fit-0032,axis1_general,694,0.004502103102242965
conditional-fit-0032,axis1_general,695,0.004438275851385096
conditional-fit-0032,axis1_general,696,0.012166894095279438
conditional-fit-0032,axis1_general,697,0.03812397847013489
conditional-fit-0032,axis1_general,698,0.09507359900150245
conditional-fit-0032,axis1_general,699,0.019641219453976164
conditional-fit-0032,axis1_general,700,0.0015828051287601124
conditional-fit-0032,axis1_general,701,0.0001763464884492211
conditional-fit-0032,axis1_general,702,0.023742380064257097
conditional-fit-0032,axis1_general,703,0.000345517896488254
conditional-fit-0032,axis1_general,704,0.0004315133958430723
conditional-fit-0032,axis1_general,705,0.010368655402586097
conditional-fit-0032,axis1_general,706,0.0006844711959903633
conditional-fit-0032,axis1_general,707,0.006665517680798989
conditional-fit-0032,axis1_general,708,0.022567497101833825
conditional-fit-0032,axis1_general,709,0.006144823803298189
conditional-fit-0032,axis1_general,710,0.0016303185448162932
conditional-fit-0032,axis1_general,711,1.3873781902535757e-06
conditional-fit-0032,axis1_general,712,0.011667822553724831
conditional-fit-0032,axis1_general,713,0.004076201182133799
conditional-fit-0032,axis1_general,714,0.00014603028427431867
conditional-fit-0032,axis1_general,715,0.0013330077344271708
conditional-fit-0032,axis1_general,716,0.0005229273099649834
conditional-fit-0032,axis1_general,717,0.004051264102152369
conditional-fit-0032,axis1_general,718,0.010157488296885874
conditional-fit-0032,axis1_general,719,0.0033103387568421874
conditional-fit-0032,axis1_general,720,0.00997884347865081
conditional-fit-0032,axis1_general,721,0.012728788871764495
conditional-fit-0032,axis1_general,722,0.012347999647502458
conditional-fit-0032,axis1_general,723,0.03877339487901986
conditional-fit-0032,axis1_general,724,4.4429783407909715e-06
conditional-fit-0032,axis1_general,725,0.11603302015306964
conditional-fit-0032,axis1_general,726,0.001082226980749728
conditional-fit-0032,axis1_general,727,0.010753333627927714
conditional-fit-0032,axis1_general,728,0.05933064088607037
conditional-fit-0032,axis1_general,729,0.00021562808800910374
conditional-fit-0032,axis1_general,730,3.231077126187021e-06
conditional-fit-0032,axis1_general,731,0.006582002589113876
conditional-fit-0032,axis1_general,732,0.059819493767854046
conditional-fit-0032,axis1_general,733,8.000564555632057e-06
conditional-fit-0032,axis1_general,734,0.02153972858022345
conditional-fit-0032,axis1_general,735,0.00019723716028763772
conditional-fit-0032,axis1_general,736,0.050059452768780946
conditional-fit-0032,axis1_general,737,0.04286407917917817
conditional-fit-0032,axis1_general,738,0.0765819783822744
conditional-fit-0032,axis1_general,739,0.1662595027425831
conditional-fit-0032,axis1_general,740,0.0034390513795366767
conditional-fit-0032,axis1_general,741,0.03310858290596248
conditional-fit-0032,axis1_general,742,0.019895268726603924
conditional-fit-0032,axis1_general,743,1.869179917028331e-05
conditional-fit-0032,axis1_general,744,0.03364756111258476
conditional-fit-0032,axis1_general,745,1.9837078063917518e-06
conditional-fit-0032,axis1_general,746,3.6196005454232786e-05
conditional-fit-0032,axis1_general,747,0.021301600845903424
conditional-fit-0032,axis1_general,748,0.0005701642982048815
conditional-fit-0032,axis1_general,749,0.0035336114001439257
conditional-fit-0032,axis1_general,750,0.0024374069793753022
conditional-fit-0032,axis1_general,751,0.0016678483494444764
conditional-fit-0032,axis1_general,752,0.026647719802150215
conditional-fit-0032,axis1_general,753,0.002699646263254909
conditional-fit-0032,axis1_general,754,0.011328394858165048
conditional-fit-0032,axis1_general,755,0.03315960431674433
conditional-fit-0032,axis1_general,756,0.03154418783738771
conditional-fit-0032,axis1_general,757,0.01809575413354583
conditional-fit-0032,axis1_general,758,0.03656535939690762
conditional-fit-0032,axis1_general,759,0.030115264178535717
conditional-fit-0032,axis1_general,760,0.0333730752838258
conditional-fit-0032,axis1_general,761,0.016058059432647216
conditional-fit-0032,axis1_general,762,0.0071818019646891764
conditional-fit-0032,axis1_general,763,0.022174415847531395
conditional-fit-0032,axis1_general,764,0.006219127360518349
conditional-fit-0032,axis1_general,765,0.01005266316034456
conditional-fit-0032,axis1_general,766,0.0016702605900167377
conditional-fit-0032,axis1_general,767,8.129946074087679e-05
conditional-fit-0032,axis1_general,768,4.810677986173357e-06
conditional-fit-0032,axis1_general,769,0.00027227967831220984
conditional-fit-0032,axis1_general,770,0.01912608565115014
conditional-fit-0032,axis1_general,771,0.03285024961853199
conditional-fit-0032,axis1_general,772,0.012187330236950861
conditional-fit-0032,axis1_general,773,0.007786601458495485
conditional-fit-0032,axis1_general,774,0.005091633928779876
conditional-fit-0032,axis1_general,775,0.000624766227153462
conditional-fit-0032,axis1_general,776,0.0068492385908259165
conditional-fit-0032,axis1_general,777,0.01438698133529306
conditional-fit-0032,axis1_general,778,8.949629786071179e-06
conditional-fit-0032,axis1_general,779,3.920858189732328e-06
conditional-fit-0032,axis1_general,780,2.5256917159493595e-06
conditional-fit-0032,axis1_general,781,0.00025528765768848775
conditional-fit-0032,axis1_general,782,8.563821512955416e-06
conditional-fit-0032,axis1_general,783,0.00010959453103255058
conditional-fit-0032,axis1_general,784,0.00020603711346763249
conditional-fit-0032,axis1_general,785,0.0008050140131591567
conditional-fit-0032,axis1_general,786,2.887816792658493e-05
conditional-fit-0032,axis1_general,787,0.0019793995438117263
conditional-fit-0032,axis1_general,788,0.003635887715315927
conditional-fit-0032,axis1_general,789,0.00494669334739282
conditional-fit-0032,axis1_general,790,0.00423406078584403
conditional-fit-0032,axis1_general,791,0.016078014057779273
conditional-fit-0032,axis1_general,792,0.005039203649756479
conditional-fit-0032,axis1_general,793,0.00574410607729927
conditional-fit-0032,axis1_general,794,0.021284147058354
conditional-fit-0032,axis1_general,795,0.025466065439602274
conditional-fit-0032,axis1_general,796,0.0733336316454191
conditional-fit-0032,axis1_general,797,0.014843199126687936
conditional-fit-0032,axis1_general,798,0.014694224918962837
conditional-fit-0032,axis1_general,799,0.006598962467669261
conditional-fit-0032,axis1_general,800,2.6945574989039705e-05
conditional-fit-0032,axis1_general,801,0.017601058172034993
conditional-fit-0032,axis1_general,802,0.006751699068321668
conditional-fit-0032,axis1_general,803,0.012036641230791598
conditional-fit-0032,axis1_general,804,0.0014776952192106106
conditional-fit-0032,axis1_general,805,2.8024257925308486e-05
conditional-fit-0032,axis1_general,806,8.449848675948724e-06
conditional-fit-0032,axis1_general,807,0.012021779666110283
conditional-fit-0032,axis1_general,808,0.012257105920925427
conditional-fit-0032,axis1_general,809,0.005748821928311337
conditional-fit-0032,axis1_general,810,0.0029791764892365662
conditional-fit-0032,axis1_general,811,0.03099180521088895
conditional-fit-0032,axis1_general,812,0.04401762108693488
conditional-fit-0032,axis1_general,813,0.006669161160081115
conditional-fit-0032,axis1_general,814,0.0007949282419541744
conditional-fit-0032,axis1_general,815,2.9322242271952884e-07
conditional-fit-0032,axis1_general,816,2.5010388287277124e-05
conditional-fit-0032,axis1_general,817,0.002728754454496123
conditional-fit-0032,axis1_general,818,0.0019273828392295186
conditional-fit-0032,axis1_general,819,0.0037345893209448804
conditional-fit-0032,axis1_general,820,0.02175376221888526
conditional-fit-0032,axis1_general,821,0.00549219219757537
conditional-fit-0032,axis1_general,822,0.0001262256484478911
conditional-fit-0032,axis1_general,823,0.0016455965055591649
conditional-fit-0032,axis1_general,824,0.000718262498813133
conditional-fit-0032,axis1_general,825,0.004042168845178457
conditional-fit-0032,axis1_general,826,0.000619936091288343
conditional-fit-0032,axis1_general,827,0.0116866609984424
conditional-fit-0032,axis1_general,828,0.0012454435757230202
conditional-fit-0032,axis1_general,829,0.001016269085821306
conditional-fit-0032,axis1_general,830,0.00021043414316129934
conditional-fit-0032,axis1_general,831,0.004055731899700803
conditional-fit-0032,axis1_general,832,4.2335106746324803e-07
conditional-fit-0032,axis1_general,833,0.00011056829091179987
conditional-fit-0032,axis1_general,834,0.00058599785142951
conditional-fit-0032,axis1_general,835,0.00029068924785259154
conditional-fit-0032,axis1_general,836,0.00012043063092446449
conditional-fit-0032,axis1_general,837,0.0002193928893275671
conditional-fit-0032,axis1_general,838,0.0010240380426624084
conditional-fit-0032,axis1_general,839,0.00011875434544104213
conditional-fit-0032,axis1_general,840,0.0007437933655474718
conditional-fit-0032,axis1_general,841,0.0012198308408185037
conditional-fit-0032,axis1_general,842,0.0011711645913278245
conditional-fit-0032,axis1_general,843,0.059319094914551444
conditional-fit-0032,axis1_general,844,0.000411745642558344
conditional-fit-0032,axis1_general,845,0.002413371692350437
conditional-fit-0032,axis1_general,846,0.007637140880537569
conditional-fit-0032,axis1_general,847,0.0013152487436533804
conditional-fit-0032,axis1_general,848,0.001933698758357193
conditional-fit-0032,axis1_general,849,0.008244139915616011
conditional-fit-0032,axis1_general,850,0.024712757152892218
conditional-fit-0032,axis1_general,851,8.81833257282881e-05
conditional-fit-0032,axis1_general,852,0.00999927307607866
conditional-fit-0032,axis1_general,853,0.007645253988370557
conditional-fit-0032,axis1_general,854,0.005964731465948176
conditional-fit-0032,axis1_general,855,0.005584117099017887
conditional-fit-0032,axis1_general,856,0.009385467541273795
conditional-fit-0032,axis1_general,857,0.0017443989555744545
conditional-fit-0032,axis1_general,858,0.0001399569157052478
conditional-fit-0032,axis1_general,859,0.004477322709729302
conditional-fit-0032,axis1_general,860,7.600300532773483e-05
conditional-fit-0032,axis1_general,861,0.010562426826957506
conditional-fit-0032,axis1_general,862,5.826577047019414e-05
conditional-fit-0032,axis1_general,863,9.001644878689327e-06
conditional-fit-0032,axis1_general,864,0.0006122300751112146
conditional-fit-0032,axis1_general,865,0.00043135136126675063
conditional-fit-0032,axis1_general,866,0.003949465536940609
conditional-fit-0032,axis1_general,867,0.0035767910151501617
conditional-fit-0032,axis1_general,868,9.586601465212476e-07
conditional-fit-0032,axis1_general,869,0.00010281968810579715
conditional-fit-0032,axis1_general,870,8.178593610716039e-05
conditional-fit-0032,axis1_general,871,9.326243188343645e-05
conditional-fit-0032,axis1_general,872,0.000496864798616216
conditional-fit-0032,axis1_general,873,8.088204331047478e-07
conditional-fit-0032,axis1_general,874,0.01622923845099055
conditional-fit-0032,axis1_general,875,0.00032590668666879923
conditional-fit-0032,axis1_general,876,7.028753759346996e-05
conditional-fit-0032,axis1_general,877,3.1092061606209365e-07
conditional-fit-0032,axis1_general,878,5.0292236058797054e-05
conditional-fit-0032,axis1_general,879,0.0008924237440251705
conditional-fit-0032,axis1_general,880,2.957385980684226e-05
conditional-fit-0032,axis1_general,881,2.0018700603135333e-07
conditional-fit-0032,axis1_general,882,0.000138957222421724
conditional-fit-0032,axis1_general,883,0.0003997459526734781
conditional-fit-0032,axis1_general,884,0.00017947247653463724
conditional-fit-0032,axis1_general,885,7.218593186778516e-07
conditional-fit-0032,axis1_general,886,0.0006350041105758226
conditional-fit-0032,axis1_general,887,3.4761452405896106e-06
conditional-fit-0032,axis1_general,888,4.428320499110331e-06
conditional-fit-0032,axis1_general,889,0.01347159758530506
conditional-fit-0032,axis1_general,890,0.004840430734991859
conditional-fit-0032,axis1_general,891,0.019790066161902837
conditional-fit-0032,axis1_general,892,0.0002997401781430027
conditional-fit-0032,axis1_general,893,0.007242881555363689
conditional-fit-0032,axis1_general,894,0.013285359039427914
conditional-fit-0032,axis1_general,895,0.009258087560224134
conditional-fit-0032,axis1_general,896,0.002897488717109217
conditional-fit-0032,axis1_general,897,0.00022861290464487355
conditional-fit-0032,axis1_general,898,0.00016097959298744713
conditional-fit-0032,axis1_general,899,0.003330284872732723
conditional-fit-0032,axis1_general,900,0.0008806094638403904
conditional-fit-0032,axis1_general,901,0.01585816848591028
conditional-fit-0032,axis1_general,902,0.0005728787850240529
conditional-fit-0032,axis1_general,903,0.012817615809269212
conditional-fit-0032,axis1_general,904,0.001306018004429251
conditional-fit-0032,axis1_general,905,0.0036118029439045547
conditional-fit-0032,axis1_general,906,0.009600443291827
conditional-fit-0032,axis1_general,907,2.720873040981683e-06
conditional-fit-0032,axis1_general,908,4.032446787354103e-06
conditional-fit-0032,axis1_general,909,0.028624267428570178
conditional-fit-0032,axis1_general,910,0.015454600713422827
conditional-fit-0032,axis1_general,911,1.9015894750105021e-06
conditional-fit-0032,axis1_general,912,0.010928668771430033
conditional-fit-0032,axis1_general,913,1.0066284707165534e-07
conditional-fit-0032,axis1_general,914,0.0003482567938802199
conditional-fit-0032,axis1_general,915,0.03538637881873303
conditional-fit-0032,axis1_general,916,1.2750668351861215e-05
conditional-fit-0032,axis1_general,917,0.00010874360562105354
conditional-fit-0032,axis1_general,918,0.005027178479984523
conditional-fit-0032,axis1_general,919,1.0768054447416211e-08
conditional-fit-0032,axis1_general,920,4.4095377179266e-06
conditional-fit-0032,axis1_general,921,0.00010934918682433293
conditional-fit-0032,axis1_general,922,9.318105073593139e-07
conditional-fit-0032,axis1_general,923,5.9510001183211655e-05
conditional-fit-0032,axis1_general,924,0.0008536746797687808
conditional-fit-0032,axis1_general,925,1.1446378291096161e-06
conditional-fit-0032,axis1_general,926,0.005162715562088426
conditional-fit-0032,axis1_general,927,0.015898186577389027
conditional-fit-0032,axis1_general,928,1.5405558980451613e-06
conditional-fit-0032,axis1_general,929,0.00011319643227055245
conditional-fit-0032,axis1_general,930,0.0013276706325407103
conditional-fit-0032,axis1_general,931,2.6094585200484467e-05
conditional-fit-0032,axis1_general,932,3.225559908848549e-07
conditional-fit-0032,axis1_general,933,0.05468808676367419
conditional-fit-0032,axis1_general,934,0.03716438785781339
conditional-fit-0032,axis1_general,935,2.018821375355588e-05
conditional-fit-0032,axis1_general,936,0.00017819015768267502
conditional-fit-0032,axis1_general,937,3.845914609346311e-06
conditional-fit-0032,axis1_general,938,4.548037192794423e-06
conditional-fit-0032,axis1_general,939,1.0657116781937954e-05
conditional-fit-0032,axis1_general,940,0.001924989856236885
conditional-fit-0032,axis1_general,941,9.80168954241804e-08
conditional-fit-0032,axis1_general,942,0.014440191086140395
conditional-fit-0032,axis1_general,943,0.0030959205794332777
conditional-fit-0032,axis1_general,944,2.901900130602693e-05
conditional-fit-0032,axis1_general,945,3.6837607708610225e-06
conditional-fit-0032,axis1_general,946,0.006028342369358909
conditional-fit-0032,axis1_general,947,0.008190568409710296
conditional-fit-0032,axis1_general,948,0.002482915880248489
conditional-fit-0032,axis1_general,949,1.5305382536120242e-06
conditional-fit-0032,axis1_general,950,8.938630352964462e-06
conditional-fit-0032,axis1_general,951,4.2716166923667635e-08
conditional-fit-0032,axis1_general,952,0.007234378382790521
conditional-fit-0032,axis1_general,953,9.924403482955246e-06
conditional-fit-0032,axis1_general,954,3.5401391507368748e-06
conditional-fit-0032,axis1_general,955,0.00020482435697441784
conditional-fit-0032,axis1_general,956,0.004661825087022215
conditional-fit-0032,axis1_general,957,0.0002178275711856092
conditional-fit-0032,axis1_general,958,1.0929153127460117e-05
conditional-fit-0032,axis1_general,959,2.4049246137849685e-05
conditional-fit-0032,axis1_general,960,1.1270026807366149e-05
conditional-fit-0032,axis1_general,961,0.0007919695024333012
conditional-fit-0032,axis1_general,962,1.21868938901329e-07
conditional-fit-0032,axis1_general,963,2.591417885898153e-05
conditional-fit-0032,axis1_general,964,0.00016337099359290433
conditional-fit-0032,axis1_general,965,0.00925212270468916
conditional-fit-0032,axis1_general,966,0.0011667335476402718
conditional-fit-0032,axis1_general,967,0.0010201305508538883
conditional-fit-0032,axis1_general,968,0.008053219709970895
conditional-fit-0032,axis1_general,969,0.00021006352882554452
conditional-fit-0032,axis1_general,970,0.0012701832046036693
conditional-fit-0032,axis1_general,971,0.000341372090643811
conditional-fit-0032,axis1_general,972,7.92826857853757e-06
conditional-fit-0032,axis1_general,973,1.7938774244864385e-05
conditional-fit-0032,axis1_general,974,0.000556128161830822
conditional-fit-0032,axis1_general,975,0.004901703083261113
conditional-fit-0032,axis1_general,976,1.926977804387784e-06
conditional-fit-0032,axis1_general,977,1.2640807216497805e-05
conditional-fit-0032,axis1_general,978,0.01328882440044513
conditional-fit-0032,axis1_general,979,0.003238085812426571
conditional-fit-0032,axis1_general,980,2.4417901259319104e-05
conditional-fit-0032,axis1_general,981,0.002103876309406633
conditional-fit-0032,axis1_general,982,0.000200036290073872
conditional-fit-0032,axis1_general,983,0.000660452105811539
conditional-fit-0032,axis1_general,984,0.004245170484086343
conditional-fit-0032,axis1_general,985,0.02027720489649031
conditional-fit-0032,axis1_general,986,0.016649865588404252
conditional-fit-0032,axis1_general,987,0.002893343449410106
conditional-fit-0032,axis1_general,988,0.007192667350298723
conditional-fit-0032,axis1_general,989,0.001986668847730407
conditional-fit-0032,axis1_general,990,1.129888694899419e-05
conditional-fit-0032,axis1_general,991,0.0009487183524772919
conditional-fit-0032,axis1_general,992,8.108719291838459e-06
conditional-fit-0032,axis1_general,993,0.021770852062556915
conditional-fit-0032,axis1_general,994,9.030855896314094e-06
conditional-fit-0032,axis1_general,995,0.0008694738226757382
conditional-fit-0032,axis1_general,996,1.174610037181805e-05
conditional-fit-0032,axis1_general,997,0.0031621451656539254
conditional-fit-0032,axis1_general,998,0.00022668321917817722
conditional-fit-0032,axis1_general,999,6.32905807257431e-06
conditional-fit-0032,axis1_general,1000,1.4270217992002488e-05
conditional-fit-0032,axis1_general,1001,0.0003186495473954077
conditional-fit-0032,axis1_general,1002,9.320869021100874e-06
conditional-fit-0032,axis1_general,1003,1.1368029661235787e-07
conditional-fit-0032,axis1_general,1004,8.407144532487548e-06
conditional-fit-0032,axis1_general,1005,0.003347995151445878
conditional-fit-0032,axis1_general,1006,0.024006563677086454
conditional-fit-0032,axis1_general,1007,0.000781903779307122
conditional-fit-0032,axis1_general,1008,0.0011122399310562383
conditional-fit-0032,axis1_general,1009,0.01670472715757619
conditional-fit-0032,axis1_general,1010,6.23259332201161e-05
conditional-fit-0032,axis1_general,1011,2.94740302590977e-05
conditional-fit-0032,axis1_general,1012,3.5149505736792734e-06
conditional-fit-0032,axis1_general,1013,4.385357659371646e-05
conditional-fit-0032,axis1_general,1014,0.02711861929989517
conditional-fit-0032,axis1_general,1015,0.0001086514141250798
conditional-fit-0032,axis1_general,1016,0.0018258665460347964
conditional-fit-0032,axis1_general,1017,1.1189470449494523e-05
conditional-fit-0032,axis1_general,1018,0.0003707507324986705
conditional-fit-0032,axis1_general,1019,0.0012993194884954968
conditional-fit-0032,axis1_general,1020,0.004791990724306651
conditional-fit-0032,axis1_general,1021,6.906982750766414e-05
conditional-fit-0032,axis1_general,1022,0.0003292109724155091
conditional-fit-0032,axis1_general,1023,0.0006170347252436046
conditional-fit-0032,axis1_general,1024,0.00016286790155910488
conditional-fit-0032,axis1_general,1025,2.697581386626742e-05
conditional-fit-0032,axis1_general,1026,1.5895872954665002e-05
conditional-fit-0032,axis1_general,1027,0.01136227126563908
conditional-fit-0032,axis1_general,1028,0.006281812735378103
conditional-fit-0032,axis1_general,1029,3.69629133224838e-06
conditional-fit-0032,axis1_general,1030,0.0020226324124031567
conditional-fit-0032,axis1_general,1031,9.55942330093775e-06
conditional-fit-0032,axis1_general,1032,0.008110740937585854
conditional-fit-0032,axis1_general,1033,0.004237030262655124
conditional-fit-0032,axis1_general,1034,0.003378645961389414
conditional-fit-0032,axis1_general,1035,0.007963541609794164
conditional-fit-0032,axis1_general,1036,0.00010135654866556163
conditional-fit-0032,axis1_general,1037,1.2020295672561179e-05
conditional-fit-0032,axis1_general,1038,0.01694869856031518
conditional-fit-0032,axis1_general,1039,3.100949050637545e-05
conditional-fit-0032,axis1_general,1040,0.004703628143580687
conditional-fit-0032,axis1_general,1041,0.00023002055829907174
conditional-fit-0032,axis1_general,1042,0.007826289640112935
conditional-fit-0032,axis1_general,1043,0.014552545405138109
conditional-fit-0032,axis1_general,1044,0.010534062538398715
conditional-fit-0032,axis1_general,1045,0.10461230298817999
conditional-fit-0032,axis1_general,1046,2.2786028628525235e-06
conditional-fit-0032,axis1_general,1047,0.02915129031320188
conditional-fit-0032,axis1_general,1048,0.02274207477673333
conditional-fit-0032,axis1_general,1049,5.033008748210216e-05
conditional-fit-0032,axis1_general,1050,0.03707262037367169
conditional-fit-0032,axis1_general,1051,0.008133826158376005
conditional-fit-0032,axis1_general,1052,0.03099411075977378
conditional-fit-0032,axis1_general,1053,0.01302899685760064
conditional-fit-0032,axis1_general,1054,0.0021441308519781956
conditional-fit-0032,axis1_general,1055,0.0006895583738979261
conditional-fit-0032,axis1_general,1056,1.822294081823899e-05
conditional-fit-0032,axis1_general,1057,0.00850876914264087
conditional-fit-0032,axis1_general,1058,0.0002818055864126775
conditional-fit-0032,axis1_general,1059,0.009912706145655325
conditional-fit-0032,axis1_general,1060,0.003831462897146894
conditional-fit-0032,axis1_general,1061,5.708611516971895e-07
conditional-fit-0032,axis1_general,1062,1.2081926138289042e-06
conditional-fit-0032,axis1_general,1063,0.009077839600699036
conditional-fit-0032,axis1_general,1064,0.0006085140916518611
conditional-fit-0032,axis1_general,1065,1.897416084359502e-07
conditional-fit-0032,axis1_general,1066,1.0194724086000529e-05
conditional-fit-0032,axis1_general,1067,0.015007638051695155
conditional-fit-0032,axis1_general,1068,0.0047379527143986255
conditional-fit-0032,axis1_general,1069,0.01949311945308134
conditional-fit-0032,axis1_general,1070,0.009026920230508453
conditional-fit-0032,axis1_general,1071,0.0029572332626246513
conditional-fit-0032,axis1_general,1072,0.004261378181951571
conditional-fit-0032,axis1_general,1073,0.014590774985222411
conditional-fit-0032,axis1_general,1074,5.9691577152575875e-05
conditional-fit-0032,axis1_general,1075,0.011176430926210908
conditional-fit-0032,axis1_general,1076,0.009756933091409008
conditional-fit-0032,axis1_general,1077,0.029522710948596858
conditional-fit-0032,axis1_general,1078,0.02013248274239436
conditional-fit-0032,axis1_general,1079,0.01762728688980333
conditional-fit-0032,axis1_general,1080,0.00047089598005488386
conditional-fit-0032,axis1_general,1081,0.001964795595927501
conditional-fit-0032,axis1_general,1082,0.0014128589237260344
conditional-fit-0032,axis1_general,1083,0.012346476051624065
conditional-fit-0032,axis1_general,1084,1.3940364351031845e-06
conditional-fit-0032,axis1_general,1085,0.005841455132534659
conditional-fit-0032,axis1_general,1086,0.007804501690460432
conditional-fit-0032,axis1_general,1087,0.026717570284373326
conditional-fit-0032,axis1_general,1088,0.0012511000078606208
conditional-fit-0032,axis1_general,1089,0.0019365653717996322
conditional-fit-0032,axis1_general,1090,0.005498872777506204
conditional-fit-0032,axis1_general,1091,0.020628362853025852
conditional-fit-0032,axis1_general,1092,0.0015061781700422333
conditional-fit-0032,axis1_general,1093,5.0956539202336e-05
conditional-fit-0032,axis1_general,1094,0.06500631519753174
conditional-fit-0032,axis1_general,1095,0.0008404704066494547
conditional-fit-0032,axis1_general,1096,0.00030536101173253257
conditional-fit-0032,axis1_general,1097,0.025257187283175494
conditional-fit-0032,axis1_general,1098,0.004142890237584619
conditional-fit-0032,axis1_general,1099,0.0011799475214465133
conditional-fit-0032,axis1_general,1100,0.0014898116749442556
conditional-fit-0032,axis1_general,1101,0.011538521653130178
conditional-fit-0032,axis1_general,1102,0.003434349562795924
conditional-fit-0032,axis1_general,1103,0.00259569232391352
conditional-fit-0032,axis1_general,1104,0.02390314270835811
conditional-fit-0032,axis1_general,1105,0.0007210966011856864
conditional-fit-0032,axis1_general,1106,0.01587171709268473
conditional-fit-0032,axis1_general,1107,1.9034194997014935e-05
conditional-fit-0032,axis1_general,1108,0.00037424216285601285
conditional-fit-0032,axis1_general,1109,0.04560659074838329
conditional-fit-0032,axis1_general,1110,3.1495375769335674e-05
conditional-fit-0032,axis1_general,1111,0.033175739638213506
conditional-fit-0032,axis1_general,1112,0.0019725867304823154
conditional-fit-0032,axis1_general,1113,0.00057678090387523
conditional-fit-0032,axis1_general,1114,0.014919705227875404
conditional-fit-0032,axis1_general,1115,1.6642542668628422e-05
conditional-fit-0032,axis1_general,1116,1.6079116975898392e-05
conditional-fit-0032,axis1_general,1117,0.04739313259153179
conditional-fit-0032,axis1_general,1118,1.650696096705355e-06
conditional-fit-0032,axis1_general,1119,7.3304715006369035e-06
conditional-fit-0032,axis1_general,1120,0.012148813044861137
conditional-fit-0032,axis1_general,1121,2.3463809689962348e-05
conditional-fit-0032,axis1_general,1122,0.016632330290987214
conditional-fit-0032,axis1_general,1123,0.029390781888495053
conditional-fit-0032,axis1_general,1124,0.06917908882194146
conditional-fit-0032,axis1_general,1125,0.01807859779577957
conditional-fit-0032,axis1_general,1126,0.019652445054618255
conditional-fit-0032,axis1_general,1127,0.012985394149599653
conditional-fit-0032,axis1_general,1128,0.027837046533255024
conditional-fit-0032,axis1_general,1129,0.008052923125066204
conditional-fit-0032,axis1_general,1130,0.00347470468808987
conditional-fit-0032,axis1_general,1131,0.004582995807005892
conditional-fit-0032,axis1_general,1132,0.002690021857564817
conditional-fit-0032,axis1_general,1133,0.019502630582236804
conditional-fit-0032,axis1_general,1134,8.340987669574093e-05
conditional-fit-0032,axis1_general,1135,0.015789360434051714
conditional-fit-0032,axis1_general,1136,0.17883985280988515
conditional-fit-0032,axis1_general,1137,0.01873782594753309
conditional-fit-0032,axis1_general,1138,0.00035170890934668395
conditional-fit-0032,axis1_general,1139,1.7412442717011453e-05
conditional-fit-0032,axis1_general,1140,0.004256594187338911
conditional-fit-0032,axis1_general,1141,0.001928163139727936
conditional-fit-0032,axis1_general,1142,0.0031998477117446238
conditional-fit-0032,axis1_general,1143,0.012426661476123296
conditional-fit-0032,axis1_general,1144,3.082388972291075e-05
conditional-fit-0032,axis1_general,1145,0.0030548999708931825
conditional-fit-0032,axis1_general,1146,1.222242161996204e-05
conditional-fit-0032,axis1_general,1147,0.018364637632867553
conditional-fit-0032,axis1_general,1148,0.0003141099932704021
conditional-fit-0032,axis1_general,1149,0.006394920932635998
conditional-fit-0032,axis1_general,1150,4.646187540516122e-06
conditional-fit-0032,axis1_general,1151,0.0012092964077314687
conditional-fit-0032,axis1_general,1152,0.019215865281308732
conditional-fit-0032,axis1_general,1153,0.015238638010912457
conditional-fit-0032,axis1_general,1154,0.007645721392617377
conditional-fit-0032,axis1_general,1155,2.0271606855025293e-05
conditional-fit-0032,axis1_general,1156,0.0005735836329520986
conditional-fit-0032,axis1_general,1157,0.004200953543710298
conditional-fit-0032,axis1_general,1158,0.014351580982672425
conditional-fit-0032,axis1_general,1159,0.00888975278194748
conditional-fit-0032,axis1_general,1160,0.002559430279539504
conditional-fit-0032,axis1_general,1161,0.003784487812065832
conditional-fit-0032,axis1_general,1162,0.0021329161364611942
conditional-fit-0032,axis1_general,1163,0.12417662694055233
conditional-fit-0032,axis1_general,1164,0.6216840086272617
conditional-fit-0032,axis1_general,1165,0.65945632837736
conditional-fit-0032,axis1_general,1166,0.023922783471927826
conditional-fit-0032,axis1_general,1167,0.014546039201842097
conditional-fit-0032,axis1_general,1168,0.00032702296214298144
conditional-fit-0032,axis1_general,1169,0.03395871025956727
conditional-fit-0032,axis1_general,1170,6.068195830412695e-05
conditional-fit-0032,axis1_general,1171,3.760745519043084e-05
conditional-fit-0032,axis1_general,1172,0.0361668803544405
conditional-fit-0032,axis1_general,1173,4.3102794346332934e-05
conditional-fit-0032,axis1_general,1174,0.0007078400127890807
conditional-fit-0032,axis1_general,1175,7.31472785349625e-05
conditional-fit-0032,axis1_general,1176,0.00010122785269367077
conditional-fit-0032,axis1_general,1177,0.1666124549478815
conditional-fit-0032,axis1_general,1178,0.3614942044874622
conditional-fit-0032,axis1_general,1179,0.017203205993767165
conditional-fit-0032,axis1_general,1180,0.01634387688718545
conditional-fit-0032,axis1_general,1181,0.016278826447553407
conditional-fit-0032,axis1_general,1182,0.0015139281010990908
conditional-fit-0032,axis1_general,1183,0.03880543875254942
conditional-fit-0032,axis1_general,1184,9.22000870320231e-05
conditional-fit-0032,axis1_general,1185,0.0012336745882313939
conditional-fit-0032,axis1_general,1186,9.990266978459655e-06
conditional-fit-0032,axis1_general,1187,5.256159816080746e-05
conditional-fit-0032,axis1_general,1188,0.004536741829965655
conditional-fit-0032,axis1_general,1189,6.406564857068897e-05
conditional-fit-0032,axis1_general,1190,1.0491039184312533e-05
conditional-fit-0032,axis1_general,1191,0.00015015749051639545
conditional-fit-0032,axis1_general,1192,2.523568612944396e-05
conditional-fit-0032,axis1_general,1193,0.00441500402405422
conditional-fit-0032,axis1_general,1194,0.05894441154784262
conditional-fit-0032,axis1_general,1195,0.00609760016117062
conditional-fit-0032,axis1_general,1196,0.0027484156874827822
conditional-fit-0032,axis1_general,1197,0.001390287773961104
conditional-fit-0032,axis1_general,1198,0.059696019843341414
conditional-fit-0032,axis1_general,1199,0.08303357052927418
conditional-fit-0032,axis1_general,1200,0.14316679982621952
conditional-fit-0032,axis1_general,1201,0.0027171180153646676
conditional-fit-0032,axis1_general,1202,0.003633081884379533
conditional-fit-0032,axis1_general,1203,0.002854832146240702
conditional-fit-0032,axis1_general,1204,0.0001977508020378572
conditional-fit-0032,axis1_general,1205,8.53474281067416e-05
conditional-fit-0032,axis1_general,1206,7.062135216977763e-06
conditional-fit-0032,axis1_general,1207,0.008779707045452338
conditional-fit-0032,axis1_general,1208,0.00022603321838483503
conditional-fit-0032,axis1_general,1209,0.05026120479705383
conditional-fit-0032,axis1_general,1210,0.05093462107508383
conditional-fit-0032,axis1_general,1211,0.0049575346890637015
conditional-fit-0032,axis1_general,1212,0.02366572363298511
conditional-fit-0032,axis1_general,1213,0.0024874122113697265
conditional-fit-0032,axis1_general,1214,0.004210733954986929
conditional-fit-0032,axis1_general,1215,0.0003397603096709495
conditional-fit-0032,axis1_general,1216,0.004574485114470743
conditional-fit-0032,axis1_general,1217,0.013632220644531694
conditional-fit-0032,axis1_general,1218,0.008241989642783273
conditional-fit-0032,axis1_general,1219,0.00654886040114548
conditional-fit-0032,axis1_general,1220,0.1223442116769676
conditional-fit-0032,axis1_general,1221,0.011742373331204738
conditional-fit-0032,axis1_general,1222,0.00017163169052197215
conditional-fit-0032,axis1_general,1223,0.044447588782720746
conditional-fit-0032,axis1_general,1224,0.027695802186285638
conditional-fit-0032,axis1_general,1225,0.005268508932076476
conditional-fit-0032,axis1_general,1226,0.009297730467634546
conditional-fit-0032,axis1_general,1227,5.0132168806348064e-05
conditional-fit-0032,axis1_general,1228,7.628376043361252e-06
conditional-fit-0032,axis1_general,1229,1.0759890854520947e-05
conditional-fit-0032,axis1_general,1230,2.2770068293118145e-06
conditional-fit-0032,axis1_general,1231,0.02656004654535271
conditional-fit-0032,axis1_general,1232,0.005759180367829759
conditional-fit-0032,axis1_general,1233,0.02179273558695969
conditional-fit-0032,axis1_general,1234,3.2716900605365955e-05
conditional-fit-0032,axis1_general,1235,0.0012484979002549343
conditional-fit-0032,axis1_general,1236,0.013735079151052786
conditional-fit-0032,axis1_general,1237,0.0014753851491943197
conditional-fit-0032,axis1_general,1238,0.01832259920821836
conditional-fit-0032,axis1_general,1239,5.305404997696713e-06
conditional-fit-0032,axis1_general,1240,0.027634073018651853
conditional-fit-0032,axis1_general,1241,0.1063634850986797
conditional-fit-0032,axis1_general,1242,0.0005704599555186665
conditional-fit-0032,axis1_general,1243,0.0038295463566925345
conditional-fit-0032,axis1_general,1244,1.5564843892157782e-05
conditional-fit-0032,axis1_general,1245,0.0015440763892069192
conditional-fit-0032,axis1_general,1246,6.634784675036863e-06
conditional-fit-0032,axis1_general,1247,1.5372541794998603e-05
conditional-fit-0032,axis1_general,1248,0.0004949641625677273
conditional-fit-0032,axis1_general,1249,1.0337458428671371e-05
conditional-fit-0032,axis1_general,1250,0.000188167031346224
conditional-fit-0032,axis1_general,1251,1.1027550907479635e-06
conditional-fit-0032,axis1_general,1252,7.460183572744869e-06
conditional-fit-0032,axis1_general,1253,0.04400587472811408
conditional-fit-0032,axis1_general,1254,0.06978142699207789
conditional-fit-0032,axis1_general,1255,0.01399035799830358
conditional-fit-0032,axis1_general,1256,0.011248329632788344
conditional-fit-0032,axis1_general,1257,0.020197535783765205
conditional-fit-0032,axis1_general,1258,0.0015538932426798664
conditional-fit-0032,axis1_general,1259,0.020695135322338094
conditional-fit-0032,axis1_general,1260,0.000559103385081238
conditional-fit-0032,axis1_general,1261,0.03499540140842869
conditional-fit-0032,axis1_general,1262,0.10475741664164566
conditional-fit-0032,axis1_general,1263,0.07590863738371219
conditional-fit-0032,axis1_general,1264,0.013103599844339495
conditional-fit-0032,axis1_general,1265,5.3764155283954165e-06
conditional-fit-0032,axis1_general,1266,4.583915200959928e-05
conditional-fit-0032,axis1_general,1267,4.768849732799933e-07
conditional-fit-0032,axis1_general,1268,1.25727335365682e-06
conditional-fit-0032,axis1_general,1269,0.0005113141071774661
conditional-fit-0032,axis1_general,1270,2.7191641824345642e-05
conditional-fit-0032,axis1_general,1271,7.586872021198488e-06
conditional-fit-0032,axis1_general,1272,6.7194731912272476e-06
conditional-fit-0032,axis1_general,1273,2.3801183757370027e-06
conditional-fit-0032,axis1_general,1274,0.0005185813445005678
conditional-fit-0032,axis1_general,1275,0.006838872784553597
conditional-fit-0032,axis1_general,1276,9.22784326141045e-05
conditional-fit-0032,axis1_general,1277,0.002985639721943584
conditional-fit-0032,axis1_general,1278,0.008556254505874293
conditional-fit-0032,axis1_general,1279,0.00037484057234436817
conditional-fit-0032,axis1_general,1280,2.4583667182311844e-05
conditional-fit-0032,axis1_general,1281,0.0037425592716154705
conditional-fit-0032,axis1_general,1282,0.005207003007246094
conditional-fit-0032,axis1_general,1283,1.1810182147818537e-05
conditional-fit-0032,axis1_general,1284,5.56745363732605e-06
conditional-fit-0032,axis1_general,1285,0.0002804409480818911
conditional-fit-0032,axis1_general,1286,0.02138740145489657
conditional-fit-0032,axis1_general,1287,0.0002059512691323926
conditional-fit-0032,axis1_general,1288,0.0015500286877759466
conditional-fit-0032,axis1_general,1289,0.012579181490819845
conditional-fit-0032,axis1_general,1290,1.334808219548878e-05
conditional-fit-0032,axis1_general,1291,1.7725500919706458e-05
conditional-fit-0032,axis1_general,1292,0.004197963984745624
conditional-fit-0032,axis1_general,1293,0.005705326810049123
conditional-fit-0032,axis1_general,1294,0.061591543171069435
conditional-fit-0032,axis1_general,1295,0.008967122586864539
conditional-fit-0032,axis1_general,1296,0.002004811533602901
conditional-fit-0032,axis1_general,1297,0.00033616837826066934
conditional-fit-0032,axis1_general,1298,0.0021837071804989778
conditional-fit-0032,axis1_general,1299,5.670469468513211e-05
conditional-fit-0032,axis1_general,1300,0.0019424550872587307
conditional-fit-0032,axis1_general,1301,9.069481881104137e-05
conditional-fit-0032,axis1_general,1302,9.956141170105165e-06
conditional-fit-0032,axis1_general,1303,3.220657173573438e-05
conditional-fit-0032,axis1_general,1304,0.005794264947168299
conditional-fit-0032,axis1_general,1305,0.0014400612371352304
conditional-fit-0032,axis1_general,1306,0.06557826139110547
conditional-fit-0032,axis1_general,1307,0.005771362658723157
conditional-fit-0032,axis1_general,1308,0.0005513542297524408
conditional-fit-0032,axis1_general,1309,0.005224867092433254
conditional-fit-0032,axis1_general,1310,0.05786268104015918
conditional-fit-0032,axis1_general,1311,0.0014310026041453143
conditional-fit-0032,axis1_general,1312,0.0015704791170318986
conditional-fit-0032,axis1_general,1313,0.022429090263943855
conditional-fit-0032,axis1_general,1314,0.021261709701692603
conditional-fit-0032,axis1_general,1315,3.6485352313554416e-05
conditional-fit-0032,axis1_general,1316,0.0005426014259857332
conditional-fit-0032,axis1_general,1317,0.014972847129539096
conditional-fit-0032,axis1_general,1318,0.031374380194173546
conditional-fit-0032,axis1_general,1319,0.00994475973112867
conditional-fit-0032,axis1_general,1320,2.809453218643427e-06
conditional-fit-0032,axis1_general,1321,0.00785795450930455
conditional-fit-0032,axis1_general,1322,0.0022274065199323844
conditional-fit-0032,axis1_general,1323,0.016132147638012996
conditional-fit-0032,axis1_general,1324,0.0020250455497318434
conditional-fit-0032,axis1_general,1325,0.013873050594759717
conditional-fit-0032,axis1_general,1326,0.003093526837450857
conditional-fit-0032,axis1_general,1327,0.017423952941061242
conditional-fit-0032,axis1_general,1328,0.0030350486307624477
conditional-fit-0032,axis1_general,1329,0.0009581435389890753
conditional-fit-0032,axis1_general,1330,0.00030935825235281576
conditional-fit-0032,axis1_general,1331,0.012572739285086811
conditional-fit-0032,axis1_general,1332,0.01590600959654572
conditional-fit-0032,axis1_general,1333,0.001997360056440141
conditional-fit-0032,axis1_general,1334,0.0007897248568085598
conditional-fit-0032,axis1_general,1335,0.003516491445382963
conditional-fit-0032,axis1_general,1336,0.011944830138649092
conditional-fit-0032,axis1_general,1337,0.02226152445941843
conditional-fit-0032,axis1_general,1338,0.00167631343799654
conditional-fit-0032,axis1_general,1339,0.0094429432791748
conditional-fit-0032,axis1_general,1340,2.3069251349982603e-06
conditional-fit-0032,axis1_general,1341,0.00011964854474845484
conditional-fit-0032,axis1_general,1342,0.014360974944421921
conditional-fit-0032,axis1_general,1343,0.004427227173492445
conditional-fit-0032,axis1_general,1344,5.405003980518641e-05
conditional-fit-0032,axis1_general,1345,2.391260114830432e-06
conditional-fit-0032,axis1_general,1346,9.795100720299099e-06
conditional-fit-0032,axis1_general,1347,5.239399080964041e-06
conditional-fit-0032,axis1_general,1348,0.003833765805995601
conditional-fit-0032,axis1_general,1349,6.839957229307116e-05
conditional-fit-0032,axis1_general,1350,4.7743122244510636e-05
conditional-fit-0032,axis1_general,1351,0.004002652306712385
conditional-fit-0032,axis1_general,1352,0.0002730924716983999
conditional-fit-0032,axis1_general,1353,0.010803338871075548
conditional-fit-0032,axis1_general,1354,0.01776324029981649
conditional-fit-0032,axis1_general,1355,0.006935084187557255
conditional-fit-0032,axis1_general,1356,0.0002727020051321845
conditional-fit-0032,axis1_general,1357,7.60721438524385e-07
conditional-fit-0032,axis1_general,1358,0.015607485822178455
conditional-fit-0032,axis1_general,1359,0.001732538966667566
conditional-fit-0032,axis1_general,1360,0.00038917263383419056
conditional-fit-0032,axis1_general,1361,0.002192838835307305
conditional-fit-0032,axis1_general,1362,0.0036848442237636322
conditional-fit-0032,axis1_general,1363,0.001865085489247124
conditional-fit-0032,axis1_general,1364,0.004878725488535048
conditional-fit-0032,axis1_general,1365,6.452797245266629e-05
conditional-fit-0032,axis1_general,1366,0.0002307320240995439
conditional-fit-0032,axis1_general,1367,0.011169675019158082
conditional-fit-0032,axis1_general,1368,0.02104036401256311
conditional-fit-0032,axis1_general,1369,0.00028748824794290354
conditional-fit-0032,axis1_general,1370,0.0006670750813326365
conditional-fit-0032,axis1_general,1371,2.0186266159236936e-05
conditional-fit-0032,axis1_general,1372,0.005954494557897597
conditional-fit-0032,axis1_general,1373,0.00729889568896014
conditional-fit-0032,axis1_general,1374,2.568432388797675e-06
conditional-fit-0032,axis1_general,1375,2.4795517090519887e-05
conditional-fit-0032,axis1_general,1376,0.009885962402678436
conditional-fit-0032,axis1_general,1377,0.0004858284466020442
conditional-fit-0032,axis1_general,1378,0.0003705509604134509
conditional-fit-0032,axis1_general,1379,0.004855344423800364
conditional-fit-0032,axis1_general,1380,0.0031801300867932442
conditional-fit-0032,axis1_general,1381,0.005886749922593651
conditional-fit-0032,axis1_general,1382,1.2800400004646572e-05
conditional-fit-0032,axis1_general,1383,0.0021822316427937203
conditional-fit-0032,axis1_general,1384,0.00857030702986257
conditional-fit-0032,axis1_general,1385,0.0013426339394649396
conditional-fit-0032,axis1_general,1386,0.0003791636822858385
conditional-fit-0032,axis1_general,1387,0.03880477571532741
conditional-fit-0032,axis1_general,1388,6.285155175587272e-05
conditional-fit-0032,axis1_general,1389,0.0016587475554469462
conditional-fit-0032,axis1_general,1390,5.848197405764205e-06
conditional-fit-0032,axis1_general,1391,6.493193428488072e-05
conditional-fit-0032,axis1_general,1392,1.7243472759538038e-06
conditional-fit-0032,axis1_general,1393,4.457453080492683e-06
conditional-fit-0032,axis1_general,1394,0.0006680467205255676
conditional-fit-0032,axis1_general,1395,2.117203524332106e-05
conditional-fit-0032,axis1_general,1396,3.094540148105538e-06
conditional-fit-0032,axis1_general,1397,9.234603046420261e-07
conditional-fit-0032,axis1_general,1398,7.40618813832548e-05
conditional-fit-0032,axis1_general,1399,0.002574955229019714
conditional-fit-0032,axis1_general,1400,0.03482895992058605
conditional-fit-0032,axis1_general,1401,0.003471493286625181
conditional-fit-0032,axis1_general,1402,0.0422118466448956
conditional-fit-0032,axis1_general,1403,0.009963051762505656
conditional-fit-0032,axis1_general,1404,0.03288212484455162
conditional-fit-0032,axis1_general,1405,0.01261383353060386
conditional-fit-0032,axis1_general,1406,0.011400094867819822
conditional-fit-0032,axis1_general,1407,0.041373716267739495
conditional-fit-0032,axis1_general,1408,0.023842373615775247
conditional-fit-0032,axis1_general,1409,0.026460883296978047
conditional-fit-0032,axis1_general,1410,0.016880262758931498
conditional-fit-0032,axis1_general,1411,0.003322977263226339
conditional-fit-0032,axis1_general,1412,0.015896434238085927
conditional-fit-0032,axis1_general,1413,2.3272488025913338e-05
conditional-fit-0032,axis1_general,1414,2.2774278771047173e-05
conditional-fit-0032,axis1_general,1415,2.2369082565920748e-06
conditional-fit-0032,axis1_general,1416,3.0131942639714895e-05
conditional-fit-0032,axis1_general,1417,0.0009719335806957309
conditional-fit-0032,axis1_general,1418,9.15315936425399e-05
conditional-fit-0032,axis1_general,1419,1.3787462932069948e-05
conditional-fit-0032,axis1_general,1420,1.032144776763018e-06
conditional-fit-0032,axis1_general,1421,3.1071812361201976e-06
conditional-fit-0032,axis1_general,1422,0.00023089434420441612
conditional-fit-0032,axis1_general,1423,0.012797348576685841
conditional-fit-0032,axis1_general,1424,0.01726507068085141
conditional-fit-0032,axis1_general,1425,0.0013856348516862204
conditional-fit-0032,axis1_general,1426,7.262799746095823e-05
conditional-fit-0032,axis1_general,1427,0.000991010222814535
conditional-fit-0032,axis1_general,1428,0.0015947411191297107
conditional-fit-0032,axis1_general,1429,1.952041257297467e-05
conditional-fit-0032,axis1_general,1430,0.007620766961331433
conditional-fit-0032,axis1_general,1431,0.002123739609601501
conditional-fit-0032,axis1_general,1432,4.942363037044347e-05
conditional-fit-0032,axis1_general,1433,0.006687358361181771
conditional-fit-0032,axis1_general,1434,0.02332727371429265
conditional-fit-0032,axis1_general,1435,0.0005754247729143452
conditional-fit-0032,axis1_general,1436,0.00012272159887342704
conditional-fit-0032,axis1_general,1437,0.0011137765758944206
conditional-fit-0032,axis1_general,1438,0.009736255811869987
conditional-fit-0032,axis1_general,1439,0.0013141803095165444
conditional-fit-0032,axis1_general,1440,0.05404365337121393
conditional-fit-0032,axis1_general,1441,0.02779787676905241
conditional-fit-0032,axis1_general,1442,0.0221679958392866
conditional-fit-0032,axis1_general,1443,0.0008653725336504562
conditional-fit-0032,axis1_general,1444,0.008916131746606087
conditional-fit-0032,axis1_general,1445,0.009923070028928418
conditional-fit-0032,axis1_general,1446,0.05247820506980975
conditional-fit-0032,axis1_general,1447,0.03228947326299704
conditional-fit-0032,axis1_general,1448,0.1600896249169585
conditional-fit-0032,axis1_general,1449,0.010135421846107249
conditional-fit-0032,axis1_general,1450,0.00011614464746941586
conditional-fit-0032,axis1_general,1451,0.00879024634020665
conditional-fit-0032,axis1_general,1452,0.0007310204860957517
conditional-fit-0032,axis1_general,1453,0.0017423955842062154
conditional-fit-0032,axis1_general,1454,0.032441108897527896
conditional-fit-0032,axis1_general,1455,0.0029896005309221346
conditional-fit-0032,axis1_general,1456,0.005773360812186794
conditional-fit-0032,axis1_general,1457,0.0036981850407272385
conditional-fit-0032,axis1_general,1458,0.005376901819414158
conditional-fit-0032,axis1_general,1459,0.009429644659791304
conditional-fit-0032,axis1_general,1460,0.033158506213092534
conditional-fit-0032,axis1_general,1461,0.013271644783847035
conditional-fit-0032,axis1_general,1462,0.009900676685443935
conditional-fit-0032,axis1_general,1463,0.017434735730258735
conditional-fit-0032,axis1_general,1464,5.128757304153069e-05
conditional-fit-0032,axis1_general,1465,0.0010505886145482774
conditional-fit-0032,axis1_general,1466,0.002434436475754108
conditional-fit-0032,axis1_general,1467,0.004404565950854157
conditional-fit-0032,axis1_general,1468,0.03096416865313297
conditional-fit-0032,axis1_general,1469,0.0073736564776533415
conditional-fit-0032,axis1_general,1470,0.003383630849776887
conditional-fit-0032,axis1_general,1471,0.00764230807093033
conditional-fit-0032,axis1_general,1472,0.0003022137390816867
conditional-fit-0032,axis1_general,1473,1.3432464398835553e-05
conditional-fit-0032,axis1_general,1474,1.4226372541348248e-05
conditional-fit-0032,axis1_general,1475,0.011649189624164473
conditional-fit-0032,axis1_general,1476,0.021090308848310542
conditional-fit-0032,axis1_general,1477,0.00578749453817953
conditional-fit-0032,axis1_general,1478,0.0008287420869044048
conditional-fit-0032,axis1_general,1479,5.2081264959816686e-05
conditional-fit-0032,axis1_general,1480,2.2148547866103706e-05
conditional-fit-0032,axis1_general,1481,0.001672912017636755
conditional-fit-0032,axis1_general,1482,0.025680494065588866
conditional-fit-0032,axis1_general,1483,0.011642464322830004
conditional-fit-0032,axis1_general,1484,0.045288399317859517
conditional-fit-0032,axis1_general,1485,0.0005034086878656046
conditional-fit-0032,axis1_general,1486,3.0352435454207903e-05
conditional-fit-0032,axis1_general,1487,0.004876742329698722
conditional-fit-0032,axis1_general,1488,1.3648476014185096e-05
conditional-fit-0032,axis1_general,1489,0.00011900798726506437
conditional-fit-0032,axis1_general,1490,0.007302453602096987
conditional-fit-0032,axis1_general,1491,0.0050592261231439985
conditional-fit-0032,axis1_general,1492,0.0026278783830217477
conditional-fit-0032,axis1_general,1493,0.003106304035233789
conditional-fit-0032,axis1_general,1494,4.2364141082598325e-05
conditional-fit-0032,axis1_general,1495,0.011705114675755423
conditional-fit-0032,axis1_general,1496,0.0025169054027617327
conditional-fit-0032,axis1_general,1497,2.7976646412051725e-05
conditional-fit-0032,axis1_general,1498,0.0013122057904373834
conditional-fit-0032,axis1_general,1499,5.920304049734245e-06
conditional-fit-0032,axis1_general,1500,0.0027784717978035466
conditional-fit-0032,axis1_general,1501,0.01127626060679219
conditional-fit-0032,axis1_general,1502,0.004359930325170895
conditional-fit-0032,axis1_general,1503,0.0004304059888983573
conditional-fit-0032,axis1_general,1504,0.004246283479458893
conditional-fit-0032,axis1_general,1505,0.019814338225426293
conditional-fit-0032,axis1_general,1506,0.004334502775411411
conditional-fit-0032,axis1_general,1507,0.00014549803220451258
conditional-fit-0032,axis1_general,1508,0.017748066948354405
conditional-fit-0032,axis1_general,1509,5.856772240523907e-06
conditional-fit-0032,axis1_general,1510,0.0009136382312981105
conditional-fit-0032,axis1_general,1511,0.0014032473477211711
conditional-fit-0032,axis1_general,1512,0.0024208798813978513
conditional-fit-0032,axis1_general,1513,7.812894187591646e-05
conditional-fit-0032,axis1_general,1514,0.002783498689632024
conditional-fit-0032,axis1_general,1515,0.0030660986580623825
conditional-fit-0032,axis1_general,1516,0.025484221708836033
conditional-fit-0032,axis1_general,1517,0.00016047817276127895
conditional-fit-0032,axis1_general,1518,0.00013325518043130912
conditional-fit-0032,axis1_general,1519,7.243074454991568e-05
conditional-fit-0032,axis1_general,1520,0.0001030971266678951
conditional-fit-0032,axis1_general,1521,0.00091560120143262
conditional-fit-0032,axis1_general,1522,0.009361233739131095
conditional-fit-0032,axis1_general,1523,0.0023576688035463903
conditional-fit-0032,axis1_general,1524,0.0003804101774508915
conditional-fit-0032,axis1_general,1525,0.0001506159869079012
conditional-fit-0032,axis1_general,1526,0.005272637164569928
conditional-fit-0032,axis1_general,1527,1.1487199920190256e-06
conditional-fit-0032,axis1_general,1528,0.00042233715808192294
conditional-fit-0032,axis1_general,1529,0.0006097253981600364
conditional-fit-0032,axis1_general,1530,0.00021443278420232552
conditional-fit-0032,axis1_general,1531,0.0004089167667435964
conditional-fit-0032,axis1_general,1532,0.0004166711564019465
conditional-fit-0032,axis1_general,1533,9.394949553150121e-05
conditional-fit-0032,axis1_general,1534,1.356933169332815e-05
conditional-fit-0032,axis1_general,1535,6.328227351220213e-05
conditional-fit-0032,axis1_general,1536,0.0030332114402520853
conditional-fit-0032,axis1_general,1537,0.015055314113696316
conditional-fit-0032,axis1_general,1538,1.2792213443919537e-05
conditional-fit-0032,axis1_general,1539,0.022482606979440878
conditional-fit-0032,axis1_general,1540,8.696692287862189e-05
conditional-fit-0032,axis1_general,1541,0.0007335616924077492
conditional-fit-0032,axis1_general,1542,0.014198859230137466
conditional-fit-0032,axis1_general,1543,5.774879707558985e-06
conditional-fit-0032,axis1_general,1544,0.0037845012006409943
conditional-fit-0032,axis1_general,1545,0.009481160472735452
conditional-fit-0032,axis1_general,1546,0.0014216521958202695
conditional-fit-0032,axis1_general,1547,0.0005355295325512755
conditional-fit-0032,axis1_general,1548,5.666794428731785e-07
conditional-fit-0032,axis1_general,1549,7.805935000179649e-05
conditional-fit-0032,axis1_general,1550,0.00010824556129257158
conditional-fit-0032,axis1_general,1551,0.0005036836909606573
conditional-fit-0032,axis1_general,1552,0.0019462834499514568
conditional-fit-0032,axis1_general,1553,0.00022532803981987267
conditional-fit-0032,axis1_general,1554,6.915374038013125e-05
conditional-fit-0032,axis1_general,1555,1.431055744757859e-05
conditional-fit-0032,axis1_general,1556,0.000499686256191064
conditional-fit-0032,axis1_general,1557,6.38340917062103e-05
conditional-fit-0032,axis1_general,1558,0.0003978893561392718
conditional-fit-0032,axis1_general,1559,4.186165157677759e-05
conditional-fit-0032,axis1_general,1560,8.493101656304453e-06
conditional-fit-0032,axis1_general,1561,0.001020264170779427
conditional-fit-0032,axis1_general,1562,1.5052531659357864e-06
conditional-fit-0032,axis1_general,1563,6.176641334178403e-07
conditional-fit-0032,axis1_general,1564,3.0619679396952933e-06
conditional-fit-0032,axis1_general,1565,4.348772689741985e-05
conditional-fit-0032,axis1_general,1566,4.606783103988653e-05
conditional-fit-0032,axis1_general,1567,0.00013866597722743217
conditional-fit-0032,axis1_general,1568,1.3366277884568786e-06
conditional-fit-0032,axis1_general,1569,1.1664789663407758e-05
conditional-fit-0032,axis1_general,1570,3.5270931354513668e-06
conditional-fit-0032,axis1_general,1571,8.986754402943694e-05
conditional-fit-0032,axis1_general,1572,0.0006279219674200681
conditional-fit-0032,axis1_general,1573,0.0007610490255464695
conditional-fit-0032,axis1_general,1574,0.004891183515100504
conditional-fit-0032,axis1_general,1575,0.017907943179335126
conditional-fit-0032,axis1_general,1576,0.009090587058422606
conditional-fit-0032,axis1_general,1577,6.233897678142834e-06
conditional-fit-0032,axis1_general,1578,0.0003278226888525186
conditional-fit-0032,axis1_general,1579,0.0005396976215111832
conditional-fit-0032,axis1_general,1580,0.00043191937232761677
conditional-fit-0032,axis1_general,1581,0.00425270955767269
conditional-fit-0032,axis1_general,1582,0.007454922658842384
conditional-fit-0032,axis1_general,1583,0.000832742369198609
conditional-fit-0032,axis1_general,1584,0.0007750687577931308
conditional-fit-0032,axis1_general,1585,0.002772871123852019
conditional-fit-0032,axis1_general,1586,0.017446840047171033
conditional-fit-0032,axis1_general,1587,0.011427413257056304
conditional-fit-0032,axis1_general,1588,0.0005574477852016794
conditional-fit-0032,axis1_general,1589,0.052310174337413466
conditional-fit-0032,axis1_general,1590,0.004212447821554371
conditional-fit-0032,axis1_general,1591,0.011922574182564061
conditional-fit-0032,axis1_general,1592,0.011608914909358
conditional-fit-0032,axis1_general,1593,0.0036987958611356918
conditional-fit-0032,axis1_general,1594,0.0035254287306800357
conditional-fit-0032,axis1_general,1595,0.00021440774183393565
conditional-fit-0032,axis1_general,1596,0.010901272941384793
conditional-fit-0032,axis1_general,1597,0.0020346342111667724
conditional-fit-0032,axis1_general,1598,0.00867760653792227
conditional-fit-0032,axis1_general,1599,2.0852053230318983e-06
conditional-fit-0032,axis1_general,1600,0.0018316389848286683
conditional-fit-0032,axis1_general,1601,0.0031697367505802414
conditional-fit-0032,axis1_general,1602,0.019936122624085176
conditional-fit-0032,axis1_general,1603,0.012230160025310709
conditional-fit-0032,axis1_general,1604,0.0019544478048708416
conditional-fit-0032,axis1_general,1605,0.03783757051526946
conditional-fit-0032,axis1_general,1606,0.020922424485847285
conditional-fit-0032,axis1_general,1607,0.0107388319861366
conditional-fit-0032,axis1_general,1608,0.005221882153995515
conditional-fit-0032,axis1_general,1609,4.883433308155563e-06
conditional-fit-0032,axis1_general,1610,9.825066425801178e-06
conditional-fit-0032,axis1_general,1611,8.454084943102559e-07
conditional-fit-0032,axis1_general,1612,9.120297192728118e-05
conditional-fit-0032,axis1_general,1613,0.008955698856675616
conditional-fit-0032,axis1_general,1614,0.0010083876350189846
conditional-fit-0032,axis1_general,1615,0.0007101331864697204
conditional-fit-0032,axis1_general,1616,0.004354462183110416
conditional-fit-0032,axis1_general,1617,0.02381952807105491
conditional-fit-0032,axis1_general,1618,0.0183594397323067
conditional-fit-0032,axis1_general,1619,0.0016000775000392941
conditional-fit-0032,axis1_general,1620,0.0004087890473988584
conditional-fit-0032,axis1_general,1621,6.544886296174318e-05
conditional-fit-0032,axis1_general,1622,0.0002472033338971626
conditional-fit-0032,axis1_general,1623,6.224964396073542e-05
conditional-fit-0032,axis1_general,1624,0.001081749624134494
conditional-fit-0032,axis1_general,1625,1.09392637966618e-06
conditional-fit-0032,axis1_general,1626,1.077722337693486e-05
conditional-fit-0032,axis1_general,1627,1.9050970638126165e-05
conditional-fit-0032,axis1_general,1628,0.0020030496520857186
conditional-fit-0032,axis1_general,1629,0.0001782728611109852
conditional-fit-0032,axis1_general,1630,0.012214208421162087
conditional-fit-0032,axis1_general,1631,7.36907617272419e-05
conditional-fit-0032,axis1_general,1632,2.336450967087031e-06
conditional-fit-0032,axis1_general,1633,7.999290281980628e-07
conditional-fit-0032,axis1_general,1634,0.000927727773773665
conditional-fit-0032,axis1_general,1635,0.007938998483750133
conditional-fit-0032,axis1_general,1636,0.00014006233723146732
conditional-fit-0032,axis1_general,1637,0.00011780848747253939
conditional-fit-0032,axis1_general,1638,0.0166356536600909
conditional-fit-0032,axis1_general,1639,8.507847707473409e-06
conditional-fit-0032,axis1_general,1640,3.8881525738299625e-05
conditional-fit-0032,axis1_general,1641,0.0011222499404644373
conditional-fit-0032,axis1_general,1642,0.002773734766329458
conditional-fit-0032,axis1_general,1643,0.0008860621719503029
conditional-fit-0032,axis1_general,1644,0.0016952701870575956
conditional-fit-0032,axis1_general,1645,0.0001506976077361659
conditional-fit-0032,axis1_general,1646,0.00017130012238748328
conditional-fit-0032,axis1_general,1647,1.630032648909134e-05
conditional-fit-0032,axis1_general,1648,0.007420504421491482
conditional-fit-0032,axis1_general,1649,0.02037468391450599
conditional-fit-0032,axis1_general,1650,0.005513863926594746
conditional-fit-0032,axis1_general,1651,8.571369302560005e-06
conditional-fit-0032,axis1_general,1652,0.000902643844610927
conditional-fit-0032,axis1_general,1653,7.743535192414513e-07
conditional-fit-0032,axis1_general,1654,2.6437487358796743e-06
conditional-fit-0032,axis1_general,1655,5.420269331076156e-08
conditional-fit-0032,axis1_general,1656,0.0003470961329124541
conditional-fit-0032,axis1_general,1657,0.0004378656499563508
conditional-fit-0032,axis1_general,1658,5.095705758499115e-06
conditional-fit-0032,axis1_general,1659,4.315169820854473e-05
conditional-fit-0032,axis1_general,1660,5.3017284419246575e-05
conditional-fit-0032,axis1_general,1661,0.016924381401662636
conditional-fit-0032,axis1_general,1662,4.390729435470987e-06
conditional-fit-0032,axis1_general,1663,8.930738815191639e-05
conditional-fit-0032,axis1_general,1664,4.384014496702012e-05
conditional-fit-0032,axis1_general,1665,0.0007297436568607168
conditional-fit-0032,axis1_general,1666,0.007694095046031711
conditional-fit-0032,axis1_general,1667,0.012819755146974705
conditional-fit-0032,axis1_general,1668,0.015038717400604267
conditional-fit-0032,axis1_general,1669,0.00045076198920204367
conditional-fit-0032,axis1_general,1670,5.578484260947329e-05
conditional-fit-0032,axis1_general,1671,0.013083614725931142
conditional-fit-0032,axis1_general,1672,0.000802658413345306
conditional-fit-0032,axis1_general,1673,0.000727354714984791
conditional-fit-0032,axis1_general,1674,0.003945448258495401
conditional-fit-0032,axis1_general,1675,0.0013878054963547479
conditional-fit-0032,axis1_general,1676,0.006314674176158601
conditional-fit-0032,axis1_general,1677,0.036686024376495346
conditional-fit-0032,axis1_general,1678,0.012418767537564962
conditional-fit-0032,axis1_general,1679,0.0020810440738163456
conditional-fit-0032,axis1_general,1680,0.00010057283947363801
conditional-fit-0032,axis1_general,1681,1.5066174791928975e-05
conditional-fit-0032,axis1_general,1682,1.0730382712643857e-05
conditional-fit-0032,axis1_general,1683,1.8291068240711325e-05
conditional-fit-0032,axis1_general,1684,0.00040173471108757776
conditional-fit-0032,axis1_general,1685,1.7377740311425697e-05
conditional-fit-0032,axis1_general,1686,1.852252694485215e-06
conditional-fit-0032,axis1_general,1687,3.648102307726825e-05
conditional-fit-0032,axis1_general,1688,0.0005584457363251045
conditional-fit-0032,axis1_general,1689,0.0004517026300150939
conditional-fit-0032,axis1_general,1690,0.06421703025867175
conditional-fit-0032,axis1_general,1691,0.02103476814548505
conditional-fit-0032,axis1_general,1692,0.0004886231391285074
conditional-fit-0032,axis1_general,1693,3.1262586976444094e-05
conditional-fit-0032,axis1_general,1694,0.019362959316068722
conditional-fit-0032,axis1_general,1695,0.01124114601807094
conditional-fit-0032,axis1_general,1696,0.016298625079242294
conditional-fit-0032,axis1_general,1697,0.0019220033940521618
conditional-fit-0032,axis1_general,1698,0.004170075349244233
conditional-fit-0032,axis1_general,1699,0.006055909740267738
conditional-fit-0032,axis1_general,1700,0.012594488548008117
conditional-fit-0032,axis1_general,1701,4.632670869510948e-05
conditional-fit-0032,axis1_general,1702,0.0019042722175695533
conditional-fit-0032,axis1_general,1703,0.004358182271505105
conditional-fit-0032,axis1_general,1704,0.027107019087855178
conditional-fit-0032,axis1_general,1705,0.01228136430244919
conditional-fit-0032,axis1_general,1706,0.008194898573125817
conditional-fit-0032,axis1_general,1707,0.023065608638997696
conditional-fit-0032,axis1_general,1708,0.0002678051423627808
conditional-fit-0032,axis1_general,1709,0.00014452024407155927
conditional-fit-0032,axis1_general,1710,0.003737106304696181
conditional-fit-0032,axis1_general,1711,4.8518231545196935e-06
conditional-fit-0032,axis1_general,1712,0.007701514811111865
conditional-fit-0032,axis1_general,1713,0.0025648232947614634
conditional-fit-0032,axis1_general,1714,0.00010292080272997667
conditional-fit-0032,axis1_general,1715,1.1374074378871175e-05
conditional-fit-0032,axis1_general,1716,6.625305067439874e-06
conditional-fit-0032,axis1_general,1717,1.3136045309757202e-05
conditional-fit-0032,axis1_general,1718,0.0010232438874799496
conditional-fit-0032,axis1_general,1719,1.4749647738571297e-05
conditional-fit-0032,axis1_general,1720,2.555697280352042e-05
conditional-fit-0032,axis1_general,1721,0.00012867764664005723
conditional-fit-0032,axis1_general,1722,0.0025543139594099316
conditional-fit-0032,axis1_general,1723,0.000673611835149674
conditional-fit-0032,axis1_general,1724,0.011855192428781424
conditional-fit-0032,axis1_general,1725,0.010551851488855363
conditional-fit-0032,axis1_general,1726,0.0009185682409167516
conditional-fit-0032,axis1_general,1727,0.0008099252140098862
conditional-fit-0032,axis1_general,1728,0.004039073923239858
conditional-fit-0032,axis1_general,1729,0.001393375913184033
conditional-fit-0032,axis1_general,1730,4.960137398561082e-06
conditional-fit-0032,axis1_general,1731,1.4387880755619536e-05
conditional-fit-0032,axis1_general,1732,1.3653302341649458e-05
conditional-fit-0032,axis1_general,1733,1.2922818366505114e-05
conditional-fit-0032,axis1_general,1734,2.032496962095077e-05
conditional-fit-0032,axis1_general,1735,5.4242828828685074e-05
conditional-fit-0032,axis1_general,1736,0.000986577851653425
conditional-fit-0032,axis1_general,1737,0.0008916846648707871
conditional-fit-0032,axis1_general,1738,0.004030289833966673
conditional-fit-0032,axis1_general,1739,5.392380943618654e-05
conditional-fit-0032,axis1_general,1740,2.01150970891643e-05
conditional-fit-0032,axis1_general,1741,0.0024423376212729755
conditional-fit-0032,axis1_general,1742,0.0007819900260998377
conditional-fit-0032,axis1_general,1743,1.6831883564575085e-06
conditional-fit-0032,axis1_general,1744,3.356901025094416e-06
conditional-fit-0032,axis1_general,1745,4.1604157669583234e-07
conditional-fit-0032,axis1_general,1746,1.0148288696309214e-05
conditional-fit-0032,axis1_general,1747,0.02624569991098912
conditional-fit-0032,axis1_general,1748,0.0007706841670259746
conditional-fit-0032,axis1_general,1749,9.398286474042863e-05
conditional-fit-0032,axis1_general,1750,0.00015743434362937287
conditional-fit-0032,axis1_general,1751,5.701812743798128e-06
conditional-fit-0032,axis1_general,1752,0.005025538425611523
conditional-fit-0032,axis1_general,1753,0.0277198941325597
conditional-fit-0032,axis1_general,1754,0.0027494978532575814
conditional-fit-0032,axis1_general,1755,0.012491453560947413
conditional-fit-0032,axis1_general,1756,0.0055755163214548376
conditional-fit-0032,axis1_general,1757,0.015172613738876291
conditional-fit-0032,axis1_general,1758,0.00903018431143026
conditional-fit-0032,axis1_general,1759,0.03569562146906612
conditional-fit-0032,axis1_general,1760,0.09712713698391608
conditional-fit-0032,axis1_general,1761,0.23729122924055757
conditional-fit-0032,axis1_general,1762,0.19050469221307925
conditional-fit-0032,axis1_general,1763,0.12930368998414452
conditional-fit-0032,axis1_general,1764,0.019301428592101377
conditional-fit-0032,axis1_general,1765,0.02246210432113678
conditional-fit-0032,axis1_general,1766,7.995848419357335e-06
conditional-fit-0032,axis1_general,1767,5.946991001812827e-05
conditional-fit-0032,axis1_general,1768,5.853277549913306e-05
conditional-fit-0032,axis1_general,1769,4.2277370293996775e-05
conditional-fit-0032,axis1_general,1770,0.003919469003218361
conditional-fit-0032,axis1_general,1771,3.9825395566584695e-05
conditional-fit-0032,axis1_general,1772,3.7872815401324036e-05
conditional-fit-0032,axis1_general,1773,6.109802981247222e-06
conditional-fit-0032,axis1_general,1774,5.5235308812272795e-06
conditional-fit-0032,axis1_general,1775,0.0001851056839289481
conditional-fit-0032,axis1_general,1776,0.0033851438511692347
conditional-fit-0032,axis1_general,1777,6.74194659881302e-05
conditional-fit-0032,axis1_general,1778,0.0009027465435493057
conditional-fit-0032,axis1_general,1779,0.00029201265252353767
conditional-fit-0032,axis1_general,1780,7.502935505732483e-06
conditional-fit-0032,axis1_general,1781,0.004635960282194564
conditional-fit-0032,axis1_general,1782,8.386340819607557e-05
conditional-fit-0032,axis1_general,1783,0.006526093459093905
conditional-fit-0032,axis1_general,1784,0.0004643483759769255
conditional-fit-0032,axis1_general,1785,0.00010508939040794039
conditional-fit-0032,axis1_general,1786,0.008242139550694322
conditional-fit-0032,axis1_general,1787,0.00017995485118297205
conditional-fit-0032,axis1_general,1788,4.777554152181232e-06
conditional-fit-0032,axis1_general,1789,0.006990090356207931
conditional-fit-0032,axis1_general,1790,5.725621702126258e-05
conditional-fit-0032,axis1_general,1791,0.0018339200278521157
conditional-fit-0032,axis1_general,1792,2.0598537594854465e-05
conditional-fit-0032,axis1_general,1793,7.413779784556942e-06
conditional-fit-0032,axis1_general,1794,6.042384300210934e-05
conditional-fit-0032,axis1_general,1795,6.013095150440209e-05
conditional-fit-0032,axis1_general,1796,2.3162655542022022e-05
conditional-fit-0032,axis1_general,1797,9.169286535438634e-05
conditional-fit-0032,axis1_general,1798,0.00504540432648572
conditional-fit-0032,axis1_general,1799,0.00660173369585761
conditional-fit-0032,axis1_general,1800,0.0018455261543801802
conditional-fit-0032,axis1_general,1801,2.7757850717284897e-06
conditional-fit-0032,axis1_general,1802,0.010718256840488638
conditional-fit-0032,axis1_general,1803,0.006881792788119463
conditional-fit-0032,axis1_general,1804,0.00935937209831112
conditional-fit-0032,axis1_general,1805,3.641877350266481e-06
conditional-fit-0032,axis1_general,1806,2.2848293884799412e-05
conditional-fit-0032,axis1_general,1807,0.00011629056488198018
conditional-fit-0032,axis1_general,1808,9.791098112702795e-07
conditional-fit-0032,axis1_general,1809,1.771767834193305e-05
conditional-fit-0032,axis1_general,1810,0.00017067949037060737
conditional-fit-0032,axis1_general,1811,8.765223764600542e-05
conditional-fit-0032,axis1_general,1812,0.0006773027374882504
conditional-fit-0032,axis1_general,1813,0.0007046803773590953
conditional-fit-0032,axis1_general,1814,3.5193619003321428e-06
conditional-fit-0032,axis1_general,1815,2.118604987754173e-06
conditional-fit-0032,axis1_general,1816,9.113731080293187e-05
conditional-fit-0032,axis1_general,1817,0.0005420240394748797
conditional-fit-0032,axis1_general,1818,0.00029824218701641006
conditional-fit-0032,axis1_general,1819,6.453217338454943e-05
conditional-fit-0032,axis1_general,1820,0.005116551368064645
conditional-fit-0032,axis1_general,1821,0.041143592971650926
conditional-fit-0032,axis1_general,1822,0.010712728192715975
conditional-fit-0032,axis1_general,1823,1.0896829855438008e-05
conditional-fit-0032,axis1_general,1824,0.017341794382871062
conditional-fit-0032,axis1_general,1825,0.0004961535209660413
conditional-fit-0032,axis1_general,1826,0.015049249303523776
conditional-fit-0032,axis1_general,1827,0.009626940273303412
conditional-fit-0032,axis1_general,1828,0.0005500158937537131
conditional-fit-0032,axis1_general,1829,0.0011418439606906685
conditional-fit-0032,axis1_general,1830,0.008394879966079707
conditional-fit-0032,axis1_general,1831,0.0006567262840163682
conditional-fit-0032,axis1_general,1832,0.0003335416239388162
conditional-fit-0032,axis1_general,1833,0.0031489296252280013
conditional-fit-0032,axis1_general,1834,2.3004505043427203e-05
conditional-fit-0032,axis1_general,1835,0.002368569359400572
conditional-fit-0032,axis1_general,1836,2.218704855849762e-06
conditional-fit-0032,axis1_general,1837,0.0003173984710046216
conditional-fit-0032,axis1_general,1838,6.689950949638894e-05
conditional-fit-0032,axis1_general,1839,0.008295418979913562
conditional-fit-0032,axis1_general,1840,0.00011898954038360707
conditional-fit-0032,axis1_general,1841,0.005148349605221737
conditional-fit-0032,axis1_general,1842,0.01256152505510202
conditional-fit-0032,axis1_general,1843,0.0033696064760571492
conditional-fit-0032,axis1_general,1844,0.01055000263522296
conditional-fit-0032,axis1_general,1845,0.0008109483125963296
conditional-fit-0032,axis1_general,1846,0.024164297302248932
conditional-fit-0032,axis1_general,1847,0.0021647862651200758
conditional-fit-0032,axis1_general,1848,0.010576111045960145
conditional-fit-0032,axis1_general,1849,0.0002414127797084335
conditional-fit-0032,axis1_general,1850,0.0025914606530254855
conditional-fit-0032,axis1_general,1851,2.288842059900376e-05
conditional-fit-0032,axis1_general,1852,0.007344509884926199
conditional-fit-0032,axis1_general,1853,0.00033003291862194193
conditional-fit-0032,axis1_general,1854,0.001499663894734253
conditional-fit-0032,axis1_general,1855,0.019763671250794458
conditional-fit-0032,axis1_general,1856,1.2542540306543433e-05
conditional-fit-0032,axis1_general,1857,0.0010220040136361963
conditional-fit-0032,axis1_general,1858,0.0015562792816045763
conditional-fit-0032,axis1_general,1859,0.007496454219386828
conditional-fit-0032,axis1_general,1860,0.007470557467330933
conditional-fit-0032,axis1_general,1861,0.009135806743878039
conditional-fit-0032,axis1_general,1862,3.625539742077625e-05
conditional-fit-0032,axis1_general,1863,3.248696353140664e-05
conditional-fit-0032,axis1_general,1864,0.012427106307442815
conditional-fit-0032,axis1_general,1865,0.019422440280157265
conditional-fit-0032,axis1_general,1866,1.2891191544414379e-06
conditional-fit-0032,axis1_general,1867,0.010771510624355628
conditional-fit-0032,axis1_general,1868,0.007541736634586051
conditional-fit-0032,axis1_general,1869,0.00662432459480301
conditional-fit-0032,axis1_general,1870,0.00025355603142414003
conditional-fit-0032,axis1_general,1871,0.0037726336409511178
conditional-fit-0032,axis1_general,1872,0.00017716117757271828
conditional-fit-0032,axis1_general,1873,0.0012040058577183904
conditional-fit-0032,axis1_general,1874,2.8304914895605624e-05
conditional-fit-0032,axis1_general,1875,3.08546965821488e-05
conditional-fit-0032,axis1_general,1876,7.120222041798843e-06
conditional-fit-0032,axis1_general,1877,0.0013695489934203932
conditional-fit-0032,axis1_general,1878,3.830659789644413e-07
conditional-fit-0032,axis1_general,1879,0.0049624923129944765
conditional-fit-0032,axis1_general,1880,1.1413230281467317e-05
conditional-fit-0032,axis1_general,1881,1.5071276347061049e-05
conditional-fit-0032,axis1_general,1882,0.0060277960930604875
conditional-fit-0032,axis1_general,1883,0.000576693195476052
conditional-fit-0032,axis1_general,1884,0.004343710928290406
conditional-fit-0032,axis1_general,1885,0.00153476210446256
conditional-fit-0032,axis1_general,1886,0.0032187908132564652
conditional-fit-0032,axis1_general,1887,0.0602786625378864
conditional-fit-0032,axis1_general,1888,0.007050548641296254
conditional-fit-0032,axis1_general,1889,0.00218577870211202
conditional-fit-0032,axis1_general,1890,0.03054299041952823
conditional-fit-0032,axis1_general,1891,0.002166619049017845
conditional-fit-0032,axis1_general,1892,0.002731616715229883
conditional-fit-0032,axis1_general,1893,0.0002408304928875508
conditional-fit-0032,axis1_general,1894,0.008250715016605919
conditional-fit-0032,axis1_general,1895,0.0011534869595368528
conditional-fit-0032,axis1_general,1896,0.00037290675730911114
conditional-fit-0032,axis1_general,1897,5.833168613917039e-05
conditional-fit-0032,axis1_general,1898,4.988560924041989e-05
conditional-fit-0032,axis1_general,1899,0.007548044042492763
conditional-fit-0032,axis1_general,1900,0.0035789617076517205
conditional-fit-0032,axis1_general,1901,0.00023012924087552063
conditional-fit-0032,axis1_general,1902,5.284944466158463e-06
conditional-fit-0032,axis1_general,1903,0.00040461509899881846
conditional-fit-0032,axis1_general,1904,1.684882311768876e-06
conditional-fit-0032,axis1_general,1905,0.00010372412538884907
conditional-fit-0032,axis1_general,1906,0.009816360585889507
conditional-fit-0032,axis1_general,1907,8.938313738435173e-05
conditional-fit-0032,axis1_general,1908,8.88751473874117e-05
conditional-fit-0032,axis1_general,1909,8.086758513781427e-05
conditional-fit-0032,axis1_general,1910,1.3510359862142375e-05
conditional-fit-0032,axis1_general,1911,5.722332205848149e-05
conditional-fit-0032,axis1_general,1912,0.00020610366513684357
conditional-fit-0032,axis1_general,1913,1.2761683871916098e-06
conditional-fit-0032,axis1_general,1914,5.285569191233004e-05
conditional-fit-0032,axis1_general,1915,2.366920418550176e-07
conditional-fit-0032,axis1_general,1916,0.00017902612463174545
conditional-fit-0032,axis1_general,1917,9.858313742121376e-05
conditional-fit-0032,axis1_general,1918,0.00014526357723300333
conditional-fit-0032,axis1_general,1919,0.0010328739086718564
conditional-fit-0032,axis1_general,1920,0.00035021558315602355
conditional-fit-0032,axis1_general,1921,8.449226516068226e-05
conditional-fit-0032,axis1_general,1922,1.5150725319952742e-05
conditional-fit-0032,axis1_general,1923,1.0599583391413387e-05
conditional-fit-0032,axis1_general,1924,8.557742919882893e-06
conditional-fit-0032,axis1_general,1925,2.2555530917853726e-06
conditional-fit-0032,axis1_general,1926,3.8317292956934515e-05
conditional-fit-0032,axis1_general,1927,1.0469661657372678e-05
conditional-fit-0032,axis1_general,1928,4.0061056446216714e-05
conditional-fit-0032,axis1_general,1929,6.742290538043952e-07
conditional-fit-0032,axis1_general,1930,0.00019708240796464303
conditional-fit-0032,axis1_general,1931,0.00013774367317716062
conditional-fit-0032,axis1_general,1932,0.00022282691760725794
conditional-fit-0032,axis1_general,1933,0.004955657387108795
conditional-fit-0032,axis1_general,1934,0.00011119960734517326
conditional-fit-0032,axis1_general,1935,2.7559779558492477e-05
conditional-fit-0032,axis1_general,1936,0.0013891797465571867
conditional-fit-0032,axis1_general,1937,0.03796179856835526
conditional-fit-0032,axis1_general,1938,0.015195044666534558
conditional-fit-0032,axis1_general,1939,0.004707815966582508
conditional-fit-0032,axis1_general,1940,0.003171643771702467
conditional-fit-0032,axis1_general,1941,1.0014230030890768e-05
conditional-fit-0032,axis1_general,1942,0.00011493556884530784
conditional-fit-0032,axis1_general,1943,0.000630403475681824
conditional-fit-0032,axis1_general,1944,0.001325600387290033
conditional-fit-0032,axis1_general,1945,0.0067182093804269635
conditional-fit-0032,axis1_general,1946,0.02399003279369468
conditional-fit-0032,axis1_general,1947,0.01806207003849197
conditional-fit-0032,axis1_general,1948,0.02221051497252471
conditional-fit-0032,axis1_general,1949,0.005000699158036481
conditional-fit-0032,axis1_general,1950,0.008304699451225719
conditional-fit-0032,axis1_general,1951,0.00403120935994093
conditional-fit-0032,axis1_general,1952,0.005578986240382192
conditional-fit-0032,axis1_general,1953,0.06346827304060865
conditional-fit-0032,axis1_general,1954,2.7844618499516624e-05
conditional-fit-0032,axis1_general,1955,0.00815257633291605
conditional-fit-0032,axis1_general,1956,0.0015560529565140186
conditional-fit-0032,axis1_general,1957,0.00013122411440576355
conditional-fit-0032,axis1_general,1958,0.005803128520852039
conditional-fit-0032,axis1_general,1959,0.0002712643709215357
conditional-fit-0032,axis1_general,1960,0.020565691665899406
conditional-fit-0032,axis1_general,1961,0.010423635697857061
conditional-fit-0032,axis1_general,1962,0.0018662003970495913
conditional-fit-0032,axis1_general,1963,0.015076022352684022
conditional-fit-0032,axis1_general,1964,0.02274018976354074
conditional-fit-0032,axis1_general,1965,0.011200059067822201
conditional-fit-0032,axis1_general,1966,0.002388822510048934
conditional-fit-0032,axis1_general,1967,0.0033975996989108405
conditional-fit-0032,axis1_general,1968,0.028364546714243558
conditional-fit-0032,axis1_general,1969,0.00011776159284184156
conditional-fit-0032,axis1_general,1970,0.0067926836903501875
conditional-fit-0032,axis1_general,1971,3.533262977753732e-05
conditional-fit-0032,axis1_general,1972,0.0009302593785939781
conditional-fit-0032,axis1_general,1973,0.0002982334108341553
conditional-fit-0032,axis1_general,1974,0.0002823099185773138
conditional-fit-0032,axis1_general,1975,0.0010583399504258085
conditional-fit-0032,axis1_general,1976,0.00017456721039864565
conditional-fit-0032,axis1_general,1977,0.001095421127368673
conditional-fit-0032,axis1_general,1978,4.6586047720824916e-05
conditional-fit-0032,axis1_general,1979,1.2349701756960965e-05
conditional-fit-0032,axis1_general,1980,0.006129894977799341
conditional-fit-0032,axis1_general,1981,0.00015624139567003027
conditional-fit-0032,axis1_general,1982,7.217478627937207e-05
conditional-fit-0032,axis1_general,1983,0.0005980690878667284
conditional-fit-0032,axis1_general,1984,0.004779407994657949
conditional-fit-0032,axis1_general,1985,3.990298546586813e-06
conditional-fit-0032,axis1_general,1986,0.0015004042555806522
conditional-fit-0032,axis1_general,1987,7.37345078739323e-05
conditional-fit-0032,axis1_general,1988,1.8891535166095e-05
conditional-fit-0032,axis1_general,1989,1.448816053941437e-05
conditional-fit-0032,axis1_general,1990,3.3293274738308175e-05
conditional-fit-0032,axis1_general,1991,0.0001187121284904882
conditional-fit-0032,axis1_general,1992,0.00012563843167170909
conditional-fit-0032,axis1_general,1993,3.246500284403552e-06
conditional-fit-0032,axis1_general,1994,0.000151724576942507
conditional-fit-0032,axis1_general,1995,1.3506739922353642e-05
conditional-fit-0032,axis1_general,1996,1.0266555612264994e-05
conditional-fit-0032,axis1_general,1997,2.2859093465737773e-05
conditional-fit-0032,axis1_general,1998,0.0003290144775688216
conditional-fit-0032,axis1_general,1999,5.774611871909626e-05
conditional-fit-0032,axis1_general,2000,1.9545747151678176e-05
conditional-fit-0032,axis1_general,2001,3.854723152651501e-06
conditional-fit-0032,axis1_general,2002,8.400191444896562e-05
conditional-fit-0032,axis1_general,2003,6.872929795826006e-06
conditional-fit-0032,axis1_general,2004,6.7281058118607e-05
conditional-fit-0032,axis1_general,2005,2.872706463326903e-05
conditional-fit-0032,axis1_general,2006,3.3542586369726495e-05
conditional-fit-0032,axis1_general,2007,4.925093859746964e-06
conditional-fit-0032,axis1_general,2008,4.579882828261419e-05
conditional-fit-0032,axis1_general,2009,0.00010939911042020508
conditional-fit-0032,axis1_general,2010,2.6311066811391627e-05
conditional-fit-0032,axis1_general,2011,1.5685296166220105e-05
conditional-fit-0032,axis1_general,2012,4.100818037612685e-05
conditional-fit-0032,axis1_general,2013,6.025825621171446e-05
conditional-fit-0032,axis1_general,2014,6.524425682434916e-06
conditional-fit-0032,axis1_general,2015,2.1359113906524527e-06
conditional-fit-0032,axis1_general,2016,3.806809723019243e-05
conditional-fit-0032,axis1_general,2017,4.269414484522489e-06
conditional-fit-0032,axis1_general,2018,4.106261684256868e-05
conditional-fit-0032,axis1_general,2019,1.4170218864817235e-05
conditional-fit-0032,axis1_general,2020,0.00015088438975396071
conditional-fit-0032,axis1_general,2021,0.0013420819538245699
conditional-fit-0032,axis1_general,2022,1.3405838584871236e-05
conditional-fit-0032,axis1_general,2023,7.056837340276783e-06
conditional-fit-0032,axis1_general,2024,1.2070897325840832e-05
conditional-fit-0032,axis1_general,2025,8.349516186824757e-06
conditional-fit-0032,axis1_general,2026,0.00019065150563553164
conditional-fit-0032,axis1_general,2027,1.4845768393201183e-05
conditional-fit-0032,axis1_general,2028,1.9832291208636275e-05
conditional-fit-0032,axis1_general,2029,0.0001034591179955238
conditional-fit-0032,axis1_general,2030,0.0011446962454373178
conditional-fit-0032,axis1_general,2031,3.495057180593272e-05
conditional-fit-0032,axis1_general,2032,2.346544797025515e-06
conditional-fit-0032,axis1_general,2033,1.6774817601445655e-05
conditional-fit-0032,axis1_general,2034,0.00027535915974527173
conditional-fit-0032,axis1_general,2035,9.82969645995369e-05
conditional-fit-0032,axis1_general,2036,2.922451400127489e-05
conditional-fit-0032,axis1_general,2037,4.785208485889258e-05
conditional-fit-0032,axis1_general,2038,1.208058903214363e-05
conditional-fit-0032,axis1_general,2039,0.00026433228518781124
conditional-fit-0032,axis1_general,2040,0.00013757225034635267
conditional-fit-0032,axis1_general,2041,0.008879966324446128
conditional-fit-0032,axis1_general,2042,0.00010907064630271568
conditional-fit-0032,axis1_general,2043,4.760541118684913e-06
conditional-fit-0032,axis1_general,2044,0.0005711077170458192
conditional-fit-0032,axis1_general,2045,9.365816846879782e-05
conditional-fit-0032,axis1_general,2046,0.002749058807211717
