window_id,domain,pos,kld
conditional-fit-0118,axis1_general,0,0.5681428969819067
conditional-fit-0118,axis1_general,1,0.07823535725104512
conditional-fit-0118,axis1_general,2,0.10624167909268688
conditional-fit-0118,axis1_general,3,0.3388374153625131
conditional-fit-0118,axis1_general,4,0.7446755997272452
conditional-fit-0118,axis1_general,5,0.1375434925522836
conditional-fit-0118,axis1_general,6,0.21617408524022896
conditional-fit-0118,axis1_general,7,0.18214084207757675
conditional-fit-0118,axis1_general,8,0.25296359510658706
conditional-fit-0118,axis1_general,9,0.19065764721091769
conditional-fit-0118,axis1_general,10,0.6005235111366841
conditional-fit-0118,axis1_general,11,0.2204979442828573
conditional-fit-0118,axis1_general,12,0.05664856775341644
conditional-fit-0118,axis1_general,13,0.10347082133046798
conditional-fit-0118,axis1_general,14,0.0018342668156962865
conditional-fit-0118,axis1_general,15,0.11214440690405886
conditional-fit-0118,axis1_general,16,0.13665029229341863
conditional-fit-0118,axis1_general,17,0.07004780730319993
conditional-fit-0118,axis1_general,18,0.26694249157029354
conditional-fit-0118,axis1_general,19,0.052390586403016776
conditional-fit-0118,axis1_general,20,0.014939254433977346
conditional-fit-0118,axis1_general,21,0.08839254244168489
conditional-fit-0118,axis1_general,22,0.15488494009686438
conditional-fit-0118,axis1_general,23,0.051242317279083446
conditional-fit-0118,axis1_general,24,0.21552432348185172
conditional-fit-0118,axis1_general,25,0.1459688549334101
conditional-fit-0118,axis1_general,26,0.010933847988570054
conditional-fit-0118,axis1_general,27,0.09712715041468101
conditional-fit-0118,axis1_general,28,0.018939129768483557
conditional-fit-0118,axis1_general,29,0.14826024371253588
conditional-fit-0118,axis1_general,30,0.1693674427818515
conditional-fit-0118,axis1_general,31,2.4765139486890162e-05
conditional-fit-0118,axis1_general,32,0.1345240564621194
conditional-fit-0118,axis1_general,33,0.15265094125595496
conditional-fit-0118,axis1_general,34,0.27295128724590106
conditional-fit-0118,axis1_general,35,0.25751396904177065
conditional-fit-0118,axis1_general,36,0.04713134555231315
conditional-fit-0118,axis1_general,37,0.043945081148285846
conditional-fit-0118,axis1_general,38,0.0005782336985330949
conditional-fit-0118,axis1_general,39,0.0706811155578917
conditional-fit-0118,axis1_general,40,0.014095651311115627
conditional-fit-0118,axis1_general,41,0.08108292164136634
conditional-fit-0118,axis1_general,42,0.013080914312232322
conditional-fit-0118,axis1_general,43,0.0077083663528807285
conditional-fit-0118,axis1_general,44,0.000403187853869452
conditional-fit-0118,axis1_general,45,0.003349271840712156
conditional-fit-0118,axis1_general,46,4.6360036792601826e-05
conditional-fit-0118,axis1_general,47,0.002723187750464009
conditional-fit-0118,axis1_general,48,0.041126722998115935
conditional-fit-0118,axis1_general,49,0.06481615817369026
conditional-fit-0118,axis1_general,50,0.12668697734635687
conditional-fit-0118,axis1_general,51,0.03919548214145206
conditional-fit-0118,axis1_general,52,0.03648335358638307
conditional-fit-0118,axis1_general,53,0.00010393145823413106
conditional-fit-0118,axis1_general,54,0.006904897959811744
conditional-fit-0118,axis1_general,55,0.14254896941313597
conditional-fit-0118,axis1_general,56,0.030132009397222506
conditional-fit-0118,axis1_general,57,0.017911705435298346
conditional-fit-0118,axis1_general,58,0.018045509883362773
conditional-fit-0118,axis1_general,59,0.029175548561220708
conditional-fit-0118,axis1_general,60,0.03401827152742599
conditional-fit-0118,axis1_general,61,0.007656815869581059
conditional-fit-0118,axis1_general,62,0.006278382480567758
conditional-fit-0118,axis1_general,63,0.0010314596138754294
conditional-fit-0118,axis1_general,64,0.012062085593106512
conditional-fit-0118,axis1_general,65,0.2495161157362802
conditional-fit-0118,axis1_general,66,0.30780365212810706
conditional-fit-0118,axis1_general,67,0.031051751595836383
conditional-fit-0118,axis1_general,68,0.001438646077273325
conditional-fit-0118,axis1_general,69,0.07202710163793871
conditional-fit-0118,axis1_general,70,0.0013484221227865805
conditional-fit-0118,axis1_general,71,0.003507251923866906
conditional-fit-0118,axis1_general,72,0.024163278457461537
conditional-fit-0118,axis1_general,73,0.13600983967777466
conditional-fit-0118,axis1_general,74,0.24547944380780937
conditional-fit-0118,axis1_general,75,0.034419898601561486
conditional-fit-0118,axis1_general,76,0.0185955533906894
conditional-fit-0118,axis1_general,77,0.03627662384099346
conditional-fit-0118,axis1_general,78,0.11543503473736332
conditional-fit-0118,axis1_general,79,0.002943852021570624
conditional-fit-0118,axis1_general,80,0.05804251623096143
conditional-fit-0118,axis1_general,81,0.14031929068208465
conditional-fit-0118,axis1_general,82,0.24818202650671084
conditional-fit-0118,axis1_general,83,0.1616241525134629
conditional-fit-0118,axis1_general,84,0.09797883706812162
conditional-fit-0118,axis1_general,85,0.06043039495740739
conditional-fit-0118,axis1_general,86,0.08746790794789278
conditional-fit-0118,axis1_general,87,0.20524413349779969
conditional-fit-0118,axis1_general,88,0.07240277924282054
conditional-fit-0118,axis1_general,89,0.18500545234681287
conditional-fit-0118,axis1_general,90,0.0007709386014041446
conditional-fit-0118,axis1_general,91,0.03993330549165715
conditional-fit-0118,axis1_general,92,0.02165754553102537
conditional-fit-0118,axis1_general,93,0.1540616962600497
conditional-fit-0118,axis1_general,94,0.04262464859802414
conditional-fit-0118,axis1_general,95,0.0020638509756347656
conditional-fit-0118,axis1_general,96,3.866883673306645e-05
conditional-fit-0118,axis1_general,97,0.060566918553606956
conditional-fit-0118,axis1_general,98,0.04663420029099906
conditional-fit-0118,axis1_general,99,0.011972846595117118
conditional-fit-0118,axis1_general,100,0.2031331061692455
conditional-fit-0118,axis1_general,101,0.023212764010566142
conditional-fit-0118,axis1_general,102,0.28707840708691845
conditional-fit-0118,axis1_general,103,0.20214211915452382
conditional-fit-0118,axis1_general,104,0.43256553305453077
conditional-fit-0118,axis1_general,105,0.0002851918190342326
conditional-fit-0118,axis1_general,106,0.0020358171589040792
conditional-fit-0118,axis1_general,107,0.027833689976494134
conditional-fit-0118,axis1_general,108,0.0005301416057985381
conditional-fit-0118,axis1_general,109,9.284332156456556e-05
conditional-fit-0118,axis1_general,110,0.0017308184764252338
conditional-fit-0118,axis1_general,111,5.6803816368519916e-05
conditional-fit-0118,axis1_general,112,0.013063908984528427
conditional-fit-0118,axis1_general,113,0.1515879098197523
conditional-fit-0118,axis1_general,114,0.0807647126625407
conditional-fit-0118,axis1_general,115,0.1605096430854297
conditional-fit-0118,axis1_general,116,0.008401956120692295
conditional-fit-0118,axis1_general,117,0.03413242614465864
conditional-fit-0118,axis1_general,118,0.05855060434902956
conditional-fit-0118,axis1_general,119,0.006834954927395449
conditional-fit-0118,axis1_general,120,0.059744363791968985
conditional-fit-0118,axis1_general,121,0.0008596311303873255
conditional-fit-0118,axis1_general,122,0.02227399793079118
conditional-fit-0118,axis1_general,123,0.04455978335526653
conditional-fit-0118,axis1_general,124,0.2826390516576852
conditional-fit-0118,axis1_general,125,0.02657213481937462
conditional-fit-0118,axis1_general,126,0.03902693067872354
conditional-fit-0118,axis1_general,127,0.010989180129274648
conditional-fit-0118,axis1_general,128,0.00028167011252665746
conditional-fit-0118,axis1_general,129,0.03725921081643313
conditional-fit-0118,axis1_general,130,0.007329862291389988
conditional-fit-0118,axis1_general,131,0.0033486797358308357
conditional-fit-0118,axis1_general,132,0.010473037930921344
conditional-fit-0118,axis1_general,133,0.01912002987677546
conditional-fit-0118,axis1_general,134,0.012997221391584365
conditional-fit-0118,axis1_general,135,0.027178118174316646
conditional-fit-0118,axis1_general,136,0.02439536466902209
conditional-fit-0118,axis1_general,137,0.027402272073983724
conditional-fit-0118,axis1_general,138,0.00043151365576103587
conditional-fit-0118,axis1_general,139,0.00023066253967996925
conditional-fit-0118,axis1_general,140,8.768398477641156e-05
conditional-fit-0118,axis1_general,141,0.000596812397677554
conditional-fit-0118,axis1_general,142,0.009459603263166973
conditional-fit-0118,axis1_general,143,0.0002474542800041785
conditional-fit-0118,axis1_general,144,0.00022168910235317667
conditional-fit-0118,axis1_general,145,0.0005819657019506418
conditional-fit-0118,axis1_general,146,6.294472147943397e-06
conditional-fit-0118,axis1_general,147,0.009170438299821768
conditional-fit-0118,axis1_general,148,0.08280677063963349
conditional-fit-0118,axis1_general,149,0.013712507193472605
conditional-fit-0118,axis1_general,150,3.271169493542867e-05
conditional-fit-0118,axis1_general,151,3.542366338114727e-05
conditional-fit-0118,axis1_general,152,0.0008026962867083212
conditional-fit-0118,axis1_general,153,2.9960223370941638e-05
conditional-fit-0118,axis1_general,154,6.840020865020696e-05
conditional-fit-0118,axis1_general,155,0.0015446129456183073
conditional-fit-0118,axis1_general,156,0.04892098869312626
conditional-fit-0118,axis1_general,157,7.486778856592363e-05
conditional-fit-0118,axis1_general,158,0.002414145995926279
conditional-fit-0118,axis1_general,159,0.0005175543381252566
conditional-fit-0118,axis1_general,160,2.3817414179890382e-05
conditional-fit-0118,axis1_general,161,0.0005039598204523377
conditional-fit-0118,axis1_general,162,0.012831184796316848
conditional-fit-0118,axis1_general,163,0.014126185952810616
conditional-fit-0118,axis1_general,164,0.0001670164905645645
conditional-fit-0118,axis1_general,165,0.007688828165562656
conditional-fit-0118,axis1_general,166,0.0019906415182149406
conditional-fit-0118,axis1_general,167,0.004483642729719791
conditional-fit-0118,axis1_general,168,0.0003577856387851179
conditional-fit-0118,axis1_general,169,0.0063290414945684275
conditional-fit-0118,axis1_general,170,0.031034976416803674
conditional-fit-0118,axis1_general,171,0.014270367003804348
conditional-fit-0118,axis1_general,172,0.007014016496101365
conditional-fit-0118,axis1_general,173,2.0953240902413748e-06
conditional-fit-0118,axis1_general,174,6.997685317137984e-06
conditional-fit-0118,axis1_general,175,0.017541257114246214
conditional-fit-0118,axis1_general,176,0.025440143867097028
conditional-fit-0118,axis1_general,177,0.00455720795563742
conditional-fit-0118,axis1_general,178,0.011422218329120506
conditional-fit-0118,axis1_general,179,0.0005118114783929559
conditional-fit-0118,axis1_general,180,0.0028052883784351755
conditional-fit-0118,axis1_general,181,0.006591084448243431
conditional-fit-0118,axis1_general,182,0.0010490304837777534
conditional-fit-0118,axis1_general,183,0.006564359697037448
conditional-fit-0118,axis1_general,184,0.0001622823601860697
conditional-fit-0118,axis1_general,185,0.0009316204836660191
conditional-fit-0118,axis1_general,186,0.023094805960723983
conditional-fit-0118,axis1_general,187,0.00016056906148398116
conditional-fit-0118,axis1_general,188,0.002007211847214538
conditional-fit-0118,axis1_general,189,0.035036862254590906
conditional-fit-0118,axis1_general,190,0.0037284446721848018
conditional-fit-0118,axis1_general,191,0.018157542215126325
conditional-fit-0118,axis1_general,192,0.05958419942584145
conditional-fit-0118,axis1_general,193,0.00013901571451289092
conditional-fit-0118,axis1_general,194,0.003163660117002957
conditional-fit-0118,axis1_general,195,0.03647274956357728
conditional-fit-0118,axis1_general,196,0.005255101139390088
conditional-fit-0118,axis1_general,197,0.0010736563917244629
conditional-fit-0118,axis1_general,198,3.108761647309513e-05
conditional-fit-0118,axis1_general,199,0.008321347624815874
conditional-fit-0118,axis1_general,200,4.421535622274346e-06
conditional-fit-0118,axis1_general,201,0.007654661959952123
conditional-fit-0118,axis1_general,202,0.01730957080802967
conditional-fit-0118,axis1_general,203,0.0019221294109016407
conditional-fit-0118,axis1_general,204,0.016355213869204147
conditional-fit-0118,axis1_general,205,0.00021747330598640216
conditional-fit-0118,axis1_general,206,0.0009161735645337381
conditional-fit-0118,axis1_general,207,3.769335896396623e-05
conditional-fit-0118,axis1_general,208,0.0031922942331021895
conditional-fit-0118,axis1_general,209,0.007875434397019682
conditional-fit-0118,axis1_general,210,0.004534396437998629
conditional-fit-0118,axis1_general,211,0.006728614283037327
conditional-fit-0118,axis1_general,212,1.7193162120909938e-05
conditional-fit-0118,axis1_general,213,4.269252541400248e-05
conditional-fit-0118,axis1_general,214,5.129022813688019e-05
conditional-fit-0118,axis1_general,215,0.00011016582027833789
conditional-fit-0118,axis1_general,216,6.725265885140276e-05
conditional-fit-0118,axis1_general,217,0.00041068436506926445
conditional-fit-0118,axis1_general,218,0.0032552346347525796
conditional-fit-0118,axis1_general,219,6.725890176169921e-06
conditional-fit-0118,axis1_general,220,0.006928904195461251
conditional-fit-0118,axis1_general,221,0.0010392200153248182
conditional-fit-0118,axis1_general,222,1.3025833204063737e-06
conditional-fit-0118,axis1_general,223,5.0236551981204164e-05
conditional-fit-0118,axis1_general,224,0.025649544882174902
conditional-fit-0118,axis1_general,225,0.03280682541225886
conditional-fit-0118,axis1_general,226,9.49076523710719e-06
conditional-fit-0118,axis1_general,227,9.444546939670374e-06
conditional-fit-0118,axis1_general,228,0.006233350745997294
conditional-fit-0118,axis1_general,229,4.0109871807681275e-05
conditional-fit-0118,axis1_general,230,0.026643030419801525
conditional-fit-0118,axis1_general,231,0.04535344478751527
conditional-fit-0118,axis1_general,232,8.597931554629487e-06
conditional-fit-0118,axis1_general,233,1.019700518806141e-05
conditional-fit-0118,axis1_general,234,0.0008361363028451651
conditional-fit-0118,axis1_general,235,0.03083885788741475
conditional-fit-0118,axis1_general,236,0.08857715843659764
conditional-fit-0118,axis1_general,237,2.335226249001291e-06
conditional-fit-0118,axis1_general,238,0.019453490061100153
conditional-fit-0118,axis1_general,239,0.057113330540881344
conditional-fit-0118,axis1_general,240,0.0013969022621678478
conditional-fit-0118,axis1_general,241,3.2501215939850183e-06
conditional-fit-0118,axis1_general,242,0.007072084416568893
conditional-fit-0118,axis1_general,243,6.990713172397496e-05
conditional-fit-0118,axis1_general,244,1.3883819745874074e-06
conditional-fit-0118,axis1_general,245,1.583190276568295e-06
conditional-fit-0118,axis1_general,246,0.044063355002741264
conditional-fit-0118,axis1_general,247,0.004328737858999986
conditional-fit-0118,axis1_general,248,3.1832947817112586e-05
conditional-fit-0118,axis1_general,249,3.493188488664125e-05
conditional-fit-0118,axis1_general,250,2.0237341476793485e-06
conditional-fit-0118,axis1_general,251,7.407240634266957e-05
conditional-fit-0118,axis1_general,252,0.018599484872159372
conditional-fit-0118,axis1_general,253,0.009195750912173293
conditional-fit-0118,axis1_general,254,0.00010461654539254763
conditional-fit-0118,axis1_general,255,0.014818276705516095
conditional-fit-0118,axis1_general,256,0.0027548736507907825
conditional-fit-0118,axis1_general,257,0.025397801299939148
conditional-fit-0118,axis1_general,258,0.009858051483524487
conditional-fit-0118,axis1_general,259,0.0019456593940542408
conditional-fit-0118,axis1_general,260,3.828217851073185e-06
conditional-fit-0118,axis1_general,261,1.994553163871814e-06
conditional-fit-0118,axis1_general,262,0.0019411042769733563
conditional-fit-0118,axis1_general,263,0.0006157067810622797
conditional-fit-0118,axis1_general,264,0.0003302770232252129
conditional-fit-0118,axis1_general,265,0.0002728522613903971
conditional-fit-0118,axis1_general,266,0.0002938068134909462
conditional-fit-0118,axis1_general,267,0.000143665287490644
conditional-fit-0118,axis1_general,268,0.03014353425614794
conditional-fit-0118,axis1_general,269,8.800969979253484e-06
conditional-fit-0118,axis1_general,270,8.858158632426443e-05
conditional-fit-0118,axis1_general,271,0.05858186465464808
conditional-fit-0118,axis1_general,272,9.813132103325667e-05
conditional-fit-0118,axis1_general,273,0.01405906598132009
conditional-fit-0118,axis1_general,274,0.017697972453802335
conditional-fit-0118,axis1_general,275,0.02949127220888951
conditional-fit-0118,axis1_general,276,4.388782105994681e-05
conditional-fit-0118,axis1_general,277,3.503440846707065e-05
conditional-fit-0118,axis1_general,278,0.0006359983512092282
conditional-fit-0118,axis1_general,279,1.082543184548328e-05
conditional-fit-0118,axis1_general,280,0.00019239861020864887
conditional-fit-0118,axis1_general,281,0.016036656533528426
conditional-fit-0118,axis1_general,282,0.00017374117766701276
conditional-fit-0118,axis1_general,283,5.0253735136750534e-05
conditional-fit-0118,axis1_general,284,2.931229075113258e-06
conditional-fit-0118,axis1_general,285,4.048403744546985e-05
conditional-fit-0118,axis1_general,286,0.00026581542477996975
conditional-fit-0118,axis1_general,287,0.013391271945549024
conditional-fit-0118,axis1_general,288,0.0057324267319350235
conditional-fit-0118,axis1_general,289,0.0014739072033620104
conditional-fit-0118,axis1_general,290,3.4255780247092937e-06
conditional-fit-0118,axis1_general,291,2.5520366158492564e-05
conditional-fit-0118,axis1_general,292,0.0006201393368170797
conditional-fit-0118,axis1_general,293,2.3442649236715037e-06
conditional-fit-0118,axis1_general,294,1.2414346490737664e-05
conditional-fit-0118,axis1_general,295,0.07575981876843113
conditional-fit-0118,axis1_general,296,0.027257193400911095
conditional-fit-0118,axis1_general,297,6.807424737952404e-05
conditional-fit-0118,axis1_general,298,0.00023178626514191734
conditional-fit-0118,axis1_general,299,1.4155762067934931e-05
conditional-fit-0118,axis1_general,300,0.00021882481626773434
conditional-fit-0118,axis1_general,301,0.014993748355601475
conditional-fit-0118,axis1_general,302,0.02737060083979357
conditional-fit-0118,axis1_general,303,0.006901385985400656
conditional-fit-0118,axis1_general,304,5.240076225231216e-05
conditional-fit-0118,axis1_general,305,0.009586922530939117
conditional-fit-0118,axis1_general,306,0.00020037130683127496
conditional-fit-0118,axis1_general,307,0.03069158333158952
conditional-fit-0118,axis1_general,308,7.948189285446521e-06
conditional-fit-0118,axis1_general,309,0.0011129299220280888
conditional-fit-0118,axis1_general,310,0.0027788223956691487
conditional-fit-0118,axis1_general,311,1.2350078613545687e-06
conditional-fit-0118,axis1_general,312,0.005974344612938081
conditional-fit-0118,axis1_general,313,0.001774757122521653
conditional-fit-0118,axis1_general,314,0.0028193219108615802
conditional-fit-0118,axis1_general,315,0.006103710516558492
conditional-fit-0118,axis1_general,316,1.2348646636361738e-05
conditional-fit-0118,axis1_general,317,0.00018027044771155984
conditional-fit-0118,axis1_general,318,0.019330925976903078
conditional-fit-0118,axis1_general,319,0.015316582820299927
conditional-fit-0118,axis1_general,320,0.019517205462584508
conditional-fit-0118,axis1_general,321,0.000977567176727844
conditional-fit-0118,axis1_general,322,0.036358872782422655
conditional-fit-0118,axis1_general,323,0.034651349286370994
conditional-fit-0118,axis1_general,324,0.0251217252995825
conditional-fit-0118,axis1_general,325,2.28167495095197e-06
conditional-fit-0118,axis1_general,326,0.00025536571513065176
conditional-fit-0118,axis1_general,327,1.2013760466984575e-05
conditional-fit-0118,axis1_general,328,1.2074500654303966e-06
conditional-fit-0118,axis1_general,329,3.1372021242017874e-05
conditional-fit-0118,axis1_general,330,0.01734149267101535
conditional-fit-0118,axis1_general,331,0.00695117967666347
conditional-fit-0118,axis1_general,332,2.026032372985035e-05
conditional-fit-0118,axis1_general,333,0.0006463925589316934
conditional-fit-0118,axis1_general,334,0.0016458205092176013
conditional-fit-0118,axis1_general,335,5.3682104495683596e-05
conditional-fit-0118,axis1_general,336,7.95245629012801e-06
conditional-fit-0118,axis1_general,337,1.6509987816058816e-05
conditional-fit-0118,axis1_general,338,0.016775761219164367
conditional-fit-0118,axis1_general,339,0.004986127321778203
conditional-fit-0118,axis1_general,340,0.011263188888889327
conditional-fit-0118,axis1_general,341,0.01500871907742275
conditional-fit-0118,axis1_general,342,0.007264262799913268
conditional-fit-0118,axis1_general,343,0.0002920193497856525
conditional-fit-0118,axis1_general,344,0.00019482006982237077
conditional-fit-0118,axis1_general,345,0.0013365951436679624
conditional-fit-0118,axis1_general,346,0.00048202710827170134
conditional-fit-0118,axis1_general,347,7.704820817939199e-05
conditional-fit-0118,axis1_general,348,0.00755567584539452
conditional-fit-0118,axis1_general,349,0.016973458151160456
conditional-fit-0118,axis1_general,350,1.0408864119374264e-06
conditional-fit-0118,axis1_general,351,8.049486241909276e-06
conditional-fit-0118,axis1_general,352,0.017223541467366717
conditional-fit-0118,axis1_general,353,0.03822136188047358
conditional-fit-0118,axis1_general,354,0.04196376522510348
conditional-fit-0118,axis1_general,355,0.0007612326312282994
conditional-fit-0118,axis1_general,356,9.912367142991021e-05
conditional-fit-0118,axis1_general,357,0.011204439014067076
conditional-fit-0118,axis1_general,358,0.040130636438564085
conditional-fit-0118,axis1_general,359,5.711044625020376e-06
conditional-fit-0118,axis1_general,360,2.882006870844495e-07
conditional-fit-0118,axis1_general,361,0.0010289680815994116
conditional-fit-0118,axis1_general,362,0.006976933045071111
conditional-fit-0118,axis1_general,363,0.0002101726964467875
conditional-fit-0118,axis1_general,364,0.0011053112241454122
conditional-fit-0118,axis1_general,365,3.6223103436738946e-05
conditional-fit-0118,axis1_general,366,0.001353698607462761
conditional-fit-0118,axis1_general,367,2.1456583657379293e-06
conditional-fit-0118,axis1_general,368,0.09074902959439024
conditional-fit-0118,axis1_general,369,4.838785883185374e-05
conditional-fit-0118,axis1_general,370,1.096301008180681e-06
conditional-fit-0118,axis1_general,371,3.050804935448278e-05
conditional-fit-0118,axis1_general,372,0.01415366636141746
conditional-fit-0118,axis1_general,373,0.013980658085149863
conditional-fit-0118,axis1_general,374,0.0001475170553394443
conditional-fit-0118,axis1_general,375,1.7590780942967137e-06
conditional-fit-0118,axis1_general,376,0.00017298197692464096
conditional-fit-0118,axis1_general,377,0.011226223421677138
conditional-fit-0118,axis1_general,378,0.0009252129410814016
conditional-fit-0118,axis1_general,379,0.0011431764529863091
conditional-fit-0118,axis1_general,380,0.003835536931526575
conditional-fit-0118,axis1_general,381,7.410622416034285e-05
conditional-fit-0118,axis1_general,382,0.0005637950320879174
conditional-fit-0118,axis1_general,383,3.944767948125962e-05
conditional-fit-0118,axis1_general,384,0.00010734799588948526
conditional-fit-0118,axis1_general,385,0.0002494094764687507
conditional-fit-0118,axis1_general,386,3.7972744920817517e-06
conditional-fit-0118,axis1_general,387,0.0001025035679914895
conditional-fit-0118,axis1_general,388,0.00035046533997004864
conditional-fit-0118,axis1_general,389,0.001788064306722634
conditional-fit-0118,axis1_general,390,5.926962627470958e-07
conditional-fit-0118,axis1_general,391,7.737459890309141e-05
conditional-fit-0118,axis1_general,392,0.01183313827169099
conditional-fit-0118,axis1_general,393,0.005345317970126705
conditional-fit-0118,axis1_general,394,0.0006901430566246989
conditional-fit-0118,axis1_general,395,0.0029890759174952073
conditional-fit-0118,axis1_general,396,4.517711996866817e-07
conditional-fit-0118,axis1_general,397,0.001348243725931222
conditional-fit-0118,axis1_general,398,0.007276890657627363
conditional-fit-0118,axis1_general,399,0.005791250789967905
conditional-fit-0118,axis1_general,400,0.0016735218807739367
conditional-fit-0118,axis1_general,401,0.00020210763092962916
conditional-fit-0118,axis1_general,402,2.372786728698853e-05
conditional-fit-0118,axis1_general,403,0.04248770753509827
conditional-fit-0118,axis1_general,404,0.06566399409646702
conditional-fit-0118,axis1_general,405,0.0005695501117052914
conditional-fit-0118,axis1_general,406,0.005386754310225599
conditional-fit-0118,axis1_general,407,0.0006225534070225499
conditional-fit-0118,axis1_general,408,0.018814890643682945
conditional-fit-0118,axis1_general,409,0.0019850751644381187
conditional-fit-0118,axis1_general,410,0.022025838184525477
conditional-fit-0118,axis1_general,411,0.0038060594820694166
conditional-fit-0118,axis1_general,412,5.816500114068744e-05
conditional-fit-0118,axis1_general,413,0.003425126492797343
conditional-fit-0118,axis1_general,414,6.412193008626001e-05
conditional-fit-0118,axis1_general,415,1.137657426450937e-06
conditional-fit-0118,axis1_general,416,0.016032888556991726
conditional-fit-0118,axis1_general,417,0.04519877261138548
conditional-fit-0118,axis1_general,418,1.2620079619023627e-05
conditional-fit-0118,axis1_general,419,0.004715435920643926
conditional-fit-0118,axis1_general,420,0.00759770555295507
conditional-fit-0118,axis1_general,421,0.005752053423294709
conditional-fit-0118,axis1_general,422,0.04491485041146922
conditional-fit-0118,axis1_general,423,0.023529861120876724
conditional-fit-0118,axis1_general,424,0.001796841965206063
conditional-fit-0118,axis1_general,425,1.6169212049145173e-06
conditional-fit-0118,axis1_general,426,0.0001927080595411925
conditional-fit-0118,axis1_general,427,0.0008260191363223545
conditional-fit-0118,axis1_general,428,5.705343306058593e-06
conditional-fit-0118,axis1_general,429,5.265964013729246e-06
conditional-fit-0118,axis1_general,430,0.004568961093365909
conditional-fit-0118,axis1_general,431,0.0010996143110117494
conditional-fit-0118,axis1_general,432,2.5229729109867444e-05
conditional-fit-0118,axis1_general,433,1.9874234198894984e-05
conditional-fit-0118,axis1_general,434,3.4458342804924144e-05
conditional-fit-0118,axis1_general,435,0.006257691682776386
conditional-fit-0118,axis1_general,436,0.0012771019269148956
conditional-fit-0118,axis1_general,437,0.03832139265908188
conditional-fit-0118,axis1_general,438,4.933266020464998e-06
conditional-fit-0118,axis1_general,439,0.0774858638669476
conditional-fit-0118,axis1_general,440,0.029844406284923818
conditional-fit-0118,axis1_general,441,0.026994705805986514
conditional-fit-0118,axis1_general,442,2.0685121358686578e-05
conditional-fit-0118,axis1_general,443,0.010060801152776709
conditional-fit-0118,axis1_general,444,0.001861637904927411
conditional-fit-0118,axis1_general,445,3.3421025693508716e-07
conditional-fit-0118,axis1_general,446,0.0003013199300501905
conditional-fit-0118,axis1_general,447,7.723203268189546e-07
conditional-fit-0118,axis1_general,448,7.006978398085666e-05
conditional-fit-0118,axis1_general,449,0.0024324201082628156
conditional-fit-0118,axis1_general,450,0.015548045590917867
conditional-fit-0118,axis1_general,451,0.045660295135611456
conditional-fit-0118,axis1_general,452,1.4488998660308912e-06
conditional-fit-0118,axis1_general,453,0.010751913227760717
conditional-fit-0118,axis1_general,454,0.003527459201547227
conditional-fit-0118,axis1_general,455,0.0001660482331624657
conditional-fit-0118,axis1_general,456,8.63207140509878e-05
conditional-fit-0118,axis1_general,457,0.0006292750358270448
conditional-fit-0118,axis1_general,458,0.008377428141583137
conditional-fit-0118,axis1_general,459,4.302562458063355e-06
conditional-fit-0118,axis1_general,460,0.00035071474542868884
conditional-fit-0118,axis1_general,461,0.00047032075484933385
conditional-fit-0118,axis1_general,462,9.954487829567304e-07
conditional-fit-0118,axis1_general,463,6.496759274670154e-06
conditional-fit-0118,axis1_general,464,0.03630332617240618
conditional-fit-0118,axis1_general,465,0.0015387632636063263
conditional-fit-0118,axis1_general,466,0.0014121686016217803
conditional-fit-0118,axis1_general,467,2.9362522952038364e-05
conditional-fit-0118,axis1_general,468,3.6899643722147387e-06
conditional-fit-0118,axis1_general,469,2.213341073728085e-05
conditional-fit-0118,axis1_general,470,0.01062395736938707
conditional-fit-0118,axis1_general,471,0.0010398976770697507
conditional-fit-0118,axis1_general,472,6.448897251965502e-07
conditional-fit-0118,axis1_general,473,1.986489354282976e-05
conditional-fit-0118,axis1_general,474,2.16070072101174e-05
conditional-fit-0118,axis1_general,475,0.02382473832414546
conditional-fit-0118,axis1_general,476,0.0038616800097428447
conditional-fit-0118,axis1_general,477,0.001785945979380147
conditional-fit-0118,axis1_general,478,4.345250983712629e-07
conditional-fit-0118,axis1_general,479,0.00029486552140356497
conditional-fit-0118,axis1_general,480,0.00015315255086237008
conditional-fit-0118,axis1_general,481,0.04200712436634364
conditional-fit-0118,axis1_general,482,1.2313317878951798e-05
conditional-fit-0118,axis1_general,483,0.0005078697787681578
conditional-fit-0118,axis1_general,484,0.0014135595942408492
conditional-fit-0118,axis1_general,485,2.232783030595939e-05
conditional-fit-0118,axis1_general,486,0.0022757701925620356
conditional-fit-0118,axis1_general,487,0.0057254148496637645
conditional-fit-0118,axis1_general,488,3.116344190578519e-05
conditional-fit-0118,axis1_general,489,0.017516610473118956
conditional-fit-0118,axis1_general,490,3.4072469501296558e-06
conditional-fit-0118,axis1_general,491,0.007597252217728265
conditional-fit-0118,axis1_general,492,0.0006308644713372089
conditional-fit-0118,axis1_general,493,7.195147729515034e-07
conditional-fit-0118,axis1_general,494,0.00014919528035323062
conditional-fit-0118,axis1_general,495,0.00020723284777299532
conditional-fit-0118,axis1_general,496,0.00024346362769686906
conditional-fit-0118,axis1_general,497,0.0012024773603189676
conditional-fit-0118,axis1_general,498,6.864825349955445e-06
conditional-fit-0118,axis1_general,499,0.007430863017041454
conditional-fit-0118,axis1_general,500,0.002199404954463178
conditional-fit-0118,axis1_general,501,3.012276257631751e-07
conditional-fit-0118,axis1_general,502,2.655075493069979e-06
conditional-fit-0118,axis1_general,503,0.009228290183657641
conditional-fit-0118,axis1_general,504,0.0004493635420968105
conditional-fit-0118,axis1_general,505,7.137558329928999e-05
conditional-fit-0118,axis1_general,506,1.692975566013744e-06
conditional-fit-0118,axis1_general,507,2.877307727040379e-05
conditional-fit-0118,axis1_general,508,0.009172544007037091
conditional-fit-0118,axis1_general,509,0.007513876363696721
conditional-fit-0118,axis1_general,510,0.012306580096595523
conditional-fit-0118,axis1_general,511,0.000740776133171439
conditional-fit-0118,axis1_general,512,0.012806951616468481
conditional-fit-0118,axis1_general,513,0.03941979557992029
conditional-fit-0118,axis1_general,514,0.003302793847474973
conditional-fit-0118,axis1_general,515,0.0034461247606752594
conditional-fit-0118,axis1_general,516,7.184794978566966e-07
conditional-fit-0118,axis1_general,517,6.42309298731498e-05
conditional-fit-0118,axis1_general,518,0.01522031064508303
conditional-fit-0118,axis1_general,519,0.03728950458813291
conditional-fit-0118,axis1_general,520,1.0793575097963874e-05
conditional-fit-0118,axis1_general,521,0.004379849002531112
conditional-fit-0118,axis1_general,522,0.012942492478671595
conditional-fit-0118,axis1_general,523,0.0003433448793986214
conditional-fit-0118,axis1_general,524,0.013307157768682182
conditional-fit-0118,axis1_general,525,1.2193530070653539e-05
conditional-fit-0118,axis1_general,526,1.5517742448700447e-05
conditional-fit-0118,axis1_general,527,0.020805794607614673
conditional-fit-0118,axis1_general,528,0.0025100494299074814
conditional-fit-0118,axis1_general,529,1.812383454362642e-06
conditional-fit-0118,axis1_general,530,0.00320988694704415
conditional-fit-0118,axis1_general,531,0.0019018940631322625
conditional-fit-0118,axis1_general,532,1.1939816893746334e-06
conditional-fit-0118,axis1_general,533,3.038941250491342e-06
conditional-fit-0118,axis1_general,534,0.04154063574203032
conditional-fit-0118,axis1_general,535,0.027627257982074327
conditional-fit-0118,axis1_general,536,0.04846634617574266
conditional-fit-0118,axis1_general,537,2.7127593285161206e-05
conditional-fit-0118,axis1_general,538,0.0008782107711084821
conditional-fit-0118,axis1_general,539,2.786253029141714e-05
conditional-fit-0118,axis1_general,540,8.452276537853108e-07
conditional-fit-0118,axis1_general,541,3.357311030704274e-05
conditional-fit-0118,axis1_general,542,0.10571783048290108
conditional-fit-0118,axis1_general,543,4.750422049041156e-06
conditional-fit-0118,axis1_general,544,0.035282962621595484
conditional-fit-0118,axis1_general,545,0.03487065174796335
conditional-fit-0118,axis1_general,546,0.10994518947330884
conditional-fit-0118,axis1_general,547,0.000854041426064678
conditional-fit-0118,axis1_general,548,0.000412435017316166
conditional-fit-0118,axis1_general,549,0.11293076848969426
conditional-fit-0118,axis1_general,550,4.8411646747414366e-05
conditional-fit-0118,axis1_general,551,7.124673042828313e-06
conditional-fit-0118,axis1_general,552,0.0001473906735566375
conditional-fit-0118,axis1_general,553,0.006132762657091992
conditional-fit-0118,axis1_general,554,0.03813741284760871
conditional-fit-0118,axis1_general,555,1.9844701429322653e-06
conditional-fit-0118,axis1_general,556,0.002618481207938324
conditional-fit-0118,axis1_general,557,0.000527816124180638
conditional-fit-0118,axis1_general,558,0.006921556859396362
conditional-fit-0118,axis1_general,559,8.195314124863836e-05
conditional-fit-0118,axis1_general,560,0.0006852250263968393
conditional-fit-0118,axis1_general,561,5.03508532793125e-05
conditional-fit-0118,axis1_general,562,0.006524180874464944
conditional-fit-0118,axis1_general,563,5.831700848725937e-07
conditional-fit-0118,axis1_general,564,0.00036460545530188565
conditional-fit-0118,axis1_general,565,0.0006113056785202312
conditional-fit-0118,axis1_general,566,1.0266441171103283e-06
conditional-fit-0118,axis1_general,567,7.558565541848531e-06
conditional-fit-0118,axis1_general,568,0.04465182716079591
conditional-fit-0118,axis1_general,569,0.02817202887359098
conditional-fit-0118,axis1_general,570,0.00028112156677644854
conditional-fit-0118,axis1_general,571,2.237162494424907e-06
conditional-fit-0118,axis1_general,572,0.0002127809531120366
conditional-fit-0118,axis1_general,573,0.05344163973921554
conditional-fit-0118,axis1_general,574,0.00948982578568724
conditional-fit-0118,axis1_general,575,0.0003250792203429444
conditional-fit-0118,axis1_general,576,0.01286396557542147
conditional-fit-0118,axis1_general,577,0.00011942232068252887
conditional-fit-0118,axis1_general,578,0.009450450422887564
conditional-fit-0118,axis1_general,579,0.00972946024576042
conditional-fit-0118,axis1_general,580,0.0013768406738853395
conditional-fit-0118,axis1_general,581,6.204990367703464e-05
conditional-fit-0118,axis1_general,582,6.351238141902379e-07
conditional-fit-0118,axis1_general,583,3.668215141070727e-05
conditional-fit-0118,axis1_general,584,0.002875798380208451
conditional-fit-0118,axis1_general,585,3.9812058571989e-06
conditional-fit-0118,axis1_general,586,0.02599565842483026
conditional-fit-0118,axis1_general,587,5.607261865347928e-06
conditional-fit-0118,axis1_general,588,0.013678561262971596
conditional-fit-0118,axis1_general,589,0.03214015865991408
conditional-fit-0118,axis1_general,590,0.011519673760188007
conditional-fit-0118,axis1_general,591,5.294246209351454e-06
conditional-fit-0118,axis1_general,592,1.1947982613723836e-06
conditional-fit-0118,axis1_general,593,0.006373631449873109
conditional-fit-0118,axis1_general,594,0.0200889103878781
conditional-fit-0118,axis1_general,595,4.984117548423249e-06
conditional-fit-0118,axis1_general,596,0.0016183881507082784
conditional-fit-0118,axis1_general,597,0.007812666598091315
conditional-fit-0118,axis1_general,598,5.710588478130075e-07
conditional-fit-0118,axis1_general,599,6.365149084082342e-06
conditional-fit-0118,axis1_general,600,0.030813496133473436
conditional-fit-0118,axis1_general,601,0.0018291505075855301
conditional-fit-0118,axis1_general,602,0.0036823502418583797
conditional-fit-0118,axis1_general,603,9.522887863757182e-05
conditional-fit-0118,axis1_general,604,0.000680886471370838
conditional-fit-0118,axis1_general,605,1.0007175715259396e-06
conditional-fit-0118,axis1_general,606,0.0002766230314300965
conditional-fit-0118,axis1_general,607,0.02607761534025868
conditional-fit-0118,axis1_general,608,0.0035349294445400706
conditional-fit-0118,axis1_general,609,0.0042376619494042984
conditional-fit-0118,axis1_general,610,0.0012940939941625247
conditional-fit-0118,axis1_general,611,0.00321758461136619
conditional-fit-0118,axis1_general,612,0.00023301147471955835
conditional-fit-0118,axis1_general,613,4.5386837407620613e-07
conditional-fit-0118,axis1_general,614,0.0007244642057585095
conditional-fit-0118,axis1_general,615,0.01630501312391563
conditional-fit-0118,axis1_general,616,2.4374299778809104e-06
conditional-fit-0118,axis1_general,617,0.002432689786124486
conditional-fit-0118,axis1_general,618,0.01754448599572589
conditional-fit-0118,axis1_general,619,0.0005009882352495893
conditional-fit-0118,axis1_general,620,0.0020360998522294697
conditional-fit-0118,axis1_general,621,2.3749111653752615e-06
conditional-fit-0118,axis1_general,622,0.0067925057247075135
conditional-fit-0118,axis1_general,623,0.0007665424705747695
conditional-fit-0118,axis1_general,624,3.385320335327556e-07
conditional-fit-0118,axis1_general,625,1.0879000526016671e-05
conditional-fit-0118,axis1_general,626,0.023002850260440147
conditional-fit-0118,axis1_general,627,0.06294144638162408
conditional-fit-0118,axis1_general,628,0.003215282086137663
conditional-fit-0118,axis1_general,629,3.961398689298574e-05
conditional-fit-0118,axis1_general,630,2.3831069710143813e-07
conditional-fit-0118,axis1_general,631,1.3658054125127923e-05
conditional-fit-0118,axis1_general,632,0.056635556277496446
conditional-fit-0118,axis1_general,633,0.019796481897639228
conditional-fit-0118,axis1_general,634,0.0014310785667135451
conditional-fit-0118,axis1_general,635,0.0023658663131807265
conditional-fit-0118,axis1_general,636,0.00776240903104972
conditional-fit-0118,axis1_general,637,0.06293734469982284
conditional-fit-0118,axis1_general,638,0.0004164704228208859
conditional-fit-0118,axis1_general,639,0.00044555670699222285
conditional-fit-0118,axis1_general,640,0.008381070666161729
conditional-fit-0118,axis1_general,641,0.010435750156679205
conditional-fit-0118,axis1_general,642,0.011789141850655292
conditional-fit-0118,axis1_general,643,0.006717738907789206
conditional-fit-0118,axis1_general,644,0.001710560430997772
conditional-fit-0118,axis1_general,645,0.00491219196699698
conditional-fit-0118,axis1_general,646,0.00011404111279468971
conditional-fit-0118,axis1_general,647,4.084814708502372e-07
conditional-fit-0118,axis1_general,648,0.0005021134965794106
conditional-fit-0118,axis1_general,649,0.013427894124194878
conditional-fit-0118,axis1_general,650,0.00045680980883188436
conditional-fit-0118,axis1_general,651,3.110139746943849e-05
conditional-fit-0118,axis1_general,652,0.0032515682754396323
conditional-fit-0118,axis1_general,653,3.5757879554336146e-05
conditional-fit-0118,axis1_general,654,0.0019329126035690352
conditional-fit-0118,axis1_general,655,0.0114624675077259
conditional-fit-0118,axis1_general,656,7.72909198993851e-05
conditional-fit-0118,axis1_general,657,3.750237320405291e-05
conditional-fit-0118,axis1_general,658,1.6030682829310548e-05
conditional-fit-0118,axis1_general,659,0.0009634888540170023
conditional-fit-0118,axis1_general,660,0.00022134344142628266
conditional-fit-0118,axis1_general,661,7.277958895180959e-05
conditional-fit-0118,axis1_general,662,1.372565781278724e-05
conditional-fit-0118,axis1_general,663,0.0010803871141114398
conditional-fit-0118,axis1_general,664,8.371235404993038e-05
conditional-fit-0118,axis1_general,665,0.0018834861565837262
conditional-fit-0118,axis1_general,666,6.619669222247912e-06
conditional-fit-0118,axis1_general,667,0.004804614810776745
conditional-fit-0118,axis1_general,668,0.004032597080301244
conditional-fit-0118,axis1_general,669,9.963451954010123e-07
conditional-fit-0118,axis1_general,670,1.4506102579975406e-05
conditional-fit-0118,axis1_general,671,0.027691766247818835
conditional-fit-0118,axis1_general,672,9.61998911880365e-05
conditional-fit-0118,axis1_general,673,3.2698540728380045e-05
conditional-fit-0118,axis1_general,674,2.190461682483284e-05
conditional-fit-0118,axis1_general,675,3.4570702710737166e-06
conditional-fit-0118,axis1_general,676,1.0071716722361567e-05
conditional-fit-0118,axis1_general,677,0.006927779423345508
conditional-fit-0118,axis1_general,678,0.00019479498990610043
conditional-fit-0118,axis1_general,679,0.048155780619840965
conditional-fit-0118,axis1_general,680,0.0011145991186720721
conditional-fit-0118,axis1_general,681,5.3273356456792485e-05
conditional-fit-0118,axis1_general,682,2.336008024815761e-06
conditional-fit-0118,axis1_general,683,0.001951778087414233
conditional-fit-0118,axis1_general,684,0.0018873566088784667
conditional-fit-0118,axis1_general,685,0.00020746097618344226
conditional-fit-0118,axis1_general,686,9.435543332176405e-07
conditional-fit-0118,axis1_general,687,0.006848847693469521
conditional-fit-0118,axis1_general,688,3.427264974189453e-05
conditional-fit-0118,axis1_general,689,0.0017993180935434606
conditional-fit-0118,axis1_general,690,0.0024441841562511044
conditional-fit-0118,axis1_general,691,0.019940335248594166
conditional-fit-0118,axis1_general,692,1.7770498835961578e-06
conditional-fit-0118,axis1_general,693,0.0005056253777776987
conditional-fit-0118,axis1_general,694,1.9740994193122506e-06
conditional-fit-0118,axis1_general,695,0.009807587573488277
conditional-fit-0118,axis1_general,696,0.0018399743391397368
conditional-fit-0118,axis1_general,697,0.0017700439627668328
conditional-fit-0118,axis1_general,698,0.018449715387022378
conditional-fit-0118,axis1_general,699,0.00906998341528275
conditional-fit-0118,axis1_general,700,1.923671200724555e-05
conditional-fit-0118,axis1_general,701,0.02211959317217696
conditional-fit-0118,axis1_general,702,0.00033798417886351736
conditional-fit-0118,axis1_general,703,0.00029307606992264555
conditional-fit-0118,axis1_general,704,0.011465862270585074
conditional-fit-0118,axis1_general,705,6.318332329930375e-05
conditional-fit-0118,axis1_general,706,0.0004792465049679457
conditional-fit-0118,axis1_general,707,0.00590358766284923
conditional-fit-0118,axis1_general,708,0.0011679270600347697
conditional-fit-0118,axis1_general,709,0.009432907188773064
conditional-fit-0118,axis1_general,710,9.330046870083478e-05
conditional-fit-0118,axis1_general,711,9.288059357304004e-06
conditional-fit-0118,axis1_general,712,0.00032473405435996686
conditional-fit-0118,axis1_general,713,1.165456317189017e-06
conditional-fit-0118,axis1_general,714,0.00021769270449412993
conditional-fit-0118,axis1_general,715,0.0008355446944779783
conditional-fit-0118,axis1_general,716,3.992418409352812e-07
conditional-fit-0118,axis1_general,717,7.981405086135996e-05
conditional-fit-0118,axis1_general,718,0.04219368735314952
conditional-fit-0118,axis1_general,719,0.0002109417862677045
conditional-fit-0118,axis1_general,720,0.017560856166027365
conditional-fit-0118,axis1_general,721,0.00035279859700802904
conditional-fit-0118,axis1_general,722,3.7281728058758136e-05
conditional-fit-0118,axis1_general,723,3.781502096068568e-06
conditional-fit-0118,axis1_general,724,5.0606529276048224e-05
conditional-fit-0118,axis1_general,725,0.00532144084937174
conditional-fit-0118,axis1_general,726,1.242190376995618e-05
conditional-fit-0118,axis1_general,727,0.0036090415666491828
conditional-fit-0118,axis1_general,728,0.0066855297276328845
conditional-fit-0118,axis1_general,729,0.02266446676833621
conditional-fit-0118,axis1_general,730,1.6755468999849077e-05
conditional-fit-0118,axis1_general,731,0.0010464223546426711
conditional-fit-0118,axis1_general,732,0.014701041923854047
conditional-fit-0118,axis1_general,733,0.029230822448551082
conditional-fit-0118,axis1_general,734,0.00043181533638555114
conditional-fit-0118,axis1_general,735,0.042014657994116945
conditional-fit-0118,axis1_general,736,4.515513100866686e-06
conditional-fit-0118,axis1_general,737,5.088928223634603e-05
conditional-fit-0118,axis1_general,738,0.0004696601327944518
conditional-fit-0118,axis1_general,739,0.0011082016625330365
conditional-fit-0118,axis1_general,740,0.008684638725674085
conditional-fit-0118,axis1_general,741,4.0663833589299385e-06
conditional-fit-0118,axis1_general,742,0.0018687066862570615
conditional-fit-0118,axis1_general,743,0.005143424818277537
conditional-fit-0118,axis1_general,744,7.107408620276491e-07
conditional-fit-0118,axis1_general,745,1.4428377739795658e-05
conditional-fit-0118,axis1_general,746,0.07313126509013941
conditional-fit-0118,axis1_general,747,0.0621457670033749
conditional-fit-0118,axis1_general,748,0.00016673750208605196
conditional-fit-0118,axis1_general,749,1.0772035536345705e-06
conditional-fit-0118,axis1_general,750,2.047432086879381e-05
conditional-fit-0118,axis1_general,751,0.0059205538244894345
conditional-fit-0118,axis1_general,752,4.3607490364328025e-06
conditional-fit-0118,axis1_general,753,8.12640982045929e-06
conditional-fit-0118,axis1_general,754,0.003442584453845647
conditional-fit-0118,axis1_general,755,0.02253592975570022
conditional-fit-0118,axis1_general,756,0.00016980794419033232
conditional-fit-0118,axis1_general,757,0.013291857629224087
conditional-fit-0118,axis1_general,758,0.016605198625150114
conditional-fit-0118,axis1_general,759,0.09871532046746281
conditional-fit-0118,axis1_general,760,0.004656687166261723
conditional-fit-0118,axis1_general,761,0.00024197158378117334
conditional-fit-0118,axis1_general,762,2.117659686976119e-06
conditional-fit-0118,axis1_general,763,0.0001631089107301427
conditional-fit-0118,axis1_general,764,0.0001917008685926121
conditional-fit-0118,axis1_general,765,0.03390189123848193
conditional-fit-0118,axis1_general,766,5.8257293766434e-05
conditional-fit-0118,axis1_general,767,6.035671725436274e-06
conditional-fit-0118,axis1_general,768,0.00044644651924336215
conditional-fit-0118,axis1_general,769,0.002016508518516903
conditional-fit-0118,axis1_general,770,8.061629062124422e-06
conditional-fit-0118,axis1_general,771,0.007157813567757847
conditional-fit-0118,axis1_general,772,0.0035575074074501835
conditional-fit-0118,axis1_general,773,0.0007581557232776015
conditional-fit-0118,axis1_general,774,0.006441366483337462
conditional-fit-0118,axis1_general,775,5.45926242705503e-06
conditional-fit-0118,axis1_general,776,9.25427343533738e-07
conditional-fit-0118,axis1_general,777,0.0014412556190779796
conditional-fit-0118,axis1_general,778,0.0001722715533353859
conditional-fit-0118,axis1_general,779,6.350169237083322e-05
conditional-fit-0118,axis1_general,780,2.119889449296818e-06
conditional-fit-0118,axis1_general,781,0.012803191057140078
conditional-fit-0118,axis1_general,782,0.08333618301541229
conditional-fit-0118,axis1_general,783,5.120702532870852e-06
conditional-fit-0118,axis1_general,784,0.002128887901916513
conditional-fit-0118,axis1_general,785,0.0018242829898865967
conditional-fit-0118,axis1_general,786,9.991082061935467e-06
conditional-fit-0118,axis1_general,787,0.004448513008202709
conditional-fit-0118,axis1_general,788,5.881348655033562e-06
conditional-fit-0118,axis1_general,789,9.520392338926191e-06
conditional-fit-0118,axis1_general,790,1.0848917152868336e-05
conditional-fit-0118,axis1_general,791,0.022876955350231827
conditional-fit-0118,axis1_general,792,1.1865703585997761e-05
conditional-fit-0118,axis1_general,793,0.005776585072346727
conditional-fit-0118,axis1_general,794,0.008138865962101524
conditional-fit-0118,axis1_general,795,1.2206805675075154e-06
conditional-fit-0118,axis1_general,796,1.3252213900553238e-05
conditional-fit-0118,axis1_general,797,0.06071866991249924
conditional-fit-0118,axis1_general,798,6.113294495585845e-05
conditional-fit-0118,axis1_general,799,0.004040687145404575
conditional-fit-0118,axis1_general,800,0.00045543608387886906
conditional-fit-0118,axis1_general,801,1.2547291001390289e-05
conditional-fit-0118,axis1_general,802,7.561374073606971e-05
conditional-fit-0118,axis1_general,803,9.623954117627007e-07
conditional-fit-0118,axis1_general,804,2.7163396902417268e-05
conditional-fit-0118,axis1_general,805,0.02472121623181351
conditional-fit-0118,axis1_general,806,0.03722855604598392
conditional-fit-0118,axis1_general,807,0.01261987561275685
conditional-fit-0118,axis1_general,808,0.014476922891663073
conditional-fit-0118,axis1_general,809,0.02400817944619273
conditional-fit-0118,axis1_general,810,0.0018701855340599264
conditional-fit-0118,axis1_general,811,0.06676188826808825
conditional-fit-0118,axis1_general,812,0.0016165906822772514
conditional-fit-0118,axis1_general,813,0.0028141001417701095
conditional-fit-0118,axis1_general,814,0.0007957730170305324
conditional-fit-0118,axis1_general,815,0.014678719829628692
conditional-fit-0118,axis1_general,816,0.0003049391677901708
conditional-fit-0118,axis1_general,817,0.006296316880112366
conditional-fit-0118,axis1_general,818,2.319978396959214e-06
conditional-fit-0118,axis1_general,819,0.0036886159993480662
conditional-fit-0118,axis1_general,820,0.00018507726092262174
conditional-fit-0118,axis1_general,821,2.6979079334835068e-05
conditional-fit-0118,axis1_general,822,8.589480582784877e-06
conditional-fit-0118,axis1_general,823,7.345058363318912e-06
conditional-fit-0118,axis1_general,824,0.001127706747896392
conditional-fit-0118,axis1_general,825,7.1579039918662185e-06
conditional-fit-0118,axis1_general,826,6.8815327725571e-06
conditional-fit-0118,axis1_general,827,0.0015991624037710005
conditional-fit-0118,axis1_general,828,4.179917784972213e-05
conditional-fit-0118,axis1_general,829,2.445705331737614e-06
conditional-fit-0118,axis1_general,830,8.750520759525457e-05
conditional-fit-0118,axis1_general,831,0.00125069888674658
conditional-fit-0118,axis1_general,832,0.00454537796757204
conditional-fit-0118,axis1_general,833,0.0074509043053255924
conditional-fit-0118,axis1_general,834,1.1132746783491625e-06
conditional-fit-0118,axis1_general,835,0.0008991528000612914
conditional-fit-0118,axis1_general,836,0.0027233054260517317
conditional-fit-0118,axis1_general,837,1.745336333404801e-06
conditional-fit-0118,axis1_general,838,2.1455915880497782e-05
conditional-fit-0118,axis1_general,839,0.024166106511588247
conditional-fit-0118,axis1_general,840,1.687055640988718e-05
conditional-fit-0118,axis1_general,841,0.000137375384040602
conditional-fit-0118,axis1_general,842,0.0027625724517381448
conditional-fit-0118,axis1_general,843,2.0111769158736185e-05
conditional-fit-0118,axis1_general,844,5.73431503594549e-07
conditional-fit-0118,axis1_general,845,1.4603240732919873e-06
conditional-fit-0118,axis1_general,846,0.0038446099672899883
conditional-fit-0118,axis1_general,847,0.016745069933253712
conditional-fit-0118,axis1_general,848,0.007809833627207986
conditional-fit-0118,axis1_general,849,0.00115151739104979
conditional-fit-0118,axis1_general,850,0.00019070112250036352
conditional-fit-0118,axis1_general,851,3.502591323951906e-06
conditional-fit-0118,axis1_general,852,1.472288325030611e-06
conditional-fit-0118,axis1_general,853,0.010365370401947287
conditional-fit-0118,axis1_general,854,0.03535687352014277
conditional-fit-0118,axis1_general,855,0.09405900081559165
conditional-fit-0118,axis1_general,856,0.00017143768490313017
conditional-fit-0118,axis1_general,857,0.03968585685523604
conditional-fit-0118,axis1_general,858,0.015018599376949018
conditional-fit-0118,axis1_general,859,3.375134258900289e-07
conditional-fit-0118,axis1_general,860,0.007728480035534321
conditional-fit-0118,axis1_general,861,0.06976969746772593
conditional-fit-0118,axis1_general,862,0.015320348845043727
conditional-fit-0118,axis1_general,863,0.006861254462437911
conditional-fit-0118,axis1_general,864,0.007736941628278846
conditional-fit-0118,axis1_general,865,2.0854589450714576e-06
conditional-fit-0118,axis1_general,866,0.0010521569144366191
conditional-fit-0118,axis1_general,867,0.002588167228079017
conditional-fit-0118,axis1_general,868,0.013768668673454748
conditional-fit-0118,axis1_general,869,1.4932122378294874e-05
conditional-fit-0118,axis1_general,870,8.017242302034657e-07
conditional-fit-0118,axis1_general,871,1.8913319074788357e-05
conditional-fit-0118,axis1_general,872,0.007154905912696867
conditional-fit-0118,axis1_general,873,1.2584091300548987e-06
conditional-fit-0118,axis1_general,874,0.011661103528373025
conditional-fit-0118,axis1_general,875,1.289359391784337e-06
conditional-fit-0118,axis1_general,876,0.002276989869697779
conditional-fit-0118,axis1_general,877,3.67149112806717e-05
conditional-fit-0118,axis1_general,878,0.002381848138836718
conditional-fit-0118,axis1_general,879,0.000171795789625684
conditional-fit-0118,axis1_general,880,0.014967008370244325
conditional-fit-0118,axis1_general,881,4.1881966107299915e-05
conditional-fit-0118,axis1_general,882,0.02920786178751624
conditional-fit-0118,axis1_general,883,0.0005095424403048259
conditional-fit-0118,axis1_general,884,0.0019883235782060926
conditional-fit-0118,axis1_general,885,0.00011284869267514774
conditional-fit-0118,axis1_general,886,0.000911932299944532
conditional-fit-0118,axis1_general,887,0.0025914172600632474
conditional-fit-0118,axis1_general,888,8.669389870814566e-07
conditional-fit-0118,axis1_general,889,0.0018944632278104423
conditional-fit-0118,axis1_general,890,0.014510091782244666
conditional-fit-0118,axis1_general,891,0.002833566351274528
conditional-fit-0118,axis1_general,892,0.004330692875178629
conditional-fit-0118,axis1_general,893,0.004311682269070961
conditional-fit-0118,axis1_general,894,0.003830419205811921
conditional-fit-0118,axis1_general,895,0.00884773465686419
conditional-fit-0118,axis1_general,896,0.001063689448783307
conditional-fit-0118,axis1_general,897,0.023818042149435635
conditional-fit-0118,axis1_general,898,0.007170635005291152
conditional-fit-0118,axis1_general,899,0.004810439290770966
conditional-fit-0118,axis1_general,900,0.0660007376690179
conditional-fit-0118,axis1_general,901,0.00048453194097015944
conditional-fit-0118,axis1_general,902,0.001738537232364579
conditional-fit-0118,axis1_general,903,2.3023222712762637e-05
conditional-fit-0118,axis1_general,904,0.0029661294410248808
conditional-fit-0118,axis1_general,905,0.010392948650481758
conditional-fit-0118,axis1_general,906,0.00012710088283465025
conditional-fit-0118,axis1_general,907,2.6925730426550455e-05
conditional-fit-0118,axis1_general,908,1.2913958678492473e-05
conditional-fit-0118,axis1_general,909,4.794835199870576e-06
conditional-fit-0118,axis1_general,910,0.0025646850882085617
conditional-fit-0118,axis1_general,911,0.06717613494732312
conditional-fit-0118,axis1_general,912,0.0012707765684763352
conditional-fit-0118,axis1_general,913,0.012615181044775227
conditional-fit-0118,axis1_general,914,0.013276719300276366
conditional-fit-0118,axis1_general,915,0.007550792688684069
conditional-fit-0118,axis1_general,916,0.018798503845483143
conditional-fit-0118,axis1_general,917,5.728421390078046e-05
conditional-fit-0118,axis1_general,918,0.03713084225560584
conditional-fit-0118,axis1_general,919,0.021011724152844767
conditional-fit-0118,axis1_general,920,6.013151607629784e-05
conditional-fit-0118,axis1_general,921,0.01406413439790881
conditional-fit-0118,axis1_general,922,0.007634116304195401
conditional-fit-0118,axis1_general,923,0.0015019952316015755
conditional-fit-0118,axis1_general,924,0.0006351146434852915
conditional-fit-0118,axis1_general,925,0.0007005804048430819
conditional-fit-0118,axis1_general,926,0.007031151468737531
conditional-fit-0118,axis1_general,927,0.009633650775716734
conditional-fit-0118,axis1_general,928,5.0487060262631155e-05
conditional-fit-0118,axis1_general,929,0.0003353126056120344
conditional-fit-0118,axis1_general,930,0.011139178923151163
conditional-fit-0118,axis1_general,931,0.021063860001822254
conditional-fit-0118,axis1_general,932,3.900876370458624e-05
conditional-fit-0118,axis1_general,933,1.924984680841897e-05
conditional-fit-0118,axis1_general,934,5.486227147366687e-06
conditional-fit-0118,axis1_general,935,2.374390191355438e-05
conditional-fit-0118,axis1_general,936,0.00023969581644319
conditional-fit-0118,axis1_general,937,0.00015668097156993754
conditional-fit-0118,axis1_general,938,3.080413896880616e-05
conditional-fit-0118,axis1_general,939,2.2555223558067288e-05
conditional-fit-0118,axis1_general,940,2.4650044528292535e-06
conditional-fit-0118,axis1_general,941,0.0038416356483337894
conditional-fit-0118,axis1_general,942,0.004843184101597088
conditional-fit-0118,axis1_general,943,0.00012680449001640668
conditional-fit-0118,axis1_general,944,0.017895882135757747
conditional-fit-0118,axis1_general,945,1.7896941934218567e-05
conditional-fit-0118,axis1_general,946,1.0792223590604311e-05
conditional-fit-0118,axis1_general,947,0.015410656425853335
conditional-fit-0118,axis1_general,948,4.373196771299296e-06
conditional-fit-0118,axis1_general,949,1.9427170388272033e-06
conditional-fit-0118,axis1_general,950,1.1544843782566997e-05
conditional-fit-0118,axis1_general,951,0.0009736437902365903
conditional-fit-0118,axis1_general,952,0.009668814031766212
conditional-fit-0118,axis1_general,953,6.3890654240452065e-06
conditional-fit-0118,axis1_general,954,2.439915275030612e-05
conditional-fit-0118,axis1_general,955,0.0004664961635123336
conditional-fit-0118,axis1_general,956,4.8822660733288935e-06
conditional-fit-0118,axis1_general,957,6.891840865376011e-06
conditional-fit-0118,axis1_general,958,5.187514511134996e-06
conditional-fit-0118,axis1_general,959,0.006630213435715807
conditional-fit-0118,axis1_general,960,0.0026531024952177965
conditional-fit-0118,axis1_general,961,0.0014636217648095328
conditional-fit-0118,axis1_general,962,0.00036654526790371985
conditional-fit-0118,axis1_general,963,0.015016771985448082
conditional-fit-0118,axis1_general,964,0.003573388414702343
conditional-fit-0118,axis1_general,965,0.021351807970612667
conditional-fit-0118,axis1_general,966,0.006678434187695458
conditional-fit-0118,axis1_general,967,0.024670110793152587
conditional-fit-0118,axis1_general,968,0.0022116431399363326
conditional-fit-0118,axis1_general,969,4.4165297325694076e-06
conditional-fit-0118,axis1_general,970,0.00260105000536982
conditional-fit-0118,axis1_general,971,3.4414246080699832e-06
conditional-fit-0118,axis1_general,972,0.005569825144964148
conditional-fit-0118,axis1_general,973,0.017425872190581698
conditional-fit-0118,axis1_general,974,0.01799448767698076
conditional-fit-0118,axis1_general,975,0.0012467434809651807
conditional-fit-0118,axis1_general,976,0.01219519246278252
conditional-fit-0118,axis1_general,977,8.678024272067234e-05
conditional-fit-0118,axis1_general,978,0.0011726854563588033
conditional-fit-0118,axis1_general,979,0.002134604410842291
conditional-fit-0118,axis1_general,980,0.0004119359297331565
conditional-fit-0118,axis1_general,981,0.003230878159468905
conditional-fit-0118,axis1_general,982,0.004129030623915479
conditional-fit-0118,axis1_general,983,0.00023488204142569613
conditional-fit-0118,axis1_general,984,0.0037430041121789192
conditional-fit-0118,axis1_general,985,0.0024180999086502227
conditional-fit-0118,axis1_general,986,2.047105611904019e-05
conditional-fit-0118,axis1_general,987,2.981917880180078e-06
conditional-fit-0118,axis1_general,988,2.1302444394943033e-06
conditional-fit-0118,axis1_general,989,0.001042748337500417
conditional-fit-0118,axis1_general,990,0.005526839192812227
conditional-fit-0118,axis1_general,991,5.201578845074852e-07
conditional-fit-0118,axis1_general,992,0.0015828885234273407
conditional-fit-0118,axis1_general,993,0.003058624564999969
conditional-fit-0118,axis1_general,994,0.0119914568500504
conditional-fit-0118,axis1_general,995,0.0011481242276261004
conditional-fit-0118,axis1_general,996,0.006255713920796272
conditional-fit-0118,axis1_general,997,0.0004918160322937594
conditional-fit-0118,axis1_general,998,0.0001231735845290912
conditional-fit-0118,axis1_general,999,0.0016187270661659342
conditional-fit-0118,axis1_general,1000,0.0010346816878597763
conditional-fit-0118,axis1_general,1001,0.005428686975024674
conditional-fit-0118,axis1_general,1002,0.04213303511664256
conditional-fit-0118,axis1_general,1003,3.875439170618717e-06
conditional-fit-0118,axis1_general,1004,0.00012328185748980034
conditional-fit-0118,axis1_general,1005,0.0012871864936989195
conditional-fit-0118,axis1_general,1006,0.011795989064059285
conditional-fit-0118,axis1_general,1007,0.00018648519049756446
conditional-fit-0118,axis1_general,1008,3.5371016666322414e-06
conditional-fit-0118,axis1_general,1009,0.0031609747726542197
conditional-fit-0118,axis1_general,1010,0.04868800408420282
conditional-fit-0118,axis1_general,1011,1.116154571286562e-05
conditional-fit-0118,axis1_general,1012,0.0020309148850226784
conditional-fit-0118,axis1_general,1013,8.862234767123796e-06
conditional-fit-0118,axis1_general,1014,9.090264284434792e-06
conditional-fit-0118,axis1_general,1015,0.003006935542168912
conditional-fit-0118,axis1_general,1016,0.02812686882138228
conditional-fit-0118,axis1_general,1017,0.000731718749497153
conditional-fit-0118,axis1_general,1018,5.2452364899689476e-05
conditional-fit-0118,axis1_general,1019,2.024536216393062e-06
conditional-fit-0118,axis1_general,1020,0.0065236760780450435
conditional-fit-0118,axis1_general,1021,0.020598558520263037
conditional-fit-0118,axis1_general,1022,0.0008177668863092696
conditional-fit-0118,axis1_general,1023,6.32888503249074e-05
conditional-fit-0118,axis1_general,1024,0.00022566165751486552
conditional-fit-0118,axis1_general,1025,0.00391475220374507
conditional-fit-0118,axis1_general,1026,0.00010969696204838578
conditional-fit-0118,axis1_general,1027,0.000744371234621764
conditional-fit-0118,axis1_general,1028,0.022078373199638422
conditional-fit-0118,axis1_general,1029,0.004416536540938699
conditional-fit-0118,axis1_general,1030,8.427958805102175e-07
conditional-fit-0118,axis1_general,1031,0.0017562771541940782
conditional-fit-0118,axis1_general,1032,1.9288987984884197e-05
conditional-fit-0118,axis1_general,1033,0.0014107167736262622
conditional-fit-0118,axis1_general,1034,0.0017349168880167935
conditional-fit-0118,axis1_general,1035,0.013015231100791816
conditional-fit-0118,axis1_general,1036,2.5032925341550316e-05
conditional-fit-0118,axis1_general,1037,0.008104190757738591
conditional-fit-0118,axis1_general,1038,0.0011265714988459817
conditional-fit-0118,axis1_general,1039,0.0005176875630992565
conditional-fit-0118,axis1_general,1040,7.404434427506066e-06
conditional-fit-0118,axis1_general,1041,1.3540152054415323e-05
conditional-fit-0118,axis1_general,1042,5.900474344290737e-05
conditional-fit-0118,axis1_general,1043,0.0006283859789983949
conditional-fit-0118,axis1_general,1044,0.009984794675501202
conditional-fit-0118,axis1_general,1045,0.013500618697883654
conditional-fit-0118,axis1_general,1046,0.03240945465213914
conditional-fit-0118,axis1_general,1047,0.005872306413955786
conditional-fit-0118,axis1_general,1048,0.022884103039479596
conditional-fit-0118,axis1_general,1049,0.0001727045384986752
conditional-fit-0118,axis1_general,1050,0.011723597503040065
conditional-fit-0118,axis1_general,1051,0.009697358365814021
conditional-fit-0118,axis1_general,1052,0.06868813832680057
conditional-fit-0118,axis1_general,1053,0.0008473728584703886
conditional-fit-0118,axis1_general,1054,0.0005709400371776329
conditional-fit-0118,axis1_general,1055,9.520708010237996e-06
conditional-fit-0118,axis1_general,1056,0.018470478046289644
conditional-fit-0118,axis1_general,1057,0.018794584076691496
conditional-fit-0118,axis1_general,1058,0.004855630279423182
conditional-fit-0118,axis1_general,1059,0.0006009681258314576
conditional-fit-0118,axis1_general,1060,0.04498602253743264
conditional-fit-0118,axis1_general,1061,0.006026016656996679
conditional-fit-0118,axis1_general,1062,6.183843343393494e-06
conditional-fit-0118,axis1_general,1063,0.01387189822419894
conditional-fit-0118,axis1_general,1064,0.012510351947261501
conditional-fit-0118,axis1_general,1065,0.00025762026162826925
conditional-fit-0118,axis1_general,1066,0.07097253295945932
conditional-fit-0118,axis1_general,1067,1.803397965039804e-05
conditional-fit-0118,axis1_general,1068,0.0029757243581208306
conditional-fit-0118,axis1_general,1069,1.4527039753778413e-05
conditional-fit-0118,axis1_general,1070,2.4022767736284456e-05
conditional-fit-0118,axis1_general,1071,0.0014284710406700164
conditional-fit-0118,axis1_general,1072,6.442918743529135e-06
conditional-fit-0118,axis1_general,1073,4.5025767479237054e-05
conditional-fit-0118,axis1_general,1074,0.003933364386815551
conditional-fit-0118,axis1_general,1075,3.129181764243471e-05
conditional-fit-0118,axis1_general,1076,4.709579477608525e-06
conditional-fit-0118,axis1_general,1077,4.822261477875278e-06
conditional-fit-0118,axis1_general,1078,9.499083604399507e-07
conditional-fit-0118,axis1_general,1079,0.007575490345341019
conditional-fit-0118,axis1_general,1080,0.00010813933248328663
conditional-fit-0118,axis1_general,1081,0.01806458889186059
conditional-fit-0118,axis1_general,1082,0.0028910868334826516
conditional-fit-0118,axis1_general,1083,0.008383939776609485
conditional-fit-0118,axis1_general,1084,0.000839939732400974
conditional-fit-0118,axis1_general,1085,0.00875448889920305
conditional-fit-0118,axis1_general,1086,0.00029163518368272435
conditional-fit-0118,axis1_general,1087,0.00013271627047812293
conditional-fit-0118,axis1_general,1088,1.0608087290304002e-05
conditional-fit-0118,axis1_general,1089,4.311762404252679e-05
conditional-fit-0118,axis1_general,1090,0.00028510068469599027
conditional-fit-0118,axis1_general,1091,0.0015034647143600324
conditional-fit-0118,axis1_general,1092,1.0230717167772297e-06
conditional-fit-0118,axis1_general,1093,0.0005180936823819131
conditional-fit-0118,axis1_general,1094,5.773692573831019e-05
conditional-fit-0118,axis1_general,1095,2.792882391917979e-05
conditional-fit-0118,axis1_general,1096,7.1417384192902065e-06
conditional-fit-0118,axis1_general,1097,0.0006248407947482158
conditional-fit-0118,axis1_general,1098,0.00037440161847368693
conditional-fit-0118,axis1_general,1099,8.196432309772277e-05
conditional-fit-0118,axis1_general,1100,2.8840576066529e-05
conditional-fit-0118,axis1_general,1101,2.1023818671191116e-05
conditional-fit-0118,axis1_general,1102,0.00471993236764532
conditional-fit-0118,axis1_general,1103,0.0004651063733168638
conditional-fit-0118,axis1_general,1104,0.0005058729686087181
conditional-fit-0118,axis1_general,1105,0.0004861329430782366
conditional-fit-0118,axis1_general,1106,4.1507061044200115e-06
conditional-fit-0118,axis1_general,1107,2.0632426846946242e-05
conditional-fit-0118,axis1_general,1108,0.0013344244760720107
conditional-fit-0118,axis1_general,1109,2.1176328990364197e-06
conditional-fit-0118,axis1_general,1110,1.249851875902538e-06
conditional-fit-0118,axis1_general,1111,1.594476395000167e-05
conditional-fit-0118,axis1_general,1112,3.210659646769849e-07
conditional-fit-0118,axis1_general,1113,0.0345249227283098
conditional-fit-0118,axis1_general,1114,1.8583061401089503e-05
conditional-fit-0118,axis1_general,1115,0.07361462381006517
conditional-fit-0118,axis1_general,1116,5.4840292714933835e-06
conditional-fit-0118,axis1_general,1117,0.008137754577431638
conditional-fit-0118,axis1_general,1118,0.00017265467537658355
conditional-fit-0118,axis1_general,1119,0.008150460996059998
conditional-fit-0118,axis1_general,1120,9.668864617805005e-07
conditional-fit-0118,axis1_general,1121,0.017054577452669497
conditional-fit-0118,axis1_general,1122,0.000298697930396531
conditional-fit-0118,axis1_general,1123,0.00264327668837559
conditional-fit-0118,axis1_general,1124,5.024624370396895e-05
conditional-fit-0118,axis1_general,1125,3.624375372277362e-05
conditional-fit-0118,axis1_general,1126,0.030217929834719055
conditional-fit-0118,axis1_general,1127,4.094136358282003e-05
conditional-fit-0118,axis1_general,1128,0.00014443102014723863
conditional-fit-0118,axis1_general,1129,0.02189614607950714
conditional-fit-0118,axis1_general,1130,0.0020296695493773973
conditional-fit-0118,axis1_general,1131,8.647113683009257e-06
conditional-fit-0118,axis1_general,1132,0.0003717056275575958
conditional-fit-0118,axis1_general,1133,8.094263047399454e-06
conditional-fit-0118,axis1_general,1134,0.008173729921688133
conditional-fit-0118,axis1_general,1135,0.0006985599654774589
conditional-fit-0118,axis1_general,1136,0.014690842303736917
conditional-fit-0118,axis1_general,1137,1.5119665557268236e-05
conditional-fit-0118,axis1_general,1138,0.0006443544005780488
conditional-fit-0118,axis1_general,1139,1.5570021927796196e-05
conditional-fit-0118,axis1_general,1140,0.03224750657797539
conditional-fit-0118,axis1_general,1141,4.259139093105663e-06
conditional-fit-0118,axis1_general,1142,0.0022509173867180272
conditional-fit-0118,axis1_general,1143,4.741374946875193e-06
conditional-fit-0118,axis1_general,1144,0.0006536159531806011
conditional-fit-0118,axis1_general,1145,1.9051173069009805e-05
conditional-fit-0118,axis1_general,1146,0.0009913376535929936
conditional-fit-0118,axis1_general,1147,0.0007586653395603438
conditional-fit-0118,axis1_general,1148,0.03805212127154499
conditional-fit-0118,axis1_general,1149,7.32968681201584e-06
conditional-fit-0118,axis1_general,1150,2.3881339758774234e-07
conditional-fit-0118,axis1_general,1151,0.007796333081322375
conditional-fit-0118,axis1_general,1152,1.3831142764472438e-05
conditional-fit-0118,axis1_general,1153,4.29985164479758e-06
conditional-fit-0118,axis1_general,1154,0.00014449762209705177
conditional-fit-0118,axis1_general,1155,4.264611945850055e-06
conditional-fit-0118,axis1_general,1156,0.00012355424131530439
conditional-fit-0118,axis1_general,1157,0.012372504461205587
conditional-fit-0118,axis1_general,1158,2.7148471401289123e-05
conditional-fit-0118,axis1_general,1159,0.03723012259508698
conditional-fit-0118,axis1_general,1160,0.00017594534168497854
conditional-fit-0118,axis1_general,1161,0.003229587468786004
conditional-fit-0118,axis1_general,1162,0.0076579497066716455
conditional-fit-0118,axis1_general,1163,0.001109736823925366
conditional-fit-0118,axis1_general,1164,1.139256421416335e-06
conditional-fit-0118,axis1_general,1165,0.0001822465196235443
conditional-fit-0118,axis1_general,1166,0.005864488694446304
conditional-fit-0118,axis1_general,1167,0.011038351043783153
conditional-fit-0118,axis1_general,1168,0.019223960108229705
conditional-fit-0118,axis1_general,1169,0.0008137556127026067
conditional-fit-0118,axis1_general,1170,0.0003986028258591113
conditional-fit-0118,axis1_general,1171,6.421133418209795e-05
conditional-fit-0118,axis1_general,1172,1.6308704671331703e-05
conditional-fit-0118,axis1_general,1173,0.0013844265079310802
conditional-fit-0118,axis1_general,1174,0.001261518554248174
conditional-fit-0118,axis1_general,1175,0.0003729260007804277
conditional-fit-0118,axis1_general,1176,3.70067107170711e-06
conditional-fit-0118,axis1_general,1177,7.724492340124472e-06
conditional-fit-0118,axis1_general,1178,1.1652610442512668e-06
conditional-fit-0118,axis1_general,1179,0.0053500648884558825
conditional-fit-0118,axis1_general,1180,0.001194543038199848
conditional-fit-0118,axis1_general,1181,0.0020573975877579143
conditional-fit-0118,axis1_general,1182,0.007358095299503955
conditional-fit-0118,axis1_general,1183,0.00027583119967037993
conditional-fit-0118,axis1_general,1184,0.0038563580528032052
conditional-fit-0118,axis1_general,1185,0.00037206830496678634
conditional-fit-0118,axis1_general,1186,0.05230604576423757
conditional-fit-0118,axis1_general,1187,0.00028854146130874594
conditional-fit-0118,axis1_general,1188,2.593987518279132e-05
conditional-fit-0118,axis1_general,1189,1.9330266215625742e-05
conditional-fit-0118,axis1_general,1190,4.744679703565937e-06
conditional-fit-0118,axis1_general,1191,0.00011295244620395447
conditional-fit-0118,axis1_general,1192,0.0011084222463621177
conditional-fit-0118,axis1_general,1193,0.0019323956271198092
conditional-fit-0118,axis1_general,1194,0.02963368013662604
conditional-fit-0118,axis1_general,1195,0.0003662899407324248
conditional-fit-0118,axis1_general,1196,0.008986402379100016
conditional-fit-0118,axis1_general,1197,0.0004406667305040266
conditional-fit-0118,axis1_general,1198,0.009753100308639975
conditional-fit-0118,axis1_general,1199,0.004915736122615599
conditional-fit-0118,axis1_general,1200,5.0599108321599435e-06
conditional-fit-0118,axis1_general,1201,0.004750666923846233
conditional-fit-0118,axis1_general,1202,0.011616589322031511
conditional-fit-0118,axis1_general,1203,0.008236516539235727
conditional-fit-0118,axis1_general,1204,0.004748820497600576
conditional-fit-0118,axis1_general,1205,0.00011710364164824934
conditional-fit-0118,axis1_general,1206,0.006271388365680453
conditional-fit-0118,axis1_general,1207,8.149351406960049e-07
conditional-fit-0118,axis1_general,1208,0.0006526759580904203
conditional-fit-0118,axis1_general,1209,1.1820424411588175e-05
conditional-fit-0118,axis1_general,1210,0.00034597517905521694
conditional-fit-0118,axis1_general,1211,0.005254502244051884
conditional-fit-0118,axis1_general,1212,0.00039209641604477554
conditional-fit-0118,axis1_general,1213,0.001067601046475753
conditional-fit-0118,axis1_general,1214,0.00021470261301670054
conditional-fit-0118,axis1_general,1215,4.485945664914211e-06
conditional-fit-0118,axis1_general,1216,3.867959199394902e-05
conditional-fit-0118,axis1_general,1217,0.0008342662569257421
conditional-fit-0118,axis1_general,1218,0.0016866917869466365
conditional-fit-0118,axis1_general,1219,0.0002275394091043502
conditional-fit-0118,axis1_general,1220,0.00017209628381763134
conditional-fit-0118,axis1_general,1221,0.0016713118035188495
conditional-fit-0118,axis1_general,1222,2.246964401799824e-06
conditional-fit-0118,axis1_general,1223,0.0022613172573734703
conditional-fit-0118,axis1_general,1224,1.5475527540182396e-05
conditional-fit-0118,axis1_general,1225,1.537496922150197e-06
conditional-fit-0118,axis1_general,1226,0.00024703956350329123
conditional-fit-0118,axis1_general,1227,0.002929874895656776
conditional-fit-0118,axis1_general,1228,0.00040963438568029383
conditional-fit-0118,axis1_general,1229,0.009897995428602764
conditional-fit-0118,axis1_general,1230,0.002630614718853231
conditional-fit-0118,axis1_general,1231,0.00026465723894084217
conditional-fit-0118,axis1_general,1232,5.160572661927028e-07
conditional-fit-0118,axis1_general,1233,1.2120483418857867e-05
conditional-fit-0118,axis1_general,1234,2.6884055956625156e-05
conditional-fit-0118,axis1_general,1235,2.220773269807101e-05
conditional-fit-0118,axis1_general,1236,1.5989468328314485e-06
conditional-fit-0118,axis1_general,1237,8.43021313856997e-05
conditional-fit-0118,axis1_general,1238,6.028053787216167e-06
conditional-fit-0118,axis1_general,1239,3.1743600978272594e-06
conditional-fit-0118,axis1_general,1240,2.9099565044372413e-05
conditional-fit-0118,axis1_general,1241,7.890919034377144e-07
conditional-fit-0118,axis1_general,1242,8.883021716846853e-06
conditional-fit-0118,axis1_general,1243,3.608432080291122e-06
conditional-fit-0118,axis1_general,1244,0.00038709573269302437
conditional-fit-0118,axis1_general,1245,0.00045346384839778554
conditional-fit-0118,axis1_general,1246,9.241905818557066e-07
conditional-fit-0118,axis1_general,1247,3.4678023683108033e-06
conditional-fit-0118,axis1_general,1248,0.003346548584136175
conditional-fit-0118,axis1_general,1249,0.006290794673112204
conditional-fit-0118,axis1_general,1250,4.270763084219259e-07
conditional-fit-0118,axis1_general,1251,0.0013459135804011688
conditional-fit-0118,axis1_general,1252,0.0004007031906109545
conditional-fit-0118,axis1_general,1253,8.419093783549916e-06
conditional-fit-0118,axis1_general,1254,5.9358783874967516e-05
conditional-fit-0118,axis1_general,1255,0.0001514594949215476
conditional-fit-0118,axis1_general,1256,1.3685089811830047e-05
conditional-fit-0118,axis1_general,1257,6.5449679883024055e-06
conditional-fit-0118,axis1_general,1258,3.618512862110341e-05
conditional-fit-0118,axis1_general,1259,0.01816790262795591
conditional-fit-0118,axis1_general,1260,0.02779420140457274
conditional-fit-0118,axis1_general,1261,4.188271865704573e-06
conditional-fit-0118,axis1_general,1262,3.6899281702527104e-07
conditional-fit-0118,axis1_general,1263,0.004740758413958188
conditional-fit-0118,axis1_general,1264,0.00028421454040581523
conditional-fit-0118,axis1_general,1265,1.046892995154035e-06
conditional-fit-0118,axis1_general,1266,0.00045878649008086313
conditional-fit-0118,axis1_general,1267,3.1892935286269686e-06
conditional-fit-0118,axis1_general,1268,3.784528634499123e-05
conditional-fit-0118,axis1_general,1269,0.000923613251849273
conditional-fit-0118,axis1_general,1270,0.0063494581449668845
conditional-fit-0118,axis1_general,1271,0.00015464803162485515
conditional-fit-0118,axis1_general,1272,0.0016645722755715946
conditional-fit-0118,axis1_general,1273,1.815092518488106e-05
conditional-fit-0118,axis1_general,1274,3.04975637599647e-07
conditional-fit-0118,axis1_general,1275,4.781321456530155e-05
conditional-fit-0118,axis1_general,1276,1.827214585364497e-05
conditional-fit-0118,axis1_general,1277,0.021488024915249943
conditional-fit-0118,axis1_general,1278,1.9037785887490143e-05
conditional-fit-0118,axis1_general,1279,0.07844661768113005
conditional-fit-0118,axis1_general,1280,0.013294616568006703
conditional-fit-0118,axis1_general,1281,0.002875207623585176
conditional-fit-0118,axis1_general,1282,0.00020563422730540231
conditional-fit-0118,axis1_general,1283,5.504443668484315e-06
conditional-fit-0118,axis1_general,1284,0.05415669165834824
conditional-fit-0118,axis1_general,1285,5.5143577744076034e-05
conditional-fit-0118,axis1_general,1286,0.021851994356679845
conditional-fit-0118,axis1_general,1287,2.4935829940943062e-05
conditional-fit-0118,axis1_general,1288,8.673825620461533e-05
conditional-fit-0118,axis1_general,1289,2.9769247300903418e-05
conditional-fit-0118,axis1_general,1290,0.0009622196124499345
conditional-fit-0118,axis1_general,1291,4.451276302092526e-06
conditional-fit-0118,axis1_general,1292,0.0018906960521492691
conditional-fit-0118,axis1_general,1293,1.4730060080169431e-05
conditional-fit-0118,axis1_general,1294,0.0023942549629358072
conditional-fit-0118,axis1_general,1295,0.0010602084042111138
conditional-fit-0118,axis1_general,1296,4.2823550431481905e-06
conditional-fit-0118,axis1_general,1297,2.553942776014592e-05
conditional-fit-0118,axis1_general,1298,1.762786105916965e-05
conditional-fit-0118,axis1_general,1299,7.2773577591641446e-06
conditional-fit-0118,axis1_general,1300,7.95695635387615e-06
conditional-fit-0118,axis1_general,1301,2.3113947488742677e-05
conditional-fit-0118,axis1_general,1302,0.001089639818680629
conditional-fit-0118,axis1_general,1303,1.0930597622344727e-05
conditional-fit-0118,axis1_general,1304,8.658152606172248e-07
conditional-fit-0118,axis1_general,1305,7.86833476897575e-06
conditional-fit-0118,axis1_general,1306,5.599102013812845e-06
conditional-fit-0118,axis1_general,1307,0.003865410517039235
conditional-fit-0118,axis1_general,1308,0.018626786708461445
conditional-fit-0118,axis1_general,1309,0.013726440018133449
conditional-fit-0118,axis1_general,1310,0.00019425238770878986
conditional-fit-0118,axis1_general,1311,0.0009236920537704927
conditional-fit-0118,axis1_general,1312,0.00047161644322752327
conditional-fit-0118,axis1_general,1313,0.00014196846206721852
conditional-fit-0118,axis1_general,1314,0.006110703262949239
conditional-fit-0118,axis1_general,1315,0.0005884089111496291
conditional-fit-0118,axis1_general,1316,0.00010909721944637378
conditional-fit-0118,axis1_general,1317,0.00036505236431186707
conditional-fit-0118,axis1_general,1318,0.0005304693794349781
conditional-fit-0118,axis1_general,1319,5.6935460943893057e-05
conditional-fit-0118,axis1_general,1320,0.0010320187858386086
conditional-fit-0118,axis1_general,1321,0.0015236229419729364
conditional-fit-0118,axis1_general,1322,2.0593250761328146e-06
conditional-fit-0118,axis1_general,1323,0.00014444725287923838
conditional-fit-0118,axis1_general,1324,4.637477704120336e-06
conditional-fit-0118,axis1_general,1325,3.500522286369027e-06
conditional-fit-0118,axis1_general,1326,3.1710905044599693e-06
conditional-fit-0118,axis1_general,1327,0.0019340483074607954
conditional-fit-0118,axis1_general,1328,5.005137500235521e-05
conditional-fit-0118,axis1_general,1329,0.0012303800264415088
conditional-fit-0118,axis1_general,1330,0.0002602961945084823
conditional-fit-0118,axis1_general,1331,4.627435627392465e-05
conditional-fit-0118,axis1_general,1332,2.808604351845179e-06
conditional-fit-0118,axis1_general,1333,0.00013900286053152694
conditional-fit-0118,axis1_general,1334,2.6343646674618685e-05
conditional-fit-0118,axis1_general,1335,2.858992710737151e-06
conditional-fit-0118,axis1_general,1336,0.00010617353426936516
conditional-fit-0118,axis1_general,1337,7.231793497061568e-06
conditional-fit-0118,axis1_general,1338,1.997363879121167e-06
conditional-fit-0118,axis1_general,1339,4.198487112654448e-06
conditional-fit-0118,axis1_general,1340,1.6384862425744183e-05
conditional-fit-0118,axis1_general,1341,0.00010719349706825769
conditional-fit-0118,axis1_general,1342,1.1866614258067235e-05
conditional-fit-0118,axis1_general,1343,2.9766024962764522e-06
conditional-fit-0118,axis1_general,1344,1.4894479918266692e-05
conditional-fit-0118,axis1_general,1345,1.2245786026774745e-06
conditional-fit-0118,axis1_general,1346,6.124999620475355e-06
conditional-fit-0118,axis1_general,1347,0.00016716292828584765
conditional-fit-0118,axis1_general,1348,1.192171833944224e-05
conditional-fit-0118,axis1_general,1349,8.895468911632419e-06
conditional-fit-0118,axis1_general,1350,2.8824734346015387e-05
conditional-fit-0118,axis1_general,1351,3.4847325263126844e-05
conditional-fit-0118,axis1_general,1352,5.292294457857198e-05
conditional-fit-0118,axis1_general,1353,0.000181216062780405
conditional-fit-0118,axis1_general,1354,0.00025989362031023165
conditional-fit-0118,axis1_general,1355,0.005018897838392787
conditional-fit-0118,axis1_general,1356,1.478255986238519e-06
conditional-fit-0118,axis1_general,1357,3.0445392112913525e-06
conditional-fit-0118,axis1_general,1358,0.0006086846791898382
conditional-fit-0118,axis1_general,1359,0.0014328106464092175
conditional-fit-0118,axis1_general,1360,1.0320092069624664e-05
conditional-fit-0118,axis1_general,1361,8.814170733368794e-06
conditional-fit-0118,axis1_general,1362,2.376641432730986e-05
conditional-fit-0118,axis1_general,1363,1.1928036614012601e-05
conditional-fit-0118,axis1_general,1364,1.507373045643815e-05
conditional-fit-0118,axis1_general,1365,5.0028331656755806e-05
conditional-fit-0118,axis1_general,1366,0.0021678715561393035
conditional-fit-0118,axis1_general,1367,3.786742946081953e-05
conditional-fit-0118,axis1_general,1368,0.0009099764533348599
conditional-fit-0118,axis1_general,1369,0.0012856736066321588
conditional-fit-0118,axis1_general,1370,2.7598996207229396e-05
conditional-fit-0118,axis1_general,1371,8.956624993570974e-06
conditional-fit-0118,axis1_general,1372,2.2412324283186307e-05
conditional-fit-0118,axis1_general,1373,9.502697785084544e-05
conditional-fit-0118,axis1_general,1374,1.5249926696871613e-05
conditional-fit-0118,axis1_general,1375,0.0013393223709266492
conditional-fit-0118,axis1_general,1376,4.934906657949567e-06
conditional-fit-0118,axis1_general,1377,0.007359363703703324
conditional-fit-0118,axis1_general,1378,0.003709311891435977
conditional-fit-0118,axis1_general,1379,6.074820189523841e-05
conditional-fit-0118,axis1_general,1380,0.00043463744283253917
conditional-fit-0118,axis1_general,1381,1.1859039546037341e-05
conditional-fit-0118,axis1_general,1382,4.4735683936672594e-05
conditional-fit-0118,axis1_general,1383,8.845968648074657e-05
conditional-fit-0118,axis1_general,1384,6.1404472708032255e-06
conditional-fit-0118,axis1_general,1385,1.0888044951086932e-05
conditional-fit-0118,axis1_general,1386,1.5982335276224061e-06
conditional-fit-0118,axis1_general,1387,3.060934544965721e-05
conditional-fit-0118,axis1_general,1388,6.738106856382231e-07
conditional-fit-0118,axis1_general,1389,0.00011688152626622267
conditional-fit-0118,axis1_general,1390,7.106342808759138e-06
conditional-fit-0118,axis1_general,1391,1.199045039131128e-06
conditional-fit-0118,axis1_general,1392,6.598043462093664e-05
conditional-fit-0118,axis1_general,1393,3.449877015555755e-06
conditional-fit-0118,axis1_general,1394,4.203880815404978e-06
conditional-fit-0118,axis1_general,1395,0.007939402612119013
conditional-fit-0118,axis1_general,1396,9.249217833674077e-07
conditional-fit-0118,axis1_general,1397,4.624002119429242e-06
conditional-fit-0118,axis1_general,1398,4.377179529044681e-07
conditional-fit-0118,axis1_general,1399,1.129243531754325e-05
conditional-fit-0118,axis1_general,1400,8.55008792679167e-05
conditional-fit-0118,axis1_general,1401,9.5010796284439e-06
conditional-fit-0118,axis1_general,1402,6.847564294872559e-06
conditional-fit-0118,axis1_general,1403,1.2013570986046567e-06
conditional-fit-0118,axis1_general,1404,0.004004914828399595
conditional-fit-0118,axis1_general,1405,0.004511697770745279
conditional-fit-0118,axis1_general,1406,2.0881991927840774e-05
conditional-fit-0118,axis1_general,1407,0.00042256961141900416
conditional-fit-0118,axis1_general,1408,0.0012470883879494349
conditional-fit-0118,axis1_general,1409,0.0003849304839970073
conditional-fit-0118,axis1_general,1410,3.8972102952393856e-05
conditional-fit-0118,axis1_general,1411,0.000727621412343046
conditional-fit-0118,axis1_general,1412,1.5876183888140536e-06
conditional-fit-0118,axis1_general,1413,9.093318262850433e-07
conditional-fit-0118,axis1_general,1414,6.646764571829768e-05
conditional-fit-0118,axis1_general,1415,5.860943819479159e-06
conditional-fit-0118,axis1_general,1416,9.80549752207523e-06
conditional-fit-0118,axis1_general,1417,9.443480818267572e-07
conditional-fit-0118,axis1_general,1418,3.008015409863385e-06
conditional-fit-0118,axis1_general,1419,3.4078417275364836e-05
conditional-fit-0118,axis1_general,1420,0.0011975768422999395
conditional-fit-0118,axis1_general,1421,0.00015054083076711355
conditional-fit-0118,axis1_general,1422,0.011705177286520808
conditional-fit-0118,axis1_general,1423,1.4369107853756432e-06
conditional-fit-0118,axis1_general,1424,0.0005478416353304954
conditional-fit-0118,axis1_general,1425,0.0033313434590074575
conditional-fit-0118,axis1_general,1426,9.607011014254896e-05
conditional-fit-0118,axis1_general,1427,0.008591369607257565
conditional-fit-0118,axis1_general,1428,0.002146428382693688
conditional-fit-0118,axis1_general,1429,2.460316281518441e-06
conditional-fit-0118,axis1_general,1430,1.0702181623242486e-05
conditional-fit-0118,axis1_general,1431,0.02297403497542362
conditional-fit-0118,axis1_general,1432,0.17668713465325253
conditional-fit-0118,axis1_general,1433,0.016708303065655822
conditional-fit-0118,axis1_general,1434,0.03329909209175786
conditional-fit-0118,axis1_general,1435,0.02025345499048766
conditional-fit-0118,axis1_general,1436,2.232405540958368e-05
conditional-fit-0118,axis1_general,1437,0.01598654453821234
conditional-fit-0118,axis1_general,1438,0.00417643178823872
conditional-fit-0118,axis1_general,1439,0.00018890223256538626
conditional-fit-0118,axis1_general,1440,0.004068729437718402
conditional-fit-0118,axis1_general,1441,5.214061972453967e-05
conditional-fit-0118,axis1_general,1442,3.098004328090817e-06
conditional-fit-0118,axis1_general,1443,0.0005808426864344915
conditional-fit-0118,axis1_general,1444,0.0037037006501080697
conditional-fit-0118,axis1_general,1445,0.004282938237707774
conditional-fit-0118,axis1_general,1446,2.4248609113358997e-05
conditional-fit-0118,axis1_general,1447,1.835624620962061e-05
conditional-fit-0118,axis1_general,1448,0.004633628992514028
conditional-fit-0118,axis1_general,1449,0.007603567674596163
conditional-fit-0118,axis1_general,1450,0.0023859226119388077
conditional-fit-0118,axis1_general,1451,0.002064496212957364
conditional-fit-0118,axis1_general,1452,5.808494637470333e-06
conditional-fit-0118,axis1_general,1453,0.022712385746184893
conditional-fit-0118,axis1_general,1454,0.0002597999419298217
conditional-fit-0118,axis1_general,1455,2.3572644802648407e-06
conditional-fit-0118,axis1_general,1456,0.0011835409303847491
conditional-fit-0118,axis1_general,1457,0.010253338359255237
conditional-fit-0118,axis1_general,1458,0.010305104890475099
conditional-fit-0118,axis1_general,1459,0.00014885411832110473
conditional-fit-0118,axis1_general,1460,5.056676535687977e-06
conditional-fit-0118,axis1_general,1461,1.2368862137582478e-06
conditional-fit-0118,axis1_general,1462,0.00020523781458962274
conditional-fit-0118,axis1_general,1463,0.0003124920553595803
conditional-fit-0118,axis1_general,1464,0.006821695321121819
conditional-fit-0118,axis1_general,1465,0.0001208717905296517
conditional-fit-0118,axis1_general,1466,6.540660705810286e-06
conditional-fit-0118,axis1_general,1467,0.00972163006455214
conditional-fit-0118,axis1_general,1468,2.674417911860319e-05
conditional-fit-0118,axis1_general,1469,7.232318075325294e-07
conditional-fit-0118,axis1_general,1470,5.186011737552394e-05
conditional-fit-0118,axis1_general,1471,0.0016411872596481148
conditional-fit-0118,axis1_general,1472,0.08126054555471937
conditional-fit-0118,axis1_general,1473,0.00015173873049362526
conditional-fit-0118,axis1_general,1474,0.00011044216275422425
conditional-fit-0118,axis1_general,1475,0.0005427817882914218
conditional-fit-0118,axis1_general,1476,0.029204829161898843
conditional-fit-0118,axis1_general,1477,0.001545591533221659
conditional-fit-0118,axis1_general,1478,0.0013353612161275247
conditional-fit-0118,axis1_general,1479,0.00016482010195766864
conditional-fit-0118,axis1_general,1480,5.722951284720833e-07
conditional-fit-0118,axis1_general,1481,3.0353168680587184e-05
conditional-fit-0118,axis1_general,1482,4.5412632071003415e-07
conditional-fit-0118,axis1_general,1483,0.0037471205651849037
conditional-fit-0118,axis1_general,1484,0.08165302262544347
conditional-fit-0118,axis1_general,1485,0.03385656266369498
conditional-fit-0118,axis1_general,1486,0.015993406290900816
conditional-fit-0118,axis1_general,1487,0.0005115229999820355
conditional-fit-0118,axis1_general,1488,0.02339006169131139
conditional-fit-0118,axis1_general,1489,0.00015982356022637177
conditional-fit-0118,axis1_general,1490,0.017064958818348706
conditional-fit-0118,axis1_general,1491,0.003799292994431649
conditional-fit-0118,axis1_general,1492,0.0007863077550396384
conditional-fit-0118,axis1_general,1493,4.333763629137347e-06
conditional-fit-0118,axis1_general,1494,4.185390241857127e-06
conditional-fit-0118,axis1_general,1495,6.160914748581793e-06
conditional-fit-0118,axis1_general,1496,0.0018627825709701777
conditional-fit-0118,axis1_general,1497,0.0037632865455489084
conditional-fit-0118,axis1_general,1498,0.08636892283276264
conditional-fit-0118,axis1_general,1499,2.6625928679830922e-05
conditional-fit-0118,axis1_general,1500,1.6545000033596784e-05
conditional-fit-0118,axis1_general,1501,0.00821296421650912
conditional-fit-0118,axis1_general,1502,0.004453234615367917
conditional-fit-0118,axis1_general,1503,6.450003375135351e-05
conditional-fit-0118,axis1_general,1504,2.5601081909152158e-05
conditional-fit-0118,axis1_general,1505,1.6188876214663126e-06
conditional-fit-0118,axis1_general,1506,1.2665313746233832e-05
conditional-fit-0118,axis1_general,1507,0.00010816278779674265
conditional-fit-0118,axis1_general,1508,2.247140816100709e-06
conditional-fit-0118,axis1_general,1509,6.663434921335117e-06
conditional-fit-0118,axis1_general,1510,0.0011769978190260997
conditional-fit-0118,axis1_general,1511,0.0033594643120241395
conditional-fit-0118,axis1_general,1512,2.1395053177729463e-05
conditional-fit-0118,axis1_general,1513,0.009112819732512309
conditional-fit-0118,axis1_general,1514,0.006183717054397179
conditional-fit-0118,axis1_general,1515,0.012863979146248669
conditional-fit-0118,axis1_general,1516,0.0001514809429198822
conditional-fit-0118,axis1_general,1517,1.6339768166213084e-05
conditional-fit-0118,axis1_general,1518,1.8450579964902127e-05
conditional-fit-0118,axis1_general,1519,0.00029388507359294117
conditional-fit-0118,axis1_general,1520,5.921827667009321e-05
conditional-fit-0118,axis1_general,1521,9.375248282648927e-05
conditional-fit-0118,axis1_general,1522,0.006118536125704087
conditional-fit-0118,axis1_general,1523,0.0004957700120746971
conditional-fit-0118,axis1_general,1524,0.0007539017483550563
conditional-fit-0118,axis1_general,1525,0.039559912021294906
conditional-fit-0118,axis1_general,1526,0.0012988457085037375
conditional-fit-0118,axis1_general,1527,8.346344448448684e-07
conditional-fit-0118,axis1_general,1528,3.146431979269487e-06
conditional-fit-0118,axis1_general,1529,0.017093821939461313
conditional-fit-0118,axis1_general,1530,0.00011995459027001784
conditional-fit-0118,axis1_general,1531,4.225801359762341e-06
conditional-fit-0118,axis1_general,1532,0.0008121278958317479
conditional-fit-0118,axis1_general,1533,0.0003774861056816438
conditional-fit-0118,axis1_general,1534,0.055312587877721496
conditional-fit-0118,axis1_general,1535,0.00010226580182558095
conditional-fit-0118,axis1_general,1536,0.009330857057240145
conditional-fit-0118,axis1_general,1537,0.0008995288115296332
conditional-fit-0118,axis1_general,1538,0.017363179871079916
conditional-fit-0118,axis1_general,1539,0.03450886682330348
conditional-fit-0118,axis1_general,1540,0.009908305591458215
conditional-fit-0118,axis1_general,1541,0.015546296985540633
conditional-fit-0118,axis1_general,1542,0.0006965780213630053
conditional-fit-0118,axis1_general,1543,0.00024865623557668846
conditional-fit-0118,axis1_general,1544,0.011695380251212764
conditional-fit-0118,axis1_general,1545,0.014299220445630235
conditional-fit-0118,axis1_general,1546,0.002129883714439467
conditional-fit-0118,axis1_general,1547,0.028618608697497532
conditional-fit-0118,axis1_general,1548,0.000834465747377648
conditional-fit-0118,axis1_general,1549,0.0013152114389936211
conditional-fit-0118,axis1_general,1550,0.0001444170665381077
conditional-fit-0118,axis1_general,1551,1.6023915638065683e-05
conditional-fit-0118,axis1_general,1552,2.094645728018199e-06
conditional-fit-0118,axis1_general,1553,0.00033135074376853136
conditional-fit-0118,axis1_general,1554,0.002102975750491237
conditional-fit-0118,axis1_general,1555,0.003751100985919218
conditional-fit-0118,axis1_general,1556,4.509484769145345e-05
conditional-fit-0118,axis1_general,1557,1.5852070278824518e-05
conditional-fit-0118,axis1_general,1558,0.003927223850245398
conditional-fit-0118,axis1_general,1559,0.010722146120739094
conditional-fit-0118,axis1_general,1560,0.004947902669157914
conditional-fit-0118,axis1_general,1561,0.0001819814882311079
conditional-fit-0118,axis1_general,1562,0.007087688255752893
conditional-fit-0118,axis1_general,1563,4.093992915277395e-07
conditional-fit-0118,axis1_general,1564,5.764014438419912e-05
conditional-fit-0118,axis1_general,1565,1.5996374518771965e-06
conditional-fit-0118,axis1_general,1566,0.0019169790424086303
conditional-fit-0118,axis1_general,1567,5.786935904687369e-06
conditional-fit-0118,axis1_general,1568,0.004196113407249263
conditional-fit-0118,axis1_general,1569,0.027063032399643555
conditional-fit-0118,axis1_general,1570,0.025467896329783773
conditional-fit-0118,axis1_general,1571,5.082972469594492e-06
conditional-fit-0118,axis1_general,1572,3.1810421158492284e-07
conditional-fit-0118,axis1_general,1573,0.001337668805979312
conditional-fit-0118,axis1_general,1574,9.762177343857325e-07
conditional-fit-0118,axis1_general,1575,2.1428712175808085e-05
conditional-fit-0118,axis1_general,1576,1.6785431521571083e-05
conditional-fit-0118,axis1_general,1577,0.0008471061003181562
conditional-fit-0118,axis1_general,1578,0.0008649963955921708
conditional-fit-0118,axis1_general,1579,0.008835590551521489
conditional-fit-0118,axis1_general,1580,1.8498073592756422e-05
conditional-fit-0118,axis1_general,1581,2.73299542151596e-05
conditional-fit-0118,axis1_general,1582,0.013593131470669144
conditional-fit-0118,axis1_general,1583,5.785847033589908e-06
conditional-fit-0118,axis1_general,1584,2.5890533849710176e-06
conditional-fit-0118,axis1_general,1585,2.1119042595314746e-06
conditional-fit-0118,axis1_general,1586,2.217785236096966e-05
conditional-fit-0118,axis1_general,1587,2.8663323242163613e-05
conditional-fit-0118,axis1_general,1588,7.397508052580989e-07
conditional-fit-0118,axis1_general,1589,0.00012230151433654488
conditional-fit-0118,axis1_general,1590,4.4235955221108286e-05
conditional-fit-0118,axis1_general,1591,0.0016844489311324646
conditional-fit-0118,axis1_general,1592,0.05819197832048502
conditional-fit-0118,axis1_general,1593,0.0029744518910586174
conditional-fit-0118,axis1_general,1594,0.005959602474406032
conditional-fit-0118,axis1_general,1595,0.07564838037567617
conditional-fit-0118,axis1_general,1596,0.012451474090539934
conditional-fit-0118,axis1_general,1597,0.026213336197023193
conditional-fit-0118,axis1_general,1598,4.48596301366632e-06
conditional-fit-0118,axis1_general,1599,0.00011692544506429123
conditional-fit-0118,axis1_general,1600,0.020569404211385704
conditional-fit-0118,axis1_general,1601,0.0191312664441351
conditional-fit-0118,axis1_general,1602,0.026234550896869418
conditional-fit-0118,axis1_general,1603,0.02749502565025347
conditional-fit-0118,axis1_general,1604,0.000824273539088254
conditional-fit-0118,axis1_general,1605,1.0657591151210509e-05
conditional-fit-0118,axis1_general,1606,0.00025003104489879665
conditional-fit-0118,axis1_general,1607,0.00011387218357336712
conditional-fit-0118,axis1_general,1608,0.0038871869321166954
conditional-fit-0118,axis1_general,1609,0.07317769219591959
conditional-fit-0118,axis1_general,1610,0.014204925793194854
conditional-fit-0118,axis1_general,1611,0.0001564101310672731
conditional-fit-0118,axis1_general,1612,0.0037710459724757343
conditional-fit-0118,axis1_general,1613,0.0016024295469763915
conditional-fit-0118,axis1_general,1614,0.05250319371316968
conditional-fit-0118,axis1_general,1615,0.007155446593779846
conditional-fit-0118,axis1_general,1616,0.0014403168703704652
conditional-fit-0118,axis1_general,1617,0.032324943761684315
conditional-fit-0118,axis1_general,1618,0.0028984315896666366
conditional-fit-0118,axis1_general,1619,7.098394816104854e-07
conditional-fit-0118,axis1_general,1620,1.5788936750873734e-05
conditional-fit-0118,axis1_general,1621,5.03600542042887e-06
conditional-fit-0118,axis1_general,1622,0.000862170525627533
conditional-fit-0118,axis1_general,1623,0.0054527615251071596
conditional-fit-0118,axis1_general,1624,0.017359272030532755
conditional-fit-0118,axis1_general,1625,0.013515035686160649
conditional-fit-0118,axis1_general,1626,0.00012240405132784657
conditional-fit-0118,axis1_general,1627,0.004811559179982602
conditional-fit-0118,axis1_general,1628,8.232393009477759e-07
conditional-fit-0118,axis1_general,1629,2.3032121203111328e-05
conditional-fit-0118,axis1_general,1630,0.0030822281027808466
conditional-fit-0118,axis1_general,1631,2.058557993106593e-05
conditional-fit-0118,axis1_general,1632,0.01014384817018045
conditional-fit-0118,axis1_general,1633,0.0075758746300520355
conditional-fit-0118,axis1_general,1634,0.019309218256741745
conditional-fit-0118,axis1_general,1635,5.443523803437304e-05
conditional-fit-0118,axis1_general,1636,0.0019039014453713123
conditional-fit-0118,axis1_general,1637,1.0205743186869122e-06
conditional-fit-0118,axis1_general,1638,9.304633132188628e-06
conditional-fit-0118,axis1_general,1639,0.0003541152314705852
conditional-fit-0118,axis1_general,1640,9.205986320548309e-06
conditional-fit-0118,axis1_general,1641,1.767700261445262e-06
conditional-fit-0118,axis1_general,1642,2.1709933937039743e-05
conditional-fit-0118,axis1_general,1643,6.033808597276485e-06
conditional-fit-0118,axis1_general,1644,0.00905464061077852
conditional-fit-0118,axis1_general,1645,0.012029136628203999
conditional-fit-0118,axis1_general,1646,0.002773302980417892
conditional-fit-0118,axis1_general,1647,0.00921626260128382
conditional-fit-0118,axis1_general,1648,0.00010645323046238536
conditional-fit-0118,axis1_general,1649,0.03265735040853607
conditional-fit-0118,axis1_general,1650,0.0001826817603315353
conditional-fit-0118,axis1_general,1651,0.008475443333431828
conditional-fit-0118,axis1_general,1652,0.0017222009297377023
conditional-fit-0118,axis1_general,1653,0.0025771516939322513
conditional-fit-0118,axis1_general,1654,3.498040599377772e-06
conditional-fit-0118,axis1_general,1655,0.0037280116099154717
conditional-fit-0118,axis1_general,1656,0.026678806149188036
conditional-fit-0118,axis1_general,1657,2.280735527888157e-06
conditional-fit-0118,axis1_general,1658,1.0026721326322452e-05
conditional-fit-0118,axis1_general,1659,0.0008088658270387819
conditional-fit-0118,axis1_general,1660,0.0018846236798906123
conditional-fit-0118,axis1_general,1661,8.450523746623462e-05
conditional-fit-0118,axis1_general,1662,0.0011169197622849895
conditional-fit-0118,axis1_general,1663,7.006611264257103e-05
conditional-fit-0118,axis1_general,1664,0.003839599600813962
conditional-fit-0118,axis1_general,1665,0.0018632066228957082
conditional-fit-0118,axis1_general,1666,0.0024425447815447894
conditional-fit-0118,axis1_general,1667,0.01720354739745067
conditional-fit-0118,axis1_general,1668,0.0024925254579004005
conditional-fit-0118,axis1_general,1669,0.0001356909577533736
conditional-fit-0118,axis1_general,1670,0.006319880558096635
conditional-fit-0118,axis1_general,1671,0.01043005972191166
conditional-fit-0118,axis1_general,1672,0.03667366183127027
conditional-fit-0118,axis1_general,1673,0.0006214989179760755
conditional-fit-0118,axis1_general,1674,0.03508829084941073
conditional-fit-0118,axis1_general,1675,0.02574408675004971
conditional-fit-0118,axis1_general,1676,0.0183058602180164
conditional-fit-0118,axis1_general,1677,4.414372571107272e-07
conditional-fit-0118,axis1_general,1678,1.7843878620537218e-05
conditional-fit-0118,axis1_general,1679,7.142451793881034e-06
conditional-fit-0118,axis1_general,1680,3.905368075460796e-06
conditional-fit-0118,axis1_general,1681,0.0006523168020892884
conditional-fit-0118,axis1_general,1682,2.002560448371039e-06
conditional-fit-0118,axis1_general,1683,0.00023089728171284243
conditional-fit-0118,axis1_general,1684,0.004331168508323282
conditional-fit-0118,axis1_general,1685,0.0075583885670169985
conditional-fit-0118,axis1_general,1686,7.271693076978566e-06
conditional-fit-0118,axis1_general,1687,0.02562714778641359
conditional-fit-0118,axis1_general,1688,8.162435263465355e-08
conditional-fit-0118,axis1_general,1689,7.929619798078256e-06
conditional-fit-0118,axis1_general,1690,3.1655736850809573e-06
conditional-fit-0118,axis1_general,1691,0.00014039026760118438
conditional-fit-0118,axis1_general,1692,0.00024412503879323385
conditional-fit-0118,axis1_general,1693,0.021828377723630787
conditional-fit-0118,axis1_general,1694,7.606804862337195e-05
conditional-fit-0118,axis1_general,1695,0.001113914018599331
conditional-fit-0118,axis1_general,1696,0.024933652197574034
conditional-fit-0118,axis1_general,1697,8.178923792566528e-06
conditional-fit-0118,axis1_general,1698,4.747335092696828e-05
conditional-fit-0118,axis1_general,1699,4.049629412470781e-06
conditional-fit-0118,axis1_general,1700,0.0023299161153488377
conditional-fit-0118,axis1_general,1701,7.527073747533472e-05
conditional-fit-0118,axis1_general,1702,9.714160869595863e-06
conditional-fit-0118,axis1_general,1703,0.003487771921839492
conditional-fit-0118,axis1_general,1704,0.016293631013073767
conditional-fit-0118,axis1_general,1705,1.0179516049218635e-05
conditional-fit-0118,axis1_general,1706,0.0004989911876361545
conditional-fit-0118,axis1_general,1707,1.9201096347621014e-05
conditional-fit-0118,axis1_general,1708,1.4059418858777052e-07
conditional-fit-0118,axis1_general,1709,1.2812754930696446e-05
conditional-fit-0118,axis1_general,1710,9.495274964067616e-06
conditional-fit-0118,axis1_general,1711,3.521381129046889e-05
conditional-fit-0118,axis1_general,1712,0.004323007955937293
conditional-fit-0118,axis1_general,1713,0.00645682326756362
conditional-fit-0118,axis1_general,1714,0.038345431379265126
conditional-fit-0118,axis1_general,1715,0.009270379585004231
conditional-fit-0118,axis1_general,1716,0.005276371763111677
conditional-fit-0118,axis1_general,1717,0.0022098440951478873
conditional-fit-0118,axis1_general,1718,0.06822669835631265
conditional-fit-0118,axis1_general,1719,1.3256155143536102e-06
conditional-fit-0118,axis1_general,1720,0.00045636741199790867
conditional-fit-0118,axis1_general,1721,0.013293891498498363
conditional-fit-0118,axis1_general,1722,0.0003726904062640495
conditional-fit-0118,axis1_general,1723,0.004724838950941081
conditional-fit-0118,axis1_general,1724,0.005824411357619165
conditional-fit-0118,axis1_general,1725,0.0003284183834085619
conditional-fit-0118,axis1_general,1726,4.104203598311907e-05
conditional-fit-0118,axis1_general,1727,2.6355913431243415e-05
conditional-fit-0118,axis1_general,1728,0.0014244269182688172
conditional-fit-0118,axis1_general,1729,0.0007143615376974232
conditional-fit-0118,axis1_general,1730,0.013303239709260353
conditional-fit-0118,axis1_general,1731,0.011229316893349599
conditional-fit-0118,axis1_general,1732,0.0023709514787385484
conditional-fit-0118,axis1_general,1733,0.0035311027022950914
conditional-fit-0118,axis1_general,1734,5.5245172112077354e-05
conditional-fit-0118,axis1_general,1735,0.0004078397206654487
conditional-fit-0118,axis1_general,1736,0.0015953100145929219
conditional-fit-0118,axis1_general,1737,0.00010171682369104968
conditional-fit-0118,axis1_general,1738,4.62092191881315e-05
conditional-fit-0118,axis1_general,1739,0.02756685419146536
conditional-fit-0118,axis1_general,1740,2.582347319892253e-05
conditional-fit-0118,axis1_general,1741,8.3398240553416e-06
conditional-fit-0118,axis1_general,1742,0.00010621837003533697
conditional-fit-0118,axis1_general,1743,0.0013497862329092559
conditional-fit-0118,axis1_general,1744,1.443378765746722e-06
conditional-fit-0118,axis1_general,1745,1.0726204401339972e-05
conditional-fit-0118,axis1_general,1746,0.0032904787351494755
conditional-fit-0118,axis1_general,1747,1.5111130266115821e-05
conditional-fit-0118,axis1_general,1748,4.888875695621942e-06
conditional-fit-0118,axis1_general,1749,7.501692084288896e-07
conditional-fit-0118,axis1_general,1750,5.589213407020734e-06
conditional-fit-0118,axis1_general,1751,0.008372051148902118
conditional-fit-0118,axis1_general,1752,0.0005157360216556385
conditional-fit-0118,axis1_general,1753,8.961818704269583e-06
conditional-fit-0118,axis1_general,1754,0.004277220676624916
conditional-fit-0118,axis1_general,1755,0.0003617138546022659
conditional-fit-0118,axis1_general,1756,0.0003686657676139013
conditional-fit-0118,axis1_general,1757,0.0026558601572654393
conditional-fit-0118,axis1_general,1758,1.606929938630301e-06
conditional-fit-0118,axis1_general,1759,0.0019122301383856875
conditional-fit-0118,axis1_general,1760,0.0002619080151931294
conditional-fit-0118,axis1_general,1761,6.407641717457616e-05
conditional-fit-0118,axis1_general,1762,1.4383340184960674e-05
conditional-fit-0118,axis1_general,1763,0.00022601161251907667
conditional-fit-0118,axis1_general,1764,8.543643369758179e-06
conditional-fit-0118,axis1_general,1765,2.5775200601495982e-05
conditional-fit-0118,axis1_general,1766,6.412593732728871e-06
conditional-fit-0118,axis1_general,1767,8.804236331720842e-07
conditional-fit-0118,axis1_general,1768,5.208357577164183e-06
conditional-fit-0118,axis1_general,1769,0.0008770017127463716
conditional-fit-0118,axis1_general,1770,1.289664766839074e-05
conditional-fit-0118,axis1_general,1771,0.0004957495594994388
conditional-fit-0118,axis1_general,1772,0.010071989401443823
conditional-fit-0118,axis1_general,1773,0.04692976774792912
conditional-fit-0118,axis1_general,1774,7.281159706859692e-05
conditional-fit-0118,axis1_general,1775,0.0008781924524918831
conditional-fit-0118,axis1_general,1776,0.04366226401378465
conditional-fit-0118,axis1_general,1777,0.027044136082724594
conditional-fit-0118,axis1_general,1778,8.802087271494603e-07
conditional-fit-0118,axis1_general,1779,0.000552161890783983
conditional-fit-0118,axis1_general,1780,0.0018601063629827067
conditional-fit-0118,axis1_general,1781,0.001644355142038871
conditional-fit-0118,axis1_general,1782,0.0006057315366777387
conditional-fit-0118,axis1_general,1783,0.0013045292901494986
conditional-fit-0118,axis1_general,1784,0.0018547935970484831
conditional-fit-0118,axis1_general,1785,0.0070125732339526795
conditional-fit-0118,axis1_general,1786,2.276798994101649e-06
conditional-fit-0118,axis1_general,1787,0.003762366750827014
conditional-fit-0118,axis1_general,1788,0.0030446177021538146
conditional-fit-0118,axis1_general,1789,0.001726675689704749
conditional-fit-0118,axis1_general,1790,0.005317312672678275
conditional-fit-0118,axis1_general,1791,0.0031750481762005144
conditional-fit-0118,axis1_general,1792,0.00025983307464642793
conditional-fit-0118,axis1_general,1793,1.1869509276882793e-06
conditional-fit-0118,axis1_general,1794,6.042282974296014e-06
conditional-fit-0118,axis1_general,1795,8.831433709716275e-05
conditional-fit-0118,axis1_general,1796,0.00042474653098113215
conditional-fit-0118,axis1_general,1797,7.478613356435174e-06
conditional-fit-0118,axis1_general,1798,4.642358399677891e-05
conditional-fit-0118,axis1_general,1799,8.196819000118476e-06
conditional-fit-0118,axis1_general,1800,0.006286368399854119
conditional-fit-0118,axis1_general,1801,0.0008266004899919476
conditional-fit-0118,axis1_general,1802,0.0012127477434146568
conditional-fit-0118,axis1_general,1803,1.333779852550819e-05
conditional-fit-0118,axis1_general,1804,1.2303307758763305e-05
conditional-fit-0118,axis1_general,1805,0.01352581919948568
conditional-fit-0118,axis1_general,1806,0.012787837358791496
conditional-fit-0118,axis1_general,1807,0.017381742454088363
conditional-fit-0118,axis1_general,1808,0.0009790157690052967
conditional-fit-0118,axis1_general,1809,1.2631929653343144e-05
conditional-fit-0118,axis1_general,1810,0.003535102669425627
conditional-fit-0118,axis1_general,1811,0.0011944484978827132
conditional-fit-0118,axis1_general,1812,1.2090638010601308e-05
conditional-fit-0118,axis1_general,1813,0.0002835174268087325
conditional-fit-0118,axis1_general,1814,0.005170834318289199
conditional-fit-0118,axis1_general,1815,4.424108107024493e-05
conditional-fit-0118,axis1_general,1816,0.0005949289932553616
conditional-fit-0118,axis1_general,1817,0.0019865094210778558
conditional-fit-0118,axis1_general,1818,0.0011264553015107224
conditional-fit-0118,axis1_general,1819,4.089402333538758e-05
conditional-fit-0118,axis1_general,1820,0.008905890936472469
conditional-fit-0118,axis1_general,1821,0.009119591352393416
conditional-fit-0118,axis1_general,1822,8.012369103828964e-05
conditional-fit-0118,axis1_general,1823,0.0038838718798722663
conditional-fit-0118,axis1_general,1824,0.003199292458656862
conditional-fit-0118,axis1_general,1825,2.2701004340058074e-06
conditional-fit-0118,axis1_general,1826,0.00024477450575479537
conditional-fit-0118,axis1_general,1827,0.0005994921945033418
conditional-fit-0118,axis1_general,1828,3.202215756670427e-05
conditional-fit-0118,axis1_general,1829,2.24830852643056e-06
conditional-fit-0118,axis1_general,1830,3.439017641359212e-05
conditional-fit-0118,axis1_general,1831,0.0006648401835405401
conditional-fit-0118,axis1_general,1832,1.5564008934759967e-06
conditional-fit-0118,axis1_general,1833,2.380005861657921e-05
conditional-fit-0118,axis1_general,1834,1.667421411802762e-06
conditional-fit-0118,axis1_general,1835,0.008913566246190626
conditional-fit-0118,axis1_general,1836,0.012721892091800906
conditional-fit-0118,axis1_general,1837,0.004062741077554308
conditional-fit-0118,axis1_general,1838,6.221638221967399e-07
conditional-fit-0118,axis1_general,1839,0.007451720368458392
conditional-fit-0118,axis1_general,1840,0.0002936069910786151
conditional-fit-0118,axis1_general,1841,0.007984333718414983
conditional-fit-0118,axis1_general,1842,0.0019738907692117644
conditional-fit-0118,axis1_general,1843,8.83182597381763e-07
conditional-fit-0118,axis1_general,1844,0.004533331295332656
conditional-fit-0118,axis1_general,1845,0.00021311362070658635
conditional-fit-0118,axis1_general,1846,0.005366574905433928
conditional-fit-0118,axis1_general,1847,0.004344902868009755
conditional-fit-0118,axis1_general,1848,0.0001913946692077791
conditional-fit-0118,axis1_general,1849,0.00022074693624075657
conditional-fit-0118,axis1_general,1850,0.0005550428788802994
conditional-fit-0118,axis1_general,1851,0.0011969006907355424
conditional-fit-0118,axis1_general,1852,0.03000811003834345
conditional-fit-0118,axis1_general,1853,8.815560661060541e-05
conditional-fit-0118,axis1_general,1854,0.0004487988337467108
conditional-fit-0118,axis1_general,1855,2.555832584677586e-05
conditional-fit-0118,axis1_general,1856,0.0025812051664474943
conditional-fit-0118,axis1_general,1857,0.0006298617536667711
conditional-fit-0118,axis1_general,1858,0.007392454225658396
conditional-fit-0118,axis1_general,1859,3.4289569996655124e-05
conditional-fit-0118,axis1_general,1860,0.00784706592084821
conditional-fit-0118,axis1_general,1861,0.004956283185966438
conditional-fit-0118,axis1_general,1862,0.02606504095859289
conditional-fit-0118,axis1_general,1863,0.0013748013097393337
conditional-fit-0118,axis1_general,1864,1.187592165787422e-06
conditional-fit-0118,axis1_general,1865,2.8404600929814767e-05
conditional-fit-0118,axis1_general,1866,0.0043598191930399165
conditional-fit-0118,axis1_general,1867,0.001326238928627618
conditional-fit-0118,axis1_general,1868,2.9747690465511804e-05
conditional-fit-0118,axis1_general,1869,2.5855956365939168e-06
conditional-fit-0118,axis1_general,1870,0.00012334257046090597
conditional-fit-0118,axis1_general,1871,0.00015416748095746323
conditional-fit-0118,axis1_general,1872,0.018185265966048386
conditional-fit-0118,axis1_general,1873,0.0002300882105861577
conditional-fit-0118,axis1_general,1874,0.001453639298896986
conditional-fit-0118,axis1_general,1875,4.570583502999887e-06
conditional-fit-0118,axis1_general,1876,0.0007046390443263764
conditional-fit-0118,axis1_general,1877,0.03062072475880214
conditional-fit-0118,axis1_general,1878,0.0006569795816570257
conditional-fit-0118,axis1_general,1879,0.01563580860623111
conditional-fit-0118,axis1_general,1880,0.00990879437655156
conditional-fit-0118,axis1_general,1881,0.0002305760744029337
conditional-fit-0118,axis1_general,1882,3.131708521197381e-06
conditional-fit-0118,axis1_general,1883,4.5793964886560276e-06
conditional-fit-0118,axis1_general,1884,0.007873590811217489
conditional-fit-0118,axis1_general,1885,1.0850683446044371e-06
conditional-fit-0118,axis1_general,1886,1.845424201333517e-05
conditional-fit-0118,axis1_general,1887,0.00032314682665451596
conditional-fit-0118,axis1_general,1888,0.01299515240767051
conditional-fit-0118,axis1_general,1889,0.007393894767557328
conditional-fit-0118,axis1_general,1890,7.265738362790607e-05
conditional-fit-0118,axis1_general,1891,0.0009627016016230065
conditional-fit-0118,axis1_general,1892,0.00020708327505778102
conditional-fit-0118,axis1_general,1893,8.10912446633238e-05
conditional-fit-0118,axis1_general,1894,0.0011254064356717908
conditional-fit-0118,axis1_general,1895,0.006588859682575757
conditional-fit-0118,axis1_general,1896,3.5606577967992e-06
conditional-fit-0118,axis1_general,1897,0.005485625913821835
conditional-fit-0118,axis1_general,1898,0.0003637724149369263
conditional-fit-0118,axis1_general,1899,0.010796483210945187
conditional-fit-0118,axis1_general,1900,0.0005353076333306988
conditional-fit-0118,axis1_general,1901,0.0019696581820420125
conditional-fit-0118,axis1_general,1902,0.008518610103069698
conditional-fit-0118,axis1_general,1903,0.0006608193986733998
conditional-fit-0118,axis1_general,1904,0.0005385870258773321
conditional-fit-0118,axis1_general,1905,2.005270269518685e-06
conditional-fit-0118,axis1_general,1906,0.0008587658306665024
conditional-fit-0118,axis1_general,1907,0.00015262126856147062
conditional-fit-0118,axis1_general,1908,0.002027603377157152
conditional-fit-0118,axis1_general,1909,0.0001454625259481705
conditional-fit-0118,axis1_general,1910,0.0010888884074152418
conditional-fit-0118,axis1_general,1911,0.009489506763641523
conditional-fit-0118,axis1_general,1912,0.0028391708396123894
conditional-fit-0118,axis1_general,1913,0.00336590618858306
conditional-fit-0118,axis1_general,1914,0.0004562720639965836
conditional-fit-0118,axis1_general,1915,0.014089971630942314
conditional-fit-0118,axis1_general,1916,0.0011522213446828083
conditional-fit-0118,axis1_general,1917,0.008603925471743802
conditional-fit-0118,axis1_general,1918,0.001130535336752848
conditional-fit-0118,axis1_general,1919,0.0016933324491696673
conditional-fit-0118,axis1_general,1920,0.0010514176779057496
conditional-fit-0118,axis1_general,1921,4.984208165751064e-05
conditional-fit-0118,axis1_general,1922,0.0067335413640425
conditional-fit-0118,axis1_general,1923,0.00338666280522826
conditional-fit-0118,axis1_general,1924,1.98569167576321e-05
conditional-fit-0118,axis1_general,1925,0.0017972837786586124
conditional-fit-0118,axis1_general,1926,0.016739522914853106
conditional-fit-0118,axis1_general,1927,0.17425304876093012
conditional-fit-0118,axis1_general,1928,0.10362145321781471
conditional-fit-0118,axis1_general,1929,0.47059146783104344
conditional-fit-0118,axis1_general,1930,0.0026618462798495106
conditional-fit-0118,axis1_general,1931,6.043798197419517e-05
conditional-fit-0118,axis1_general,1932,0.4680789915152884
conditional-fit-0118,axis1_general,1933,1.5573092598181633e-05
conditional-fit-0118,axis1_general,1934,1.9417221896050343e-05
conditional-fit-0118,axis1_general,1935,0.0008657115693837003
conditional-fit-0118,axis1_general,1936,0.00012766306469825988
conditional-fit-0118,axis1_general,1937,0.0007586801259665795
conditional-fit-0118,axis1_general,1938,0.0002666526394947187
conditional-fit-0118,axis1_general,1939,3.933530704871899e-06
conditional-fit-0118,axis1_general,1940,0.011252582744348455
conditional-fit-0118,axis1_general,1941,0.12799481587115963
conditional-fit-0118,axis1_general,1942,0.17815751945855024
conditional-fit-0118,axis1_general,1943,0.016144189019866285
conditional-fit-0118,axis1_general,1944,0.01883704628480162
conditional-fit-0118,axis1_general,1945,0.04261257852119654
conditional-fit-0118,axis1_general,1946,0.027135616983916817
conditional-fit-0118,axis1_general,1947,0.021060077664639368
conditional-fit-0118,axis1_general,1948,0.007792160416518999
conditional-fit-0118,axis1_general,1949,0.0018609261607050998
conditional-fit-0118,axis1_general,1950,0.001145245091100667
conditional-fit-0118,axis1_general,1951,0.017442549641283448
conditional-fit-0118,axis1_general,1952,0.01825711225385612
conditional-fit-0118,axis1_general,1953,0.04370533328511893
conditional-fit-0118,axis1_general,1954,0.015071434408641317
conditional-fit-0118,axis1_general,1955,0.021772082231635164
conditional-fit-0118,axis1_general,1956,0.009363395733235759
conditional-fit-0118,axis1_general,1957,0.09234783117358594
conditional-fit-0118,axis1_general,1958,0.004051594834894064
conditional-fit-0118,axis1_general,1959,0.008904110166996757
conditional-fit-0118,axis1_general,1960,0.010837655431440125
conditional-fit-0118,axis1_general,1961,0.012273325343590718
conditional-fit-0118,axis1_general,1962,0.000187063744376984
conditional-fit-0118,axis1_general,1963,0.00010605513915797456
conditional-fit-0118,axis1_general,1964,6.5795368600245595e-06
conditional-fit-0118,axis1_general,1965,0.00012346002289519712
conditional-fit-0118,axis1_general,1966,0.0039024650055616917
conditional-fit-0118,axis1_general,1967,0.00020663388112423278
conditional-fit-0118,axis1_general,1968,0.00014994732514523674
conditional-fit-0118,axis1_general,1969,9.908216792754569e-05
conditional-fit-0118,axis1_general,1970,6.487708704974718e-07
conditional-fit-0118,axis1_general,1971,0.0017452066130411066
conditional-fit-0118,axis1_general,1972,0.024945788073746325
conditional-fit-0118,axis1_general,1973,0.0010604582686342613
conditional-fit-0118,axis1_general,1974,0.002580463647904655
conditional-fit-0118,axis1_general,1975,0.008885723527654935
conditional-fit-0118,axis1_general,1976,0.022376114298667905
conditional-fit-0118,axis1_general,1977,4.119041725904266e-05
conditional-fit-0118,axis1_general,1978,3.707200896321781e-05
conditional-fit-0118,axis1_general,1979,0.0063241937768984974
conditional-fit-0118,axis1_general,1980,0.004473678478698469
conditional-fit-0118,axis1_general,1981,0.021166932200104953
conditional-fit-0118,axis1_general,1982,0.0001417146377065368
conditional-fit-0118,axis1_general,1983,0.006269049299444992
conditional-fit-0118,axis1_general,1984,0.0013349259041168862
conditional-fit-0118,axis1_general,1985,0.0017414049460074369
conditional-fit-0118,axis1_general,1986,0.0026441071754763033
conditional-fit-0118,axis1_general,1987,0.010169484542191017
conditional-fit-0118,axis1_general,1988,0.00976986229632952
conditional-fit-0118,axis1_general,1989,0.01329166238993738
conditional-fit-0118,axis1_general,1990,0.00042514901113101483
conditional-fit-0118,axis1_general,1991,0.0004391498437376361
conditional-fit-0118,axis1_general,1992,0.00016376496922512128
conditional-fit-0118,axis1_general,1993,0.0424757207992187
conditional-fit-0118,axis1_general,1994,0.006180211669581101
conditional-fit-0118,axis1_general,1995,0.0010692977985258694
conditional-fit-0118,axis1_general,1996,1.362889317773235e-05
conditional-fit-0118,axis1_general,1997,7.381773010803661e-05
conditional-fit-0118,axis1_general,1998,0.006903181069722262
conditional-fit-0118,axis1_general,1999,0.00041878825347637115
conditional-fit-0118,axis1_general,2000,0.01213495875429253
conditional-fit-0118,axis1_general,2001,0.00016377432101156867
conditional-fit-0118,axis1_general,2002,0.0004956222965756482
conditional-fit-0118,axis1_general,2003,0.02758326623115874
conditional-fit-0118,axis1_general,2004,0.0010680004881640417
conditional-fit-0118,axis1_general,2005,0.008383462108726645
conditional-fit-0118,axis1_general,2006,0.005739447443445598
conditional-fit-0118,axis1_general,2007,0.02108082898734848
conditional-fit-0118,axis1_general,2008,6.268264404303672e-05
conditional-fit-0118,axis1_general,2009,7.279386076362117e-05
conditional-fit-0118,axis1_general,2010,0.017032818841629306
conditional-fit-0118,axis1_general,2011,0.01300137033414693
conditional-fit-0118,axis1_general,2012,0.010118752495879886
conditional-fit-0118,axis1_general,2013,0.0007061832688076707
conditional-fit-0118,axis1_general,2014,0.015415182098959222
conditional-fit-0118,axis1_general,2015,0.003358807937519924
conditional-fit-0118,axis1_general,2016,0.004244902707423377
conditional-fit-0118,axis1_general,2017,0.012121212742822515
conditional-fit-0118,axis1_general,2018,0.03347634573506563
conditional-fit-0118,axis1_general,2019,0.0025541821612760363
conditional-fit-0118,axis1_general,2020,0.004794105109205086
conditional-fit-0118,axis1_general,2021,0.0006684847341339844
conditional-fit-0118,axis1_general,2022,0.02712539975931925
conditional-fit-0118,axis1_general,2023,0.017662223459148575
conditional-fit-0118,axis1_general,2024,0.00226087409404434
conditional-fit-0118,axis1_general,2025,0.01228331356039125
conditional-fit-0118,axis1_general,2026,0.008720021264277384
conditional-fit-0118,axis1_general,2027,0.010266760154830402
conditional-fit-0118,axis1_general,2028,0.02326468149383204
conditional-fit-0118,axis1_general,2029,0.006216635897960396
conditional-fit-0118,axis1_general,2030,0.011709182771533117
conditional-fit-0118,axis1_general,2031,0.007407816967882211
conditional-fit-0118,axis1_general,2032,0.000630734837971601
conditional-fit-0118,axis1_general,2033,0.003757574156083867
conditional-fit-0118,axis1_general,2034,0.01014545842749269
conditional-fit-0118,axis1_general,2035,0.0010995770687455895
conditional-fit-0118,axis1_general,2036,0.02928207190293579
conditional-fit-0118,axis1_general,2037,0.002607990993939479
conditional-fit-0118,axis1_general,2038,0.016555211362689323
conditional-fit-0118,axis1_general,2039,0.014042468958358006
conditional-fit-0118,axis1_general,2040,0.0027127729518870093
conditional-fit-0118,axis1_general,2041,0.007195890781866882
conditional-fit-0118,axis1_general,2042,0.011637884370233921
conditional-fit-0118,axis1_general,2043,0.02846815014485519
conditional-fit-0118,axis1_general,2044,0.06572309953368606
conditional-fit-0118,axis1_general,2045,0.05927432073686173
conditional-fit-0118,axis1_general,2046,0.016085180109860178
