window_id,domain,pos,kld
conditional-fit-0041,axis2_legal,0,1.26847853514964
conditional-fit-0041,axis2_legal,1,1.9717877671186517
conditional-fit-0041,axis2_legal,2,3.215598183627204
conditional-fit-0041,axis2_legal,3,0.8696765440172737
conditional-fit-0041,axis2_legal,4,1.433813670714853
conditional-fit-0041,axis2_legal,5,1.6970308966497691
conditional-fit-0041,axis2_legal,6,0.7960263147366422
conditional-fit-0041,axis2_legal,7,0.07806803822852261
conditional-fit-0041,axis2_legal,8,0.8154587178290099
conditional-fit-0041,axis2_legal,9,1.2232396497482079
conditional-fit-0041,axis2_legal,10,1.1669951523597517
conditional-fit-0041,axis2_legal,11,2.0502021368355097
conditional-fit-0041,axis2_legal,12,1.2476250278397871
conditional-fit-0041,axis2_legal,13,0.034948991731030714
conditional-fit-0041,axis2_legal,14,0.05048104094369787
conditional-fit-0041,axis2_legal,15,2.566668778249411
conditional-fit-0041,axis2_legal,16,1.167562273744038
conditional-fit-0041,axis2_legal,17,3.36758002177229
conditional-fit-0041,axis2_legal,18,0.3553495142854435
conditional-fit-0041,axis2_legal,19,0.731179299133376
conditional-fit-0041,axis2_legal,20,2.124754860712565
conditional-fit-0041,axis2_legal,21,1.5871941989157488
conditional-fit-0041,axis2_legal,22,0.8929453157818295
conditional-fit-0041,axis2_legal,23,0.42459943546421786
conditional-fit-0041,axis2_legal,24,0.7829600750398042
conditional-fit-0041,axis2_legal,25,0.3893722388367433
conditional-fit-0041,axis2_legal,26,0.3391933982532066
conditional-fit-0041,axis2_legal,27,0.13280440420163972
conditional-fit-0041,axis2_legal,28,0.295887830973068
conditional-fit-0041,axis2_legal,29,0.0018423563056489956
conditional-fit-0041,axis2_legal,30,0.12320693988359421
conditional-fit-0041,axis2_legal,31,0.1567522329986712
conditional-fit-0041,axis2_legal,32,0.24499234168438816
conditional-fit-0041,axis2_legal,33,0.33663474919398156
conditional-fit-0041,axis2_legal,34,0.02468375674966396
conditional-fit-0041,axis2_legal,35,0.6219770526665002
conditional-fit-0041,axis2_legal,36,0.16864270699730088
conditional-fit-0041,axis2_legal,37,2.3885790200557664
conditional-fit-0041,axis2_legal,38,0.32156972801796174
conditional-fit-0041,axis2_legal,39,0.9560861339924426
conditional-fit-0041,axis2_legal,40,0.14010215925427486
conditional-fit-0041,axis2_legal,41,0.30377219248282344
conditional-fit-0041,axis2_legal,42,0.009656140333662001
conditional-fit-0041,axis2_legal,43,0.05015922838216946
conditional-fit-0041,axis2_legal,44,0.1507704215057609
conditional-fit-0041,axis2_legal,45,0.06483468897046954
conditional-fit-0041,axis2_legal,46,0.3382077908383419
conditional-fit-0041,axis2_legal,47,0.1470340056619882
conditional-fit-0041,axis2_legal,48,0.09749748686167227
conditional-fit-0041,axis2_legal,49,0.05858938853430475
conditional-fit-0041,axis2_legal,50,0.11450516450521203
conditional-fit-0041,axis2_legal,51,0.21803804360429324
conditional-fit-0041,axis2_legal,52,0.4492448086639073
conditional-fit-0041,axis2_legal,53,0.28633809691394607
conditional-fit-0041,axis2_legal,54,0.9342393604939997
conditional-fit-0041,axis2_legal,55,0.02980877818537155
conditional-fit-0041,axis2_legal,56,0.2794700260279322
conditional-fit-0041,axis2_legal,57,0.1104897568197946
conditional-fit-0041,axis2_legal,58,0.03904912353202583
conditional-fit-0041,axis2_legal,59,0.07430667239572533
conditional-fit-0041,axis2_legal,60,0.30620474161297856
conditional-fit-0041,axis2_legal,61,0.4289167113003436
conditional-fit-0041,axis2_legal,62,0.4788147686809232
conditional-fit-0041,axis2_legal,63,0.07914911090237084
conditional-fit-0041,axis2_legal,64,0.05744413172381299
conditional-fit-0041,axis2_legal,65,0.2804220742904597
conditional-fit-0041,axis2_legal,66,0.05643262596787222
conditional-fit-0041,axis2_legal,67,0.19822216775304288
conditional-fit-0041,axis2_legal,68,0.5835176714247103
conditional-fit-0041,axis2_legal,69,0.3725831615528732
conditional-fit-0041,axis2_legal,70,0.3580929062531474
conditional-fit-0041,axis2_legal,71,0.05292085335027315
conditional-fit-0041,axis2_legal,72,0.27516039218716537
conditional-fit-0041,axis2_legal,73,0.5272758854026087
conditional-fit-0041,axis2_legal,74,0.22269028597277837
conditional-fit-0041,axis2_legal,75,0.002167991030931739
conditional-fit-0041,axis2_legal,76,0.13324371391448767
conditional-fit-0041,axis2_legal,77,0.059045338120173166
conditional-fit-0041,axis2_legal,78,0.04151223714258229
conditional-fit-0041,axis2_legal,79,0.2765031453010026
conditional-fit-0041,axis2_legal,80,0.027744813391883436
conditional-fit-0041,axis2_legal,81,0.134111698250523
conditional-fit-0041,axis2_legal,82,0.009614538418969053
conditional-fit-0041,axis2_legal,83,0.23143865885304948
conditional-fit-0041,axis2_legal,84,0.022386684996159933
conditional-fit-0041,axis2_legal,85,0.031082336970408825
conditional-fit-0041,axis2_legal,86,0.08263273763223852
conditional-fit-0041,axis2_legal,87,0.0007239259443313447
conditional-fit-0041,axis2_legal,88,0.0071200592417939735
conditional-fit-0041,axis2_legal,89,0.052252044204747786
conditional-fit-0041,axis2_legal,90,0.0009304253496388815
conditional-fit-0041,axis2_legal,91,0.021165574891385625
conditional-fit-0041,axis2_legal,92,0.05326987159696313
conditional-fit-0041,axis2_legal,93,0.3048956633215236
conditional-fit-0041,axis2_legal,94,0.08883284768675082
conditional-fit-0041,axis2_legal,95,0.0723896452416219
conditional-fit-0041,axis2_legal,96,0.06551956581658122
conditional-fit-0041,axis2_legal,97,0.29055847563772524
conditional-fit-0041,axis2_legal,98,0.3039062722171195
conditional-fit-0041,axis2_legal,99,0.4533981182518318
conditional-fit-0041,axis2_legal,100,0.08059019163445189
conditional-fit-0041,axis2_legal,101,0.022970609516765654
conditional-fit-0041,axis2_legal,102,0.02871658651109958
conditional-fit-0041,axis2_legal,103,0.17110666789291099
conditional-fit-0041,axis2_legal,104,0.1615935621378373
conditional-fit-0041,axis2_legal,105,0.0035087612547191165
conditional-fit-0041,axis2_legal,106,0.11292211399338387
conditional-fit-0041,axis2_legal,107,0.01717519906836215
conditional-fit-0041,axis2_legal,108,0.11473662588400693
conditional-fit-0041,axis2_legal,109,0.029162586008957464
conditional-fit-0041,axis2_legal,110,0.25646663816716886
conditional-fit-0041,axis2_legal,111,0.0022627353177778046
conditional-fit-0041,axis2_legal,112,0.27626385920318214
conditional-fit-0041,axis2_legal,113,0.030070813139785057
conditional-fit-0041,axis2_legal,114,0.08965847997898747
conditional-fit-0041,axis2_legal,115,0.21958259656431187
conditional-fit-0041,axis2_legal,116,0.10105876972240457
conditional-fit-0041,axis2_legal,117,0.039295275994284416
conditional-fit-0041,axis2_legal,118,0.023196211787031615
conditional-fit-0041,axis2_legal,119,0.259219152318402
conditional-fit-0041,axis2_legal,120,0.004403455830801871
conditional-fit-0041,axis2_legal,121,0.15408006739762162
conditional-fit-0041,axis2_legal,122,0.11810199963718074
conditional-fit-0041,axis2_legal,123,0.41803631925814466
conditional-fit-0041,axis2_legal,124,0.0001842964048317551
conditional-fit-0041,axis2_legal,125,0.0013873463128617645
conditional-fit-0041,axis2_legal,126,0.054732620178655975
conditional-fit-0041,axis2_legal,127,0.17594956190899827
conditional-fit-0041,axis2_legal,128,0.10740537319455133
conditional-fit-0041,axis2_legal,129,0.07788544177588831
conditional-fit-0041,axis2_legal,130,0.03568633930734236
conditional-fit-0041,axis2_legal,131,0.24553854867675218
conditional-fit-0041,axis2_legal,132,0.0007249473702388241
conditional-fit-0041,axis2_legal,133,0.0063731684087550665
conditional-fit-0041,axis2_legal,134,0.15287221320753938
conditional-fit-0041,axis2_legal,135,0.3708957979210612
conditional-fit-0041,axis2_legal,136,0.006263685480872052
conditional-fit-0041,axis2_legal,137,0.12395434561988825
conditional-fit-0041,axis2_legal,138,0.005999435330268875
conditional-fit-0041,axis2_legal,139,0.14417550714660243
conditional-fit-0041,axis2_legal,140,0.06570742387742584
conditional-fit-0041,axis2_legal,141,0.12672701133768008
conditional-fit-0041,axis2_legal,142,0.04930103823566855
conditional-fit-0041,axis2_legal,143,0.08928660808483295
conditional-fit-0041,axis2_legal,144,0.16747751530909397
conditional-fit-0041,axis2_legal,145,0.029734794825147043
conditional-fit-0041,axis2_legal,146,0.04193659819528772
conditional-fit-0041,axis2_legal,147,0.00013207605363412943
conditional-fit-0041,axis2_legal,148,0.08804895008286366
conditional-fit-0041,axis2_legal,149,0.05177363368180032
conditional-fit-0041,axis2_legal,150,0.009220131965041449
conditional-fit-0041,axis2_legal,151,0.18010858667615706
conditional-fit-0041,axis2_legal,152,0.1385611325104462
conditional-fit-0041,axis2_legal,153,0.03203707768860517
conditional-fit-0041,axis2_legal,154,0.027413227394924074
conditional-fit-0041,axis2_legal,155,0.00020345875027988708
conditional-fit-0041,axis2_legal,156,0.31127068208257797
conditional-fit-0041,axis2_legal,157,0.09605028950904619
conditional-fit-0041,axis2_legal,158,2.990349351217352e-05
conditional-fit-0041,axis2_legal,159,0.01608818789749763
conditional-fit-0041,axis2_legal,160,0.02086962344573294
conditional-fit-0041,axis2_legal,161,0.006681172292711373
conditional-fit-0041,axis2_legal,162,0.036988029986208724
conditional-fit-0041,axis2_legal,163,0.005237678797517714
conditional-fit-0041,axis2_legal,164,0.16308531541541116
conditional-fit-0041,axis2_legal,165,0.00016729748459061905
conditional-fit-0041,axis2_legal,166,0.0005844284623586146
conditional-fit-0041,axis2_legal,167,0.07816568835371815
conditional-fit-0041,axis2_legal,168,0.05849383955011547
conditional-fit-0041,axis2_legal,169,0.035214992705995166
conditional-fit-0041,axis2_legal,170,0.02645210329329056
conditional-fit-0041,axis2_legal,171,0.07423427612319317
conditional-fit-0041,axis2_legal,172,4.321578870877302e-05
conditional-fit-0041,axis2_legal,173,7.862827986704064e-05
conditional-fit-0041,axis2_legal,174,0.014751492525970154
conditional-fit-0041,axis2_legal,175,0.04089747619248791
conditional-fit-0041,axis2_legal,176,0.07952310072777817
conditional-fit-0041,axis2_legal,177,0.018974435560965872
conditional-fit-0041,axis2_legal,178,0.06400850761735963
conditional-fit-0041,axis2_legal,179,0.047609600831042126
conditional-fit-0041,axis2_legal,180,0.0747373672737334
conditional-fit-0041,axis2_legal,181,0.17621644061324523
conditional-fit-0041,axis2_legal,182,0.08867890022620975
conditional-fit-0041,axis2_legal,183,0.03984327490808475
conditional-fit-0041,axis2_legal,184,0.2682929123048633
conditional-fit-0041,axis2_legal,185,6.573781901263601e-06
conditional-fit-0041,axis2_legal,186,0.0027427075161197655
conditional-fit-0041,axis2_legal,187,0.04488162759821972
conditional-fit-0041,axis2_legal,188,0.12104846807516792
conditional-fit-0041,axis2_legal,189,0.004199977415959351
conditional-fit-0041,axis2_legal,190,0.0004944206634643223
conditional-fit-0041,axis2_legal,191,0.0017178091543476781
conditional-fit-0041,axis2_legal,192,0.0007524297472699186
conditional-fit-0041,axis2_legal,193,0.4836075111578507
conditional-fit-0041,axis2_legal,194,0.036746626710633064
conditional-fit-0041,axis2_legal,195,0.062118288397671195
conditional-fit-0041,axis2_legal,196,0.35029992662244586
conditional-fit-0041,axis2_legal,197,0.04050747408507793
conditional-fit-0041,axis2_legal,198,0.7882918922889148
conditional-fit-0041,axis2_legal,199,0.018192681241383568
conditional-fit-0041,axis2_legal,200,0.08749708042914497
conditional-fit-0041,axis2_legal,201,0.15399216387020376
conditional-fit-0041,axis2_legal,202,0.1252427302368252
conditional-fit-0041,axis2_legal,203,0.16941038473998185
conditional-fit-0041,axis2_legal,204,0.1536322505627919
conditional-fit-0041,axis2_legal,205,0.1085729309241429
conditional-fit-0041,axis2_legal,206,0.07774906345469597
conditional-fit-0041,axis2_legal,207,0.024642539993808478
conditional-fit-0041,axis2_legal,208,0.07297273923197041
conditional-fit-0041,axis2_legal,209,0.0585319005245563
conditional-fit-0041,axis2_legal,210,0.024593747803082815
conditional-fit-0041,axis2_legal,211,0.13150391392973293
conditional-fit-0041,axis2_legal,212,0.0002968449644759253
conditional-fit-0041,axis2_legal,213,0.002339673561389398
conditional-fit-0041,axis2_legal,214,0.11572085761716308
conditional-fit-0041,axis2_legal,215,0.05595311406153817
conditional-fit-0041,axis2_legal,216,0.11303990170119575
conditional-fit-0041,axis2_legal,217,0.009677400005372538
conditional-fit-0041,axis2_legal,218,0.0001043269846117237
conditional-fit-0041,axis2_legal,219,0.13485771194110238
conditional-fit-0041,axis2_legal,220,0.12109211028799396
conditional-fit-0041,axis2_legal,221,0.00040829276561713684
conditional-fit-0041,axis2_legal,222,0.014887430628505366
conditional-fit-0041,axis2_legal,223,0.0024779490308350386
conditional-fit-0041,axis2_legal,224,0.02789136806484288
conditional-fit-0041,axis2_legal,225,0.040155263140085065
conditional-fit-0041,axis2_legal,226,0.3082304909719168
conditional-fit-0041,axis2_legal,227,0.0008075723256000252
conditional-fit-0041,axis2_legal,228,0.015260347084726802
conditional-fit-0041,axis2_legal,229,0.0378820444565389
conditional-fit-0041,axis2_legal,230,0.009922586974700769
conditional-fit-0041,axis2_legal,231,0.08606223655241507
conditional-fit-0041,axis2_legal,232,0.023781823224254026
conditional-fit-0041,axis2_legal,233,0.3351128222092771
conditional-fit-0041,axis2_legal,234,0.3220216444375581
conditional-fit-0041,axis2_legal,235,0.22172383675097457
conditional-fit-0041,axis2_legal,236,0.336886630271878
conditional-fit-0041,axis2_legal,237,0.05259218875176256
conditional-fit-0041,axis2_legal,238,0.17076579662836325
conditional-fit-0041,axis2_legal,239,0.025394543698425746
conditional-fit-0041,axis2_legal,240,0.1509081243630841
conditional-fit-0041,axis2_legal,241,0.0005825912118152805
conditional-fit-0041,axis2_legal,242,0.02583283839880475
conditional-fit-0041,axis2_legal,243,0.10648972680247575
conditional-fit-0041,axis2_legal,244,0.00014031620251741056
conditional-fit-0041,axis2_legal,245,0.03571128990505188
conditional-fit-0041,axis2_legal,246,0.05774481246975906
conditional-fit-0041,axis2_legal,247,0.08303856026886747
conditional-fit-0041,axis2_legal,248,0.24449282710176568
conditional-fit-0041,axis2_legal,249,0.021752991011509258
conditional-fit-0041,axis2_legal,250,0.02253476923922724
conditional-fit-0041,axis2_legal,251,0.4200597053635533
conditional-fit-0041,axis2_legal,252,0.0035993754572814854
conditional-fit-0041,axis2_legal,253,0.0432792267397072
conditional-fit-0041,axis2_legal,254,0.004919226020653581
conditional-fit-0041,axis2_legal,255,0.0020390689343857014
conditional-fit-0041,axis2_legal,256,0.054659932098208686
conditional-fit-0041,axis2_legal,257,0.00016949543134489104
conditional-fit-0041,axis2_legal,258,0.09260081663764211
conditional-fit-0041,axis2_legal,259,0.08442247481381436
conditional-fit-0041,axis2_legal,260,0.0385911539945501
conditional-fit-0041,axis2_legal,261,0.0008979416565783359
conditional-fit-0041,axis2_legal,262,0.05251356672260081
conditional-fit-0041,axis2_legal,263,0.06063610421584056
conditional-fit-0041,axis2_legal,264,0.0013622547978676034
conditional-fit-0041,axis2_legal,265,0.00016317403692861927
conditional-fit-0041,axis2_legal,266,0.06163638600891844
conditional-fit-0041,axis2_legal,267,0.07047912235509177
conditional-fit-0041,axis2_legal,268,0.003718395394452418
conditional-fit-0041,axis2_legal,269,0.023498368712666383
conditional-fit-0041,axis2_legal,270,0.023682709602827576
conditional-fit-0041,axis2_legal,271,0.11873123126162057
conditional-fit-0041,axis2_legal,272,0.08485011021277555
conditional-fit-0041,axis2_legal,273,0.12193026052829745
conditional-fit-0041,axis2_legal,274,0.10011983023238885
conditional-fit-0041,axis2_legal,275,0.0005216099007045955
conditional-fit-0041,axis2_legal,276,0.2106587259984941
conditional-fit-0041,axis2_legal,277,0.04644037019352098
conditional-fit-0041,axis2_legal,278,0.004544874552876937
conditional-fit-0041,axis2_legal,279,0.038866911980706104
conditional-fit-0041,axis2_legal,280,0.008810936933301915
conditional-fit-0041,axis2_legal,281,0.013492473132844131
conditional-fit-0041,axis2_legal,282,0.0004594967747929499
conditional-fit-0041,axis2_legal,283,0.021410337365520993
conditional-fit-0041,axis2_legal,284,0.11183994840953224
conditional-fit-0041,axis2_legal,285,0.09897237969215711
conditional-fit-0041,axis2_legal,286,0.06898093499086462
conditional-fit-0041,axis2_legal,287,0.07946180433730234
conditional-fit-0041,axis2_legal,288,0.00661331658674363
conditional-fit-0041,axis2_legal,289,0.014381555260826007
conditional-fit-0041,axis2_legal,290,0.01975225339805968
conditional-fit-0041,axis2_legal,291,6.939973021361787e-05
conditional-fit-0041,axis2_legal,292,0.07714000389910305
conditional-fit-0041,axis2_legal,293,0.026657383311963503
conditional-fit-0041,axis2_legal,294,0.0014728946857444063
conditional-fit-0041,axis2_legal,295,0.00020886915807569542
conditional-fit-0041,axis2_legal,296,0.3512791874793779
conditional-fit-0041,axis2_legal,297,0.008886468982993365
conditional-fit-0041,axis2_legal,298,0.015951446840516654
conditional-fit-0041,axis2_legal,299,0.047036752253344846
conditional-fit-0041,axis2_legal,300,0.044462757673760706
conditional-fit-0041,axis2_legal,301,0.008811957324623282
conditional-fit-0041,axis2_legal,302,0.005518069976384149
conditional-fit-0041,axis2_legal,303,0.00025962218140125783
conditional-fit-0041,axis2_legal,304,0.0643890571787746
conditional-fit-0041,axis2_legal,305,0.05959280582071908
conditional-fit-0041,axis2_legal,306,0.008532324168309699
conditional-fit-0041,axis2_legal,307,0.07304981968883266
conditional-fit-0041,axis2_legal,308,0.02079251589856691
conditional-fit-0041,axis2_legal,309,0.11826936008330642
conditional-fit-0041,axis2_legal,310,0.027740956088506127
conditional-fit-0041,axis2_legal,311,0.024429579067458032
conditional-fit-0041,axis2_legal,312,0.03670651467589356
conditional-fit-0041,axis2_legal,313,0.3148300452358008
conditional-fit-0041,axis2_legal,314,0.017128601681224334
conditional-fit-0041,axis2_legal,315,0.02135403154072017
conditional-fit-0041,axis2_legal,316,0.1195052187508502
conditional-fit-0041,axis2_legal,317,0.05117734998730106
conditional-fit-0041,axis2_legal,318,0.09173405263847913
conditional-fit-0041,axis2_legal,319,0.11312973529535203
conditional-fit-0041,axis2_legal,320,0.0544433801713165
conditional-fit-0041,axis2_legal,321,0.1728048941791898
conditional-fit-0041,axis2_legal,322,0.04632051059192892
conditional-fit-0041,axis2_legal,323,0.03418804827880782
conditional-fit-0041,axis2_legal,324,0.10146192108160439
conditional-fit-0041,axis2_legal,325,0.1814734705486438
conditional-fit-0041,axis2_legal,326,0.0005825549790118721
conditional-fit-0041,axis2_legal,327,0.00444865290192677
conditional-fit-0041,axis2_legal,328,0.07324027381496616
conditional-fit-0041,axis2_legal,329,0.02390410655915253
conditional-fit-0041,axis2_legal,330,0.09622943201273088
conditional-fit-0041,axis2_legal,331,0.01778729489570382
conditional-fit-0041,axis2_legal,332,0.0021352880069225298
conditional-fit-0041,axis2_legal,333,0.06514169589683559
conditional-fit-0041,axis2_legal,334,0.00148848141475177
conditional-fit-0041,axis2_legal,335,6.54380163797924e-06
conditional-fit-0041,axis2_legal,336,0.025992145572623648
conditional-fit-0041,axis2_legal,337,0.007040218382496946
conditional-fit-0041,axis2_legal,338,0.008962901639765535
conditional-fit-0041,axis2_legal,339,5.198304478386875e-05
conditional-fit-0041,axis2_legal,340,0.04567809080133988
conditional-fit-0041,axis2_legal,341,0.11126032160935151
conditional-fit-0041,axis2_legal,342,2.6197562872579262e-05
conditional-fit-0041,axis2_legal,343,0.05781941362078595
conditional-fit-0041,axis2_legal,344,8.156773142376226e-06
conditional-fit-0041,axis2_legal,345,3.0006016887826045e-06
conditional-fit-0041,axis2_legal,346,0.027139579276783513
conditional-fit-0041,axis2_legal,347,0.05388037800881844
conditional-fit-0041,axis2_legal,348,0.015563514234441252
conditional-fit-0041,axis2_legal,349,0.00012563775905138043
conditional-fit-0041,axis2_legal,350,0.09992155838432853
conditional-fit-0041,axis2_legal,351,0.0004735749281849172
conditional-fit-0041,axis2_legal,352,0.09444395191580164
conditional-fit-0041,axis2_legal,353,0.09257628596764025
conditional-fit-0041,axis2_legal,354,0.0028091319113527
conditional-fit-0041,axis2_legal,355,0.03524306781048478
conditional-fit-0041,axis2_legal,356,0.002464003627420011
conditional-fit-0041,axis2_legal,357,0.043867929260385755
conditional-fit-0041,axis2_legal,358,0.032860201424997834
conditional-fit-0041,axis2_legal,359,0.00037014398872041356
conditional-fit-0041,axis2_legal,360,0.005546621211679144
conditional-fit-0041,axis2_legal,361,0.00915905709714164
conditional-fit-0041,axis2_legal,362,0.08109826387477523
conditional-fit-0041,axis2_legal,363,0.0571119501737271
conditional-fit-0041,axis2_legal,364,0.0010147275771625749
conditional-fit-0041,axis2_legal,365,0.027181898892071923
conditional-fit-0041,axis2_legal,366,0.029861860444548076
conditional-fit-0041,axis2_legal,367,0.02123135190458759
conditional-fit-0041,axis2_legal,368,0.030036383655128007
conditional-fit-0041,axis2_legal,369,0.03463720614042061
conditional-fit-0041,axis2_legal,370,7.743628620729955e-05
conditional-fit-0041,axis2_legal,371,0.058478344688013995
conditional-fit-0041,axis2_legal,372,3.218207731769277e-05
conditional-fit-0041,axis2_legal,373,0.06549334794351952
conditional-fit-0041,axis2_legal,374,2.675638688782416e-06
conditional-fit-0041,axis2_legal,375,0.0015459524999535778
conditional-fit-0041,axis2_legal,376,0.05163656715239668
conditional-fit-0041,axis2_legal,377,0.28885650268099616
conditional-fit-0041,axis2_legal,378,0.0005359375752357376
conditional-fit-0041,axis2_legal,379,0.029517910729555126
conditional-fit-0041,axis2_legal,380,0.04371430008310369
conditional-fit-0041,axis2_legal,381,0.005663190253461374
conditional-fit-0041,axis2_legal,382,0.00015052305597416794
conditional-fit-0041,axis2_legal,383,0.23803817134966648
conditional-fit-0041,axis2_legal,384,0.06974952563952423
conditional-fit-0041,axis2_legal,385,0.06342895449462882
conditional-fit-0041,axis2_legal,386,0.15483149067787227
conditional-fit-0041,axis2_legal,387,0.11986796750677786
conditional-fit-0041,axis2_legal,388,0.1096495820117825
conditional-fit-0041,axis2_legal,389,0.17254659873318878
conditional-fit-0041,axis2_legal,390,0.06463087120099928
conditional-fit-0041,axis2_legal,391,2.44100245370071e-05
conditional-fit-0041,axis2_legal,392,0.0010672272412442613
conditional-fit-0041,axis2_legal,393,0.12668731807190375
conditional-fit-0041,axis2_legal,394,0.015159492079484565
conditional-fit-0041,axis2_legal,395,0.6113278558633154
conditional-fit-0041,axis2_legal,396,0.00011934408525706648
conditional-fit-0041,axis2_legal,397,0.16427996869073136
conditional-fit-0041,axis2_legal,398,0.06547422759002833
conditional-fit-0041,axis2_legal,399,0.07294188680722948
conditional-fit-0041,axis2_legal,400,0.053829415058996063
conditional-fit-0041,axis2_legal,401,0.02065117828807012
conditional-fit-0041,axis2_legal,402,0.07183062516285914
conditional-fit-0041,axis2_legal,403,0.007109043990189451
conditional-fit-0041,axis2_legal,404,0.00012857310223556993
conditional-fit-0041,axis2_legal,405,0.16584953210763492
conditional-fit-0041,axis2_legal,406,0.07742194973101965
conditional-fit-0041,axis2_legal,407,0.06054065488357305
conditional-fit-0041,axis2_legal,408,0.009549360586817601
conditional-fit-0041,axis2_legal,409,0.07101428525230462
conditional-fit-0041,axis2_legal,410,0.06100175761683005
conditional-fit-0041,axis2_legal,411,0.04067461140116302
conditional-fit-0041,axis2_legal,412,0.06857543514669395
conditional-fit-0041,axis2_legal,413,0.008896292278434451
conditional-fit-0041,axis2_legal,414,0.07468082157215393
conditional-fit-0041,axis2_legal,415,0.04267305036945561
conditional-fit-0041,axis2_legal,416,0.02443413643429534
conditional-fit-0041,axis2_legal,417,0.02125212838972087
conditional-fit-0041,axis2_legal,418,0.035073883367007466
conditional-fit-0041,axis2_legal,419,3.172563012998142e-05
conditional-fit-0041,axis2_legal,420,0.10390556583429778
conditional-fit-0041,axis2_legal,421,0.0811846287384192
conditional-fit-0041,axis2_legal,422,0.052957758060488094
conditional-fit-0041,axis2_legal,423,1.762380876187261e-07
conditional-fit-0041,axis2_legal,424,7.268547694368699e-06
conditional-fit-0041,axis2_legal,425,0.0361555173792318
conditional-fit-0041,axis2_legal,426,0.03995905866193599
conditional-fit-0041,axis2_legal,427,0.001966761304685402
conditional-fit-0041,axis2_legal,428,0.0001317225595432681
conditional-fit-0041,axis2_legal,429,0.1619205906551242
conditional-fit-0041,axis2_legal,430,0.33489389247210155
conditional-fit-0041,axis2_legal,431,0.057976345289581274
conditional-fit-0041,axis2_legal,432,0.038187940554065596
conditional-fit-0041,axis2_legal,433,0.051625377283532246
conditional-fit-0041,axis2_legal,434,0.03686705276870771
conditional-fit-0041,axis2_legal,435,0.19835379061497715
conditional-fit-0041,axis2_legal,436,0.0002923420184848121
conditional-fit-0041,axis2_legal,437,0.015795925970219435
conditional-fit-0041,axis2_legal,438,0.022278035363281615
conditional-fit-0041,axis2_legal,439,0.2542636110709148
conditional-fit-0041,axis2_legal,440,0.04772124840820838
conditional-fit-0041,axis2_legal,441,0.19284934331006476
conditional-fit-0041,axis2_legal,442,0.2641588228883836
conditional-fit-0041,axis2_legal,443,0.12486775134053564
conditional-fit-0041,axis2_legal,444,0.364941622664213
conditional-fit-0041,axis2_legal,445,0.07097984162785037
conditional-fit-0041,axis2_legal,446,0.061757204189467105
conditional-fit-0041,axis2_legal,447,0.1154253926193369
conditional-fit-0041,axis2_legal,448,0.06704121264807719
conditional-fit-0041,axis2_legal,449,0.2691048814863173
conditional-fit-0041,axis2_legal,450,0.02799770486031935
conditional-fit-0041,axis2_legal,451,0.003418169852260303
conditional-fit-0041,axis2_legal,452,0.12926100582745206
conditional-fit-0041,axis2_legal,453,0.0864304669429389
conditional-fit-0041,axis2_legal,454,0.05311547876757815
conditional-fit-0041,axis2_legal,455,0.1697736254729161
conditional-fit-0041,axis2_legal,456,0.13809947644378662
conditional-fit-0041,axis2_legal,457,0.04811037312079264
conditional-fit-0041,axis2_legal,458,0.039231814379487105
conditional-fit-0041,axis2_legal,459,0.24369393371458714
conditional-fit-0041,axis2_legal,460,0.07935153128270561
conditional-fit-0041,axis2_legal,461,0.13069208781326858
conditional-fit-0041,axis2_legal,462,0.16073234615063958
conditional-fit-0041,axis2_legal,463,0.12023083205470132
conditional-fit-0041,axis2_legal,464,0.006396520064919475
conditional-fit-0041,axis2_legal,465,0.02446946429088033
conditional-fit-0041,axis2_legal,466,0.0037168946638323017
conditional-fit-0041,axis2_legal,467,0.004628706730991343
conditional-fit-0041,axis2_legal,468,0.0002970586471695956
conditional-fit-0041,axis2_legal,469,0.042944307658172996
conditional-fit-0041,axis2_legal,470,0.07994454003305518
conditional-fit-0041,axis2_legal,471,0.00013556478513726373
conditional-fit-0041,axis2_legal,472,1.2681684624477719e-05
conditional-fit-0041,axis2_legal,473,0.0015210371293460528
conditional-fit-0041,axis2_legal,474,0.042678508301180904
conditional-fit-0041,axis2_legal,475,0.047499686686637566
conditional-fit-0041,axis2_legal,476,0.0002802180677973083
conditional-fit-0041,axis2_legal,477,0.00028411278477581464
conditional-fit-0041,axis2_legal,478,0.001471500933754484
conditional-fit-0041,axis2_legal,479,0.00044175022983567217
conditional-fit-0041,axis2_legal,480,0.0044457499282043724
conditional-fit-0041,axis2_legal,481,0.03397018094411544
conditional-fit-0041,axis2_legal,482,0.08758670549059899
conditional-fit-0041,axis2_legal,483,0.016324915444090624
conditional-fit-0041,axis2_legal,484,0.00019938264283010675
conditional-fit-0041,axis2_legal,485,0.02549861385714924
conditional-fit-0041,axis2_legal,486,0.0014048341426537074
conditional-fit-0041,axis2_legal,487,0.003953784965391862
conditional-fit-0041,axis2_legal,488,0.1278323941526804
conditional-fit-0041,axis2_legal,489,0.03477290549124247
conditional-fit-0041,axis2_legal,490,0.03788581878948733
conditional-fit-0041,axis2_legal,491,0.15288586045988145
conditional-fit-0041,axis2_legal,492,0.04079420687602631
conditional-fit-0041,axis2_legal,493,0.07873566505800492
conditional-fit-0041,axis2_legal,494,0.06762861317332725
conditional-fit-0041,axis2_legal,495,0.0002957482510497231
conditional-fit-0041,axis2_legal,496,0.10093719862834119
conditional-fit-0041,axis2_legal,497,0.06149224692834767
conditional-fit-0041,axis2_legal,498,0.16234184294866244
conditional-fit-0041,axis2_legal,499,0.049121136301343835
conditional-fit-0041,axis2_legal,500,0.035403092194652666
conditional-fit-0041,axis2_legal,501,0.011864026780949947
conditional-fit-0041,axis2_legal,502,0.03471732952787852
conditional-fit-0041,axis2_legal,503,0.016686091268367183
conditional-fit-0041,axis2_legal,504,0.0036321888879449096
conditional-fit-0041,axis2_legal,505,0.02121584195960878
conditional-fit-0041,axis2_legal,506,0.05386419458664529
conditional-fit-0041,axis2_legal,507,0.00010919448139430464
conditional-fit-0041,axis2_legal,508,0.0009791721826739235
conditional-fit-0041,axis2_legal,509,0.00023810800790934977
conditional-fit-0041,axis2_legal,510,0.014385944861462385
conditional-fit-0041,axis2_legal,511,0.017524978278832218
conditional-fit-0041,axis2_legal,512,0.001509835353037017
conditional-fit-0041,axis2_legal,513,0.0001432526236613614
conditional-fit-0041,axis2_legal,514,0.11988949709480291
conditional-fit-0041,axis2_legal,515,0.3088418256708273
conditional-fit-0041,axis2_legal,516,0.0002685705690951711
conditional-fit-0041,axis2_legal,517,0.06728794882773027
conditional-fit-0041,axis2_legal,518,0.1257741418462852
conditional-fit-0041,axis2_legal,519,0.04238115845146993
conditional-fit-0041,axis2_legal,520,0.008141945107438375
conditional-fit-0041,axis2_legal,521,0.0007095676537396015
conditional-fit-0041,axis2_legal,522,0.00046674409476271347
conditional-fit-0041,axis2_legal,523,0.11813678969495985
conditional-fit-0041,axis2_legal,524,0.0007869213704336366
conditional-fit-0041,axis2_legal,525,0.016242150721611733
conditional-fit-0041,axis2_legal,526,0.04527093186292751
conditional-fit-0041,axis2_legal,527,0.08384250224869207
conditional-fit-0041,axis2_legal,528,0.009919654028022973
conditional-fit-0041,axis2_legal,529,0.006248693128499217
conditional-fit-0041,axis2_legal,530,0.00017759221903366796
conditional-fit-0041,axis2_legal,531,0.015308112570224443
conditional-fit-0041,axis2_legal,532,0.009338414150801123
conditional-fit-0041,axis2_legal,533,0.0006723034102628166
conditional-fit-0041,axis2_legal,534,0.3458351271335441
conditional-fit-0041,axis2_legal,535,0.09965782653383477
conditional-fit-0041,axis2_legal,536,0.0032620908865693687
conditional-fit-0041,axis2_legal,537,0.0037860395236946794
conditional-fit-0041,axis2_legal,538,0.0002867554211910414
conditional-fit-0041,axis2_legal,539,0.016432188066528026
conditional-fit-0041,axis2_legal,540,6.287470489804141e-05
conditional-fit-0041,axis2_legal,541,0.00044323645566962466
conditional-fit-0041,axis2_legal,542,0.1347849091416336
conditional-fit-0041,axis2_legal,543,0.4360432020120869
conditional-fit-0041,axis2_legal,544,0.14966645249231542
conditional-fit-0041,axis2_legal,545,0.0022761650147881483
conditional-fit-0041,axis2_legal,546,0.002584021021857352
conditional-fit-0041,axis2_legal,547,0.000153056582389481
conditional-fit-0041,axis2_legal,548,0.029450199114704763
conditional-fit-0041,axis2_legal,549,0.07117107964923637
conditional-fit-0041,axis2_legal,550,0.0002797069374125339
conditional-fit-0041,axis2_legal,551,0.02595324279902611
conditional-fit-0041,axis2_legal,552,0.007797410080682066
conditional-fit-0041,axis2_legal,553,0.03631911968424806
conditional-fit-0041,axis2_legal,554,0.07125261897223703
conditional-fit-0041,axis2_legal,555,0.25098129755412724
conditional-fit-0041,axis2_legal,556,0.007885078345513372
conditional-fit-0041,axis2_legal,557,0.29431916697085936
conditional-fit-0041,axis2_legal,558,0.02530669296435703
conditional-fit-0041,axis2_legal,559,0.0008331886419013046
conditional-fit-0041,axis2_legal,560,0.0008296599221398966
conditional-fit-0041,axis2_legal,561,0.08849333732408178
conditional-fit-0041,axis2_legal,562,0.004707115912433507
conditional-fit-0041,axis2_legal,563,0.24931730882666608
conditional-fit-0041,axis2_legal,564,0.07469379849850949
conditional-fit-0041,axis2_legal,565,0.002520764398704998
conditional-fit-0041,axis2_legal,566,0.006721094699945331
conditional-fit-0041,axis2_legal,567,0.0009165739795694003
conditional-fit-0041,axis2_legal,568,2.9216801526842154e-05
conditional-fit-0041,axis2_legal,569,0.5833273391451332
conditional-fit-0041,axis2_legal,570,0.0038134550645351917
conditional-fit-0041,axis2_legal,571,0.0005326419899260409
conditional-fit-0041,axis2_legal,572,0.28963578972382115
conditional-fit-0041,axis2_legal,573,0.005255881971385347
conditional-fit-0041,axis2_legal,574,0.002903016743775019
conditional-fit-0041,axis2_legal,575,0.0001775677776252601
conditional-fit-0041,axis2_legal,576,0.025321652662169715
conditional-fit-0041,axis2_legal,577,0.00017173707036229543
conditional-fit-0041,axis2_legal,578,0.0011785909500095818
conditional-fit-0041,axis2_legal,579,0.01937065813806038
conditional-fit-0041,axis2_legal,580,0.1878818952431402
conditional-fit-0041,axis2_legal,581,0.0006924975378693266
conditional-fit-0041,axis2_legal,582,0.00029919173327648367
conditional-fit-0041,axis2_legal,583,0.00018220152235309312
conditional-fit-0041,axis2_legal,584,0.00012712937352692705
conditional-fit-0041,axis2_legal,585,0.0007038422153472683
conditional-fit-0041,axis2_legal,586,2.894598155015939
conditional-fit-0041,axis2_legal,587,0.3253958450807318
conditional-fit-0041,axis2_legal,588,0.0001342190700376982
conditional-fit-0041,axis2_legal,589,0.00010713299963267487
conditional-fit-0041,axis2_legal,590,6.388064506966036e-05
conditional-fit-0041,axis2_legal,591,0.03851483200710648
conditional-fit-0041,axis2_legal,592,4.1039978649207095e-05
conditional-fit-0041,axis2_legal,593,0.00043487537175913166
conditional-fit-0041,axis2_legal,594,0.7481302538003717
conditional-fit-0041,axis2_legal,595,0.30801810732805507
conditional-fit-0041,axis2_legal,596,0.0003851454516231828
conditional-fit-0041,axis2_legal,597,5.5118688268657335e-05
conditional-fit-0041,axis2_legal,598,0.00024708876619089194
conditional-fit-0041,axis2_legal,599,0.000576784768504424
conditional-fit-0041,axis2_legal,600,0.0005022107833659984
conditional-fit-0041,axis2_legal,601,0.027654629534042234
conditional-fit-0041,axis2_legal,602,0.0008421790376461611
conditional-fit-0041,axis2_legal,603,0.11568678792668173
conditional-fit-0041,axis2_legal,604,0.0003354185986441465
conditional-fit-0041,axis2_legal,605,0.0002464722695162275
conditional-fit-0041,axis2_legal,606,1.8394097121749567e-05
conditional-fit-0041,axis2_legal,607,0.0007020836667458602
conditional-fit-0041,axis2_legal,608,5.620278638641344e-05
conditional-fit-0041,axis2_legal,609,0.0003896214058547224
conditional-fit-0041,axis2_legal,610,0.00045971496650644764
conditional-fit-0041,axis2_legal,611,1.927714516945486e-05
conditional-fit-0041,axis2_legal,612,1.3211563966768564e-05
conditional-fit-0041,axis2_legal,613,1.869223958805952e-05
conditional-fit-0041,axis2_legal,614,4.101195817742997e-05
conditional-fit-0041,axis2_legal,615,0.0017929817719288586
conditional-fit-0041,axis2_legal,616,2.7718632901205795e-06
conditional-fit-0041,axis2_legal,617,0.00010620516237245926
conditional-fit-0041,axis2_legal,618,0.004779863171558154
conditional-fit-0041,axis2_legal,619,0.0007256915308348303
conditional-fit-0041,axis2_legal,620,0.00017184522877763367
conditional-fit-0041,axis2_legal,621,0.00018092556388604866
conditional-fit-0041,axis2_legal,622,0.00011346669765451174
conditional-fit-0041,axis2_legal,623,0.00013289548554632218
conditional-fit-0041,axis2_legal,624,0.026070169637777585
conditional-fit-0041,axis2_legal,625,0.0004922863546009982
conditional-fit-0041,axis2_legal,626,0.008201245309302975
conditional-fit-0041,axis2_legal,627,0.12153199272911702
conditional-fit-0041,axis2_legal,628,0.18382530385502768
conditional-fit-0041,axis2_legal,629,0.00010230044319123086
conditional-fit-0041,axis2_legal,630,3.825192970520267e-05
conditional-fit-0041,axis2_legal,631,0.0002943497943163635
conditional-fit-0041,axis2_legal,632,0.0001698615534817332
conditional-fit-0041,axis2_legal,633,0.0006793356597908593
conditional-fit-0041,axis2_legal,634,0.05098503353084151
conditional-fit-0041,axis2_legal,635,0.19003473589825934
conditional-fit-0041,axis2_legal,636,0.00029611584550863533
conditional-fit-0041,axis2_legal,637,0.0014865067668317611
conditional-fit-0041,axis2_legal,638,1.765843951273276e-05
conditional-fit-0041,axis2_legal,639,0.00288471970961628
conditional-fit-0041,axis2_legal,640,2.6814609555271056e-06
conditional-fit-0041,axis2_legal,641,0.0001304496697326414
conditional-fit-0041,axis2_legal,642,1.548081631738814
conditional-fit-0041,axis2_legal,643,0.0002735223042408746
conditional-fit-0041,axis2_legal,644,0.00023832347726961015
conditional-fit-0041,axis2_legal,645,0.000624669427035133
conditional-fit-0041,axis2_legal,646,0.0005363615629450206
conditional-fit-0041,axis2_legal,647,0.0008488136978760162
conditional-fit-0041,axis2_legal,648,0.8093404104837014
conditional-fit-0041,axis2_legal,649,0.00915954547125813
conditional-fit-0041,axis2_legal,650,0.0813449784560726
conditional-fit-0041,axis2_legal,651,0.00022900513135287612
conditional-fit-0041,axis2_legal,652,2.5457387523294182e-05
conditional-fit-0041,axis2_legal,653,0.00827252270385823
conditional-fit-0041,axis2_legal,654,0.00023320341846833585
conditional-fit-0041,axis2_legal,655,0.00034422298553284743
conditional-fit-0041,axis2_legal,656,0.036183428872587575
conditional-fit-0041,axis2_legal,657,0.00024710635328940465
conditional-fit-0041,axis2_legal,658,3.6327318117400125e-05
conditional-fit-0041,axis2_legal,659,1.0716560657322188e-05
conditional-fit-0041,axis2_legal,660,0.00016376353471680532
conditional-fit-0041,axis2_legal,661,0.00023828336617602415
conditional-fit-0041,axis2_legal,662,7.91592006380796e-05
conditional-fit-0041,axis2_legal,663,0.8892086311211774
conditional-fit-0041,axis2_legal,664,0.21922921795081018
conditional-fit-0041,axis2_legal,665,6.814147263005813e-05
conditional-fit-0041,axis2_legal,666,0.0001312213846946574
conditional-fit-0041,axis2_legal,667,7.556661772228275e-05
conditional-fit-0041,axis2_legal,668,0.002874194781317639
conditional-fit-0041,axis2_legal,669,0.0019060084483962449
conditional-fit-0041,axis2_legal,670,0.029435166761678188
conditional-fit-0041,axis2_legal,671,0.0037517790166817656
conditional-fit-0041,axis2_legal,672,0.1866920465609177
conditional-fit-0041,axis2_legal,673,0.08058552019136969
conditional-fit-0041,axis2_legal,674,0.0479576086623925
conditional-fit-0041,axis2_legal,675,0.2328735616825558
conditional-fit-0041,axis2_legal,676,0.4428328864502187
conditional-fit-0041,axis2_legal,677,0.13390251948752446
conditional-fit-0041,axis2_legal,678,0.01757297502272847
conditional-fit-0041,axis2_legal,679,0.03486989365795532
conditional-fit-0041,axis2_legal,680,0.011934525516234758
conditional-fit-0041,axis2_legal,681,0.05281003601456285
conditional-fit-0041,axis2_legal,682,0.07206791590932307
conditional-fit-0041,axis2_legal,683,0.04777767216147482
conditional-fit-0041,axis2_legal,684,0.06613490197984341
conditional-fit-0041,axis2_legal,685,0.027669850951063873
conditional-fit-0041,axis2_legal,686,0.060754123982885946
conditional-fit-0041,axis2_legal,687,0.011695953911766734
conditional-fit-0041,axis2_legal,688,0.009739754984183955
conditional-fit-0041,axis2_legal,689,0.04574365931367873
conditional-fit-0041,axis2_legal,690,0.01054923993651009
conditional-fit-0041,axis2_legal,691,0.028117925836047743
conditional-fit-0041,axis2_legal,692,0.049884987913704396
conditional-fit-0041,axis2_legal,693,0.014624932505727753
conditional-fit-0041,axis2_legal,694,0.005644597849819341
conditional-fit-0041,axis2_legal,695,0.03141290102002145
conditional-fit-0041,axis2_legal,696,0.12624634527054124
conditional-fit-0041,axis2_legal,697,0.14579382377771125
conditional-fit-0041,axis2_legal,698,0.011460142412778176
conditional-fit-0041,axis2_legal,699,0.029647653015993893
conditional-fit-0041,axis2_legal,700,0.00423069185446916
conditional-fit-0041,axis2_legal,701,0.00822760751028892
conditional-fit-0041,axis2_legal,702,0.02172595674411415
conditional-fit-0041,axis2_legal,703,0.09206010897273394
conditional-fit-0041,axis2_legal,704,0.0022951366645148318
conditional-fit-0041,axis2_legal,705,0.06187843015700317
conditional-fit-0041,axis2_legal,706,0.06979959474565202
conditional-fit-0041,axis2_legal,707,0.024928030887329228
conditional-fit-0041,axis2_legal,708,0.00533237905817992
conditional-fit-0041,axis2_legal,709,0.03207885503344235
conditional-fit-0041,axis2_legal,710,0.05190109490284733
conditional-fit-0041,axis2_legal,711,0.07114373307087307
conditional-fit-0041,axis2_legal,712,0.01793913780781842
conditional-fit-0041,axis2_legal,713,0.0012150787028227554
conditional-fit-0041,axis2_legal,714,0.005438898447181107
conditional-fit-0041,axis2_legal,715,0.016458670787920793
conditional-fit-0041,axis2_legal,716,0.025573344161180914
conditional-fit-0041,axis2_legal,717,0.005859872617141746
conditional-fit-0041,axis2_legal,718,0.016739377724405733
conditional-fit-0041,axis2_legal,719,0.0323420871219269
conditional-fit-0041,axis2_legal,720,0.013520787186662823
conditional-fit-0041,axis2_legal,721,0.045496686516156085
conditional-fit-0041,axis2_legal,722,0.01124163528008797
conditional-fit-0041,axis2_legal,723,0.02752891094465486
conditional-fit-0041,axis2_legal,724,0.10044088062169888
conditional-fit-0041,axis2_legal,725,0.23729393586748332
conditional-fit-0041,axis2_legal,726,0.039949510937519514
conditional-fit-0041,axis2_legal,727,0.02411944915794503
conditional-fit-0041,axis2_legal,728,0.06286770244594175
conditional-fit-0041,axis2_legal,729,0.048107707353989365
conditional-fit-0041,axis2_legal,730,0.05397898955666221
conditional-fit-0041,axis2_legal,731,0.019797573381846095
conditional-fit-0041,axis2_legal,732,0.014821222597626468
conditional-fit-0041,axis2_legal,733,0.028062840453593224
conditional-fit-0041,axis2_legal,734,0.02742070860758105
conditional-fit-0041,axis2_legal,735,0.04005355560754918
conditional-fit-0041,axis2_legal,736,0.033708537182317366
conditional-fit-0041,axis2_legal,737,0.0028146859921804428
conditional-fit-0041,axis2_legal,738,0.08114328952131691
conditional-fit-0041,axis2_legal,739,0.0022122924569446013
conditional-fit-0041,axis2_legal,740,0.016731163436307525
conditional-fit-0041,axis2_legal,741,0.023858420364245923
conditional-fit-0041,axis2_legal,742,0.0021222720387684066
conditional-fit-0041,axis2_legal,743,0.016725565184503667
conditional-fit-0041,axis2_legal,744,0.009341149248282728
conditional-fit-0041,axis2_legal,745,0.041156679585840454
conditional-fit-0041,axis2_legal,746,0.09095271726656817
conditional-fit-0041,axis2_legal,747,0.08397730368190377
conditional-fit-0041,axis2_legal,748,0.023957236849653573
conditional-fit-0041,axis2_legal,749,0.028561173335082506
conditional-fit-0041,axis2_legal,750,0.009824221451911079
conditional-fit-0041,axis2_legal,751,0.03298876628612245
conditional-fit-0041,axis2_legal,752,0.0006665738266902446
conditional-fit-0041,axis2_legal,753,0.028884168674579887
conditional-fit-0041,axis2_legal,754,0.07501941345788209
conditional-fit-0041,axis2_legal,755,0.016493982997686257
conditional-fit-0041,axis2_legal,756,0.050856373061236734
conditional-fit-0041,axis2_legal,757,0.1337035776070821
conditional-fit-0041,axis2_legal,758,0.009324038612989168
conditional-fit-0041,axis2_legal,759,0.016859301400965962
conditional-fit-0041,axis2_legal,760,0.048273531877899074
conditional-fit-0041,axis2_legal,761,0.1384072933910427
conditional-fit-0041,axis2_legal,762,0.5394160550169873
conditional-fit-0041,axis2_legal,763,0.005702213122701355
conditional-fit-0041,axis2_legal,764,0.007652107542871045
conditional-fit-0041,axis2_legal,765,0.012201903584158399
conditional-fit-0041,axis2_legal,766,0.03969818542957758
conditional-fit-0041,axis2_legal,767,0.02966025734279628
conditional-fit-0041,axis2_legal,768,0.0014673579582176154
conditional-fit-0041,axis2_legal,769,0.051508175400155135
conditional-fit-0041,axis2_legal,770,0.056608251690133865
conditional-fit-0041,axis2_legal,771,0.003903772591302843
conditional-fit-0041,axis2_legal,772,0.00766518693395934
conditional-fit-0041,axis2_legal,773,0.007466707842519432
conditional-fit-0041,axis2_legal,774,0.032809529592310184
conditional-fit-0041,axis2_legal,775,0.0664786441176461
conditional-fit-0041,axis2_legal,776,0.03683202503044833
conditional-fit-0041,axis2_legal,777,0.06406938537258211
conditional-fit-0041,axis2_legal,778,0.015495116330489802
conditional-fit-0041,axis2_legal,779,0.04383716112668209
conditional-fit-0041,axis2_legal,780,0.014028608028602112
conditional-fit-0041,axis2_legal,781,0.01872359893690147
conditional-fit-0041,axis2_legal,782,0.017906576074146145
conditional-fit-0041,axis2_legal,783,0.020910159948385187
conditional-fit-0041,axis2_legal,784,0.0007693146396642817
conditional-fit-0041,axis2_legal,785,0.00010524206047778312
conditional-fit-0041,axis2_legal,786,0.00010130410350984564
conditional-fit-0041,axis2_legal,787,0.0008839462423102331
conditional-fit-0041,axis2_legal,788,0.026884688014731706
conditional-fit-0041,axis2_legal,789,0.11638187293682792
conditional-fit-0041,axis2_legal,790,0.1458394350253231
conditional-fit-0041,axis2_legal,791,0.0006811122573991517
conditional-fit-0041,axis2_legal,792,0.049350816335613584
conditional-fit-0041,axis2_legal,793,0.030432163373384367
conditional-fit-0041,axis2_legal,794,0.18420541708690724
conditional-fit-0041,axis2_legal,795,0.06232232151959387
conditional-fit-0041,axis2_legal,796,0.07929629715186845
conditional-fit-0041,axis2_legal,797,0.04246129383717829
conditional-fit-0041,axis2_legal,798,0.08910167357323204
conditional-fit-0041,axis2_legal,799,0.08147438109148304
conditional-fit-0041,axis2_legal,800,0.0035699289377795727
conditional-fit-0041,axis2_legal,801,0.21162908567221556
conditional-fit-0041,axis2_legal,802,0.006368775644002834
conditional-fit-0041,axis2_legal,803,0.06235057013484683
conditional-fit-0041,axis2_legal,804,0.17899760900643857
conditional-fit-0041,axis2_legal,805,0.10331409783836554
conditional-fit-0041,axis2_legal,806,0.010551193435383452
conditional-fit-0041,axis2_legal,807,0.023749937639505583
conditional-fit-0041,axis2_legal,808,0.05337306495076431
conditional-fit-0041,axis2_legal,809,0.04225228769785577
conditional-fit-0041,axis2_legal,810,0.05988328581658264
conditional-fit-0041,axis2_legal,811,0.06483496739189386
conditional-fit-0041,axis2_legal,812,0.019847467925846997
conditional-fit-0041,axis2_legal,813,0.05618528711190039
conditional-fit-0041,axis2_legal,814,0.001693389674649347
conditional-fit-0041,axis2_legal,815,0.0005246342850768118
conditional-fit-0041,axis2_legal,816,0.08243142239530947
conditional-fit-0041,axis2_legal,817,0.007643994037218075
conditional-fit-0041,axis2_legal,818,0.008922724846332709
conditional-fit-0041,axis2_legal,819,0.019812054572331025
conditional-fit-0041,axis2_legal,820,0.050960231544289754
conditional-fit-0041,axis2_legal,821,0.00992806467303714
conditional-fit-0041,axis2_legal,822,0.09958515063914777
conditional-fit-0041,axis2_legal,823,0.39764562737507253
conditional-fit-0041,axis2_legal,824,0.09436322249679535
conditional-fit-0041,axis2_legal,825,0.06175876305445152
conditional-fit-0041,axis2_legal,826,0.08060702525666405
conditional-fit-0041,axis2_legal,827,0.03626325004831855
conditional-fit-0041,axis2_legal,828,0.07414270372260115
conditional-fit-0041,axis2_legal,829,0.021253523082340135
conditional-fit-0041,axis2_legal,830,0.01390427531955088
conditional-fit-0041,axis2_legal,831,0.1652956091734358
conditional-fit-0041,axis2_legal,832,0.031379085818510705
conditional-fit-0041,axis2_legal,833,0.031829024883274194
conditional-fit-0041,axis2_legal,834,0.057091569338696406
conditional-fit-0041,axis2_legal,835,0.09641955419592556
conditional-fit-0041,axis2_legal,836,0.015461419327467148
conditional-fit-0041,axis2_legal,837,0.1507022390181737
conditional-fit-0041,axis2_legal,838,0.1578099139775112
conditional-fit-0041,axis2_legal,839,0.06834484973644947
conditional-fit-0041,axis2_legal,840,0.06984465105905721
conditional-fit-0041,axis2_legal,841,0.0016829250822762059
conditional-fit-0041,axis2_legal,842,0.049352277996489585
conditional-fit-0041,axis2_legal,843,0.09952089299586583
conditional-fit-0041,axis2_legal,844,0.022770079142086938
conditional-fit-0041,axis2_legal,845,0.1280386185122318
conditional-fit-0041,axis2_legal,846,0.011182824368534943
conditional-fit-0041,axis2_legal,847,0.007136928684067808
conditional-fit-0041,axis2_legal,848,0.01880533730620449
conditional-fit-0041,axis2_legal,849,0.02981435858347518
conditional-fit-0041,axis2_legal,850,0.039085900926233014
conditional-fit-0041,axis2_legal,851,0.037490299005010316
conditional-fit-0041,axis2_legal,852,0.019892357668020458
conditional-fit-0041,axis2_legal,853,0.11240838987825004
conditional-fit-0041,axis2_legal,854,0.0871912177717043
conditional-fit-0041,axis2_legal,855,0.13808199867442553
conditional-fit-0041,axis2_legal,856,0.028015315262078927
conditional-fit-0041,axis2_legal,857,0.15934209562138554
conditional-fit-0041,axis2_legal,858,0.0005267013580712125
conditional-fit-0041,axis2_legal,859,0.020669781020645955
conditional-fit-0041,axis2_legal,860,0.006388913305897402
conditional-fit-0041,axis2_legal,861,0.061848474040345616
conditional-fit-0041,axis2_legal,862,0.016349188504917123
conditional-fit-0041,axis2_legal,863,0.07588209092657038
conditional-fit-0041,axis2_legal,864,0.029028972068398003
conditional-fit-0041,axis2_legal,865,0.006454824320966934
conditional-fit-0041,axis2_legal,866,0.047809526216128
conditional-fit-0041,axis2_legal,867,0.038978757191337615
conditional-fit-0041,axis2_legal,868,0.0010696451021621107
conditional-fit-0041,axis2_legal,869,0.07183380288237545
conditional-fit-0041,axis2_legal,870,0.0001541388839568203
conditional-fit-0041,axis2_legal,871,0.01766134345971071
conditional-fit-0041,axis2_legal,872,0.004156087693468176
conditional-fit-0041,axis2_legal,873,0.018131396772768545
conditional-fit-0041,axis2_legal,874,0.037941619726469984
conditional-fit-0041,axis2_legal,875,0.01132088241406314
conditional-fit-0041,axis2_legal,876,0.057420839496471386
conditional-fit-0041,axis2_legal,877,0.06140886944588756
conditional-fit-0041,axis2_legal,878,0.12449239277311383
conditional-fit-0041,axis2_legal,879,0.10412275354928979
conditional-fit-0041,axis2_legal,880,0.014903588755572825
conditional-fit-0041,axis2_legal,881,0.033088840219191375
conditional-fit-0041,axis2_legal,882,0.08751084083839578
conditional-fit-0041,axis2_legal,883,0.27636402286870776
conditional-fit-0041,axis2_legal,884,0.0020585034090878263
conditional-fit-0041,axis2_legal,885,0.14742357237022596
conditional-fit-0041,axis2_legal,886,0.03671718154964197
conditional-fit-0041,axis2_legal,887,0.00025358377731410223
conditional-fit-0041,axis2_legal,888,0.008301702492662611
conditional-fit-0041,axis2_legal,889,0.004379741046836699
conditional-fit-0041,axis2_legal,890,0.12631117112051782
conditional-fit-0041,axis2_legal,891,0.009924081085257407
conditional-fit-0041,axis2_legal,892,0.002904941041615632
conditional-fit-0041,axis2_legal,893,0.036224600954032446
conditional-fit-0041,axis2_legal,894,0.04166748931880628
conditional-fit-0041,axis2_legal,895,0.007964094624494447
conditional-fit-0041,axis2_legal,896,0.0021390556837882213
conditional-fit-0041,axis2_legal,897,0.05166936059421142
conditional-fit-0041,axis2_legal,898,0.003939025734549665
conditional-fit-0041,axis2_legal,899,0.007182702906892881
conditional-fit-0041,axis2_legal,900,0.0003152741310950572
conditional-fit-0041,axis2_legal,901,0.011531570950864488
conditional-fit-0041,axis2_legal,902,0.0004806149612248589
conditional-fit-0041,axis2_legal,903,0.001063102184250208
conditional-fit-0041,axis2_legal,904,5.165013625512159e-05
conditional-fit-0041,axis2_legal,905,0.0026588938931302614
conditional-fit-0041,axis2_legal,906,1.6894460051731848
conditional-fit-0041,axis2_legal,907,0.2334827956385042
conditional-fit-0041,axis2_legal,908,0.044818052846344866
conditional-fit-0041,axis2_legal,909,0.001061822251196639
conditional-fit-0041,axis2_legal,910,0.011142978699563686
conditional-fit-0041,axis2_legal,911,0.00996757238308971
conditional-fit-0041,axis2_legal,912,0.004782466694659519
conditional-fit-0041,axis2_legal,913,0.01697336220751509
conditional-fit-0041,axis2_legal,914,0.0015192168121492746
conditional-fit-0041,axis2_legal,915,0.0015210639748322815
conditional-fit-0041,axis2_legal,916,0.009777499595470807
conditional-fit-0041,axis2_legal,917,0.007821448994979524
conditional-fit-0041,axis2_legal,918,0.05152594449030614
conditional-fit-0041,axis2_legal,919,0.014098454250171252
conditional-fit-0041,axis2_legal,920,0.025564013223474784
conditional-fit-0041,axis2_legal,921,0.02428808971846244
conditional-fit-0041,axis2_legal,922,0.09707507118333882
conditional-fit-0041,axis2_legal,923,0.012726911363495443
conditional-fit-0041,axis2_legal,924,0.09987901469657917
conditional-fit-0041,axis2_legal,925,0.03348642547418786
conditional-fit-0041,axis2_legal,926,0.010268502739661772
conditional-fit-0041,axis2_legal,927,0.05377532145617425
conditional-fit-0041,axis2_legal,928,0.001693171880634802
conditional-fit-0041,axis2_legal,929,0.03477521446755602
conditional-fit-0041,axis2_legal,930,0.037675901005265036
conditional-fit-0041,axis2_legal,931,0.03375043574798025
conditional-fit-0041,axis2_legal,932,0.11492202760412738
conditional-fit-0041,axis2_legal,933,0.07899747240101616
conditional-fit-0041,axis2_legal,934,0.00025797522377993693
conditional-fit-0041,axis2_legal,935,0.009013656297113584
conditional-fit-0041,axis2_legal,936,0.013418136536831684
conditional-fit-0041,axis2_legal,937,0.0224639656023495
conditional-fit-0041,axis2_legal,938,0.06156362476072742
conditional-fit-0041,axis2_legal,939,0.0810564429618642
conditional-fit-0041,axis2_legal,940,0.011185277556957307
conditional-fit-0041,axis2_legal,941,0.027999123550781796
conditional-fit-0041,axis2_legal,942,0.06183534571381927
conditional-fit-0041,axis2_legal,943,0.03176832988989013
conditional-fit-0041,axis2_legal,944,0.015136599520364377
conditional-fit-0041,axis2_legal,945,0.049472774016759063
conditional-fit-0041,axis2_legal,946,0.13699474816962515
conditional-fit-0041,axis2_legal,947,0.35114519903593466
conditional-fit-0041,axis2_legal,948,0.19407844384964135
conditional-fit-0041,axis2_legal,949,0.05533082032132882
conditional-fit-0041,axis2_legal,950,0.07856799643812046
conditional-fit-0041,axis2_legal,951,0.004030466513826685
conditional-fit-0041,axis2_legal,952,0.009888775300519199
conditional-fit-0041,axis2_legal,953,0.054514835526107426
conditional-fit-0041,axis2_legal,954,0.0769824204904831
conditional-fit-0041,axis2_legal,955,0.296774908849917
conditional-fit-0041,axis2_legal,956,0.13225932079369535
conditional-fit-0041,axis2_legal,957,0.1434146287349792
conditional-fit-0041,axis2_legal,958,0.771907671071372
conditional-fit-0041,axis2_legal,959,0.10956692354128439
conditional-fit-0041,axis2_legal,960,0.4025182201459938
conditional-fit-0041,axis2_legal,961,0.267273669566772
conditional-fit-0041,axis2_legal,962,0.27126948257506034
conditional-fit-0041,axis2_legal,963,0.16445498783139795
conditional-fit-0041,axis2_legal,964,0.048447197470470646
conditional-fit-0041,axis2_legal,965,0.15448947351502107
conditional-fit-0041,axis2_legal,966,0.13189123178311898
conditional-fit-0041,axis2_legal,967,0.17410659375288381
conditional-fit-0041,axis2_legal,968,0.032009137662852266
conditional-fit-0041,axis2_legal,969,0.07954951243315456
conditional-fit-0041,axis2_legal,970,0.039146997213608856
conditional-fit-0041,axis2_legal,971,0.13329652669607767
conditional-fit-0041,axis2_legal,972,0.6478359827188401
conditional-fit-0041,axis2_legal,973,0.4523813494956972
conditional-fit-0041,axis2_legal,974,0.06656290610553472
conditional-fit-0041,axis2_legal,975,0.08901327504804346
conditional-fit-0041,axis2_legal,976,0.029979525734351597
conditional-fit-0041,axis2_legal,977,0.2166901812640069
conditional-fit-0041,axis2_legal,978,0.0035587139713653773
conditional-fit-0041,axis2_legal,979,0.0017080893191799191
conditional-fit-0041,axis2_legal,980,0.11168034341378469
conditional-fit-0041,axis2_legal,981,0.01535145455850995
conditional-fit-0041,axis2_legal,982,0.2594578184337588
conditional-fit-0041,axis2_legal,983,0.3830781561452131
conditional-fit-0041,axis2_legal,984,0.2503855482824569
conditional-fit-0041,axis2_legal,985,0.08976832861232507
conditional-fit-0041,axis2_legal,986,0.06102477948921514
conditional-fit-0041,axis2_legal,987,0.010496209934753751
conditional-fit-0041,axis2_legal,988,0.005520933678026266
conditional-fit-0041,axis2_legal,989,0.19637879568728706
conditional-fit-0041,axis2_legal,990,0.020614689160263155
conditional-fit-0041,axis2_legal,991,0.014820582973365746
conditional-fit-0041,axis2_legal,992,0.03040429818332175
conditional-fit-0041,axis2_legal,993,0.009242522818927094
conditional-fit-0041,axis2_legal,994,0.0109042796365073
conditional-fit-0041,axis2_legal,995,0.10039028331477484
conditional-fit-0041,axis2_legal,996,0.04651402853528762
conditional-fit-0041,axis2_legal,997,0.0044296744673389685
conditional-fit-0041,axis2_legal,998,0.0046104409795084044
conditional-fit-0041,axis2_legal,999,0.0022755726358395494
conditional-fit-0041,axis2_legal,1000,0.0070973048775904365
conditional-fit-0041,axis2_legal,1001,0.02397874043213989
conditional-fit-0041,axis2_legal,1002,0.021963699374610648
conditional-fit-0041,axis2_legal,1003,0.09326378747463666
conditional-fit-0041,axis2_legal,1004,0.22524906687372726
conditional-fit-0041,axis2_legal,1005,0.007244836860806977
conditional-fit-0041,axis2_legal,1006,0.0005088661465322769
conditional-fit-0041,axis2_legal,1007,0.24465356698044388
conditional-fit-0041,axis2_legal,1008,0.08685937776884055
conditional-fit-0041,axis2_legal,1009,0.000515588475959566
conditional-fit-0041,axis2_legal,1010,0.00017206049133467163
conditional-fit-0041,axis2_legal,1011,0.0039545150116168035
conditional-fit-0041,axis2_legal,1012,0.09316620766243239
conditional-fit-0041,axis2_legal,1013,0.281039646196239
conditional-fit-0041,axis2_legal,1014,0.1583766063864947
conditional-fit-0041,axis2_legal,1015,0.10385123045639014
conditional-fit-0041,axis2_legal,1016,0.004924284699004628
conditional-fit-0041,axis2_legal,1017,0.19783124601042465
conditional-fit-0041,axis2_legal,1018,0.0933602261595703
conditional-fit-0041,axis2_legal,1019,0.00035672448937749317
conditional-fit-0041,axis2_legal,1020,0.02913052391206758
conditional-fit-0041,axis2_legal,1021,0.10817394735252822
conditional-fit-0041,axis2_legal,1022,0.13972296231446021
conditional-fit-0041,axis2_legal,1023,0.10258359854178914
conditional-fit-0041,axis2_legal,1024,0.1570508016078137
conditional-fit-0041,axis2_legal,1025,0.14227585866489995
conditional-fit-0041,axis2_legal,1026,0.04867460332279157
conditional-fit-0041,axis2_legal,1027,0.18096851485391477
conditional-fit-0041,axis2_legal,1028,0.08958866086617864
conditional-fit-0041,axis2_legal,1029,0.21513335959777552
conditional-fit-0041,axis2_legal,1030,0.6806727058754135
conditional-fit-0041,axis2_legal,1031,0.3575755275351355
conditional-fit-0041,axis2_legal,1032,0.23273644922122738
conditional-fit-0041,axis2_legal,1033,0.16244214758006667
conditional-fit-0041,axis2_legal,1034,0.24156747374830911
conditional-fit-0041,axis2_legal,1035,0.13823120663300523
conditional-fit-0041,axis2_legal,1036,0.15776114535907332
conditional-fit-0041,axis2_legal,1037,0.13137048225716474
conditional-fit-0041,axis2_legal,1038,0.18598580066538287
conditional-fit-0041,axis2_legal,1039,0.08540199019565359
conditional-fit-0041,axis2_legal,1040,0.011728271640895169
conditional-fit-0041,axis2_legal,1041,0.1604496840351076
conditional-fit-0041,axis2_legal,1042,0.004474350628105369
conditional-fit-0041,axis2_legal,1043,0.19828434907130033
conditional-fit-0041,axis2_legal,1044,0.07495467419772314
conditional-fit-0041,axis2_legal,1045,0.12208674701819887
conditional-fit-0041,axis2_legal,1046,0.0007319601177737101
conditional-fit-0041,axis2_legal,1047,0.19281561510346532
conditional-fit-0041,axis2_legal,1048,0.38106011233979514
conditional-fit-0041,axis2_legal,1049,0.3139238501117365
conditional-fit-0041,axis2_legal,1050,0.24796447980558517
conditional-fit-0041,axis2_legal,1051,0.09799259293610767
conditional-fit-0041,axis2_legal,1052,0.14732965606826146
conditional-fit-0041,axis2_legal,1053,0.07365804876598056
conditional-fit-0041,axis2_legal,1054,0.2205293451695426
conditional-fit-0041,axis2_legal,1055,0.013341123598149464
conditional-fit-0041,axis2_legal,1056,0.011525340226000276
conditional-fit-0041,axis2_legal,1057,0.10773635601916916
conditional-fit-0041,axis2_legal,1058,0.20030235566747212
conditional-fit-0041,axis2_legal,1059,0.0726900293132112
conditional-fit-0041,axis2_legal,1060,0.10357375921237802
conditional-fit-0041,axis2_legal,1061,0.11509433037874865
conditional-fit-0041,axis2_legal,1062,0.061312776051242086
conditional-fit-0041,axis2_legal,1063,0.08872766409269367
conditional-fit-0041,axis2_legal,1064,0.032137480021428966
conditional-fit-0041,axis2_legal,1065,0.029884104667700293
conditional-fit-0041,axis2_legal,1066,0.08144842469739694
conditional-fit-0041,axis2_legal,1067,0.0919022937326058
conditional-fit-0041,axis2_legal,1068,0.04886821847789046
conditional-fit-0041,axis2_legal,1069,0.051081760285318425
conditional-fit-0041,axis2_legal,1070,0.013114421213746673
conditional-fit-0041,axis2_legal,1071,0.05073747462427196
conditional-fit-0041,axis2_legal,1072,0.0477974076947852
conditional-fit-0041,axis2_legal,1073,0.000498931873028883
conditional-fit-0041,axis2_legal,1074,0.0011957910644820088
conditional-fit-0041,axis2_legal,1075,0.13866592759654814
conditional-fit-0041,axis2_legal,1076,0.11649206004510249
conditional-fit-0041,axis2_legal,1077,0.0721556248078777
conditional-fit-0041,axis2_legal,1078,0.10739640958332543
conditional-fit-0041,axis2_legal,1079,0.046812915174643074
conditional-fit-0041,axis2_legal,1080,0.024945460775692662
conditional-fit-0041,axis2_legal,1081,0.042197159630197024
conditional-fit-0041,axis2_legal,1082,0.05286700428483798
conditional-fit-0041,axis2_legal,1083,0.08395500641332662
conditional-fit-0041,axis2_legal,1084,0.09184953067679842
conditional-fit-0041,axis2_legal,1085,0.11066700279136385
conditional-fit-0041,axis2_legal,1086,0.0032944893909432624
conditional-fit-0041,axis2_legal,1087,0.02317147493565349
conditional-fit-0041,axis2_legal,1088,0.04731232225585044
conditional-fit-0041,axis2_legal,1089,0.1533538208857237
conditional-fit-0041,axis2_legal,1090,0.04145399310129409
conditional-fit-0041,axis2_legal,1091,0.0006856812051362652
conditional-fit-0041,axis2_legal,1092,0.035122342050342065
conditional-fit-0041,axis2_legal,1093,0.04800417669291462
conditional-fit-0041,axis2_legal,1094,0.0025955664071027488
conditional-fit-0041,axis2_legal,1095,0.03894366862923116
conditional-fit-0041,axis2_legal,1096,0.06494987681848598
conditional-fit-0041,axis2_legal,1097,0.06137478984319357
conditional-fit-0041,axis2_legal,1098,0.13247944770486694
conditional-fit-0041,axis2_legal,1099,0.012579908887045082
conditional-fit-0041,axis2_legal,1100,0.026293214996131818
conditional-fit-0041,axis2_legal,1101,0.04040322815627343
conditional-fit-0041,axis2_legal,1102,0.09494663404511006
conditional-fit-0041,axis2_legal,1103,0.09830889424232617
conditional-fit-0041,axis2_legal,1104,0.018102162019674226
conditional-fit-0041,axis2_legal,1105,0.022531971612283222
conditional-fit-0041,axis2_legal,1106,0.01791510448918114
conditional-fit-0041,axis2_legal,1107,0.028895379468436764
conditional-fit-0041,axis2_legal,1108,0.013283463002750817
conditional-fit-0041,axis2_legal,1109,0.027053340482527
conditional-fit-0041,axis2_legal,1110,0.012615571071229289
conditional-fit-0041,axis2_legal,1111,0.1334304667109082
conditional-fit-0041,axis2_legal,1112,0.027786400522810163
conditional-fit-0041,axis2_legal,1113,0.0009416806089691564
conditional-fit-0041,axis2_legal,1114,0.0191116557819443
conditional-fit-0041,axis2_legal,1115,0.016381854104172963
conditional-fit-0041,axis2_legal,1116,0.08408510263235214
conditional-fit-0041,axis2_legal,1117,0.03336560819750542
conditional-fit-0041,axis2_legal,1118,0.0455570624957023
conditional-fit-0041,axis2_legal,1119,0.003622516381518628
conditional-fit-0041,axis2_legal,1120,0.035344596910886775
conditional-fit-0041,axis2_legal,1121,0.08338107906642796
conditional-fit-0041,axis2_legal,1122,0.15385483942600947
conditional-fit-0041,axis2_legal,1123,0.0006715668233209116
conditional-fit-0041,axis2_legal,1124,0.00019794632902261856
conditional-fit-0041,axis2_legal,1125,0.06044328878014282
conditional-fit-0041,axis2_legal,1126,0.0776320502507652
conditional-fit-0041,axis2_legal,1127,0.07040227814786931
conditional-fit-0041,axis2_legal,1128,0.018389243217350144
conditional-fit-0041,axis2_legal,1129,0.028542488317532234
conditional-fit-0041,axis2_legal,1130,0.03140028897753132
conditional-fit-0041,axis2_legal,1131,0.1345634296003765
conditional-fit-0041,axis2_legal,1132,0.01260115040917259
conditional-fit-0041,axis2_legal,1133,0.0017191969283050113
conditional-fit-0041,axis2_legal,1134,0.046909226903816326
conditional-fit-0041,axis2_legal,1135,0.010505058768223125
conditional-fit-0041,axis2_legal,1136,0.05312412599081553
conditional-fit-0041,axis2_legal,1137,0.018026283665692477
conditional-fit-0041,axis2_legal,1138,0.07559932330109984
conditional-fit-0041,axis2_legal,1139,0.03313765652612293
conditional-fit-0041,axis2_legal,1140,0.06762303684706669
conditional-fit-0041,axis2_legal,1141,0.10083912201945028
conditional-fit-0041,axis2_legal,1142,0.02954158053219664
conditional-fit-0041,axis2_legal,1143,0.036646659242800084
conditional-fit-0041,axis2_legal,1144,0.1101851204275878
conditional-fit-0041,axis2_legal,1145,0.11491459051528777
conditional-fit-0041,axis2_legal,1146,0.030055030655346367
conditional-fit-0041,axis2_legal,1147,0.0286099513240464
conditional-fit-0041,axis2_legal,1148,0.057280990779811185
conditional-fit-0041,axis2_legal,1149,0.07464746867898646
conditional-fit-0041,axis2_legal,1150,0.032880682022999264
conditional-fit-0041,axis2_legal,1151,0.03681752551432266
conditional-fit-0041,axis2_legal,1152,0.001076979415855009
conditional-fit-0041,axis2_legal,1153,7.558587427604729e-06
conditional-fit-0041,axis2_legal,1154,0.038893720783138595
conditional-fit-0041,axis2_legal,1155,0.016372908127181906
conditional-fit-0041,axis2_legal,1156,0.022518840267848346
conditional-fit-0041,axis2_legal,1157,0.0018850998488138659
conditional-fit-0041,axis2_legal,1158,0.0740884938703935
conditional-fit-0041,axis2_legal,1159,0.005645975375536972
conditional-fit-0041,axis2_legal,1160,0.20836149970207632
conditional-fit-0041,axis2_legal,1161,0.0034710282943316937
conditional-fit-0041,axis2_legal,1162,0.005465401868058224
conditional-fit-0041,axis2_legal,1163,0.07764375013768196
conditional-fit-0041,axis2_legal,1164,0.10160309589047209
conditional-fit-0041,axis2_legal,1165,7.134292390188888e-05
conditional-fit-0041,axis2_legal,1166,0.00015440475252610439
conditional-fit-0041,axis2_legal,1167,0.0489688355226309
conditional-fit-0041,axis2_legal,1168,0.039501412634531045
conditional-fit-0041,axis2_legal,1169,0.007617064332529294
conditional-fit-0041,axis2_legal,1170,0.0006601227252762319
conditional-fit-0041,axis2_legal,1171,0.011808905907686502
conditional-fit-0041,axis2_legal,1172,0.020926171176888123
conditional-fit-0041,axis2_legal,1173,0.018955381632426518
conditional-fit-0041,axis2_legal,1174,0.08546399207750988
conditional-fit-0041,axis2_legal,1175,0.00910611606618076
conditional-fit-0041,axis2_legal,1176,0.030594950240197476
conditional-fit-0041,axis2_legal,1177,0.0170460998165871
conditional-fit-0041,axis2_legal,1178,0.09491687086943935
conditional-fit-0041,axis2_legal,1179,0.11351678309697918
conditional-fit-0041,axis2_legal,1180,0.23616672134371935
conditional-fit-0041,axis2_legal,1181,0.008107139865487768
conditional-fit-0041,axis2_legal,1182,0.09660032735655748
conditional-fit-0041,axis2_legal,1183,0.035255003963888254
conditional-fit-0041,axis2_legal,1184,0.019603370200336652
conditional-fit-0041,axis2_legal,1185,0.042806004737291035
conditional-fit-0041,axis2_legal,1186,0.00048524206408172765
conditional-fit-0041,axis2_legal,1187,1.7253790669721162e-05
conditional-fit-0041,axis2_legal,1188,0.012324250273462914
conditional-fit-0041,axis2_legal,1189,0.05355813439458777
conditional-fit-0041,axis2_legal,1190,0.06424662040818815
conditional-fit-0041,axis2_legal,1191,0.009098678332310888
conditional-fit-0041,axis2_legal,1192,0.001043021682186791
conditional-fit-0041,axis2_legal,1193,0.053041317964171254
conditional-fit-0041,axis2_legal,1194,0.017603634421012714
conditional-fit-0041,axis2_legal,1195,0.05303897562496596
conditional-fit-0041,axis2_legal,1196,0.11009656307618088
conditional-fit-0041,axis2_legal,1197,0.10728275425526675
conditional-fit-0041,axis2_legal,1198,0.011904642471869401
conditional-fit-0041,axis2_legal,1199,0.11301316901051167
conditional-fit-0041,axis2_legal,1200,0.0023981588084283256
conditional-fit-0041,axis2_legal,1201,0.05017518370152275
conditional-fit-0041,axis2_legal,1202,0.05164947683991996
conditional-fit-0041,axis2_legal,1203,0.04741452548855281
conditional-fit-0041,axis2_legal,1204,0.03702535396702015
conditional-fit-0041,axis2_legal,1205,0.09223344134337919
conditional-fit-0041,axis2_legal,1206,0.08064854214419831
conditional-fit-0041,axis2_legal,1207,0.05618256112365327
conditional-fit-0041,axis2_legal,1208,0.02292180387811478
conditional-fit-0041,axis2_legal,1209,0.08934002050074227
conditional-fit-0041,axis2_legal,1210,0.029218846168833107
conditional-fit-0041,axis2_legal,1211,0.11123751512600505
conditional-fit-0041,axis2_legal,1212,0.017614211277270215
conditional-fit-0041,axis2_legal,1213,0.058252816555696516
conditional-fit-0041,axis2_legal,1214,0.11249499379977346
conditional-fit-0041,axis2_legal,1215,0.19038463319083695
conditional-fit-0041,axis2_legal,1216,0.028370634868932917
conditional-fit-0041,axis2_legal,1217,0.17736199714879378
conditional-fit-0041,axis2_legal,1218,0.07004640272184447
conditional-fit-0041,axis2_legal,1219,0.04515033105348471
conditional-fit-0041,axis2_legal,1220,0.6482902406905868
conditional-fit-0041,axis2_legal,1221,0.17421489422286088
conditional-fit-0041,axis2_legal,1222,0.07273099501788922
conditional-fit-0041,axis2_legal,1223,0.07902835965953985
conditional-fit-0041,axis2_legal,1224,0.09574930803288398
conditional-fit-0041,axis2_legal,1225,0.0476167553235947
conditional-fit-0041,axis2_legal,1226,0.0728429801934905
conditional-fit-0041,axis2_legal,1227,0.083803036251206
conditional-fit-0041,axis2_legal,1228,0.22482992368724622
conditional-fit-0041,axis2_legal,1229,0.08200165607447876
conditional-fit-0041,axis2_legal,1230,0.0748015464504734
conditional-fit-0041,axis2_legal,1231,0.03860468955163207
conditional-fit-0041,axis2_legal,1232,0.05177778670930888
conditional-fit-0041,axis2_legal,1233,0.0748369307836869
conditional-fit-0041,axis2_legal,1234,0.02167491453657098
conditional-fit-0041,axis2_legal,1235,0.04105328560579147
conditional-fit-0041,axis2_legal,1236,0.11527039364508199
conditional-fit-0041,axis2_legal,1237,0.03193201136973909
conditional-fit-0041,axis2_legal,1238,0.033719268703574404
conditional-fit-0041,axis2_legal,1239,0.09207233595164627
conditional-fit-0041,axis2_legal,1240,0.15041054431986856
conditional-fit-0041,axis2_legal,1241,0.05877535241498172
conditional-fit-0041,axis2_legal,1242,0.05251840774213788
conditional-fit-0041,axis2_legal,1243,0.02428145624047851
conditional-fit-0041,axis2_legal,1244,0.05284630072537275
conditional-fit-0041,axis2_legal,1245,0.11504699061759767
conditional-fit-0041,axis2_legal,1246,0.007808015425396684
conditional-fit-0041,axis2_legal,1247,0.06997846342304725
conditional-fit-0041,axis2_legal,1248,0.016306765273493055
conditional-fit-0041,axis2_legal,1249,0.0013493340369708745
conditional-fit-0041,axis2_legal,1250,0.00020277609668134817
conditional-fit-0041,axis2_legal,1251,0.0272249072921684
conditional-fit-0041,axis2_legal,1252,0.004921648794898953
conditional-fit-0041,axis2_legal,1253,0.019846182747973746
conditional-fit-0041,axis2_legal,1254,0.016534134549468633
conditional-fit-0041,axis2_legal,1255,0.08670695002073747
conditional-fit-0041,axis2_legal,1256,0.0005949614614382203
conditional-fit-0041,axis2_legal,1257,0.0026652042236693504
conditional-fit-0041,axis2_legal,1258,0.11435946590834062
conditional-fit-0041,axis2_legal,1259,0.048697162499316354
conditional-fit-0041,axis2_legal,1260,0.07486317630996159
conditional-fit-0041,axis2_legal,1261,0.08589939809944519
conditional-fit-0041,axis2_legal,1262,0.07249456191209425
conditional-fit-0041,axis2_legal,1263,0.010935654073012242
conditional-fit-0041,axis2_legal,1264,0.060267630627581344
conditional-fit-0041,axis2_legal,1265,0.06566185446049295
conditional-fit-0041,axis2_legal,1266,0.007884291360285749
conditional-fit-0041,axis2_legal,1267,0.001401303816739823
conditional-fit-0041,axis2_legal,1268,0.001016099091353114
conditional-fit-0041,axis2_legal,1269,0.0039189007191912095
conditional-fit-0041,axis2_legal,1270,0.01867108811278638
conditional-fit-0041,axis2_legal,1271,0.13391245743575647
conditional-fit-0041,axis2_legal,1272,0.0023141649790776615
conditional-fit-0041,axis2_legal,1273,0.00035099772057760065
conditional-fit-0041,axis2_legal,1274,0.23334206631393561
conditional-fit-0041,axis2_legal,1275,0.005115186607451412
conditional-fit-0041,axis2_legal,1276,0.09589056868367327
conditional-fit-0041,axis2_legal,1277,0.07497894462216204
conditional-fit-0041,axis2_legal,1278,0.2047991081763268
conditional-fit-0041,axis2_legal,1279,0.007288215004367377
conditional-fit-0041,axis2_legal,1280,0.004940061820520781
conditional-fit-0041,axis2_legal,1281,0.013414272966949796
conditional-fit-0041,axis2_legal,1282,0.12209333747508494
conditional-fit-0041,axis2_legal,1283,0.05461132452799655
conditional-fit-0041,axis2_legal,1284,0.01764926063008912
conditional-fit-0041,axis2_legal,1285,0.011431257655417802
conditional-fit-0041,axis2_legal,1286,0.013040978987932786
conditional-fit-0041,axis2_legal,1287,0.021258977066424694
conditional-fit-0041,axis2_legal,1288,0.01954717507407646
conditional-fit-0041,axis2_legal,1289,0.0032231815336809704
conditional-fit-0041,axis2_legal,1290,0.010875480012836877
conditional-fit-0041,axis2_legal,1291,0.14435673106158045
conditional-fit-0041,axis2_legal,1292,0.024182397411712672
conditional-fit-0041,axis2_legal,1293,0.022463888348718507
conditional-fit-0041,axis2_legal,1294,0.0039962365745863995
conditional-fit-0041,axis2_legal,1295,0.03235015682979596
conditional-fit-0041,axis2_legal,1296,0.004328738502464607
conditional-fit-0041,axis2_legal,1297,0.011051413787132355
conditional-fit-0041,axis2_legal,1298,0.06167114004515215
conditional-fit-0041,axis2_legal,1299,0.036281731374947744
conditional-fit-0041,axis2_legal,1300,0.05819066204024565
conditional-fit-0041,axis2_legal,1301,0.012036891495566594
conditional-fit-0041,axis2_legal,1302,0.091082860588452
conditional-fit-0041,axis2_legal,1303,0.016685851252011184
conditional-fit-0041,axis2_legal,1304,0.02845939601012675
conditional-fit-0041,axis2_legal,1305,0.01627709511356018
conditional-fit-0041,axis2_legal,1306,0.0009956003080681154
conditional-fit-0041,axis2_legal,1307,0.028484640047401148
conditional-fit-0041,axis2_legal,1308,0.008585700840780645
conditional-fit-0041,axis2_legal,1309,0.08402310685682934
conditional-fit-0041,axis2_legal,1310,0.007154431986421144
conditional-fit-0041,axis2_legal,1311,0.008238334818310745
conditional-fit-0041,axis2_legal,1312,0.021194047129859783
conditional-fit-0041,axis2_legal,1313,0.005140640078149727
conditional-fit-0041,axis2_legal,1314,0.0003085661006810342
conditional-fit-0041,axis2_legal,1315,0.0035132823722654255
conditional-fit-0041,axis2_legal,1316,0.014014471341674044
conditional-fit-0041,axis2_legal,1317,0.02027600279074747
conditional-fit-0041,axis2_legal,1318,0.013005262796443685
conditional-fit-0041,axis2_legal,1319,0.03036311180158635
conditional-fit-0041,axis2_legal,1320,0.052381373707369755
conditional-fit-0041,axis2_legal,1321,0.015978797596334523
conditional-fit-0041,axis2_legal,1322,0.01249597634383961
conditional-fit-0041,axis2_legal,1323,0.04098724936151043
conditional-fit-0041,axis2_legal,1324,0.0010523884664532866
conditional-fit-0041,axis2_legal,1325,0.002959516305852225
conditional-fit-0041,axis2_legal,1326,0.06501969393223267
conditional-fit-0041,axis2_legal,1327,0.0017874626762462893
conditional-fit-0041,axis2_legal,1328,0.02991587460203509
conditional-fit-0041,axis2_legal,1329,0.0251946071937809
conditional-fit-0041,axis2_legal,1330,0.0751954738005664
conditional-fit-0041,axis2_legal,1331,0.006578008302899532
conditional-fit-0041,axis2_legal,1332,0.025639719611199225
conditional-fit-0041,axis2_legal,1333,0.0331487855289764
conditional-fit-0041,axis2_legal,1334,0.03577541762707113
conditional-fit-0041,axis2_legal,1335,0.003810092967045019
conditional-fit-0041,axis2_legal,1336,0.015087351501792672
conditional-fit-0041,axis2_legal,1337,0.12034887334053365
conditional-fit-0041,axis2_legal,1338,0.029410427545520645
conditional-fit-0041,axis2_legal,1339,0.10050902763783431
conditional-fit-0041,axis2_legal,1340,0.05116458551416686
conditional-fit-0041,axis2_legal,1341,0.023967401359878304
conditional-fit-0041,axis2_legal,1342,0.07971168887973423
conditional-fit-0041,axis2_legal,1343,0.0021309672398658105
conditional-fit-0041,axis2_legal,1344,0.03259375698513325
conditional-fit-0041,axis2_legal,1345,0.03346689810570915
conditional-fit-0041,axis2_legal,1346,0.001149597255638196
conditional-fit-0041,axis2_legal,1347,0.0005512698487540116
conditional-fit-0041,axis2_legal,1348,0.07107702782558847
conditional-fit-0041,axis2_legal,1349,0.06343738970485525
conditional-fit-0041,axis2_legal,1350,0.05469025043514195
conditional-fit-0041,axis2_legal,1351,0.008346784535163077
conditional-fit-0041,axis2_legal,1352,0.03588218079011079
conditional-fit-0041,axis2_legal,1353,0.020804049391025745
conditional-fit-0041,axis2_legal,1354,0.02439096693016817
conditional-fit-0041,axis2_legal,1355,0.04080763536680552
conditional-fit-0041,axis2_legal,1356,0.042892393820796015
conditional-fit-0041,axis2_legal,1357,0.04650250496993047
conditional-fit-0041,axis2_legal,1358,0.08216470208640597
conditional-fit-0041,axis2_legal,1359,0.12221225255557636
conditional-fit-0041,axis2_legal,1360,0.01910096346697228
conditional-fit-0041,axis2_legal,1361,0.04030964819172693
conditional-fit-0041,axis2_legal,1362,0.07583352164477995
conditional-fit-0041,axis2_legal,1363,0.025837679313697674
conditional-fit-0041,axis2_legal,1364,0.023000054204885143
conditional-fit-0041,axis2_legal,1365,0.0333502331038976
conditional-fit-0041,axis2_legal,1366,0.053068959264450905
conditional-fit-0041,axis2_legal,1367,0.07271995966678368
conditional-fit-0041,axis2_legal,1368,0.025796654275816205
conditional-fit-0041,axis2_legal,1369,0.1420265671227137
conditional-fit-0041,axis2_legal,1370,0.044101580454624034
conditional-fit-0041,axis2_legal,1371,0.08224836141078248
conditional-fit-0041,axis2_legal,1372,0.016028023468234592
conditional-fit-0041,axis2_legal,1373,0.05162599716825378
conditional-fit-0041,axis2_legal,1374,0.001684136903255229
conditional-fit-0041,axis2_legal,1375,0.08659458616780341
conditional-fit-0041,axis2_legal,1376,0.09602915266327455
conditional-fit-0041,axis2_legal,1377,0.027658380953830622
conditional-fit-0041,axis2_legal,1378,0.17669950792408406
conditional-fit-0041,axis2_legal,1379,0.042578775301127886
conditional-fit-0041,axis2_legal,1380,0.04136530811008525
conditional-fit-0041,axis2_legal,1381,0.03339129432013263
conditional-fit-0041,axis2_legal,1382,0.11984489550422206
conditional-fit-0041,axis2_legal,1383,0.1013544934518128
conditional-fit-0041,axis2_legal,1384,0.11951285850933743
conditional-fit-0041,axis2_legal,1385,0.16361486918067905
conditional-fit-0041,axis2_legal,1386,0.05136926066009288
conditional-fit-0041,axis2_legal,1387,0.06350686842810957
conditional-fit-0041,axis2_legal,1388,0.05221743275005711
conditional-fit-0041,axis2_legal,1389,0.019096669516655767
conditional-fit-0041,axis2_legal,1390,0.030571749022605704
conditional-fit-0041,axis2_legal,1391,0.0354529947554442
conditional-fit-0041,axis2_legal,1392,0.008676312753232034
conditional-fit-0041,axis2_legal,1393,0.054058064570371864
conditional-fit-0041,axis2_legal,1394,0.01742631180269505
conditional-fit-0041,axis2_legal,1395,0.06042923368927726
conditional-fit-0041,axis2_legal,1396,0.01826778828389673
conditional-fit-0041,axis2_legal,1397,0.016965183547507656
conditional-fit-0041,axis2_legal,1398,0.052196092479034735
conditional-fit-0041,axis2_legal,1399,0.00776008026266985
conditional-fit-0041,axis2_legal,1400,0.0003486503112655735
conditional-fit-0041,axis2_legal,1401,0.00020686931926134266
conditional-fit-0041,axis2_legal,1402,0.04374616898853259
conditional-fit-0041,axis2_legal,1403,0.0035730780321543186
conditional-fit-0041,axis2_legal,1404,0.04838617030359765
conditional-fit-0041,axis2_legal,1405,0.04812635893019883
conditional-fit-0041,axis2_legal,1406,0.007648293508356507
conditional-fit-0041,axis2_legal,1407,0.013601686309532708
conditional-fit-0041,axis2_legal,1408,0.05061880738036817
conditional-fit-0041,axis2_legal,1409,0.05035664418386285
conditional-fit-0041,axis2_legal,1410,0.002114659427673628
conditional-fit-0041,axis2_legal,1411,0.01120088523547098
conditional-fit-0041,axis2_legal,1412,0.03779979034642421
conditional-fit-0041,axis2_legal,1413,0.04808369123529187
conditional-fit-0041,axis2_legal,1414,0.01844622069832518
conditional-fit-0041,axis2_legal,1415,0.1321172801965008
conditional-fit-0041,axis2_legal,1416,0.011186555877620689
conditional-fit-0041,axis2_legal,1417,0.12086001037720903
conditional-fit-0041,axis2_legal,1418,0.03654366598500891
conditional-fit-0041,axis2_legal,1419,0.03718068208852553
conditional-fit-0041,axis2_legal,1420,0.048585147475533455
conditional-fit-0041,axis2_legal,1421,0.04250133131544087
conditional-fit-0041,axis2_legal,1422,0.009916864087864026
conditional-fit-0041,axis2_legal,1423,0.020993537154065628
conditional-fit-0041,axis2_legal,1424,0.012403956919052446
conditional-fit-0041,axis2_legal,1425,0.00969529582102991
conditional-fit-0041,axis2_legal,1426,0.049001477369154584
conditional-fit-0041,axis2_legal,1427,0.020051909982721477
conditional-fit-0041,axis2_legal,1428,0.07076385444267184
conditional-fit-0041,axis2_legal,1429,0.046376181372853195
conditional-fit-0041,axis2_legal,1430,0.0790852258756962
conditional-fit-0041,axis2_legal,1431,0.001026348840357285
conditional-fit-0041,axis2_legal,1432,0.06180017569594169
conditional-fit-0041,axis2_legal,1433,0.017737113789087447
conditional-fit-0041,axis2_legal,1434,0.0037794852470570735
conditional-fit-0041,axis2_legal,1435,0.001075864385491618
conditional-fit-0041,axis2_legal,1436,0.008796685979064219
conditional-fit-0041,axis2_legal,1437,0.04390293007855979
conditional-fit-0041,axis2_legal,1438,0.12076537849066935
conditional-fit-0041,axis2_legal,1439,0.00496435535230084
conditional-fit-0041,axis2_legal,1440,0.04036966355660393
conditional-fit-0041,axis2_legal,1441,0.03232266970073835
conditional-fit-0041,axis2_legal,1442,0.007617114680399091
conditional-fit-0041,axis2_legal,1443,0.06486243322842114
conditional-fit-0041,axis2_legal,1444,0.025268523489874954
conditional-fit-0041,axis2_legal,1445,0.05432329716803343
conditional-fit-0041,axis2_legal,1446,0.07194645889139006
conditional-fit-0041,axis2_legal,1447,0.03622403801517464
conditional-fit-0041,axis2_legal,1448,0.036614901521779125
conditional-fit-0041,axis2_legal,1449,0.023034331423958856
conditional-fit-0041,axis2_legal,1450,0.022620246545417853
conditional-fit-0041,axis2_legal,1451,0.029535788042986455
conditional-fit-0041,axis2_legal,1452,0.03489104145775451
conditional-fit-0041,axis2_legal,1453,0.00945036354977312
conditional-fit-0041,axis2_legal,1454,0.02922480457012543
conditional-fit-0041,axis2_legal,1455,0.002827135456728167
conditional-fit-0041,axis2_legal,1456,0.016348826332646622
conditional-fit-0041,axis2_legal,1457,0.1691652633058212
conditional-fit-0041,axis2_legal,1458,0.20173782137039892
conditional-fit-0041,axis2_legal,1459,0.02747993249441063
conditional-fit-0041,axis2_legal,1460,0.03126532566075104
conditional-fit-0041,axis2_legal,1461,0.06817372196627555
conditional-fit-0041,axis2_legal,1462,0.021208488907923952
conditional-fit-0041,axis2_legal,1463,0.12054903130429076
conditional-fit-0041,axis2_legal,1464,0.21415944529311437
conditional-fit-0041,axis2_legal,1465,0.005481720193296706
conditional-fit-0041,axis2_legal,1466,0.05554856910885406
conditional-fit-0041,axis2_legal,1467,0.044619503648330616
conditional-fit-0041,axis2_legal,1468,0.04292296594728349
conditional-fit-0041,axis2_legal,1469,0.06348082745860358
conditional-fit-0041,axis2_legal,1470,0.044600288079276074
conditional-fit-0041,axis2_legal,1471,0.028499674812942705
conditional-fit-0041,axis2_legal,1472,0.10861095092494694
conditional-fit-0041,axis2_legal,1473,0.10816812310806447
conditional-fit-0041,axis2_legal,1474,0.020014377245113877
conditional-fit-0041,axis2_legal,1475,0.03595802147427121
conditional-fit-0041,axis2_legal,1476,0.034038773861941776
conditional-fit-0041,axis2_legal,1477,0.003044601792138702
conditional-fit-0041,axis2_legal,1478,0.0005315295534517124
conditional-fit-0041,axis2_legal,1479,0.021489806981195195
conditional-fit-0041,axis2_legal,1480,0.0041604173344494955
conditional-fit-0041,axis2_legal,1481,0.02174084181791644
conditional-fit-0041,axis2_legal,1482,7.319332446249737e-05
conditional-fit-0041,axis2_legal,1483,0.011697931258395695
conditional-fit-0041,axis2_legal,1484,0.00016541862909999366
conditional-fit-0041,axis2_legal,1485,0.008794217488084344
conditional-fit-0041,axis2_legal,1486,0.01497785376732071
conditional-fit-0041,axis2_legal,1487,0.00017281098007557736
conditional-fit-0041,axis2_legal,1488,0.02904289613447296
conditional-fit-0041,axis2_legal,1489,0.01834009460309117
conditional-fit-0041,axis2_legal,1490,0.07971830356603904
conditional-fit-0041,axis2_legal,1491,0.0030093321010772637
conditional-fit-0041,axis2_legal,1492,0.19502910295842615
conditional-fit-0041,axis2_legal,1493,0.00016000038531615527
conditional-fit-0041,axis2_legal,1494,0.035723982625251595
conditional-fit-0041,axis2_legal,1495,0.04123776192454509
conditional-fit-0041,axis2_legal,1496,0.04794850612854229
conditional-fit-0041,axis2_legal,1497,0.10455694944541992
conditional-fit-0041,axis2_legal,1498,0.030704614169662255
conditional-fit-0041,axis2_legal,1499,0.029233507986618657
conditional-fit-0041,axis2_legal,1500,0.05945678632815347
conditional-fit-0041,axis2_legal,1501,0.044338020122118016
conditional-fit-0041,axis2_legal,1502,0.014266873407252953
conditional-fit-0041,axis2_legal,1503,0.009282812828005329
conditional-fit-0041,axis2_legal,1504,0.007374503838741855
conditional-fit-0041,axis2_legal,1505,0.013773363963725277
conditional-fit-0041,axis2_legal,1506,0.0006325664380376248
conditional-fit-0041,axis2_legal,1507,0.02429449330287694
conditional-fit-0041,axis2_legal,1508,0.03977499351774495
conditional-fit-0041,axis2_legal,1509,0.02833605802457514
conditional-fit-0041,axis2_legal,1510,0.052280940818524836
conditional-fit-0041,axis2_legal,1511,0.002499570913631246
conditional-fit-0041,axis2_legal,1512,0.015881921384898585
conditional-fit-0041,axis2_legal,1513,0.06957515751781877
conditional-fit-0041,axis2_legal,1514,0.0467640757657375
conditional-fit-0041,axis2_legal,1515,0.06014265678491994
conditional-fit-0041,axis2_legal,1516,0.018968024291916533
conditional-fit-0041,axis2_legal,1517,0.07288808602316316
conditional-fit-0041,axis2_legal,1518,0.05236215844457756
conditional-fit-0041,axis2_legal,1519,2.3546367254708525e-05
conditional-fit-0041,axis2_legal,1520,0.0025835910709315433
conditional-fit-0041,axis2_legal,1521,0.10857235551461994
conditional-fit-0041,axis2_legal,1522,0.010019484563680865
conditional-fit-0041,axis2_legal,1523,0.02861887034094608
conditional-fit-0041,axis2_legal,1524,0.03382907977087962
conditional-fit-0041,axis2_legal,1525,0.020623388797350643
conditional-fit-0041,axis2_legal,1526,0.0009689110294412418
conditional-fit-0041,axis2_legal,1527,0.012554051447615264
conditional-fit-0041,axis2_legal,1528,0.0019280870360247886
conditional-fit-0041,axis2_legal,1529,0.0036557711980763977
conditional-fit-0041,axis2_legal,1530,0.0455203964876535
conditional-fit-0041,axis2_legal,1531,0.00010235455966738297
conditional-fit-0041,axis2_legal,1532,0.0005206226209384813
conditional-fit-0041,axis2_legal,1533,0.04741186433697187
conditional-fit-0041,axis2_legal,1534,0.017467608769562378
conditional-fit-0041,axis2_legal,1535,0.03198936231260158
conditional-fit-0041,axis2_legal,1536,0.03722358159221862
conditional-fit-0041,axis2_legal,1537,0.002734710619524369
conditional-fit-0041,axis2_legal,1538,0.0793026372390714
conditional-fit-0041,axis2_legal,1539,0.03625783208622493
conditional-fit-0041,axis2_legal,1540,0.01659255976309522
conditional-fit-0041,axis2_legal,1541,0.11873396837898624
conditional-fit-0041,axis2_legal,1542,0.0041576342089201836
conditional-fit-0041,axis2_legal,1543,0.0017794107727172946
conditional-fit-0041,axis2_legal,1544,0.012387410134290705
conditional-fit-0041,axis2_legal,1545,0.047507936040415484
conditional-fit-0041,axis2_legal,1546,0.007687119211684752
conditional-fit-0041,axis2_legal,1547,0.0007067903496425769
conditional-fit-0041,axis2_legal,1548,0.04048947846840195
conditional-fit-0041,axis2_legal,1549,0.011101195869408269
conditional-fit-0041,axis2_legal,1550,0.10431190733953985
conditional-fit-0041,axis2_legal,1551,0.04565090731737023
conditional-fit-0041,axis2_legal,1552,0.004248623457315551
conditional-fit-0041,axis2_legal,1553,0.024347497852079195
conditional-fit-0041,axis2_legal,1554,0.0013711508254932161
conditional-fit-0041,axis2_legal,1555,0.0019213232265447577
conditional-fit-0041,axis2_legal,1556,0.001620775016213801
conditional-fit-0041,axis2_legal,1557,0.0018962090040573053
conditional-fit-0041,axis2_legal,1558,0.01714863973028542
conditional-fit-0041,axis2_legal,1559,0.015726484515835013
conditional-fit-0041,axis2_legal,1560,0.021491201296973402
conditional-fit-0041,axis2_legal,1561,0.04202712003638821
conditional-fit-0041,axis2_legal,1562,0.05041958714925627
conditional-fit-0041,axis2_legal,1563,0.07726636875331759
conditional-fit-0041,axis2_legal,1564,0.0044210221844847965
conditional-fit-0041,axis2_legal,1565,0.00708626365757472
conditional-fit-0041,axis2_legal,1566,0.015420335876068128
conditional-fit-0041,axis2_legal,1567,0.0015552878122731398
conditional-fit-0041,axis2_legal,1568,0.07805245149091339
conditional-fit-0041,axis2_legal,1569,0.06558290853752236
conditional-fit-0041,axis2_legal,1570,0.03211499001617767
conditional-fit-0041,axis2_legal,1571,0.020056927789703034
conditional-fit-0041,axis2_legal,1572,0.07568866151861928
conditional-fit-0041,axis2_legal,1573,0.01581701858431154
conditional-fit-0041,axis2_legal,1574,0.02477672506851145
conditional-fit-0041,axis2_legal,1575,0.06148212768979883
conditional-fit-0041,axis2_legal,1576,0.0019355357471795359
conditional-fit-0041,axis2_legal,1577,0.019340377626955722
conditional-fit-0041,axis2_legal,1578,0.012752253431056685
conditional-fit-0041,axis2_legal,1579,0.035073780853290444
conditional-fit-0041,axis2_legal,1580,0.14680687741423232
conditional-fit-0041,axis2_legal,1581,0.07053678193400383
conditional-fit-0041,axis2_legal,1582,0.04410493473736739
conditional-fit-0041,axis2_legal,1583,0.03781750207648781
conditional-fit-0041,axis2_legal,1584,0.00395137942219904
conditional-fit-0041,axis2_legal,1585,0.00839544459403882
conditional-fit-0041,axis2_legal,1586,0.03532970437853287
conditional-fit-0041,axis2_legal,1587,0.007340690704715808
conditional-fit-0041,axis2_legal,1588,0.0021296582711274317
conditional-fit-0041,axis2_legal,1589,0.00736364596235008
conditional-fit-0041,axis2_legal,1590,0.10104805625360981
conditional-fit-0041,axis2_legal,1591,0.02418809090073401
conditional-fit-0041,axis2_legal,1592,0.47144675299345806
conditional-fit-0041,axis2_legal,1593,0.050432692730587696
conditional-fit-0041,axis2_legal,1594,0.015266468444447654
conditional-fit-0041,axis2_legal,1595,0.03405902366266047
conditional-fit-0041,axis2_legal,1596,0.006147513486189866
conditional-fit-0041,axis2_legal,1597,0.004837425253203767
conditional-fit-0041,axis2_legal,1598,0.00211315669079284
conditional-fit-0041,axis2_legal,1599,0.017012354239587787
conditional-fit-0041,axis2_legal,1600,0.008082134832415867
conditional-fit-0041,axis2_legal,1601,0.0004772872139244797
conditional-fit-0041,axis2_legal,1602,0.0009842873085264031
conditional-fit-0041,axis2_legal,1603,0.023875845629549478
conditional-fit-0041,axis2_legal,1604,0.16410857331054962
conditional-fit-0041,axis2_legal,1605,0.06268046075475904
conditional-fit-0041,axis2_legal,1606,0.020125412247745715
conditional-fit-0041,axis2_legal,1607,0.20878054878827657
conditional-fit-0041,axis2_legal,1608,0.009232918045737002
conditional-fit-0041,axis2_legal,1609,0.04900107583572737
conditional-fit-0041,axis2_legal,1610,0.01667685923190379
conditional-fit-0041,axis2_legal,1611,0.01908234162338178
conditional-fit-0041,axis2_legal,1612,0.027980217614370095
conditional-fit-0041,axis2_legal,1613,0.027779662913762472
conditional-fit-0041,axis2_legal,1614,0.03802641125476422
conditional-fit-0041,axis2_legal,1615,0.13455864705915804
conditional-fit-0041,axis2_legal,1616,0.01680133442003135
conditional-fit-0041,axis2_legal,1617,0.020057228775877404
conditional-fit-0041,axis2_legal,1618,0.032656653722312516
conditional-fit-0041,axis2_legal,1619,0.006124115692325937
conditional-fit-0041,axis2_legal,1620,0.026099098522222364
conditional-fit-0041,axis2_legal,1621,0.06928485774501861
conditional-fit-0041,axis2_legal,1622,0.026145583418044523
conditional-fit-0041,axis2_legal,1623,0.0020937333196747875
conditional-fit-0041,axis2_legal,1624,0.007275651248733974
conditional-fit-0041,axis2_legal,1625,0.008416710505641144
conditional-fit-0041,axis2_legal,1626,0.00011785791037925255
conditional-fit-0041,axis2_legal,1627,0.021286945143691727
conditional-fit-0041,axis2_legal,1628,0.006524101077833872
conditional-fit-0041,axis2_legal,1629,0.01673000690122748
conditional-fit-0041,axis2_legal,1630,0.01653754480205039
conditional-fit-0041,axis2_legal,1631,0.0004852358695661824
conditional-fit-0041,axis2_legal,1632,0.016322145006475067
conditional-fit-0041,axis2_legal,1633,0.018894193249521747
conditional-fit-0041,axis2_legal,1634,0.020990953973667053
conditional-fit-0041,axis2_legal,1635,0.009925938318383204
conditional-fit-0041,axis2_legal,1636,0.03653292948290489
conditional-fit-0041,axis2_legal,1637,0.048070494083094675
conditional-fit-0041,axis2_legal,1638,0.015756569588952083
conditional-fit-0041,axis2_legal,1639,0.06228219826999555
conditional-fit-0041,axis2_legal,1640,0.03244245471935599
conditional-fit-0041,axis2_legal,1641,0.011539366839537437
conditional-fit-0041,axis2_legal,1642,0.015025663766206794
conditional-fit-0041,axis2_legal,1643,0.06520253254265729
conditional-fit-0041,axis2_legal,1644,0.01470906603331304
conditional-fit-0041,axis2_legal,1645,0.32267032539934726
conditional-fit-0041,axis2_legal,1646,0.138819674593553
conditional-fit-0041,axis2_legal,1647,0.007615725582456736
conditional-fit-0041,axis2_legal,1648,0.03328165572506764
conditional-fit-0041,axis2_legal,1649,0.059954857867389466
conditional-fit-0041,axis2_legal,1650,0.004349605417075855
conditional-fit-0041,axis2_legal,1651,0.013621024224456442
conditional-fit-0041,axis2_legal,1652,0.014294857440826252
conditional-fit-0041,axis2_legal,1653,0.011922837270973208
conditional-fit-0041,axis2_legal,1654,0.011090492389316777
conditional-fit-0041,axis2_legal,1655,0.018866815785594748
conditional-fit-0041,axis2_legal,1656,0.01051942242014181
conditional-fit-0041,axis2_legal,1657,0.00019093657850177725
conditional-fit-0041,axis2_legal,1658,7.398119406612605e-05
conditional-fit-0041,axis2_legal,1659,0.01844679913362123
conditional-fit-0041,axis2_legal,1660,0.011448838835052077
conditional-fit-0041,axis2_legal,1661,0.0007534008108107447
conditional-fit-0041,axis2_legal,1662,0.008968939804888047
conditional-fit-0041,axis2_legal,1663,0.010179808331084245
conditional-fit-0041,axis2_legal,1664,0.014344516577676665
conditional-fit-0041,axis2_legal,1665,0.024475476344361535
conditional-fit-0041,axis2_legal,1666,0.010285088210337374
conditional-fit-0041,axis2_legal,1667,0.010006324899951229
conditional-fit-0041,axis2_legal,1668,0.0036316898523927176
conditional-fit-0041,axis2_legal,1669,0.03029530927672756
conditional-fit-0041,axis2_legal,1670,0.006605537682347244
conditional-fit-0041,axis2_legal,1671,0.019714706377485895
conditional-fit-0041,axis2_legal,1672,0.0020439354131298057
conditional-fit-0041,axis2_legal,1673,0.030060931547264073
conditional-fit-0041,axis2_legal,1674,0.0009735621435076193
conditional-fit-0041,axis2_legal,1675,0.09236714953069851
conditional-fit-0041,axis2_legal,1676,0.006929422487083829
conditional-fit-0041,axis2_legal,1677,0.023350665046880638
conditional-fit-0041,axis2_legal,1678,0.009846293892635782
conditional-fit-0041,axis2_legal,1679,0.00010070927149234107
conditional-fit-0041,axis2_legal,1680,0.0014878601842844513
conditional-fit-0041,axis2_legal,1681,0.013922909800792811
conditional-fit-0041,axis2_legal,1682,0.0025367609872943763
conditional-fit-0041,axis2_legal,1683,0.006170532662467826
conditional-fit-0041,axis2_legal,1684,0.03534629058806253
conditional-fit-0041,axis2_legal,1685,0.004036305879507783
conditional-fit-0041,axis2_legal,1686,0.001899611333713826
conditional-fit-0041,axis2_legal,1687,0.01363983335360607
conditional-fit-0041,axis2_legal,1688,0.10049666473403443
conditional-fit-0041,axis2_legal,1689,0.0022837464554146935
conditional-fit-0041,axis2_legal,1690,0.0038987290559341576
conditional-fit-0041,axis2_legal,1691,0.0004584291975488036
conditional-fit-0041,axis2_legal,1692,0.0010344277051040785
conditional-fit-0041,axis2_legal,1693,0.004033707021228555
conditional-fit-0041,axis2_legal,1694,0.06849991334804713
conditional-fit-0041,axis2_legal,1695,0.007866746059870365
conditional-fit-0041,axis2_legal,1696,0.001107201423711345
conditional-fit-0041,axis2_legal,1697,0.0007595667189605922
conditional-fit-0041,axis2_legal,1698,0.00783946885082287
conditional-fit-0041,axis2_legal,1699,0.0009026957834662324
conditional-fit-0041,axis2_legal,1700,0.046629867318297866
conditional-fit-0041,axis2_legal,1701,0.00010415491137486678
conditional-fit-0041,axis2_legal,1702,0.002148043704461612
conditional-fit-0041,axis2_legal,1703,0.0017902488693174127
conditional-fit-0041,axis2_legal,1704,0.004813894773128525
conditional-fit-0041,axis2_legal,1705,0.0011328481508955397
conditional-fit-0041,axis2_legal,1706,0.00028334997554727004
conditional-fit-0041,axis2_legal,1707,0.35262202409698107
conditional-fit-0041,axis2_legal,1708,0.007593295617893903
conditional-fit-0041,axis2_legal,1709,0.0001429016551536921
conditional-fit-0041,axis2_legal,1710,0.009318048589292745
conditional-fit-0041,axis2_legal,1711,0.0003057579151700732
conditional-fit-0041,axis2_legal,1712,0.00022854452988359605
conditional-fit-0041,axis2_legal,1713,6.5507153051446e-05
conditional-fit-0041,axis2_legal,1714,0.012339708998938496
conditional-fit-0041,axis2_legal,1715,4.7581703796513924e-05
conditional-fit-0041,axis2_legal,1716,0.0001800114048625226
conditional-fit-0041,axis2_legal,1717,0.0010968585994994328
conditional-fit-0041,axis2_legal,1718,0.007762784019539688
conditional-fit-0041,axis2_legal,1719,0.017996046483216878
conditional-fit-0041,axis2_legal,1720,0.03561064088534634
conditional-fit-0041,axis2_legal,1721,0.022880500605041165
conditional-fit-0041,axis2_legal,1722,0.0011358230552689626
conditional-fit-0041,axis2_legal,1723,0.001090526133650096
conditional-fit-0041,axis2_legal,1724,0.0012748622207503328
conditional-fit-0041,axis2_legal,1725,4.112050242260569e-05
conditional-fit-0041,axis2_legal,1726,0.000819812631572241
conditional-fit-0041,axis2_legal,1727,0.00018906689980264068
conditional-fit-0041,axis2_legal,1728,0.004651431416981758
conditional-fit-0041,axis2_legal,1729,0.0014108441127917617
conditional-fit-0041,axis2_legal,1730,0.00088978076700357
conditional-fit-0041,axis2_legal,1731,0.002799278286838754
conditional-fit-0041,axis2_legal,1732,0.20165484137297146
conditional-fit-0041,axis2_legal,1733,0.014147333520690355
conditional-fit-0041,axis2_legal,1734,4.585643809726538e-05
conditional-fit-0041,axis2_legal,1735,0.005868265907563174
conditional-fit-0041,axis2_legal,1736,0.001119735348930559
conditional-fit-0041,axis2_legal,1737,0.06352953333322603
conditional-fit-0041,axis2_legal,1738,0.004545470188103181
conditional-fit-0041,axis2_legal,1739,0.06404827788766679
conditional-fit-0041,axis2_legal,1740,0.00038501197159831644
conditional-fit-0041,axis2_legal,1741,0.0019403618672374822
conditional-fit-0041,axis2_legal,1742,0.004167873022901948
conditional-fit-0041,axis2_legal,1743,0.0001527293922238489
conditional-fit-0041,axis2_legal,1744,0.0007042710198276513
conditional-fit-0041,axis2_legal,1745,0.00023496434433796184
conditional-fit-0041,axis2_legal,1746,0.00023177921367610813
conditional-fit-0041,axis2_legal,1747,0.016285553899050467
conditional-fit-0041,axis2_legal,1748,0.09073973045459698
conditional-fit-0041,axis2_legal,1749,0.26212684851580986
conditional-fit-0041,axis2_legal,1750,0.0019143496306632283
conditional-fit-0041,axis2_legal,1751,0.005248977738311912
conditional-fit-0041,axis2_legal,1752,0.007580359727242449
conditional-fit-0041,axis2_legal,1753,0.00030736976921646455
conditional-fit-0041,axis2_legal,1754,0.00015912706036074056
conditional-fit-0041,axis2_legal,1755,0.00029864970034414184
conditional-fit-0041,axis2_legal,1756,0.00027018488106484107
conditional-fit-0041,axis2_legal,1757,0.00041951129313397317
conditional-fit-0041,axis2_legal,1758,0.02184200671143314
conditional-fit-0041,axis2_legal,1759,0.00010999745120509301
conditional-fit-0041,axis2_legal,1760,0.0001305317323460721
conditional-fit-0041,axis2_legal,1761,0.00040717613701837476
conditional-fit-0041,axis2_legal,1762,5.6623450868836965e-05
conditional-fit-0041,axis2_legal,1763,0.0010275130952223913
conditional-fit-0041,axis2_legal,1764,0.002326948658425348
conditional-fit-0041,axis2_legal,1765,0.0004936389741883731
conditional-fit-0041,axis2_legal,1766,0.00043509851151485887
conditional-fit-0041,axis2_legal,1767,4.321036734128544e-05
conditional-fit-0041,axis2_legal,1768,0.0024009358836623376
conditional-fit-0041,axis2_legal,1769,0.00011916527838269984
conditional-fit-0041,axis2_legal,1770,0.0001602553947611632
conditional-fit-0041,axis2_legal,1771,1.7879738893109874e-05
conditional-fit-0041,axis2_legal,1772,0.1969323208719663
conditional-fit-0041,axis2_legal,1773,0.00920715587661066
conditional-fit-0041,axis2_legal,1774,6.47118766508015e-05
conditional-fit-0041,axis2_legal,1775,0.00025434918262304463
conditional-fit-0041,axis2_legal,1776,0.00018563946325619797
conditional-fit-0041,axis2_legal,1777,6.344292354784866e-05
conditional-fit-0041,axis2_legal,1778,0.017800379533089824
conditional-fit-0041,axis2_legal,1779,0.00028049103015147887
conditional-fit-0041,axis2_legal,1780,0.017028242229084126
conditional-fit-0041,axis2_legal,1781,0.00418329953677452
conditional-fit-0041,axis2_legal,1782,0.1334190675312305
conditional-fit-0041,axis2_legal,1783,0.13908090544353757
conditional-fit-0041,axis2_legal,1784,0.06033233547359169
conditional-fit-0041,axis2_legal,1785,0.24381530187376294
conditional-fit-0041,axis2_legal,1786,0.00033563146014261647
conditional-fit-0041,axis2_legal,1787,0.01578973396273456
conditional-fit-0041,axis2_legal,1788,0.00024657008558690604
conditional-fit-0041,axis2_legal,1789,5.8099398811506376e-05
conditional-fit-0041,axis2_legal,1790,0.2719855920314552
conditional-fit-0041,axis2_legal,1791,2.0173263002856416e-05
conditional-fit-0041,axis2_legal,1792,3.562092454862464e-05
conditional-fit-0041,axis2_legal,1793,0.0005980506107679539
conditional-fit-0041,axis2_legal,1794,0.0008720437370065975
conditional-fit-0041,axis2_legal,1795,1.6675360141830314e-05
conditional-fit-0041,axis2_legal,1796,9.349537569098255e-05
conditional-fit-0041,axis2_legal,1797,5.201096746162327e-05
conditional-fit-0041,axis2_legal,1798,1.319756664809115
conditional-fit-0041,axis2_legal,1799,0.06696562201607194
conditional-fit-0041,axis2_legal,1800,0.015570399256518371
conditional-fit-0041,axis2_legal,1801,3.322648855110017e-05
conditional-fit-0041,axis2_legal,1802,9.834211380597772e-05
conditional-fit-0041,axis2_legal,1803,0.003927548536326227
conditional-fit-0041,axis2_legal,1804,0.0002826710724715142
conditional-fit-0041,axis2_legal,1805,7.260290491108018e-05
conditional-fit-0041,axis2_legal,1806,0.0001437047295419481
conditional-fit-0041,axis2_legal,1807,0.0001902389198000146
conditional-fit-0041,axis2_legal,1808,0.0003788953647571358
conditional-fit-0041,axis2_legal,1809,0.007712712561797867
conditional-fit-0041,axis2_legal,1810,0.0016996240267781737
conditional-fit-0041,axis2_legal,1811,0.05344943630089065
conditional-fit-0041,axis2_legal,1812,0.06727396712752604
conditional-fit-0041,axis2_legal,1813,0.04130857586976438
conditional-fit-0041,axis2_legal,1814,0.014074148124892175
conditional-fit-0041,axis2_legal,1815,0.014820275466302095
conditional-fit-0041,axis2_legal,1816,0.003704646784937684
conditional-fit-0041,axis2_legal,1817,0.002127485881714644
conditional-fit-0041,axis2_legal,1818,0.004561530655524348
conditional-fit-0041,axis2_legal,1819,0.03233830202133635
conditional-fit-0041,axis2_legal,1820,0.09036673483990948
conditional-fit-0041,axis2_legal,1821,0.013508594513723276
conditional-fit-0041,axis2_legal,1822,0.04165843402064329
conditional-fit-0041,axis2_legal,1823,0.0014560628453106528
conditional-fit-0041,axis2_legal,1824,0.010723973823942618
conditional-fit-0041,axis2_legal,1825,0.054117789386251065
conditional-fit-0041,axis2_legal,1826,0.40086161389605046
conditional-fit-0041,axis2_legal,1827,0.1892851595974179
conditional-fit-0041,axis2_legal,1828,0.0015356839346227901
conditional-fit-0041,axis2_legal,1829,0.3913778158730222
conditional-fit-0041,axis2_legal,1830,0.09968173296678479
conditional-fit-0041,axis2_legal,1831,0.07473386422492143
conditional-fit-0041,axis2_legal,1832,0.1545104812267991
conditional-fit-0041,axis2_legal,1833,0.022314001741542213
conditional-fit-0041,axis2_legal,1834,0.029636771760909418
conditional-fit-0041,axis2_legal,1835,0.04275558986132895
conditional-fit-0041,axis2_legal,1836,0.01407892326764014
conditional-fit-0041,axis2_legal,1837,0.04195885196827907
conditional-fit-0041,axis2_legal,1838,0.1275513074532019
conditional-fit-0041,axis2_legal,1839,0.005826638371798669
conditional-fit-0041,axis2_legal,1840,0.011129649485190463
conditional-fit-0041,axis2_legal,1841,0.02065810013567587
conditional-fit-0041,axis2_legal,1842,0.0016594258894640584
conditional-fit-0041,axis2_legal,1843,0.0003029305400300872
conditional-fit-0041,axis2_legal,1844,0.042612719369393585
conditional-fit-0041,axis2_legal,1845,0.11009726159820557
conditional-fit-0041,axis2_legal,1846,0.004925223326736415
conditional-fit-0041,axis2_legal,1847,0.016038485201140287
conditional-fit-0041,axis2_legal,1848,0.003388523966670951
conditional-fit-0041,axis2_legal,1849,0.014766667053228207
conditional-fit-0041,axis2_legal,1850,0.024610835314425254
conditional-fit-0041,axis2_legal,1851,0.0033535725572334703
conditional-fit-0041,axis2_legal,1852,0.004403174091345684
conditional-fit-0041,axis2_legal,1853,0.0007708476213723102
conditional-fit-0041,axis2_legal,1854,0.0004847923668194546
conditional-fit-0041,axis2_legal,1855,0.025316750927055813
conditional-fit-0041,axis2_legal,1856,0.03025189135658063
conditional-fit-0041,axis2_legal,1857,0.029060420457271006
conditional-fit-0041,axis2_legal,1858,0.004484347994927197
conditional-fit-0041,axis2_legal,1859,0.0031122524325619496
conditional-fit-0041,axis2_legal,1860,0.09132275967787433
conditional-fit-0041,axis2_legal,1861,0.007657075013301082
conditional-fit-0041,axis2_legal,1862,0.006186594753110999
conditional-fit-0041,axis2_legal,1863,0.00044317423662595576
conditional-fit-0041,axis2_legal,1864,0.0003724619206510872
conditional-fit-0041,axis2_legal,1865,0.02995579570435724
conditional-fit-0041,axis2_legal,1866,0.025123461940608778
conditional-fit-0041,axis2_legal,1867,0.00010878718776044666
conditional-fit-0041,axis2_legal,1868,0.0004823033337663732
conditional-fit-0041,axis2_legal,1869,0.0007012479207777227
conditional-fit-0041,axis2_legal,1870,0.0529876124600595
conditional-fit-0041,axis2_legal,1871,0.006762442244695499
conditional-fit-0041,axis2_legal,1872,0.0035869074879628197
conditional-fit-0041,axis2_legal,1873,0.00012003538897818843
conditional-fit-0041,axis2_legal,1874,0.00023438813244943356
conditional-fit-0041,axis2_legal,1875,0.03634592821544154
conditional-fit-0041,axis2_legal,1876,0.0016641603059636084
conditional-fit-0041,axis2_legal,1877,0.0003406174553453915
conditional-fit-0041,axis2_legal,1878,0.000274997463844386
conditional-fit-0041,axis2_legal,1879,0.0003311118773218769
conditional-fit-0041,axis2_legal,1880,0.1088123899151418
conditional-fit-0041,axis2_legal,1881,0.002472777151293605
conditional-fit-0041,axis2_legal,1882,0.0014020498165330723
conditional-fit-0041,axis2_legal,1883,0.0011030851493636085
conditional-fit-0041,axis2_legal,1884,5.053738278865406e-05
conditional-fit-0041,axis2_legal,1885,0.00028601963891683045
conditional-fit-0041,axis2_legal,1886,0.023823071785345734
conditional-fit-0041,axis2_legal,1887,0.00041478874662821626
conditional-fit-0041,axis2_legal,1888,0.06035306890956694
conditional-fit-0041,axis2_legal,1889,0.03791088464577385
conditional-fit-0041,axis2_legal,1890,0.07684809869655829
conditional-fit-0041,axis2_legal,1891,0.030578793040955544
conditional-fit-0041,axis2_legal,1892,0.015465406183684825
conditional-fit-0041,axis2_legal,1893,0.01979246269478544
conditional-fit-0041,axis2_legal,1894,0.04598668314994846
conditional-fit-0041,axis2_legal,1895,0.002504147536456935
conditional-fit-0041,axis2_legal,1896,0.0062028014622013536
conditional-fit-0041,axis2_legal,1897,0.01496999492483298
conditional-fit-0041,axis2_legal,1898,0.0031170236272597715
conditional-fit-0041,axis2_legal,1899,0.0029367888831931966
conditional-fit-0041,axis2_legal,1900,0.0023942812070826855
conditional-fit-0041,axis2_legal,1901,0.004115241787089273
conditional-fit-0041,axis2_legal,1902,0.01902839902158468
conditional-fit-0041,axis2_legal,1903,0.018771236566167304
conditional-fit-0041,axis2_legal,1904,0.001376909012234839
conditional-fit-0041,axis2_legal,1905,0.012682558707820252
conditional-fit-0041,axis2_legal,1906,0.014294148323914397
conditional-fit-0041,axis2_legal,1907,0.013757042973448272
conditional-fit-0041,axis2_legal,1908,0.011079628235712027
conditional-fit-0041,axis2_legal,1909,0.007582674928153196
conditional-fit-0041,axis2_legal,1910,0.0029523120640832113
conditional-fit-0041,axis2_legal,1911,0.0008719658323585404
conditional-fit-0041,axis2_legal,1912,0.006171489153219096
conditional-fit-0041,axis2_legal,1913,0.06739719603030125
conditional-fit-0041,axis2_legal,1914,0.0006737944697155911
conditional-fit-0041,axis2_legal,1915,0.05818038553302678
conditional-fit-0041,axis2_legal,1916,0.14263311364846315
conditional-fit-0041,axis2_legal,1917,0.03517650421300689
conditional-fit-0041,axis2_legal,1918,0.004943637137281885
conditional-fit-0041,axis2_legal,1919,0.0004281339587852969
conditional-fit-0041,axis2_legal,1920,0.00036154814887109747
conditional-fit-0041,axis2_legal,1921,0.02920572292757235
conditional-fit-0041,axis2_legal,1922,0.09327731400454659
conditional-fit-0041,axis2_legal,1923,0.009069489834226618
conditional-fit-0041,axis2_legal,1924,0.00017371099197480383
conditional-fit-0041,axis2_legal,1925,0.09056506960726396
conditional-fit-0041,axis2_legal,1926,0.003200672636875436
conditional-fit-0041,axis2_legal,1927,0.030845348539800727
conditional-fit-0041,axis2_legal,1928,0.04787729448293207
conditional-fit-0041,axis2_legal,1929,0.024017826353509766
conditional-fit-0041,axis2_legal,1930,0.020329394948419496
conditional-fit-0041,axis2_legal,1931,0.03527081578109729
conditional-fit-0041,axis2_legal,1932,0.0231375150987818
conditional-fit-0041,axis2_legal,1933,0.002007000480151528
conditional-fit-0041,axis2_legal,1934,0.00018933387478129002
conditional-fit-0041,axis2_legal,1935,0.0003785161321450081
conditional-fit-0041,axis2_legal,1936,0.00016302821370882457
conditional-fit-0041,axis2_legal,1937,0.0011838463756204268
conditional-fit-0041,axis2_legal,1938,0.0005263682401059279
conditional-fit-0041,axis2_legal,1939,0.0016865344530964678
conditional-fit-0041,axis2_legal,1940,0.0003664421768740456
conditional-fit-0041,axis2_legal,1941,0.00020686050647837748
conditional-fit-0041,axis2_legal,1942,0.031040728670946673
conditional-fit-0041,axis2_legal,1943,0.013451508415323984
conditional-fit-0041,axis2_legal,1944,0.01614028203481803
conditional-fit-0041,axis2_legal,1945,0.03308006425071448
conditional-fit-0041,axis2_legal,1946,0.009104292027196481
conditional-fit-0041,axis2_legal,1947,0.0003470823115888893
conditional-fit-0041,axis2_legal,1948,0.0058516669203711996
conditional-fit-0041,axis2_legal,1949,0.004555645862018495
conditional-fit-0041,axis2_legal,1950,0.01597673937914007
conditional-fit-0041,axis2_legal,1951,0.00020287970427959904
conditional-fit-0041,axis2_legal,1952,0.0008834176325769282
conditional-fit-0041,axis2_legal,1953,0.0006068811104597497
conditional-fit-0041,axis2_legal,1954,0.00042707969847328336
conditional-fit-0041,axis2_legal,1955,0.000430992670727732
conditional-fit-0041,axis2_legal,1956,0.0012908424951232848
conditional-fit-0041,axis2_legal,1957,0.0007924035562599245
conditional-fit-0041,axis2_legal,1958,0.004606128762077034
conditional-fit-0041,axis2_legal,1959,0.00920451700810037
conditional-fit-0041,axis2_legal,1960,0.00828908513718859
conditional-fit-0041,axis2_legal,1961,0.002668661575690242
conditional-fit-0041,axis2_legal,1962,0.026848288546155022
conditional-fit-0041,axis2_legal,1963,0.00035752148152571597
conditional-fit-0041,axis2_legal,1964,0.013739975732851233
conditional-fit-0041,axis2_legal,1965,0.01686069254931223
conditional-fit-0041,axis2_legal,1966,0.02513999035187435
conditional-fit-0041,axis2_legal,1967,0.029879784777549954
conditional-fit-0041,axis2_legal,1968,0.03822791034716271
conditional-fit-0041,axis2_legal,1969,0.07495856995105205
conditional-fit-0041,axis2_legal,1970,0.04970894746610425
conditional-fit-0041,axis2_legal,1971,0.015899499896996502
conditional-fit-0041,axis2_legal,1972,0.41007571779043545
conditional-fit-0041,axis2_legal,1973,0.010585006033563132
conditional-fit-0041,axis2_legal,1974,0.030039969698580617
conditional-fit-0041,axis2_legal,1975,0.01508727669129159
conditional-fit-0041,axis2_legal,1976,0.008093953264978616
conditional-fit-0041,axis2_legal,1977,0.02382427210176815
conditional-fit-0041,axis2_legal,1978,0.00684734183521046
conditional-fit-0041,axis2_legal,1979,0.013486517472743778
conditional-fit-0041,axis2_legal,1980,0.016900794176495502
conditional-fit-0041,axis2_legal,1981,0.002768053852194646
conditional-fit-0041,axis2_legal,1982,0.0015516539770718267
conditional-fit-0041,axis2_legal,1983,0.01315502546955926
conditional-fit-0041,axis2_legal,1984,0.0005040942026482784
conditional-fit-0041,axis2_legal,1985,0.0074734101212850165
conditional-fit-0041,axis2_legal,1986,0.0001535227668956266
conditional-fit-0041,axis2_legal,1987,0.009757808569742031
conditional-fit-0041,axis2_legal,1988,0.008732349492252177
conditional-fit-0041,axis2_legal,1989,0.02229813077507676
conditional-fit-0041,axis2_legal,1990,0.0015363531001368388
conditional-fit-0041,axis2_legal,1991,0.003453984880199939
conditional-fit-0041,axis2_legal,1992,0.013346975059627396
conditional-fit-0041,axis2_legal,1993,0.0034112472086650636
conditional-fit-0041,axis2_legal,1994,0.001833670005608421
conditional-fit-0041,axis2_legal,1995,0.01555002670810913
conditional-fit-0041,axis2_legal,1996,0.007656015210837693
conditional-fit-0041,axis2_legal,1997,0.03128172919235609
conditional-fit-0041,axis2_legal,1998,0.003383211366640831
conditional-fit-0041,axis2_legal,1999,0.017903427055510464
conditional-fit-0041,axis2_legal,2000,0.012585954973777883
conditional-fit-0041,axis2_legal,2001,0.017770448216337633
conditional-fit-0041,axis2_legal,2002,0.007480752581121759
conditional-fit-0041,axis2_legal,2003,0.02026902014898647
conditional-fit-0041,axis2_legal,2004,0.019281517204274786
conditional-fit-0041,axis2_legal,2005,0.028560221499125155
conditional-fit-0041,axis2_legal,2006,0.012329180000817008
conditional-fit-0041,axis2_legal,2007,0.0022386356133961343
conditional-fit-0041,axis2_legal,2008,0.004330826180005818
conditional-fit-0041,axis2_legal,2009,0.004150373081058992
conditional-fit-0041,axis2_legal,2010,0.003589464879121011
conditional-fit-0041,axis2_legal,2011,0.006001862768576656
conditional-fit-0041,axis2_legal,2012,0.0005212167571205211
conditional-fit-0041,axis2_legal,2013,0.0042601806043793935
conditional-fit-0041,axis2_legal,2014,0.025260456393776904
conditional-fit-0041,axis2_legal,2015,0.008973167370953494
conditional-fit-0041,axis2_legal,2016,0.025375724078583344
conditional-fit-0041,axis2_legal,2017,0.0030338414943242506
conditional-fit-0041,axis2_legal,2018,0.01653857912747382
conditional-fit-0041,axis2_legal,2019,0.04130357998844747
conditional-fit-0041,axis2_legal,2020,0.023474739617061174
conditional-fit-0041,axis2_legal,2021,0.01431075678095262
conditional-fit-0041,axis2_legal,2022,0.006581441375341534
conditional-fit-0041,axis2_legal,2023,0.0124997390585647
conditional-fit-0041,axis2_legal,2024,0.005540925417193453
conditional-fit-0041,axis2_legal,2025,0.022636053186234732
conditional-fit-0041,axis2_legal,2026,0.008591349380374327
conditional-fit-0041,axis2_legal,2027,0.062445194956213444
conditional-fit-0041,axis2_legal,2028,0.016940876911428406
conditional-fit-0041,axis2_legal,2029,0.01354207879338397
conditional-fit-0041,axis2_legal,2030,0.010602379434566713
conditional-fit-0041,axis2_legal,2031,0.0057195927583853935
conditional-fit-0041,axis2_legal,2032,0.014191265047771639
conditional-fit-0041,axis2_legal,2033,0.01160163035156992
conditional-fit-0041,axis2_legal,2034,0.0017693000107706419
conditional-fit-0041,axis2_legal,2035,0.04567066803466639
conditional-fit-0041,axis2_legal,2036,0.00791808139841527
conditional-fit-0041,axis2_legal,2037,0.06877110215035279
conditional-fit-0041,axis2_legal,2038,0.008640142611303324
conditional-fit-0041,axis2_legal,2039,0.011159662765648686
conditional-fit-0041,axis2_legal,2040,0.031061526635930266
conditional-fit-0041,axis2_legal,2041,0.04064207486720819
conditional-fit-0041,axis2_legal,2042,0.030741706138091934
conditional-fit-0041,axis2_legal,2043,0.02657353188040425
conditional-fit-0041,axis2_legal,2044,0.033198791449117956
conditional-fit-0041,axis2_legal,2045,0.0896811711039193
conditional-fit-0041,axis2_legal,2046,0.006373868743180336
