window_id,domain,pos,kld
conditional-fit-0009,axis2_legal,0,0.41146070736449086
conditional-fit-0009,axis2_legal,1,1.000472242441774
conditional-fit-0009,axis2_legal,2,0.5499511466873827
conditional-fit-0009,axis2_legal,3,0.8790394327194951
conditional-fit-0009,axis2_legal,4,0.5163316688092435
conditional-fit-0009,axis2_legal,5,0.004622462178901755
conditional-fit-0009,axis2_legal,6,0.21727957339701942
conditional-fit-0009,axis2_legal,7,0.006371159575291786
conditional-fit-0009,axis2_legal,8,0.22166280516844755
conditional-fit-0009,axis2_legal,9,0.6101184023268551
conditional-fit-0009,axis2_legal,10,0.0857289184715494
conditional-fit-0009,axis2_legal,11,0.33322496331150897
conditional-fit-0009,axis2_legal,12,0.036524967097202425
conditional-fit-0009,axis2_legal,13,0.8511487658772883
conditional-fit-0009,axis2_legal,14,0.5869570686749457
conditional-fit-0009,axis2_legal,15,0.12105581414941433
conditional-fit-0009,axis2_legal,16,0.006168289208792728
conditional-fit-0009,axis2_legal,17,0.01041006428208019
conditional-fit-0009,axis2_legal,18,0.08089241006053616
conditional-fit-0009,axis2_legal,19,0.005721195477109518
conditional-fit-0009,axis2_legal,20,0.09347267883233873
conditional-fit-0009,axis2_legal,21,0.12056866246798326
conditional-fit-0009,axis2_legal,22,0.2692780236519958
conditional-fit-0009,axis2_legal,23,0.3187390013125958
conditional-fit-0009,axis2_legal,24,0.06866113404770141
conditional-fit-0009,axis2_legal,25,0.1608353504932174
conditional-fit-0009,axis2_legal,26,0.18214055083955588
conditional-fit-0009,axis2_legal,27,0.2765029343449887
conditional-fit-0009,axis2_legal,28,0.005284347239597942
conditional-fit-0009,axis2_legal,29,0.15507257103379282
conditional-fit-0009,axis2_legal,30,0.08700604576610108
conditional-fit-0009,axis2_legal,31,0.09916626560353556
conditional-fit-0009,axis2_legal,32,0.022836269816475505
conditional-fit-0009,axis2_legal,33,0.059903430436945765
conditional-fit-0009,axis2_legal,34,0.18435911230166568
conditional-fit-0009,axis2_legal,35,0.15170532710104087
conditional-fit-0009,axis2_legal,36,0.46584079368764175
conditional-fit-0009,axis2_legal,37,0.4419480392852343
conditional-fit-0009,axis2_legal,38,0.13788392509841096
conditional-fit-0009,axis2_legal,39,0.2479274688776481
conditional-fit-0009,axis2_legal,40,0.20050704350169166
conditional-fit-0009,axis2_legal,41,0.18830053367482122
conditional-fit-0009,axis2_legal,42,0.01248972642004626
conditional-fit-0009,axis2_legal,43,0.09902607749742087
conditional-fit-0009,axis2_legal,44,0.13701022778704197
conditional-fit-0009,axis2_legal,45,0.0981648688727154
conditional-fit-0009,axis2_legal,46,0.058285198646811816
conditional-fit-0009,axis2_legal,47,0.04313587112632642
conditional-fit-0009,axis2_legal,48,0.2866560985529129
conditional-fit-0009,axis2_legal,49,0.19993435418179667
conditional-fit-0009,axis2_legal,50,0.030250643587437318
conditional-fit-0009,axis2_legal,51,0.007544431039840441
conditional-fit-0009,axis2_legal,52,0.006994002975472832
conditional-fit-0009,axis2_legal,53,0.01065066831830896
conditional-fit-0009,axis2_legal,54,0.049249630670759464
conditional-fit-0009,axis2_legal,55,0.06904602487874201
conditional-fit-0009,axis2_legal,56,0.1605854744756402
conditional-fit-0009,axis2_legal,57,0.08221471201488711
conditional-fit-0009,axis2_legal,58,0.09452355491676866
conditional-fit-0009,axis2_legal,59,0.08027018549565562
conditional-fit-0009,axis2_legal,60,0.029168535920571823
conditional-fit-0009,axis2_legal,61,0.03925695970199924
conditional-fit-0009,axis2_legal,62,0.04810311203310725
conditional-fit-0009,axis2_legal,63,0.06373092329456434
conditional-fit-0009,axis2_legal,64,0.05743088923238923
conditional-fit-0009,axis2_legal,65,0.1181420486173834
conditional-fit-0009,axis2_legal,66,0.07177329957009314
conditional-fit-0009,axis2_legal,67,0.05148952897574445
conditional-fit-0009,axis2_legal,68,0.03311035601887183
conditional-fit-0009,axis2_legal,69,0.06270623952661264
conditional-fit-0009,axis2_legal,70,0.003742998491944864
conditional-fit-0009,axis2_legal,71,0.0185741720540364
conditional-fit-0009,axis2_legal,72,0.4185041644030968
conditional-fit-0009,axis2_legal,73,0.22157842018719004
conditional-fit-0009,axis2_legal,74,0.14088354475665746
conditional-fit-0009,axis2_legal,75,0.0021343842875183473
conditional-fit-0009,axis2_legal,76,0.21055929185496344
conditional-fit-0009,axis2_legal,77,0.0004908768537761478
conditional-fit-0009,axis2_legal,78,0.052069784565433534
conditional-fit-0009,axis2_legal,79,0.10619969972550085
conditional-fit-0009,axis2_legal,80,0.04888253609258579
conditional-fit-0009,axis2_legal,81,0.09169988089258588
conditional-fit-0009,axis2_legal,82,0.08934229159987593
conditional-fit-0009,axis2_legal,83,0.0025577945502125877
conditional-fit-0009,axis2_legal,84,0.028311833433279126
conditional-fit-0009,axis2_legal,85,0.009167496058544297
conditional-fit-0009,axis2_legal,86,0.05744706326583253
conditional-fit-0009,axis2_legal,87,0.006383637952157649
conditional-fit-0009,axis2_legal,88,0.01638813853038635
conditional-fit-0009,axis2_legal,89,0.05773229422455059
conditional-fit-0009,axis2_legal,90,0.037264578905120416
conditional-fit-0009,axis2_legal,91,0.015303705000592338
conditional-fit-0009,axis2_legal,92,0.062174429319257055
conditional-fit-0009,axis2_legal,93,0.006905494207709668
conditional-fit-0009,axis2_legal,94,0.0427212259611633
conditional-fit-0009,axis2_legal,95,0.02054804500689094
conditional-fit-0009,axis2_legal,96,0.058543120166383286
conditional-fit-0009,axis2_legal,97,0.0018806211573297264
conditional-fit-0009,axis2_legal,98,0.06041637264895919
conditional-fit-0009,axis2_legal,99,0.009660707058067437
conditional-fit-0009,axis2_legal,100,0.002463729643362191
conditional-fit-0009,axis2_legal,101,0.01722131502117899
conditional-fit-0009,axis2_legal,102,0.003051744647877316
conditional-fit-0009,axis2_legal,103,0.004888862459067106
conditional-fit-0009,axis2_legal,104,0.06647244096951113
conditional-fit-0009,axis2_legal,105,0.06692287554308143
conditional-fit-0009,axis2_legal,106,0.0015427964050269008
conditional-fit-0009,axis2_legal,107,0.004376532485658743
conditional-fit-0009,axis2_legal,108,0.027013482484668047
conditional-fit-0009,axis2_legal,109,0.0031819021172508426
conditional-fit-0009,axis2_legal,110,0.0023012443370211987
conditional-fit-0009,axis2_legal,111,0.012127188467666188
conditional-fit-0009,axis2_legal,112,0.01263825098487681
conditional-fit-0009,axis2_legal,113,0.013474814321419075
conditional-fit-0009,axis2_legal,114,0.0018980222764238288
conditional-fit-0009,axis2_legal,115,0.11138198587709597
conditional-fit-0009,axis2_legal,116,0.0013961542343773987
conditional-fit-0009,axis2_legal,117,0.015904924630029134
conditional-fit-0009,axis2_legal,118,0.00029061375325098335
conditional-fit-0009,axis2_legal,119,0.0011567943123961
conditional-fit-0009,axis2_legal,120,0.000171456502454871
conditional-fit-0009,axis2_legal,121,0.0006925025121870235
conditional-fit-0009,axis2_legal,122,0.000732707656487091
conditional-fit-0009,axis2_legal,123,0.0013482670645617212
conditional-fit-0009,axis2_legal,124,0.08425769344668418
conditional-fit-0009,axis2_legal,125,0.06090974578220374
conditional-fit-0009,axis2_legal,126,0.3783351064016859
conditional-fit-0009,axis2_legal,127,0.0044051297970897334
conditional-fit-0009,axis2_legal,128,0.031167577096955244
conditional-fit-0009,axis2_legal,129,0.02410354696720129
conditional-fit-0009,axis2_legal,130,0.01506482584977169
conditional-fit-0009,axis2_legal,131,0.0013896795459988186
conditional-fit-0009,axis2_legal,132,0.05675711834444937
conditional-fit-0009,axis2_legal,133,0.1747684135201952
conditional-fit-0009,axis2_legal,134,0.0019855055485799855
conditional-fit-0009,axis2_legal,135,0.0036832641857071175
conditional-fit-0009,axis2_legal,136,0.09227832951400611
conditional-fit-0009,axis2_legal,137,0.6441204773747162
conditional-fit-0009,axis2_legal,138,0.28034229186830834
conditional-fit-0009,axis2_legal,139,0.05950473275963877
conditional-fit-0009,axis2_legal,140,0.0726350244129167
conditional-fit-0009,axis2_legal,141,0.008904933956005653
conditional-fit-0009,axis2_legal,142,0.03272677762003978
conditional-fit-0009,axis2_legal,143,0.0011088235185920834
conditional-fit-0009,axis2_legal,144,0.002394613293499585
conditional-fit-0009,axis2_legal,145,0.0016461521121280292
conditional-fit-0009,axis2_legal,146,0.012995326634848202
conditional-fit-0009,axis2_legal,147,0.004878035518144263
conditional-fit-0009,axis2_legal,148,0.15727739708492233
conditional-fit-0009,axis2_legal,149,0.0102568171549035
conditional-fit-0009,axis2_legal,150,0.001192321015791624
conditional-fit-0009,axis2_legal,151,0.02259197954974929
conditional-fit-0009,axis2_legal,152,0.004246240335858041
conditional-fit-0009,axis2_legal,153,0.04547737563066352
conditional-fit-0009,axis2_legal,154,0.00668000865720308
conditional-fit-0009,axis2_legal,155,0.009204807143873717
conditional-fit-0009,axis2_legal,156,0.025740037680082244
conditional-fit-0009,axis2_legal,157,0.07172871534906895
conditional-fit-0009,axis2_legal,158,0.0012392238447090766
conditional-fit-0009,axis2_legal,159,0.000852574153240992
conditional-fit-0009,axis2_legal,160,0.12439965870364149
conditional-fit-0009,axis2_legal,161,0.19311836194162194
conditional-fit-0009,axis2_legal,162,0.0050887467372787015
conditional-fit-0009,axis2_legal,163,0.002922488968452315
conditional-fit-0009,axis2_legal,164,0.031196652667157404
conditional-fit-0009,axis2_legal,165,0.0037236474139637947
conditional-fit-0009,axis2_legal,166,0.0010933203679098322
conditional-fit-0009,axis2_legal,167,0.023584922881788727
conditional-fit-0009,axis2_legal,168,0.006114085960889706
conditional-fit-0009,axis2_legal,169,0.002295542980878296
conditional-fit-0009,axis2_legal,170,0.0013717489170289835
conditional-fit-0009,axis2_legal,171,0.023234491805956253
conditional-fit-0009,axis2_legal,172,0.02811531684862958
conditional-fit-0009,axis2_legal,173,0.0013489266437754033
conditional-fit-0009,axis2_legal,174,0.0005276775477728882
conditional-fit-0009,axis2_legal,175,0.002735758158534097
conditional-fit-0009,axis2_legal,176,0.0003742557731630277
conditional-fit-0009,axis2_legal,177,0.000576420647419812
conditional-fit-0009,axis2_legal,178,0.0037374248563033377
conditional-fit-0009,axis2_legal,179,0.030099489689899003
conditional-fit-0009,axis2_legal,180,0.10806280031929143
conditional-fit-0009,axis2_legal,181,0.011494894546457843
conditional-fit-0009,axis2_legal,182,0.030203375999376655
conditional-fit-0009,axis2_legal,183,0.04870072211295415
conditional-fit-0009,axis2_legal,184,0.02129963691916533
conditional-fit-0009,axis2_legal,185,0.39511096963621023
conditional-fit-0009,axis2_legal,186,0.36357355273649883
conditional-fit-0009,axis2_legal,187,0.007582394448415792
conditional-fit-0009,axis2_legal,188,0.1285429133700693
conditional-fit-0009,axis2_legal,189,0.044038719407425465
conditional-fit-0009,axis2_legal,190,0.10090748108399
conditional-fit-0009,axis2_legal,191,0.033436395986256244
conditional-fit-0009,axis2_legal,192,0.12220057055000767
conditional-fit-0009,axis2_legal,193,0.02084201979119291
conditional-fit-0009,axis2_legal,194,0.029632767241483345
conditional-fit-0009,axis2_legal,195,0.004196134194857988
conditional-fit-0009,axis2_legal,196,0.014714763201737091
conditional-fit-0009,axis2_legal,197,0.009151335314728445
conditional-fit-0009,axis2_legal,198,0.012048230861753816
conditional-fit-0009,axis2_legal,199,0.07099811685335178
conditional-fit-0009,axis2_legal,200,0.002681503452003181
conditional-fit-0009,axis2_legal,201,0.044399725429097696
conditional-fit-0009,axis2_legal,202,0.13846976060032307
conditional-fit-0009,axis2_legal,203,0.17628657971492043
conditional-fit-0009,axis2_legal,204,0.5916702238578745
conditional-fit-0009,axis2_legal,205,0.5829100769379761
conditional-fit-0009,axis2_legal,206,0.04454580266002205
conditional-fit-0009,axis2_legal,207,0.024816390853753083
conditional-fit-0009,axis2_legal,208,0.05243264101276478
conditional-fit-0009,axis2_legal,209,0.020417356648013564
conditional-fit-0009,axis2_legal,210,0.09571799685013488
conditional-fit-0009,axis2_legal,211,0.08702123369469586
conditional-fit-0009,axis2_legal,212,0.011593635426701807
conditional-fit-0009,axis2_legal,213,0.0018551641364714056
conditional-fit-0009,axis2_legal,214,0.14892317468597446
conditional-fit-0009,axis2_legal,215,0.11494021284132658
conditional-fit-0009,axis2_legal,216,0.19594404103368654
conditional-fit-0009,axis2_legal,217,0.07887151339117787
conditional-fit-0009,axis2_legal,218,0.019633965903501038
conditional-fit-0009,axis2_legal,219,0.09200410965741032
conditional-fit-0009,axis2_legal,220,0.020224341397038957
conditional-fit-0009,axis2_legal,221,0.053388501342994575
conditional-fit-0009,axis2_legal,222,0.6092443555223898
conditional-fit-0009,axis2_legal,223,0.15706411942871076
conditional-fit-0009,axis2_legal,224,0.10380864679661747
conditional-fit-0009,axis2_legal,225,0.5285830953924544
conditional-fit-0009,axis2_legal,226,0.10614354792385058
conditional-fit-0009,axis2_legal,227,0.06168615921461469
conditional-fit-0009,axis2_legal,228,0.02079155852513801
conditional-fit-0009,axis2_legal,229,0.11354344388386248
conditional-fit-0009,axis2_legal,230,0.0036890267419715794
conditional-fit-0009,axis2_legal,231,0.014714228595965176
conditional-fit-0009,axis2_legal,232,0.07315117754473285
conditional-fit-0009,axis2_legal,233,0.029522594202929714
conditional-fit-0009,axis2_legal,234,1.3490350531368138
conditional-fit-0009,axis2_legal,235,0.20465973760534417
conditional-fit-0009,axis2_legal,236,0.017410234829905967
conditional-fit-0009,axis2_legal,237,0.10558586538851997
conditional-fit-0009,axis2_legal,238,0.4522729405768181
conditional-fit-0009,axis2_legal,239,0.005034081708405356
conditional-fit-0009,axis2_legal,240,0.6033527005861178
conditional-fit-0009,axis2_legal,241,0.020122411295944574
conditional-fit-0009,axis2_legal,242,0.0654742231843089
conditional-fit-0009,axis2_legal,243,0.001963563008000754
conditional-fit-0009,axis2_legal,244,0.018996509450981545
conditional-fit-0009,axis2_legal,245,0.07277228273898598
conditional-fit-0009,axis2_legal,246,0.33023379962340327
conditional-fit-0009,axis2_legal,247,0.42035306147387785
conditional-fit-0009,axis2_legal,248,0.023164025571164763
conditional-fit-0009,axis2_legal,249,0.06279410589062076
conditional-fit-0009,axis2_legal,250,0.0008550252759390855
conditional-fit-0009,axis2_legal,251,0.0015746464557261151
conditional-fit-0009,axis2_legal,252,0.0011096815490619547
conditional-fit-0009,axis2_legal,253,0.004506593319797072
conditional-fit-0009,axis2_legal,254,0.0014428473104524302
conditional-fit-0009,axis2_legal,255,0.47808876476994017
conditional-fit-0009,axis2_legal,256,0.037213228095399245
conditional-fit-0009,axis2_legal,257,0.02470748636844003
conditional-fit-0009,axis2_legal,258,0.030316776482467535
conditional-fit-0009,axis2_legal,259,0.04508808613470416
conditional-fit-0009,axis2_legal,260,0.05033774462307895
conditional-fit-0009,axis2_legal,261,0.12933361402356477
conditional-fit-0009,axis2_legal,262,0.19829498359017347
conditional-fit-0009,axis2_legal,263,0.0227042093612609
conditional-fit-0009,axis2_legal,264,0.0030958460976705524
conditional-fit-0009,axis2_legal,265,0.07542431867226486
conditional-fit-0009,axis2_legal,266,0.03182579031392692
conditional-fit-0009,axis2_legal,267,0.038669053335438484
conditional-fit-0009,axis2_legal,268,0.006079865795162284
conditional-fit-0009,axis2_legal,269,0.04147031644877916
conditional-fit-0009,axis2_legal,270,0.18164600859679603
conditional-fit-0009,axis2_legal,271,0.044628357548974214
conditional-fit-0009,axis2_legal,272,0.04271979721050039
conditional-fit-0009,axis2_legal,273,0.0330674176841279
conditional-fit-0009,axis2_legal,274,0.053468370686256685
conditional-fit-0009,axis2_legal,275,0.0024394512989632418
conditional-fit-0009,axis2_legal,276,0.001006646548808349
conditional-fit-0009,axis2_legal,277,0.08003716228807484
conditional-fit-0009,axis2_legal,278,0.012353515067163937
conditional-fit-0009,axis2_legal,279,0.09680160414866942
conditional-fit-0009,axis2_legal,280,0.014119231290987773
conditional-fit-0009,axis2_legal,281,0.0140787677460464
conditional-fit-0009,axis2_legal,282,0.012243388151827364
conditional-fit-0009,axis2_legal,283,0.0024838440586060165
conditional-fit-0009,axis2_legal,284,0.0005652200388200725
conditional-fit-0009,axis2_legal,285,0.000906399369959719
conditional-fit-0009,axis2_legal,286,0.0055511815383259755
conditional-fit-0009,axis2_legal,287,0.003389227216184883
conditional-fit-0009,axis2_legal,288,0.037001340638185824
conditional-fit-0009,axis2_legal,289,0.0021172391338867124
conditional-fit-0009,axis2_legal,290,0.020734706791683752
conditional-fit-0009,axis2_legal,291,0.03894146977712024
conditional-fit-0009,axis2_legal,292,0.07053017000357838
conditional-fit-0009,axis2_legal,293,0.11367906150162611
conditional-fit-0009,axis2_legal,294,0.09297725133559388
conditional-fit-0009,axis2_legal,295,0.2967159802369044
conditional-fit-0009,axis2_legal,296,0.012297908560184707
conditional-fit-0009,axis2_legal,297,0.06191525845780013
conditional-fit-0009,axis2_legal,298,0.1645778836252233
conditional-fit-0009,axis2_legal,299,0.010579296794264139
conditional-fit-0009,axis2_legal,300,0.060296231620407176
conditional-fit-0009,axis2_legal,301,0.003733714522513391
conditional-fit-0009,axis2_legal,302,0.017399309558290943
conditional-fit-0009,axis2_legal,303,0.06181794900395089
conditional-fit-0009,axis2_legal,304,0.05930027395032156
conditional-fit-0009,axis2_legal,305,0.033001875959593654
conditional-fit-0009,axis2_legal,306,0.025974188189563777
conditional-fit-0009,axis2_legal,307,0.025536409662247517
conditional-fit-0009,axis2_legal,308,0.06587433688928437
conditional-fit-0009,axis2_legal,309,0.056603230059940765
conditional-fit-0009,axis2_legal,310,0.015635440580045207
conditional-fit-0009,axis2_legal,311,0.017648394957033242
conditional-fit-0009,axis2_legal,312,0.10168852744090055
conditional-fit-0009,axis2_legal,313,0.08038986160728614
conditional-fit-0009,axis2_legal,314,0.025478374684503702
conditional-fit-0009,axis2_legal,315,0.045805520565250064
conditional-fit-0009,axis2_legal,316,0.15048493750350725
conditional-fit-0009,axis2_legal,317,0.1077010450479682
conditional-fit-0009,axis2_legal,318,0.08778458819137194
conditional-fit-0009,axis2_legal,319,0.36532643162711076
conditional-fit-0009,axis2_legal,320,0.10971703434784087
conditional-fit-0009,axis2_legal,321,0.011737101509720474
conditional-fit-0009,axis2_legal,322,0.0010127340028545449
conditional-fit-0009,axis2_legal,323,0.14864115420964488
conditional-fit-0009,axis2_legal,324,0.011756163763479037
conditional-fit-0009,axis2_legal,325,0.01562284983360007
conditional-fit-0009,axis2_legal,326,0.01638477443889432
conditional-fit-0009,axis2_legal,327,0.01324817360807691
conditional-fit-0009,axis2_legal,328,0.00011835492188409606
conditional-fit-0009,axis2_legal,329,0.04650825706190677
conditional-fit-0009,axis2_legal,330,0.020169454299340306
conditional-fit-0009,axis2_legal,331,0.016938348984884312
conditional-fit-0009,axis2_legal,332,0.07227123340340641
conditional-fit-0009,axis2_legal,333,0.038920894146548396
conditional-fit-0009,axis2_legal,334,0.10600814106224846
conditional-fit-0009,axis2_legal,335,0.00660582634871132
conditional-fit-0009,axis2_legal,336,0.0571273123895774
conditional-fit-0009,axis2_legal,337,0.04610728724443186
conditional-fit-0009,axis2_legal,338,0.06830243097264019
conditional-fit-0009,axis2_legal,339,0.009842413994852299
conditional-fit-0009,axis2_legal,340,0.08983422841523954
conditional-fit-0009,axis2_legal,341,0.00813422696688455
conditional-fit-0009,axis2_legal,342,0.0016612428857636845
conditional-fit-0009,axis2_legal,343,0.006658014683190353
conditional-fit-0009,axis2_legal,344,0.13107226102765324
conditional-fit-0009,axis2_legal,345,0.03020185224065469
conditional-fit-0009,axis2_legal,346,0.0063191403806210425
conditional-fit-0009,axis2_legal,347,0.0007338605871265093
conditional-fit-0009,axis2_legal,348,0.0013756047094236723
conditional-fit-0009,axis2_legal,349,0.03319351918541069
conditional-fit-0009,axis2_legal,350,0.05388048743759499
conditional-fit-0009,axis2_legal,351,0.022986078986976355
conditional-fit-0009,axis2_legal,352,0.017380438281218373
conditional-fit-0009,axis2_legal,353,0.07922931091156611
conditional-fit-0009,axis2_legal,354,0.03436258346349621
conditional-fit-0009,axis2_legal,355,0.0240108938674411
conditional-fit-0009,axis2_legal,356,0.0015089319408924705
conditional-fit-0009,axis2_legal,357,0.0802885595545878
conditional-fit-0009,axis2_legal,358,0.0013987701806812585
conditional-fit-0009,axis2_legal,359,0.0003669174305179361
conditional-fit-0009,axis2_legal,360,0.015165647013659599
conditional-fit-0009,axis2_legal,361,0.018303322372541203
conditional-fit-0009,axis2_legal,362,0.001534221684591322
conditional-fit-0009,axis2_legal,363,0.026804439144034912
conditional-fit-0009,axis2_legal,364,0.024997248914132006
conditional-fit-0009,axis2_legal,365,0.0002895231393197034
conditional-fit-0009,axis2_legal,366,0.018567283885879624
conditional-fit-0009,axis2_legal,367,0.04132492521462556
conditional-fit-0009,axis2_legal,368,0.010677126437662573
conditional-fit-0009,axis2_legal,369,0.014281596289961913
conditional-fit-0009,axis2_legal,370,0.021889347041981297
conditional-fit-0009,axis2_legal,371,0.06720096774517154
conditional-fit-0009,axis2_legal,372,0.02491509279136328
conditional-fit-0009,axis2_legal,373,0.0013347636180335938
conditional-fit-0009,axis2_legal,374,0.02721786638182555
conditional-fit-0009,axis2_legal,375,0.10231908416438137
conditional-fit-0009,axis2_legal,376,0.15723031242506208
conditional-fit-0009,axis2_legal,377,0.1132612582982631
conditional-fit-0009,axis2_legal,378,0.004456602704735451
conditional-fit-0009,axis2_legal,379,0.006546995203599911
conditional-fit-0009,axis2_legal,380,0.0005374361917647388
conditional-fit-0009,axis2_legal,381,0.003079785915347282
conditional-fit-0009,axis2_legal,382,0.03951112638564945
conditional-fit-0009,axis2_legal,383,0.0010523390402071213
conditional-fit-0009,axis2_legal,384,0.00584051726599271
conditional-fit-0009,axis2_legal,385,0.011767910199252468
conditional-fit-0009,axis2_legal,386,0.0003960386354249357
conditional-fit-0009,axis2_legal,387,0.04041674896292938
conditional-fit-0009,axis2_legal,388,0.08013447595521324
conditional-fit-0009,axis2_legal,389,0.024155525246562844
conditional-fit-0009,axis2_legal,390,0.026062653475872527
conditional-fit-0009,axis2_legal,391,0.0021708664467520854
conditional-fit-0009,axis2_legal,392,0.005929165163796694
conditional-fit-0009,axis2_legal,393,0.021539891242212266
conditional-fit-0009,axis2_legal,394,0.03910972485306759
conditional-fit-0009,axis2_legal,395,0.0012638882688755537
conditional-fit-0009,axis2_legal,396,0.048140929917675615
conditional-fit-0009,axis2_legal,397,0.003948265830112488
conditional-fit-0009,axis2_legal,398,0.03003672403167674
conditional-fit-0009,axis2_legal,399,0.08551682610641746
conditional-fit-0009,axis2_legal,400,0.0007040479515558577
conditional-fit-0009,axis2_legal,401,0.04786124982161889
conditional-fit-0009,axis2_legal,402,0.001344842463552686
conditional-fit-0009,axis2_legal,403,0.10855816119310793
conditional-fit-0009,axis2_legal,404,0.05979739595071684
conditional-fit-0009,axis2_legal,405,0.03952786593329172
conditional-fit-0009,axis2_legal,406,0.007612147084237547
conditional-fit-0009,axis2_legal,407,0.0011017934144460797
conditional-fit-0009,axis2_legal,408,0.0018758453707394605
conditional-fit-0009,axis2_legal,409,0.00023962620621337363
conditional-fit-0009,axis2_legal,410,0.0008171959029728084
conditional-fit-0009,axis2_legal,411,0.023664248327004096
conditional-fit-0009,axis2_legal,412,0.1615275955291982
conditional-fit-0009,axis2_legal,413,0.14076249430505083
conditional-fit-0009,axis2_legal,414,0.029671301069804812
conditional-fit-0009,axis2_legal,415,0.03978991343006649
conditional-fit-0009,axis2_legal,416,0.055611338558699715
conditional-fit-0009,axis2_legal,417,0.007022283140850192
conditional-fit-0009,axis2_legal,418,0.008163227969552116
conditional-fit-0009,axis2_legal,419,0.06722537572375714
conditional-fit-0009,axis2_legal,420,0.013440011209903105
conditional-fit-0009,axis2_legal,421,0.022751921252082596
conditional-fit-0009,axis2_legal,422,0.07372175035001416
conditional-fit-0009,axis2_legal,423,0.04672947347801812
conditional-fit-0009,axis2_legal,424,0.05478202670557596
conditional-fit-0009,axis2_legal,425,0.04270158020167311
conditional-fit-0009,axis2_legal,426,0.0028741614430271485
conditional-fit-0009,axis2_legal,427,0.030048654789882716
conditional-fit-0009,axis2_legal,428,0.004848569677150257
conditional-fit-0009,axis2_legal,429,0.0010897134121629652
conditional-fit-0009,axis2_legal,430,0.000799720376250999
conditional-fit-0009,axis2_legal,431,0.003294489255327661
conditional-fit-0009,axis2_legal,432,0.0031934036370050768
conditional-fit-0009,axis2_legal,433,0.0008818822352668577
conditional-fit-0009,axis2_legal,434,0.015493725097307731
conditional-fit-0009,axis2_legal,435,0.0021878491431443587
conditional-fit-0009,axis2_legal,436,0.0013306880134970603
conditional-fit-0009,axis2_legal,437,0.04166650878008325
conditional-fit-0009,axis2_legal,438,0.014913315948353548
conditional-fit-0009,axis2_legal,439,0.043669414533662
conditional-fit-0009,axis2_legal,440,0.0037748248112656887
conditional-fit-0009,axis2_legal,441,0.0012700368114736318
conditional-fit-0009,axis2_legal,442,0.005828907825222206
conditional-fit-0009,axis2_legal,443,0.038284980467288524
conditional-fit-0009,axis2_legal,444,0.008558490886531076
conditional-fit-0009,axis2_legal,445,0.04800135858520889
conditional-fit-0009,axis2_legal,446,0.0377085394987588
conditional-fit-0009,axis2_legal,447,0.014158463258130333
conditional-fit-0009,axis2_legal,448,0.002191378750985616
conditional-fit-0009,axis2_legal,449,0.0679498477857022
conditional-fit-0009,axis2_legal,450,0.026348236195616406
conditional-fit-0009,axis2_legal,451,0.07311234730943098
conditional-fit-0009,axis2_legal,452,0.03168900025204711
conditional-fit-0009,axis2_legal,453,0.007002244182081747
conditional-fit-0009,axis2_legal,454,0.010775415746370606
conditional-fit-0009,axis2_legal,455,0.04289905318641624
conditional-fit-0009,axis2_legal,456,0.0011034646183057466
conditional-fit-0009,axis2_legal,457,0.0008288456292433928
conditional-fit-0009,axis2_legal,458,0.00045859053080222773
conditional-fit-0009,axis2_legal,459,0.0008302019076924256
conditional-fit-0009,axis2_legal,460,0.000604304921958415
conditional-fit-0009,axis2_legal,461,0.029766448074656518
conditional-fit-0009,axis2_legal,462,0.002281529841336202
conditional-fit-0009,axis2_legal,463,0.01951170716959232
conditional-fit-0009,axis2_legal,464,0.000607305212486382
conditional-fit-0009,axis2_legal,465,0.00031986546639171877
conditional-fit-0009,axis2_legal,466,0.009143125202063574
conditional-fit-0009,axis2_legal,467,0.30249682620251694
conditional-fit-0009,axis2_legal,468,0.011428838489256445
conditional-fit-0009,axis2_legal,469,0.01810778615653455
conditional-fit-0009,axis2_legal,470,0.029795298284033104
conditional-fit-0009,axis2_legal,471,0.06278468003660669
conditional-fit-0009,axis2_legal,472,0.03566666647073557
conditional-fit-0009,axis2_legal,473,0.08910814687107364
conditional-fit-0009,axis2_legal,474,0.0018061726148072236
conditional-fit-0009,axis2_legal,475,0.03903223788391884
conditional-fit-0009,axis2_legal,476,0.048813890167885565
conditional-fit-0009,axis2_legal,477,0.038643043385034735
conditional-fit-0009,axis2_legal,478,0.056649213193217085
conditional-fit-0009,axis2_legal,479,0.06635044577100113
conditional-fit-0009,axis2_legal,480,0.056753106026992996
conditional-fit-0009,axis2_legal,481,0.059759739306160874
conditional-fit-0009,axis2_legal,482,0.1496930092457533
conditional-fit-0009,axis2_legal,483,0.12519408837375445
conditional-fit-0009,axis2_legal,484,0.02204540978905779
conditional-fit-0009,axis2_legal,485,0.027991070994779148
conditional-fit-0009,axis2_legal,486,0.002912985032708506
conditional-fit-0009,axis2_legal,487,0.0036288999150550704
conditional-fit-0009,axis2_legal,488,0.0420400669682528
conditional-fit-0009,axis2_legal,489,0.03586055274372042
conditional-fit-0009,axis2_legal,490,0.042211870687798136
conditional-fit-0009,axis2_legal,491,0.007350958010937799
conditional-fit-0009,axis2_legal,492,0.02364046688747473
conditional-fit-0009,axis2_legal,493,0.0028200170203844374
conditional-fit-0009,axis2_legal,494,0.00034741434539215356
conditional-fit-0009,axis2_legal,495,0.013920598759516737
conditional-fit-0009,axis2_legal,496,0.0023202940759015967
conditional-fit-0009,axis2_legal,497,0.0002771307595828235
conditional-fit-0009,axis2_legal,498,0.004060550280338214
conditional-fit-0009,axis2_legal,499,0.0022862260190401086
conditional-fit-0009,axis2_legal,500,0.0003677903213892085
conditional-fit-0009,axis2_legal,501,8.396566459083549e-05
conditional-fit-0009,axis2_legal,502,0.0002971945909178492
conditional-fit-0009,axis2_legal,503,8.382000937824663e-05
conditional-fit-0009,axis2_legal,504,0.0008094927033445392
conditional-fit-0009,axis2_legal,505,0.014589974632283786
conditional-fit-0009,axis2_legal,506,0.006801074139192141
conditional-fit-0009,axis2_legal,507,0.02768257574434204
conditional-fit-0009,axis2_legal,508,0.0008916337257701761
conditional-fit-0009,axis2_legal,509,0.01473858078128807
conditional-fit-0009,axis2_legal,510,0.008786425831062608
conditional-fit-0009,axis2_legal,511,0.0017775214908659224
conditional-fit-0009,axis2_legal,512,0.012263876819408399
conditional-fit-0009,axis2_legal,513,0.005278653027280561
conditional-fit-0009,axis2_legal,514,0.020671481456041026
conditional-fit-0009,axis2_legal,515,0.017424862697926244
conditional-fit-0009,axis2_legal,516,0.0008785769886390804
conditional-fit-0009,axis2_legal,517,0.02426598612507696
conditional-fit-0009,axis2_legal,518,0.020461653154788675
conditional-fit-0009,axis2_legal,519,0.00014129774582708837
conditional-fit-0009,axis2_legal,520,0.0270578223452666
conditional-fit-0009,axis2_legal,521,0.015472784005385272
conditional-fit-0009,axis2_legal,522,0.023722669715265585
conditional-fit-0009,axis2_legal,523,0.04709583595990961
conditional-fit-0009,axis2_legal,524,0.0371425859464359
conditional-fit-0009,axis2_legal,525,0.05450001285309653
conditional-fit-0009,axis2_legal,526,0.027440768288958778
conditional-fit-0009,axis2_legal,527,0.04505446541871658
conditional-fit-0009,axis2_legal,528,0.03350402282966507
conditional-fit-0009,axis2_legal,529,0.03618426286073949
conditional-fit-0009,axis2_legal,530,0.017141809389274502
conditional-fit-0009,axis2_legal,531,0.008215427884249518
conditional-fit-0009,axis2_legal,532,0.11919253588017947
conditional-fit-0009,axis2_legal,533,0.09022002859641087
conditional-fit-0009,axis2_legal,534,0.7015836396672026
conditional-fit-0009,axis2_legal,535,0.3748701986061684
conditional-fit-0009,axis2_legal,536,0.023634512630303972
conditional-fit-0009,axis2_legal,537,0.02140626503288659
conditional-fit-0009,axis2_legal,538,0.0036962909663376883
conditional-fit-0009,axis2_legal,539,0.018362715023095603
conditional-fit-0009,axis2_legal,540,0.0031913031568203388
conditional-fit-0009,axis2_legal,541,0.01798211335523242
conditional-fit-0009,axis2_legal,542,0.0006146494408918843
conditional-fit-0009,axis2_legal,543,0.03358381688625774
conditional-fit-0009,axis2_legal,544,0.07475571917787559
conditional-fit-0009,axis2_legal,545,0.017568409689079467
conditional-fit-0009,axis2_legal,546,0.019262020314871776
conditional-fit-0009,axis2_legal,547,0.0207029810238308
conditional-fit-0009,axis2_legal,548,0.09387496329572995
conditional-fit-0009,axis2_legal,549,0.04354277072528652
conditional-fit-0009,axis2_legal,550,0.23242065230089454
conditional-fit-0009,axis2_legal,551,0.09831788757545003
conditional-fit-0009,axis2_legal,552,0.06905192242293944
conditional-fit-0009,axis2_legal,553,0.002603012495342741
conditional-fit-0009,axis2_legal,554,0.008157431437959616
conditional-fit-0009,axis2_legal,555,0.005828012484761599
conditional-fit-0009,axis2_legal,556,0.02689950623728118
conditional-fit-0009,axis2_legal,557,0.0006543657313126815
conditional-fit-0009,axis2_legal,558,0.0004020082349674815
conditional-fit-0009,axis2_legal,559,0.0001305473481982914
conditional-fit-0009,axis2_legal,560,0.0011906614944150306
conditional-fit-0009,axis2_legal,561,0.00013941416394440626
conditional-fit-0009,axis2_legal,562,0.0002620670315682223
conditional-fit-0009,axis2_legal,563,0.0008510457667534562
conditional-fit-0009,axis2_legal,564,0.008832137013117424
conditional-fit-0009,axis2_legal,565,0.02888772328105073
conditional-fit-0009,axis2_legal,566,0.14726736773339485
conditional-fit-0009,axis2_legal,567,0.00729340533791277
conditional-fit-0009,axis2_legal,568,0.05799798322612428
conditional-fit-0009,axis2_legal,569,0.040443189232950885
conditional-fit-0009,axis2_legal,570,0.05955379062215331
conditional-fit-0009,axis2_legal,571,0.015610071244059586
conditional-fit-0009,axis2_legal,572,0.14454718395494398
conditional-fit-0009,axis2_legal,573,0.018207336716648315
conditional-fit-0009,axis2_legal,574,0.052344848442579237
conditional-fit-0009,axis2_legal,575,0.01924507050518342
conditional-fit-0009,axis2_legal,576,0.08324599455753659
conditional-fit-0009,axis2_legal,577,0.2508226244644591
conditional-fit-0009,axis2_legal,578,0.04488359013307418
conditional-fit-0009,axis2_legal,579,0.021266460985125264
conditional-fit-0009,axis2_legal,580,0.08482912774287356
conditional-fit-0009,axis2_legal,581,0.023301580124608003
conditional-fit-0009,axis2_legal,582,0.004161870100242684
conditional-fit-0009,axis2_legal,583,0.0011891393737199875
conditional-fit-0009,axis2_legal,584,0.019525278842447688
conditional-fit-0009,axis2_legal,585,0.09630198398366802
conditional-fit-0009,axis2_legal,586,0.017329757880641797
conditional-fit-0009,axis2_legal,587,0.0020189672770470624
conditional-fit-0009,axis2_legal,588,0.0450702800497209
conditional-fit-0009,axis2_legal,589,0.005885508127602064
conditional-fit-0009,axis2_legal,590,0.03155740518921407
conditional-fit-0009,axis2_legal,591,0.030984914899765778
conditional-fit-0009,axis2_legal,592,0.01269635225105514
conditional-fit-0009,axis2_legal,593,0.03563427732241938
conditional-fit-0009,axis2_legal,594,0.0697780635394864
conditional-fit-0009,axis2_legal,595,0.02525000310894425
conditional-fit-0009,axis2_legal,596,0.0027334037643035078
conditional-fit-0009,axis2_legal,597,0.09548136278504707
conditional-fit-0009,axis2_legal,598,0.001072969715204237
conditional-fit-0009,axis2_legal,599,0.001443927728571044
conditional-fit-0009,axis2_legal,600,0.015630189869000728
conditional-fit-0009,axis2_legal,601,0.050998667072425084
conditional-fit-0009,axis2_legal,602,0.13402052541711737
conditional-fit-0009,axis2_legal,603,0.009319996885452823
conditional-fit-0009,axis2_legal,604,0.004631885677495147
conditional-fit-0009,axis2_legal,605,0.018125763774542752
conditional-fit-0009,axis2_legal,606,0.01830061603882705
conditional-fit-0009,axis2_legal,607,0.033732287814877034
conditional-fit-0009,axis2_legal,608,0.039879798265321696
conditional-fit-0009,axis2_legal,609,0.0026351347423381327
conditional-fit-0009,axis2_legal,610,0.00040873213794492174
conditional-fit-0009,axis2_legal,611,0.0021147663948556774
conditional-fit-0009,axis2_legal,612,0.0005430392362634764
conditional-fit-0009,axis2_legal,613,0.025028329992461584
conditional-fit-0009,axis2_legal,614,0.009569534790396513
conditional-fit-0009,axis2_legal,615,0.001769756113478422
conditional-fit-0009,axis2_legal,616,0.0026768087799511
conditional-fit-0009,axis2_legal,617,0.0159439221955689
conditional-fit-0009,axis2_legal,618,0.0030802580729243877
conditional-fit-0009,axis2_legal,619,0.009386884666784204
conditional-fit-0009,axis2_legal,620,0.01438557337786097
conditional-fit-0009,axis2_legal,621,0.030083456477634225
conditional-fit-0009,axis2_legal,622,0.055743602947358944
conditional-fit-0009,axis2_legal,623,0.027827312808204635
conditional-fit-0009,axis2_legal,624,0.025760091780781685
conditional-fit-0009,axis2_legal,625,0.01665625774623033
conditional-fit-0009,axis2_legal,626,0.012613595743527186
conditional-fit-0009,axis2_legal,627,0.05650296994544657
conditional-fit-0009,axis2_legal,628,0.04219210250170031
conditional-fit-0009,axis2_legal,629,0.03211824354323931
conditional-fit-0009,axis2_legal,630,0.0038983257936549727
conditional-fit-0009,axis2_legal,631,0.057177564755358366
conditional-fit-0009,axis2_legal,632,0.009019152922239912
conditional-fit-0009,axis2_legal,633,0.033271645421634924
conditional-fit-0009,axis2_legal,634,0.01018261129645668
conditional-fit-0009,axis2_legal,635,0.007083566824197189
conditional-fit-0009,axis2_legal,636,0.008505848646896703
conditional-fit-0009,axis2_legal,637,0.002876679349843432
conditional-fit-0009,axis2_legal,638,0.001980552159570167
conditional-fit-0009,axis2_legal,639,0.00024980168516388636
conditional-fit-0009,axis2_legal,640,0.0007971160737099219
conditional-fit-0009,axis2_legal,641,0.003034078656089938
conditional-fit-0009,axis2_legal,642,0.0012806919728806676
conditional-fit-0009,axis2_legal,643,0.007368419268229877
conditional-fit-0009,axis2_legal,644,0.0005763596933363053
conditional-fit-0009,axis2_legal,645,0.0014983567508011029
conditional-fit-0009,axis2_legal,646,0.004465146349769349
conditional-fit-0009,axis2_legal,647,0.011504672389288123
conditional-fit-0009,axis2_legal,648,0.0012685577453335102
conditional-fit-0009,axis2_legal,649,0.007128915389655946
conditional-fit-0009,axis2_legal,650,8.931602738535296e-05
conditional-fit-0009,axis2_legal,651,0.005161924031830097
conditional-fit-0009,axis2_legal,652,0.0014167447587126376
conditional-fit-0009,axis2_legal,653,0.006887451031531406
conditional-fit-0009,axis2_legal,654,0.008759647295346977
conditional-fit-0009,axis2_legal,655,0.008019963278975608
conditional-fit-0009,axis2_legal,656,0.015116592842365172
conditional-fit-0009,axis2_legal,657,0.05222653669952804
conditional-fit-0009,axis2_legal,658,0.01508221140996725
conditional-fit-0009,axis2_legal,659,0.037269527985004366
conditional-fit-0009,axis2_legal,660,0.1508990733734922
conditional-fit-0009,axis2_legal,661,0.04128564266644698
conditional-fit-0009,axis2_legal,662,0.02153276054572255
conditional-fit-0009,axis2_legal,663,0.03037753876915575
conditional-fit-0009,axis2_legal,664,0.0030461382336415726
conditional-fit-0009,axis2_legal,665,0.018417644670424966
conditional-fit-0009,axis2_legal,666,0.013635223839120608
conditional-fit-0009,axis2_legal,667,0.004455874987383521
conditional-fit-0009,axis2_legal,668,0.01939860914290905
conditional-fit-0009,axis2_legal,669,0.04084651071622219
conditional-fit-0009,axis2_legal,670,0.16455991948984497
conditional-fit-0009,axis2_legal,671,0.0011488825240857474
conditional-fit-0009,axis2_legal,672,0.0003677925807403568
conditional-fit-0009,axis2_legal,673,0.009827452405930304
conditional-fit-0009,axis2_legal,674,0.00017405524690610488
conditional-fit-0009,axis2_legal,675,7.181961373293657e-05
conditional-fit-0009,axis2_legal,676,0.0013544265079325855
conditional-fit-0009,axis2_legal,677,0.0017617246552032824
conditional-fit-0009,axis2_legal,678,0.0005450127892780376
conditional-fit-0009,axis2_legal,679,0.005279691748315062
conditional-fit-0009,axis2_legal,680,0.00014748311479984683
conditional-fit-0009,axis2_legal,681,0.0003231500442118875
conditional-fit-0009,axis2_legal,682,0.001116448102162224
conditional-fit-0009,axis2_legal,683,0.00040239184682494425
conditional-fit-0009,axis2_legal,684,0.0006193015523588087
conditional-fit-0009,axis2_legal,685,0.00022230421100784509
conditional-fit-0009,axis2_legal,686,0.0020910905667506498
conditional-fit-0009,axis2_legal,687,0.002323296264538208
conditional-fit-0009,axis2_legal,688,0.000468927125223701
conditional-fit-0009,axis2_legal,689,0.0005237335021170902
conditional-fit-0009,axis2_legal,690,0.026039235569094682
conditional-fit-0009,axis2_legal,691,0.004656395917870717
conditional-fit-0009,axis2_legal,692,0.00046555939694053686
conditional-fit-0009,axis2_legal,693,0.0003556668025806918
conditional-fit-0009,axis2_legal,694,0.020285457296376035
conditional-fit-0009,axis2_legal,695,0.05978053685023206
conditional-fit-0009,axis2_legal,696,0.0008132735876064884
conditional-fit-0009,axis2_legal,697,0.0014308090442758878
conditional-fit-0009,axis2_legal,698,0.000602968925833551
conditional-fit-0009,axis2_legal,699,0.019479182115453894
conditional-fit-0009,axis2_legal,700,0.00017830977658011876
conditional-fit-0009,axis2_legal,701,0.0029684448122932507
conditional-fit-0009,axis2_legal,702,0.029161586567785294
conditional-fit-0009,axis2_legal,703,0.020910062571163825
conditional-fit-0009,axis2_legal,704,0.10285663625139993
conditional-fit-0009,axis2_legal,705,0.03045647321763248
conditional-fit-0009,axis2_legal,706,0.08172641430080359
conditional-fit-0009,axis2_legal,707,0.0639322739679496
conditional-fit-0009,axis2_legal,708,0.04898851698774331
conditional-fit-0009,axis2_legal,709,0.16658231136803567
conditional-fit-0009,axis2_legal,710,0.07989560562285267
conditional-fit-0009,axis2_legal,711,0.040211817112554275
conditional-fit-0009,axis2_legal,712,0.049317786657746825
conditional-fit-0009,axis2_legal,713,0.335374522859189
conditional-fit-0009,axis2_legal,714,0.0027597434274236883
conditional-fit-0009,axis2_legal,715,0.04558907128964576
conditional-fit-0009,axis2_legal,716,0.021448555230358088
conditional-fit-0009,axis2_legal,717,0.04627038392485789
conditional-fit-0009,axis2_legal,718,0.17105804487130882
conditional-fit-0009,axis2_legal,719,0.07528361494277137
conditional-fit-0009,axis2_legal,720,0.21728747042880933
conditional-fit-0009,axis2_legal,721,0.004482828214852433
conditional-fit-0009,axis2_legal,722,0.06874565916698402
conditional-fit-0009,axis2_legal,723,0.1148468458967028
conditional-fit-0009,axis2_legal,724,0.07530691492233471
conditional-fit-0009,axis2_legal,725,0.03590430164158062
conditional-fit-0009,axis2_legal,726,0.1602958071450163
conditional-fit-0009,axis2_legal,727,0.015323144629703179
conditional-fit-0009,axis2_legal,728,0.08357284510802201
conditional-fit-0009,axis2_legal,729,0.2929819981761045
conditional-fit-0009,axis2_legal,730,0.006054224167743718
conditional-fit-0009,axis2_legal,731,0.12091191513789307
conditional-fit-0009,axis2_legal,732,0.028215824916628166
conditional-fit-0009,axis2_legal,733,0.08712739844589926
conditional-fit-0009,axis2_legal,734,0.10282297372515102
conditional-fit-0009,axis2_legal,735,0.027683908853123804
conditional-fit-0009,axis2_legal,736,0.04191853015910209
conditional-fit-0009,axis2_legal,737,0.02455529799222114
conditional-fit-0009,axis2_legal,738,0.17940318218436635
conditional-fit-0009,axis2_legal,739,0.012755716873929115
conditional-fit-0009,axis2_legal,740,0.07581250197554859
conditional-fit-0009,axis2_legal,741,0.03022804669416718
conditional-fit-0009,axis2_legal,742,0.09230961835392258
conditional-fit-0009,axis2_legal,743,0.06040923531935471
conditional-fit-0009,axis2_legal,744,0.02700127981535424
conditional-fit-0009,axis2_legal,745,0.10255679053225239
conditional-fit-0009,axis2_legal,746,0.02066497575886052
conditional-fit-0009,axis2_legal,747,0.014205303966894086
conditional-fit-0009,axis2_legal,748,0.0029816822945865754
conditional-fit-0009,axis2_legal,749,0.051728890612761674
conditional-fit-0009,axis2_legal,750,0.04181805132261214
conditional-fit-0009,axis2_legal,751,0.028091162457525264
conditional-fit-0009,axis2_legal,752,0.0026678030636347883
conditional-fit-0009,axis2_legal,753,0.01166800956121875
conditional-fit-0009,axis2_legal,754,0.006153497936772466
conditional-fit-0009,axis2_legal,755,0.07620397511937037
conditional-fit-0009,axis2_legal,756,0.01594915460705357
conditional-fit-0009,axis2_legal,757,0.006023260827458845
conditional-fit-0009,axis2_legal,758,0.07522798327176042
conditional-fit-0009,axis2_legal,759,0.0037985749510640425
conditional-fit-0009,axis2_legal,760,0.009359164711922774
conditional-fit-0009,axis2_legal,761,0.0008631944269448769
conditional-fit-0009,axis2_legal,762,0.0005284518600717296
conditional-fit-0009,axis2_legal,763,0.0022719778394075076
conditional-fit-0009,axis2_legal,764,0.018528687348589104
conditional-fit-0009,axis2_legal,765,0.004479871504427632
conditional-fit-0009,axis2_legal,766,0.015195770428578753
conditional-fit-0009,axis2_legal,767,0.03623162869867548
conditional-fit-0009,axis2_legal,768,0.04010902766025358
conditional-fit-0009,axis2_legal,769,0.009276325636807001
conditional-fit-0009,axis2_legal,770,0.0650993562839994
conditional-fit-0009,axis2_legal,771,0.035873915613645065
conditional-fit-0009,axis2_legal,772,0.002841816759020184
conditional-fit-0009,axis2_legal,773,0.005684284920597758
conditional-fit-0009,axis2_legal,774,0.0011850110228036278
conditional-fit-0009,axis2_legal,775,0.0020503637599370572
conditional-fit-0009,axis2_legal,776,0.09124440477881021
conditional-fit-0009,axis2_legal,777,0.003532651453784881
conditional-fit-0009,axis2_legal,778,0.003283662881628701
conditional-fit-0009,axis2_legal,779,0.007238888431297587
conditional-fit-0009,axis2_legal,780,0.015078457308270253
conditional-fit-0009,axis2_legal,781,0.034036203320904346
conditional-fit-0009,axis2_legal,782,0.01876343732895392
conditional-fit-0009,axis2_legal,783,0.04206926889158383
conditional-fit-0009,axis2_legal,784,0.026211150433550198
conditional-fit-0009,axis2_legal,785,0.060094145525136464
conditional-fit-0009,axis2_legal,786,0.0033405816391252805
conditional-fit-0009,axis2_legal,787,0.016691675436260617
conditional-fit-0009,axis2_legal,788,0.0030434349866715195
conditional-fit-0009,axis2_legal,789,0.0009166628744360751
conditional-fit-0009,axis2_legal,790,0.0028597303877281105
conditional-fit-0009,axis2_legal,791,0.0007999194495080806
conditional-fit-0009,axis2_legal,792,0.031099938229113055
conditional-fit-0009,axis2_legal,793,0.0009807060635102518
conditional-fit-0009,axis2_legal,794,0.0012941972608964574
conditional-fit-0009,axis2_legal,795,0.03812634558459593
conditional-fit-0009,axis2_legal,796,0.015221840980751387
conditional-fit-0009,axis2_legal,797,0.03723462778004669
conditional-fit-0009,axis2_legal,798,0.013481992965119509
conditional-fit-0009,axis2_legal,799,0.22366823510933642
conditional-fit-0009,axis2_legal,800,0.018492624861486437
conditional-fit-0009,axis2_legal,801,0.0034574491059712682
conditional-fit-0009,axis2_legal,802,0.047943698222492816
conditional-fit-0009,axis2_legal,803,0.007384034572329912
conditional-fit-0009,axis2_legal,804,0.041823702840883006
conditional-fit-0009,axis2_legal,805,0.0067353563878162145
conditional-fit-0009,axis2_legal,806,0.004363193381039486
conditional-fit-0009,axis2_legal,807,0.010099251063000294
conditional-fit-0009,axis2_legal,808,0.010788410860068424
conditional-fit-0009,axis2_legal,809,0.04292815689071526
conditional-fit-0009,axis2_legal,810,0.014476854121972249
conditional-fit-0009,axis2_legal,811,0.03706530685874008
conditional-fit-0009,axis2_legal,812,0.03423634696847806
conditional-fit-0009,axis2_legal,813,0.0001530927232887347
conditional-fit-0009,axis2_legal,814,0.02990797789694607
conditional-fit-0009,axis2_legal,815,0.027560488375939177
conditional-fit-0009,axis2_legal,816,0.03703143986860372
conditional-fit-0009,axis2_legal,817,0.0005462166165080788
conditional-fit-0009,axis2_legal,818,0.002531544001653204
conditional-fit-0009,axis2_legal,819,0.029483430895193966
conditional-fit-0009,axis2_legal,820,0.02178000787319305
conditional-fit-0009,axis2_legal,821,0.017138200048070734
conditional-fit-0009,axis2_legal,822,0.00022009291473497258
conditional-fit-0009,axis2_legal,823,0.010135634950909656
conditional-fit-0009,axis2_legal,824,0.018634100772098525
conditional-fit-0009,axis2_legal,825,0.037203229522699166
conditional-fit-0009,axis2_legal,826,0.003652564908016796
conditional-fit-0009,axis2_legal,827,0.03939209659946361
conditional-fit-0009,axis2_legal,828,0.016116448759845522
conditional-fit-0009,axis2_legal,829,0.004179754505625753
conditional-fit-0009,axis2_legal,830,0.007984473949964852
conditional-fit-0009,axis2_legal,831,0.005574433417634158
conditional-fit-0009,axis2_legal,832,0.00034966072217097207
conditional-fit-0009,axis2_legal,833,0.0001841561351779612
conditional-fit-0009,axis2_legal,834,0.002364597006631048
conditional-fit-0009,axis2_legal,835,0.00017756438201432047
conditional-fit-0009,axis2_legal,836,0.001971605198859665
conditional-fit-0009,axis2_legal,837,0.006079885013910564
conditional-fit-0009,axis2_legal,838,0.0037830383764537873
conditional-fit-0009,axis2_legal,839,0.0010860751981261161
conditional-fit-0009,axis2_legal,840,0.0011501716087342492
conditional-fit-0009,axis2_legal,841,0.001748324034446105
conditional-fit-0009,axis2_legal,842,0.0008039295695993955
conditional-fit-0009,axis2_legal,843,0.0011687163236922052
conditional-fit-0009,axis2_legal,844,0.0005561712935146167
conditional-fit-0009,axis2_legal,845,0.00036270524954189627
conditional-fit-0009,axis2_legal,846,0.0032534854902520663
conditional-fit-0009,axis2_legal,847,0.004940169426657601
conditional-fit-0009,axis2_legal,848,0.002363738428248352
conditional-fit-0009,axis2_legal,849,0.0030529088668386326
conditional-fit-0009,axis2_legal,850,0.003014286388872847
conditional-fit-0009,axis2_legal,851,0.0014062864562419913
conditional-fit-0009,axis2_legal,852,0.0018152840986947823
conditional-fit-0009,axis2_legal,853,0.0026137878581168443
conditional-fit-0009,axis2_legal,854,0.0014443195505775249
conditional-fit-0009,axis2_legal,855,0.00018890678777459192
conditional-fit-0009,axis2_legal,856,0.00018454425362637945
conditional-fit-0009,axis2_legal,857,0.00022430196535231652
conditional-fit-0009,axis2_legal,858,0.04485097521843629
conditional-fit-0009,axis2_legal,859,0.03481592638063656
conditional-fit-0009,axis2_legal,860,0.0018807216726358144
conditional-fit-0009,axis2_legal,861,0.0012148927429002751
conditional-fit-0009,axis2_legal,862,0.00017431292009782118
conditional-fit-0009,axis2_legal,863,0.00405960911385771
conditional-fit-0009,axis2_legal,864,0.00020038468733391446
conditional-fit-0009,axis2_legal,865,0.0009901855682091067
conditional-fit-0009,axis2_legal,866,0.0008180038306642779
conditional-fit-0009,axis2_legal,867,0.0011263626725681322
conditional-fit-0009,axis2_legal,868,0.004718954419341304
conditional-fit-0009,axis2_legal,869,0.012862891065651227
conditional-fit-0009,axis2_legal,870,0.05593246335283885
conditional-fit-0009,axis2_legal,871,0.06549688575936466
conditional-fit-0009,axis2_legal,872,0.02240459457629774
conditional-fit-0009,axis2_legal,873,0.07054955957849487
conditional-fit-0009,axis2_legal,874,0.05085296872323757
conditional-fit-0009,axis2_legal,875,0.011107816252301991
conditional-fit-0009,axis2_legal,876,0.11455671758619312
conditional-fit-0009,axis2_legal,877,0.04280054366375831
conditional-fit-0009,axis2_legal,878,0.07276549400357493
conditional-fit-0009,axis2_legal,879,0.4578305731874801
conditional-fit-0009,axis2_legal,880,0.1286958241756121
conditional-fit-0009,axis2_legal,881,0.17499551070279323
conditional-fit-0009,axis2_legal,882,0.042344328044972845
conditional-fit-0009,axis2_legal,883,0.03651995910701733
conditional-fit-0009,axis2_legal,884,0.09158876492489808
conditional-fit-0009,axis2_legal,885,0.008843076161988076
conditional-fit-0009,axis2_legal,886,0.03768319911447743
conditional-fit-0009,axis2_legal,887,0.0007461058167767263
conditional-fit-0009,axis2_legal,888,0.004898526222075962
conditional-fit-0009,axis2_legal,889,0.04938791024254795
conditional-fit-0009,axis2_legal,890,0.036156997031711186
conditional-fit-0009,axis2_legal,891,0.04331118970278101
conditional-fit-0009,axis2_legal,892,0.01243915815723955
conditional-fit-0009,axis2_legal,893,0.13391484599996697
conditional-fit-0009,axis2_legal,894,0.0017236208989052557
conditional-fit-0009,axis2_legal,895,0.002361208214925998
conditional-fit-0009,axis2_legal,896,0.02397100239595286
conditional-fit-0009,axis2_legal,897,0.002863333316011122
conditional-fit-0009,axis2_legal,898,0.010403377248065697
conditional-fit-0009,axis2_legal,899,0.05590256839417587
conditional-fit-0009,axis2_legal,900,0.004376682818225246
conditional-fit-0009,axis2_legal,901,0.05682999724381532
conditional-fit-0009,axis2_legal,902,0.059560481020069264
conditional-fit-0009,axis2_legal,903,0.023626983273667954
conditional-fit-0009,axis2_legal,904,0.0009693101699124861
conditional-fit-0009,axis2_legal,905,0.045324349706319864
conditional-fit-0009,axis2_legal,906,0.03400889895019942
conditional-fit-0009,axis2_legal,907,0.1496573201543163
conditional-fit-0009,axis2_legal,908,0.009030200015073552
conditional-fit-0009,axis2_legal,909,0.034359587117374184
conditional-fit-0009,axis2_legal,910,0.04429721557134887
conditional-fit-0009,axis2_legal,911,0.04246466675632865
conditional-fit-0009,axis2_legal,912,0.03251782908533668
conditional-fit-0009,axis2_legal,913,0.05132984678538169
conditional-fit-0009,axis2_legal,914,0.01320729759304027
conditional-fit-0009,axis2_legal,915,0.06903189918705704
conditional-fit-0009,axis2_legal,916,0.002543230419028982
conditional-fit-0009,axis2_legal,917,0.03227491247573015
conditional-fit-0009,axis2_legal,918,0.06320544637772689
conditional-fit-0009,axis2_legal,919,0.0539992359808162
conditional-fit-0009,axis2_legal,920,0.07539908303877105
conditional-fit-0009,axis2_legal,921,0.03455275460361994
conditional-fit-0009,axis2_legal,922,0.004739359943121686
conditional-fit-0009,axis2_legal,923,0.004329594969453017
conditional-fit-0009,axis2_legal,924,0.07635472291382658
conditional-fit-0009,axis2_legal,925,0.043870710976976084
conditional-fit-0009,axis2_legal,926,0.09787718835291184
conditional-fit-0009,axis2_legal,927,0.0072016954080982255
conditional-fit-0009,axis2_legal,928,0.09736683839165983
conditional-fit-0009,axis2_legal,929,0.05769551131425636
conditional-fit-0009,axis2_legal,930,0.00036948963926945896
conditional-fit-0009,axis2_legal,931,0.0003761984713405029
conditional-fit-0009,axis2_legal,932,0.0029065740385666268
conditional-fit-0009,axis2_legal,933,0.07756327072932985
conditional-fit-0009,axis2_legal,934,0.0806087194695508
conditional-fit-0009,axis2_legal,935,0.052008312375082105
conditional-fit-0009,axis2_legal,936,0.09723150961758284
conditional-fit-0009,axis2_legal,937,0.06330541450750651
conditional-fit-0009,axis2_legal,938,0.14320836605288104
conditional-fit-0009,axis2_legal,939,0.07955274645820352
conditional-fit-0009,axis2_legal,940,0.0047415422165036115
conditional-fit-0009,axis2_legal,941,0.008026933808774603
conditional-fit-0009,axis2_legal,942,0.046190737715670616
conditional-fit-0009,axis2_legal,943,0.014824745121824877
conditional-fit-0009,axis2_legal,944,0.07585619461032025
conditional-fit-0009,axis2_legal,945,0.1013568519297951
conditional-fit-0009,axis2_legal,946,0.00600999133841916
conditional-fit-0009,axis2_legal,947,0.025525542675703346
conditional-fit-0009,axis2_legal,948,0.00538929939745407
conditional-fit-0009,axis2_legal,949,0.039964506647301876
conditional-fit-0009,axis2_legal,950,0.0845492227652801
conditional-fit-0009,axis2_legal,951,0.004821619137934585
conditional-fit-0009,axis2_legal,952,0.00588800837717199
conditional-fit-0009,axis2_legal,953,0.031015253053587474
conditional-fit-0009,axis2_legal,954,0.024634482538882313
conditional-fit-0009,axis2_legal,955,0.020306691057814182
conditional-fit-0009,axis2_legal,956,0.13483726240469324
conditional-fit-0009,axis2_legal,957,0.010583496391730236
conditional-fit-0009,axis2_legal,958,0.02730358441253389
conditional-fit-0009,axis2_legal,959,0.044487502465427334
conditional-fit-0009,axis2_legal,960,0.00037881230682902905
conditional-fit-0009,axis2_legal,961,0.036227791327261054
conditional-fit-0009,axis2_legal,962,0.06749259446878349
conditional-fit-0009,axis2_legal,963,0.13903349238174242
conditional-fit-0009,axis2_legal,964,0.06002265555021773
conditional-fit-0009,axis2_legal,965,0.026497222049771067
conditional-fit-0009,axis2_legal,966,0.02610651900546684
conditional-fit-0009,axis2_legal,967,0.053227515510308986
conditional-fit-0009,axis2_legal,968,0.00376834042397503
conditional-fit-0009,axis2_legal,969,0.012134360464384264
conditional-fit-0009,axis2_legal,970,0.07812409531349836
conditional-fit-0009,axis2_legal,971,0.015622389590325948
conditional-fit-0009,axis2_legal,972,0.11623682059533705
conditional-fit-0009,axis2_legal,973,0.02086560337894853
conditional-fit-0009,axis2_legal,974,0.029897684234927942
conditional-fit-0009,axis2_legal,975,0.231482319017964
conditional-fit-0009,axis2_legal,976,0.04247750093483484
conditional-fit-0009,axis2_legal,977,0.07494507081593893
conditional-fit-0009,axis2_legal,978,0.025422253145963705
conditional-fit-0009,axis2_legal,979,0.0004249852685511764
conditional-fit-0009,axis2_legal,980,0.09209289635628451
conditional-fit-0009,axis2_legal,981,0.037397876317251284
conditional-fit-0009,axis2_legal,982,0.10210970864159714
conditional-fit-0009,axis2_legal,983,0.03779569555186006
conditional-fit-0009,axis2_legal,984,0.0270890438239219
conditional-fit-0009,axis2_legal,985,0.01347097709626549
conditional-fit-0009,axis2_legal,986,0.021495293700247626
conditional-fit-0009,axis2_legal,987,0.0012292674257738344
conditional-fit-0009,axis2_legal,988,0.0006512443692971593
conditional-fit-0009,axis2_legal,989,0.00035664468937851525
conditional-fit-0009,axis2_legal,990,0.047028444686687244
conditional-fit-0009,axis2_legal,991,0.01077388261657829
conditional-fit-0009,axis2_legal,992,0.05385496361422154
conditional-fit-0009,axis2_legal,993,6.84686013938087e-05
conditional-fit-0009,axis2_legal,994,0.08052225640730538
conditional-fit-0009,axis2_legal,995,0.022964780869106513
conditional-fit-0009,axis2_legal,996,0.003598275456571507
conditional-fit-0009,axis2_legal,997,0.07180743438848325
conditional-fit-0009,axis2_legal,998,6.034174157483555e-05
conditional-fit-0009,axis2_legal,999,0.027242695057678692
conditional-fit-0009,axis2_legal,1000,0.14550021020346146
conditional-fit-0009,axis2_legal,1001,0.0019153328214115673
conditional-fit-0009,axis2_legal,1002,0.0942384430172027
conditional-fit-0009,axis2_legal,1003,0.05509629369462963
conditional-fit-0009,axis2_legal,1004,0.07772619334289273
conditional-fit-0009,axis2_legal,1005,0.043444723058102874
conditional-fit-0009,axis2_legal,1006,0.05918588143647441
conditional-fit-0009,axis2_legal,1007,0.04276012496016502
conditional-fit-0009,axis2_legal,1008,0.0759743386556766
conditional-fit-0009,axis2_legal,1009,0.009357847002910893
conditional-fit-0009,axis2_legal,1010,0.049114336774447986
conditional-fit-0009,axis2_legal,1011,0.0017201559887909709
conditional-fit-0009,axis2_legal,1012,0.0136474270823393
conditional-fit-0009,axis2_legal,1013,0.09288348089141509
conditional-fit-0009,axis2_legal,1014,0.017370488629127805
conditional-fit-0009,axis2_legal,1015,0.0039155384155204614
conditional-fit-0009,axis2_legal,1016,0.002857011853220466
conditional-fit-0009,axis2_legal,1017,0.000609536892771216
conditional-fit-0009,axis2_legal,1018,0.025454118189128523
conditional-fit-0009,axis2_legal,1019,0.10951593920140834
conditional-fit-0009,axis2_legal,1020,0.01587153873428784
conditional-fit-0009,axis2_legal,1021,0.01743226211873577
conditional-fit-0009,axis2_legal,1022,0.052503234258835685
conditional-fit-0009,axis2_legal,1023,0.034977002311073035
conditional-fit-0009,axis2_legal,1024,0.13651884289199237
conditional-fit-0009,axis2_legal,1025,0.0029100992768009864
conditional-fit-0009,axis2_legal,1026,0.009487003326177058
conditional-fit-0009,axis2_legal,1027,0.08979323520116173
conditional-fit-0009,axis2_legal,1028,0.0703890663277096
conditional-fit-0009,axis2_legal,1029,0.0034579045790264894
conditional-fit-0009,axis2_legal,1030,0.03474348364947322
conditional-fit-0009,axis2_legal,1031,0.0011341394862714113
conditional-fit-0009,axis2_legal,1032,0.0002225781762985274
conditional-fit-0009,axis2_legal,1033,0.002930260976364637
conditional-fit-0009,axis2_legal,1034,0.04713602665417972
conditional-fit-0009,axis2_legal,1035,0.044476823280109185
conditional-fit-0009,axis2_legal,1036,0.0009009639085306854
conditional-fit-0009,axis2_legal,1037,0.005366268294305651
conditional-fit-0009,axis2_legal,1038,0.0020580881521309485
conditional-fit-0009,axis2_legal,1039,0.000615336965235284
conditional-fit-0009,axis2_legal,1040,0.0001482022483999593
conditional-fit-0009,axis2_legal,1041,0.0003415574834495389
conditional-fit-0009,axis2_legal,1042,1.1290787301608254e-05
conditional-fit-0009,axis2_legal,1043,0.0018960572742960622
conditional-fit-0009,axis2_legal,1044,0.006741265245810989
conditional-fit-0009,axis2_legal,1045,0.006974424673518199
conditional-fit-0009,axis2_legal,1046,0.002790008245972785
conditional-fit-0009,axis2_legal,1047,0.0010585298837911556
conditional-fit-0009,axis2_legal,1048,0.0006940365820044621
conditional-fit-0009,axis2_legal,1049,0.12419132308124223
conditional-fit-0009,axis2_legal,1050,0.09654351958079582
conditional-fit-0009,axis2_legal,1051,0.00048163613195292213
conditional-fit-0009,axis2_legal,1052,0.00543018026376912
conditional-fit-0009,axis2_legal,1053,0.008893927867104636
conditional-fit-0009,axis2_legal,1054,0.0001420271704930416
conditional-fit-0009,axis2_legal,1055,0.0006160116340476354
conditional-fit-0009,axis2_legal,1056,0.08804672792088046
conditional-fit-0009,axis2_legal,1057,0.00882282901503916
conditional-fit-0009,axis2_legal,1058,0.004099470649649653
conditional-fit-0009,axis2_legal,1059,0.006908445631789415
conditional-fit-0009,axis2_legal,1060,0.034441804270739285
conditional-fit-0009,axis2_legal,1061,0.035012126005445274
conditional-fit-0009,axis2_legal,1062,0.09684482182297557
conditional-fit-0009,axis2_legal,1063,0.09085518782162944
conditional-fit-0009,axis2_legal,1064,0.021194371382492763
conditional-fit-0009,axis2_legal,1065,0.03948011808951459
conditional-fit-0009,axis2_legal,1066,0.00039303149631439243
conditional-fit-0009,axis2_legal,1067,0.020174944573061897
conditional-fit-0009,axis2_legal,1068,0.018737862485861213
conditional-fit-0009,axis2_legal,1069,0.0036461323509602954
conditional-fit-0009,axis2_legal,1070,0.005674681157735414
conditional-fit-0009,axis2_legal,1071,0.10961780687920009
conditional-fit-0009,axis2_legal,1072,0.0014296064860360612
conditional-fit-0009,axis2_legal,1073,0.017485317667578625
conditional-fit-0009,axis2_legal,1074,0.00011328867913231263
conditional-fit-0009,axis2_legal,1075,0.0025679879444075217
conditional-fit-0009,axis2_legal,1076,0.000584385319018384
conditional-fit-0009,axis2_legal,1077,0.035054394608341186
conditional-fit-0009,axis2_legal,1078,0.021811376041262553
conditional-fit-0009,axis2_legal,1079,0.07284630662665321
conditional-fit-0009,axis2_legal,1080,0.6397138161461648
conditional-fit-0009,axis2_legal,1081,0.36638345191676697
conditional-fit-0009,axis2_legal,1082,3.28324032432512
conditional-fit-0009,axis2_legal,1083,0.004258599921904966
conditional-fit-0009,axis2_legal,1084,0.03745291963716377
conditional-fit-0009,axis2_legal,1085,0.026792755967863676
conditional-fit-0009,axis2_legal,1086,0.06732063190650309
conditional-fit-0009,axis2_legal,1087,0.00036204655832451166
conditional-fit-0009,axis2_legal,1088,0.26980489112125733
conditional-fit-0009,axis2_legal,1089,0.016290308501681058
conditional-fit-0009,axis2_legal,1090,0.000493304792332496
conditional-fit-0009,axis2_legal,1091,0.5958519023635858
conditional-fit-0009,axis2_legal,1092,0.1711175521055434
conditional-fit-0009,axis2_legal,1093,0.34140721163578497
conditional-fit-0009,axis2_legal,1094,0.0002951831396243526
conditional-fit-0009,axis2_legal,1095,5.758807967267511e-06
conditional-fit-0009,axis2_legal,1096,8.556168166214152e-05
conditional-fit-0009,axis2_legal,1097,0.00030581877569210974
conditional-fit-0009,axis2_legal,1098,0.042449897428099015
conditional-fit-0009,axis2_legal,1099,0.22098455824586258
conditional-fit-0009,axis2_legal,1100,0.002183455834575727
conditional-fit-0009,axis2_legal,1101,0.09430338436111313
conditional-fit-0009,axis2_legal,1102,0.00044156179408359796
conditional-fit-0009,axis2_legal,1103,0.03788763226648893
conditional-fit-0009,axis2_legal,1104,0.13809262490860683
conditional-fit-0009,axis2_legal,1105,0.016764281533377078
conditional-fit-0009,axis2_legal,1106,0.00010344019496513212
conditional-fit-0009,axis2_legal,1107,0.00010148270594012438
conditional-fit-0009,axis2_legal,1108,0.04373848230927754
conditional-fit-0009,axis2_legal,1109,0.5806376106102962
conditional-fit-0009,axis2_legal,1110,0.00238507765317152
conditional-fit-0009,axis2_legal,1111,0.00026436682258057184
conditional-fit-0009,axis2_legal,1112,0.010514483922386072
conditional-fit-0009,axis2_legal,1113,0.07544283169837784
conditional-fit-0009,axis2_legal,1114,0.019986022934830067
conditional-fit-0009,axis2_legal,1115,0.012989707513879286
conditional-fit-0009,axis2_legal,1116,0.0021091686200473466
conditional-fit-0009,axis2_legal,1117,0.005104208517279321
conditional-fit-0009,axis2_legal,1118,0.020356763381822573
conditional-fit-0009,axis2_legal,1119,0.01250733671163538
conditional-fit-0009,axis2_legal,1120,0.0015352970338383901
conditional-fit-0009,axis2_legal,1121,0.0018235572260042552
conditional-fit-0009,axis2_legal,1122,9.19659609614047e-05
conditional-fit-0009,axis2_legal,1123,0.00025092757939257127
conditional-fit-0009,axis2_legal,1124,0.0003912175858914034
conditional-fit-0009,axis2_legal,1125,2.080441624203697e-05
conditional-fit-0009,axis2_legal,1126,0.04351535318770327
conditional-fit-0009,axis2_legal,1127,0.01701214366638063
conditional-fit-0009,axis2_legal,1128,0.010574711643349478
conditional-fit-0009,axis2_legal,1129,0.0149728327320849
conditional-fit-0009,axis2_legal,1130,0.0009437604062478465
conditional-fit-0009,axis2_legal,1131,0.12794797980821862
conditional-fit-0009,axis2_legal,1132,0.0017647993307301657
conditional-fit-0009,axis2_legal,1133,0.0003994454053005245
conditional-fit-0009,axis2_legal,1134,0.7835208845043423
conditional-fit-0009,axis2_legal,1135,0.0032555181480952503
conditional-fit-0009,axis2_legal,1136,0.0002435460502169398
conditional-fit-0009,axis2_legal,1137,0.059538746033764495
conditional-fit-0009,axis2_legal,1138,0.00015082681100519232
conditional-fit-0009,axis2_legal,1139,0.0009052822327466546
conditional-fit-0009,axis2_legal,1140,0.00023924114526813266
conditional-fit-0009,axis2_legal,1141,0.00015499915209275547
conditional-fit-0009,axis2_legal,1142,0.00018283238007223122
conditional-fit-0009,axis2_legal,1143,0.00021343146688187494
conditional-fit-0009,axis2_legal,1144,0.004798757592386342
conditional-fit-0009,axis2_legal,1145,0.44652776992697174
conditional-fit-0009,axis2_legal,1146,0.003392609114355535
conditional-fit-0009,axis2_legal,1147,0.00011207340028490548
conditional-fit-0009,axis2_legal,1148,2.87774203092399e-05
conditional-fit-0009,axis2_legal,1149,0.031701654122257866
conditional-fit-0009,axis2_legal,1150,0.0014232952005372832
conditional-fit-0009,axis2_legal,1151,0.0003412196848842368
conditional-fit-0009,axis2_legal,1152,0.0008011903715537114
conditional-fit-0009,axis2_legal,1153,0.34063167407289524
conditional-fit-0009,axis2_legal,1154,0.00038027238224981017
conditional-fit-0009,axis2_legal,1155,0.0007637088817202859
conditional-fit-0009,axis2_legal,1156,0.007631216765816323
conditional-fit-0009,axis2_legal,1157,0.03084893900074244
conditional-fit-0009,axis2_legal,1158,0.03417015633493445
conditional-fit-0009,axis2_legal,1159,0.008819935612705592
conditional-fit-0009,axis2_legal,1160,0.07094242834491991
conditional-fit-0009,axis2_legal,1161,0.0047782933247671276
conditional-fit-0009,axis2_legal,1162,0.06960882969640377
conditional-fit-0009,axis2_legal,1163,0.009241533572516787
conditional-fit-0009,axis2_legal,1164,0.0324365586514667
conditional-fit-0009,axis2_legal,1165,0.024575460402621045
conditional-fit-0009,axis2_legal,1166,0.00046960185292636
conditional-fit-0009,axis2_legal,1167,0.039672693416188204
conditional-fit-0009,axis2_legal,1168,0.02071615348218562
conditional-fit-0009,axis2_legal,1169,0.0211398621830583
conditional-fit-0009,axis2_legal,1170,0.008522571087491132
conditional-fit-0009,axis2_legal,1171,0.002018184914869043
conditional-fit-0009,axis2_legal,1172,0.0069519895250474435
conditional-fit-0009,axis2_legal,1173,0.018126010877820044
conditional-fit-0009,axis2_legal,1174,0.0706405806232429
conditional-fit-0009,axis2_legal,1175,0.00015173510997619334
conditional-fit-0009,axis2_legal,1176,0.008495182365474953
conditional-fit-0009,axis2_legal,1177,0.031821329148902344
conditional-fit-0009,axis2_legal,1178,0.0015750667931288126
conditional-fit-0009,axis2_legal,1179,0.04505992932804519
conditional-fit-0009,axis2_legal,1180,0.006904219189975597
conditional-fit-0009,axis2_legal,1181,0.006420738548561263
conditional-fit-0009,axis2_legal,1182,0.024964672333401564
conditional-fit-0009,axis2_legal,1183,0.0007518529438282388
conditional-fit-0009,axis2_legal,1184,0.035661927917909966
conditional-fit-0009,axis2_legal,1185,0.08769907625176813
conditional-fit-0009,axis2_legal,1186,0.17532415352557432
conditional-fit-0009,axis2_legal,1187,0.02939317215669278
conditional-fit-0009,axis2_legal,1188,0.037023054622767504
conditional-fit-0009,axis2_legal,1189,0.03939325724850719
conditional-fit-0009,axis2_legal,1190,0.010130204630926832
conditional-fit-0009,axis2_legal,1191,0.017089917556545015
conditional-fit-0009,axis2_legal,1192,0.0021438583370316936
conditional-fit-0009,axis2_legal,1193,0.009488574191938465
conditional-fit-0009,axis2_legal,1194,0.003148628896713768
conditional-fit-0009,axis2_legal,1195,0.01713892515686096
conditional-fit-0009,axis2_legal,1196,0.016075882206226595
conditional-fit-0009,axis2_legal,1197,0.13761719393543542
conditional-fit-0009,axis2_legal,1198,0.008213315785789651
conditional-fit-0009,axis2_legal,1199,3.951243839443147e-05
conditional-fit-0009,axis2_legal,1200,0.0013068078681365768
conditional-fit-0009,axis2_legal,1201,2.074178828358058e-06
conditional-fit-0009,axis2_legal,1202,0.00011684801805052923
conditional-fit-0009,axis2_legal,1203,0.13054365605004356
conditional-fit-0009,axis2_legal,1204,0.0018762948552632844
conditional-fit-0009,axis2_legal,1205,0.0014163609156219198
conditional-fit-0009,axis2_legal,1206,0.043358837610235706
conditional-fit-0009,axis2_legal,1207,0.010140160757713568
conditional-fit-0009,axis2_legal,1208,6.736157205482408e-05
conditional-fit-0009,axis2_legal,1209,0.002434967875118167
conditional-fit-0009,axis2_legal,1210,0.00015825690205099882
conditional-fit-0009,axis2_legal,1211,0.00555987048978943
conditional-fit-0009,axis2_legal,1212,0.03275101121107699
conditional-fit-0009,axis2_legal,1213,0.054095314183889576
conditional-fit-0009,axis2_legal,1214,0.01175214504844672
conditional-fit-0009,axis2_legal,1215,0.018348227065126222
conditional-fit-0009,axis2_legal,1216,0.01174736984383377
conditional-fit-0009,axis2_legal,1217,0.002372377242920663
conditional-fit-0009,axis2_legal,1218,0.01949561339951919
conditional-fit-0009,axis2_legal,1219,0.0007919534763756514
conditional-fit-0009,axis2_legal,1220,0.005549780873551034
conditional-fit-0009,axis2_legal,1221,0.017333098591541345
conditional-fit-0009,axis2_legal,1222,0.014890055501419188
conditional-fit-0009,axis2_legal,1223,0.00016558519476093684
conditional-fit-0009,axis2_legal,1224,0.020957807420812276
conditional-fit-0009,axis2_legal,1225,0.0199750394260943
conditional-fit-0009,axis2_legal,1226,0.01306452724205133
conditional-fit-0009,axis2_legal,1227,0.022646752753577807
conditional-fit-0009,axis2_legal,1228,0.03642395668224758
conditional-fit-0009,axis2_legal,1229,1.4594434578043323e-05
conditional-fit-0009,axis2_legal,1230,2.278504778176208e-05
conditional-fit-0009,axis2_legal,1231,0.008720391760238597
conditional-fit-0009,axis2_legal,1232,0.015065002818991972
conditional-fit-0009,axis2_legal,1233,4.5790123653938624e-05
conditional-fit-0009,axis2_legal,1234,0.031655546931746256
conditional-fit-0009,axis2_legal,1235,0.03254791277769317
conditional-fit-0009,axis2_legal,1236,0.007089802372315274
conditional-fit-0009,axis2_legal,1237,0.014061328126977083
conditional-fit-0009,axis2_legal,1238,0.023842306729658494
conditional-fit-0009,axis2_legal,1239,0.05176429255628634
conditional-fit-0009,axis2_legal,1240,0.03971767418163242
conditional-fit-0009,axis2_legal,1241,0.019637085525891725
conditional-fit-0009,axis2_legal,1242,0.02948352651013103
conditional-fit-0009,axis2_legal,1243,0.03801560486126531
conditional-fit-0009,axis2_legal,1244,0.03864436487823966
conditional-fit-0009,axis2_legal,1245,0.04390657820941948
conditional-fit-0009,axis2_legal,1246,5.79306221787831e-05
conditional-fit-0009,axis2_legal,1247,0.016453814920623543
conditional-fit-0009,axis2_legal,1248,0.04688873327769054
conditional-fit-0009,axis2_legal,1249,3.987115956341321e-05
conditional-fit-0009,axis2_legal,1250,0.06362308979237173
conditional-fit-0009,axis2_legal,1251,0.012620069089570227
conditional-fit-0009,axis2_legal,1252,0.029016008246755057
conditional-fit-0009,axis2_legal,1253,0.03194896065076856
conditional-fit-0009,axis2_legal,1254,0.011731306602363562
conditional-fit-0009,axis2_legal,1255,0.004742610627442754
conditional-fit-0009,axis2_legal,1256,0.027464980805346866
conditional-fit-0009,axis2_legal,1257,8.36827466956126e-05
conditional-fit-0009,axis2_legal,1258,0.00015483989419852386
conditional-fit-0009,axis2_legal,1259,9.636640938630303e-05
conditional-fit-0009,axis2_legal,1260,0.0029965848607336515
conditional-fit-0009,axis2_legal,1261,0.0002506600178287701
conditional-fit-0009,axis2_legal,1262,0.043837427984172644
conditional-fit-0009,axis2_legal,1263,0.006956225596970914
conditional-fit-0009,axis2_legal,1264,0.008786207327167953
conditional-fit-0009,axis2_legal,1265,0.015411021683088935
conditional-fit-0009,axis2_legal,1266,0.019322101395805764
conditional-fit-0009,axis2_legal,1267,0.017473075459309945
conditional-fit-0009,axis2_legal,1268,0.012081477968238871
conditional-fit-0009,axis2_legal,1269,0.039690171392238495
conditional-fit-0009,axis2_legal,1270,0.013602077316613535
conditional-fit-0009,axis2_legal,1271,0.029411085029939082
conditional-fit-0009,axis2_legal,1272,0.009719102700939761
conditional-fit-0009,axis2_legal,1273,0.014299484694607248
conditional-fit-0009,axis2_legal,1274,0.029790867104764415
conditional-fit-0009,axis2_legal,1275,0.014029254680549082
conditional-fit-0009,axis2_legal,1276,0.027243235714591182
conditional-fit-0009,axis2_legal,1277,0.003624879190742926
conditional-fit-0009,axis2_legal,1278,0.0003917773404883791
conditional-fit-0009,axis2_legal,1279,0.0995544465007912
conditional-fit-0009,axis2_legal,1280,0.11554537079932464
conditional-fit-0009,axis2_legal,1281,0.02972135738815196
conditional-fit-0009,axis2_legal,1282,0.00011413016383684957
conditional-fit-0009,axis2_legal,1283,0.01628790785271922
conditional-fit-0009,axis2_legal,1284,0.04530249889275231
conditional-fit-0009,axis2_legal,1285,0.008375456277045407
conditional-fit-0009,axis2_legal,1286,0.015981271493189703
conditional-fit-0009,axis2_legal,1287,0.06811519739179939
conditional-fit-0009,axis2_legal,1288,0.05643778490679044
conditional-fit-0009,axis2_legal,1289,0.00011239573494080534
conditional-fit-0009,axis2_legal,1290,0.027500806193617302
conditional-fit-0009,axis2_legal,1291,0.02816243298626843
conditional-fit-0009,axis2_legal,1292,0.0007447783384488932
conditional-fit-0009,axis2_legal,1293,0.01704083118283717
conditional-fit-0009,axis2_legal,1294,0.0005324705195124248
conditional-fit-0009,axis2_legal,1295,0.004418022423954412
conditional-fit-0009,axis2_legal,1296,0.009317869161650609
conditional-fit-0009,axis2_legal,1297,0.024375093824002728
conditional-fit-0009,axis2_legal,1298,0.00015187883034835543
conditional-fit-0009,axis2_legal,1299,0.011891762940831158
conditional-fit-0009,axis2_legal,1300,0.0016160488516463443
conditional-fit-0009,axis2_legal,1301,0.02687274571304399
conditional-fit-0009,axis2_legal,1302,0.00397585170949712
conditional-fit-0009,axis2_legal,1303,0.008086141229148542
conditional-fit-0009,axis2_legal,1304,0.027763599108659286
conditional-fit-0009,axis2_legal,1305,0.01672180828900576
conditional-fit-0009,axis2_legal,1306,0.0011050403487436672
conditional-fit-0009,axis2_legal,1307,0.03872612461825545
conditional-fit-0009,axis2_legal,1308,0.023720492487728086
conditional-fit-0009,axis2_legal,1309,0.0014043347862346702
conditional-fit-0009,axis2_legal,1310,0.02799494053064268
conditional-fit-0009,axis2_legal,1311,0.009031862282542432
conditional-fit-0009,axis2_legal,1312,0.009795705952257573
conditional-fit-0009,axis2_legal,1313,0.0028655069866197645
conditional-fit-0009,axis2_legal,1314,0.017377153387356112
conditional-fit-0009,axis2_legal,1315,0.00013875974067952023
conditional-fit-0009,axis2_legal,1316,0.00042102249964318355
conditional-fit-0009,axis2_legal,1317,1.1592615748388978e-05
conditional-fit-0009,axis2_legal,1318,0.0018922832783007384
conditional-fit-0009,axis2_legal,1319,0.029064808211464753
conditional-fit-0009,axis2_legal,1320,0.0016033964236526887
conditional-fit-0009,axis2_legal,1321,0.033916310534943636
conditional-fit-0009,axis2_legal,1322,0.03819363449870793
conditional-fit-0009,axis2_legal,1323,0.043243073308669125
conditional-fit-0009,axis2_legal,1324,0.04175474036039996
conditional-fit-0009,axis2_legal,1325,0.04752865829112503
conditional-fit-0009,axis2_legal,1326,0.012647865363966816
conditional-fit-0009,axis2_legal,1327,0.05526929758466158
conditional-fit-0009,axis2_legal,1328,0.004133469620574861
conditional-fit-0009,axis2_legal,1329,0.052458275818060326
conditional-fit-0009,axis2_legal,1330,0.038005171082320655
conditional-fit-0009,axis2_legal,1331,0.03851371424634302
conditional-fit-0009,axis2_legal,1332,0.0021826003876696002
conditional-fit-0009,axis2_legal,1333,0.0001553819189676379
conditional-fit-0009,axis2_legal,1334,0.007952070997259105
conditional-fit-0009,axis2_legal,1335,0.018975413372893955
conditional-fit-0009,axis2_legal,1336,0.021311536116131482
conditional-fit-0009,axis2_legal,1337,0.03579476837565995
conditional-fit-0009,axis2_legal,1338,0.020957828082007312
conditional-fit-0009,axis2_legal,1339,0.002156005042964845
conditional-fit-0009,axis2_legal,1340,0.02904056958191898
conditional-fit-0009,axis2_legal,1341,0.020276892588434944
conditional-fit-0009,axis2_legal,1342,0.019966666702411484
conditional-fit-0009,axis2_legal,1343,2.3336564389700307e-05
conditional-fit-0009,axis2_legal,1344,0.0014776338872950316
conditional-fit-0009,axis2_legal,1345,0.011211585982847688
conditional-fit-0009,axis2_legal,1346,0.011805379791860963
conditional-fit-0009,axis2_legal,1347,0.030972092927698033
conditional-fit-0009,axis2_legal,1348,0.017663900678124456
conditional-fit-0009,axis2_legal,1349,0.012900677279495648
conditional-fit-0009,axis2_legal,1350,0.014165713906290369
conditional-fit-0009,axis2_legal,1351,0.026009195110606793
conditional-fit-0009,axis2_legal,1352,0.06852698000573132
conditional-fit-0009,axis2_legal,1353,0.07691003741085183
conditional-fit-0009,axis2_legal,1354,0.022173115619804236
conditional-fit-0009,axis2_legal,1355,0.023194406264959604
conditional-fit-0009,axis2_legal,1356,0.032590426897391535
conditional-fit-0009,axis2_legal,1357,0.09460868921235419
conditional-fit-0009,axis2_legal,1358,0.12099566803448028
conditional-fit-0009,axis2_legal,1359,0.046426022131311584
conditional-fit-0009,axis2_legal,1360,0.07033917165310721
conditional-fit-0009,axis2_legal,1361,0.014973860975905858
conditional-fit-0009,axis2_legal,1362,0.0007308487952118546
conditional-fit-0009,axis2_legal,1363,0.01204889603464844
conditional-fit-0009,axis2_legal,1364,0.0010629504310911088
conditional-fit-0009,axis2_legal,1365,0.04849765263419298
conditional-fit-0009,axis2_legal,1366,0.06411632327662328
conditional-fit-0009,axis2_legal,1367,0.07653427245175311
conditional-fit-0009,axis2_legal,1368,0.02676466059241288
conditional-fit-0009,axis2_legal,1369,0.05017290180450497
conditional-fit-0009,axis2_legal,1370,0.041927881025835924
conditional-fit-0009,axis2_legal,1371,0.014463468451554343
conditional-fit-0009,axis2_legal,1372,0.0224887124066837
conditional-fit-0009,axis2_legal,1373,0.05885898848612322
conditional-fit-0009,axis2_legal,1374,0.01360809334595916
conditional-fit-0009,axis2_legal,1375,0.01784762858814519
conditional-fit-0009,axis2_legal,1376,0.012528192164469432
conditional-fit-0009,axis2_legal,1377,0.03667560161160177
conditional-fit-0009,axis2_legal,1378,0.01811153734462697
conditional-fit-0009,axis2_legal,1379,0.03275773727049557
conditional-fit-0009,axis2_legal,1380,0.005024148510013919
conditional-fit-0009,axis2_legal,1381,0.04375564997931911
conditional-fit-0009,axis2_legal,1382,0.052930810954779355
conditional-fit-0009,axis2_legal,1383,0.016981431998029775
conditional-fit-0009,axis2_legal,1384,0.05511512746969178
conditional-fit-0009,axis2_legal,1385,0.021445119980528234
conditional-fit-0009,axis2_legal,1386,0.0035385467524694
conditional-fit-0009,axis2_legal,1387,0.02063757017454142
conditional-fit-0009,axis2_legal,1388,0.0020334904613549427
conditional-fit-0009,axis2_legal,1389,0.020193278294573725
conditional-fit-0009,axis2_legal,1390,0.015169019019701085
conditional-fit-0009,axis2_legal,1391,0.017560722918527387
conditional-fit-0009,axis2_legal,1392,0.021876426429008836
conditional-fit-0009,axis2_legal,1393,0.018744154904114435
conditional-fit-0009,axis2_legal,1394,0.0022043220614695732
conditional-fit-0009,axis2_legal,1395,0.025914402165959305
conditional-fit-0009,axis2_legal,1396,0.0006356699441816595
conditional-fit-0009,axis2_legal,1397,0.022070771666165175
conditional-fit-0009,axis2_legal,1398,0.014587228762189045
conditional-fit-0009,axis2_legal,1399,0.011551414061402962
conditional-fit-0009,axis2_legal,1400,0.0028396117711034664
conditional-fit-0009,axis2_legal,1401,0.06523459270440235
conditional-fit-0009,axis2_legal,1402,0.5821345325679699
conditional-fit-0009,axis2_legal,1403,0.0694045875726933
conditional-fit-0009,axis2_legal,1404,0.08678594830943409
conditional-fit-0009,axis2_legal,1405,0.00017021037029101878
conditional-fit-0009,axis2_legal,1406,0.00013740827346605424
conditional-fit-0009,axis2_legal,1407,0.07020456881233714
conditional-fit-0009,axis2_legal,1408,0.02411025972184699
conditional-fit-0009,axis2_legal,1409,8.366662558749937e-05
conditional-fit-0009,axis2_legal,1410,0.00032550317353170527
conditional-fit-0009,axis2_legal,1411,0.03852368425994346
conditional-fit-0009,axis2_legal,1412,0.0432337188998352
conditional-fit-0009,axis2_legal,1413,0.01815954835394246
conditional-fit-0009,axis2_legal,1414,0.004734352086096629
conditional-fit-0009,axis2_legal,1415,0.08962117052356233
conditional-fit-0009,axis2_legal,1416,0.03307855349975023
conditional-fit-0009,axis2_legal,1417,0.06363348461271545
conditional-fit-0009,axis2_legal,1418,0.01011567008036282
conditional-fit-0009,axis2_legal,1419,0.10398791801636964
conditional-fit-0009,axis2_legal,1420,0.07977288671249272
conditional-fit-0009,axis2_legal,1421,0.004457049200727738
conditional-fit-0009,axis2_legal,1422,0.03584884169695695
conditional-fit-0009,axis2_legal,1423,0.15964179121511576
conditional-fit-0009,axis2_legal,1424,0.046413974576901974
conditional-fit-0009,axis2_legal,1425,0.015158373546822654
conditional-fit-0009,axis2_legal,1426,0.003998803943600509
conditional-fit-0009,axis2_legal,1427,0.020837761113705965
conditional-fit-0009,axis2_legal,1428,0.03720437088472322
conditional-fit-0009,axis2_legal,1429,0.0018458634517349562
conditional-fit-0009,axis2_legal,1430,0.13510659008907858
conditional-fit-0009,axis2_legal,1431,0.00987391057354349
conditional-fit-0009,axis2_legal,1432,0.019018610901740535
conditional-fit-0009,axis2_legal,1433,0.0031916296772949463
conditional-fit-0009,axis2_legal,1434,0.021934418339953667
conditional-fit-0009,axis2_legal,1435,0.051590248731766764
conditional-fit-0009,axis2_legal,1436,0.0012882162538091204
conditional-fit-0009,axis2_legal,1437,0.0016782095733195042
conditional-fit-0009,axis2_legal,1438,0.03007374096655019
conditional-fit-0009,axis2_legal,1439,0.009944818164208436
conditional-fit-0009,axis2_legal,1440,0.030678876777532282
conditional-fit-0009,axis2_legal,1441,0.0014431826095617538
conditional-fit-0009,axis2_legal,1442,0.060301175227402505
conditional-fit-0009,axis2_legal,1443,0.005169231181579682
conditional-fit-0009,axis2_legal,1444,0.013854917304730048
conditional-fit-0009,axis2_legal,1445,0.006259065802107245
conditional-fit-0009,axis2_legal,1446,0.008395138528726184
conditional-fit-0009,axis2_legal,1447,0.0021117633792140907
conditional-fit-0009,axis2_legal,1448,0.010824529492365582
conditional-fit-0009,axis2_legal,1449,0.014477472919378839
conditional-fit-0009,axis2_legal,1450,0.03512773956766468
conditional-fit-0009,axis2_legal,1451,0.10274018109526409
conditional-fit-0009,axis2_legal,1452,0.0028404148038920166
conditional-fit-0009,axis2_legal,1453,0.0003835436436722155
conditional-fit-0009,axis2_legal,1454,0.008831101397940865
conditional-fit-0009,axis2_legal,1455,0.04439799608459478
conditional-fit-0009,axis2_legal,1456,0.00042350574025219875
conditional-fit-0009,axis2_legal,1457,0.0011693740158757922
conditional-fit-0009,axis2_legal,1458,0.00794060853029986
conditional-fit-0009,axis2_legal,1459,0.000857127196930815
conditional-fit-0009,axis2_legal,1460,0.028557141639599673
conditional-fit-0009,axis2_legal,1461,0.016929598342436344
conditional-fit-0009,axis2_legal,1462,7.569274057723222e-05
conditional-fit-0009,axis2_legal,1463,0.00018235418179767397
conditional-fit-0009,axis2_legal,1464,0.0003749134984287901
conditional-fit-0009,axis2_legal,1465,0.0004437628098757024
conditional-fit-0009,axis2_legal,1466,0.010481091376920701
conditional-fit-0009,axis2_legal,1467,0.03679724326987628
conditional-fit-0009,axis2_legal,1468,0.026290448817507563
conditional-fit-0009,axis2_legal,1469,0.05780172184526686
conditional-fit-0009,axis2_legal,1470,0.0005304130288271559
conditional-fit-0009,axis2_legal,1471,0.0007190517996965841
conditional-fit-0009,axis2_legal,1472,0.0008387105520864481
conditional-fit-0009,axis2_legal,1473,3.467554767035464e-05
conditional-fit-0009,axis2_legal,1474,0.0009164275797864048
conditional-fit-0009,axis2_legal,1475,0.053801682125340825
conditional-fit-0009,axis2_legal,1476,0.000297956192920038
conditional-fit-0009,axis2_legal,1477,0.00013149799075486279
conditional-fit-0009,axis2_legal,1478,0.0001268637626078586
conditional-fit-0009,axis2_legal,1479,2.9209557444356718e-05
conditional-fit-0009,axis2_legal,1480,3.0127890018273485e-05
conditional-fit-0009,axis2_legal,1481,0.00231902094957787
conditional-fit-0009,axis2_legal,1482,0.003964736899966246
conditional-fit-0009,axis2_legal,1483,7.22955073714526e-06
conditional-fit-0009,axis2_legal,1484,0.0001116826144118664
conditional-fit-0009,axis2_legal,1485,0.0006889420893172894
conditional-fit-0009,axis2_legal,1486,0.0034810691312416034
conditional-fit-0009,axis2_legal,1487,0.0010702645095502052
conditional-fit-0009,axis2_legal,1488,0.061656492988311704
conditional-fit-0009,axis2_legal,1489,0.002037425008081856
conditional-fit-0009,axis2_legal,1490,0.1177967306743338
conditional-fit-0009,axis2_legal,1491,0.004545265913782251
conditional-fit-0009,axis2_legal,1492,0.0003232317879095135
conditional-fit-0009,axis2_legal,1493,0.009323324140116208
conditional-fit-0009,axis2_legal,1494,0.0004967662106440116
conditional-fit-0009,axis2_legal,1495,0.0057033108101224445
conditional-fit-0009,axis2_legal,1496,3.027387789880908e-05
conditional-fit-0009,axis2_legal,1497,6.191598861393317e-05
conditional-fit-0009,axis2_legal,1498,2.294029657114192e-05
conditional-fit-0009,axis2_legal,1499,0.00011499633860475474
conditional-fit-0009,axis2_legal,1500,0.00326335585617622
conditional-fit-0009,axis2_legal,1501,0.03974222541832532
conditional-fit-0009,axis2_legal,1502,0.04261529798709245
conditional-fit-0009,axis2_legal,1503,0.08838243495647714
conditional-fit-0009,axis2_legal,1504,0.22520681905178025
conditional-fit-0009,axis2_legal,1505,0.030187902383827892
conditional-fit-0009,axis2_legal,1506,0.0015306833938397695
conditional-fit-0009,axis2_legal,1507,1.2477690781565398e-05
conditional-fit-0009,axis2_legal,1508,0.00018373277376086886
conditional-fit-0009,axis2_legal,1509,0.00030788819304663947
conditional-fit-0009,axis2_legal,1510,0.0001738649186947614
conditional-fit-0009,axis2_legal,1511,0.12067915369647708
conditional-fit-0009,axis2_legal,1512,0.04241032539432803
conditional-fit-0009,axis2_legal,1513,0.01748841202661318
conditional-fit-0009,axis2_legal,1514,0.03751141955273267
conditional-fit-0009,axis2_legal,1515,0.0013414891960165124
conditional-fit-0009,axis2_legal,1516,0.21216555165634018
conditional-fit-0009,axis2_legal,1517,0.041890206216024746
conditional-fit-0009,axis2_legal,1518,0.014773353213487252
conditional-fit-0009,axis2_legal,1519,0.0026713596888437523
conditional-fit-0009,axis2_legal,1520,0.11562693151177045
conditional-fit-0009,axis2_legal,1521,0.19427291394449353
conditional-fit-0009,axis2_legal,1522,0.0024013900352712857
conditional-fit-0009,axis2_legal,1523,0.005883366827301338
conditional-fit-0009,axis2_legal,1524,0.004598609311662162
conditional-fit-0009,axis2_legal,1525,0.0057727609755412225
conditional-fit-0009,axis2_legal,1526,0.033374805336066626
conditional-fit-0009,axis2_legal,1527,0.169653318834508
conditional-fit-0009,axis2_legal,1528,0.010866588792815948
conditional-fit-0009,axis2_legal,1529,0.1866475685959102
conditional-fit-0009,axis2_legal,1530,0.0455358844831532
conditional-fit-0009,axis2_legal,1531,0.04850453050424241
conditional-fit-0009,axis2_legal,1532,0.04446254571296686
conditional-fit-0009,axis2_legal,1533,0.2740681123182358
conditional-fit-0009,axis2_legal,1534,0.28226943823280487
conditional-fit-0009,axis2_legal,1535,0.05770953693534647
conditional-fit-0009,axis2_legal,1536,0.0003938292138128464
conditional-fit-0009,axis2_legal,1537,0.002091386075563289
conditional-fit-0009,axis2_legal,1538,0.0005062512586003603
conditional-fit-0009,axis2_legal,1539,0.07981768521601687
conditional-fit-0009,axis2_legal,1540,0.21184173873435452
conditional-fit-0009,axis2_legal,1541,0.09877861191610188
conditional-fit-0009,axis2_legal,1542,0.07374606170339729
conditional-fit-0009,axis2_legal,1543,0.009049608129386353
conditional-fit-0009,axis2_legal,1544,0.0108812936804394
conditional-fit-0009,axis2_legal,1545,0.00015625355319801837
conditional-fit-0009,axis2_legal,1546,0.00018169579118718462
conditional-fit-0009,axis2_legal,1547,0.0008422509062885927
conditional-fit-0009,axis2_legal,1548,0.008166988011765916
conditional-fit-0009,axis2_legal,1549,0.09185245438431157
conditional-fit-0009,axis2_legal,1550,0.0005457342494547268
conditional-fit-0009,axis2_legal,1551,0.014925846246490192
conditional-fit-0009,axis2_legal,1552,0.002509322221418814
conditional-fit-0009,axis2_legal,1553,0.0347232688271153
conditional-fit-0009,axis2_legal,1554,0.00276220371675338
conditional-fit-0009,axis2_legal,1555,0.00048192885029821027
conditional-fit-0009,axis2_legal,1556,0.0019577765543935914
conditional-fit-0009,axis2_legal,1557,0.00613593474181974
conditional-fit-0009,axis2_legal,1558,0.008105735871239006
conditional-fit-0009,axis2_legal,1559,0.051150977242349
conditional-fit-0009,axis2_legal,1560,0.00018984169547965428
conditional-fit-0009,axis2_legal,1561,0.002767176814401068
conditional-fit-0009,axis2_legal,1562,0.0002454247456564829
conditional-fit-0009,axis2_legal,1563,0.005855933753899637
conditional-fit-0009,axis2_legal,1564,0.00011427071353120854
conditional-fit-0009,axis2_legal,1565,0.00010453161322178793
conditional-fit-0009,axis2_legal,1566,0.7215451354880817
conditional-fit-0009,axis2_legal,1567,0.019703939540903326
conditional-fit-0009,axis2_legal,1568,9.119284159920453e-05
conditional-fit-0009,axis2_legal,1569,1.8499186993411187e-05
conditional-fit-0009,axis2_legal,1570,0.004754383786828555
conditional-fit-0009,axis2_legal,1571,0.005219907224318983
conditional-fit-0009,axis2_legal,1572,0.001372730560615934
conditional-fit-0009,axis2_legal,1573,7.970941059213052e-05
conditional-fit-0009,axis2_legal,1574,0.000399002357462405
conditional-fit-0009,axis2_legal,1575,0.17273492244822908
conditional-fit-0009,axis2_legal,1576,4.0534676365298514e-05
conditional-fit-0009,axis2_legal,1577,0.0035739678500694393
conditional-fit-0009,axis2_legal,1578,0.0052201448833379465
conditional-fit-0009,axis2_legal,1579,0.0008334943527195503
conditional-fit-0009,axis2_legal,1580,0.025482936453994725
conditional-fit-0009,axis2_legal,1581,0.0918743825097674
conditional-fit-0009,axis2_legal,1582,0.05946427992708747
conditional-fit-0009,axis2_legal,1583,0.002628269979778424
conditional-fit-0009,axis2_legal,1584,0.00016942393738680634
conditional-fit-0009,axis2_legal,1585,0.003993724623242842
conditional-fit-0009,axis2_legal,1586,0.0005382607598887956
conditional-fit-0009,axis2_legal,1587,0.000486071471571049
conditional-fit-0009,axis2_legal,1588,1.1876016021531872
conditional-fit-0009,axis2_legal,1589,0.030120276710007124
conditional-fit-0009,axis2_legal,1590,0.00013590502684254714
conditional-fit-0009,axis2_legal,1591,0.002242772135420845
conditional-fit-0009,axis2_legal,1592,0.0002383930924623615
conditional-fit-0009,axis2_legal,1593,0.0002743409014849716
conditional-fit-0009,axis2_legal,1594,0.00010149320174806831
conditional-fit-0009,axis2_legal,1595,2.5666619865856324e-05
conditional-fit-0009,axis2_legal,1596,0.00019208781808178658
conditional-fit-0009,axis2_legal,1597,0.0004893974677640366
conditional-fit-0009,axis2_legal,1598,0.0004806526475604517
conditional-fit-0009,axis2_legal,1599,0.0440472313320603
conditional-fit-0009,axis2_legal,1600,0.0027681355048760187
conditional-fit-0009,axis2_legal,1601,1.7508544352071227e-05
conditional-fit-0009,axis2_legal,1602,0.00036992362817447606
conditional-fit-0009,axis2_legal,1603,0.002796828555561339
conditional-fit-0009,axis2_legal,1604,0.0011445236450929436
conditional-fit-0009,axis2_legal,1605,0.003583461654095501
conditional-fit-0009,axis2_legal,1606,0.03337914345732995
conditional-fit-0009,axis2_legal,1607,0.026903850372705387
conditional-fit-0009,axis2_legal,1608,0.018763397010980617
conditional-fit-0009,axis2_legal,1609,0.06359876662631017
conditional-fit-0009,axis2_legal,1610,0.04240149555801497
conditional-fit-0009,axis2_legal,1611,0.06659033490821252
conditional-fit-0009,axis2_legal,1612,0.0011268446582022493
conditional-fit-0009,axis2_legal,1613,0.0029539747404902185
conditional-fit-0009,axis2_legal,1614,0.03103499183416312
conditional-fit-0009,axis2_legal,1615,0.011561526121914297
conditional-fit-0009,axis2_legal,1616,0.010613727332458129
conditional-fit-0009,axis2_legal,1617,0.0321078308826296
conditional-fit-0009,axis2_legal,1618,0.08241435582752639
conditional-fit-0009,axis2_legal,1619,0.03526941375683526
conditional-fit-0009,axis2_legal,1620,0.000881698480345529
conditional-fit-0009,axis2_legal,1621,0.0023438003097157505
conditional-fit-0009,axis2_legal,1622,0.025340255774176534
conditional-fit-0009,axis2_legal,1623,0.006961007935462504
conditional-fit-0009,axis2_legal,1624,0.0002390692806743193
conditional-fit-0009,axis2_legal,1625,0.009616859162366861
conditional-fit-0009,axis2_legal,1626,0.009395170078817634
conditional-fit-0009,axis2_legal,1627,0.0040352567615296155
conditional-fit-0009,axis2_legal,1628,0.0017158051999456839
conditional-fit-0009,axis2_legal,1629,0.0682929066794018
conditional-fit-0009,axis2_legal,1630,0.06146885573374834
conditional-fit-0009,axis2_legal,1631,0.02696959102416017
conditional-fit-0009,axis2_legal,1632,0.03688293503392554
conditional-fit-0009,axis2_legal,1633,0.0008047594596454051
conditional-fit-0009,axis2_legal,1634,0.00012768208612935406
conditional-fit-0009,axis2_legal,1635,5.085709851490187e-05
conditional-fit-0009,axis2_legal,1636,0.019949896404833523
conditional-fit-0009,axis2_legal,1637,0.11558850479328031
conditional-fit-0009,axis2_legal,1638,0.0022759463569692875
conditional-fit-0009,axis2_legal,1639,0.06955971408769525
conditional-fit-0009,axis2_legal,1640,0.05263987340843509
conditional-fit-0009,axis2_legal,1641,0.04196547554536244
conditional-fit-0009,axis2_legal,1642,0.10438790363914419
conditional-fit-0009,axis2_legal,1643,0.028415282691675387
conditional-fit-0009,axis2_legal,1644,0.06553199022130035
conditional-fit-0009,axis2_legal,1645,0.11436275163310253
conditional-fit-0009,axis2_legal,1646,0.29681925469981907
conditional-fit-0009,axis2_legal,1647,0.00045498007122562404
conditional-fit-0009,axis2_legal,1648,0.04775469162550855
conditional-fit-0009,axis2_legal,1649,0.2844528852849821
conditional-fit-0009,axis2_legal,1650,0.005552273548101336
conditional-fit-0009,axis2_legal,1651,0.13506234152620802
conditional-fit-0009,axis2_legal,1652,0.08203008532577703
conditional-fit-0009,axis2_legal,1653,1.4376298324670769
conditional-fit-0009,axis2_legal,1654,0.02993402357254457
conditional-fit-0009,axis2_legal,1655,0.004075926294686327
conditional-fit-0009,axis2_legal,1656,1.069711365943562
conditional-fit-0009,axis2_legal,1657,0.006704807457624562
conditional-fit-0009,axis2_legal,1658,0.01830267889861735
conditional-fit-0009,axis2_legal,1659,0.0320440093097891
conditional-fit-0009,axis2_legal,1660,0.04813790620622105
conditional-fit-0009,axis2_legal,1661,0.08410109728188364
conditional-fit-0009,axis2_legal,1662,0.0016149096933233418
conditional-fit-0009,axis2_legal,1663,0.00022864365730171582
conditional-fit-0009,axis2_legal,1664,0.0076781831664838405
conditional-fit-0009,axis2_legal,1665,0.001531217324927777
conditional-fit-0009,axis2_legal,1666,0.0001262643416667458
conditional-fit-0009,axis2_legal,1667,0.0011315048027417528
conditional-fit-0009,axis2_legal,1668,0.000182008967509591
conditional-fit-0009,axis2_legal,1669,4.144458384896957e-05
conditional-fit-0009,axis2_legal,1670,0.0004444306264538862
conditional-fit-0009,axis2_legal,1671,1.7268969336266668e-05
conditional-fit-0009,axis2_legal,1672,0.000183820272299525
conditional-fit-0009,axis2_legal,1673,0.000973823738809759
conditional-fit-0009,axis2_legal,1674,0.00017700562106373637
conditional-fit-0009,axis2_legal,1675,1.662261880597351
conditional-fit-0009,axis2_legal,1676,0.0022138616064124993
conditional-fit-0009,axis2_legal,1677,0.0001699511864988591
conditional-fit-0009,axis2_legal,1678,1.9892198193426025e-05
conditional-fit-0009,axis2_legal,1679,0.044046777109846336
conditional-fit-0009,axis2_legal,1680,0.2121159354988575
conditional-fit-0009,axis2_legal,1681,0.0017443562480857684
conditional-fit-0009,axis2_legal,1682,0.0005102401327828136
conditional-fit-0009,axis2_legal,1683,0.00019043405995804576
conditional-fit-0009,axis2_legal,1684,5.837851548669175e-05
conditional-fit-0009,axis2_legal,1685,0.0003079008484067305
conditional-fit-0009,axis2_legal,1686,0.0017533417551560168
conditional-fit-0009,axis2_legal,1687,0.002093003063685359
conditional-fit-0009,axis2_legal,1688,0.003501037000914215
conditional-fit-0009,axis2_legal,1689,0.01068056502606459
conditional-fit-0009,axis2_legal,1690,0.005686765073619971
conditional-fit-0009,axis2_legal,1691,0.00046988132850952916
conditional-fit-0009,axis2_legal,1692,0.005749183498353611
conditional-fit-0009,axis2_legal,1693,0.033255531532053566
conditional-fit-0009,axis2_legal,1694,0.04496818491780983
conditional-fit-0009,axis2_legal,1695,0.03151184944130382
conditional-fit-0009,axis2_legal,1696,0.04447163507644356
conditional-fit-0009,axis2_legal,1697,0.020354002269378668
conditional-fit-0009,axis2_legal,1698,0.0024948515228166205
conditional-fit-0009,axis2_legal,1699,0.0013808873521889667
conditional-fit-0009,axis2_legal,1700,0.0010396910677506245
conditional-fit-0009,axis2_legal,1701,0.0029659706624439136
conditional-fit-0009,axis2_legal,1702,0.010425508363806867
conditional-fit-0009,axis2_legal,1703,0.022493469294878235
conditional-fit-0009,axis2_legal,1704,0.01348538541264225
conditional-fit-0009,axis2_legal,1705,0.09724345703541842
conditional-fit-0009,axis2_legal,1706,0.003190466952418635
conditional-fit-0009,axis2_legal,1707,0.06468926591534539
conditional-fit-0009,axis2_legal,1708,0.0031941472396649568
conditional-fit-0009,axis2_legal,1709,0.020980277843748976
conditional-fit-0009,axis2_legal,1710,0.01709397399587036
conditional-fit-0009,axis2_legal,1711,0.0003241772733217421
conditional-fit-0009,axis2_legal,1712,0.00688255685485353
conditional-fit-0009,axis2_legal,1713,0.009426289695374231
conditional-fit-0009,axis2_legal,1714,0.00524544660468835
conditional-fit-0009,axis2_legal,1715,0.001163037290826378
conditional-fit-0009,axis2_legal,1716,0.00027553061789661355
conditional-fit-0009,axis2_legal,1717,0.001030456573530623
conditional-fit-0009,axis2_legal,1718,1.193277951396651
conditional-fit-0009,axis2_legal,1719,0.013249436273436777
conditional-fit-0009,axis2_legal,1720,0.004925995065288366
conditional-fit-0009,axis2_legal,1721,6.179764454157119e-05
conditional-fit-0009,axis2_legal,1722,0.002570377791580097
conditional-fit-0009,axis2_legal,1723,0.0004686238740157167
conditional-fit-0009,axis2_legal,1724,0.00013098324102454555
conditional-fit-0009,axis2_legal,1725,0.0020608092257835605
conditional-fit-0009,axis2_legal,1726,0.038617022818530876
conditional-fit-0009,axis2_legal,1727,0.0007063084965635923
conditional-fit-0009,axis2_legal,1728,0.024548262387155892
conditional-fit-0009,axis2_legal,1729,0.09322653329302663
conditional-fit-0009,axis2_legal,1730,0.0004870939958766025
conditional-fit-0009,axis2_legal,1731,0.5571274381321696
conditional-fit-0009,axis2_legal,1732,0.00277460994096194
conditional-fit-0009,axis2_legal,1733,0.02832634275774249
conditional-fit-0009,axis2_legal,1734,0.0003260409851504457
conditional-fit-0009,axis2_legal,1735,0.00011766468289186769
conditional-fit-0009,axis2_legal,1736,0.0032542219515686605
conditional-fit-0009,axis2_legal,1737,0.0004653422533479924
conditional-fit-0009,axis2_legal,1738,0.7891349068315735
conditional-fit-0009,axis2_legal,1739,0.0023763139714828322
conditional-fit-0009,axis2_legal,1740,0.0010655165645094106
conditional-fit-0009,axis2_legal,1741,0.018588564467809175
conditional-fit-0009,axis2_legal,1742,0.001484117805657936
conditional-fit-0009,axis2_legal,1743,0.05691255690218468
conditional-fit-0009,axis2_legal,1744,0.0019972473179291203
conditional-fit-0009,axis2_legal,1745,0.0005270171480938235
conditional-fit-0009,axis2_legal,1746,0.0030339643023838308
conditional-fit-0009,axis2_legal,1747,0.002397577592269439
conditional-fit-0009,axis2_legal,1748,0.040523965204653435
conditional-fit-0009,axis2_legal,1749,0.0027573016426932946
conditional-fit-0009,axis2_legal,1750,0.021813016553895583
conditional-fit-0009,axis2_legal,1751,0.008368890674286316
conditional-fit-0009,axis2_legal,1752,0.01506102253743892
conditional-fit-0009,axis2_legal,1753,0.004998571054792242
conditional-fit-0009,axis2_legal,1754,0.0014967253171095198
conditional-fit-0009,axis2_legal,1755,0.026808159600483186
conditional-fit-0009,axis2_legal,1756,0.0024664282091582347
conditional-fit-0009,axis2_legal,1757,0.03501103569770547
conditional-fit-0009,axis2_legal,1758,0.04223546005186472
conditional-fit-0009,axis2_legal,1759,0.0839988497791942
conditional-fit-0009,axis2_legal,1760,0.02887148421260596
conditional-fit-0009,axis2_legal,1761,0.0007279170635654717
conditional-fit-0009,axis2_legal,1762,0.010143374244999798
conditional-fit-0009,axis2_legal,1763,0.017003698699307207
conditional-fit-0009,axis2_legal,1764,0.05436548572918792
conditional-fit-0009,axis2_legal,1765,0.03192012916055188
conditional-fit-0009,axis2_legal,1766,0.002212557186042025
conditional-fit-0009,axis2_legal,1767,0.13020926291230503
conditional-fit-0009,axis2_legal,1768,0.09950030604782918
conditional-fit-0009,axis2_legal,1769,0.011144331800025765
conditional-fit-0009,axis2_legal,1770,0.19117833390969816
conditional-fit-0009,axis2_legal,1771,0.022934656381188672
conditional-fit-0009,axis2_legal,1772,0.02564175489996586
conditional-fit-0009,axis2_legal,1773,0.017671267031840743
conditional-fit-0009,axis2_legal,1774,0.051933188453678364
conditional-fit-0009,axis2_legal,1775,0.0008073998825855642
conditional-fit-0009,axis2_legal,1776,0.0011553275337915583
conditional-fit-0009,axis2_legal,1777,0.026094348115756515
conditional-fit-0009,axis2_legal,1778,0.010945337405322478
conditional-fit-0009,axis2_legal,1779,0.0022597085055359335
conditional-fit-0009,axis2_legal,1780,0.03211606114635521
conditional-fit-0009,axis2_legal,1781,0.08998835295255524
conditional-fit-0009,axis2_legal,1782,0.03394168475318079
conditional-fit-0009,axis2_legal,1783,0.03803157830894481
conditional-fit-0009,axis2_legal,1784,0.020859266859623807
conditional-fit-0009,axis2_legal,1785,0.07009671981528875
conditional-fit-0009,axis2_legal,1786,0.010493207198620248
conditional-fit-0009,axis2_legal,1787,0.4590912563420483
conditional-fit-0009,axis2_legal,1788,0.16826265511877442
conditional-fit-0009,axis2_legal,1789,0.0016282149002461413
conditional-fit-0009,axis2_legal,1790,0.0010088627971858756
conditional-fit-0009,axis2_legal,1791,0.0029270194556598175
conditional-fit-0009,axis2_legal,1792,0.0005224830543977673
conditional-fit-0009,axis2_legal,1793,0.0010202267146154377
conditional-fit-0009,axis2_legal,1794,0.006534294297377453
conditional-fit-0009,axis2_legal,1795,7.777955969316306e-05
conditional-fit-0009,axis2_legal,1796,0.0038612880533005806
conditional-fit-0009,axis2_legal,1797,0.30115139509772404
conditional-fit-0009,axis2_legal,1798,0.03368842236070595
conditional-fit-0009,axis2_legal,1799,0.002605027941011511
conditional-fit-0009,axis2_legal,1800,0.0001277290938207841
conditional-fit-0009,axis2_legal,1801,0.0032904046011215764
conditional-fit-0009,axis2_legal,1802,0.0031502901700796275
conditional-fit-0009,axis2_legal,1803,0.03157062033007357
conditional-fit-0009,axis2_legal,1804,0.01958329221199436
conditional-fit-0009,axis2_legal,1805,0.009005398953299663
conditional-fit-0009,axis2_legal,1806,0.0015419398255882757
conditional-fit-0009,axis2_legal,1807,0.0005961374546264169
conditional-fit-0009,axis2_legal,1808,0.00015375806296739143
conditional-fit-0009,axis2_legal,1809,0.0010138348412459472
conditional-fit-0009,axis2_legal,1810,0.0016823923926949196
conditional-fit-0009,axis2_legal,1811,0.006604440274560209
conditional-fit-0009,axis2_legal,1812,0.005804353547620862
conditional-fit-0009,axis2_legal,1813,0.02159602439982228
conditional-fit-0009,axis2_legal,1814,0.0020560783929273936
conditional-fit-0009,axis2_legal,1815,0.0008534596948823496
conditional-fit-0009,axis2_legal,1816,0.02265531702836393
conditional-fit-0009,axis2_legal,1817,0.035368724123097814
conditional-fit-0009,axis2_legal,1818,0.014047876518528069
conditional-fit-0009,axis2_legal,1819,0.0625244567183679
conditional-fit-0009,axis2_legal,1820,0.02938659260351906
conditional-fit-0009,axis2_legal,1821,0.023475532508103712
conditional-fit-0009,axis2_legal,1822,0.049559445849479335
conditional-fit-0009,axis2_legal,1823,0.007793643987703156
conditional-fit-0009,axis2_legal,1824,0.04202855027793879
conditional-fit-0009,axis2_legal,1825,0.018216422436717658
conditional-fit-0009,axis2_legal,1826,0.07193010836854319
conditional-fit-0009,axis2_legal,1827,0.015242821326485028
conditional-fit-0009,axis2_legal,1828,0.042778745533144945
conditional-fit-0009,axis2_legal,1829,0.4103083684956819
conditional-fit-0009,axis2_legal,1830,0.00047247051440737505
conditional-fit-0009,axis2_legal,1831,0.07928949195815502
conditional-fit-0009,axis2_legal,1832,0.15680893341690816
conditional-fit-0009,axis2_legal,1833,0.09052599803433801
conditional-fit-0009,axis2_legal,1834,0.006451871295221902
conditional-fit-0009,axis2_legal,1835,0.001375671212468682
conditional-fit-0009,axis2_legal,1836,0.03117444504229941
conditional-fit-0009,axis2_legal,1837,0.03752246330279493
conditional-fit-0009,axis2_legal,1838,0.22573065341207724
conditional-fit-0009,axis2_legal,1839,0.004069372378465851
conditional-fit-0009,axis2_legal,1840,0.040021254269068024
conditional-fit-0009,axis2_legal,1841,0.027849626400186546
conditional-fit-0009,axis2_legal,1842,0.029106361352076972
conditional-fit-0009,axis2_legal,1843,0.0006911120831687061
conditional-fit-0009,axis2_legal,1844,0.06183762999312524
conditional-fit-0009,axis2_legal,1845,0.13455508964021423
conditional-fit-0009,axis2_legal,1846,0.006533736353648791
conditional-fit-0009,axis2_legal,1847,0.023231865787658665
conditional-fit-0009,axis2_legal,1848,0.013403151974475374
conditional-fit-0009,axis2_legal,1849,0.049818749315331985
conditional-fit-0009,axis2_legal,1850,0.015765093099943506
conditional-fit-0009,axis2_legal,1851,0.040680122078681616
conditional-fit-0009,axis2_legal,1852,0.04512378889922653
conditional-fit-0009,axis2_legal,1853,0.07510997145958703
conditional-fit-0009,axis2_legal,1854,0.028177706204755196
conditional-fit-0009,axis2_legal,1855,0.032684846879351935
conditional-fit-0009,axis2_legal,1856,0.0009304358232450774
conditional-fit-0009,axis2_legal,1857,0.0023395763706450775
conditional-fit-0009,axis2_legal,1858,0.030612582609404124
conditional-fit-0009,axis2_legal,1859,0.02587817160500458
conditional-fit-0009,axis2_legal,1860,0.000507407536010859
conditional-fit-0009,axis2_legal,1861,0.0007903122372882913
conditional-fit-0009,axis2_legal,1862,0.04699264988105864
conditional-fit-0009,axis2_legal,1863,0.071421988248377
conditional-fit-0009,axis2_legal,1864,0.12214256284278502
conditional-fit-0009,axis2_legal,1865,0.00016812002633151868
conditional-fit-0009,axis2_legal,1866,0.04067165888348231
conditional-fit-0009,axis2_legal,1867,0.03832744252990554
conditional-fit-0009,axis2_legal,1868,0.008065933921470493
conditional-fit-0009,axis2_legal,1869,0.0018273667587973437
conditional-fit-0009,axis2_legal,1870,0.05484878617769893
conditional-fit-0009,axis2_legal,1871,0.17572850311356797
conditional-fit-0009,axis2_legal,1872,0.005339657652570206
conditional-fit-0009,axis2_legal,1873,0.023491377843980907
conditional-fit-0009,axis2_legal,1874,0.0021425206764607136
conditional-fit-0009,axis2_legal,1875,0.012863280998535172
conditional-fit-0009,axis2_legal,1876,0.039696184669402126
conditional-fit-0009,axis2_legal,1877,0.0818193600611124
conditional-fit-0009,axis2_legal,1878,0.0022680067962433928
conditional-fit-0009,axis2_legal,1879,0.0013873632889034953
conditional-fit-0009,axis2_legal,1880,0.05803479122818493
conditional-fit-0009,axis2_legal,1881,0.12024116141435774
conditional-fit-0009,axis2_legal,1882,0.3495826882730398
conditional-fit-0009,axis2_legal,1883,0.002014864560484562
conditional-fit-0009,axis2_legal,1884,0.10126711111660873
conditional-fit-0009,axis2_legal,1885,0.003977282732713961
conditional-fit-0009,axis2_legal,1886,0.001669521426235182
conditional-fit-0009,axis2_legal,1887,0.0006121658302310439
conditional-fit-0009,axis2_legal,1888,0.014373297371778474
conditional-fit-0009,axis2_legal,1889,0.020347033231722475
conditional-fit-0009,axis2_legal,1890,0.05776737172862366
conditional-fit-0009,axis2_legal,1891,0.023842551349108156
conditional-fit-0009,axis2_legal,1892,0.027473382946908292
conditional-fit-0009,axis2_legal,1893,0.0010084334379700977
conditional-fit-0009,axis2_legal,1894,0.004829061178249468
conditional-fit-0009,axis2_legal,1895,0.035028961658422134
conditional-fit-0009,axis2_legal,1896,0.07666242024269129
conditional-fit-0009,axis2_legal,1897,0.008231842623551595
conditional-fit-0009,axis2_legal,1898,0.00027313915079469513
conditional-fit-0009,axis2_legal,1899,0.027430754286567317
conditional-fit-0009,axis2_legal,1900,0.08935347863152537
conditional-fit-0009,axis2_legal,1901,0.04631449463012172
conditional-fit-0009,axis2_legal,1902,0.010306766648294254
conditional-fit-0009,axis2_legal,1903,0.008556786623342402
conditional-fit-0009,axis2_legal,1904,0.016840417180461028
conditional-fit-0009,axis2_legal,1905,0.02639500344892621
conditional-fit-0009,axis2_legal,1906,0.048108272725418524
conditional-fit-0009,axis2_legal,1907,0.07640621181387898
conditional-fit-0009,axis2_legal,1908,0.029537863255047734
conditional-fit-0009,axis2_legal,1909,0.07300692426925916
conditional-fit-0009,axis2_legal,1910,0.020539612006679486
conditional-fit-0009,axis2_legal,1911,0.006784702166259576
conditional-fit-0009,axis2_legal,1912,0.016068830279079502
conditional-fit-0009,axis2_legal,1913,0.00031111638666970283
conditional-fit-0009,axis2_legal,1914,0.03406712927399003
conditional-fit-0009,axis2_legal,1915,0.07595006345382639
conditional-fit-0009,axis2_legal,1916,0.14515213844326916
conditional-fit-0009,axis2_legal,1917,0.0020528475622089873
conditional-fit-0009,axis2_legal,1918,0.048305207542492117
conditional-fit-0009,axis2_legal,1919,0.2133642999418373
conditional-fit-0009,axis2_legal,1920,0.03741315381803856
conditional-fit-0009,axis2_legal,1921,0.060244798483899395
conditional-fit-0009,axis2_legal,1922,0.10791100307808284
conditional-fit-0009,axis2_legal,1923,0.039555320824821716
conditional-fit-0009,axis2_legal,1924,0.025126183695543314
conditional-fit-0009,axis2_legal,1925,0.053357084900456
conditional-fit-0009,axis2_legal,1926,0.044843570267321914
conditional-fit-0009,axis2_legal,1927,0.012845358232090385
conditional-fit-0009,axis2_legal,1928,0.0042535074092050675
conditional-fit-0009,axis2_legal,1929,0.0903041671938236
conditional-fit-0009,axis2_legal,1930,0.0037648750633057573
conditional-fit-0009,axis2_legal,1931,0.1327043648909892
conditional-fit-0009,axis2_legal,1932,0.5388635234039917
conditional-fit-0009,axis2_legal,1933,0.00801775739995564
conditional-fit-0009,axis2_legal,1934,0.0026802432481231597
conditional-fit-0009,axis2_legal,1935,0.0007337390013034586
conditional-fit-0009,axis2_legal,1936,0.0006048417477207515
conditional-fit-0009,axis2_legal,1937,0.016070934813720926
conditional-fit-0009,axis2_legal,1938,0.0011620992990908248
conditional-fit-0009,axis2_legal,1939,0.005550392758877724
conditional-fit-0009,axis2_legal,1940,0.07210333471362061
conditional-fit-0009,axis2_legal,1941,0.009083308663610316
conditional-fit-0009,axis2_legal,1942,0.0011221172089493304
conditional-fit-0009,axis2_legal,1943,0.003042878432314544
conditional-fit-0009,axis2_legal,1944,0.011627783818049988
conditional-fit-0009,axis2_legal,1945,3.695182712596794e-05
conditional-fit-0009,axis2_legal,1946,0.01604768893523987
conditional-fit-0009,axis2_legal,1947,3.2324320731639175e-05
conditional-fit-0009,axis2_legal,1948,0.0001718821387473629
conditional-fit-0009,axis2_legal,1949,5.285620406182597e-05
conditional-fit-0009,axis2_legal,1950,0.0015753473201881396
conditional-fit-0009,axis2_legal,1951,0.23951152945682957
conditional-fit-0009,axis2_legal,1952,0.011838917774808666
conditional-fit-0009,axis2_legal,1953,9.750280977217248e-05
conditional-fit-0009,axis2_legal,1954,0.00759425997078822
conditional-fit-0009,axis2_legal,1955,0.0007181045995959188
conditional-fit-0009,axis2_legal,1956,0.0007014361025605981
conditional-fit-0009,axis2_legal,1957,0.00025553734382928727
conditional-fit-0009,axis2_legal,1958,0.0025898707239052623
conditional-fit-0009,axis2_legal,1959,0.0010394945289100338
conditional-fit-0009,axis2_legal,1960,0.009419395411873997
conditional-fit-0009,axis2_legal,1961,0.018701520744050387
conditional-fit-0009,axis2_legal,1962,0.0025983175547928984
conditional-fit-0009,axis2_legal,1963,0.00021303379381586973
conditional-fit-0009,axis2_legal,1964,0.001163980625170976
conditional-fit-0009,axis2_legal,1965,0.0025037750452597853
conditional-fit-0009,axis2_legal,1966,0.0018046047366903283
conditional-fit-0009,axis2_legal,1967,0.014155496140207238
conditional-fit-0009,axis2_legal,1968,0.0774447759725117
conditional-fit-0009,axis2_legal,1969,0.0011043037952882652
conditional-fit-0009,axis2_legal,1970,0.01022659281028616
conditional-fit-0009,axis2_legal,1971,0.0023693988810104495
conditional-fit-0009,axis2_legal,1972,0.0011494468599383095
conditional-fit-0009,axis2_legal,1973,0.020972378512938792
conditional-fit-0009,axis2_legal,1974,0.028912608433829708
conditional-fit-0009,axis2_legal,1975,0.03434441996248514
conditional-fit-0009,axis2_legal,1976,0.11538058114724353
conditional-fit-0009,axis2_legal,1977,0.03637465850297083
conditional-fit-0009,axis2_legal,1978,0.045549495040224666
conditional-fit-0009,axis2_legal,1979,0.03543403049101119
conditional-fit-0009,axis2_legal,1980,0.02659043559979212
conditional-fit-0009,axis2_legal,1981,0.002246881976099935
conditional-fit-0009,axis2_legal,1982,0.13595636404509626
conditional-fit-0009,axis2_legal,1983,0.0009848309169435737
conditional-fit-0009,axis2_legal,1984,0.0003208260145109706
conditional-fit-0009,axis2_legal,1985,0.001666931732265481
conditional-fit-0009,axis2_legal,1986,0.09823613304608067
conditional-fit-0009,axis2_legal,1987,0.00014975571391317497
conditional-fit-0009,axis2_legal,1988,0.055169299594827796
conditional-fit-0009,axis2_legal,1989,0.19729495921126067
conditional-fit-0009,axis2_legal,1990,0.040244075637956254
conditional-fit-0009,axis2_legal,1991,0.14614945450035344
conditional-fit-0009,axis2_legal,1992,0.017187998095791638
conditional-fit-0009,axis2_legal,1993,0.01986773828215582
conditional-fit-0009,axis2_legal,1994,0.03555691282436872
conditional-fit-0009,axis2_legal,1995,0.05128303523252896
conditional-fit-0009,axis2_legal,1996,0.057571118127942536
conditional-fit-0009,axis2_legal,1997,0.17034353560053045
conditional-fit-0009,axis2_legal,1998,0.31958496203306586
conditional-fit-0009,axis2_legal,1999,0.032114047694128914
conditional-fit-0009,axis2_legal,2000,0.014819881843703772
conditional-fit-0009,axis2_legal,2001,0.071925288549288
conditional-fit-0009,axis2_legal,2002,0.02153272241458761
conditional-fit-0009,axis2_legal,2003,0.029217439203380643
conditional-fit-0009,axis2_legal,2004,0.023216923968574985
conditional-fit-0009,axis2_legal,2005,0.012844609970707025
conditional-fit-0009,axis2_legal,2006,0.00013170849357385938
conditional-fit-0009,axis2_legal,2007,0.0016116932122140406
conditional-fit-0009,axis2_legal,2008,0.021943668452855586
conditional-fit-0009,axis2_legal,2009,0.004581696596644133
conditional-fit-0009,axis2_legal,2010,0.16202804840276688
conditional-fit-0009,axis2_legal,2011,0.0277537297168052
conditional-fit-0009,axis2_legal,2012,0.004755764110796843
conditional-fit-0009,axis2_legal,2013,0.00016252414699752412
conditional-fit-0009,axis2_legal,2014,0.0378905259447404
conditional-fit-0009,axis2_legal,2015,0.14397807919880873
conditional-fit-0009,axis2_legal,2016,0.022408798768688856
conditional-fit-0009,axis2_legal,2017,0.06251858096452348
conditional-fit-0009,axis2_legal,2018,0.02019739234524104
conditional-fit-0009,axis2_legal,2019,0.003422084412633042
conditional-fit-0009,axis2_legal,2020,0.013991446911551766
conditional-fit-0009,axis2_legal,2021,0.02128960111502716
conditional-fit-0009,axis2_legal,2022,0.10697963342238168
conditional-fit-0009,axis2_legal,2023,0.005914719926189256
conditional-fit-0009,axis2_legal,2024,0.13729364433286767
conditional-fit-0009,axis2_legal,2025,0.04982181129831461
conditional-fit-0009,axis2_legal,2026,2.4918971172607043e-05
conditional-fit-0009,axis2_legal,2027,0.03995261798868548
conditional-fit-0009,axis2_legal,2028,0.0006273956861117046
conditional-fit-0009,axis2_legal,2029,0.0022614221095847253
conditional-fit-0009,axis2_legal,2030,0.00011832045201447814
conditional-fit-0009,axis2_legal,2031,0.0002083072013954213
conditional-fit-0009,axis2_legal,2032,0.01703176657776083
conditional-fit-0009,axis2_legal,2033,0.010363432335296527
conditional-fit-0009,axis2_legal,2034,8.939737261402938e-05
conditional-fit-0009,axis2_legal,2035,0.006153916667446635
conditional-fit-0009,axis2_legal,2036,0.013554659894280292
conditional-fit-0009,axis2_legal,2037,0.008964278621725094
conditional-fit-0009,axis2_legal,2038,0.007691279853467615
conditional-fit-0009,axis2_legal,2039,0.06211842592051722
conditional-fit-0009,axis2_legal,2040,0.036456961091222206
conditional-fit-0009,axis2_legal,2041,0.04510037491791598
conditional-fit-0009,axis2_legal,2042,0.08739594923935062
conditional-fit-0009,axis2_legal,2043,0.015933573151791017
conditional-fit-0009,axis2_legal,2044,0.07034492445923794
conditional-fit-0009,axis2_legal,2045,0.025365978700388044
conditional-fit-0009,axis2_legal,2046,0.01791698982482584
