window_id,domain,pos,kld
conditional-fit-0055,axis4_reasoning_termination,0,1.9518655433438166
conditional-fit-0055,axis4_reasoning_termination,1,1.6389203027222898
conditional-fit-0055,axis4_reasoning_termination,2,0.7613632720291054
conditional-fit-0055,axis4_reasoning_termination,3,0.8490490240277406
conditional-fit-0055,axis4_reasoning_termination,4,1.3461027537471166
conditional-fit-0055,axis4_reasoning_termination,5,0.475579151502361
conditional-fit-0055,axis4_reasoning_termination,6,0.3890154458293332
conditional-fit-0055,axis4_reasoning_termination,7,0.5457338069735116
conditional-fit-0055,axis4_reasoning_termination,8,0.18400169979546666
conditional-fit-0055,axis4_reasoning_termination,9,0.27588729189689787
conditional-fit-0055,axis4_reasoning_termination,10,0.14157904781803796
conditional-fit-0055,axis4_reasoning_termination,11,0.3077427209803175
conditional-fit-0055,axis4_reasoning_termination,12,0.4759149239958513
conditional-fit-0055,axis4_reasoning_termination,13,0.22202248140989175
conditional-fit-0055,axis4_reasoning_termination,14,0.5361337655609598
conditional-fit-0055,axis4_reasoning_termination,15,0.5325069215742242
conditional-fit-0055,axis4_reasoning_termination,16,0.735720853628191
conditional-fit-0055,axis4_reasoning_termination,17,0.42176236193796657
conditional-fit-0055,axis4_reasoning_termination,18,0.3544822939215469
conditional-fit-0055,axis4_reasoning_termination,19,0.15991431364882025
conditional-fit-0055,axis4_reasoning_termination,20,0.21923723257500247
conditional-fit-0055,axis4_reasoning_termination,21,0.06911586951887799
conditional-fit-0055,axis4_reasoning_termination,22,0.2902778634751334
conditional-fit-0055,axis4_reasoning_termination,23,0.13867696869202806
conditional-fit-0055,axis4_reasoning_termination,24,0.015162365422657705
conditional-fit-0055,axis4_reasoning_termination,25,0.06751848526519093
conditional-fit-0055,axis4_reasoning_termination,26,0.19314150100956723
conditional-fit-0055,axis4_reasoning_termination,27,0.4330765105541229
conditional-fit-0055,axis4_reasoning_termination,28,0.5091297882216285
conditional-fit-0055,axis4_reasoning_termination,29,0.0025402964463952706
conditional-fit-0055,axis4_reasoning_termination,30,0.011613342354495996
conditional-fit-0055,axis4_reasoning_termination,31,0.01789728301615635
conditional-fit-0055,axis4_reasoning_termination,32,0.08199689818115939
conditional-fit-0055,axis4_reasoning_termination,33,0.004807327532607847
conditional-fit-0055,axis4_reasoning_termination,34,0.0014464866962933484
conditional-fit-0055,axis4_reasoning_termination,35,0.05020743596553912
conditional-fit-0055,axis4_reasoning_termination,36,8.465507212072744e-05
conditional-fit-0055,axis4_reasoning_termination,37,0.00705421496143896
conditional-fit-0055,axis4_reasoning_termination,38,0.0002801268530587707
conditional-fit-0055,axis4_reasoning_termination,39,2.1450116167049517e-05
conditional-fit-0055,axis4_reasoning_termination,40,0.09738035601391837
conditional-fit-0055,axis4_reasoning_termination,41,0.1255181349151635
conditional-fit-0055,axis4_reasoning_termination,42,0.009246220867481373
conditional-fit-0055,axis4_reasoning_termination,43,0.42545577829748105
conditional-fit-0055,axis4_reasoning_termination,44,0.158877882637416
conditional-fit-0055,axis4_reasoning_termination,45,0.26110822568448855
conditional-fit-0055,axis4_reasoning_termination,46,0.18511941720941813
conditional-fit-0055,axis4_reasoning_termination,47,0.3354222612799673
conditional-fit-0055,axis4_reasoning_termination,48,0.3675178097957365
conditional-fit-0055,axis4_reasoning_termination,49,1.0752974416861338
conditional-fit-0055,axis4_reasoning_termination,50,0.48605339251571367
conditional-fit-0055,axis4_reasoning_termination,51,0.4438636986103644
conditional-fit-0055,axis4_reasoning_termination,52,0.24907918272818025
conditional-fit-0055,axis4_reasoning_termination,53,0.23708758976823363
conditional-fit-0055,axis4_reasoning_termination,54,0.6097907010198504
conditional-fit-0055,axis4_reasoning_termination,55,0.29646894258365836
conditional-fit-0055,axis4_reasoning_termination,56,0.873819870218391
conditional-fit-0055,axis4_reasoning_termination,57,0.06912760841435012
conditional-fit-0055,axis4_reasoning_termination,58,0.3171479244217514
conditional-fit-0055,axis4_reasoning_termination,59,0.34855610375143037
conditional-fit-0055,axis4_reasoning_termination,60,0.5849180727022464
conditional-fit-0055,axis4_reasoning_termination,61,0.1175003147607776
conditional-fit-0055,axis4_reasoning_termination,62,0.2445035172729299
conditional-fit-0055,axis4_reasoning_termination,63,0.1748524139242901
conditional-fit-0055,axis4_reasoning_termination,64,0.37568620473400166
conditional-fit-0055,axis4_reasoning_termination,65,0.2940366147920514
conditional-fit-0055,axis4_reasoning_termination,66,0.05089830927744552
conditional-fit-0055,axis4_reasoning_termination,67,0.2722063807772312
conditional-fit-0055,axis4_reasoning_termination,68,0.07793350175659394
conditional-fit-0055,axis4_reasoning_termination,69,0.0008543977776687749
conditional-fit-0055,axis4_reasoning_termination,70,0.07928609875219278
conditional-fit-0055,axis4_reasoning_termination,71,0.026896933706996615
conditional-fit-0055,axis4_reasoning_termination,72,0.11344472246287679
conditional-fit-0055,axis4_reasoning_termination,73,0.001123874213359533
conditional-fit-0055,axis4_reasoning_termination,74,0.05383051295055077
conditional-fit-0055,axis4_reasoning_termination,75,0.08089370056398976
conditional-fit-0055,axis4_reasoning_termination,76,0.10759100581024582
conditional-fit-0055,axis4_reasoning_termination,77,0.04688869486388603
conditional-fit-0055,axis4_reasoning_termination,78,0.10849642921358083
conditional-fit-0055,axis4_reasoning_termination,79,0.006555150124201422
conditional-fit-0055,axis4_reasoning_termination,80,0.0064420674636525505
conditional-fit-0055,axis4_reasoning_termination,81,0.0004467365721059756
conditional-fit-0055,axis4_reasoning_termination,82,0.043391224520371044
conditional-fit-0055,axis4_reasoning_termination,83,0.003329154397088382
conditional-fit-0055,axis4_reasoning_termination,84,0.0011411037490730923
conditional-fit-0055,axis4_reasoning_termination,85,0.0013183359161069673
conditional-fit-0055,axis4_reasoning_termination,86,0.00029835228908001957
conditional-fit-0055,axis4_reasoning_termination,87,0.0012764387290700886
conditional-fit-0055,axis4_reasoning_termination,88,0.009454029873600146
conditional-fit-0055,axis4_reasoning_termination,89,0.014047179191185538
conditional-fit-0055,axis4_reasoning_termination,90,0.10893528712179185
conditional-fit-0055,axis4_reasoning_termination,91,0.05537424203673119
conditional-fit-0055,axis4_reasoning_termination,92,0.28699490427917435
conditional-fit-0055,axis4_reasoning_termination,93,0.07918812950436308
conditional-fit-0055,axis4_reasoning_termination,94,0.09930064951975691
conditional-fit-0055,axis4_reasoning_termination,95,0.09436880082414591
conditional-fit-0055,axis4_reasoning_termination,96,0.04969566771290283
conditional-fit-0055,axis4_reasoning_termination,97,0.029768017133697908
conditional-fit-0055,axis4_reasoning_termination,98,0.3076665268060091
conditional-fit-0055,axis4_reasoning_termination,99,0.00912764313217649
conditional-fit-0055,axis4_reasoning_termination,100,0.20328780541958746
conditional-fit-0055,axis4_reasoning_termination,101,0.004393674428919675
conditional-fit-0055,axis4_reasoning_termination,102,0.019021405620509274
conditional-fit-0055,axis4_reasoning_termination,103,0.0355384751084406
conditional-fit-0055,axis4_reasoning_termination,104,0.009700344095620681
conditional-fit-0055,axis4_reasoning_termination,105,0.4421142813643962
conditional-fit-0055,axis4_reasoning_termination,106,0.14539349887288433
conditional-fit-0055,axis4_reasoning_termination,107,0.08381547685174802
conditional-fit-0055,axis4_reasoning_termination,108,0.347623404496797
conditional-fit-0055,axis4_reasoning_termination,109,0.02547556830133505
conditional-fit-0055,axis4_reasoning_termination,110,0.014649355762542633
conditional-fit-0055,axis4_reasoning_termination,111,0.19168567659834007
conditional-fit-0055,axis4_reasoning_termination,112,0.1119369839978837
conditional-fit-0055,axis4_reasoning_termination,113,0.013339552322504049
conditional-fit-0055,axis4_reasoning_termination,114,0.0949692825839154
conditional-fit-0055,axis4_reasoning_termination,115,0.015107243625404217
conditional-fit-0055,axis4_reasoning_termination,116,0.18481256809730562
conditional-fit-0055,axis4_reasoning_termination,117,0.013556807883844533
conditional-fit-0055,axis4_reasoning_termination,118,0.0186199215190872
conditional-fit-0055,axis4_reasoning_termination,119,0.15929705309398723
conditional-fit-0055,axis4_reasoning_termination,120,0.01267779037991997
conditional-fit-0055,axis4_reasoning_termination,121,0.018633052204686897
conditional-fit-0055,axis4_reasoning_termination,122,0.001195532366586886
conditional-fit-0055,axis4_reasoning_termination,123,0.024650467773013912
conditional-fit-0055,axis4_reasoning_termination,124,0.002392898323303712
conditional-fit-0055,axis4_reasoning_termination,125,0.04068603448655623
conditional-fit-0055,axis4_reasoning_termination,126,0.015087548470405924
conditional-fit-0055,axis4_reasoning_termination,127,0.2558993721061301
conditional-fit-0055,axis4_reasoning_termination,128,0.13088995280632812
conditional-fit-0055,axis4_reasoning_termination,129,0.10954541522671765
conditional-fit-0055,axis4_reasoning_termination,130,0.061845358260529296
conditional-fit-0055,axis4_reasoning_termination,131,0.03606601631935704
conditional-fit-0055,axis4_reasoning_termination,132,0.0001790642316807786
conditional-fit-0055,axis4_reasoning_termination,133,0.005451718253627533
conditional-fit-0055,axis4_reasoning_termination,134,0.06383336509508186
conditional-fit-0055,axis4_reasoning_termination,135,0.00010639588764857353
conditional-fit-0055,axis4_reasoning_termination,136,0.003450328912059957
conditional-fit-0055,axis4_reasoning_termination,137,0.00046639620629555
conditional-fit-0055,axis4_reasoning_termination,138,0.00026882874771083556
conditional-fit-0055,axis4_reasoning_termination,139,8.537596375997596e-05
conditional-fit-0055,axis4_reasoning_termination,140,0.0008233531028397692
conditional-fit-0055,axis4_reasoning_termination,141,0.053810719886295245
conditional-fit-0055,axis4_reasoning_termination,142,0.016385096718375975
conditional-fit-0055,axis4_reasoning_termination,143,0.009626593823170973
conditional-fit-0055,axis4_reasoning_termination,144,0.024950857010887735
conditional-fit-0055,axis4_reasoning_termination,145,0.0017418187479559585
conditional-fit-0055,axis4_reasoning_termination,146,0.0002309523466220795
conditional-fit-0055,axis4_reasoning_termination,147,0.0002144499003208317
conditional-fit-0055,axis4_reasoning_termination,148,0.0027023579950399604
conditional-fit-0055,axis4_reasoning_termination,149,0.050309589233360305
conditional-fit-0055,axis4_reasoning_termination,150,0.00027954380506150454
conditional-fit-0055,axis4_reasoning_termination,151,0.0014328355982179829
conditional-fit-0055,axis4_reasoning_termination,152,0.00014177755173099297
conditional-fit-0055,axis4_reasoning_termination,153,0.0018118708203077498
conditional-fit-0055,axis4_reasoning_termination,154,0.0014824413837647664
conditional-fit-0055,axis4_reasoning_termination,155,0.00039073111701508134
conditional-fit-0055,axis4_reasoning_termination,156,0.0028524169080599328
conditional-fit-0055,axis4_reasoning_termination,157,0.008156015777295491
conditional-fit-0055,axis4_reasoning_termination,158,0.01540297787482488
conditional-fit-0055,axis4_reasoning_termination,159,0.006502255753799791
conditional-fit-0055,axis4_reasoning_termination,160,0.029902425530442804
conditional-fit-0055,axis4_reasoning_termination,161,0.008152986581188761
conditional-fit-0055,axis4_reasoning_termination,162,0.00043033205425600584
conditional-fit-0055,axis4_reasoning_termination,163,0.0007072109632715346
conditional-fit-0055,axis4_reasoning_termination,164,0.0014145410386050931
conditional-fit-0055,axis4_reasoning_termination,165,0.0005709089352012685
conditional-fit-0055,axis4_reasoning_termination,166,0.02133536354748794
conditional-fit-0055,axis4_reasoning_termination,167,0.0003056657532277494
conditional-fit-0055,axis4_reasoning_termination,168,0.12922412482894993
conditional-fit-0055,axis4_reasoning_termination,169,0.019232038223222572
conditional-fit-0055,axis4_reasoning_termination,170,0.005609285039992654
conditional-fit-0055,axis4_reasoning_termination,171,0.18715097741967757
conditional-fit-0055,axis4_reasoning_termination,172,0.13935411120347302
conditional-fit-0055,axis4_reasoning_termination,173,0.005171050451977636
conditional-fit-0055,axis4_reasoning_termination,174,0.004474910191358675
conditional-fit-0055,axis4_reasoning_termination,175,0.014534836590987588
conditional-fit-0055,axis4_reasoning_termination,176,0.09045421815655227
conditional-fit-0055,axis4_reasoning_termination,177,0.18709782099302502
conditional-fit-0055,axis4_reasoning_termination,178,0.024180985155876137
conditional-fit-0055,axis4_reasoning_termination,179,0.10049182922851921
conditional-fit-0055,axis4_reasoning_termination,180,0.1627667202377502
conditional-fit-0055,axis4_reasoning_termination,181,0.013536001492096324
conditional-fit-0055,axis4_reasoning_termination,182,0.001215926697061535
conditional-fit-0055,axis4_reasoning_termination,183,0.21915213990353238
conditional-fit-0055,axis4_reasoning_termination,184,0.16015938096457397
conditional-fit-0055,axis4_reasoning_termination,185,0.2162822165621872
conditional-fit-0055,axis4_reasoning_termination,186,1.3243952108244235
conditional-fit-0055,axis4_reasoning_termination,187,0.00397367046267558
conditional-fit-0055,axis4_reasoning_termination,188,0.024896016972705423
conditional-fit-0055,axis4_reasoning_termination,189,0.007898853531557674
conditional-fit-0055,axis4_reasoning_termination,190,0.05041042906476771
conditional-fit-0055,axis4_reasoning_termination,191,0.15201600400369036
conditional-fit-0055,axis4_reasoning_termination,192,0.004122183602882567
conditional-fit-0055,axis4_reasoning_termination,193,0.004054348380461398
conditional-fit-0055,axis4_reasoning_termination,194,0.0003800931325987685
conditional-fit-0055,axis4_reasoning_termination,195,0.03245220086471643
conditional-fit-0055,axis4_reasoning_termination,196,0.011152176986526504
conditional-fit-0055,axis4_reasoning_termination,197,0.03270804313761548
conditional-fit-0055,axis4_reasoning_termination,198,0.030754814610812017
conditional-fit-0055,axis4_reasoning_termination,199,0.019703539153944044
conditional-fit-0055,axis4_reasoning_termination,200,0.07337021417820234
conditional-fit-0055,axis4_reasoning_termination,201,0.008207561898393445
conditional-fit-0055,axis4_reasoning_termination,202,0.004082796420206531
conditional-fit-0055,axis4_reasoning_termination,203,0.015820533759949858
conditional-fit-0055,axis4_reasoning_termination,204,0.00040321405728371954
conditional-fit-0055,axis4_reasoning_termination,205,0.00017462878732746486
conditional-fit-0055,axis4_reasoning_termination,206,0.0010084466242218004
conditional-fit-0055,axis4_reasoning_termination,207,5.53417923831223e-05
conditional-fit-0055,axis4_reasoning_termination,208,1.7893320345385072e-05
conditional-fit-0055,axis4_reasoning_termination,209,2.3334336334448448e-05
conditional-fit-0055,axis4_reasoning_termination,210,8.027304646220267e-05
conditional-fit-0055,axis4_reasoning_termination,211,0.0008432943797828734
conditional-fit-0055,axis4_reasoning_termination,212,3.759722064784687e-05
conditional-fit-0055,axis4_reasoning_termination,213,0.0019060173239641952
conditional-fit-0055,axis4_reasoning_termination,214,0.00024042741175926967
conditional-fit-0055,axis4_reasoning_termination,215,7.110856827880394e-05
conditional-fit-0055,axis4_reasoning_termination,216,0.037035660063430315
conditional-fit-0055,axis4_reasoning_termination,217,0.008024702770498946
conditional-fit-0055,axis4_reasoning_termination,218,0.0003342354416219517
conditional-fit-0055,axis4_reasoning_termination,219,0.007922767515664769
conditional-fit-0055,axis4_reasoning_termination,220,0.036810699156741684
conditional-fit-0055,axis4_reasoning_termination,221,0.045117115638427546
conditional-fit-0055,axis4_reasoning_termination,222,0.015703873684034142
conditional-fit-0055,axis4_reasoning_termination,223,0.0002198647776482297
conditional-fit-0055,axis4_reasoning_termination,224,0.033701970896995295
conditional-fit-0055,axis4_reasoning_termination,225,5.489768408249564e-05
conditional-fit-0055,axis4_reasoning_termination,226,3.251276259953409e-05
conditional-fit-0055,axis4_reasoning_termination,227,0.02442927111676004
conditional-fit-0055,axis4_reasoning_termination,228,0.035053244927837596
conditional-fit-0055,axis4_reasoning_termination,229,0.028773132365081333
conditional-fit-0055,axis4_reasoning_termination,230,0.0021562930455090897
conditional-fit-0055,axis4_reasoning_termination,231,0.0013951287131644915
conditional-fit-0055,axis4_reasoning_termination,232,0.0017599718651446963
conditional-fit-0055,axis4_reasoning_termination,233,0.002501230843748322
conditional-fit-0055,axis4_reasoning_termination,234,0.007505995658096605
conditional-fit-0055,axis4_reasoning_termination,235,0.0032922004032565227
conditional-fit-0055,axis4_reasoning_termination,236,0.011814008779387845
conditional-fit-0055,axis4_reasoning_termination,237,0.00024928690218740533
conditional-fit-0055,axis4_reasoning_termination,238,0.05647674092077598
conditional-fit-0055,axis4_reasoning_termination,239,0.007711208293266977
conditional-fit-0055,axis4_reasoning_termination,240,0.0038719242373075817
conditional-fit-0055,axis4_reasoning_termination,241,0.3359580233620343
conditional-fit-0055,axis4_reasoning_termination,242,0.3818098143193968
conditional-fit-0055,axis4_reasoning_termination,243,0.0007193420926946856
conditional-fit-0055,axis4_reasoning_termination,244,0.00023890321365540646
conditional-fit-0055,axis4_reasoning_termination,245,0.00198964561468557
conditional-fit-0055,axis4_reasoning_termination,246,0.11435543567339654
conditional-fit-0055,axis4_reasoning_termination,247,0.006350393235245219
conditional-fit-0055,axis4_reasoning_termination,248,0.006919261776727924
conditional-fit-0055,axis4_reasoning_termination,249,0.028196091740303363
conditional-fit-0055,axis4_reasoning_termination,250,0.09656026552739005
conditional-fit-0055,axis4_reasoning_termination,251,0.0002771986581142982
conditional-fit-0055,axis4_reasoning_termination,252,2.6539964734588807e-05
conditional-fit-0055,axis4_reasoning_termination,253,0.04195174802862258
conditional-fit-0055,axis4_reasoning_termination,254,0.001269291006564079
conditional-fit-0055,axis4_reasoning_termination,255,0.018719812813512607
conditional-fit-0055,axis4_reasoning_termination,256,0.03967710432443856
conditional-fit-0055,axis4_reasoning_termination,257,4.44647526469654e-05
conditional-fit-0055,axis4_reasoning_termination,258,0.0012727942280139118
conditional-fit-0055,axis4_reasoning_termination,259,0.00028659556578382534
conditional-fit-0055,axis4_reasoning_termination,260,0.003979341611659597
conditional-fit-0055,axis4_reasoning_termination,261,0.004526114938079645
conditional-fit-0055,axis4_reasoning_termination,262,3.707775555114403e-05
conditional-fit-0055,axis4_reasoning_termination,263,0.006647419348484324
conditional-fit-0055,axis4_reasoning_termination,264,2.7060953821919168e-05
conditional-fit-0055,axis4_reasoning_termination,265,0.000428605764244133
conditional-fit-0055,axis4_reasoning_termination,266,0.001841854814208133
conditional-fit-0055,axis4_reasoning_termination,267,0.011454169287922108
conditional-fit-0055,axis4_reasoning_termination,268,0.006205949436455698
conditional-fit-0055,axis4_reasoning_termination,269,0.007175711806032274
conditional-fit-0055,axis4_reasoning_termination,270,0.06660171448884551
conditional-fit-0055,axis4_reasoning_termination,271,3.415285283540096e-05
conditional-fit-0055,axis4_reasoning_termination,272,8.203181779367138e-05
conditional-fit-0055,axis4_reasoning_termination,273,9.117053498916122e-05
conditional-fit-0055,axis4_reasoning_termination,274,1.3058801847293725e-05
conditional-fit-0055,axis4_reasoning_termination,275,2.4233990045698835e-05
conditional-fit-0055,axis4_reasoning_termination,276,1.4421556974882735e-05
conditional-fit-0055,axis4_reasoning_termination,277,1.527218388866063e-05
conditional-fit-0055,axis4_reasoning_termination,278,8.182908872889513e-05
conditional-fit-0055,axis4_reasoning_termination,279,0.0011842242074142635
conditional-fit-0055,axis4_reasoning_termination,280,0.004166078983391622
conditional-fit-0055,axis4_reasoning_termination,281,5.6653575250382005e-05
conditional-fit-0055,axis4_reasoning_termination,282,3.788383559557936e-05
conditional-fit-0055,axis4_reasoning_termination,283,0.00012604224718061485
conditional-fit-0055,axis4_reasoning_termination,284,2.566025943730177e-05
conditional-fit-0055,axis4_reasoning_termination,285,4.108420388788505e-05
conditional-fit-0055,axis4_reasoning_termination,286,0.0033416725097133344
conditional-fit-0055,axis4_reasoning_termination,287,0.0001579823226831042
conditional-fit-0055,axis4_reasoning_termination,288,0.000687328464413529
conditional-fit-0055,axis4_reasoning_termination,289,0.009642895265909878
conditional-fit-0055,axis4_reasoning_termination,290,0.00036873201211409855
conditional-fit-0055,axis4_reasoning_termination,291,0.0019517903956697493
conditional-fit-0055,axis4_reasoning_termination,292,0.00033667091985994035
conditional-fit-0055,axis4_reasoning_termination,293,6.173011317627126e-05
conditional-fit-0055,axis4_reasoning_termination,294,0.00169383710827984
conditional-fit-0055,axis4_reasoning_termination,295,6.768263379546453e-06
conditional-fit-0055,axis4_reasoning_termination,296,9.54810559738664e-06
conditional-fit-0055,axis4_reasoning_termination,297,0.0010288547298512264
conditional-fit-0055,axis4_reasoning_termination,298,0.000803377213642562
conditional-fit-0055,axis4_reasoning_termination,299,0.0008353475293754966
conditional-fit-0055,axis4_reasoning_termination,300,6.073330144097628e-05
conditional-fit-0055,axis4_reasoning_termination,301,3.420620666083969e-05
conditional-fit-0055,axis4_reasoning_termination,302,0.00013329054878223433
conditional-fit-0055,axis4_reasoning_termination,303,0.00011594473105761104
conditional-fit-0055,axis4_reasoning_termination,304,1.676328572113551e-05
conditional-fit-0055,axis4_reasoning_termination,305,0.00030963465224643117
conditional-fit-0055,axis4_reasoning_termination,306,0.0007703568737241349
conditional-fit-0055,axis4_reasoning_termination,307,2.7714669776671454e-05
conditional-fit-0055,axis4_reasoning_termination,308,0.02814819751679841
conditional-fit-0055,axis4_reasoning_termination,309,0.003155112528554345
conditional-fit-0055,axis4_reasoning_termination,310,0.405484758784158
conditional-fit-0055,axis4_reasoning_termination,311,0.08225376276884656
conditional-fit-0055,axis4_reasoning_termination,312,0.0003921373309151395
conditional-fit-0055,axis4_reasoning_termination,313,0.003312883026702139
conditional-fit-0055,axis4_reasoning_termination,314,0.00037432404222811243
conditional-fit-0055,axis4_reasoning_termination,315,0.0908160382440379
conditional-fit-0055,axis4_reasoning_termination,316,0.09768080972470516
conditional-fit-0055,axis4_reasoning_termination,317,0.0009569959154495463
conditional-fit-0055,axis4_reasoning_termination,318,0.002143510343371134
conditional-fit-0055,axis4_reasoning_termination,319,0.01347738513383225
conditional-fit-0055,axis4_reasoning_termination,320,0.003028572565817756
conditional-fit-0055,axis4_reasoning_termination,321,0.016910864032362527
conditional-fit-0055,axis4_reasoning_termination,322,0.0488160356713346
conditional-fit-0055,axis4_reasoning_termination,323,0.00024438247846277593
conditional-fit-0055,axis4_reasoning_termination,324,3.454929675528622e-05
conditional-fit-0055,axis4_reasoning_termination,325,0.18827144484048317
conditional-fit-0055,axis4_reasoning_termination,326,0.12757719148173402
conditional-fit-0055,axis4_reasoning_termination,327,0.16129109490491977
conditional-fit-0055,axis4_reasoning_termination,328,0.081996132212762
conditional-fit-0055,axis4_reasoning_termination,329,0.030804487891045274
conditional-fit-0055,axis4_reasoning_termination,330,0.03523031757523958
conditional-fit-0055,axis4_reasoning_termination,331,0.04587666883470343
conditional-fit-0055,axis4_reasoning_termination,332,1.0521714692555696e-05
conditional-fit-0055,axis4_reasoning_termination,333,0.0012203231220226495
conditional-fit-0055,axis4_reasoning_termination,334,0.000250076250011252
conditional-fit-0055,axis4_reasoning_termination,335,0.00013701453617957359
conditional-fit-0055,axis4_reasoning_termination,336,0.039263791775696805
conditional-fit-0055,axis4_reasoning_termination,337,0.00648198883489306
conditional-fit-0055,axis4_reasoning_termination,338,0.010742454512743938
conditional-fit-0055,axis4_reasoning_termination,339,5.3709691640557195e-05
conditional-fit-0055,axis4_reasoning_termination,340,3.079004811801804e-06
conditional-fit-0055,axis4_reasoning_termination,341,6.615597779983651e-05
conditional-fit-0055,axis4_reasoning_termination,342,6.968803814655087e-05
conditional-fit-0055,axis4_reasoning_termination,343,0.05335570314527152
conditional-fit-0055,axis4_reasoning_termination,344,0.02126540576621263
conditional-fit-0055,axis4_reasoning_termination,345,8.90241101658121e-05
conditional-fit-0055,axis4_reasoning_termination,346,0.007984040541276709
conditional-fit-0055,axis4_reasoning_termination,347,0.005105339736676264
conditional-fit-0055,axis4_reasoning_termination,348,0.09128308523388262
conditional-fit-0055,axis4_reasoning_termination,349,0.3188409163481416
conditional-fit-0055,axis4_reasoning_termination,350,0.07009672636574729
conditional-fit-0055,axis4_reasoning_termination,351,0.002522450139854771
conditional-fit-0055,axis4_reasoning_termination,352,0.04050304099137686
conditional-fit-0055,axis4_reasoning_termination,353,0.00013663258067572466
conditional-fit-0055,axis4_reasoning_termination,354,0.3475820787233905
conditional-fit-0055,axis4_reasoning_termination,355,1.021787026014236e-05
conditional-fit-0055,axis4_reasoning_termination,356,1.9480233892303366e-05
conditional-fit-0055,axis4_reasoning_termination,357,0.006096778187658523
conditional-fit-0055,axis4_reasoning_termination,358,0.0054742478533064114
conditional-fit-0055,axis4_reasoning_termination,359,0.002159649418684231
conditional-fit-0055,axis4_reasoning_termination,360,0.0034481312407850903
conditional-fit-0055,axis4_reasoning_termination,361,0.0003532998667982218
conditional-fit-0055,axis4_reasoning_termination,362,0.007777397717927488
conditional-fit-0055,axis4_reasoning_termination,363,0.00029936138975728894
conditional-fit-0055,axis4_reasoning_termination,364,0.001179755125378165
conditional-fit-0055,axis4_reasoning_termination,365,0.003250797858913957
conditional-fit-0055,axis4_reasoning_termination,366,0.0002654860801907248
conditional-fit-0055,axis4_reasoning_termination,367,0.0002612264940699342
conditional-fit-0055,axis4_reasoning_termination,368,0.0008122492270574375
conditional-fit-0055,axis4_reasoning_termination,369,0.000575692763526616
conditional-fit-0055,axis4_reasoning_termination,370,0.00018737868537033414
conditional-fit-0055,axis4_reasoning_termination,371,0.0019749097378235947
conditional-fit-0055,axis4_reasoning_termination,372,0.002265847228569479
conditional-fit-0055,axis4_reasoning_termination,373,0.02224243023152996
conditional-fit-0055,axis4_reasoning_termination,374,0.24494856128625875
conditional-fit-0055,axis4_reasoning_termination,375,0.0338623675430029
conditional-fit-0055,axis4_reasoning_termination,376,0.00735896759726213
conditional-fit-0055,axis4_reasoning_termination,377,0.044349454620603516
conditional-fit-0055,axis4_reasoning_termination,378,0.01608854443802402
conditional-fit-0055,axis4_reasoning_termination,379,0.002033910841455589
conditional-fit-0055,axis4_reasoning_termination,380,5.958184841475422e-05
conditional-fit-0055,axis4_reasoning_termination,381,0.0007046725361712475
conditional-fit-0055,axis4_reasoning_termination,382,9.06384657936364e-05
conditional-fit-0055,axis4_reasoning_termination,383,0.00016133647913503155
conditional-fit-0055,axis4_reasoning_termination,384,0.0016143602915549339
conditional-fit-0055,axis4_reasoning_termination,385,0.030339173675399952
conditional-fit-0055,axis4_reasoning_termination,386,0.00040336394370808857
conditional-fit-0055,axis4_reasoning_termination,387,1.1680300032423216e-05
conditional-fit-0055,axis4_reasoning_termination,388,0.00020215691174607712
conditional-fit-0055,axis4_reasoning_termination,389,0.0006108337063728424
conditional-fit-0055,axis4_reasoning_termination,390,0.012821254705291083
conditional-fit-0055,axis4_reasoning_termination,391,0.0016877752956859313
conditional-fit-0055,axis4_reasoning_termination,392,5.1673278374765464e-05
conditional-fit-0055,axis4_reasoning_termination,393,0.0007653639723097552
conditional-fit-0055,axis4_reasoning_termination,394,4.079656051776523e-06
conditional-fit-0055,axis4_reasoning_termination,395,0.0022309220050472163
conditional-fit-0055,axis4_reasoning_termination,396,0.00016618262035136396
conditional-fit-0055,axis4_reasoning_termination,397,9.331973260830159e-07
conditional-fit-0055,axis4_reasoning_termination,398,0.0036778695721897924
conditional-fit-0055,axis4_reasoning_termination,399,0.0071155573054569494
conditional-fit-0055,axis4_reasoning_termination,400,0.02950364147853717
conditional-fit-0055,axis4_reasoning_termination,401,0.0031505690748585835
conditional-fit-0055,axis4_reasoning_termination,402,0.00041224762839112036
conditional-fit-0055,axis4_reasoning_termination,403,0.02051124688775499
conditional-fit-0055,axis4_reasoning_termination,404,0.005111213520196655
conditional-fit-0055,axis4_reasoning_termination,405,0.005787523635747355
conditional-fit-0055,axis4_reasoning_termination,406,0.0012517392612403828
conditional-fit-0055,axis4_reasoning_termination,407,0.15159296963646804
conditional-fit-0055,axis4_reasoning_termination,408,0.02866443918094972
conditional-fit-0055,axis4_reasoning_termination,409,0.0003225666077207335
conditional-fit-0055,axis4_reasoning_termination,410,8.332256709831529e-05
conditional-fit-0055,axis4_reasoning_termination,411,0.00012112959799523686
conditional-fit-0055,axis4_reasoning_termination,412,0.07481314282232879
conditional-fit-0055,axis4_reasoning_termination,413,0.0004686124504662521
conditional-fit-0055,axis4_reasoning_termination,414,0.0006399859341618547
conditional-fit-0055,axis4_reasoning_termination,415,0.013291703230584137
conditional-fit-0055,axis4_reasoning_termination,416,0.019873086850229513
conditional-fit-0055,axis4_reasoning_termination,417,5.540724074184874e-05
conditional-fit-0055,axis4_reasoning_termination,418,1.4380893143971592e-05
conditional-fit-0055,axis4_reasoning_termination,419,0.007065520241298291
conditional-fit-0055,axis4_reasoning_termination,420,0.00043570773893553664
conditional-fit-0055,axis4_reasoning_termination,421,0.003086497203016749
conditional-fit-0055,axis4_reasoning_termination,422,0.004741807169782592
conditional-fit-0055,axis4_reasoning_termination,423,7.805123030942192e-06
conditional-fit-0055,axis4_reasoning_termination,424,0.003015156510613805
conditional-fit-0055,axis4_reasoning_termination,425,4.82816233787745e-05
conditional-fit-0055,axis4_reasoning_termination,426,0.0004229431469415467
conditional-fit-0055,axis4_reasoning_termination,427,0.00119003373724677
conditional-fit-0055,axis4_reasoning_termination,428,7.673060373411708e-06
conditional-fit-0055,axis4_reasoning_termination,429,0.0004417280077734044
conditional-fit-0055,axis4_reasoning_termination,430,1.0809982818754599e-05
conditional-fit-0055,axis4_reasoning_termination,431,7.716442516690565e-05
conditional-fit-0055,axis4_reasoning_termination,432,1.65934737990687e-05
conditional-fit-0055,axis4_reasoning_termination,433,0.0003055342745405221
conditional-fit-0055,axis4_reasoning_termination,434,4.892043487082255e-05
conditional-fit-0055,axis4_reasoning_termination,435,0.00026379663345225284
conditional-fit-0055,axis4_reasoning_termination,436,0.00012123212403252925
conditional-fit-0055,axis4_reasoning_termination,437,1.1366605179050037e-05
conditional-fit-0055,axis4_reasoning_termination,438,3.9063732574985335e-05
conditional-fit-0055,axis4_reasoning_termination,439,0.00011207068444406141
conditional-fit-0055,axis4_reasoning_termination,440,3.7097112372465216e-05
conditional-fit-0055,axis4_reasoning_termination,441,6.70395189519749e-05
conditional-fit-0055,axis4_reasoning_termination,442,6.39639531486541e-05
conditional-fit-0055,axis4_reasoning_termination,443,8.121736392444748e-06
conditional-fit-0055,axis4_reasoning_termination,444,1.6804952972506954e-05
conditional-fit-0055,axis4_reasoning_termination,445,2.1749784326308383e-05
conditional-fit-0055,axis4_reasoning_termination,446,8.267348688070046e-06
conditional-fit-0055,axis4_reasoning_termination,447,4.179284845247033e-05
conditional-fit-0055,axis4_reasoning_termination,448,0.0001589518037895319
conditional-fit-0055,axis4_reasoning_termination,449,5.453359743424713e-05
conditional-fit-0055,axis4_reasoning_termination,450,5.883561220286307e-05
conditional-fit-0055,axis4_reasoning_termination,451,5.509893340543252e-05
conditional-fit-0055,axis4_reasoning_termination,452,0.00021007031072223573
conditional-fit-0055,axis4_reasoning_termination,453,4.2220162679914935e-05
conditional-fit-0055,axis4_reasoning_termination,454,2.5281344029598846e-05
conditional-fit-0055,axis4_reasoning_termination,455,5.7751034744408356e-05
conditional-fit-0055,axis4_reasoning_termination,456,0.00012613254503901576
conditional-fit-0055,axis4_reasoning_termination,457,6.404264981210568e-05
conditional-fit-0055,axis4_reasoning_termination,458,2.0301670596329715e-05
conditional-fit-0055,axis4_reasoning_termination,459,4.883809136295695e-05
conditional-fit-0055,axis4_reasoning_termination,460,0.002687999979495674
conditional-fit-0055,axis4_reasoning_termination,461,2.0326270182645118e-05
conditional-fit-0055,axis4_reasoning_termination,462,9.626353001377158e-06
conditional-fit-0055,axis4_reasoning_termination,463,0.0006123971047186565
conditional-fit-0055,axis4_reasoning_termination,464,7.411987940110102e-05
conditional-fit-0055,axis4_reasoning_termination,465,2.2894278681963978e-05
conditional-fit-0055,axis4_reasoning_termination,466,4.9670042388496505e-05
conditional-fit-0055,axis4_reasoning_termination,467,4.676931266154948e-05
conditional-fit-0055,axis4_reasoning_termination,468,3.928409740103372e-05
conditional-fit-0055,axis4_reasoning_termination,469,0.0002098464714228901
conditional-fit-0055,axis4_reasoning_termination,470,2.196234359014446e-06
conditional-fit-0055,axis4_reasoning_termination,471,3.059694512761387e-05
conditional-fit-0055,axis4_reasoning_termination,472,6.250378704214278e-05
conditional-fit-0055,axis4_reasoning_termination,473,4.962659442250455e-05
conditional-fit-0055,axis4_reasoning_termination,474,0.005516859717170335
conditional-fit-0055,axis4_reasoning_termination,475,0.00806583486036334
conditional-fit-0055,axis4_reasoning_termination,476,0.00017601825127376875
conditional-fit-0055,axis4_reasoning_termination,477,0.07350037836710298
conditional-fit-0055,axis4_reasoning_termination,478,0.019810827617951204
conditional-fit-0055,axis4_reasoning_termination,479,4.749529266521244e-05
conditional-fit-0055,axis4_reasoning_termination,480,4.601429975507705e-05
conditional-fit-0055,axis4_reasoning_termination,481,0.00020000655585182892
conditional-fit-0055,axis4_reasoning_termination,482,0.05636122824365322
conditional-fit-0055,axis4_reasoning_termination,483,0.0032779134157652832
conditional-fit-0055,axis4_reasoning_termination,484,0.000394376103657156
conditional-fit-0055,axis4_reasoning_termination,485,0.0004560497959144509
conditional-fit-0055,axis4_reasoning_termination,486,0.0010586683318324394
conditional-fit-0055,axis4_reasoning_termination,487,0.007905274208128352
conditional-fit-0055,axis4_reasoning_termination,488,0.03997622947692168
conditional-fit-0055,axis4_reasoning_termination,489,0.00017747931096490712
conditional-fit-0055,axis4_reasoning_termination,490,9.457959782506519e-05
conditional-fit-0055,axis4_reasoning_termination,491,0.06852031752560475
conditional-fit-0055,axis4_reasoning_termination,492,0.0007734850828949158
conditional-fit-0055,axis4_reasoning_termination,493,2.9058012461974224e-05
conditional-fit-0055,axis4_reasoning_termination,494,0.005937910719695803
conditional-fit-0055,axis4_reasoning_termination,495,2.4364597162215375e-06
conditional-fit-0055,axis4_reasoning_termination,496,5.781571897688455e-06
conditional-fit-0055,axis4_reasoning_termination,497,5.540546950414231e-05
conditional-fit-0055,axis4_reasoning_termination,498,4.4403420885634555e-06
conditional-fit-0055,axis4_reasoning_termination,499,0.0004658523953306648
conditional-fit-0055,axis4_reasoning_termination,500,1.840069898164219e-05
conditional-fit-0055,axis4_reasoning_termination,501,0.0005819450923351125
conditional-fit-0055,axis4_reasoning_termination,502,4.437696965972758e-06
conditional-fit-0055,axis4_reasoning_termination,503,2.7030464803226002e-05
conditional-fit-0055,axis4_reasoning_termination,504,0.00046450617007984306
conditional-fit-0055,axis4_reasoning_termination,505,9.809815501442527e-05
conditional-fit-0055,axis4_reasoning_termination,506,0.014198006323871967
conditional-fit-0055,axis4_reasoning_termination,507,3.9425889855482095e-05
conditional-fit-0055,axis4_reasoning_termination,508,1.5903281262461496e-05
conditional-fit-0055,axis4_reasoning_termination,509,4.517378812602375e-05
conditional-fit-0055,axis4_reasoning_termination,510,1.8758326372887594e-05
conditional-fit-0055,axis4_reasoning_termination,511,0.00016663090329015133
conditional-fit-0055,axis4_reasoning_termination,512,0.0008964089535315435
conditional-fit-0055,axis4_reasoning_termination,513,2.0959392238417592e-05
conditional-fit-0055,axis4_reasoning_termination,514,9.801181214934401e-05
conditional-fit-0055,axis4_reasoning_termination,515,9.30120243758487e-06
conditional-fit-0055,axis4_reasoning_termination,516,2.3902016167263653e-05
conditional-fit-0055,axis4_reasoning_termination,517,1.9190450579812652e-05
conditional-fit-0055,axis4_reasoning_termination,518,2.8288639494747766e-05
conditional-fit-0055,axis4_reasoning_termination,519,0.00014869616589781561
conditional-fit-0055,axis4_reasoning_termination,520,8.351026436711063e-05
conditional-fit-0055,axis4_reasoning_termination,521,4.173155247611556e-05
conditional-fit-0055,axis4_reasoning_termination,522,8.422984659881455e-06
conditional-fit-0055,axis4_reasoning_termination,523,1.3796322733214144e-05
conditional-fit-0055,axis4_reasoning_termination,524,2.0982799224849303e-05
conditional-fit-0055,axis4_reasoning_termination,525,8.580254722486513e-06
conditional-fit-0055,axis4_reasoning_termination,526,0.00011485080165498142
conditional-fit-0055,axis4_reasoning_termination,527,5.674916197323079e-05
conditional-fit-0055,axis4_reasoning_termination,528,0.00010778576660837843
conditional-fit-0055,axis4_reasoning_termination,529,0.0002305578346879663
conditional-fit-0055,axis4_reasoning_termination,530,3.515867833074001e-05
conditional-fit-0055,axis4_reasoning_termination,531,0.012124403642883651
conditional-fit-0055,axis4_reasoning_termination,532,0.007262811553270038
conditional-fit-0055,axis4_reasoning_termination,533,0.009190334709387502
conditional-fit-0055,axis4_reasoning_termination,534,0.10701848888496875
conditional-fit-0055,axis4_reasoning_termination,535,0.02612682214555012
conditional-fit-0055,axis4_reasoning_termination,536,0.0006033018913925786
conditional-fit-0055,axis4_reasoning_termination,537,0.04036257424645024
conditional-fit-0055,axis4_reasoning_termination,538,5.542099908182342e-06
conditional-fit-0055,axis4_reasoning_termination,539,0.0001989993464531803
conditional-fit-0055,axis4_reasoning_termination,540,0.011310079749648174
conditional-fit-0055,axis4_reasoning_termination,541,2.7780091344205445e-06
conditional-fit-0055,axis4_reasoning_termination,542,0.0005490439341703554
conditional-fit-0055,axis4_reasoning_termination,543,0.00016485231551209762
conditional-fit-0055,axis4_reasoning_termination,544,6.39537572122241e-05
conditional-fit-0055,axis4_reasoning_termination,545,0.0002570298947941712
conditional-fit-0055,axis4_reasoning_termination,546,5.769650998045516e-06
conditional-fit-0055,axis4_reasoning_termination,547,0.00020559539527705893
conditional-fit-0055,axis4_reasoning_termination,548,0.0001882478330711149
conditional-fit-0055,axis4_reasoning_termination,549,5.4401126163616775e-05
conditional-fit-0055,axis4_reasoning_termination,550,0.0017739682060339671
conditional-fit-0055,axis4_reasoning_termination,551,0.0004563920262845348
conditional-fit-0055,axis4_reasoning_termination,552,0.0005632622234000237
conditional-fit-0055,axis4_reasoning_termination,553,0.0002883082125137124
conditional-fit-0055,axis4_reasoning_termination,554,0.00026820048480709726
conditional-fit-0055,axis4_reasoning_termination,555,2.4150535480453135e-05
conditional-fit-0055,axis4_reasoning_termination,556,0.0003167115188034156
conditional-fit-0055,axis4_reasoning_termination,557,0.00045238280406103496
conditional-fit-0055,axis4_reasoning_termination,558,0.002591855184863378
conditional-fit-0055,axis4_reasoning_termination,559,0.012267028877668031
conditional-fit-0055,axis4_reasoning_termination,560,0.0007549143953417999
conditional-fit-0055,axis4_reasoning_termination,561,2.722076598089029e-05
conditional-fit-0055,axis4_reasoning_termination,562,8.854474400790658e-05
conditional-fit-0055,axis4_reasoning_termination,563,5.5225639630890084e-05
conditional-fit-0055,axis4_reasoning_termination,564,3.162223262912469e-05
conditional-fit-0055,axis4_reasoning_termination,565,3.538427748037904e-05
conditional-fit-0055,axis4_reasoning_termination,566,6.238347433060052e-05
conditional-fit-0055,axis4_reasoning_termination,567,7.058420163000536e-05
conditional-fit-0055,axis4_reasoning_termination,568,4.946611165394262e-06
conditional-fit-0055,axis4_reasoning_termination,569,1.1577033244139969e-05
conditional-fit-0055,axis4_reasoning_termination,570,0.0004099073384574398
conditional-fit-0055,axis4_reasoning_termination,571,8.193665399283108e-06
conditional-fit-0055,axis4_reasoning_termination,572,4.592146577022028e-05
conditional-fit-0055,axis4_reasoning_termination,573,4.7113549869893685e-05
conditional-fit-0055,axis4_reasoning_termination,574,8.378977047233297e-06
conditional-fit-0055,axis4_reasoning_termination,575,6.928357294294632e-05
conditional-fit-0055,axis4_reasoning_termination,576,5.0255104723570425e-05
conditional-fit-0055,axis4_reasoning_termination,577,5.032288571036733e-06
conditional-fit-0055,axis4_reasoning_termination,578,1.993071601707242e-05
conditional-fit-0055,axis4_reasoning_termination,579,8.112926171031275e-05
conditional-fit-0055,axis4_reasoning_termination,580,6.455459953543618e-05
conditional-fit-0055,axis4_reasoning_termination,581,0.00011397580821795211
conditional-fit-0055,axis4_reasoning_termination,582,4.733618190979261e-07
conditional-fit-0055,axis4_reasoning_termination,583,4.1426406293538357e-05
conditional-fit-0055,axis4_reasoning_termination,584,0.00010921313721301482
conditional-fit-0055,axis4_reasoning_termination,585,0.00018745929887831707
conditional-fit-0055,axis4_reasoning_termination,586,0.0006543944029275903
conditional-fit-0055,axis4_reasoning_termination,587,3.7706120904107006e-05
conditional-fit-0055,axis4_reasoning_termination,588,0.0018886192990455195
conditional-fit-0055,axis4_reasoning_termination,589,0.0031801042838483836
conditional-fit-0055,axis4_reasoning_termination,590,0.0011123364736129898
conditional-fit-0055,axis4_reasoning_termination,591,0.04062032047071748
conditional-fit-0055,axis4_reasoning_termination,592,0.018475241182577592
conditional-fit-0055,axis4_reasoning_termination,593,5.90368831201087e-05
conditional-fit-0055,axis4_reasoning_termination,594,1.3718435531249494e-05
conditional-fit-0055,axis4_reasoning_termination,595,9.664454710417271e-05
conditional-fit-0055,axis4_reasoning_termination,596,0.03040298595449351
conditional-fit-0055,axis4_reasoning_termination,597,3.321237905003012e-05
conditional-fit-0055,axis4_reasoning_termination,598,1.5852022032121819e-06
conditional-fit-0055,axis4_reasoning_termination,599,9.58590224947619e-06
conditional-fit-0055,axis4_reasoning_termination,600,0.00022665534810646743
conditional-fit-0055,axis4_reasoning_termination,601,0.0005835172122467714
conditional-fit-0055,axis4_reasoning_termination,602,0.0005118140238909888
conditional-fit-0055,axis4_reasoning_termination,603,0.0024336245336908195
conditional-fit-0055,axis4_reasoning_termination,604,0.0001347300040534646
conditional-fit-0055,axis4_reasoning_termination,605,3.1133876860517174e-06
conditional-fit-0055,axis4_reasoning_termination,606,0.0007359978709263487
conditional-fit-0055,axis4_reasoning_termination,607,0.0025777791320651024
conditional-fit-0055,axis4_reasoning_termination,608,7.600578264055109e-06
conditional-fit-0055,axis4_reasoning_termination,609,9.747418920413177e-06
conditional-fit-0055,axis4_reasoning_termination,610,5.582054369273484e-05
conditional-fit-0055,axis4_reasoning_termination,611,1.4098693687442435e-05
conditional-fit-0055,axis4_reasoning_termination,612,0.0002480516632161926
conditional-fit-0055,axis4_reasoning_termination,613,1.4453699751524295e-07
conditional-fit-0055,axis4_reasoning_termination,614,3.3693460099446404e-06
conditional-fit-0055,axis4_reasoning_termination,615,1.2337351028243265e-06
conditional-fit-0055,axis4_reasoning_termination,616,1.6408453517307838e-05
conditional-fit-0055,axis4_reasoning_termination,617,5.913736069653224e-06
conditional-fit-0055,axis4_reasoning_termination,618,3.2797219927220666e-05
conditional-fit-0055,axis4_reasoning_termination,619,9.610803178454774e-06
conditional-fit-0055,axis4_reasoning_termination,620,0.00010824930908443318
conditional-fit-0055,axis4_reasoning_termination,621,2.3652845946729154e-07
conditional-fit-0055,axis4_reasoning_termination,622,6.078501991405805e-06
conditional-fit-0055,axis4_reasoning_termination,623,1.976280370225143e-05
conditional-fit-0055,axis4_reasoning_termination,624,7.102040238294651e-05
conditional-fit-0055,axis4_reasoning_termination,625,0.0001519072168312815
conditional-fit-0055,axis4_reasoning_termination,626,1.4752880836217596e-05
conditional-fit-0055,axis4_reasoning_termination,627,0.0016370194121980595
conditional-fit-0055,axis4_reasoning_termination,628,0.0020166314772123795
conditional-fit-0055,axis4_reasoning_termination,629,0.0006086250495348287
conditional-fit-0055,axis4_reasoning_termination,630,0.03999106797489502
conditional-fit-0055,axis4_reasoning_termination,631,0.016968333250857868
conditional-fit-0055,axis4_reasoning_termination,632,5.1551783949311095e-05
conditional-fit-0055,axis4_reasoning_termination,633,0.00011506654968593346
conditional-fit-0055,axis4_reasoning_termination,634,2.549242841828986e-05
conditional-fit-0055,axis4_reasoning_termination,635,0.026854737538364423
conditional-fit-0055,axis4_reasoning_termination,636,5.548118085245559e-05
conditional-fit-0055,axis4_reasoning_termination,637,1.0106786026352711e-06
conditional-fit-0055,axis4_reasoning_termination,638,1.906311005339286e-06
conditional-fit-0055,axis4_reasoning_termination,639,7.348438864432621e-05
conditional-fit-0055,axis4_reasoning_termination,640,0.00016756452642099752
conditional-fit-0055,axis4_reasoning_termination,641,0.0021281592789904333
conditional-fit-0055,axis4_reasoning_termination,642,0.0033024271950152914
conditional-fit-0055,axis4_reasoning_termination,643,6.388016795026225e-05
conditional-fit-0055,axis4_reasoning_termination,644,1.2447890595301529e-05
conditional-fit-0055,axis4_reasoning_termination,645,0.00020693220563143267
conditional-fit-0055,axis4_reasoning_termination,646,0.00019928344542818318
conditional-fit-0055,axis4_reasoning_termination,647,5.117470696429496e-06
conditional-fit-0055,axis4_reasoning_termination,648,2.1645061783446034e-06
conditional-fit-0055,axis4_reasoning_termination,649,1.605438171426298e-05
conditional-fit-0055,axis4_reasoning_termination,650,3.906531478130747e-05
conditional-fit-0055,axis4_reasoning_termination,651,2.2553362825902202e-05
conditional-fit-0055,axis4_reasoning_termination,652,2.746049793428307e-07
conditional-fit-0055,axis4_reasoning_termination,653,9.444104102947979e-06
conditional-fit-0055,axis4_reasoning_termination,654,1.3852262044509225e-05
conditional-fit-0055,axis4_reasoning_termination,655,8.409149507136055e-06
conditional-fit-0055,axis4_reasoning_termination,656,5.003685722073098e-06
conditional-fit-0055,axis4_reasoning_termination,657,8.216036398942666e-06
conditional-fit-0055,axis4_reasoning_termination,658,1.573103734234564e-05
conditional-fit-0055,axis4_reasoning_termination,659,5.9240002430806745e-06
conditional-fit-0055,axis4_reasoning_termination,660,7.222724742901288e-07
conditional-fit-0055,axis4_reasoning_termination,661,8.131007593237747e-06
conditional-fit-0055,axis4_reasoning_termination,662,4.3303317768908736e-05
conditional-fit-0055,axis4_reasoning_termination,663,1.2719593372059988e-05
conditional-fit-0055,axis4_reasoning_termination,664,4.419481645311928e-05
conditional-fit-0055,axis4_reasoning_termination,665,6.9551980966420076e-06
conditional-fit-0055,axis4_reasoning_termination,666,0.002742674250217662
conditional-fit-0055,axis4_reasoning_termination,667,0.003623965791806377
conditional-fit-0055,axis4_reasoning_termination,668,0.0003248860224302386
conditional-fit-0055,axis4_reasoning_termination,669,0.03277449871546502
conditional-fit-0055,axis4_reasoning_termination,670,0.014120497968495849
conditional-fit-0055,axis4_reasoning_termination,671,1.8601275685998004e-05
conditional-fit-0055,axis4_reasoning_termination,672,1.6574388635696206e-05
conditional-fit-0055,axis4_reasoning_termination,673,3.18665062723769e-05
conditional-fit-0055,axis4_reasoning_termination,674,0.0212453018019551
conditional-fit-0055,axis4_reasoning_termination,675,0.0001201910200010199
conditional-fit-0055,axis4_reasoning_termination,676,8.242139958267473e-05
conditional-fit-0055,axis4_reasoning_termination,677,0.00055477260177613
conditional-fit-0055,axis4_reasoning_termination,678,0.005410540899478574
conditional-fit-0055,axis4_reasoning_termination,679,2.5861418401433815e-05
conditional-fit-0055,axis4_reasoning_termination,680,6.429345305230625e-06
conditional-fit-0055,axis4_reasoning_termination,681,0.00026176217718040047
conditional-fit-0055,axis4_reasoning_termination,682,1.4660255393127814e-05
conditional-fit-0055,axis4_reasoning_termination,683,9.651320869199725e-05
conditional-fit-0055,axis4_reasoning_termination,684,0.0006406782562991676
conditional-fit-0055,axis4_reasoning_termination,685,1.7705515157401832e-06
conditional-fit-0055,axis4_reasoning_termination,686,4.371850851680339e-05
conditional-fit-0055,axis4_reasoning_termination,687,2.2561675426099237e-06
conditional-fit-0055,axis4_reasoning_termination,688,1.5069429880602124e-05
conditional-fit-0055,axis4_reasoning_termination,689,7.121855168003651e-06
conditional-fit-0055,axis4_reasoning_termination,690,3.050816155460297e-06
conditional-fit-0055,axis4_reasoning_termination,691,2.3281943093451e-05
conditional-fit-0055,axis4_reasoning_termination,692,1.284617971660565e-06
conditional-fit-0055,axis4_reasoning_termination,693,1.0798988759897663e-05
conditional-fit-0055,axis4_reasoning_termination,694,1.116110165345877e-05
conditional-fit-0055,axis4_reasoning_termination,695,5.6033364793396706e-05
conditional-fit-0055,axis4_reasoning_termination,696,3.086896451149272e-05
conditional-fit-0055,axis4_reasoning_termination,697,5.400603567619499e-06
conditional-fit-0055,axis4_reasoning_termination,698,6.718198985348604e-05
conditional-fit-0055,axis4_reasoning_termination,699,1.4296844242500957e-06
conditional-fit-0055,axis4_reasoning_termination,700,4.373024273019867e-06
conditional-fit-0055,axis4_reasoning_termination,701,1.804308183120289e-05
conditional-fit-0055,axis4_reasoning_termination,702,3.6598416648307124e-06
conditional-fit-0055,axis4_reasoning_termination,703,3.5526692205584535e-06
conditional-fit-0055,axis4_reasoning_termination,704,1.5004888882477664e-05
conditional-fit-0055,axis4_reasoning_termination,705,2.987498442667398e-06
conditional-fit-0055,axis4_reasoning_termination,706,6.11680772774746e-06
conditional-fit-0055,axis4_reasoning_termination,707,1.5170314995716935e-06
conditional-fit-0055,axis4_reasoning_termination,708,5.632818777207524e-06
conditional-fit-0055,axis4_reasoning_termination,709,6.0094907541106e-06
conditional-fit-0055,axis4_reasoning_termination,710,2.3799704082690727e-05
conditional-fit-0055,axis4_reasoning_termination,711,1.8796498053855998e-05
conditional-fit-0055,axis4_reasoning_termination,712,4.052596696718384e-06
conditional-fit-0055,axis4_reasoning_termination,713,2.2662112700868933e-06
conditional-fit-0055,axis4_reasoning_termination,714,1.3200037774770876e-05
conditional-fit-0055,axis4_reasoning_termination,715,3.254764163566125e-06
conditional-fit-0055,axis4_reasoning_termination,716,2.500926197866899e-06
conditional-fit-0055,axis4_reasoning_termination,717,9.709227054445193e-06
conditional-fit-0055,axis4_reasoning_termination,718,0.00012153507176663184
conditional-fit-0055,axis4_reasoning_termination,719,3.880142583428651e-06
conditional-fit-0055,axis4_reasoning_termination,720,5.8002473321548894e-06
conditional-fit-0055,axis4_reasoning_termination,721,4.730284944887852e-06
conditional-fit-0055,axis4_reasoning_termination,722,2.6608714001609827e-05
conditional-fit-0055,axis4_reasoning_termination,723,1.1537607115128973e-06
conditional-fit-0055,axis4_reasoning_termination,724,9.841184309300686e-07
conditional-fit-0055,axis4_reasoning_termination,725,0.0001036582362010464
conditional-fit-0055,axis4_reasoning_termination,726,3.6803677550651936e-05
conditional-fit-0055,axis4_reasoning_termination,727,1.7054870320189157e-06
conditional-fit-0055,axis4_reasoning_termination,728,3.088925615700099e-05
conditional-fit-0055,axis4_reasoning_termination,729,8.408556584288911e-06
conditional-fit-0055,axis4_reasoning_termination,730,3.965848280637118e-06
conditional-fit-0055,axis4_reasoning_termination,731,6.286981807823091e-05
conditional-fit-0055,axis4_reasoning_termination,732,8.727053132854071e-07
conditional-fit-0055,axis4_reasoning_termination,733,1.7777961913636437e-05
conditional-fit-0055,axis4_reasoning_termination,734,2.0818145871891175e-05
conditional-fit-0055,axis4_reasoning_termination,735,1.767688809000512e-05
conditional-fit-0055,axis4_reasoning_termination,736,0.0032149505952111515
conditional-fit-0055,axis4_reasoning_termination,737,0.008038538479537314
conditional-fit-0055,axis4_reasoning_termination,738,0.0006114586090163413
conditional-fit-0055,axis4_reasoning_termination,739,0.10524551220104814
conditional-fit-0055,axis4_reasoning_termination,740,0.011569604754622594
conditional-fit-0055,axis4_reasoning_termination,741,9.738542701426747e-06
conditional-fit-0055,axis4_reasoning_termination,742,1.6574412611078626e-05
conditional-fit-0055,axis4_reasoning_termination,743,5.915763372746067e-06
conditional-fit-0055,axis4_reasoning_termination,744,0.026333886880571502
conditional-fit-0055,axis4_reasoning_termination,745,3.4491369680776604e-05
conditional-fit-0055,axis4_reasoning_termination,746,0.0002181043400035839
conditional-fit-0055,axis4_reasoning_termination,747,1.0030763159520208e-05
conditional-fit-0055,axis4_reasoning_termination,748,4.3939157121269734e-06
conditional-fit-0055,axis4_reasoning_termination,749,0.0002011008731060137
conditional-fit-0055,axis4_reasoning_termination,750,0.0045317885672016625
conditional-fit-0055,axis4_reasoning_termination,751,0.002414810403882285
conditional-fit-0055,axis4_reasoning_termination,752,0.0016597866969744312
conditional-fit-0055,axis4_reasoning_termination,753,3.469282388799915e-05
conditional-fit-0055,axis4_reasoning_termination,754,3.409110925873729e-05
conditional-fit-0055,axis4_reasoning_termination,755,0.008300911504563734
conditional-fit-0055,axis4_reasoning_termination,756,0.0006605013073589527
conditional-fit-0055,axis4_reasoning_termination,757,0.00017411030849461554
conditional-fit-0055,axis4_reasoning_termination,758,0.0005164797197390579
conditional-fit-0055,axis4_reasoning_termination,759,2.477966627550616e-05
conditional-fit-0055,axis4_reasoning_termination,760,3.13153543405537e-05
conditional-fit-0055,axis4_reasoning_termination,761,2.3507591908603644e-05
conditional-fit-0055,axis4_reasoning_termination,762,5.548268665029919e-06
conditional-fit-0055,axis4_reasoning_termination,763,9.65913560116365e-06
conditional-fit-0055,axis4_reasoning_termination,764,2.3572392312366184e-05
conditional-fit-0055,axis4_reasoning_termination,765,3.744652499677398e-05
conditional-fit-0055,axis4_reasoning_termination,766,0.00012050860285057808
conditional-fit-0055,axis4_reasoning_termination,767,8.364481517502972e-05
conditional-fit-0055,axis4_reasoning_termination,768,3.9571559815359435e-06
conditional-fit-0055,axis4_reasoning_termination,769,1.3072024799689872e-05
conditional-fit-0055,axis4_reasoning_termination,770,1.511227684599755e-05
conditional-fit-0055,axis4_reasoning_termination,771,2.44468447287987e-05
conditional-fit-0055,axis4_reasoning_termination,772,1.8981157598655602e-05
conditional-fit-0055,axis4_reasoning_termination,773,4.714442871790245e-06
conditional-fit-0055,axis4_reasoning_termination,774,1.3665394639736878e-05
conditional-fit-0055,axis4_reasoning_termination,775,1.131448651441765e-05
conditional-fit-0055,axis4_reasoning_termination,776,2.0032944019894547e-05
conditional-fit-0055,axis4_reasoning_termination,777,7.324922103669839e-05
conditional-fit-0055,axis4_reasoning_termination,778,7.522483164844781e-07
conditional-fit-0055,axis4_reasoning_termination,779,9.944114109379477e-05
conditional-fit-0055,axis4_reasoning_termination,780,0.00012677254973016537
conditional-fit-0055,axis4_reasoning_termination,781,0.0005050495102914009
conditional-fit-0055,axis4_reasoning_termination,782,0.00019475358792311724
conditional-fit-0055,axis4_reasoning_termination,783,3.0593524143413815e-05
conditional-fit-0055,axis4_reasoning_termination,784,0.0022357597428731527
conditional-fit-0055,axis4_reasoning_termination,785,0.005070589443185813
conditional-fit-0055,axis4_reasoning_termination,786,0.0006887220951750753
conditional-fit-0055,axis4_reasoning_termination,787,0.03910423219906598
conditional-fit-0055,axis4_reasoning_termination,788,0.009691544260682491
conditional-fit-0055,axis4_reasoning_termination,789,1.981729265633766e-05
conditional-fit-0055,axis4_reasoning_termination,790,1.3632547248050089e-05
conditional-fit-0055,axis4_reasoning_termination,791,2.628944482097495e-05
conditional-fit-0055,axis4_reasoning_termination,792,0.05499601692995433
conditional-fit-0055,axis4_reasoning_termination,793,7.491364011028964e-05
conditional-fit-0055,axis4_reasoning_termination,794,9.089882803014209e-05
conditional-fit-0055,axis4_reasoning_termination,795,0.001654971288547967
conditional-fit-0055,axis4_reasoning_termination,796,0.006417265048705939
conditional-fit-0055,axis4_reasoning_termination,797,3.817317889864509e-05
conditional-fit-0055,axis4_reasoning_termination,798,4.2932501348892175e-06
conditional-fit-0055,axis4_reasoning_termination,799,0.0005956639272655065
conditional-fit-0055,axis4_reasoning_termination,800,1.3150671237942158e-05
conditional-fit-0055,axis4_reasoning_termination,801,1.7753083751453063e-05
conditional-fit-0055,axis4_reasoning_termination,802,1.8375644930884406e-05
conditional-fit-0055,axis4_reasoning_termination,803,9.389896300353396e-06
conditional-fit-0055,axis4_reasoning_termination,804,0.00019527105676095854
conditional-fit-0055,axis4_reasoning_termination,805,4.510217871635518e-06
conditional-fit-0055,axis4_reasoning_termination,806,1.8850153898572885e-05
conditional-fit-0055,axis4_reasoning_termination,807,8.083060204649507e-06
conditional-fit-0055,axis4_reasoning_termination,808,6.883914870878212e-07
conditional-fit-0055,axis4_reasoning_termination,809,2.6057254670639964e-06
conditional-fit-0055,axis4_reasoning_termination,810,2.290258552285501e-06
conditional-fit-0055,axis4_reasoning_termination,811,9.995956963048013e-06
conditional-fit-0055,axis4_reasoning_termination,812,1.0409337374636823e-05
conditional-fit-0055,axis4_reasoning_termination,813,2.4058983752690175e-05
conditional-fit-0055,axis4_reasoning_termination,814,3.107904382525203e-05
conditional-fit-0055,axis4_reasoning_termination,815,5.489195219145714e-06
conditional-fit-0055,axis4_reasoning_termination,816,7.555479254051794e-05
conditional-fit-0055,axis4_reasoning_termination,817,1.206283264854852e-05
conditional-fit-0055,axis4_reasoning_termination,818,7.714386686897444e-06
conditional-fit-0055,axis4_reasoning_termination,819,1.4021382339254532e-05
conditional-fit-0055,axis4_reasoning_termination,820,5.874534796175503e-06
conditional-fit-0055,axis4_reasoning_termination,821,2.9271151402506622e-06
conditional-fit-0055,axis4_reasoning_termination,822,1.4313452155534248e-05
conditional-fit-0055,axis4_reasoning_termination,823,1.559686162023517e-06
conditional-fit-0055,axis4_reasoning_termination,824,1.2824994355783664e-05
conditional-fit-0055,axis4_reasoning_termination,825,1.1232882155193825e-05
conditional-fit-0055,axis4_reasoning_termination,826,3.454458053272827e-05
conditional-fit-0055,axis4_reasoning_termination,827,7.233102674554417e-06
conditional-fit-0055,axis4_reasoning_termination,828,1.2387096964246116e-05
conditional-fit-0055,axis4_reasoning_termination,829,1.4824743234994778e-05
conditional-fit-0055,axis4_reasoning_termination,830,1.0421886655070325e-05
conditional-fit-0055,axis4_reasoning_termination,831,9.6030529149494e-06
conditional-fit-0055,axis4_reasoning_termination,832,3.858590603011062e-05
conditional-fit-0055,axis4_reasoning_termination,833,5.412763499813098e-06
conditional-fit-0055,axis4_reasoning_termination,834,4.4535624412402886e-05
conditional-fit-0055,axis4_reasoning_termination,835,1.2682632546618344e-05
conditional-fit-0055,axis4_reasoning_termination,836,8.570385486673038e-06
conditional-fit-0055,axis4_reasoning_termination,837,1.5947351155832204e-05
conditional-fit-0055,axis4_reasoning_termination,838,4.31004354941745e-06
conditional-fit-0055,axis4_reasoning_termination,839,1.4416048318819764e-05
conditional-fit-0055,axis4_reasoning_termination,840,0.00011388339989473432
conditional-fit-0055,axis4_reasoning_termination,841,3.2266814231625554e-06
conditional-fit-0055,axis4_reasoning_termination,842,4.098413039345474e-06
conditional-fit-0055,axis4_reasoning_termination,843,0.00015607189238565596
conditional-fit-0055,axis4_reasoning_termination,844,0.0006459848441625635
conditional-fit-0055,axis4_reasoning_termination,845,4.876891476845518e-06
conditional-fit-0055,axis4_reasoning_termination,846,2.7454858160530416e-06
conditional-fit-0055,axis4_reasoning_termination,847,7.849921000399727e-06
conditional-fit-0055,axis4_reasoning_termination,848,3.7007049838333398e-06
conditional-fit-0055,axis4_reasoning_termination,849,1.8658293767036426e-05
conditional-fit-0055,axis4_reasoning_termination,850,4.843906118207097e-07
conditional-fit-0055,axis4_reasoning_termination,851,3.2506438132921365e-05
conditional-fit-0055,axis4_reasoning_termination,852,4.973603110191547e-05
conditional-fit-0055,axis4_reasoning_termination,853,1.0419776867851981e-05
conditional-fit-0055,axis4_reasoning_termination,854,0.003615631941708393
conditional-fit-0055,axis4_reasoning_termination,855,0.006890183386707565
conditional-fit-0055,axis4_reasoning_termination,856,0.0005232636318131436
conditional-fit-0055,axis4_reasoning_termination,857,0.07219869359341378
conditional-fit-0055,axis4_reasoning_termination,858,0.005649994497213969
conditional-fit-0055,axis4_reasoning_termination,859,8.7337821356747e-06
conditional-fit-0055,axis4_reasoning_termination,860,1.3551007491462474e-05
conditional-fit-0055,axis4_reasoning_termination,861,7.948650607371896e-06
conditional-fit-0055,axis4_reasoning_termination,862,0.04140173854821172
conditional-fit-0055,axis4_reasoning_termination,863,4.309033857068191e-05
conditional-fit-0055,axis4_reasoning_termination,864,5.862691667447246e-05
conditional-fit-0055,axis4_reasoning_termination,865,1.7775570211298245e-05
conditional-fit-0055,axis4_reasoning_termination,866,0.00046002736568945165
conditional-fit-0055,axis4_reasoning_termination,867,0.0005289277608478594
conditional-fit-0055,axis4_reasoning_termination,868,0.0044803337748807945
conditional-fit-0055,axis4_reasoning_termination,869,1.6755526118499696e-05
conditional-fit-0055,axis4_reasoning_termination,870,1.3949900459496285e-05
conditional-fit-0055,axis4_reasoning_termination,871,0.0013784855440270583
conditional-fit-0055,axis4_reasoning_termination,872,5.35987007973534e-06
conditional-fit-0055,axis4_reasoning_termination,873,4.034462559104692e-06
conditional-fit-0055,axis4_reasoning_termination,874,4.903695565993512e-05
conditional-fit-0055,axis4_reasoning_termination,875,1.0526097716895334e-07
conditional-fit-0055,axis4_reasoning_termination,876,1.1238085828242288e-07
conditional-fit-0055,axis4_reasoning_termination,877,0.00017327282801467723
conditional-fit-0055,axis4_reasoning_termination,878,2.5622850522251473e-06
conditional-fit-0055,axis4_reasoning_termination,879,4.786525121253955e-06
conditional-fit-0055,axis4_reasoning_termination,880,2.7592226637195193e-06
conditional-fit-0055,axis4_reasoning_termination,881,4.27663718414891e-05
conditional-fit-0055,axis4_reasoning_termination,882,7.564407352377096e-07
conditional-fit-0055,axis4_reasoning_termination,883,9.448477448639559e-07
conditional-fit-0055,axis4_reasoning_termination,884,6.205119859781187e-05
conditional-fit-0055,axis4_reasoning_termination,885,1.5798090439485884e-05
conditional-fit-0055,axis4_reasoning_termination,886,8.202996571262788e-05
conditional-fit-0055,axis4_reasoning_termination,887,2.0894158849924724e-05
conditional-fit-0055,axis4_reasoning_termination,888,6.297288197020434e-06
conditional-fit-0055,axis4_reasoning_termination,889,2.2626559834506703e-06
conditional-fit-0055,axis4_reasoning_termination,890,2.346608100240465e-06
conditional-fit-0055,axis4_reasoning_termination,891,7.98092324128187e-05
conditional-fit-0055,axis4_reasoning_termination,892,9.732924151845705e-05
conditional-fit-0055,axis4_reasoning_termination,893,2.588949889216832e-06
conditional-fit-0055,axis4_reasoning_termination,894,5.8281417162209226e-06
conditional-fit-0055,axis4_reasoning_termination,895,2.5993052911495077e-06
conditional-fit-0055,axis4_reasoning_termination,896,7.1319378051616665e-06
conditional-fit-0055,axis4_reasoning_termination,897,1.2411325084646522e-05
conditional-fit-0055,axis4_reasoning_termination,898,1.2809705980597328e-05
conditional-fit-0055,axis4_reasoning_termination,899,1.102650483772745e-05
conditional-fit-0055,axis4_reasoning_termination,900,8.655158011444423e-06
conditional-fit-0055,axis4_reasoning_termination,901,2.7112952362135447e-05
conditional-fit-0055,axis4_reasoning_termination,902,2.059351870987396e-06
conditional-fit-0055,axis4_reasoning_termination,903,4.3820676006245345e-06
conditional-fit-0055,axis4_reasoning_termination,904,5.380920009135854e-06
conditional-fit-0055,axis4_reasoning_termination,905,2.6391149795315412e-06
conditional-fit-0055,axis4_reasoning_termination,906,1.217685597265073e-05
conditional-fit-0055,axis4_reasoning_termination,907,3.070223760144815e-05
conditional-fit-0055,axis4_reasoning_termination,908,4.5090097487345965e-05
conditional-fit-0055,axis4_reasoning_termination,909,2.859559976000164e-05
conditional-fit-0055,axis4_reasoning_termination,910,5.708474423796057e-06
conditional-fit-0055,axis4_reasoning_termination,911,0.0014879112768873826
conditional-fit-0055,axis4_reasoning_termination,912,0.004088506000538925
conditional-fit-0055,axis4_reasoning_termination,913,0.0075046965386142885
conditional-fit-0055,axis4_reasoning_termination,914,0.0007288089682696648
conditional-fit-0055,axis4_reasoning_termination,915,0.10153683265358876
conditional-fit-0055,axis4_reasoning_termination,916,0.008220942614124566
conditional-fit-0055,axis4_reasoning_termination,917,1.8284617061605805e-05
conditional-fit-0055,axis4_reasoning_termination,918,1.854076922757362e-05
conditional-fit-0055,axis4_reasoning_termination,919,4.491428388165287e-05
conditional-fit-0055,axis4_reasoning_termination,920,0.05033420057343401
conditional-fit-0055,axis4_reasoning_termination,921,1.8709795246920416e-05
conditional-fit-0055,axis4_reasoning_termination,922,1.86427316960765e-05
conditional-fit-0055,axis4_reasoning_termination,923,1.4153339019082485e-06
conditional-fit-0055,axis4_reasoning_termination,924,2.5368871526638523e-07
conditional-fit-0055,axis4_reasoning_termination,925,3.0114400857009556e-05
conditional-fit-0055,axis4_reasoning_termination,926,0.0002058287062964766
conditional-fit-0055,axis4_reasoning_termination,927,0.0003063247866746893
conditional-fit-0055,axis4_reasoning_termination,928,0.00039729629333217317
conditional-fit-0055,axis4_reasoning_termination,929,1.2474255308800268e-05
conditional-fit-0055,axis4_reasoning_termination,930,2.321371000380311e-06
conditional-fit-0055,axis4_reasoning_termination,931,0.00039825505193623583
conditional-fit-0055,axis4_reasoning_termination,932,1.5127623258305503e-05
conditional-fit-0055,axis4_reasoning_termination,933,3.4241430289705796e-05
conditional-fit-0055,axis4_reasoning_termination,934,6.1428296192586685e-06
conditional-fit-0055,axis4_reasoning_termination,935,2.971635121578158e-06
conditional-fit-0055,axis4_reasoning_termination,936,1.22484459483507e-05
conditional-fit-0055,axis4_reasoning_termination,937,8.193451611531154e-06
conditional-fit-0055,axis4_reasoning_termination,938,3.66580100859119e-05
conditional-fit-0055,axis4_reasoning_termination,939,9.618840755830623e-07
conditional-fit-0055,axis4_reasoning_termination,940,5.732595611284598e-06
conditional-fit-0055,axis4_reasoning_termination,941,9.666776854168485e-06
conditional-fit-0055,axis4_reasoning_termination,942,9.426838445217102e-06
conditional-fit-0055,axis4_reasoning_termination,943,9.047389935197214e-06
conditional-fit-0055,axis4_reasoning_termination,944,1.461743701401592e-05
conditional-fit-0055,axis4_reasoning_termination,945,3.138837529498348e-05
conditional-fit-0055,axis4_reasoning_termination,946,4.200829832072178e-06
conditional-fit-0055,axis4_reasoning_termination,947,2.15278429531065e-05
conditional-fit-0055,axis4_reasoning_termination,948,4.365809606517743e-06
conditional-fit-0055,axis4_reasoning_termination,949,2.3819443019493546e-06
conditional-fit-0055,axis4_reasoning_termination,950,2.142963424508619e-05
conditional-fit-0055,axis4_reasoning_termination,951,1.0847900563991589e-05
conditional-fit-0055,axis4_reasoning_termination,952,0.0002027987908341449
conditional-fit-0055,axis4_reasoning_termination,953,0.0003342002392129433
conditional-fit-0055,axis4_reasoning_termination,954,2.077328716781399e-06
conditional-fit-0055,axis4_reasoning_termination,955,7.404101276415317e-05
conditional-fit-0055,axis4_reasoning_termination,956,2.3152641325307626e-05
conditional-fit-0055,axis4_reasoning_termination,957,2.91260931519104e-05
conditional-fit-0055,axis4_reasoning_termination,958,2.182756908911592e-05
conditional-fit-0055,axis4_reasoning_termination,959,8.822747591396111e-06
conditional-fit-0055,axis4_reasoning_termination,960,0.002377789630880455
conditional-fit-0055,axis4_reasoning_termination,961,0.004885784658287868
conditional-fit-0055,axis4_reasoning_termination,962,0.0023483285145920133
conditional-fit-0055,axis4_reasoning_termination,963,0.00028959067891636464
conditional-fit-0055,axis4_reasoning_termination,964,0.06218789455548153
conditional-fit-0055,axis4_reasoning_termination,965,0.005200054056528507
conditional-fit-0055,axis4_reasoning_termination,966,1.4131922786518507e-05
conditional-fit-0055,axis4_reasoning_termination,967,1.2000459947435472e-05
conditional-fit-0055,axis4_reasoning_termination,968,1.3860572152350088e-05
conditional-fit-0055,axis4_reasoning_termination,969,0.00903952137812978
conditional-fit-0055,axis4_reasoning_termination,970,3.65113728651467e-05
conditional-fit-0055,axis4_reasoning_termination,971,0.00010950723736308818
conditional-fit-0055,axis4_reasoning_termination,972,0.00031103302836975436
conditional-fit-0055,axis4_reasoning_termination,973,0.0021498857514133636
conditional-fit-0055,axis4_reasoning_termination,974,1.9526316778302156e-05
conditional-fit-0055,axis4_reasoning_termination,975,8.258931315077426e-06
conditional-fit-0055,axis4_reasoning_termination,976,9.011743118541103e-05
conditional-fit-0055,axis4_reasoning_termination,977,5.501203560882128e-06
conditional-fit-0055,axis4_reasoning_termination,978,2.8917869556045564e-06
conditional-fit-0055,axis4_reasoning_termination,979,4.404204957452737e-06
conditional-fit-0055,axis4_reasoning_termination,980,1.487683943982944e-06
conditional-fit-0055,axis4_reasoning_termination,981,5.376390720922047e-05
conditional-fit-0055,axis4_reasoning_termination,982,2.9858773216023415e-06
conditional-fit-0055,axis4_reasoning_termination,983,6.361825711427671e-06
conditional-fit-0055,axis4_reasoning_termination,984,7.669853093777087e-06
conditional-fit-0055,axis4_reasoning_termination,985,9.302631127980426e-07
conditional-fit-0055,axis4_reasoning_termination,986,8.425681656708279e-06
conditional-fit-0055,axis4_reasoning_termination,987,2.2741571269807548e-06
conditional-fit-0055,axis4_reasoning_termination,988,2.2496608421109485e-06
conditional-fit-0055,axis4_reasoning_termination,989,6.490665616978051e-06
conditional-fit-0055,axis4_reasoning_termination,990,1.329342890461073e-05
conditional-fit-0055,axis4_reasoning_termination,991,2.1558824113155098e-05
conditional-fit-0055,axis4_reasoning_termination,992,4.27424109642274e-06
conditional-fit-0055,axis4_reasoning_termination,993,0.00011282660277609685
conditional-fit-0055,axis4_reasoning_termination,994,1.533930443986533e-05
conditional-fit-0055,axis4_reasoning_termination,995,1.3349828952555259e-05
conditional-fit-0055,axis4_reasoning_termination,996,2.7729085056868627e-05
conditional-fit-0055,axis4_reasoning_termination,997,5.9480700236690265e-06
conditional-fit-0055,axis4_reasoning_termination,998,6.338908291262775e-06
conditional-fit-0055,axis4_reasoning_termination,999,2.716517818121624e-05
conditional-fit-0055,axis4_reasoning_termination,1000,1.6632347761693015e-06
conditional-fit-0055,axis4_reasoning_termination,1001,2.1090850021272848e-06
conditional-fit-0055,axis4_reasoning_termination,1002,4.9572444645194185e-06
conditional-fit-0055,axis4_reasoning_termination,1003,3.1476572483318293e-06
conditional-fit-0055,axis4_reasoning_termination,1004,7.625817633814124e-06
conditional-fit-0055,axis4_reasoning_termination,1005,4.376671059694848e-06
conditional-fit-0055,axis4_reasoning_termination,1006,5.927962455478035e-06
conditional-fit-0055,axis4_reasoning_termination,1007,7.898078864244756e-07
conditional-fit-0055,axis4_reasoning_termination,1008,3.6248213110282705e-06
conditional-fit-0055,axis4_reasoning_termination,1009,2.8657303992086027e-05
conditional-fit-0055,axis4_reasoning_termination,1010,8.874019701232699e-06
conditional-fit-0055,axis4_reasoning_termination,1011,1.2192582339750443e-05
conditional-fit-0055,axis4_reasoning_termination,1012,3.93464583417412e-06
conditional-fit-0055,axis4_reasoning_termination,1013,9.257540671368371e-07
conditional-fit-0055,axis4_reasoning_termination,1014,1.0813362127914337e-05
conditional-fit-0055,axis4_reasoning_termination,1015,6.817386656528064e-06
conditional-fit-0055,axis4_reasoning_termination,1016,1.2518300702759371e-06
conditional-fit-0055,axis4_reasoning_termination,1017,1.0507005695860727e-05
conditional-fit-0055,axis4_reasoning_termination,1018,5.582294685359649e-07
conditional-fit-0055,axis4_reasoning_termination,1019,9.344317083344937e-07
conditional-fit-0055,axis4_reasoning_termination,1020,0.00010461038663212592
conditional-fit-0055,axis4_reasoning_termination,1021,3.039090057456789e-06
conditional-fit-0055,axis4_reasoning_termination,1022,5.032726792178426e-05
conditional-fit-0055,axis4_reasoning_termination,1023,1.5330030760350634e-05
conditional-fit-0055,axis4_reasoning_termination,1024,3.645912831298754e-05
conditional-fit-0055,axis4_reasoning_termination,1025,2.6666964977387048e-06
conditional-fit-0055,axis4_reasoning_termination,1026,2.8380235930264846e-05
conditional-fit-0055,axis4_reasoning_termination,1027,1.1678181122264917e-06
conditional-fit-0055,axis4_reasoning_termination,1028,3.21502307597343e-05
conditional-fit-0055,axis4_reasoning_termination,1029,2.089488017314425e-05
conditional-fit-0055,axis4_reasoning_termination,1030,6.827662279930674e-06
conditional-fit-0055,axis4_reasoning_termination,1031,0.0016265347836122936
conditional-fit-0055,axis4_reasoning_termination,1032,0.06280030546727453
conditional-fit-0055,axis4_reasoning_termination,1033,0.00027065292823086904
conditional-fit-0055,axis4_reasoning_termination,1034,0.03707862953152453
conditional-fit-0055,axis4_reasoning_termination,1035,0.00573682492178014
conditional-fit-0055,axis4_reasoning_termination,1036,1.210036992464687e-05
conditional-fit-0055,axis4_reasoning_termination,1037,5.42854189061883e-06
conditional-fit-0055,axis4_reasoning_termination,1038,7.181533609323492e-06
conditional-fit-0055,axis4_reasoning_termination,1039,0.0041249579536289166
conditional-fit-0055,axis4_reasoning_termination,1040,2.972208666580075e-06
conditional-fit-0055,axis4_reasoning_termination,1041,1.9122857418475775e-07
conditional-fit-0055,axis4_reasoning_termination,1042,8.99432562533838e-06
conditional-fit-0055,axis4_reasoning_termination,1043,1.725945697993279e-05
conditional-fit-0055,axis4_reasoning_termination,1044,2.723360632035056e-05
conditional-fit-0055,axis4_reasoning_termination,1045,0.0025078312275514845
conditional-fit-0055,axis4_reasoning_termination,1046,0.0009225030711941461
conditional-fit-0055,axis4_reasoning_termination,1047,1.870092584850651e-05
conditional-fit-0055,axis4_reasoning_termination,1048,4.294690350028336e-06
conditional-fit-0055,axis4_reasoning_termination,1049,7.741270681342914e-05
conditional-fit-0055,axis4_reasoning_termination,1050,0.00013016527181149943
conditional-fit-0055,axis4_reasoning_termination,1051,2.995463386947995e-06
conditional-fit-0055,axis4_reasoning_termination,1052,2.5514685545611925e-06
conditional-fit-0055,axis4_reasoning_termination,1053,6.854913812133074e-06
conditional-fit-0055,axis4_reasoning_termination,1054,1.4525912516031048e-06
conditional-fit-0055,axis4_reasoning_termination,1055,1.1974918159545952e-05
conditional-fit-0055,axis4_reasoning_termination,1056,5.389032453573313e-07
conditional-fit-0055,axis4_reasoning_termination,1057,4.675412801092383e-06
conditional-fit-0055,axis4_reasoning_termination,1058,6.204591144666248e-07
conditional-fit-0055,axis4_reasoning_termination,1059,2.0843130948457043e-06
conditional-fit-0055,axis4_reasoning_termination,1060,3.8146972088641444e-06
conditional-fit-0055,axis4_reasoning_termination,1061,3.1906139794046264e-06
conditional-fit-0055,axis4_reasoning_termination,1062,5.124411873551868e-06
conditional-fit-0055,axis4_reasoning_termination,1063,5.375239729462461e-05
conditional-fit-0055,axis4_reasoning_termination,1064,1.9805975147313425e-07
conditional-fit-0055,axis4_reasoning_termination,1065,2.4979847812104456e-06
conditional-fit-0055,axis4_reasoning_termination,1066,1.6707280026530932e-05
conditional-fit-0055,axis4_reasoning_termination,1067,5.144082424682535e-06
conditional-fit-0055,axis4_reasoning_termination,1068,1.621041804217911e-05
conditional-fit-0055,axis4_reasoning_termination,1069,2.743227186454271e-06
conditional-fit-0055,axis4_reasoning_termination,1070,0.0031176792716291666
conditional-fit-0055,axis4_reasoning_termination,1071,0.09569060966317258
conditional-fit-0055,axis4_reasoning_termination,1072,8.994129752991895e-05
conditional-fit-0055,axis4_reasoning_termination,1073,0.04074229846695193
conditional-fit-0055,axis4_reasoning_termination,1074,0.004290328694346517
conditional-fit-0055,axis4_reasoning_termination,1075,5.849968952991579e-06
conditional-fit-0055,axis4_reasoning_termination,1076,4.682767537638506e-05
conditional-fit-0055,axis4_reasoning_termination,1077,8.791829278008951e-06
conditional-fit-0055,axis4_reasoning_termination,1078,0.0034817730669122887
conditional-fit-0055,axis4_reasoning_termination,1079,1.155166759396783e-06
conditional-fit-0055,axis4_reasoning_termination,1080,2.086341887975739e-07
conditional-fit-0055,axis4_reasoning_termination,1081,9.192300813769162e-06
conditional-fit-0055,axis4_reasoning_termination,1082,1.6747615165255443e-05
conditional-fit-0055,axis4_reasoning_termination,1083,3.247368845604448e-05
conditional-fit-0055,axis4_reasoning_termination,1084,0.0006585261198748135
conditional-fit-0055,axis4_reasoning_termination,1085,0.0011204587551056008
conditional-fit-0055,axis4_reasoning_termination,1086,1.4089459577934707e-05
conditional-fit-0055,axis4_reasoning_termination,1087,1.0288292859372384e-06
conditional-fit-0055,axis4_reasoning_termination,1088,0.0002693710440671061
conditional-fit-0055,axis4_reasoning_termination,1089,2.2984338575925047e-05
conditional-fit-0055,axis4_reasoning_termination,1090,9.878787775057726e-07
conditional-fit-0055,axis4_reasoning_termination,1091,5.263800252902426e-06
conditional-fit-0055,axis4_reasoning_termination,1092,6.692644422645004e-06
conditional-fit-0055,axis4_reasoning_termination,1093,1.5306140049439024e-06
conditional-fit-0055,axis4_reasoning_termination,1094,4.829358660885278e-05
conditional-fit-0055,axis4_reasoning_termination,1095,1.9494028401200378e-07
conditional-fit-0055,axis4_reasoning_termination,1096,3.5643557973551704e-06
conditional-fit-0055,axis4_reasoning_termination,1097,3.9354099676922797e-07
conditional-fit-0055,axis4_reasoning_termination,1098,9.997192117546741e-06
conditional-fit-0055,axis4_reasoning_termination,1099,2.5260724219514967e-06
conditional-fit-0055,axis4_reasoning_termination,1100,4.613647856616388e-06
conditional-fit-0055,axis4_reasoning_termination,1101,2.842544568452285e-06
conditional-fit-0055,axis4_reasoning_termination,1102,3.7098832132795503e-06
conditional-fit-0055,axis4_reasoning_termination,1103,1.5578074769869942e-07
conditional-fit-0055,axis4_reasoning_termination,1104,6.305074670294692e-06
conditional-fit-0055,axis4_reasoning_termination,1105,6.008091829575967e-05
conditional-fit-0055,axis4_reasoning_termination,1106,1.0675051382839722e-05
conditional-fit-0055,axis4_reasoning_termination,1107,1.0965651228095334e-05
conditional-fit-0055,axis4_reasoning_termination,1108,6.14975076932021e-06
conditional-fit-0055,axis4_reasoning_termination,1109,0.007492040952058969
conditional-fit-0055,axis4_reasoning_termination,1110,0.12674757049690838
conditional-fit-0055,axis4_reasoning_termination,1111,0.00026931343602350997
conditional-fit-0055,axis4_reasoning_termination,1112,0.05107188446137284
conditional-fit-0055,axis4_reasoning_termination,1113,0.008225883836884912
conditional-fit-0055,axis4_reasoning_termination,1114,2.8137748319914564e-05
conditional-fit-0055,axis4_reasoning_termination,1115,1.6803684049373577e-05
conditional-fit-0055,axis4_reasoning_termination,1116,6.364364492695593e-06
conditional-fit-0055,axis4_reasoning_termination,1117,0.005916969828559382
conditional-fit-0055,axis4_reasoning_termination,1118,1.3659951735049611e-06
conditional-fit-0055,axis4_reasoning_termination,1119,1.5021793147524778e-07
conditional-fit-0055,axis4_reasoning_termination,1120,1.9669724102545894e-06
conditional-fit-0055,axis4_reasoning_termination,1121,5.9221083541591614e-05
conditional-fit-0055,axis4_reasoning_termination,1122,7.073877214813438e-05
conditional-fit-0055,axis4_reasoning_termination,1123,0.0006923294409803896
conditional-fit-0055,axis4_reasoning_termination,1124,0.00133792469343501
conditional-fit-0055,axis4_reasoning_termination,1125,1.1392713092088977e-05
conditional-fit-0055,axis4_reasoning_termination,1126,2.5267349223928972e-06
conditional-fit-0055,axis4_reasoning_termination,1127,8.703273501697007e-05
conditional-fit-0055,axis4_reasoning_termination,1128,2.078545583601389e-05
conditional-fit-0055,axis4_reasoning_termination,1129,2.7229096514068674e-06
conditional-fit-0055,axis4_reasoning_termination,1130,2.998117081029486e-06
conditional-fit-0055,axis4_reasoning_termination,1131,5.9804232489293374e-06
conditional-fit-0055,axis4_reasoning_termination,1132,2.2657649181181145e-06
conditional-fit-0055,axis4_reasoning_termination,1133,6.051368842907873e-06
conditional-fit-0055,axis4_reasoning_termination,1134,1.6572461005539444e-07
conditional-fit-0055,axis4_reasoning_termination,1135,5.224859124977079e-06
conditional-fit-0055,axis4_reasoning_termination,1136,3.0742556985180186e-06
conditional-fit-0055,axis4_reasoning_termination,1137,8.46565627727868e-06
conditional-fit-0055,axis4_reasoning_termination,1138,1.6797597059863752e-06
conditional-fit-0055,axis4_reasoning_termination,1139,1.904059020606328e-05
conditional-fit-0055,axis4_reasoning_termination,1140,5.52932362233277e-06
conditional-fit-0055,axis4_reasoning_termination,1141,1.3193480844422487e-05
conditional-fit-0055,axis4_reasoning_termination,1142,1.4741624526973416e-07
conditional-fit-0055,axis4_reasoning_termination,1143,2.735612708775096e-06
conditional-fit-0055,axis4_reasoning_termination,1144,1.8506375825787448e-05
conditional-fit-0055,axis4_reasoning_termination,1145,5.275849844991442e-06
conditional-fit-0055,axis4_reasoning_termination,1146,6.541552805857402e-05
conditional-fit-0055,axis4_reasoning_termination,1147,5.157424829690952e-06
conditional-fit-0055,axis4_reasoning_termination,1148,0.004365729253258309
conditional-fit-0055,axis4_reasoning_termination,1149,0.15054483577653632
conditional-fit-0055,axis4_reasoning_termination,1150,0.00018784951298208923
conditional-fit-0055,axis4_reasoning_termination,1151,0.12719949952394702
conditional-fit-0055,axis4_reasoning_termination,1152,0.007962962489709673
conditional-fit-0055,axis4_reasoning_termination,1153,0.00010892985904639528
conditional-fit-0055,axis4_reasoning_termination,1154,0.014483140449591349
conditional-fit-0055,axis4_reasoning_termination,1155,3.3411428757994118e-06
conditional-fit-0055,axis4_reasoning_termination,1156,2.7943295745562558e-05
conditional-fit-0055,axis4_reasoning_termination,1157,2.332086019861361e-06
conditional-fit-0055,axis4_reasoning_termination,1158,8.998733296461529e-07
conditional-fit-0055,axis4_reasoning_termination,1159,2.3772867051064473e-05
conditional-fit-0055,axis4_reasoning_termination,1160,4.613378796068814e-05
conditional-fit-0055,axis4_reasoning_termination,1161,1.2997543583037812e-05
conditional-fit-0055,axis4_reasoning_termination,1162,5.05737800636467e-05
conditional-fit-0055,axis4_reasoning_termination,1163,4.162914810542764e-06
conditional-fit-0055,axis4_reasoning_termination,1164,8.398446997101083e-06
conditional-fit-0055,axis4_reasoning_termination,1165,1.7818402851843097e-06
conditional-fit-0055,axis4_reasoning_termination,1166,1.3011129629735898e-05
conditional-fit-0055,axis4_reasoning_termination,1167,4.451926200111475e-05
conditional-fit-0055,axis4_reasoning_termination,1168,0.00016645463491158743
conditional-fit-0055,axis4_reasoning_termination,1169,3.9155326069453184e-05
conditional-fit-0055,axis4_reasoning_termination,1170,1.2597924295569634e-05
conditional-fit-0055,axis4_reasoning_termination,1171,2.4763724244957172e-05
conditional-fit-0055,axis4_reasoning_termination,1172,1.854413098341029e-05
conditional-fit-0055,axis4_reasoning_termination,1173,0.0014632967201142783
conditional-fit-0055,axis4_reasoning_termination,1174,0.0015349929868416425
conditional-fit-0055,axis4_reasoning_termination,1175,0.0018139101563212456
conditional-fit-0055,axis4_reasoning_termination,1176,0.006417432388350634
conditional-fit-0055,axis4_reasoning_termination,1177,0.00031485789470360904
conditional-fit-0055,axis4_reasoning_termination,1178,5.833977044714146e-05
conditional-fit-0055,axis4_reasoning_termination,1179,2.6131457762054226e-05
conditional-fit-0055,axis4_reasoning_termination,1180,2.1247503025162487e-06
conditional-fit-0055,axis4_reasoning_termination,1181,4.250370550064959e-06
conditional-fit-0055,axis4_reasoning_termination,1182,4.334523066559577e-06
conditional-fit-0055,axis4_reasoning_termination,1183,5.285054240613873e-06
conditional-fit-0055,axis4_reasoning_termination,1184,8.075351643070268e-06
conditional-fit-0055,axis4_reasoning_termination,1185,3.1274095438913636e-06
conditional-fit-0055,axis4_reasoning_termination,1186,1.9858301538502943e-05
conditional-fit-0055,axis4_reasoning_termination,1187,1.5317261080766248e-05
conditional-fit-0055,axis4_reasoning_termination,1188,8.389957737384193e-06
conditional-fit-0055,axis4_reasoning_termination,1189,9.703156749964007e-06
conditional-fit-0055,axis4_reasoning_termination,1190,1.4716187762896935e-05
conditional-fit-0055,axis4_reasoning_termination,1191,3.0486349959852885e-06
conditional-fit-0055,axis4_reasoning_termination,1192,3.148530854609914e-05
conditional-fit-0055,axis4_reasoning_termination,1193,7.454053266927751e-06
conditional-fit-0055,axis4_reasoning_termination,1194,7.34793683342636e-06
conditional-fit-0055,axis4_reasoning_termination,1195,3.4983826452179004e-06
conditional-fit-0055,axis4_reasoning_termination,1196,2.3657656108642005e-06
conditional-fit-0055,axis4_reasoning_termination,1197,2.0748332790863804e-05
conditional-fit-0055,axis4_reasoning_termination,1198,0.000630785547923914
conditional-fit-0055,axis4_reasoning_termination,1199,2.6082246770150165e-07
conditional-fit-0055,axis4_reasoning_termination,1200,1.2320522146850338e-05
conditional-fit-0055,axis4_reasoning_termination,1201,5.113081623196474e-06
conditional-fit-0055,axis4_reasoning_termination,1202,5.508489911364447e-05
conditional-fit-0055,axis4_reasoning_termination,1203,9.955108189502719e-05
conditional-fit-0055,axis4_reasoning_termination,1204,1.8046175457491824e-05
conditional-fit-0055,axis4_reasoning_termination,1205,0.002766609539233425
conditional-fit-0055,axis4_reasoning_termination,1206,0.024529766497698533
conditional-fit-0055,axis4_reasoning_termination,1207,0.0003197431367965183
conditional-fit-0055,axis4_reasoning_termination,1208,0.044983860408202875
conditional-fit-0055,axis4_reasoning_termination,1209,0.0018686312613575451
conditional-fit-0055,axis4_reasoning_termination,1210,1.9755595908176557e-05
conditional-fit-0055,axis4_reasoning_termination,1211,2.275120521626175e-06
conditional-fit-0055,axis4_reasoning_termination,1212,4.727426250720474e-06
conditional-fit-0055,axis4_reasoning_termination,1213,0.005642823873272966
conditional-fit-0055,axis4_reasoning_termination,1214,4.883189118486024e-07
conditional-fit-0055,axis4_reasoning_termination,1215,4.190261193228046e-06
conditional-fit-0055,axis4_reasoning_termination,1216,7.583263377268672e-06
conditional-fit-0055,axis4_reasoning_termination,1217,2.2777487819187244e-07
conditional-fit-0055,axis4_reasoning_termination,1218,6.179984969207608e-06
conditional-fit-0055,axis4_reasoning_termination,1219,4.7453414494256e-05
conditional-fit-0055,axis4_reasoning_termination,1220,0.0006973571194838547
conditional-fit-0055,axis4_reasoning_termination,1221,0.001131118914589393
conditional-fit-0055,axis4_reasoning_termination,1222,7.225366847303033e-06
conditional-fit-0055,axis4_reasoning_termination,1223,3.93687721550113e-06
conditional-fit-0055,axis4_reasoning_termination,1224,9.52580498713021e-05
conditional-fit-0055,axis4_reasoning_termination,1225,7.885362030196245e-06
conditional-fit-0055,axis4_reasoning_termination,1226,5.024906575147968e-06
conditional-fit-0055,axis4_reasoning_termination,1227,3.1530778317020765e-06
conditional-fit-0055,axis4_reasoning_termination,1228,3.7177288266588385e-06
conditional-fit-0055,axis4_reasoning_termination,1229,2.4381396656322743e-06
conditional-fit-0055,axis4_reasoning_termination,1230,5.7626699615651324e-06
conditional-fit-0055,axis4_reasoning_termination,1231,2.9829425585153084e-06
conditional-fit-0055,axis4_reasoning_termination,1232,5.531715060770614e-06
conditional-fit-0055,axis4_reasoning_termination,1233,4.183829669170996e-06
conditional-fit-0055,axis4_reasoning_termination,1234,6.910236054833217e-06
conditional-fit-0055,axis4_reasoning_termination,1235,3.2664630705090965e-06
conditional-fit-0055,axis4_reasoning_termination,1236,2.061436002927959e-06
conditional-fit-0055,axis4_reasoning_termination,1237,2.5808919057587737e-06
conditional-fit-0055,axis4_reasoning_termination,1238,3.3450290894354374e-05
conditional-fit-0055,axis4_reasoning_termination,1239,1.2168197022380616e-06
conditional-fit-0055,axis4_reasoning_termination,1240,2.341143752635988e-05
conditional-fit-0055,axis4_reasoning_termination,1241,3.96310862439149e-06
conditional-fit-0055,axis4_reasoning_termination,1242,1.4142735762141776e-05
conditional-fit-0055,axis4_reasoning_termination,1243,5.049611131673734e-06
conditional-fit-0055,axis4_reasoning_termination,1244,1.662022753322161e-05
conditional-fit-0055,axis4_reasoning_termination,1245,2.1807848624543988e-05
conditional-fit-0055,axis4_reasoning_termination,1246,4.1483076336176735e-05
conditional-fit-0055,axis4_reasoning_termination,1247,5.429716604938243e-07
conditional-fit-0055,axis4_reasoning_termination,1248,1.4050978146084977e-05
conditional-fit-0055,axis4_reasoning_termination,1249,1.4882877234141804e-05
conditional-fit-0055,axis4_reasoning_termination,1250,2.0789406351242277e-05
conditional-fit-0055,axis4_reasoning_termination,1251,5.811005259323406e-05
conditional-fit-0055,axis4_reasoning_termination,1252,8.378637487652246e-06
conditional-fit-0055,axis4_reasoning_termination,1253,0.004058554694970158
conditional-fit-0055,axis4_reasoning_termination,1254,0.02059078282036797
conditional-fit-0055,axis4_reasoning_termination,1255,7.779250298712331e-05
conditional-fit-0055,axis4_reasoning_termination,1256,0.050934991661619355
conditional-fit-0055,axis4_reasoning_termination,1257,0.018025943966046565
conditional-fit-0055,axis4_reasoning_termination,1258,4.189675774497172e-06
conditional-fit-0055,axis4_reasoning_termination,1259,2.291026163670335e-06
conditional-fit-0055,axis4_reasoning_termination,1260,2.270393405017055e-06
conditional-fit-0055,axis4_reasoning_termination,1261,0.0062089689293120115
conditional-fit-0055,axis4_reasoning_termination,1262,1.2369920778393676e-06
conditional-fit-0055,axis4_reasoning_termination,1263,1.2395009658911163e-07
conditional-fit-0055,axis4_reasoning_termination,1264,6.163000714531975e-06
conditional-fit-0055,axis4_reasoning_termination,1265,1.0367240369324306e-05
conditional-fit-0055,axis4_reasoning_termination,1266,1.7276038370080847e-05
conditional-fit-0055,axis4_reasoning_termination,1267,0.0008689268281860239
conditional-fit-0055,axis4_reasoning_termination,1268,0.0008338186031156011
conditional-fit-0055,axis4_reasoning_termination,1269,2.6772584193541467e-05
conditional-fit-0055,axis4_reasoning_termination,1270,1.5873055565965707e-06
conditional-fit-0055,axis4_reasoning_termination,1271,3.358640823831101e-05
conditional-fit-0055,axis4_reasoning_termination,1272,3.300744211074997e-05
conditional-fit-0055,axis4_reasoning_termination,1273,3.7117080598502683e-06
conditional-fit-0055,axis4_reasoning_termination,1274,6.07716129249704e-06
conditional-fit-0055,axis4_reasoning_termination,1275,4.948632496575972e-06
conditional-fit-0055,axis4_reasoning_termination,1276,6.066986655898322e-07
conditional-fit-0055,axis4_reasoning_termination,1277,1.2778179161354821e-05
conditional-fit-0055,axis4_reasoning_termination,1278,8.897481092005008e-07
conditional-fit-0055,axis4_reasoning_termination,1279,2.6970495667046588e-06
conditional-fit-0055,axis4_reasoning_termination,1280,1.0391733047657219e-06
conditional-fit-0055,axis4_reasoning_termination,1281,9.847190459821913e-05
conditional-fit-0055,axis4_reasoning_termination,1282,2.605378620486552e-06
conditional-fit-0055,axis4_reasoning_termination,1283,3.875005298406016e-06
conditional-fit-0055,axis4_reasoning_termination,1284,1.8111716042424257e-05
conditional-fit-0055,axis4_reasoning_termination,1285,3.245243113294867e-05
conditional-fit-0055,axis4_reasoning_termination,1286,1.644580122364731e-07
conditional-fit-0055,axis4_reasoning_termination,1287,2.085462692017832e-06
conditional-fit-0055,axis4_reasoning_termination,1288,2.0357042093490276e-05
conditional-fit-0055,axis4_reasoning_termination,1289,5.404527364729842e-06
conditional-fit-0055,axis4_reasoning_termination,1290,3.748351837110682e-05
conditional-fit-0055,axis4_reasoning_termination,1291,1.8235200201523948e-06
conditional-fit-0055,axis4_reasoning_termination,1292,0.0033715646640145765
conditional-fit-0055,axis4_reasoning_termination,1293,0.09851677252640159
conditional-fit-0055,axis4_reasoning_termination,1294,0.0004181831192147681
conditional-fit-0055,axis4_reasoning_termination,1295,0.05719853928586362
conditional-fit-0055,axis4_reasoning_termination,1296,0.009141802133418205
conditional-fit-0055,axis4_reasoning_termination,1297,0.00010637934833653519
conditional-fit-0055,axis4_reasoning_termination,1298,0.009789771033519953
conditional-fit-0055,axis4_reasoning_termination,1299,9.795617176754304e-05
conditional-fit-0055,axis4_reasoning_termination,1300,1.2083073645192715e-05
conditional-fit-0055,axis4_reasoning_termination,1301,3.674491411999439e-05
conditional-fit-0055,axis4_reasoning_termination,1302,8.186562365678675e-05
conditional-fit-0055,axis4_reasoning_termination,1303,4.099871907779337e-06
conditional-fit-0055,axis4_reasoning_termination,1304,9.804443132864297e-05
conditional-fit-0055,axis4_reasoning_termination,1305,8.842288275774389e-07
conditional-fit-0055,axis4_reasoning_termination,1306,1.0630423494356208e-05
conditional-fit-0055,axis4_reasoning_termination,1307,7.82352635422321e-07
conditional-fit-0055,axis4_reasoning_termination,1308,1.8327586971636426e-05
conditional-fit-0055,axis4_reasoning_termination,1309,8.784728229086034e-05
conditional-fit-0055,axis4_reasoning_termination,1310,1.1476088011421606e-05
conditional-fit-0055,axis4_reasoning_termination,1311,9.617225477678549e-06
conditional-fit-0055,axis4_reasoning_termination,1312,4.983602654273659e-06
conditional-fit-0055,axis4_reasoning_termination,1313,5.781027000604345e-05
conditional-fit-0055,axis4_reasoning_termination,1314,5.232711954744532e-06
conditional-fit-0055,axis4_reasoning_termination,1315,4.666379712482106e-05
conditional-fit-0055,axis4_reasoning_termination,1316,0.0005366318700897137
conditional-fit-0055,axis4_reasoning_termination,1317,0.002165416582307108
conditional-fit-0055,axis4_reasoning_termination,1318,0.012321661661759084
conditional-fit-0055,axis4_reasoning_termination,1319,0.00017234941405063015
conditional-fit-0055,axis4_reasoning_termination,1320,7.987880012696526e-07
conditional-fit-0055,axis4_reasoning_termination,1321,7.734174005788823e-05
conditional-fit-0055,axis4_reasoning_termination,1322,1.3835302538912628e-07
conditional-fit-0055,axis4_reasoning_termination,1323,5.918272330393355e-07
conditional-fit-0055,axis4_reasoning_termination,1324,2.0648420482128824e-06
conditional-fit-0055,axis4_reasoning_termination,1325,3.295002761624518e-07
conditional-fit-0055,axis4_reasoning_termination,1326,1.6886859199674623e-06
conditional-fit-0055,axis4_reasoning_termination,1327,5.760495084708019e-07
conditional-fit-0055,axis4_reasoning_termination,1328,3.7873116548401913e-06
conditional-fit-0055,axis4_reasoning_termination,1329,1.2019099985286264e-07
conditional-fit-0055,axis4_reasoning_termination,1330,8.701317296726525e-07
conditional-fit-0055,axis4_reasoning_termination,1331,5.199200471926407e-05
conditional-fit-0055,axis4_reasoning_termination,1332,2.9368935326891056e-05
conditional-fit-0055,axis4_reasoning_termination,1333,0.0007202024233013717
conditional-fit-0055,axis4_reasoning_termination,1334,6.344875466557975e-06
conditional-fit-0055,axis4_reasoning_termination,1335,1.2368082655328582e-06
conditional-fit-0055,axis4_reasoning_termination,1336,4.039972115596848e-06
conditional-fit-0055,axis4_reasoning_termination,1337,4.535763352634207e-06
conditional-fit-0055,axis4_reasoning_termination,1338,4.263887582134089e-05
conditional-fit-0055,axis4_reasoning_termination,1339,8.55499668282996e-06
conditional-fit-0055,axis4_reasoning_termination,1340,2.463569056985705e-06
conditional-fit-0055,axis4_reasoning_termination,1341,1.1447456941901347e-05
conditional-fit-0055,axis4_reasoning_termination,1342,6.191047193733329e-07
conditional-fit-0055,axis4_reasoning_termination,1343,2.3837990147815984e-05
conditional-fit-0055,axis4_reasoning_termination,1344,2.260843338652138e-06
conditional-fit-0055,axis4_reasoning_termination,1345,3.4538644275956428e-06
conditional-fit-0055,axis4_reasoning_termination,1346,2.9731010764854287e-06
conditional-fit-0055,axis4_reasoning_termination,1347,2.060961075642829e-05
conditional-fit-0055,axis4_reasoning_termination,1348,9.09420505071431e-06
conditional-fit-0055,axis4_reasoning_termination,1349,1.6445633417824168e-06
conditional-fit-0055,axis4_reasoning_termination,1350,3.760211484172591e-06
conditional-fit-0055,axis4_reasoning_termination,1351,1.8554553636528096e-06
conditional-fit-0055,axis4_reasoning_termination,1352,6.156523539965886e-07
conditional-fit-0055,axis4_reasoning_termination,1353,4.426056349362058e-06
conditional-fit-0055,axis4_reasoning_termination,1354,2.8666407744142666e-06
conditional-fit-0055,axis4_reasoning_termination,1355,5.4759197960145315e-06
conditional-fit-0055,axis4_reasoning_termination,1356,3.497540971261257e-05
conditional-fit-0055,axis4_reasoning_termination,1357,7.5572477010383955e-06
conditional-fit-0055,axis4_reasoning_termination,1358,0.003060782859735445
conditional-fit-0055,axis4_reasoning_termination,1359,0.002019888716094164
conditional-fit-0055,axis4_reasoning_termination,1360,0.018608298546426337
conditional-fit-0055,axis4_reasoning_termination,1361,0.00013091132574700348
conditional-fit-0055,axis4_reasoning_termination,1362,0.03361030227510958
conditional-fit-0055,axis4_reasoning_termination,1363,0.003109186942256384
conditional-fit-0055,axis4_reasoning_termination,1364,9.148111844997124e-06
conditional-fit-0055,axis4_reasoning_termination,1365,3.933481936353269e-06
conditional-fit-0055,axis4_reasoning_termination,1366,6.660107752853728e-06
conditional-fit-0055,axis4_reasoning_termination,1367,0.005831896866863872
conditional-fit-0055,axis4_reasoning_termination,1368,5.243824816265044e-07
conditional-fit-0055,axis4_reasoning_termination,1369,8.267904947611964e-08
conditional-fit-0055,axis4_reasoning_termination,1370,5.296371365538909e-06
conditional-fit-0055,axis4_reasoning_termination,1371,3.1618405488125465e-06
conditional-fit-0055,axis4_reasoning_termination,1372,2.1042814447594717e-06
conditional-fit-0055,axis4_reasoning_termination,1373,0.0012334346068697333
conditional-fit-0055,axis4_reasoning_termination,1374,0.002065492278992388
conditional-fit-0055,axis4_reasoning_termination,1375,4.879011396789358e-06
conditional-fit-0055,axis4_reasoning_termination,1376,5.784498067138936e-07
conditional-fit-0055,axis4_reasoning_termination,1377,0.00023143583787643243
conditional-fit-0055,axis4_reasoning_termination,1378,1.821645680407089e-05
conditional-fit-0055,axis4_reasoning_termination,1379,1.211401190875732e-06
conditional-fit-0055,axis4_reasoning_termination,1380,3.273457183667759e-06
conditional-fit-0055,axis4_reasoning_termination,1381,2.6716206084548103e-06
conditional-fit-0055,axis4_reasoning_termination,1382,1.2631157656827352e-06
conditional-fit-0055,axis4_reasoning_termination,1383,6.0203094372668804e-05
conditional-fit-0055,axis4_reasoning_termination,1384,1.969631185165865e-07
conditional-fit-0055,axis4_reasoning_termination,1385,7.543712520264139e-07
conditional-fit-0055,axis4_reasoning_termination,1386,4.566030526692594e-06
conditional-fit-0055,axis4_reasoning_termination,1387,4.500361842247074e-05
conditional-fit-0055,axis4_reasoning_termination,1388,8.149312959945103e-07
conditional-fit-0055,axis4_reasoning_termination,1389,1.3179946637616263e-06
conditional-fit-0055,axis4_reasoning_termination,1390,9.334386734155346e-07
conditional-fit-0055,axis4_reasoning_termination,1391,9.80683294775238e-07
conditional-fit-0055,axis4_reasoning_termination,1392,3.918612722226087e-07
conditional-fit-0055,axis4_reasoning_termination,1393,2.5825428109209716e-06
conditional-fit-0055,axis4_reasoning_termination,1394,1.7465634535593797e-05
conditional-fit-0055,axis4_reasoning_termination,1395,4.691858870341947e-06
conditional-fit-0055,axis4_reasoning_termination,1396,0.00012395184602720477
conditional-fit-0055,axis4_reasoning_termination,1397,2.3042657924859823e-06
conditional-fit-0055,axis4_reasoning_termination,1398,0.008657687888231312
conditional-fit-0055,axis4_reasoning_termination,1399,0.009989224483291497
conditional-fit-0055,axis4_reasoning_termination,1400,0.08378291087326921
conditional-fit-0055,axis4_reasoning_termination,1401,6.150062553336242e-05
conditional-fit-0055,axis4_reasoning_termination,1402,0.033000549774316566
conditional-fit-0055,axis4_reasoning_termination,1403,0.0030047649254850463
conditional-fit-0055,axis4_reasoning_termination,1404,5.173937605020763e-06
conditional-fit-0055,axis4_reasoning_termination,1405,9.174081143173648e-06
conditional-fit-0055,axis4_reasoning_termination,1406,1.2369356467986022e-06
conditional-fit-0055,axis4_reasoning_termination,1407,0.008061950404871975
conditional-fit-0055,axis4_reasoning_termination,1408,1.803971277698185e-07
conditional-fit-0055,axis4_reasoning_termination,1409,4.717206875154765e-08
conditional-fit-0055,axis4_reasoning_termination,1410,3.2651558423824483e-06
conditional-fit-0055,axis4_reasoning_termination,1411,5.907749716751263e-06
conditional-fit-0055,axis4_reasoning_termination,1412,1.0420860211328958e-06
conditional-fit-0055,axis4_reasoning_termination,1413,0.010404110329631077
conditional-fit-0055,axis4_reasoning_termination,1414,0.0008847587266994589
conditional-fit-0055,axis4_reasoning_termination,1415,7.45146652548003e-05
conditional-fit-0055,axis4_reasoning_termination,1416,1.1743932069551055e-06
conditional-fit-0055,axis4_reasoning_termination,1417,0.00024405399193604832
conditional-fit-0055,axis4_reasoning_termination,1418,4.227689344887025e-06
conditional-fit-0055,axis4_reasoning_termination,1419,8.785518443877065e-06
conditional-fit-0055,axis4_reasoning_termination,1420,3.7578417457855786e-06
conditional-fit-0055,axis4_reasoning_termination,1421,6.492253025360921e-06
conditional-fit-0055,axis4_reasoning_termination,1422,1.1935157081705667e-06
conditional-fit-0055,axis4_reasoning_termination,1423,0.0003145325024246809
conditional-fit-0055,axis4_reasoning_termination,1424,1.523172769893798e-07
conditional-fit-0055,axis4_reasoning_termination,1425,5.031613816498121e-07
conditional-fit-0055,axis4_reasoning_termination,1426,6.262562241232086e-07
conditional-fit-0055,axis4_reasoning_termination,1427,2.46564846505044e-05
conditional-fit-0055,axis4_reasoning_termination,1428,3.051966757395777e-06
conditional-fit-0055,axis4_reasoning_termination,1429,2.710800363528505e-05
conditional-fit-0055,axis4_reasoning_termination,1430,5.976511733815588e-06
conditional-fit-0055,axis4_reasoning_termination,1431,1.9178726916542017e-06
conditional-fit-0055,axis4_reasoning_termination,1432,6.832316241159994e-08
conditional-fit-0055,axis4_reasoning_termination,1433,1.9342725174018028e-06
conditional-fit-0055,axis4_reasoning_termination,1434,4.4771682256607934e-05
conditional-fit-0055,axis4_reasoning_termination,1435,7.75239148367035e-06
conditional-fit-0055,axis4_reasoning_termination,1436,4.167264160835715e-05
conditional-fit-0055,axis4_reasoning_termination,1437,2.516651601353867e-06
conditional-fit-0055,axis4_reasoning_termination,1438,0.003933202229266796
conditional-fit-0055,axis4_reasoning_termination,1439,0.05983526451387365
conditional-fit-0055,axis4_reasoning_termination,1440,0.00026429281052763016
conditional-fit-0055,axis4_reasoning_termination,1441,0.03304161262574582
conditional-fit-0055,axis4_reasoning_termination,1442,0.0032956315156445967
conditional-fit-0055,axis4_reasoning_termination,1443,2.835388651322667e-06
conditional-fit-0055,axis4_reasoning_termination,1444,2.750194118713638e-06
conditional-fit-0055,axis4_reasoning_termination,1445,2.6032616590184425e-07
conditional-fit-0055,axis4_reasoning_termination,1446,0.01479912450039396
conditional-fit-0055,axis4_reasoning_termination,1447,5.654939650300562e-06
conditional-fit-0055,axis4_reasoning_termination,1448,5.334524586682499e-06
conditional-fit-0055,axis4_reasoning_termination,1449,3.46431202779014e-06
conditional-fit-0055,axis4_reasoning_termination,1450,5.0419465721614166e-05
conditional-fit-0055,axis4_reasoning_termination,1451,0.0015613957948011222
conditional-fit-0055,axis4_reasoning_termination,1452,0.0014274363659301137
conditional-fit-0055,axis4_reasoning_termination,1453,2.929313686440183e-06
conditional-fit-0055,axis4_reasoning_termination,1454,1.2975547601495905e-06
conditional-fit-0055,axis4_reasoning_termination,1455,0.0003464139088322968
conditional-fit-0055,axis4_reasoning_termination,1456,6.412260739283897e-07
conditional-fit-0055,axis4_reasoning_termination,1457,1.1468432433444204e-06
conditional-fit-0055,axis4_reasoning_termination,1458,2.7452072414381235e-06
conditional-fit-0055,axis4_reasoning_termination,1459,6.621517774489975e-08
conditional-fit-0055,axis4_reasoning_termination,1460,4.177934010909144e-07
conditional-fit-0055,axis4_reasoning_termination,1461,2.3166727153841095e-06
conditional-fit-0055,axis4_reasoning_termination,1462,2.0261344455878217e-06
conditional-fit-0055,axis4_reasoning_termination,1463,1.1993156989669708e-06
conditional-fit-0055,axis4_reasoning_termination,1464,1.7315906888662708e-07
conditional-fit-0055,axis4_reasoning_termination,1465,1.1849598897452632e-06
conditional-fit-0055,axis4_reasoning_termination,1466,1.9430507649591236e-07
conditional-fit-0055,axis4_reasoning_termination,1467,5.75991701940724e-07
conditional-fit-0055,axis4_reasoning_termination,1468,3.1774533806638425e-06
conditional-fit-0055,axis4_reasoning_termination,1469,2.3008318561163345e-06
conditional-fit-0055,axis4_reasoning_termination,1470,2.4549620078898687e-05
conditional-fit-0055,axis4_reasoning_termination,1471,2.3771144909767056e-06
conditional-fit-0055,axis4_reasoning_termination,1472,7.303102138914062e-07
conditional-fit-0055,axis4_reasoning_termination,1473,2.1128687460923724e-06
conditional-fit-0055,axis4_reasoning_termination,1474,1.008072207501403e-06
conditional-fit-0055,axis4_reasoning_termination,1475,2.8409253756399207e-06
conditional-fit-0055,axis4_reasoning_termination,1476,1.183522117029194e-06
conditional-fit-0055,axis4_reasoning_termination,1477,6.817689796687581e-07
conditional-fit-0055,axis4_reasoning_termination,1478,1.8071957700892306e-06
conditional-fit-0055,axis4_reasoning_termination,1479,9.888714112595018e-07
conditional-fit-0055,axis4_reasoning_termination,1480,0.0001097487711468075
conditional-fit-0055,axis4_reasoning_termination,1481,4.82752803081471e-06
conditional-fit-0055,axis4_reasoning_termination,1482,1.4756238986598734e-06
conditional-fit-0055,axis4_reasoning_termination,1483,7.23106454621333e-06
conditional-fit-0055,axis4_reasoning_termination,1484,2.8069837329802766e-06
conditional-fit-0055,axis4_reasoning_termination,1485,2.5109496173967806e-06
conditional-fit-0055,axis4_reasoning_termination,1486,2.901797949313496e-06
conditional-fit-0055,axis4_reasoning_termination,1487,8.911497964824666e-07
conditional-fit-0055,axis4_reasoning_termination,1488,1.5083433914716817e-06
conditional-fit-0055,axis4_reasoning_termination,1489,5.024687519108436e-07
conditional-fit-0055,axis4_reasoning_termination,1490,7.0699761314096065e-06
conditional-fit-0055,axis4_reasoning_termination,1491,2.0998344121997192e-05
conditional-fit-0055,axis4_reasoning_termination,1492,6.0982005273481264e-05
conditional-fit-0055,axis4_reasoning_termination,1493,3.473263346697225e-06
conditional-fit-0055,axis4_reasoning_termination,1494,3.113238109889188e-06
conditional-fit-0055,axis4_reasoning_termination,1495,0.0030757458023661843
conditional-fit-0055,axis4_reasoning_termination,1496,0.02947134816998921
conditional-fit-0055,axis4_reasoning_termination,1497,5.430720961475313e-05
conditional-fit-0055,axis4_reasoning_termination,1498,0.045703581287495965
conditional-fit-0055,axis4_reasoning_termination,1499,0.008390217418889775
conditional-fit-0055,axis4_reasoning_termination,1500,2.843863416461199e-06
conditional-fit-0055,axis4_reasoning_termination,1501,1.691850451876432e-06
conditional-fit-0055,axis4_reasoning_termination,1502,4.277239913900743e-06
conditional-fit-0055,axis4_reasoning_termination,1503,0.009345906372382771
conditional-fit-0055,axis4_reasoning_termination,1504,7.097480719915474e-07
conditional-fit-0055,axis4_reasoning_termination,1505,1.7323902619252205e-06
conditional-fit-0055,axis4_reasoning_termination,1506,1.536192953372056e-06
conditional-fit-0055,axis4_reasoning_termination,1507,7.653212666632942e-07
conditional-fit-0055,axis4_reasoning_termination,1508,4.877315316961205e-06
conditional-fit-0055,axis4_reasoning_termination,1509,5.697311551432196e-06
conditional-fit-0055,axis4_reasoning_termination,1510,0.0012801656290135311
conditional-fit-0055,axis4_reasoning_termination,1511,0.0004915823894089315
conditional-fit-0055,axis4_reasoning_termination,1512,1.3884939105577558e-05
conditional-fit-0055,axis4_reasoning_termination,1513,1.2765620506632238e-06
conditional-fit-0055,axis4_reasoning_termination,1514,5.598443739099999e-05
conditional-fit-0055,axis4_reasoning_termination,1515,1.6459016314696098e-06
conditional-fit-0055,axis4_reasoning_termination,1516,2.7307820838917936e-06
conditional-fit-0055,axis4_reasoning_termination,1517,3.419800513465021e-06
conditional-fit-0055,axis4_reasoning_termination,1518,5.4080924815051485e-06
conditional-fit-0055,axis4_reasoning_termination,1519,2.434400332752714e-06
conditional-fit-0055,axis4_reasoning_termination,1520,3.882660092788747e-06
conditional-fit-0055,axis4_reasoning_termination,1521,2.1857562874996646e-06
conditional-fit-0055,axis4_reasoning_termination,1522,1.0102279287635663e-06
conditional-fit-0055,axis4_reasoning_termination,1523,1.1665416250368145e-06
conditional-fit-0055,axis4_reasoning_termination,1524,1.6654330883510733e-06
conditional-fit-0055,axis4_reasoning_termination,1525,5.117072221178767e-06
conditional-fit-0055,axis4_reasoning_termination,1526,6.276068198208264e-06
conditional-fit-0055,axis4_reasoning_termination,1527,2.134680688580291e-06
conditional-fit-0055,axis4_reasoning_termination,1528,9.896127369007263e-06
conditional-fit-0055,axis4_reasoning_termination,1529,5.989547753985986e-06
conditional-fit-0055,axis4_reasoning_termination,1530,8.923873951161197e-06
conditional-fit-0055,axis4_reasoning_termination,1531,3.09756748812177e-06
conditional-fit-0055,axis4_reasoning_termination,1532,4.2933812864926415e-06
conditional-fit-0055,axis4_reasoning_termination,1533,9.77730733790009e-07
conditional-fit-0055,axis4_reasoning_termination,1534,9.759048408461819e-06
conditional-fit-0055,axis4_reasoning_termination,1535,2.3509497734769604e-05
conditional-fit-0055,axis4_reasoning_termination,1536,5.322575385302891e-05
conditional-fit-0055,axis4_reasoning_termination,1537,1.2995815937753166e-06
conditional-fit-0055,axis4_reasoning_termination,1538,5.5552898782053546e-06
conditional-fit-0055,axis4_reasoning_termination,1539,1.7328726192070367e-06
conditional-fit-0055,axis4_reasoning_termination,1540,1.853321813068249e-05
conditional-fit-0055,axis4_reasoning_termination,1541,1.466916875263388e-05
conditional-fit-0055,axis4_reasoning_termination,1542,1.1991549859442685e-06
conditional-fit-0055,axis4_reasoning_termination,1543,0.003910951395918366
conditional-fit-0055,axis4_reasoning_termination,1544,0.01670299666723911
conditional-fit-0055,axis4_reasoning_termination,1545,4.6255806748714975e-05
conditional-fit-0055,axis4_reasoning_termination,1546,0.0393616166950913
conditional-fit-0055,axis4_reasoning_termination,1547,0.002647528140692655
conditional-fit-0055,axis4_reasoning_termination,1548,1.9590769664751593e-06
conditional-fit-0055,axis4_reasoning_termination,1549,2.1562588642282367e-06
conditional-fit-0055,axis4_reasoning_termination,1550,5.2583538094254816e-06
conditional-fit-0055,axis4_reasoning_termination,1551,0.007717557124549829
conditional-fit-0055,axis4_reasoning_termination,1552,4.0114119825548373e-07
conditional-fit-0055,axis4_reasoning_termination,1553,4.539249753454347e-06
conditional-fit-0055,axis4_reasoning_termination,1554,4.0217153261451664e-05
conditional-fit-0055,axis4_reasoning_termination,1555,1.0008851474877868e-06
conditional-fit-0055,axis4_reasoning_termination,1556,5.413039148428469e-06
conditional-fit-0055,axis4_reasoning_termination,1557,7.984268045854034e-06
conditional-fit-0055,axis4_reasoning_termination,1558,0.0005619905029097581
conditional-fit-0055,axis4_reasoning_termination,1559,0.0015518403653811152
conditional-fit-0055,axis4_reasoning_termination,1560,4.449170638747748e-06
conditional-fit-0055,axis4_reasoning_termination,1561,1.8096090774929372e-06
conditional-fit-0055,axis4_reasoning_termination,1562,0.0003584284737201889
conditional-fit-0055,axis4_reasoning_termination,1563,6.193356331003972e-06
conditional-fit-0055,axis4_reasoning_termination,1564,1.6030734359095832e-06
conditional-fit-0055,axis4_reasoning_termination,1565,7.141674529769509e-06
conditional-fit-0055,axis4_reasoning_termination,1566,3.37503141146668e-06
conditional-fit-0055,axis4_reasoning_termination,1567,4.231863285272891e-06
conditional-fit-0055,axis4_reasoning_termination,1568,3.6076228433907375e-06
conditional-fit-0055,axis4_reasoning_termination,1569,1.8822229762249972e-06
conditional-fit-0055,axis4_reasoning_termination,1570,5.224090324470855e-06
conditional-fit-0055,axis4_reasoning_termination,1571,2.3860620461451214e-06
conditional-fit-0055,axis4_reasoning_termination,1572,9.856592828378715e-06
conditional-fit-0055,axis4_reasoning_termination,1573,9.85662142106455e-06
conditional-fit-0055,axis4_reasoning_termination,1574,1.599387728940819e-06
conditional-fit-0055,axis4_reasoning_termination,1575,4.654165883619705e-06
conditional-fit-0055,axis4_reasoning_termination,1576,0.00012230558249240751
conditional-fit-0055,axis4_reasoning_termination,1577,1.9537140937975893e-06
conditional-fit-0055,axis4_reasoning_termination,1578,1.2035082131074666e-05
conditional-fit-0055,axis4_reasoning_termination,1579,1.5339808042102921e-06
conditional-fit-0055,axis4_reasoning_termination,1580,2.6692298540999112e-06
conditional-fit-0055,axis4_reasoning_termination,1581,1.7204649153700066e-05
conditional-fit-0055,axis4_reasoning_termination,1582,1.9281164243671173e-06
conditional-fit-0055,axis4_reasoning_termination,1583,1.138118070080533e-05
conditional-fit-0055,axis4_reasoning_termination,1584,0.0002146352355157779
conditional-fit-0055,axis4_reasoning_termination,1585,8.787868429038725e-07
conditional-fit-0055,axis4_reasoning_termination,1586,8.526375890721064e-06
conditional-fit-0055,axis4_reasoning_termination,1587,2.857621123575399e-05
conditional-fit-0055,axis4_reasoning_termination,1588,4.970008538907457e-06
conditional-fit-0055,axis4_reasoning_termination,1589,1.9358531279620225e-05
conditional-fit-0055,axis4_reasoning_termination,1590,1.79057744939285e-06
conditional-fit-0055,axis4_reasoning_termination,1591,0.003345615827650499
conditional-fit-0055,axis4_reasoning_termination,1592,0.02349637214245836
conditional-fit-0055,axis4_reasoning_termination,1593,0.00033868595358024057
conditional-fit-0055,axis4_reasoning_termination,1594,0.04632317887766371
conditional-fit-0055,axis4_reasoning_termination,1595,0.002655900505513415
conditional-fit-0055,axis4_reasoning_termination,1596,4.902439003589133e-05
conditional-fit-0055,axis4_reasoning_termination,1597,0.014944498208130447
conditional-fit-0055,axis4_reasoning_termination,1598,4.014383271048252e-07
conditional-fit-0055,axis4_reasoning_termination,1599,3.7542842232934586e-06
conditional-fit-0055,axis4_reasoning_termination,1600,0.00033648139071963315
conditional-fit-0055,axis4_reasoning_termination,1601,6.600214064110238e-08
conditional-fit-0055,axis4_reasoning_termination,1602,1.027669778132985e-05
conditional-fit-0055,axis4_reasoning_termination,1603,4.7264666643439595e-06
conditional-fit-0055,axis4_reasoning_termination,1604,2.5281711758954412e-06
conditional-fit-0055,axis4_reasoning_termination,1605,2.560273696362017e-05
conditional-fit-0055,axis4_reasoning_termination,1606,4.943279046243952e-07
conditional-fit-0055,axis4_reasoning_termination,1607,1.6700518072521665e-06
conditional-fit-0055,axis4_reasoning_termination,1608,9.165800750498391e-07
conditional-fit-0055,axis4_reasoning_termination,1609,2.3465730373494414e-05
conditional-fit-0055,axis4_reasoning_termination,1610,1.8367867290691483e-05
conditional-fit-0055,axis4_reasoning_termination,1611,4.044225974606107e-05
conditional-fit-0055,axis4_reasoning_termination,1612,1.246007317942171e-05
conditional-fit-0055,axis4_reasoning_termination,1613,1.512567316205039e-06
conditional-fit-0055,axis4_reasoning_termination,1614,2.2435564272091193e-06
conditional-fit-0055,axis4_reasoning_termination,1615,2.9621169478121e-06
conditional-fit-0055,axis4_reasoning_termination,1616,0.0002043384887324183
conditional-fit-0055,axis4_reasoning_termination,1617,0.00034843065131733486
conditional-fit-0055,axis4_reasoning_termination,1618,0.0002963240098744113
conditional-fit-0055,axis4_reasoning_termination,1619,0.0016419266465586598
conditional-fit-0055,axis4_reasoning_termination,1620,2.3056055273692372e-05
conditional-fit-0055,axis4_reasoning_termination,1621,2.52144964929894e-06
conditional-fit-0055,axis4_reasoning_termination,1622,2.048639990592762e-06
conditional-fit-0055,axis4_reasoning_termination,1623,3.037105868781745e-06
conditional-fit-0055,axis4_reasoning_termination,1624,1.811442536552016e-06
conditional-fit-0055,axis4_reasoning_termination,1625,2.0356764646971368e-05
conditional-fit-0055,axis4_reasoning_termination,1626,8.459916317436941e-07
conditional-fit-0055,axis4_reasoning_termination,1627,2.625353965800363e-06
conditional-fit-0055,axis4_reasoning_termination,1628,3.948886270920759e-06
conditional-fit-0055,axis4_reasoning_termination,1629,5.19786781435797e-06
conditional-fit-0055,axis4_reasoning_termination,1630,2.0997388734301248e-05
conditional-fit-0055,axis4_reasoning_termination,1631,3.03197210429981e-06
conditional-fit-0055,axis4_reasoning_termination,1632,1.1799510158943725e-05
conditional-fit-0055,axis4_reasoning_termination,1633,7.002068517909156e-06
conditional-fit-0055,axis4_reasoning_termination,1634,1.9869952170065667e-06
conditional-fit-0055,axis4_reasoning_termination,1635,1.528488876366203e-05
conditional-fit-0055,axis4_reasoning_termination,1636,2.952899556389894e-06
conditional-fit-0055,axis4_reasoning_termination,1637,2.6588914392572223e-06
conditional-fit-0055,axis4_reasoning_termination,1638,4.210505940907248e-06
conditional-fit-0055,axis4_reasoning_termination,1639,1.546929970292073e-05
conditional-fit-0055,axis4_reasoning_termination,1640,9.439811837429058e-06
conditional-fit-0055,axis4_reasoning_termination,1641,4.2082144334904225e-05
conditional-fit-0055,axis4_reasoning_termination,1642,2.814853551578001e-07
conditional-fit-0055,axis4_reasoning_termination,1643,1.4686892570971755e-05
conditional-fit-0055,axis4_reasoning_termination,1644,5.717174115832549e-06
conditional-fit-0055,axis4_reasoning_termination,1645,1.2444672254479438e-05
conditional-fit-0055,axis4_reasoning_termination,1646,5.309424991414901e-05
conditional-fit-0055,axis4_reasoning_termination,1647,4.198626902573964e-06
conditional-fit-0055,axis4_reasoning_termination,1648,0.0074434724087814085
conditional-fit-0055,axis4_reasoning_termination,1649,0.04369452484547348
conditional-fit-0055,axis4_reasoning_termination,1650,8.3342279719142e-05
conditional-fit-0055,axis4_reasoning_termination,1651,0.05669899520043422
conditional-fit-0055,axis4_reasoning_termination,1652,0.016523490644072172
conditional-fit-0055,axis4_reasoning_termination,1653,1.6094944832425106e-05
conditional-fit-0055,axis4_reasoning_termination,1654,0.003036558101343946
conditional-fit-0055,axis4_reasoning_termination,1655,4.4942520889407454e-06
conditional-fit-0055,axis4_reasoning_termination,1656,1.8687840253642358e-06
conditional-fit-0055,axis4_reasoning_termination,1657,3.578827080203693e-05
conditional-fit-0055,axis4_reasoning_termination,1658,3.1378991312133227e-06
conditional-fit-0055,axis4_reasoning_termination,1659,1.1986392953700077e-06
conditional-fit-0055,axis4_reasoning_termination,1660,1.5958289425325373e-05
conditional-fit-0055,axis4_reasoning_termination,1661,1.176506228565973e-06
conditional-fit-0055,axis4_reasoning_termination,1662,2.441772855265441e-06
conditional-fit-0055,axis4_reasoning_termination,1663,2.234039298043283e-07
conditional-fit-0055,axis4_reasoning_termination,1664,8.557633495115854e-07
conditional-fit-0055,axis4_reasoning_termination,1665,0.0006841476124015039
conditional-fit-0055,axis4_reasoning_termination,1666,1.1423476689186526e-05
conditional-fit-0055,axis4_reasoning_termination,1667,1.6100023286910002e-06
conditional-fit-0055,axis4_reasoning_termination,1668,6.4314947681098685e-06
conditional-fit-0055,axis4_reasoning_termination,1669,2.13076589846053e-06
conditional-fit-0055,axis4_reasoning_termination,1670,1.1554929855101296e-05
conditional-fit-0055,axis4_reasoning_termination,1671,1.1154587707546376e-05
conditional-fit-0055,axis4_reasoning_termination,1672,0.00015772018421989826
conditional-fit-0055,axis4_reasoning_termination,1673,0.00034699077911273525
conditional-fit-0055,axis4_reasoning_termination,1674,0.00142544798944605
conditional-fit-0055,axis4_reasoning_termination,1675,1.9101322427049783e-06
conditional-fit-0055,axis4_reasoning_termination,1676,5.178559001398268e-07
conditional-fit-0055,axis4_reasoning_termination,1677,1.2175950028614616e-05
conditional-fit-0055,axis4_reasoning_termination,1678,3.229600461921443e-07
conditional-fit-0055,axis4_reasoning_termination,1679,2.4302072655333036e-07
conditional-fit-0055,axis4_reasoning_termination,1680,5.093656826719846e-06
conditional-fit-0055,axis4_reasoning_termination,1681,1.545178465546995e-06
conditional-fit-0055,axis4_reasoning_termination,1682,6.565215934555763e-07
conditional-fit-0055,axis4_reasoning_termination,1683,1.00855693021248e-06
conditional-fit-0055,axis4_reasoning_termination,1684,1.268225240954056e-06
conditional-fit-0055,axis4_reasoning_termination,1685,1.7828119613841244e-07
conditional-fit-0055,axis4_reasoning_termination,1686,7.235480198352894e-06
conditional-fit-0055,axis4_reasoning_termination,1687,2.3551511863761594e-06
conditional-fit-0055,axis4_reasoning_termination,1688,1.6932467978603896e-06
conditional-fit-0055,axis4_reasoning_termination,1689,8.712109521929415e-06
conditional-fit-0055,axis4_reasoning_termination,1690,2.0036570613340486e-06
conditional-fit-0055,axis4_reasoning_termination,1691,7.871711963656545e-07
conditional-fit-0055,axis4_reasoning_termination,1692,2.6309382511082373e-06
conditional-fit-0055,axis4_reasoning_termination,1693,1.1300726218015605e-06
conditional-fit-0055,axis4_reasoning_termination,1694,2.861016787537006e-05
conditional-fit-0055,axis4_reasoning_termination,1695,2.9857940788029998e-05
conditional-fit-0055,axis4_reasoning_termination,1696,5.552057467875636e-07
conditional-fit-0055,axis4_reasoning_termination,1697,2.488911654707165e-06
conditional-fit-0055,axis4_reasoning_termination,1698,6.844313532712248e-07
conditional-fit-0055,axis4_reasoning_termination,1699,2.5324098333656286e-06
conditional-fit-0055,axis4_reasoning_termination,1700,2.2760856480029482e-06
conditional-fit-0055,axis4_reasoning_termination,1701,3.3714267162414683e-06
conditional-fit-0055,axis4_reasoning_termination,1702,5.966265579505571e-06
conditional-fit-0055,axis4_reasoning_termination,1703,2.911404554379689e-06
conditional-fit-0055,axis4_reasoning_termination,1704,1.7133110530744406e-06
conditional-fit-0055,axis4_reasoning_termination,1705,6.576657682685164e-07
conditional-fit-0055,axis4_reasoning_termination,1706,1.471285448506872e-06
conditional-fit-0055,axis4_reasoning_termination,1707,2.028007417087733e-06
conditional-fit-0055,axis4_reasoning_termination,1708,6.843237826341819e-07
conditional-fit-0055,axis4_reasoning_termination,1709,1.7301339925955597e-06
conditional-fit-0055,axis4_reasoning_termination,1710,0.0001519698986227444
conditional-fit-0055,axis4_reasoning_termination,1711,4.877937422148994e-06
conditional-fit-0055,axis4_reasoning_termination,1712,8.640629460270566e-05
conditional-fit-0055,axis4_reasoning_termination,1713,1.485718514809104e-06
conditional-fit-0055,axis4_reasoning_termination,1714,0.004635246915529237
conditional-fit-0055,axis4_reasoning_termination,1715,0.014973271773223974
conditional-fit-0055,axis4_reasoning_termination,1716,4.522642022867853e-05
conditional-fit-0055,axis4_reasoning_termination,1717,0.03111605821542733
conditional-fit-0055,axis4_reasoning_termination,1718,0.0024708806007517972
conditional-fit-0055,axis4_reasoning_termination,1719,2.1902268702275894e-06
conditional-fit-0055,axis4_reasoning_termination,1720,4.058358596784214e-06
conditional-fit-0055,axis4_reasoning_termination,1721,1.0622878319293309e-06
conditional-fit-0055,axis4_reasoning_termination,1722,0.0044803094847361315
conditional-fit-0055,axis4_reasoning_termination,1723,3.299270513281811e-07
conditional-fit-0055,axis4_reasoning_termination,1724,9.764097175169898e-07
conditional-fit-0055,axis4_reasoning_termination,1725,0.0001606329184308911
conditional-fit-0055,axis4_reasoning_termination,1726,2.963225889845049e-07
conditional-fit-0055,axis4_reasoning_termination,1727,4.148985183517987e-06
conditional-fit-0055,axis4_reasoning_termination,1728,1.941578501196671e-05
conditional-fit-0055,axis4_reasoning_termination,1729,0.00043418814949770703
conditional-fit-0055,axis4_reasoning_termination,1730,0.0016743018444914908
conditional-fit-0055,axis4_reasoning_termination,1731,1.7971984160578303e-05
conditional-fit-0055,axis4_reasoning_termination,1732,4.262687545474727e-06
conditional-fit-0055,axis4_reasoning_termination,1733,0.00013573602411471642
conditional-fit-0055,axis4_reasoning_termination,1734,1.3921788907321243e-06
conditional-fit-0055,axis4_reasoning_termination,1735,4.510671480230466e-06
conditional-fit-0055,axis4_reasoning_termination,1736,3.909281273761933e-06
conditional-fit-0055,axis4_reasoning_termination,1737,1.8909442171734734e-07
conditional-fit-0055,axis4_reasoning_termination,1738,1.6101771552278564e-06
conditional-fit-0055,axis4_reasoning_termination,1739,3.2800687594559278e-06
conditional-fit-0055,axis4_reasoning_termination,1740,9.826873539391307e-07
conditional-fit-0055,axis4_reasoning_termination,1741,6.403337519506046e-06
conditional-fit-0055,axis4_reasoning_termination,1742,2.4882468947908613e-06
conditional-fit-0055,axis4_reasoning_termination,1743,2.34894137938366e-06
conditional-fit-0055,axis4_reasoning_termination,1744,4.970930391026145e-05
conditional-fit-0055,axis4_reasoning_termination,1745,6.0919727877755086e-06
conditional-fit-0055,axis4_reasoning_termination,1746,5.896140712970949e-06
conditional-fit-0055,axis4_reasoning_termination,1747,5.915561624685387e-06
conditional-fit-0055,axis4_reasoning_termination,1748,7.224368050966482e-07
conditional-fit-0055,axis4_reasoning_termination,1749,3.97760779442393e-06
conditional-fit-0055,axis4_reasoning_termination,1750,1.7694224728873387e-06
conditional-fit-0055,axis4_reasoning_termination,1751,2.4591524641073687e-06
conditional-fit-0055,axis4_reasoning_termination,1752,1.3860204690164127e-06
conditional-fit-0055,axis4_reasoning_termination,1753,1.2285933624682913e-05
conditional-fit-0055,axis4_reasoning_termination,1754,5.59828481864486e-06
conditional-fit-0055,axis4_reasoning_termination,1755,9.24091683365858e-06
conditional-fit-0055,axis4_reasoning_termination,1756,3.075969167447214e-07
conditional-fit-0055,axis4_reasoning_termination,1757,8.14685378517722e-06
conditional-fit-0055,axis4_reasoning_termination,1758,1.0638762010809336e-05
conditional-fit-0055,axis4_reasoning_termination,1759,6.786353365820997e-06
conditional-fit-0055,axis4_reasoning_termination,1760,0.000208991731218669
conditional-fit-0055,axis4_reasoning_termination,1761,2.0332223024431033e-06
conditional-fit-0055,axis4_reasoning_termination,1762,0.0057674415268955965
conditional-fit-0055,axis4_reasoning_termination,1763,0.1030302543476231
conditional-fit-0055,axis4_reasoning_termination,1764,0.00014424810524788704
conditional-fit-0055,axis4_reasoning_termination,1765,0.049144622513973016
conditional-fit-0055,axis4_reasoning_termination,1766,0.002254433607536483
conditional-fit-0055,axis4_reasoning_termination,1767,1.0634550376416922e-06
conditional-fit-0055,axis4_reasoning_termination,1768,4.135891053145454e-07
conditional-fit-0055,axis4_reasoning_termination,1769,7.196668815172153e-06
conditional-fit-0055,axis4_reasoning_termination,1770,0.008829716079954399
conditional-fit-0055,axis4_reasoning_termination,1771,4.407734668286488e-07
conditional-fit-0055,axis4_reasoning_termination,1772,2.640532028999443e-07
conditional-fit-0055,axis4_reasoning_termination,1773,1.0634169171374812e-05
conditional-fit-0055,axis4_reasoning_termination,1774,1.122339603833845e-06
conditional-fit-0055,axis4_reasoning_termination,1775,2.866321501828445e-06
conditional-fit-0055,axis4_reasoning_termination,1776,1.4755801769484002e-05
conditional-fit-0055,axis4_reasoning_termination,1777,0.0009128387982976548
conditional-fit-0055,axis4_reasoning_termination,1778,0.0013247132446906691
conditional-fit-0055,axis4_reasoning_termination,1779,3.505596715044809e-06
conditional-fit-0055,axis4_reasoning_termination,1780,1.5043112956353011e-06
conditional-fit-0055,axis4_reasoning_termination,1781,6.578266501959609e-05
conditional-fit-0055,axis4_reasoning_termination,1782,3.7648199861803886e-06
conditional-fit-0055,axis4_reasoning_termination,1783,2.401706470848302e-06
conditional-fit-0055,axis4_reasoning_termination,1784,4.802247424735752e-06
conditional-fit-0055,axis4_reasoning_termination,1785,1.6975245824625489e-06
conditional-fit-0055,axis4_reasoning_termination,1786,1.42717535308871e-05
conditional-fit-0055,axis4_reasoning_termination,1787,4.646635412767821e-06
conditional-fit-0055,axis4_reasoning_termination,1788,6.564601317906903e-07
conditional-fit-0055,axis4_reasoning_termination,1789,2.343968314616832e-05
conditional-fit-0055,axis4_reasoning_termination,1790,1.6613778139531376e-06
conditional-fit-0055,axis4_reasoning_termination,1791,1.9930515803316877e-06
conditional-fit-0055,axis4_reasoning_termination,1792,1.3188115173717812e-05
conditional-fit-0055,axis4_reasoning_termination,1793,2.6169604492431316e-06
conditional-fit-0055,axis4_reasoning_termination,1794,8.957401364692693e-06
conditional-fit-0055,axis4_reasoning_termination,1795,8.025343674644409e-06
conditional-fit-0055,axis4_reasoning_termination,1796,5.846564214565236e-07
conditional-fit-0055,axis4_reasoning_termination,1797,6.593783960373245e-06
conditional-fit-0055,axis4_reasoning_termination,1798,9.378605671448229e-07
conditional-fit-0055,axis4_reasoning_termination,1799,4.410187412548798e-06
conditional-fit-0055,axis4_reasoning_termination,1800,6.7827341953336056e-06
conditional-fit-0055,axis4_reasoning_termination,1801,1.0123520405217042e-05
conditional-fit-0055,axis4_reasoning_termination,1802,1.762222124973437e-05
conditional-fit-0055,axis4_reasoning_termination,1803,3.622799472708433e-05
conditional-fit-0055,axis4_reasoning_termination,1804,1.4754184268361673e-07
conditional-fit-0055,axis4_reasoning_termination,1805,1.0205605583491715e-05
conditional-fit-0055,axis4_reasoning_termination,1806,5.758397370562326e-06
conditional-fit-0055,axis4_reasoning_termination,1807,5.291870607605995e-06
conditional-fit-0055,axis4_reasoning_termination,1808,0.00012098985416418189
conditional-fit-0055,axis4_reasoning_termination,1809,9.873883531868246e-07
conditional-fit-0055,axis4_reasoning_termination,1810,0.009099782145367325
conditional-fit-0055,axis4_reasoning_termination,1811,0.01648565162076819
conditional-fit-0055,axis4_reasoning_termination,1812,0.07307844208078167
conditional-fit-0055,axis4_reasoning_termination,1813,0.00025121877087049883
conditional-fit-0055,axis4_reasoning_termination,1814,0.03991471385925704
conditional-fit-0055,axis4_reasoning_termination,1815,0.0022099018111392255
conditional-fit-0055,axis4_reasoning_termination,1816,2.6615225689152356e-06
conditional-fit-0055,axis4_reasoning_termination,1817,3.533303793839034e-05
conditional-fit-0055,axis4_reasoning_termination,1818,4.059260593143606e-06
conditional-fit-0055,axis4_reasoning_termination,1819,0.020148962013212337
conditional-fit-0055,axis4_reasoning_termination,1820,2.0508173467973226e-05
conditional-fit-0055,axis4_reasoning_termination,1821,2.0022602811526575e-05
conditional-fit-0055,axis4_reasoning_termination,1822,0.0007744879681435002
conditional-fit-0055,axis4_reasoning_termination,1823,0.001376523891568445
conditional-fit-0055,axis4_reasoning_termination,1824,5.098021065260982e-06
conditional-fit-0055,axis4_reasoning_termination,1825,6.749567796164676e-06
conditional-fit-0055,axis4_reasoning_termination,1826,4.385449683759333e-05
conditional-fit-0055,axis4_reasoning_termination,1827,1.040216993255953e-06
conditional-fit-0055,axis4_reasoning_termination,1828,1.922716774164775e-06
conditional-fit-0055,axis4_reasoning_termination,1829,2.5191005424755144e-05
conditional-fit-0055,axis4_reasoning_termination,1830,3.922693049697091e-07
conditional-fit-0055,axis4_reasoning_termination,1831,2.06210834386732e-06
conditional-fit-0055,axis4_reasoning_termination,1832,4.097518548133357e-06
conditional-fit-0055,axis4_reasoning_termination,1833,1.03863911474686e-05
conditional-fit-0055,axis4_reasoning_termination,1834,1.0333891363103817e-05
conditional-fit-0055,axis4_reasoning_termination,1835,1.0094342487010286e-06
conditional-fit-0055,axis4_reasoning_termination,1836,6.018123171484988e-06
conditional-fit-0055,axis4_reasoning_termination,1837,9.736594360677349e-08
conditional-fit-0055,axis4_reasoning_termination,1838,2.0861941708282435e-06
conditional-fit-0055,axis4_reasoning_termination,1839,4.198726671347027e-06
conditional-fit-0055,axis4_reasoning_termination,1840,1.578380877681139e-06
conditional-fit-0055,axis4_reasoning_termination,1841,3.2103681733985886e-06
conditional-fit-0055,axis4_reasoning_termination,1842,9.865082676418375e-07
conditional-fit-0055,axis4_reasoning_termination,1843,9.154798319428205e-06
conditional-fit-0055,axis4_reasoning_termination,1844,1.0024092071781047e-06
conditional-fit-0055,axis4_reasoning_termination,1845,6.511894730585474e-06
conditional-fit-0055,axis4_reasoning_termination,1846,3.0236387474023934e-06
conditional-fit-0055,axis4_reasoning_termination,1847,4.051421219541686e-06
conditional-fit-0055,axis4_reasoning_termination,1848,1.774230098095047e-05
conditional-fit-0055,axis4_reasoning_termination,1849,2.9370439355665403e-06
conditional-fit-0055,axis4_reasoning_termination,1850,3.6984057826778445e-07
conditional-fit-0055,axis4_reasoning_termination,1851,1.3043998416106828e-07
conditional-fit-0055,axis4_reasoning_termination,1852,9.556364193329588e-07
conditional-fit-0055,axis4_reasoning_termination,1853,5.017793655699026e-07
conditional-fit-0055,axis4_reasoning_termination,1854,2.9606471537834054e-06
conditional-fit-0055,axis4_reasoning_termination,1855,2.5508275878248136e-06
conditional-fit-0055,axis4_reasoning_termination,1856,1.8064157515157222e-06
conditional-fit-0055,axis4_reasoning_termination,1857,7.180515578827456e-07
conditional-fit-0055,axis4_reasoning_termination,1858,1.3963689852324978e-06
conditional-fit-0055,axis4_reasoning_termination,1859,2.836282948860513e-06
conditional-fit-0055,axis4_reasoning_termination,1860,3.555043643519984e-06
conditional-fit-0055,axis4_reasoning_termination,1861,1.5650328955273077e-05
conditional-fit-0055,axis4_reasoning_termination,1862,3.127525353456882e-06
conditional-fit-0055,axis4_reasoning_termination,1863,4.490129425047868e-07
conditional-fit-0055,axis4_reasoning_termination,1864,7.402567646748716e-07
conditional-fit-0055,axis4_reasoning_termination,1865,4.0112000845460746e-07
conditional-fit-0055,axis4_reasoning_termination,1866,8.549976188228656e-07
conditional-fit-0055,axis4_reasoning_termination,1867,1.1398527971300302e-05
conditional-fit-0055,axis4_reasoning_termination,1868,2.8260143194195946e-07
conditional-fit-0055,axis4_reasoning_termination,1869,1.2234387936774328e-06
conditional-fit-0055,axis4_reasoning_termination,1870,9.751224676768448e-05
conditional-fit-0055,axis4_reasoning_termination,1871,8.212034218997975e-06
conditional-fit-0055,axis4_reasoning_termination,1872,1.1139148687091351e-06
conditional-fit-0055,axis4_reasoning_termination,1873,6.842653277962753e-06
conditional-fit-0055,axis4_reasoning_termination,1874,2.4440695737796872e-05
conditional-fit-0055,axis4_reasoning_termination,1875,8.074576970376035e-07
conditional-fit-0055,axis4_reasoning_termination,1876,7.635146994066064e-06
conditional-fit-0055,axis4_reasoning_termination,1877,7.626934769170271e-07
conditional-fit-0055,axis4_reasoning_termination,1878,5.745269821751855e-06
conditional-fit-0055,axis4_reasoning_termination,1879,2.9707905158366637e-05
conditional-fit-0055,axis4_reasoning_termination,1880,1.6919931068944497e-06
conditional-fit-0055,axis4_reasoning_termination,1881,0.008035978503125324
conditional-fit-0055,axis4_reasoning_termination,1882,0.007878780651412535
conditional-fit-0055,axis4_reasoning_termination,1883,0.06505029065070307
conditional-fit-0055,axis4_reasoning_termination,1884,0.11664132913263772
conditional-fit-0055,axis4_reasoning_termination,1885,0.000411189535712913
conditional-fit-0055,axis4_reasoning_termination,1886,4.705512804403171e-06
conditional-fit-0055,axis4_reasoning_termination,1887,8.053460864559223e-05
conditional-fit-0055,axis4_reasoning_termination,1888,2.5223594319141503e-05
conditional-fit-0055,axis4_reasoning_termination,1889,0.0078047830005065315
conditional-fit-0055,axis4_reasoning_termination,1890,2.1279382944037794e-07
conditional-fit-0055,axis4_reasoning_termination,1891,1.6675650036675378e-07
conditional-fit-0055,axis4_reasoning_termination,1892,5.556040001424457e-06
conditional-fit-0055,axis4_reasoning_termination,1893,3.5988640830502293e-06
conditional-fit-0055,axis4_reasoning_termination,1894,3.1385252760256287e-05
conditional-fit-0055,axis4_reasoning_termination,1895,0.0009678246626940956
conditional-fit-0055,axis4_reasoning_termination,1896,0.00030451418227323
conditional-fit-0055,axis4_reasoning_termination,1897,4.5253425868454894e-06
conditional-fit-0055,axis4_reasoning_termination,1898,1.3771491536985468e-06
conditional-fit-0055,axis4_reasoning_termination,1899,5.9311192875451316e-05
conditional-fit-0055,axis4_reasoning_termination,1900,2.8452550997345404e-05
conditional-fit-0055,axis4_reasoning_termination,1901,1.8675388563211668e-06
conditional-fit-0055,axis4_reasoning_termination,1902,7.307333746806801e-06
conditional-fit-0055,axis4_reasoning_termination,1903,2.7986955615580595e-06
conditional-fit-0055,axis4_reasoning_termination,1904,6.369006091229658e-07
conditional-fit-0055,axis4_reasoning_termination,1905,5.110106655485225e-05
conditional-fit-0055,axis4_reasoning_termination,1906,7.825182737802836e-08
conditional-fit-0055,axis4_reasoning_termination,1907,1.123135886128118e-06
conditional-fit-0055,axis4_reasoning_termination,1908,4.237040291109512e-07
conditional-fit-0055,axis4_reasoning_termination,1909,9.56259252109472e-06
conditional-fit-0055,axis4_reasoning_termination,1910,1.3188054450030785e-06
conditional-fit-0055,axis4_reasoning_termination,1911,5.471168577027871e-07
conditional-fit-0055,axis4_reasoning_termination,1912,3.936267635926368e-06
conditional-fit-0055,axis4_reasoning_termination,1913,2.0144255157999227e-06
conditional-fit-0055,axis4_reasoning_termination,1914,6.274935256828103e-09
conditional-fit-0055,axis4_reasoning_termination,1915,1.2302089443194078e-06
conditional-fit-0055,axis4_reasoning_termination,1916,6.605698698941864e-05
conditional-fit-0055,axis4_reasoning_termination,1917,5.091351722529464e-06
conditional-fit-0055,axis4_reasoning_termination,1918,5.592903951054023e-05
conditional-fit-0055,axis4_reasoning_termination,1919,1.0825219019195156e-06
conditional-fit-0055,axis4_reasoning_termination,1920,0.009336232470897324
conditional-fit-0055,axis4_reasoning_termination,1921,0.15600129686568673
conditional-fit-0055,axis4_reasoning_termination,1922,2.7129111540830958e-05
conditional-fit-0055,axis4_reasoning_termination,1923,0.038839715010361715
conditional-fit-0055,axis4_reasoning_termination,1924,0.0022347606346362625
conditional-fit-0055,axis4_reasoning_termination,1925,1.5780291935019364e-06
conditional-fit-0055,axis4_reasoning_termination,1926,1.0693000906372443e-06
conditional-fit-0055,axis4_reasoning_termination,1927,5.689694834835938e-06
conditional-fit-0055,axis4_reasoning_termination,1928,0.004228192855339073
conditional-fit-0055,axis4_reasoning_termination,1929,7.228682910035912e-07
conditional-fit-0055,axis4_reasoning_termination,1930,1.462516114061641e-05
conditional-fit-0055,axis4_reasoning_termination,1931,3.7288301872540202e-06
conditional-fit-0055,axis4_reasoning_termination,1932,1.3417424897090045e-05
conditional-fit-0055,axis4_reasoning_termination,1933,0.0012066912486217824
conditional-fit-0055,axis4_reasoning_termination,1934,0.0004911738305717029
conditional-fit-0055,axis4_reasoning_termination,1935,3.84292964830159e-06
conditional-fit-0055,axis4_reasoning_termination,1936,6.345698060447365e-07
conditional-fit-0055,axis4_reasoning_termination,1937,7.090835228630644e-05
conditional-fit-0055,axis4_reasoning_termination,1938,4.311371845417876e-07
conditional-fit-0055,axis4_reasoning_termination,1939,1.2479562381966204e-07
conditional-fit-0055,axis4_reasoning_termination,1940,2.51665705330742e-06
conditional-fit-0055,axis4_reasoning_termination,1941,3.45351543111744e-08
conditional-fit-0055,axis4_reasoning_termination,1942,7.158314969939025e-07
conditional-fit-0055,axis4_reasoning_termination,1943,1.0102767573329807e-06
conditional-fit-0055,axis4_reasoning_termination,1944,8.168692483386035e-07
conditional-fit-0055,axis4_reasoning_termination,1945,8.725683972375265e-07
conditional-fit-0055,axis4_reasoning_termination,1946,5.89353433437453e-07
conditional-fit-0055,axis4_reasoning_termination,1947,2.2808092968584455e-06
conditional-fit-0055,axis4_reasoning_termination,1948,6.129833920086608e-07
conditional-fit-0055,axis4_reasoning_termination,1949,6.044485366239666e-07
conditional-fit-0055,axis4_reasoning_termination,1950,5.108618832840726e-06
conditional-fit-0055,axis4_reasoning_termination,1951,6.663010177092641e-07
conditional-fit-0055,axis4_reasoning_termination,1952,2.1840848130377856e-05
conditional-fit-0055,axis4_reasoning_termination,1953,1.0631030084846215e-05
conditional-fit-0055,axis4_reasoning_termination,1954,7.113146508212197e-06
conditional-fit-0055,axis4_reasoning_termination,1955,1.3030617371856458e-06
conditional-fit-0055,axis4_reasoning_termination,1956,4.734744534395478e-07
conditional-fit-0055,axis4_reasoning_termination,1957,2.2005468499880973e-05
conditional-fit-0055,axis4_reasoning_termination,1958,1.2550692672722338e-05
conditional-fit-0055,axis4_reasoning_termination,1959,1.5376524030166105e-06
conditional-fit-0055,axis4_reasoning_termination,1960,8.732551485733266e-06
conditional-fit-0055,axis4_reasoning_termination,1961,2.8011593808987867e-06
conditional-fit-0055,axis4_reasoning_termination,1962,7.00311491593515e-06
conditional-fit-0055,axis4_reasoning_termination,1963,5.268712801661782e-06
conditional-fit-0055,axis4_reasoning_termination,1964,2.7100556141417737e-06
conditional-fit-0055,axis4_reasoning_termination,1965,4.09795770926074e-05
conditional-fit-0055,axis4_reasoning_termination,1966,2.016692226595977e-06
conditional-fit-0055,axis4_reasoning_termination,1967,1.1559513765870513e-06
conditional-fit-0055,axis4_reasoning_termination,1968,1.0452554135637414e-06
conditional-fit-0055,axis4_reasoning_termination,1969,3.89573927910417e-06
conditional-fit-0055,axis4_reasoning_termination,1970,2.362398990643622e-06
conditional-fit-0055,axis4_reasoning_termination,1971,8.13132553247061e-07
conditional-fit-0055,axis4_reasoning_termination,1972,1.4358684065508645e-06
conditional-fit-0055,axis4_reasoning_termination,1973,6.225952372730402e-06
conditional-fit-0055,axis4_reasoning_termination,1974,1.3271158412600014e-05
conditional-fit-0055,axis4_reasoning_termination,1975,1.923730544083691e-06
conditional-fit-0055,axis4_reasoning_termination,1976,4.551318293641329e-06
conditional-fit-0055,axis4_reasoning_termination,1977,0.0071440112592598155
conditional-fit-0055,axis4_reasoning_termination,1978,0.01343823759566936
conditional-fit-0055,axis4_reasoning_termination,1979,0.1117360127393969
conditional-fit-0055,axis4_reasoning_termination,1980,0.00013057426876878858
conditional-fit-0055,axis4_reasoning_termination,1981,0.07546556271088953
conditional-fit-0055,axis4_reasoning_termination,1982,0.007596378168413555
conditional-fit-0055,axis4_reasoning_termination,1983,6.271798333129682e-07
conditional-fit-0055,axis4_reasoning_termination,1984,2.557912088375334e-06
conditional-fit-0055,axis4_reasoning_termination,1985,1.9001494310887325e-06
conditional-fit-0055,axis4_reasoning_termination,1986,0.007169724875987139
conditional-fit-0055,axis4_reasoning_termination,1987,7.519632410852517e-06
conditional-fit-0055,axis4_reasoning_termination,1988,0.0002480037299876169
conditional-fit-0055,axis4_reasoning_termination,1989,0.0021224706381462594
conditional-fit-0055,axis4_reasoning_termination,1990,0.00047495685275637225
conditional-fit-0055,axis4_reasoning_termination,1991,4.359395665844159e-06
conditional-fit-0055,axis4_reasoning_termination,1992,2.3185748132726698e-06
conditional-fit-0055,axis4_reasoning_termination,1993,3.6132305880528926e-05
conditional-fit-0055,axis4_reasoning_termination,1994,1.0542434609723323e-06
conditional-fit-0055,axis4_reasoning_termination,1995,1.0161615426515642e-06
conditional-fit-0055,axis4_reasoning_termination,1996,6.598691643058377e-07
conditional-fit-0055,axis4_reasoning_termination,1997,2.3807770184204932e-07
conditional-fit-0055,axis4_reasoning_termination,1998,6.30884623491954e-06
conditional-fit-0055,axis4_reasoning_termination,1999,1.212037289187846e-06
conditional-fit-0055,axis4_reasoning_termination,2000,1.2468351870386767e-06
conditional-fit-0055,axis4_reasoning_termination,2001,1.3448955340847543e-06
conditional-fit-0055,axis4_reasoning_termination,2002,3.4968769886937775e-07
conditional-fit-0055,axis4_reasoning_termination,2003,1.0547333151960878e-06
conditional-fit-0055,axis4_reasoning_termination,2004,3.7200098512915005e-08
conditional-fit-0055,axis4_reasoning_termination,2005,3.236651463424605e-07
conditional-fit-0055,axis4_reasoning_termination,2006,9.251877697362773e-06
conditional-fit-0055,axis4_reasoning_termination,2007,1.964788048025511e-06
conditional-fit-0055,axis4_reasoning_termination,2008,2.9811397060560473e-06
conditional-fit-0055,axis4_reasoning_termination,2009,9.483461945969176e-07
conditional-fit-0055,axis4_reasoning_termination,2010,4.167597214655775e-06
conditional-fit-0055,axis4_reasoning_termination,2011,9.7567674400594e-07
conditional-fit-0055,axis4_reasoning_termination,2012,3.2864685676982065e-06
conditional-fit-0055,axis4_reasoning_termination,2013,1.7253931948383395e-06
conditional-fit-0055,axis4_reasoning_termination,2014,9.441627110480775e-07
conditional-fit-0055,axis4_reasoning_termination,2015,1.0622626434589014e-06
conditional-fit-0055,axis4_reasoning_termination,2016,1.7849455510975604e-06
conditional-fit-0055,axis4_reasoning_termination,2017,2.1747825987296822e-07
conditional-fit-0055,axis4_reasoning_termination,2018,4.1548858119994764e-07
conditional-fit-0055,axis4_reasoning_termination,2019,4.2773309890058236e-07
conditional-fit-0055,axis4_reasoning_termination,2020,1.7841785755452227e-06
conditional-fit-0055,axis4_reasoning_termination,2021,7.064818427688518e-07
conditional-fit-0055,axis4_reasoning_termination,2022,1.6190935884860331e-06
conditional-fit-0055,axis4_reasoning_termination,2023,7.812768996074227e-07
conditional-fit-0055,axis4_reasoning_termination,2024,2.525548458785995e-07
conditional-fit-0055,axis4_reasoning_termination,2025,4.236464728870992e-07
conditional-fit-0055,axis4_reasoning_termination,2026,1.0279982952794305e-05
conditional-fit-0055,axis4_reasoning_termination,2027,1.3007640899888703e-06
conditional-fit-0055,axis4_reasoning_termination,2028,1.1817331103503416e-06
conditional-fit-0055,axis4_reasoning_termination,2029,1.2833115292934989e-06
conditional-fit-0055,axis4_reasoning_termination,2030,5.072655315798489e-07
conditional-fit-0055,axis4_reasoning_termination,2031,4.070250233033725e-06
conditional-fit-0055,axis4_reasoning_termination,2032,3.157460534018726e-07
conditional-fit-0055,axis4_reasoning_termination,2033,5.859452138001862e-07
conditional-fit-0055,axis4_reasoning_termination,2034,3.314669762409065e-06
conditional-fit-0055,axis4_reasoning_termination,2035,3.9517351508785844e-07
conditional-fit-0055,axis4_reasoning_termination,2036,9.144867107647597e-07
conditional-fit-0055,axis4_reasoning_termination,2037,1.342619402549607e-05
conditional-fit-0055,axis4_reasoning_termination,2038,8.050015554603374e-07
conditional-fit-0055,axis4_reasoning_termination,2039,2.8278178636261763e-06
conditional-fit-0055,axis4_reasoning_termination,2040,2.7791797146212833e-06
conditional-fit-0055,axis4_reasoning_termination,2041,2.5875824643199285e-06
conditional-fit-0055,axis4_reasoning_termination,2042,1.6089576278297402e-06
conditional-fit-0055,axis4_reasoning_termination,2043,1.0763799987807303e-05
conditional-fit-0055,axis4_reasoning_termination,2044,4.783870381739719e-07
conditional-fit-0055,axis4_reasoning_termination,2045,7.708658865352347e-06
conditional-fit-0055,axis4_reasoning_termination,2046,3.8086061180601845e-05
