window_id,domain,pos,kld
conditional-fit-0046,axis3_code_agentic,0,0.5961133364557105
conditional-fit-0046,axis3_code_agentic,1,0.04653782553392292
conditional-fit-0046,axis3_code_agentic,2,0.1270111482992904
conditional-fit-0046,axis3_code_agentic,3,0.022824627358142786
conditional-fit-0046,axis3_code_agentic,4,0.06566138656590016
conditional-fit-0046,axis3_code_agentic,5,0.17940037823253843
conditional-fit-0046,axis3_code_agentic,6,0.025430977797028353
conditional-fit-0046,axis3_code_agentic,7,0.04099761827602523
conditional-fit-0046,axis3_code_agentic,8,0.8805772812719033
conditional-fit-0046,axis3_code_agentic,9,0.1024713177515667
conditional-fit-0046,axis3_code_agentic,10,0.053932824033415906
conditional-fit-0046,axis3_code_agentic,11,0.05381260131591742
conditional-fit-0046,axis3_code_agentic,12,0.037721296291166
conditional-fit-0046,axis3_code_agentic,13,0.05693419678628428
conditional-fit-0046,axis3_code_agentic,14,0.19183695118591174
conditional-fit-0046,axis3_code_agentic,15,0.05912572213338366
conditional-fit-0046,axis3_code_agentic,16,0.05026010142794781
conditional-fit-0046,axis3_code_agentic,17,0.06646117777014557
conditional-fit-0046,axis3_code_agentic,18,0.058425893462736314
conditional-fit-0046,axis3_code_agentic,19,0.014098189915946876
conditional-fit-0046,axis3_code_agentic,20,0.06280467069446799
conditional-fit-0046,axis3_code_agentic,21,0.016731084805643257
conditional-fit-0046,axis3_code_agentic,22,0.07038344898715468
conditional-fit-0046,axis3_code_agentic,23,0.006561113339420388
conditional-fit-0046,axis3_code_agentic,24,0.00207896780739024
conditional-fit-0046,axis3_code_agentic,25,0.025855135503741786
conditional-fit-0046,axis3_code_agentic,26,0.15294606592170984
conditional-fit-0046,axis3_code_agentic,27,0.022408088192768506
conditional-fit-0046,axis3_code_agentic,28,0.020391421047804906
conditional-fit-0046,axis3_code_agentic,29,0.023184459927543838
conditional-fit-0046,axis3_code_agentic,30,0.048664317734980124
conditional-fit-0046,axis3_code_agentic,31,0.18028346421382924
conditional-fit-0046,axis3_code_agentic,32,0.062109137821421856
conditional-fit-0046,axis3_code_agentic,33,0.01971623570875463
conditional-fit-0046,axis3_code_agentic,34,0.0015364697464747444
conditional-fit-0046,axis3_code_agentic,35,0.0009311157032607476
conditional-fit-0046,axis3_code_agentic,36,0.3760680580783175
conditional-fit-0046,axis3_code_agentic,37,0.007622104684731497
conditional-fit-0046,axis3_code_agentic,38,0.0007839712534920832
conditional-fit-0046,axis3_code_agentic,39,0.1605820984037039
conditional-fit-0046,axis3_code_agentic,40,0.000520609469236977
conditional-fit-0046,axis3_code_agentic,41,0.034332250188311174
conditional-fit-0046,axis3_code_agentic,42,0.12874826575803025
conditional-fit-0046,axis3_code_agentic,43,0.006757699195636081
conditional-fit-0046,axis3_code_agentic,44,0.0025375749640156337
conditional-fit-0046,axis3_code_agentic,45,0.06083544021719877
conditional-fit-0046,axis3_code_agentic,46,0.03141217899895056
conditional-fit-0046,axis3_code_agentic,47,0.08903929663018503
conditional-fit-0046,axis3_code_agentic,48,0.20331461186220945
conditional-fit-0046,axis3_code_agentic,49,0.26231978030064707
conditional-fit-0046,axis3_code_agentic,50,0.1594403501520053
conditional-fit-0046,axis3_code_agentic,51,0.04349346611943429
conditional-fit-0046,axis3_code_agentic,52,0.013208096407051943
conditional-fit-0046,axis3_code_agentic,53,0.1770022796451215
conditional-fit-0046,axis3_code_agentic,54,0.013716905615937167
conditional-fit-0046,axis3_code_agentic,55,0.013830766777776352
conditional-fit-0046,axis3_code_agentic,56,0.0028231887526337157
conditional-fit-0046,axis3_code_agentic,57,0.00019416699795691539
conditional-fit-0046,axis3_code_agentic,58,0.000563168032824543
conditional-fit-0046,axis3_code_agentic,59,0.015398266737074787
conditional-fit-0046,axis3_code_agentic,60,0.0007755247592021834
conditional-fit-0046,axis3_code_agentic,61,0.0010690390232705837
conditional-fit-0046,axis3_code_agentic,62,0.025477388808790323
conditional-fit-0046,axis3_code_agentic,63,0.0462002161488637
conditional-fit-0046,axis3_code_agentic,64,0.017948878203806737
conditional-fit-0046,axis3_code_agentic,65,0.032230570874194606
conditional-fit-0046,axis3_code_agentic,66,0.07697068745669718
conditional-fit-0046,axis3_code_agentic,67,0.04002297666182882
conditional-fit-0046,axis3_code_agentic,68,0.10559172221980166
conditional-fit-0046,axis3_code_agentic,69,0.018781782157707837
conditional-fit-0046,axis3_code_agentic,70,3.8411283993605076e-05
conditional-fit-0046,axis3_code_agentic,71,0.00044968290923046335
conditional-fit-0046,axis3_code_agentic,72,0.02168514828666675
conditional-fit-0046,axis3_code_agentic,73,0.0006256462924017943
conditional-fit-0046,axis3_code_agentic,74,2.724154989127118e-05
conditional-fit-0046,axis3_code_agentic,75,0.01865174377719934
conditional-fit-0046,axis3_code_agentic,76,2.1749860087206152e-05
conditional-fit-0046,axis3_code_agentic,77,0.04348705129635389
conditional-fit-0046,axis3_code_agentic,78,0.000171297921701565
conditional-fit-0046,axis3_code_agentic,79,0.00015167200431293471
conditional-fit-0046,axis3_code_agentic,80,0.0003304279010383905
conditional-fit-0046,axis3_code_agentic,81,1.606020509386596e-05
conditional-fit-0046,axis3_code_agentic,82,0.07607795325522193
conditional-fit-0046,axis3_code_agentic,83,0.0012148763506236726
conditional-fit-0046,axis3_code_agentic,84,0.00015888301469025654
conditional-fit-0046,axis3_code_agentic,85,0.027555636328715043
conditional-fit-0046,axis3_code_agentic,86,8.949003551290307e-05
conditional-fit-0046,axis3_code_agentic,87,0.006160881162066871
conditional-fit-0046,axis3_code_agentic,88,1.336746716479889e-05
conditional-fit-0046,axis3_code_agentic,89,0.010335510181475563
conditional-fit-0046,axis3_code_agentic,90,1.7283789673090155e-06
conditional-fit-0046,axis3_code_agentic,91,0.002105501171361142
conditional-fit-0046,axis3_code_agentic,92,3.3409881604504124e-06
conditional-fit-0046,axis3_code_agentic,93,0.005944350031781138
conditional-fit-0046,axis3_code_agentic,94,0.007786064969946673
conditional-fit-0046,axis3_code_agentic,95,6.906985742693755e-05
conditional-fit-0046,axis3_code_agentic,96,0.0008453861938233225
conditional-fit-0046,axis3_code_agentic,97,0.16787413809088975
conditional-fit-0046,axis3_code_agentic,98,0.0006340172613856524
conditional-fit-0046,axis3_code_agentic,99,9.602136848137196e-06
conditional-fit-0046,axis3_code_agentic,100,0.017959169792146793
conditional-fit-0046,axis3_code_agentic,101,6.018079335346758e-06
conditional-fit-0046,axis3_code_agentic,102,0.0019369825508890656
conditional-fit-0046,axis3_code_agentic,103,0.0036360322766762383
conditional-fit-0046,axis3_code_agentic,104,6.4176579454183e-05
conditional-fit-0046,axis3_code_agentic,105,0.00044696610586781216
conditional-fit-0046,axis3_code_agentic,106,7.619884240501556e-07
conditional-fit-0046,axis3_code_agentic,107,0.005120150802070528
conditional-fit-0046,axis3_code_agentic,108,8.297488841685385e-05
conditional-fit-0046,axis3_code_agentic,109,6.3723322058546e-05
conditional-fit-0046,axis3_code_agentic,110,0.01010495224034879
conditional-fit-0046,axis3_code_agentic,111,1.2516239273470554e-05
conditional-fit-0046,axis3_code_agentic,112,0.0002958045048318455
conditional-fit-0046,axis3_code_agentic,113,2.9437129578378785e-07
conditional-fit-0046,axis3_code_agentic,114,0.004333477374230881
conditional-fit-0046,axis3_code_agentic,115,0.0006362115909873533
conditional-fit-0046,axis3_code_agentic,116,0.004202349114309196
conditional-fit-0046,axis3_code_agentic,117,0.0011189782505215482
conditional-fit-0046,axis3_code_agentic,118,3.706331343447108e-05
conditional-fit-0046,axis3_code_agentic,119,4.277896999221639e-06
conditional-fit-0046,axis3_code_agentic,120,0.0007787338981890914
conditional-fit-0046,axis3_code_agentic,121,0.004558620764263903
conditional-fit-0046,axis3_code_agentic,122,2.1216788284247998e-05
conditional-fit-0046,axis3_code_agentic,123,1.5451816985032646e-07
conditional-fit-0046,axis3_code_agentic,124,0.001266811772477005
conditional-fit-0046,axis3_code_agentic,125,3.7643362108420673e-05
conditional-fit-0046,axis3_code_agentic,126,9.75082989330381e-06
conditional-fit-0046,axis3_code_agentic,127,0.0018713135970442364
conditional-fit-0046,axis3_code_agentic,128,0.01103104243337693
conditional-fit-0046,axis3_code_agentic,129,0.010588778410471511
conditional-fit-0046,axis3_code_agentic,130,4.9156223029875874e-05
conditional-fit-0046,axis3_code_agentic,131,9.782544400010547e-06
conditional-fit-0046,axis3_code_agentic,132,4.319666004267673e-06
conditional-fit-0046,axis3_code_agentic,133,4.290683174916411e-06
conditional-fit-0046,axis3_code_agentic,134,3.875516646707024e-05
conditional-fit-0046,axis3_code_agentic,135,1.0329146126454215e-06
conditional-fit-0046,axis3_code_agentic,136,0.02093222523373573
conditional-fit-0046,axis3_code_agentic,137,3.191496240839473e-06
conditional-fit-0046,axis3_code_agentic,138,7.490577914691504e-05
conditional-fit-0046,axis3_code_agentic,139,0.005845729424716697
conditional-fit-0046,axis3_code_agentic,140,7.943314020720705e-06
conditional-fit-0046,axis3_code_agentic,141,0.019110784694528652
conditional-fit-0046,axis3_code_agentic,142,0.0003846740942958411
conditional-fit-0046,axis3_code_agentic,143,0.00027097836860481616
conditional-fit-0046,axis3_code_agentic,144,0.00017992623627892607
conditional-fit-0046,axis3_code_agentic,145,1.625589428941194e-06
conditional-fit-0046,axis3_code_agentic,146,0.010055103576868337
conditional-fit-0046,axis3_code_agentic,147,3.178664030114999e-07
conditional-fit-0046,axis3_code_agentic,148,0.000998563196482455
conditional-fit-0046,axis3_code_agentic,149,0.055306197556887135
conditional-fit-0046,axis3_code_agentic,150,0.10166236704371372
conditional-fit-0046,axis3_code_agentic,151,0.02247045694317803
conditional-fit-0046,axis3_code_agentic,152,0.03421671946061321
conditional-fit-0046,axis3_code_agentic,153,0.004066584517391874
conditional-fit-0046,axis3_code_agentic,154,0.009746362203781332
conditional-fit-0046,axis3_code_agentic,155,4.960826552113382e-06
conditional-fit-0046,axis3_code_agentic,156,0.013839553930179448
conditional-fit-0046,axis3_code_agentic,157,0.001858445077860634
conditional-fit-0046,axis3_code_agentic,158,3.2229250376059277e-06
conditional-fit-0046,axis3_code_agentic,159,1.5633736445808847e-05
conditional-fit-0046,axis3_code_agentic,160,0.0002513790852599256
conditional-fit-0046,axis3_code_agentic,161,3.187022120224079e-05
conditional-fit-0046,axis3_code_agentic,162,1.586953933068043e-07
conditional-fit-0046,axis3_code_agentic,163,0.008625984859776711
conditional-fit-0046,axis3_code_agentic,164,0.000890256704516452
conditional-fit-0046,axis3_code_agentic,165,0.0031741837820626704
conditional-fit-0046,axis3_code_agentic,166,0.0562728299696694
conditional-fit-0046,axis3_code_agentic,167,0.021956201702676745
conditional-fit-0046,axis3_code_agentic,168,0.017162020380745987
conditional-fit-0046,axis3_code_agentic,169,0.00018752605293138777
conditional-fit-0046,axis3_code_agentic,170,1.6300880973023592e-06
conditional-fit-0046,axis3_code_agentic,171,0.00820083149962934
conditional-fit-0046,axis3_code_agentic,172,1.6897088230672494e-05
conditional-fit-0046,axis3_code_agentic,173,4.21296256882392e-06
conditional-fit-0046,axis3_code_agentic,174,0.002469578171812613
conditional-fit-0046,axis3_code_agentic,175,0.015802507870838322
conditional-fit-0046,axis3_code_agentic,176,0.05746675576694896
conditional-fit-0046,axis3_code_agentic,177,0.00020201094981300068
conditional-fit-0046,axis3_code_agentic,178,0.0001442014363692734
conditional-fit-0046,axis3_code_agentic,179,0.0002590089809941845
conditional-fit-0046,axis3_code_agentic,180,9.016537696933226e-06
conditional-fit-0046,axis3_code_agentic,181,0.00010301066042212709
conditional-fit-0046,axis3_code_agentic,182,5.211608273861662e-07
conditional-fit-0046,axis3_code_agentic,183,0.002143926180564507
conditional-fit-0046,axis3_code_agentic,184,0.003238020161164606
conditional-fit-0046,axis3_code_agentic,185,2.611070575052438e-05
conditional-fit-0046,axis3_code_agentic,186,0.001036035754637022
conditional-fit-0046,axis3_code_agentic,187,0.0023777976982652703
conditional-fit-0046,axis3_code_agentic,188,6.073153190712676e-07
conditional-fit-0046,axis3_code_agentic,189,0.006620743396868928
conditional-fit-0046,axis3_code_agentic,190,9.05507708990118e-08
conditional-fit-0046,axis3_code_agentic,191,3.5748838487482867e-05
conditional-fit-0046,axis3_code_agentic,192,0.009872779439448354
conditional-fit-0046,axis3_code_agentic,193,0.03497360039208352
conditional-fit-0046,axis3_code_agentic,194,0.002460547207269661
conditional-fit-0046,axis3_code_agentic,195,0.005033689544941652
conditional-fit-0046,axis3_code_agentic,196,0.00015131945210474553
conditional-fit-0046,axis3_code_agentic,197,7.97031671374263e-05
conditional-fit-0046,axis3_code_agentic,198,2.428998203305695e-06
conditional-fit-0046,axis3_code_agentic,199,0.008353219276471365
conditional-fit-0046,axis3_code_agentic,200,0.00032509505051801486
conditional-fit-0046,axis3_code_agentic,201,1.1867157099727893e-07
conditional-fit-0046,axis3_code_agentic,202,4.3908129135045726e-06
conditional-fit-0046,axis3_code_agentic,203,4.2027327948549274e-05
conditional-fit-0046,axis3_code_agentic,204,5.210168153940084e-06
conditional-fit-0046,axis3_code_agentic,205,5.369306415341246e-06
conditional-fit-0046,axis3_code_agentic,206,0.0002507702913327628
conditional-fit-0046,axis3_code_agentic,207,0.0003556247147950143
conditional-fit-0046,axis3_code_agentic,208,4.930607046342164e-06
conditional-fit-0046,axis3_code_agentic,209,0.0029954794080853282
conditional-fit-0046,axis3_code_agentic,210,2.0602205935398237e-08
conditional-fit-0046,axis3_code_agentic,211,0.0007194833316272456
conditional-fit-0046,axis3_code_agentic,212,3.587099353657886e-05
conditional-fit-0046,axis3_code_agentic,213,4.9708556898317734e-06
conditional-fit-0046,axis3_code_agentic,214,0.009382421617378962
conditional-fit-0046,axis3_code_agentic,215,0.019561121456331487
conditional-fit-0046,axis3_code_agentic,216,0.046567144600479074
conditional-fit-0046,axis3_code_agentic,217,0.00021518523877468514
conditional-fit-0046,axis3_code_agentic,218,9.624105370415697e-06
conditional-fit-0046,axis3_code_agentic,219,1.4534246625550586e-05
conditional-fit-0046,axis3_code_agentic,220,4.218474841638853e-05
conditional-fit-0046,axis3_code_agentic,221,0.005262478527582156
conditional-fit-0046,axis3_code_agentic,222,4.015307532302266e-09
conditional-fit-0046,axis3_code_agentic,223,0.0003999136050219171
conditional-fit-0046,axis3_code_agentic,224,2.4057147837947935e-06
conditional-fit-0046,axis3_code_agentic,225,0.0028961271914909204
conditional-fit-0046,axis3_code_agentic,226,0.00037533969345250715
conditional-fit-0046,axis3_code_agentic,227,2.666621136181276e-07
conditional-fit-0046,axis3_code_agentic,228,0.03223134892811337
conditional-fit-0046,axis3_code_agentic,229,6.552318098226412e-07
conditional-fit-0046,axis3_code_agentic,230,0.0001581038523150117
conditional-fit-0046,axis3_code_agentic,231,0.0012230405831892683
conditional-fit-0046,axis3_code_agentic,232,0.06671922732533143
conditional-fit-0046,axis3_code_agentic,233,0.0004073581726214288
conditional-fit-0046,axis3_code_agentic,234,0.0015662742161186168
conditional-fit-0046,axis3_code_agentic,235,0.007660315386538477
conditional-fit-0046,axis3_code_agentic,236,6.831925672395794e-05
conditional-fit-0046,axis3_code_agentic,237,0.02011183298508276
conditional-fit-0046,axis3_code_agentic,238,0.0024603560001529184
conditional-fit-0046,axis3_code_agentic,239,5.382491832666427e-06
conditional-fit-0046,axis3_code_agentic,240,8.318677166232909e-06
conditional-fit-0046,axis3_code_agentic,241,0.00035851919706879614
conditional-fit-0046,axis3_code_agentic,242,9.487928608674624e-06
conditional-fit-0046,axis3_code_agentic,243,0.0003863764778251316
conditional-fit-0046,axis3_code_agentic,244,0.015665131256290425
conditional-fit-0046,axis3_code_agentic,245,0.00018784924513695945
conditional-fit-0046,axis3_code_agentic,246,3.30177888400828e-08
conditional-fit-0046,axis3_code_agentic,247,0.010795403267089797
conditional-fit-0046,axis3_code_agentic,248,3.0773513989979835e-05
conditional-fit-0046,axis3_code_agentic,249,0.00014576285361405237
conditional-fit-0046,axis3_code_agentic,250,3.4503486877591528e-06
conditional-fit-0046,axis3_code_agentic,251,4.071962972450491e-07
conditional-fit-0046,axis3_code_agentic,252,0.0001468572904400253
conditional-fit-0046,axis3_code_agentic,253,2.964780517810203e-05
conditional-fit-0046,axis3_code_agentic,254,2.569325472739298e-05
conditional-fit-0046,axis3_code_agentic,255,0.014395201602829012
conditional-fit-0046,axis3_code_agentic,256,0.0005462027053399
conditional-fit-0046,axis3_code_agentic,257,2.4148819282256114e-07
conditional-fit-0046,axis3_code_agentic,258,8.460179958087656e-05
conditional-fit-0046,axis3_code_agentic,259,6.114840353070231e-06
conditional-fit-0046,axis3_code_agentic,260,2.900353114309843e-06
conditional-fit-0046,axis3_code_agentic,261,0.00134558716569596
conditional-fit-0046,axis3_code_agentic,262,4.8139529081792295e-06
conditional-fit-0046,axis3_code_agentic,263,1.272870990027499e-07
conditional-fit-0046,axis3_code_agentic,264,0.04704304798397884
conditional-fit-0046,axis3_code_agentic,265,1.0021950322315274e-05
conditional-fit-0046,axis3_code_agentic,266,5.4157205678645844e-05
conditional-fit-0046,axis3_code_agentic,267,0.0002206344664899067
conditional-fit-0046,axis3_code_agentic,268,9.77549957123875e-06
conditional-fit-0046,axis3_code_agentic,269,1.0370626645602502e-07
conditional-fit-0046,axis3_code_agentic,270,0.022306883652634203
conditional-fit-0046,axis3_code_agentic,271,0.04132126579367814
conditional-fit-0046,axis3_code_agentic,272,0.02910220109049896
conditional-fit-0046,axis3_code_agentic,273,0.00019741132721934763
conditional-fit-0046,axis3_code_agentic,274,3.6338160516112723e-07
conditional-fit-0046,axis3_code_agentic,275,0.0006713443588088315
conditional-fit-0046,axis3_code_agentic,276,0.00021786996216853895
conditional-fit-0046,axis3_code_agentic,277,0.0018295271501527247
conditional-fit-0046,axis3_code_agentic,278,5.548790062119845e-05
conditional-fit-0046,axis3_code_agentic,279,8.480102930913954e-08
conditional-fit-0046,axis3_code_agentic,280,0.02143565598153765
conditional-fit-0046,axis3_code_agentic,281,0.0009876324975450104
conditional-fit-0046,axis3_code_agentic,282,1.3330922562132812e-05
conditional-fit-0046,axis3_code_agentic,283,0.001462980811747385
conditional-fit-0046,axis3_code_agentic,284,0.013135398621323296
conditional-fit-0046,axis3_code_agentic,285,0.03989488244730649
conditional-fit-0046,axis3_code_agentic,286,2.421915269121317e-06
conditional-fit-0046,axis3_code_agentic,287,0.00020298956668041341
conditional-fit-0046,axis3_code_agentic,288,5.962569664411208e-07
conditional-fit-0046,axis3_code_agentic,289,0.02627203419405645
conditional-fit-0046,axis3_code_agentic,290,5.286123491554718e-06
conditional-fit-0046,axis3_code_agentic,291,0.000471669858482342
conditional-fit-0046,axis3_code_agentic,292,2.2243447279205668e-05
conditional-fit-0046,axis3_code_agentic,293,1.712673208022078e-07
conditional-fit-0046,axis3_code_agentic,294,0.009610530845958367
conditional-fit-0046,axis3_code_agentic,295,2.2709713493394577e-05
conditional-fit-0046,axis3_code_agentic,296,0.0007711896304407717
conditional-fit-0046,axis3_code_agentic,297,0.0001694896213447057
conditional-fit-0046,axis3_code_agentic,298,4.856790191127912e-07
conditional-fit-0046,axis3_code_agentic,299,0.001357951841528525
conditional-fit-0046,axis3_code_agentic,300,2.502803236985505e-07
conditional-fit-0046,axis3_code_agentic,301,0.0007189881350500985
conditional-fit-0046,axis3_code_agentic,302,0.0025930370354427094
conditional-fit-0046,axis3_code_agentic,303,0.10546957277505875
conditional-fit-0046,axis3_code_agentic,304,0.025576644521527494
conditional-fit-0046,axis3_code_agentic,305,0.015834124550170837
conditional-fit-0046,axis3_code_agentic,306,0.04211534655728521
conditional-fit-0046,axis3_code_agentic,307,0.009920966344015843
conditional-fit-0046,axis3_code_agentic,308,0.022847238472356538
conditional-fit-0046,axis3_code_agentic,309,0.01372508369958669
conditional-fit-0046,axis3_code_agentic,310,0.010495276911671032
conditional-fit-0046,axis3_code_agentic,311,0.01751208438700251
conditional-fit-0046,axis3_code_agentic,312,0.006105795351588183
conditional-fit-0046,axis3_code_agentic,313,4.125474061122769e-06
conditional-fit-0046,axis3_code_agentic,314,1.1928223524735808e-05
conditional-fit-0046,axis3_code_agentic,315,0.00021171255363963316
conditional-fit-0046,axis3_code_agentic,316,3.892344401494418e-06
conditional-fit-0046,axis3_code_agentic,317,1.2703574604287173e-05
conditional-fit-0046,axis3_code_agentic,318,0.013602209882862364
conditional-fit-0046,axis3_code_agentic,319,0.005664706188575124
conditional-fit-0046,axis3_code_agentic,320,0.0013459992359338686
conditional-fit-0046,axis3_code_agentic,321,0.0005751985328126756
conditional-fit-0046,axis3_code_agentic,322,1.5024395602735704e-06
conditional-fit-0046,axis3_code_agentic,323,0.00013251818216431044
conditional-fit-0046,axis3_code_agentic,324,6.138867554602534e-05
conditional-fit-0046,axis3_code_agentic,325,0.021493847822634554
conditional-fit-0046,axis3_code_agentic,326,0.01884255271738525
conditional-fit-0046,axis3_code_agentic,327,4.4053186785873586e-05
conditional-fit-0046,axis3_code_agentic,328,0.0024132481531772467
conditional-fit-0046,axis3_code_agentic,329,0.01527997142142644
conditional-fit-0046,axis3_code_agentic,330,0.024648508081248972
conditional-fit-0046,axis3_code_agentic,331,0.0024698574438022022
conditional-fit-0046,axis3_code_agentic,332,0.0012511441562064836
conditional-fit-0046,axis3_code_agentic,333,5.736923898146707e-05
conditional-fit-0046,axis3_code_agentic,334,4.953660672208406e-08
conditional-fit-0046,axis3_code_agentic,335,0.008598526150340626
conditional-fit-0046,axis3_code_agentic,336,5.04602986317504e-06
conditional-fit-0046,axis3_code_agentic,337,0.027643791339248002
conditional-fit-0046,axis3_code_agentic,338,3.354996261587056e-06
conditional-fit-0046,axis3_code_agentic,339,7.680890745671703e-08
conditional-fit-0046,axis3_code_agentic,340,0.0026495282069894065
conditional-fit-0046,axis3_code_agentic,341,5.067669033586713e-07
conditional-fit-0046,axis3_code_agentic,342,2.010794428829078e-05
conditional-fit-0046,axis3_code_agentic,343,0.0015805966778329105
conditional-fit-0046,axis3_code_agentic,344,0.03720319541595588
conditional-fit-0046,axis3_code_agentic,345,0.0001776764274978552
conditional-fit-0046,axis3_code_agentic,346,0.0009425369462387871
conditional-fit-0046,axis3_code_agentic,347,6.0450460391477856e-05
conditional-fit-0046,axis3_code_agentic,348,9.241563885662844e-05
conditional-fit-0046,axis3_code_agentic,349,6.67239207438492e-07
conditional-fit-0046,axis3_code_agentic,350,8.069404698881584e-05
conditional-fit-0046,axis3_code_agentic,351,0.015420374904328953
conditional-fit-0046,axis3_code_agentic,352,1.0860227231887713e-06
conditional-fit-0046,axis3_code_agentic,353,3.1896876597387994e-05
conditional-fit-0046,axis3_code_agentic,354,0.00010833897207512611
conditional-fit-0046,axis3_code_agentic,355,0.00010974506850871402
conditional-fit-0046,axis3_code_agentic,356,6.2066329908841775e-06
conditional-fit-0046,axis3_code_agentic,357,0.0006571978971967919
conditional-fit-0046,axis3_code_agentic,358,2.621030120116241e-05
conditional-fit-0046,axis3_code_agentic,359,0.0019338174867303774
conditional-fit-0046,axis3_code_agentic,360,0.0004569906803462581
conditional-fit-0046,axis3_code_agentic,361,0.0067328568868588335
conditional-fit-0046,axis3_code_agentic,362,8.65312771410174e-08
conditional-fit-0046,axis3_code_agentic,363,0.0019043719617142182
conditional-fit-0046,axis3_code_agentic,364,1.0673120996991534e-05
conditional-fit-0046,axis3_code_agentic,365,0.00403143381069662
conditional-fit-0046,axis3_code_agentic,366,0.0023684750502183313
conditional-fit-0046,axis3_code_agentic,367,3.000298105580588e-07
conditional-fit-0046,axis3_code_agentic,368,0.0010259392001834451
conditional-fit-0046,axis3_code_agentic,369,1.413607382091662e-06
conditional-fit-0046,axis3_code_agentic,370,0.00013202651532893928
conditional-fit-0046,axis3_code_agentic,371,0.0012313471525962727
conditional-fit-0046,axis3_code_agentic,372,0.2195695703330827
conditional-fit-0046,axis3_code_agentic,373,0.0015463194570163145
conditional-fit-0046,axis3_code_agentic,374,0.002092438268525529
conditional-fit-0046,axis3_code_agentic,375,9.386462336857262e-05
conditional-fit-0046,axis3_code_agentic,376,0.0007051368799799462
conditional-fit-0046,axis3_code_agentic,377,1.657377285679423e-06
conditional-fit-0046,axis3_code_agentic,378,0.0008508261063554089
conditional-fit-0046,axis3_code_agentic,379,0.006623229020288491
conditional-fit-0046,axis3_code_agentic,380,1.0247656944843243e-06
conditional-fit-0046,axis3_code_agentic,381,6.2361370893303095e-06
conditional-fit-0046,axis3_code_agentic,382,0.0008785256067919868
conditional-fit-0046,axis3_code_agentic,383,3.1103280422238656e-05
conditional-fit-0046,axis3_code_agentic,384,0.0002280501225264471
conditional-fit-0046,axis3_code_agentic,385,0.0006789365399727573
conditional-fit-0046,axis3_code_agentic,386,0.0003867099792319922
conditional-fit-0046,axis3_code_agentic,387,9.209029892108282e-06
conditional-fit-0046,axis3_code_agentic,388,0.01768009722566658
conditional-fit-0046,axis3_code_agentic,389,4.124530295328704e-05
conditional-fit-0046,axis3_code_agentic,390,5.246627508480927e-05
conditional-fit-0046,axis3_code_agentic,391,0.00016649071149496796
conditional-fit-0046,axis3_code_agentic,392,0.005934914822418628
conditional-fit-0046,axis3_code_agentic,393,0.25529074033173665
conditional-fit-0046,axis3_code_agentic,394,2.16198506892241e-06
conditional-fit-0046,axis3_code_agentic,395,0.013985270763034713
conditional-fit-0046,axis3_code_agentic,396,1.0525472340242636e-07
conditional-fit-0046,axis3_code_agentic,397,0.0006031312087845796
conditional-fit-0046,axis3_code_agentic,398,2.7421186464370144e-06
conditional-fit-0046,axis3_code_agentic,399,0.001011756795400385
conditional-fit-0046,axis3_code_agentic,400,0.0002630575122892472
conditional-fit-0046,axis3_code_agentic,401,2.354989685845784e-07
conditional-fit-0046,axis3_code_agentic,402,0.0033623856839118775
conditional-fit-0046,axis3_code_agentic,403,1.1342241200359143e-06
conditional-fit-0046,axis3_code_agentic,404,0.00468239857948838
conditional-fit-0046,axis3_code_agentic,405,0.010541039026593
conditional-fit-0046,axis3_code_agentic,406,0.12430308192947823
conditional-fit-0046,axis3_code_agentic,407,7.799670904262713e-05
conditional-fit-0046,axis3_code_agentic,408,0.00038465053020101487
conditional-fit-0046,axis3_code_agentic,409,0.01325524586210229
conditional-fit-0046,axis3_code_agentic,410,0.00019665086803010408
conditional-fit-0046,axis3_code_agentic,411,0.030225910382788594
conditional-fit-0046,axis3_code_agentic,412,0.02232550411958619
conditional-fit-0046,axis3_code_agentic,413,3.6767412729177205e-06
conditional-fit-0046,axis3_code_agentic,414,9.932604938678865e-07
conditional-fit-0046,axis3_code_agentic,415,0.0002294991536781032
conditional-fit-0046,axis3_code_agentic,416,7.079891236417962e-07
conditional-fit-0046,axis3_code_agentic,417,0.00013373477344640153
conditional-fit-0046,axis3_code_agentic,418,0.00014922734311468324
conditional-fit-0046,axis3_code_agentic,419,0.0013437381037233976
conditional-fit-0046,axis3_code_agentic,420,1.6019513027634948e-07
conditional-fit-0046,axis3_code_agentic,421,0.006487177287978294
conditional-fit-0046,axis3_code_agentic,422,4.394794226539905e-06
conditional-fit-0046,axis3_code_agentic,423,2.6519776150820824e-05
conditional-fit-0046,axis3_code_agentic,424,9.051748099743311e-06
conditional-fit-0046,axis3_code_agentic,425,2.2834708095848753e-05
conditional-fit-0046,axis3_code_agentic,426,8.190646983751484e-08
conditional-fit-0046,axis3_code_agentic,427,0.010546337701610335
conditional-fit-0046,axis3_code_agentic,428,9.569220844284144e-06
conditional-fit-0046,axis3_code_agentic,429,2.2676735470062585e-06
conditional-fit-0046,axis3_code_agentic,430,0.0013909426181779173
conditional-fit-0046,axis3_code_agentic,431,4.790060486052922e-06
conditional-fit-0046,axis3_code_agentic,432,2.6960839088798015e-08
conditional-fit-0046,axis3_code_agentic,433,0.0002912454165623553
conditional-fit-0046,axis3_code_agentic,434,2.9263616634770295e-06
conditional-fit-0046,axis3_code_agentic,435,3.6373029836649228e-06
conditional-fit-0046,axis3_code_agentic,436,0.0027065941793918105
conditional-fit-0046,axis3_code_agentic,437,6.476680726599062e-06
conditional-fit-0046,axis3_code_agentic,438,3.714721713565009e-08
conditional-fit-0046,axis3_code_agentic,439,0.04753890197223182
conditional-fit-0046,axis3_code_agentic,440,0.0009614697389260824
conditional-fit-0046,axis3_code_agentic,441,0.0001699434681935659
conditional-fit-0046,axis3_code_agentic,442,1.014505526020702e-05
conditional-fit-0046,axis3_code_agentic,443,6.605522221629913e-06
conditional-fit-0046,axis3_code_agentic,444,1.7167607775674044e-05
conditional-fit-0046,axis3_code_agentic,445,0.004104377945163634
conditional-fit-0046,axis3_code_agentic,446,0.0008280385204713518
conditional-fit-0046,axis3_code_agentic,447,4.182285365767167e-05
conditional-fit-0046,axis3_code_agentic,448,5.933557440891221e-09
conditional-fit-0046,axis3_code_agentic,449,0.007693568575833289
conditional-fit-0046,axis3_code_agentic,450,1.8168847554467413e-06
conditional-fit-0046,axis3_code_agentic,451,0.003948301179250519
conditional-fit-0046,axis3_code_agentic,452,4.761023326855019e-06
conditional-fit-0046,axis3_code_agentic,453,2.9673052037647715e-07
conditional-fit-0046,axis3_code_agentic,454,0.016141493288357633
conditional-fit-0046,axis3_code_agentic,455,1.5468057215374831e-06
conditional-fit-0046,axis3_code_agentic,456,0.0009724386433461455
conditional-fit-0046,axis3_code_agentic,457,4.760061339880659e-05
conditional-fit-0046,axis3_code_agentic,458,7.6068724993186515e-06
conditional-fit-0046,axis3_code_agentic,459,0.0003705192911673198
conditional-fit-0046,axis3_code_agentic,460,1.0632068957844598e-06
conditional-fit-0046,axis3_code_agentic,461,0.0158970613288461
conditional-fit-0046,axis3_code_agentic,462,0.0007205486402184087
conditional-fit-0046,axis3_code_agentic,463,8.320755704682539e-06
conditional-fit-0046,axis3_code_agentic,464,0.0021097158697989393
conditional-fit-0046,axis3_code_agentic,465,2.9749940436760576e-06
conditional-fit-0046,axis3_code_agentic,466,2.046438514803555e-06
conditional-fit-0046,axis3_code_agentic,467,0.018649486969291824
conditional-fit-0046,axis3_code_agentic,468,0.00030583607913150764
conditional-fit-0046,axis3_code_agentic,469,2.458422146391838e-06
conditional-fit-0046,axis3_code_agentic,470,0.00047671821818912985
conditional-fit-0046,axis3_code_agentic,471,0.00015409511039983623
conditional-fit-0046,axis3_code_agentic,472,0.00025681234155508405
conditional-fit-0046,axis3_code_agentic,473,0.030373391858019794
conditional-fit-0046,axis3_code_agentic,474,2.3136900687626087e-06
conditional-fit-0046,axis3_code_agentic,475,3.45380468366874e-05
conditional-fit-0046,axis3_code_agentic,476,0.023707184841373796
conditional-fit-0046,axis3_code_agentic,477,1.1244834152469286e-05
conditional-fit-0046,axis3_code_agentic,478,0.0003574022845666917
conditional-fit-0046,axis3_code_agentic,479,4.005015864806449e-05
conditional-fit-0046,axis3_code_agentic,480,6.110684244507605e-05
conditional-fit-0046,axis3_code_agentic,481,5.0787198344840606e-05
conditional-fit-0046,axis3_code_agentic,482,0.0019641434747773197
conditional-fit-0046,axis3_code_agentic,483,3.4581221762654423e-06
conditional-fit-0046,axis3_code_agentic,484,5.738277385279432e-05
conditional-fit-0046,axis3_code_agentic,485,8.229636099075732e-05
conditional-fit-0046,axis3_code_agentic,486,0.00024081151169236338
conditional-fit-0046,axis3_code_agentic,487,1.6550857651132573e-05
conditional-fit-0046,axis3_code_agentic,488,5.045505880538041e-05
conditional-fit-0046,axis3_code_agentic,489,9.346272540025424e-06
conditional-fit-0046,axis3_code_agentic,490,8.213151814485468e-06
conditional-fit-0046,axis3_code_agentic,491,0.008100762525732328
conditional-fit-0046,axis3_code_agentic,492,0.002958276524442801
conditional-fit-0046,axis3_code_agentic,493,2.9674317585133405e-06
conditional-fit-0046,axis3_code_agentic,494,0.015221913379925085
conditional-fit-0046,axis3_code_agentic,495,3.7298153758276548e-06
conditional-fit-0046,axis3_code_agentic,496,1.730896824053414e-05
conditional-fit-0046,axis3_code_agentic,497,3.277486677611804e-05
conditional-fit-0046,axis3_code_agentic,498,0.006778283820452585
conditional-fit-0046,axis3_code_agentic,499,0.002137145707927963
conditional-fit-0046,axis3_code_agentic,500,0.00318286597997185
conditional-fit-0046,axis3_code_agentic,501,1.6373768692881712e-06
conditional-fit-0046,axis3_code_agentic,502,0.004460747652305461
conditional-fit-0046,axis3_code_agentic,503,4.268096312675686e-07
conditional-fit-0046,axis3_code_agentic,504,6.100143996866367e-05
conditional-fit-0046,axis3_code_agentic,505,0.0029257855897241716
conditional-fit-0046,axis3_code_agentic,506,0.08878402830450367
conditional-fit-0046,axis3_code_agentic,507,6.559076652105083e-06
conditional-fit-0046,axis3_code_agentic,508,0.015352793470792644
conditional-fit-0046,axis3_code_agentic,509,0.00216165747787958
conditional-fit-0046,axis3_code_agentic,510,2.7094647200965673e-05
conditional-fit-0046,axis3_code_agentic,511,0.007322159853509828
conditional-fit-0046,axis3_code_agentic,512,0.0017370691159610042
conditional-fit-0046,axis3_code_agentic,513,0.0006965130714794337
conditional-fit-0046,axis3_code_agentic,514,6.021836346956858e-07
conditional-fit-0046,axis3_code_agentic,515,5.368180312166734e-05
conditional-fit-0046,axis3_code_agentic,516,0.0004629430983243127
conditional-fit-0046,axis3_code_agentic,517,0.000541293692544408
conditional-fit-0046,axis3_code_agentic,518,4.662430365446217e-05
conditional-fit-0046,axis3_code_agentic,519,0.009232720717730602
conditional-fit-0046,axis3_code_agentic,520,0.00013433950389271122
conditional-fit-0046,axis3_code_agentic,521,5.283120056936255e-07
conditional-fit-0046,axis3_code_agentic,522,0.00031797363093027584
conditional-fit-0046,axis3_code_agentic,523,1.248907231001529e-05
conditional-fit-0046,axis3_code_agentic,524,1.731110923640678e-06
conditional-fit-0046,axis3_code_agentic,525,0.0008331692400250033
conditional-fit-0046,axis3_code_agentic,526,7.918211965180625e-06
conditional-fit-0046,axis3_code_agentic,527,0.00037219664150518576
conditional-fit-0046,axis3_code_agentic,528,2.599547330908274e-07
conditional-fit-0046,axis3_code_agentic,529,0.05877575585440889
conditional-fit-0046,axis3_code_agentic,530,0.014687063581208075
conditional-fit-0046,axis3_code_agentic,531,4.737313972597e-06
conditional-fit-0046,axis3_code_agentic,532,0.0003912841279508598
conditional-fit-0046,axis3_code_agentic,533,6.885104632647213e-05
conditional-fit-0046,axis3_code_agentic,534,5.7414785766118875e-06
conditional-fit-0046,axis3_code_agentic,535,3.6097377259854084e-05
conditional-fit-0046,axis3_code_agentic,536,0.0002853960132338173
conditional-fit-0046,axis3_code_agentic,537,0.05165526746448335
conditional-fit-0046,axis3_code_agentic,538,0.025785088526292257
conditional-fit-0046,axis3_code_agentic,539,1.8869619415849845e-05
conditional-fit-0046,axis3_code_agentic,540,6.189577072451751e-06
conditional-fit-0046,axis3_code_agentic,541,2.084969997213158e-06
conditional-fit-0046,axis3_code_agentic,542,5.369737483359724e-06
conditional-fit-0046,axis3_code_agentic,543,0.0003739122703422409
conditional-fit-0046,axis3_code_agentic,544,5.93545846701354e-07
conditional-fit-0046,axis3_code_agentic,545,0.004902409308555629
conditional-fit-0046,axis3_code_agentic,546,2.9515025754577147e-06
conditional-fit-0046,axis3_code_agentic,547,2.0416562163099955e-05
conditional-fit-0046,axis3_code_agentic,548,1.9168109274737103e-05
conditional-fit-0046,axis3_code_agentic,549,8.167925089246903e-08
conditional-fit-0046,axis3_code_agentic,550,0.004239171600452181
conditional-fit-0046,axis3_code_agentic,551,5.810982549080008e-08
conditional-fit-0046,axis3_code_agentic,552,0.0004812607756548243
conditional-fit-0046,axis3_code_agentic,553,0.015498507122254049
conditional-fit-0046,axis3_code_agentic,554,0.03697653966280695
conditional-fit-0046,axis3_code_agentic,555,0.002458781813800553
conditional-fit-0046,axis3_code_agentic,556,0.07029538761748337
conditional-fit-0046,axis3_code_agentic,557,0.00010145749837464592
conditional-fit-0046,axis3_code_agentic,558,0.0028984549764241373
conditional-fit-0046,axis3_code_agentic,559,0.0007569276520264852
conditional-fit-0046,axis3_code_agentic,560,0.002222073786716671
conditional-fit-0046,axis3_code_agentic,561,0.0001676352734685782
conditional-fit-0046,axis3_code_agentic,562,0.0011998972480752117
conditional-fit-0046,axis3_code_agentic,563,1.4884616603693511e-06
conditional-fit-0046,axis3_code_agentic,564,1.491144103735093e-06
conditional-fit-0046,axis3_code_agentic,565,4.728160212287472e-05
conditional-fit-0046,axis3_code_agentic,566,1.346305122937893e-05
conditional-fit-0046,axis3_code_agentic,567,1.3391798701327922e-06
conditional-fit-0046,axis3_code_agentic,568,1.9529921246579837e-05
conditional-fit-0046,axis3_code_agentic,569,0.00025642768790460615
conditional-fit-0046,axis3_code_agentic,570,0.00014031691614159198
conditional-fit-0046,axis3_code_agentic,571,0.0001685999058112217
conditional-fit-0046,axis3_code_agentic,572,8.382979672036979e-05
conditional-fit-0046,axis3_code_agentic,573,7.723583199789239e-05
conditional-fit-0046,axis3_code_agentic,574,2.474645345810443e-05
conditional-fit-0046,axis3_code_agentic,575,2.569332334453029e-05
conditional-fit-0046,axis3_code_agentic,576,7.962535540094874e-05
conditional-fit-0046,axis3_code_agentic,577,7.852549163968345e-06
conditional-fit-0046,axis3_code_agentic,578,2.8650188148121504e-06
conditional-fit-0046,axis3_code_agentic,579,0.00011107246337501114
conditional-fit-0046,axis3_code_agentic,580,1.2437850429589336e-07
conditional-fit-0046,axis3_code_agentic,581,9.69264940598221e-06
conditional-fit-0046,axis3_code_agentic,582,0.00040539941669807326
conditional-fit-0046,axis3_code_agentic,583,0.007149653820106773
conditional-fit-0046,axis3_code_agentic,584,0.002446758911579333
conditional-fit-0046,axis3_code_agentic,585,9.657560781037257e-05
conditional-fit-0046,axis3_code_agentic,586,0.0012386718589663653
conditional-fit-0046,axis3_code_agentic,587,0.00014074225772485902
conditional-fit-0046,axis3_code_agentic,588,1.2937780778097563e-06
conditional-fit-0046,axis3_code_agentic,589,0.008984913335651523
conditional-fit-0046,axis3_code_agentic,590,0.004890421657241808
conditional-fit-0046,axis3_code_agentic,591,0.00043521567895867864
conditional-fit-0046,axis3_code_agentic,592,3.0229602730568587e-07
conditional-fit-0046,axis3_code_agentic,593,7.545777992555103e-06
conditional-fit-0046,axis3_code_agentic,594,0.00040425121696158135
conditional-fit-0046,axis3_code_agentic,595,1.791658695805812e-05
conditional-fit-0046,axis3_code_agentic,596,1.1091047693756636e-05
conditional-fit-0046,axis3_code_agentic,597,0.0006928668902732428
conditional-fit-0046,axis3_code_agentic,598,0.00024464641565155923
conditional-fit-0046,axis3_code_agentic,599,0.0012671931563408125
conditional-fit-0046,axis3_code_agentic,600,9.269290753554186e-08
conditional-fit-0046,axis3_code_agentic,601,0.0007599188332888071
conditional-fit-0046,axis3_code_agentic,602,5.752759162216558e-06
conditional-fit-0046,axis3_code_agentic,603,5.402236916229123e-06
conditional-fit-0046,axis3_code_agentic,604,0.0003837813843978507
conditional-fit-0046,axis3_code_agentic,605,0.0019397340496434372
conditional-fit-0046,axis3_code_agentic,606,4.007007028420403e-08
conditional-fit-0046,axis3_code_agentic,607,0.0012152782775048721
conditional-fit-0046,axis3_code_agentic,608,1.81506085831919e-05
conditional-fit-0046,axis3_code_agentic,609,0.000906641899547791
conditional-fit-0046,axis3_code_agentic,610,0.00014023292282871786
conditional-fit-0046,axis3_code_agentic,611,8.804820847074305e-06
conditional-fit-0046,axis3_code_agentic,612,0.0006611017566455393
conditional-fit-0046,axis3_code_agentic,613,3.054872279822894e-07
conditional-fit-0046,axis3_code_agentic,614,0.0017873321869370093
conditional-fit-0046,axis3_code_agentic,615,0.0008009360990466308
conditional-fit-0046,axis3_code_agentic,616,0.05143288137059081
conditional-fit-0046,axis3_code_agentic,617,0.013182932681291514
conditional-fit-0046,axis3_code_agentic,618,0.0064713586955376014
conditional-fit-0046,axis3_code_agentic,619,0.0286704860986114
conditional-fit-0046,axis3_code_agentic,620,2.338643826200898e-05
conditional-fit-0046,axis3_code_agentic,621,0.020089449100659715
conditional-fit-0046,axis3_code_agentic,622,0.033976056574959224
conditional-fit-0046,axis3_code_agentic,623,0.058155228680114496
conditional-fit-0046,axis3_code_agentic,624,0.002129692924013717
conditional-fit-0046,axis3_code_agentic,625,0.0019504490987972273
conditional-fit-0046,axis3_code_agentic,626,0.0005567987911553091
conditional-fit-0046,axis3_code_agentic,627,2.664627013885215e-06
conditional-fit-0046,axis3_code_agentic,628,0.00018483626361994777
conditional-fit-0046,axis3_code_agentic,629,0.0025064988114681924
conditional-fit-0046,axis3_code_agentic,630,1.4173525913979644e-05
conditional-fit-0046,axis3_code_agentic,631,2.307048470455219e-05
conditional-fit-0046,axis3_code_agentic,632,0.03638076001990523
conditional-fit-0046,axis3_code_agentic,633,0.011581453867152754
conditional-fit-0046,axis3_code_agentic,634,4.936691778275096e-05
conditional-fit-0046,axis3_code_agentic,635,0.03479297640485314
conditional-fit-0046,axis3_code_agentic,636,0.002615746967244908
conditional-fit-0046,axis3_code_agentic,637,5.692457441217418e-05
conditional-fit-0046,axis3_code_agentic,638,0.001693942288592092
conditional-fit-0046,axis3_code_agentic,639,0.00349494856891085
conditional-fit-0046,axis3_code_agentic,640,0.011939432096795016
conditional-fit-0046,axis3_code_agentic,641,3.3854319989282675e-07
conditional-fit-0046,axis3_code_agentic,642,0.009370962274504952
conditional-fit-0046,axis3_code_agentic,643,1.3015626468218548e-05
conditional-fit-0046,axis3_code_agentic,644,0.0001309080472392464
conditional-fit-0046,axis3_code_agentic,645,0.004942916583677449
conditional-fit-0046,axis3_code_agentic,646,3.4293013932133924e-06
conditional-fit-0046,axis3_code_agentic,647,0.0007648082471043332
conditional-fit-0046,axis3_code_agentic,648,1.285035412650311e-07
conditional-fit-0046,axis3_code_agentic,649,0.0434602489764835
conditional-fit-0046,axis3_code_agentic,650,2.2732907869140568e-05
conditional-fit-0046,axis3_code_agentic,651,2.093971784351404e-05
conditional-fit-0046,axis3_code_agentic,652,0.0001721424148983117
conditional-fit-0046,axis3_code_agentic,653,0.030646394220713857
conditional-fit-0046,axis3_code_agentic,654,0.00016392608829820078
conditional-fit-0046,axis3_code_agentic,655,0.03733410852664063
conditional-fit-0046,axis3_code_agentic,656,0.012630817454033397
conditional-fit-0046,axis3_code_agentic,657,0.0029129881916103127
conditional-fit-0046,axis3_code_agentic,658,0.14609658540624304
conditional-fit-0046,axis3_code_agentic,659,9.366111936332745e-05
conditional-fit-0046,axis3_code_agentic,660,0.09255862814677772
conditional-fit-0046,axis3_code_agentic,661,0.018870289603278995
conditional-fit-0046,axis3_code_agentic,662,0.03290350749601747
conditional-fit-0046,axis3_code_agentic,663,0.07432975876549854
conditional-fit-0046,axis3_code_agentic,664,0.016363534344197985
conditional-fit-0046,axis3_code_agentic,665,0.019259205955736127
conditional-fit-0046,axis3_code_agentic,666,0.00024154788447600193
conditional-fit-0046,axis3_code_agentic,667,0.031525986208433096
conditional-fit-0046,axis3_code_agentic,668,0.0001601901762667276
conditional-fit-0046,axis3_code_agentic,669,4.53494939123738e-06
conditional-fit-0046,axis3_code_agentic,670,0.0008897439640052952
conditional-fit-0046,axis3_code_agentic,671,0.002329497435992033
conditional-fit-0046,axis3_code_agentic,672,0.017824908579994386
conditional-fit-0046,axis3_code_agentic,673,0.007959161395382296
conditional-fit-0046,axis3_code_agentic,674,0.01709835407907294
conditional-fit-0046,axis3_code_agentic,675,0.006189557800353816
conditional-fit-0046,axis3_code_agentic,676,0.04822569825231002
conditional-fit-0046,axis3_code_agentic,677,8.639045728204038e-05
conditional-fit-0046,axis3_code_agentic,678,0.00012768553758049585
conditional-fit-0046,axis3_code_agentic,679,0.006494334002786612
conditional-fit-0046,axis3_code_agentic,680,1.3223959032270223e-05
conditional-fit-0046,axis3_code_agentic,681,0.0011843926722365319
conditional-fit-0046,axis3_code_agentic,682,0.015264462620880746
conditional-fit-0046,axis3_code_agentic,683,0.09294398842290291
conditional-fit-0046,axis3_code_agentic,684,0.020557195096578162
conditional-fit-0046,axis3_code_agentic,685,0.0004029054577003872
conditional-fit-0046,axis3_code_agentic,686,0.01523995956360348
conditional-fit-0046,axis3_code_agentic,687,0.02369396985430708
conditional-fit-0046,axis3_code_agentic,688,0.01865885484141653
conditional-fit-0046,axis3_code_agentic,689,0.06895834501401255
conditional-fit-0046,axis3_code_agentic,690,0.039897441986113516
conditional-fit-0046,axis3_code_agentic,691,0.06175466530194409
conditional-fit-0046,axis3_code_agentic,692,0.00703380562005218
conditional-fit-0046,axis3_code_agentic,693,0.00372159326108412
conditional-fit-0046,axis3_code_agentic,694,7.080995266365709e-05
conditional-fit-0046,axis3_code_agentic,695,0.00024367289290370855
conditional-fit-0046,axis3_code_agentic,696,0.0029776398761304844
conditional-fit-0046,axis3_code_agentic,697,2.9689831220432426e-05
conditional-fit-0046,axis3_code_agentic,698,0.0034661451421897586
conditional-fit-0046,axis3_code_agentic,699,0.0005934193506275159
conditional-fit-0046,axis3_code_agentic,700,2.0135166916074925e-05
conditional-fit-0046,axis3_code_agentic,701,0.001370689833927193
conditional-fit-0046,axis3_code_agentic,702,0.0005906171105742608
conditional-fit-0046,axis3_code_agentic,703,0.0025266341703210943
conditional-fit-0046,axis3_code_agentic,704,0.004387032072186524
conditional-fit-0046,axis3_code_agentic,705,0.005896831760787733
conditional-fit-0046,axis3_code_agentic,706,0.028846496087044267
conditional-fit-0046,axis3_code_agentic,707,0.00048353154649309767
conditional-fit-0046,axis3_code_agentic,708,0.00028145908289728817
conditional-fit-0046,axis3_code_agentic,709,0.0014196400313268341
conditional-fit-0046,axis3_code_agentic,710,0.015437496594209343
conditional-fit-0046,axis3_code_agentic,711,0.0020228290509411405
conditional-fit-0046,axis3_code_agentic,712,0.0076589440358425555
conditional-fit-0046,axis3_code_agentic,713,0.006518799931862079
conditional-fit-0046,axis3_code_agentic,714,0.03419006700751404
conditional-fit-0046,axis3_code_agentic,715,0.0020652420988878668
conditional-fit-0046,axis3_code_agentic,716,0.003950009636605549
conditional-fit-0046,axis3_code_agentic,717,0.00010768480962424442
conditional-fit-0046,axis3_code_agentic,718,9.08107163344495e-06
conditional-fit-0046,axis3_code_agentic,719,0.0003540357962985978
conditional-fit-0046,axis3_code_agentic,720,5.2746109823118155e-05
conditional-fit-0046,axis3_code_agentic,721,0.002000846163271258
conditional-fit-0046,axis3_code_agentic,722,0.007613063754936429
conditional-fit-0046,axis3_code_agentic,723,0.018973791190558788
conditional-fit-0046,axis3_code_agentic,724,0.01734443202831472
conditional-fit-0046,axis3_code_agentic,725,0.0022116162181411016
conditional-fit-0046,axis3_code_agentic,726,0.01380452255086937
conditional-fit-0046,axis3_code_agentic,727,0.006539624571446755
conditional-fit-0046,axis3_code_agentic,728,0.010619451315927174
conditional-fit-0046,axis3_code_agentic,729,0.001012940451301091
conditional-fit-0046,axis3_code_agentic,730,0.0021158918282717827
conditional-fit-0046,axis3_code_agentic,731,0.005141370610272145
conditional-fit-0046,axis3_code_agentic,732,0.03933887694566601
conditional-fit-0046,axis3_code_agentic,733,0.0009262678346548038
conditional-fit-0046,axis3_code_agentic,734,0.04793669139649897
conditional-fit-0046,axis3_code_agentic,735,0.0057755102569494385
conditional-fit-0046,axis3_code_agentic,736,0.005402507750440736
conditional-fit-0046,axis3_code_agentic,737,0.0001867302522607236
conditional-fit-0046,axis3_code_agentic,738,0.020172947203865817
conditional-fit-0046,axis3_code_agentic,739,0.006756512830848632
conditional-fit-0046,axis3_code_agentic,740,0.003325806899224147
conditional-fit-0046,axis3_code_agentic,741,0.0073863480723612256
conditional-fit-0046,axis3_code_agentic,742,0.0050632011309257405
conditional-fit-0046,axis3_code_agentic,743,0.007515104590894421
conditional-fit-0046,axis3_code_agentic,744,0.005784859240170145
conditional-fit-0046,axis3_code_agentic,745,0.012634008023297515
conditional-fit-0046,axis3_code_agentic,746,0.022510094108779653
conditional-fit-0046,axis3_code_agentic,747,0.03977809513186676
conditional-fit-0046,axis3_code_agentic,748,0.004021876927015836
conditional-fit-0046,axis3_code_agentic,749,0.11688689615712199
conditional-fit-0046,axis3_code_agentic,750,0.5483587672258113
conditional-fit-0046,axis3_code_agentic,751,0.2599020882869627
conditional-fit-0046,axis3_code_agentic,752,0.04068871801571075
conditional-fit-0046,axis3_code_agentic,753,0.19628448766197612
conditional-fit-0046,axis3_code_agentic,754,0.002649881868112374
conditional-fit-0046,axis3_code_agentic,755,0.2967575661279903
conditional-fit-0046,axis3_code_agentic,756,0.00012231424458615607
conditional-fit-0046,axis3_code_agentic,757,2.5726463441951245e-05
conditional-fit-0046,axis3_code_agentic,758,0.041283558655133834
conditional-fit-0046,axis3_code_agentic,759,0.000279336701125779
conditional-fit-0046,axis3_code_agentic,760,8.229078391071386e-05
conditional-fit-0046,axis3_code_agentic,761,9.943962336874293e-05
conditional-fit-0046,axis3_code_agentic,762,6.301803451336584e-06
conditional-fit-0046,axis3_code_agentic,763,0.004698665826685646
conditional-fit-0046,axis3_code_agentic,764,0.08338845304197565
conditional-fit-0046,axis3_code_agentic,765,0.0060883048394230165
conditional-fit-0046,axis3_code_agentic,766,0.05396589917681
conditional-fit-0046,axis3_code_agentic,767,0.018924854919685465
conditional-fit-0046,axis3_code_agentic,768,0.0060983279675096945
conditional-fit-0046,axis3_code_agentic,769,0.044252913406542894
conditional-fit-0046,axis3_code_agentic,770,0.032551395584382206
conditional-fit-0046,axis3_code_agentic,771,0.024831034459517193
conditional-fit-0046,axis3_code_agentic,772,0.0017937130544986519
conditional-fit-0046,axis3_code_agentic,773,0.02435293832125228
conditional-fit-0046,axis3_code_agentic,774,0.032778268154516975
conditional-fit-0046,axis3_code_agentic,775,0.03819817978043274
conditional-fit-0046,axis3_code_agentic,776,0.023375455539772015
conditional-fit-0046,axis3_code_agentic,777,0.028086038664461934
conditional-fit-0046,axis3_code_agentic,778,2.6082193671406404e-06
conditional-fit-0046,axis3_code_agentic,779,0.0011056457033780925
conditional-fit-0046,axis3_code_agentic,780,0.027498703206924872
conditional-fit-0046,axis3_code_agentic,781,0.01639078069877649
conditional-fit-0046,axis3_code_agentic,782,0.0040592177782714884
conditional-fit-0046,axis3_code_agentic,783,0.003687307225316759
conditional-fit-0046,axis3_code_agentic,784,0.037185528758222855
conditional-fit-0046,axis3_code_agentic,785,0.006601794793351268
conditional-fit-0046,axis3_code_agentic,786,0.05933467985721694
conditional-fit-0046,axis3_code_agentic,787,0.02236900264335558
conditional-fit-0046,axis3_code_agentic,788,0.007632065939368063
conditional-fit-0046,axis3_code_agentic,789,0.0277357301173261
conditional-fit-0046,axis3_code_agentic,790,0.02753851917485347
conditional-fit-0046,axis3_code_agentic,791,0.015434724537442698
conditional-fit-0046,axis3_code_agentic,792,0.005969869300386239
conditional-fit-0046,axis3_code_agentic,793,1.8623559799010743e-05
conditional-fit-0046,axis3_code_agentic,794,0.014311146834354457
conditional-fit-0046,axis3_code_agentic,795,0.01422130162100176
conditional-fit-0046,axis3_code_agentic,796,9.416115988502913e-06
conditional-fit-0046,axis3_code_agentic,797,2.445762204300751e-05
conditional-fit-0046,axis3_code_agentic,798,0.005633896219614982
conditional-fit-0046,axis3_code_agentic,799,0.017600686185420295
conditional-fit-0046,axis3_code_agentic,800,0.020853428770735573
conditional-fit-0046,axis3_code_agentic,801,0.03600413802313832
conditional-fit-0046,axis3_code_agentic,802,0.005192370479644786
conditional-fit-0046,axis3_code_agentic,803,0.02364760075841127
conditional-fit-0046,axis3_code_agentic,804,0.008933825110166174
conditional-fit-0046,axis3_code_agentic,805,0.007267520715116722
conditional-fit-0046,axis3_code_agentic,806,0.028051516674563896
conditional-fit-0046,axis3_code_agentic,807,0.06487332782648245
conditional-fit-0046,axis3_code_agentic,808,0.0026898762153545245
conditional-fit-0046,axis3_code_agentic,809,0.02402901235781122
conditional-fit-0046,axis3_code_agentic,810,0.0008949645439064978
conditional-fit-0046,axis3_code_agentic,811,0.010160573381355915
conditional-fit-0046,axis3_code_agentic,812,0.007395742614541105
conditional-fit-0046,axis3_code_agentic,813,0.006084258856583945
conditional-fit-0046,axis3_code_agentic,814,5.651283577978746e-05
conditional-fit-0046,axis3_code_agentic,815,0.0007258247003606357
conditional-fit-0046,axis3_code_agentic,816,0.004049631558340806
conditional-fit-0046,axis3_code_agentic,817,0.0001855995286567504
conditional-fit-0046,axis3_code_agentic,818,0.01880151112431489
conditional-fit-0046,axis3_code_agentic,819,0.006075141373010516
conditional-fit-0046,axis3_code_agentic,820,0.023199849672846086
conditional-fit-0046,axis3_code_agentic,821,0.00032774696374175563
conditional-fit-0046,axis3_code_agentic,822,0.0038458563324809993
conditional-fit-0046,axis3_code_agentic,823,0.011792944325326953
conditional-fit-0046,axis3_code_agentic,824,0.012542322823919793
conditional-fit-0046,axis3_code_agentic,825,0.027577676913426365
conditional-fit-0046,axis3_code_agentic,826,0.008688226669739084
conditional-fit-0046,axis3_code_agentic,827,0.02464819220461606
conditional-fit-0046,axis3_code_agentic,828,0.016508924488919777
conditional-fit-0046,axis3_code_agentic,829,0.01048875275441648
conditional-fit-0046,axis3_code_agentic,830,0.06570952664519575
conditional-fit-0046,axis3_code_agentic,831,0.11643334986485365
conditional-fit-0046,axis3_code_agentic,832,0.019925683433514432
conditional-fit-0046,axis3_code_agentic,833,0.012589353839939928
conditional-fit-0046,axis3_code_agentic,834,0.006033937713037987
conditional-fit-0046,axis3_code_agentic,835,0.013220184623951053
conditional-fit-0046,axis3_code_agentic,836,0.011285676706281405
conditional-fit-0046,axis3_code_agentic,837,0.005459538909678879
conditional-fit-0046,axis3_code_agentic,838,0.03959606315091094
conditional-fit-0046,axis3_code_agentic,839,0.026881092276035315
conditional-fit-0046,axis3_code_agentic,840,0.01469478773904068
conditional-fit-0046,axis3_code_agentic,841,0.023481630614543295
conditional-fit-0046,axis3_code_agentic,842,0.02216965254177034
conditional-fit-0046,axis3_code_agentic,843,0.011012361754752651
conditional-fit-0046,axis3_code_agentic,844,1.8966249115565993e-05
conditional-fit-0046,axis3_code_agentic,845,0.003779992458149469
conditional-fit-0046,axis3_code_agentic,846,1.2446888303777624e-05
conditional-fit-0046,axis3_code_agentic,847,0.01472444295770415
conditional-fit-0046,axis3_code_agentic,848,6.918963139770267e-06
conditional-fit-0046,axis3_code_agentic,849,0.0007145331255864112
conditional-fit-0046,axis3_code_agentic,850,0.04329409595239234
conditional-fit-0046,axis3_code_agentic,851,0.020442439949407365
conditional-fit-0046,axis3_code_agentic,852,0.016486240780498485
conditional-fit-0046,axis3_code_agentic,853,0.07660783776648608
conditional-fit-0046,axis3_code_agentic,854,0.055891692692205286
conditional-fit-0046,axis3_code_agentic,855,0.0353669691957966
conditional-fit-0046,axis3_code_agentic,856,0.060270926387467005
conditional-fit-0046,axis3_code_agentic,857,0.0028455892174029176
conditional-fit-0046,axis3_code_agentic,858,0.0015562621403463453
conditional-fit-0046,axis3_code_agentic,859,0.003150250620893377
conditional-fit-0046,axis3_code_agentic,860,0.02642381227427376
conditional-fit-0046,axis3_code_agentic,861,0.0532469300947962
conditional-fit-0046,axis3_code_agentic,862,0.03163115307850119
conditional-fit-0046,axis3_code_agentic,863,0.1001140158855754
conditional-fit-0046,axis3_code_agentic,864,0.03197187665519025
conditional-fit-0046,axis3_code_agentic,865,0.004076980386345312
conditional-fit-0046,axis3_code_agentic,866,0.005787278347788823
conditional-fit-0046,axis3_code_agentic,867,0.004967498674711123
conditional-fit-0046,axis3_code_agentic,868,0.00042900042104479594
conditional-fit-0046,axis3_code_agentic,869,0.03265047719696351
conditional-fit-0046,axis3_code_agentic,870,0.00013744308028991716
conditional-fit-0046,axis3_code_agentic,871,0.061164674206067256
conditional-fit-0046,axis3_code_agentic,872,5.976283867398246e-06
conditional-fit-0046,axis3_code_agentic,873,0.007947571328958316
conditional-fit-0046,axis3_code_agentic,874,0.013841741084142888
conditional-fit-0046,axis3_code_agentic,875,0.008379303708701562
conditional-fit-0046,axis3_code_agentic,876,0.2032530394295574
conditional-fit-0046,axis3_code_agentic,877,0.05839962050174463
conditional-fit-0046,axis3_code_agentic,878,0.049449896491230313
conditional-fit-0046,axis3_code_agentic,879,0.019399423051934782
conditional-fit-0046,axis3_code_agentic,880,0.02777038127131072
conditional-fit-0046,axis3_code_agentic,881,0.014637744870266924
conditional-fit-0046,axis3_code_agentic,882,0.0020900565354435357
conditional-fit-0046,axis3_code_agentic,883,0.011722019123934661
conditional-fit-0046,axis3_code_agentic,884,0.021741886101634526
conditional-fit-0046,axis3_code_agentic,885,1.8495064808349312e-05
conditional-fit-0046,axis3_code_agentic,886,0.05638973127984555
conditional-fit-0046,axis3_code_agentic,887,0.0004717916109554612
conditional-fit-0046,axis3_code_agentic,888,0.01094634999090515
conditional-fit-0046,axis3_code_agentic,889,0.07266112587970791
conditional-fit-0046,axis3_code_agentic,890,0.05956341259124446
conditional-fit-0046,axis3_code_agentic,891,0.016612078767322125
conditional-fit-0046,axis3_code_agentic,892,0.002701923278703695
conditional-fit-0046,axis3_code_agentic,893,7.6056147260144715e-06
conditional-fit-0046,axis3_code_agentic,894,0.0003403830483408072
conditional-fit-0046,axis3_code_agentic,895,3.7233191052197836e-06
conditional-fit-0046,axis3_code_agentic,896,0.013572676707186692
conditional-fit-0046,axis3_code_agentic,897,0.01967285071832112
conditional-fit-0046,axis3_code_agentic,898,0.006011979751259045
conditional-fit-0046,axis3_code_agentic,899,0.003226962758649119
conditional-fit-0046,axis3_code_agentic,900,0.018750626900253912
conditional-fit-0046,axis3_code_agentic,901,0.003883620194504802
conditional-fit-0046,axis3_code_agentic,902,0.030420752432045176
conditional-fit-0046,axis3_code_agentic,903,0.0040652359170512825
conditional-fit-0046,axis3_code_agentic,904,0.01641985494461045
conditional-fit-0046,axis3_code_agentic,905,0.00783907549580963
conditional-fit-0046,axis3_code_agentic,906,0.020900272087957368
conditional-fit-0046,axis3_code_agentic,907,0.009316942845737874
conditional-fit-0046,axis3_code_agentic,908,0.0003854782138118817
conditional-fit-0046,axis3_code_agentic,909,9.282964696786151e-07
conditional-fit-0046,axis3_code_agentic,910,4.838955720328213e-06
conditional-fit-0046,axis3_code_agentic,911,0.05903716746365594
conditional-fit-0046,axis3_code_agentic,912,0.002404514206353344
conditional-fit-0046,axis3_code_agentic,913,7.557905593507538e-07
conditional-fit-0046,axis3_code_agentic,914,0.0066486990422520605
conditional-fit-0046,axis3_code_agentic,915,0.0024720289251932725
conditional-fit-0046,axis3_code_agentic,916,2.7029290463307627e-06
conditional-fit-0046,axis3_code_agentic,917,0.0004209520506853801
conditional-fit-0046,axis3_code_agentic,918,5.6922548805324825e-06
conditional-fit-0046,axis3_code_agentic,919,0.00597902129098693
conditional-fit-0046,axis3_code_agentic,920,0.009903543051577288
conditional-fit-0046,axis3_code_agentic,921,0.000493725639078191
conditional-fit-0046,axis3_code_agentic,922,0.0065356701168046445
conditional-fit-0046,axis3_code_agentic,923,0.03167381987092282
conditional-fit-0046,axis3_code_agentic,924,6.650090927268261e-05
conditional-fit-0046,axis3_code_agentic,925,0.001745695422274346
conditional-fit-0046,axis3_code_agentic,926,0.009230100497648275
conditional-fit-0046,axis3_code_agentic,927,0.027648799259425476
conditional-fit-0046,axis3_code_agentic,928,0.007974422034055788
conditional-fit-0046,axis3_code_agentic,929,0.019807851244488514
conditional-fit-0046,axis3_code_agentic,930,9.111457800692633e-06
conditional-fit-0046,axis3_code_agentic,931,1.9929932042215344e-06
conditional-fit-0046,axis3_code_agentic,932,0.0027583679379091803
conditional-fit-0046,axis3_code_agentic,933,4.388880880108496e-06
conditional-fit-0046,axis3_code_agentic,934,0.0024468053716525905
conditional-fit-0046,axis3_code_agentic,935,0.012526124282860172
conditional-fit-0046,axis3_code_agentic,936,0.011538906625112682
conditional-fit-0046,axis3_code_agentic,937,0.013448114801471352
conditional-fit-0046,axis3_code_agentic,938,0.03875708265590008
conditional-fit-0046,axis3_code_agentic,939,4.809303582875385e-06
conditional-fit-0046,axis3_code_agentic,940,1.0494876939512305e-05
conditional-fit-0046,axis3_code_agentic,941,0.0012192430882261018
conditional-fit-0046,axis3_code_agentic,942,0.00015766993097312274
conditional-fit-0046,axis3_code_agentic,943,0.0004555555763702407
conditional-fit-0046,axis3_code_agentic,944,0.00762054484583301
conditional-fit-0046,axis3_code_agentic,945,0.0051710821658426205
conditional-fit-0046,axis3_code_agentic,946,0.04013286553095504
conditional-fit-0046,axis3_code_agentic,947,0.0026485366897050474
conditional-fit-0046,axis3_code_agentic,948,0.00186038342152124
conditional-fit-0046,axis3_code_agentic,949,0.015295616403866471
conditional-fit-0046,axis3_code_agentic,950,0.014363712555432027
conditional-fit-0046,axis3_code_agentic,951,0.010053535546587335
conditional-fit-0046,axis3_code_agentic,952,6.407375930353504e-06
conditional-fit-0046,axis3_code_agentic,953,0.009941893751315713
conditional-fit-0046,axis3_code_agentic,954,0.0207134454798993
conditional-fit-0046,axis3_code_agentic,955,0.007970224205391072
conditional-fit-0046,axis3_code_agentic,956,0.01072074193910194
conditional-fit-0046,axis3_code_agentic,957,0.008569531831039822
conditional-fit-0046,axis3_code_agentic,958,0.021360676055393574
conditional-fit-0046,axis3_code_agentic,959,0.0006087235766007252
conditional-fit-0046,axis3_code_agentic,960,0.04467261044504433
conditional-fit-0046,axis3_code_agentic,961,0.05568495025508344
conditional-fit-0046,axis3_code_agentic,962,3.861044231757876e-05
conditional-fit-0046,axis3_code_agentic,963,0.18478065151290815
conditional-fit-0046,axis3_code_agentic,964,0.07692314532745678
conditional-fit-0046,axis3_code_agentic,965,0.0009587478394581541
conditional-fit-0046,axis3_code_agentic,966,0.028372295927787193
conditional-fit-0046,axis3_code_agentic,967,0.10227327156384156
conditional-fit-0046,axis3_code_agentic,968,0.02107730210625743
conditional-fit-0046,axis3_code_agentic,969,0.050930706198942965
conditional-fit-0046,axis3_code_agentic,970,0.028580858706176895
conditional-fit-0046,axis3_code_agentic,971,0.05742698117539616
conditional-fit-0046,axis3_code_agentic,972,0.0019451470709483127
conditional-fit-0046,axis3_code_agentic,973,1.9443139089207708e-05
conditional-fit-0046,axis3_code_agentic,974,0.0036401074923789085
conditional-fit-0046,axis3_code_agentic,975,0.293623884447383
conditional-fit-0046,axis3_code_agentic,976,0.0016502729744789335
conditional-fit-0046,axis3_code_agentic,977,0.0006150150340750758
conditional-fit-0046,axis3_code_agentic,978,0.015723127291933127
conditional-fit-0046,axis3_code_agentic,979,0.012526558097214043
conditional-fit-0046,axis3_code_agentic,980,0.0402941732959702
conditional-fit-0046,axis3_code_agentic,981,0.18719378522874977
conditional-fit-0046,axis3_code_agentic,982,0.006411918778837336
conditional-fit-0046,axis3_code_agentic,983,9.030960401179496e-05
conditional-fit-0046,axis3_code_agentic,984,0.014029842444412313
conditional-fit-0046,axis3_code_agentic,985,0.006020861654933018
conditional-fit-0046,axis3_code_agentic,986,0.02001899691587112
conditional-fit-0046,axis3_code_agentic,987,0.04552165160730136
conditional-fit-0046,axis3_code_agentic,988,0.0003295421452678862
conditional-fit-0046,axis3_code_agentic,989,0.09971203385074125
conditional-fit-0046,axis3_code_agentic,990,0.004570513969678276
conditional-fit-0046,axis3_code_agentic,991,0.01961902550673615
conditional-fit-0046,axis3_code_agentic,992,0.12064023501686098
conditional-fit-0046,axis3_code_agentic,993,0.0020921545622852138
conditional-fit-0046,axis3_code_agentic,994,1.3805605431057302e-05
conditional-fit-0046,axis3_code_agentic,995,0.0031629074049915103
conditional-fit-0046,axis3_code_agentic,996,0.0017727820001564216
conditional-fit-0046,axis3_code_agentic,997,0.07518479827400561
conditional-fit-0046,axis3_code_agentic,998,4.923180349261965e-05
conditional-fit-0046,axis3_code_agentic,999,4.547224094555225e-06
conditional-fit-0046,axis3_code_agentic,1000,0.004894743474664023
conditional-fit-0046,axis3_code_agentic,1001,0.0414733962322173
conditional-fit-0046,axis3_code_agentic,1002,0.03534116373895649
conditional-fit-0046,axis3_code_agentic,1003,0.006649173840103955
conditional-fit-0046,axis3_code_agentic,1004,0.02066344266448151
conditional-fit-0046,axis3_code_agentic,1005,0.0002686623351035851
conditional-fit-0046,axis3_code_agentic,1006,0.0002564609437501786
conditional-fit-0046,axis3_code_agentic,1007,0.00035208418269470226
conditional-fit-0046,axis3_code_agentic,1008,0.0001271487915364363
conditional-fit-0046,axis3_code_agentic,1009,2.2328287520759534e-05
conditional-fit-0046,axis3_code_agentic,1010,0.04852499058412615
conditional-fit-0046,axis3_code_agentic,1011,0.000785287495157541
conditional-fit-0046,axis3_code_agentic,1012,0.13012837602185567
conditional-fit-0046,axis3_code_agentic,1013,0.1202116170741327
conditional-fit-0046,axis3_code_agentic,1014,0.0008080541771191128
conditional-fit-0046,axis3_code_agentic,1015,0.0004303667884455782
conditional-fit-0046,axis3_code_agentic,1016,0.0004997601337541598
conditional-fit-0046,axis3_code_agentic,1017,0.0194183962267297
conditional-fit-0046,axis3_code_agentic,1018,0.0001343857352490289
conditional-fit-0046,axis3_code_agentic,1019,0.08877589477742973
conditional-fit-0046,axis3_code_agentic,1020,0.0062091858132327475
conditional-fit-0046,axis3_code_agentic,1021,0.00012775393278605915
conditional-fit-0046,axis3_code_agentic,1022,0.000420431261586914
conditional-fit-0046,axis3_code_agentic,1023,0.0001774520887051158
conditional-fit-0046,axis3_code_agentic,1024,0.015717850861795064
conditional-fit-0046,axis3_code_agentic,1025,0.0001335775714285655
conditional-fit-0046,axis3_code_agentic,1026,0.2997597310381792
conditional-fit-0046,axis3_code_agentic,1027,0.26821826340118105
conditional-fit-0046,axis3_code_agentic,1028,0.034962561704452506
conditional-fit-0046,axis3_code_agentic,1029,0.00026963515199193434
conditional-fit-0046,axis3_code_agentic,1030,0.0019862796186043215
conditional-fit-0046,axis3_code_agentic,1031,0.0002419295883293845
conditional-fit-0046,axis3_code_agentic,1032,0.04604718018806601
conditional-fit-0046,axis3_code_agentic,1033,0.00021706891778582694
conditional-fit-0046,axis3_code_agentic,1034,0.04342635952843825
conditional-fit-0046,axis3_code_agentic,1035,0.31954133148805464
conditional-fit-0046,axis3_code_agentic,1036,0.0003636791509778911
conditional-fit-0046,axis3_code_agentic,1037,2.9941875278047214e-06
conditional-fit-0046,axis3_code_agentic,1038,0.003351866239953096
conditional-fit-0046,axis3_code_agentic,1039,0.00011946198438603178
conditional-fit-0046,axis3_code_agentic,1040,0.028799235320982233
conditional-fit-0046,axis3_code_agentic,1041,0.00040123415071903116
conditional-fit-0046,axis3_code_agentic,1042,0.09388935230135059
conditional-fit-0046,axis3_code_agentic,1043,0.7693709230656178
conditional-fit-0046,axis3_code_agentic,1044,0.00018556727916687991
conditional-fit-0046,axis3_code_agentic,1045,0.023764154329022177
conditional-fit-0046,axis3_code_agentic,1046,0.00031579008050002075
conditional-fit-0046,axis3_code_agentic,1047,0.0023072400222896436
conditional-fit-0046,axis3_code_agentic,1048,5.7325147923300356e-05
conditional-fit-0046,axis3_code_agentic,1049,0.005293870916178223
conditional-fit-0046,axis3_code_agentic,1050,5.746998403704613e-05
conditional-fit-0046,axis3_code_agentic,1051,0.21300695495245422
conditional-fit-0046,axis3_code_agentic,1052,0.3507437711730094
conditional-fit-0046,axis3_code_agentic,1053,6.89242204403314e-05
conditional-fit-0046,axis3_code_agentic,1054,0.004447682323066319
conditional-fit-0046,axis3_code_agentic,1055,0.00016512680873969308
conditional-fit-0046,axis3_code_agentic,1056,0.0983419561830529
conditional-fit-0046,axis3_code_agentic,1057,0.0018053032894076925
conditional-fit-0046,axis3_code_agentic,1058,0.10238166067608089
conditional-fit-0046,axis3_code_agentic,1059,0.03728460563204879
conditional-fit-0046,axis3_code_agentic,1060,0.00871841300406704
conditional-fit-0046,axis3_code_agentic,1061,4.6773304472152915e-05
conditional-fit-0046,axis3_code_agentic,1062,0.0006417746315809837
conditional-fit-0046,axis3_code_agentic,1063,0.0003153773714359232
conditional-fit-0046,axis3_code_agentic,1064,0.012248446650562102
conditional-fit-0046,axis3_code_agentic,1065,0.128352888906888
conditional-fit-0046,axis3_code_agentic,1066,0.1002998212217667
conditional-fit-0046,axis3_code_agentic,1067,0.00023282022608236798
conditional-fit-0046,axis3_code_agentic,1068,0.013631660385565871
conditional-fit-0046,axis3_code_agentic,1069,0.045692746368620474
conditional-fit-0046,axis3_code_agentic,1070,0.006077096322079195
conditional-fit-0046,axis3_code_agentic,1071,0.0017951735584022582
conditional-fit-0046,axis3_code_agentic,1072,0.0010388639707193483
conditional-fit-0046,axis3_code_agentic,1073,0.00012404637991573532
conditional-fit-0046,axis3_code_agentic,1074,0.019476971921960476
conditional-fit-0046,axis3_code_agentic,1075,0.00022278448250918204
conditional-fit-0046,axis3_code_agentic,1076,0.30822592594963655
conditional-fit-0046,axis3_code_agentic,1077,0.044484182696525425
conditional-fit-0046,axis3_code_agentic,1078,0.3033713039685685
conditional-fit-0046,axis3_code_agentic,1079,0.5968048926675006
conditional-fit-0046,axis3_code_agentic,1080,0.001077123651564999
conditional-fit-0046,axis3_code_agentic,1081,0.008998238124215619
conditional-fit-0046,axis3_code_agentic,1082,0.004977915888907693
conditional-fit-0046,axis3_code_agentic,1083,0.08612177483659739
conditional-fit-0046,axis3_code_agentic,1084,0.005884005640694462
conditional-fit-0046,axis3_code_agentic,1085,0.0048298027930298755
conditional-fit-0046,axis3_code_agentic,1086,0.002201035185758649
conditional-fit-0046,axis3_code_agentic,1087,9.688074553591163e-05
conditional-fit-0046,axis3_code_agentic,1088,0.015550660712906589
conditional-fit-0046,axis3_code_agentic,1089,0.002377251726154709
conditional-fit-0046,axis3_code_agentic,1090,7.714827597685482e-06
conditional-fit-0046,axis3_code_agentic,1091,9.77912440181455e-06
conditional-fit-0046,axis3_code_agentic,1092,0.0052805916785746195
conditional-fit-0046,axis3_code_agentic,1093,0.04772867415831701
conditional-fit-0046,axis3_code_agentic,1094,0.0008783322659161179
conditional-fit-0046,axis3_code_agentic,1095,9.66977266163898e-06
conditional-fit-0046,axis3_code_agentic,1096,0.005687982564633274
conditional-fit-0046,axis3_code_agentic,1097,0.0657935981537482
conditional-fit-0046,axis3_code_agentic,1098,0.055879449362509034
conditional-fit-0046,axis3_code_agentic,1099,0.015271644653163184
conditional-fit-0046,axis3_code_agentic,1100,0.016540188715645696
conditional-fit-0046,axis3_code_agentic,1101,0.08841080176779811
conditional-fit-0046,axis3_code_agentic,1102,0.022558043244456247
conditional-fit-0046,axis3_code_agentic,1103,0.08572234843625284
conditional-fit-0046,axis3_code_agentic,1104,0.0031604050735787037
conditional-fit-0046,axis3_code_agentic,1105,0.0013285711773841954
conditional-fit-0046,axis3_code_agentic,1106,1.0776292196140482
conditional-fit-0046,axis3_code_agentic,1107,0.17803381558736134
conditional-fit-0046,axis3_code_agentic,1108,0.00828005220777311
conditional-fit-0046,axis3_code_agentic,1109,0.0019490854227732519
conditional-fit-0046,axis3_code_agentic,1110,0.059267825732955366
conditional-fit-0046,axis3_code_agentic,1111,0.07304853959679906
conditional-fit-0046,axis3_code_agentic,1112,0.0006099209745525758
conditional-fit-0046,axis3_code_agentic,1113,0.0013038433065446662
conditional-fit-0046,axis3_code_agentic,1114,1.368622829611272e-05
conditional-fit-0046,axis3_code_agentic,1115,0.006398041525128206
conditional-fit-0046,axis3_code_agentic,1116,5.7647679311681504e-05
conditional-fit-0046,axis3_code_agentic,1117,0.003981269307380415
conditional-fit-0046,axis3_code_agentic,1118,0.00010309137329423174
conditional-fit-0046,axis3_code_agentic,1119,0.00017729665753763037
conditional-fit-0046,axis3_code_agentic,1120,0.030813571635753434
conditional-fit-0046,axis3_code_agentic,1121,0.0548989033054522
conditional-fit-0046,axis3_code_agentic,1122,0.04181717551906432
conditional-fit-0046,axis3_code_agentic,1123,5.820317085007806e-05
conditional-fit-0046,axis3_code_agentic,1124,0.0059301516888409095
conditional-fit-0046,axis3_code_agentic,1125,0.0001049688553014999
conditional-fit-0046,axis3_code_agentic,1126,1.713158585955796e-05
conditional-fit-0046,axis3_code_agentic,1127,0.00038861304557905496
conditional-fit-0046,axis3_code_agentic,1128,0.20727009474945185
conditional-fit-0046,axis3_code_agentic,1129,0.00024472600908704987
conditional-fit-0046,axis3_code_agentic,1130,0.03612829514115336
conditional-fit-0046,axis3_code_agentic,1131,0.18994999871358356
conditional-fit-0046,axis3_code_agentic,1132,0.07373996043291202
conditional-fit-0046,axis3_code_agentic,1133,3.7489205711476485e-05
conditional-fit-0046,axis3_code_agentic,1134,0.03572355258385217
conditional-fit-0046,axis3_code_agentic,1135,0.0714851057341423
conditional-fit-0046,axis3_code_agentic,1136,0.009940419757428712
conditional-fit-0046,axis3_code_agentic,1137,0.006907515500119344
conditional-fit-0046,axis3_code_agentic,1138,0.003335468401940829
conditional-fit-0046,axis3_code_agentic,1139,0.0007309363399224176
conditional-fit-0046,axis3_code_agentic,1140,0.003268696678199349
conditional-fit-0046,axis3_code_agentic,1141,0.20544624829222896
conditional-fit-0046,axis3_code_agentic,1142,0.04236448450027342
conditional-fit-0046,axis3_code_agentic,1143,0.010185529597653288
conditional-fit-0046,axis3_code_agentic,1144,0.038808966563625556
conditional-fit-0046,axis3_code_agentic,1145,0.40159283884806096
conditional-fit-0046,axis3_code_agentic,1146,9.599693259285638e-05
conditional-fit-0046,axis3_code_agentic,1147,0.009525912319917547
conditional-fit-0046,axis3_code_agentic,1148,0.0004765030656838276
conditional-fit-0046,axis3_code_agentic,1149,0.007420661717932873
conditional-fit-0046,axis3_code_agentic,1150,3.639992114637873e-05
conditional-fit-0046,axis3_code_agentic,1151,0.0007653260907187842
conditional-fit-0046,axis3_code_agentic,1152,0.0014054669836747564
conditional-fit-0046,axis3_code_agentic,1153,0.0009987564043621602
conditional-fit-0046,axis3_code_agentic,1154,8.434909308423263e-07
conditional-fit-0046,axis3_code_agentic,1155,0.0005608800849559068
conditional-fit-0046,axis3_code_agentic,1156,0.0008860830599147773
conditional-fit-0046,axis3_code_agentic,1157,7.123418522632545e-05
conditional-fit-0046,axis3_code_agentic,1158,1.1214989330901737e-05
conditional-fit-0046,axis3_code_agentic,1159,3.964839168086531e-06
conditional-fit-0046,axis3_code_agentic,1160,0.010807812814680058
conditional-fit-0046,axis3_code_agentic,1161,0.0037200394986929555
conditional-fit-0046,axis3_code_agentic,1162,5.574200426106793
conditional-fit-0046,axis3_code_agentic,1163,0.0011172258376775466
conditional-fit-0046,axis3_code_agentic,1164,0.018079740001117055
conditional-fit-0046,axis3_code_agentic,1165,0.000980253430361982
conditional-fit-0046,axis3_code_agentic,1166,9.402902100361668e-05
conditional-fit-0046,axis3_code_agentic,1167,3.21381840953141e-05
conditional-fit-0046,axis3_code_agentic,1168,0.00047917976077642194
conditional-fit-0046,axis3_code_agentic,1169,2.0377480759118174e-06
conditional-fit-0046,axis3_code_agentic,1170,0.011288619377286306
conditional-fit-0046,axis3_code_agentic,1171,0.14793912424156236
conditional-fit-0046,axis3_code_agentic,1172,0.0001689150860679799
conditional-fit-0046,axis3_code_agentic,1173,0.00041976889129265497
conditional-fit-0046,axis3_code_agentic,1174,0.001045656747348501
conditional-fit-0046,axis3_code_agentic,1175,0.0034805754934711833
conditional-fit-0046,axis3_code_agentic,1176,0.004080000826968865
conditional-fit-0046,axis3_code_agentic,1177,0.010332356941349177
conditional-fit-0046,axis3_code_agentic,1178,0.0019895233745242363
conditional-fit-0046,axis3_code_agentic,1179,0.0002995000043441665
conditional-fit-0046,axis3_code_agentic,1180,0.0036334992578827374
conditional-fit-0046,axis3_code_agentic,1181,0.32230203466275487
conditional-fit-0046,axis3_code_agentic,1182,1.085053390075004
conditional-fit-0046,axis3_code_agentic,1183,0.00010402568755511901
conditional-fit-0046,axis3_code_agentic,1184,6.341332701990836e-06
conditional-fit-0046,axis3_code_agentic,1185,0.0007431877040881562
conditional-fit-0046,axis3_code_agentic,1186,0.001529764433766262
conditional-fit-0046,axis3_code_agentic,1187,0.0011518744447961637
conditional-fit-0046,axis3_code_agentic,1188,0.7034156961300064
conditional-fit-0046,axis3_code_agentic,1189,0.010780857098316415
conditional-fit-0046,axis3_code_agentic,1190,0.0007358939545617793
conditional-fit-0046,axis3_code_agentic,1191,7.911016791438565e-05
conditional-fit-0046,axis3_code_agentic,1192,0.31866233886905476
conditional-fit-0046,axis3_code_agentic,1193,0.07303460254643857
conditional-fit-0046,axis3_code_agentic,1194,0.0056027837433830704
conditional-fit-0046,axis3_code_agentic,1195,5.316652740849377e-05
conditional-fit-0046,axis3_code_agentic,1196,0.0013804198913290298
conditional-fit-0046,axis3_code_agentic,1197,0.0813018904184987
conditional-fit-0046,axis3_code_agentic,1198,0.0002802722522799656
conditional-fit-0046,axis3_code_agentic,1199,0.004162858901002055
conditional-fit-0046,axis3_code_agentic,1200,0.00629084611359662
conditional-fit-0046,axis3_code_agentic,1201,0.016159146318092135
conditional-fit-0046,axis3_code_agentic,1202,0.0006980269279915359
conditional-fit-0046,axis3_code_agentic,1203,0.0007951200742925716
conditional-fit-0046,axis3_code_agentic,1204,4.9587584688034626e-05
conditional-fit-0046,axis3_code_agentic,1205,0.001097632192126203
conditional-fit-0046,axis3_code_agentic,1206,0.005843999583360711
conditional-fit-0046,axis3_code_agentic,1207,0.08149596804751807
conditional-fit-0046,axis3_code_agentic,1208,0.0009070078940393264
conditional-fit-0046,axis3_code_agentic,1209,0.07584176873395543
conditional-fit-0046,axis3_code_agentic,1210,5.966213700770614e-06
conditional-fit-0046,axis3_code_agentic,1211,4.7823044644608376e-05
conditional-fit-0046,axis3_code_agentic,1212,0.0002641529383260677
conditional-fit-0046,axis3_code_agentic,1213,8.964536583913434e-05
conditional-fit-0046,axis3_code_agentic,1214,0.0002971398830415018
conditional-fit-0046,axis3_code_agentic,1215,0.010395522482527326
conditional-fit-0046,axis3_code_agentic,1216,0.00073987496930172
conditional-fit-0046,axis3_code_agentic,1217,5.696317110790401e-05
conditional-fit-0046,axis3_code_agentic,1218,4.0033663892973065e-06
conditional-fit-0046,axis3_code_agentic,1219,0.00012464150076809525
conditional-fit-0046,axis3_code_agentic,1220,3.426219801594673e-05
conditional-fit-0046,axis3_code_agentic,1221,2.041309508579793e-05
conditional-fit-0046,axis3_code_agentic,1222,4.4347461793304646e-05
conditional-fit-0046,axis3_code_agentic,1223,0.013137040267892447
conditional-fit-0046,axis3_code_agentic,1224,0.00034457293063479727
conditional-fit-0046,axis3_code_agentic,1225,0.0020881117327036605
conditional-fit-0046,axis3_code_agentic,1226,4.9801797109383477e-05
conditional-fit-0046,axis3_code_agentic,1227,0.00014329083613369642
conditional-fit-0046,axis3_code_agentic,1228,0.0005326232315521666
conditional-fit-0046,axis3_code_agentic,1229,0.0003680638140002722
conditional-fit-0046,axis3_code_agentic,1230,0.0009086117787265468
conditional-fit-0046,axis3_code_agentic,1231,0.01748963281388574
conditional-fit-0046,axis3_code_agentic,1232,0.10277802673440546
conditional-fit-0046,axis3_code_agentic,1233,0.005167006641432134
conditional-fit-0046,axis3_code_agentic,1234,1.4364506499274759e-05
conditional-fit-0046,axis3_code_agentic,1235,0.001998055002337079
conditional-fit-0046,axis3_code_agentic,1236,0.3457619183355112
conditional-fit-0046,axis3_code_agentic,1237,0.6076612309316288
conditional-fit-0046,axis3_code_agentic,1238,9.262251046955952e-05
conditional-fit-0046,axis3_code_agentic,1239,6.210084810518733e-05
conditional-fit-0046,axis3_code_agentic,1240,7.564959149758643e-05
conditional-fit-0046,axis3_code_agentic,1241,0.00634317635553649
conditional-fit-0046,axis3_code_agentic,1242,0.021628346000857637
conditional-fit-0046,axis3_code_agentic,1243,0.0018610495355636412
conditional-fit-0046,axis3_code_agentic,1244,0.1889964938821633
conditional-fit-0046,axis3_code_agentic,1245,0.0635698856933117
conditional-fit-0046,axis3_code_agentic,1246,0.00021371178781749928
conditional-fit-0046,axis3_code_agentic,1247,0.0004958445921337528
conditional-fit-0046,axis3_code_agentic,1248,1.4126971009467554e-05
conditional-fit-0046,axis3_code_agentic,1249,0.20731024021291114
conditional-fit-0046,axis3_code_agentic,1250,9.333764746900741e-05
conditional-fit-0046,axis3_code_agentic,1251,0.09471657729797277
conditional-fit-0046,axis3_code_agentic,1252,0.00027642312928963047
conditional-fit-0046,axis3_code_agentic,1253,2.5510390227390093e-05
conditional-fit-0046,axis3_code_agentic,1254,9.740993381386898e-05
conditional-fit-0046,axis3_code_agentic,1255,0.00285963190849446
conditional-fit-0046,axis3_code_agentic,1256,0.00047885197489574077
conditional-fit-0046,axis3_code_agentic,1257,4.504493147934388e-05
conditional-fit-0046,axis3_code_agentic,1258,4.3150148342099135e-05
conditional-fit-0046,axis3_code_agentic,1259,0.0003975133815483187
conditional-fit-0046,axis3_code_agentic,1260,0.01911539875798436
conditional-fit-0046,axis3_code_agentic,1261,0.013233686185086115
conditional-fit-0046,axis3_code_agentic,1262,0.0008033048828362489
conditional-fit-0046,axis3_code_agentic,1263,0.00027497778578643064
conditional-fit-0046,axis3_code_agentic,1264,2.6647141717474088e-05
conditional-fit-0046,axis3_code_agentic,1265,0.0009710876947696828
conditional-fit-0046,axis3_code_agentic,1266,4.298340413231816e-05
conditional-fit-0046,axis3_code_agentic,1267,0.0007692070954302978
conditional-fit-0046,axis3_code_agentic,1268,0.0012783164554613106
conditional-fit-0046,axis3_code_agentic,1269,0.09615214902112004
conditional-fit-0046,axis3_code_agentic,1270,0.00014201440499992578
conditional-fit-0046,axis3_code_agentic,1271,0.004169235363003274
conditional-fit-0046,axis3_code_agentic,1272,0.29289990923301856
conditional-fit-0046,axis3_code_agentic,1273,0.08782183597147862
conditional-fit-0046,axis3_code_agentic,1274,0.5066436878469877
conditional-fit-0046,axis3_code_agentic,1275,8.51697955562498e-05
conditional-fit-0046,axis3_code_agentic,1276,0.09556386202896919
conditional-fit-0046,axis3_code_agentic,1277,3.8261590857224846e-05
conditional-fit-0046,axis3_code_agentic,1278,0.008093245684952182
conditional-fit-0046,axis3_code_agentic,1279,0.10261106656361607
conditional-fit-0046,axis3_code_agentic,1280,4.5968702143998804e-05
conditional-fit-0046,axis3_code_agentic,1281,0.5026572249745969
conditional-fit-0046,axis3_code_agentic,1282,0.0413520394814449
conditional-fit-0046,axis3_code_agentic,1283,0.8333752205271959
conditional-fit-0046,axis3_code_agentic,1284,1.924409328869595
conditional-fit-0046,axis3_code_agentic,1285,0.35443785829379193
conditional-fit-0046,axis3_code_agentic,1286,0.1926777658141514
conditional-fit-0046,axis3_code_agentic,1287,0.09480760845830118
conditional-fit-0046,axis3_code_agentic,1288,0.26020461769328856
conditional-fit-0046,axis3_code_agentic,1289,0.0001667294993905974
conditional-fit-0046,axis3_code_agentic,1290,0.029769104099571495
conditional-fit-0046,axis3_code_agentic,1291,0.10994688849518193
conditional-fit-0046,axis3_code_agentic,1292,0.024120596462186318
conditional-fit-0046,axis3_code_agentic,1293,5.6476596147084584e-05
conditional-fit-0046,axis3_code_agentic,1294,0.1607001703388793
conditional-fit-0046,axis3_code_agentic,1295,0.004520311722681115
conditional-fit-0046,axis3_code_agentic,1296,3.128883405040845e-05
conditional-fit-0046,axis3_code_agentic,1297,0.0003000006288887087
conditional-fit-0046,axis3_code_agentic,1298,0.0034980318634782476
conditional-fit-0046,axis3_code_agentic,1299,0.0013530522605042213
conditional-fit-0046,axis3_code_agentic,1300,0.0005698999480027853
conditional-fit-0046,axis3_code_agentic,1301,1.2915324291947558e-05
conditional-fit-0046,axis3_code_agentic,1302,0.06260448003728482
conditional-fit-0046,axis3_code_agentic,1303,0.006485034972058406
conditional-fit-0046,axis3_code_agentic,1304,0.0002673586169281643
conditional-fit-0046,axis3_code_agentic,1305,0.0022782178302802906
conditional-fit-0046,axis3_code_agentic,1306,9.201784637585358e-05
conditional-fit-0046,axis3_code_agentic,1307,8.364800744809521e-05
conditional-fit-0046,axis3_code_agentic,1308,0.05969634683713684
conditional-fit-0046,axis3_code_agentic,1309,0.000157177691331779
conditional-fit-0046,axis3_code_agentic,1310,0.005312312145227635
conditional-fit-0046,axis3_code_agentic,1311,4.7701108971023465e-06
conditional-fit-0046,axis3_code_agentic,1312,0.008667574805833116
conditional-fit-0046,axis3_code_agentic,1313,0.008145941814903527
conditional-fit-0046,axis3_code_agentic,1314,0.012891778316630917
conditional-fit-0046,axis3_code_agentic,1315,0.0013049455816501157
conditional-fit-0046,axis3_code_agentic,1316,0.581441005920474
conditional-fit-0046,axis3_code_agentic,1317,0.10136990276322566
conditional-fit-0046,axis3_code_agentic,1318,0.11700581067224891
conditional-fit-0046,axis3_code_agentic,1319,8.188893714653663e-05
conditional-fit-0046,axis3_code_agentic,1320,0.00019332155550108788
conditional-fit-0046,axis3_code_agentic,1321,0.00039792289754187924
conditional-fit-0046,axis3_code_agentic,1322,0.23374470127868102
conditional-fit-0046,axis3_code_agentic,1323,0.0008308533582238335
conditional-fit-0046,axis3_code_agentic,1324,0.00040853093073996296
conditional-fit-0046,axis3_code_agentic,1325,0.000145689133731504
conditional-fit-0046,axis3_code_agentic,1326,0.010801478855369733
conditional-fit-0046,axis3_code_agentic,1327,8.731336875862633e-06
conditional-fit-0046,axis3_code_agentic,1328,0.0009066002854815143
conditional-fit-0046,axis3_code_agentic,1329,0.0008952174201682058
conditional-fit-0046,axis3_code_agentic,1330,0.14227830621828422
conditional-fit-0046,axis3_code_agentic,1331,0.16798694192212132
conditional-fit-0046,axis3_code_agentic,1332,0.13706192605038942
conditional-fit-0046,axis3_code_agentic,1333,0.0016350483450622705
conditional-fit-0046,axis3_code_agentic,1334,0.13054211216477002
conditional-fit-0046,axis3_code_agentic,1335,0.0011575630734609508
conditional-fit-0046,axis3_code_agentic,1336,0.0011163818692798999
conditional-fit-0046,axis3_code_agentic,1337,0.10051322545051175
conditional-fit-0046,axis3_code_agentic,1338,0.0054040678923418925
conditional-fit-0046,axis3_code_agentic,1339,0.00026550107427309903
conditional-fit-0046,axis3_code_agentic,1340,4.129984892720109e-05
conditional-fit-0046,axis3_code_agentic,1341,0.044463292143898554
conditional-fit-0046,axis3_code_agentic,1342,0.0021442166274535743
conditional-fit-0046,axis3_code_agentic,1343,0.024760251624714763
conditional-fit-0046,axis3_code_agentic,1344,1.4370296113313902e-05
conditional-fit-0046,axis3_code_agentic,1345,6.024152644156591e-05
conditional-fit-0046,axis3_code_agentic,1346,0.000350062021871701
conditional-fit-0046,axis3_code_agentic,1347,1.9920195262083936e-05
conditional-fit-0046,axis3_code_agentic,1348,0.00013472773136588115
conditional-fit-0046,axis3_code_agentic,1349,1.3808083998672097e-05
conditional-fit-0046,axis3_code_agentic,1350,0.001921777899221498
conditional-fit-0046,axis3_code_agentic,1351,0.00017587785159733135
conditional-fit-0046,axis3_code_agentic,1352,0.005248735465391096
conditional-fit-0046,axis3_code_agentic,1353,0.00027473287084596925
conditional-fit-0046,axis3_code_agentic,1354,5.181690157388821e-06
conditional-fit-0046,axis3_code_agentic,1355,0.005888643431076394
conditional-fit-0046,axis3_code_agentic,1356,1.5686736223848292e-05
conditional-fit-0046,axis3_code_agentic,1357,0.0004576320249283524
conditional-fit-0046,axis3_code_agentic,1358,0.015226620234665332
conditional-fit-0046,axis3_code_agentic,1359,0.0006237851180590134
conditional-fit-0046,axis3_code_agentic,1360,0.00022941926555917856
conditional-fit-0046,axis3_code_agentic,1361,7.625553715490155e-06
conditional-fit-0046,axis3_code_agentic,1362,0.0021208367098928546
conditional-fit-0046,axis3_code_agentic,1363,0.0002266970847611414
conditional-fit-0046,axis3_code_agentic,1364,0.0004095057079429799
conditional-fit-0046,axis3_code_agentic,1365,8.741648991809592e-05
conditional-fit-0046,axis3_code_agentic,1366,5.456251666332174e-06
conditional-fit-0046,axis3_code_agentic,1367,0.5537308468652213
conditional-fit-0046,axis3_code_agentic,1368,4.200921811867134e-06
conditional-fit-0046,axis3_code_agentic,1369,0.018378286010259343
conditional-fit-0046,axis3_code_agentic,1370,0.08514831129398864
conditional-fit-0046,axis3_code_agentic,1371,0.0055241900727742484
conditional-fit-0046,axis3_code_agentic,1372,5.738937136743705e-07
conditional-fit-0046,axis3_code_agentic,1373,0.0003463867436610557
conditional-fit-0046,axis3_code_agentic,1374,6.083157042263743e-05
conditional-fit-0046,axis3_code_agentic,1375,0.0003524028775910471
conditional-fit-0046,axis3_code_agentic,1376,1.8750281744836268e-06
conditional-fit-0046,axis3_code_agentic,1377,0.027437762467214827
conditional-fit-0046,axis3_code_agentic,1378,1.2193221198935166e-06
conditional-fit-0046,axis3_code_agentic,1379,0.051997332832464445
conditional-fit-0046,axis3_code_agentic,1380,0.00028314410871137273
conditional-fit-0046,axis3_code_agentic,1381,6.880768503280607e-05
conditional-fit-0046,axis3_code_agentic,1382,0.00010990508460960238
conditional-fit-0046,axis3_code_agentic,1383,0.00010004081178969253
conditional-fit-0046,axis3_code_agentic,1384,2.303484658374142e-05
conditional-fit-0046,axis3_code_agentic,1385,0.020914985430652025
conditional-fit-0046,axis3_code_agentic,1386,2.628253750724112e-06
conditional-fit-0046,axis3_code_agentic,1387,0.0018893366157806254
conditional-fit-0046,axis3_code_agentic,1388,3.8705856168852e-06
conditional-fit-0046,axis3_code_agentic,1389,0.05573353389767466
conditional-fit-0046,axis3_code_agentic,1390,0.0013442682342532544
conditional-fit-0046,axis3_code_agentic,1391,0.023101583212330072
conditional-fit-0046,axis3_code_agentic,1392,0.010079307906246594
conditional-fit-0046,axis3_code_agentic,1393,0.006260168121589063
conditional-fit-0046,axis3_code_agentic,1394,0.09661025425507692
conditional-fit-0046,axis3_code_agentic,1395,0.00015471341277932998
conditional-fit-0046,axis3_code_agentic,1396,0.0004346970870974487
conditional-fit-0046,axis3_code_agentic,1397,2.5836606205426227
conditional-fit-0046,axis3_code_agentic,1398,2.9425982717192497e-05
conditional-fit-0046,axis3_code_agentic,1399,0.01993359608158849
conditional-fit-0046,axis3_code_agentic,1400,2.6223455811928562e-05
conditional-fit-0046,axis3_code_agentic,1401,0.013824032329131052
conditional-fit-0046,axis3_code_agentic,1402,2.116181912444394e-05
conditional-fit-0046,axis3_code_agentic,1403,5.369651047551396e-06
conditional-fit-0046,axis3_code_agentic,1404,0.00012373436136323392
conditional-fit-0046,axis3_code_agentic,1405,0.0005130493995486005
conditional-fit-0046,axis3_code_agentic,1406,2.3323863633885655e-05
conditional-fit-0046,axis3_code_agentic,1407,0.004460110988827867
conditional-fit-0046,axis3_code_agentic,1408,0.0012405476634456253
conditional-fit-0046,axis3_code_agentic,1409,2.1768997024496507e-05
conditional-fit-0046,axis3_code_agentic,1410,0.02630582610838076
conditional-fit-0046,axis3_code_agentic,1411,0.0010522846967876232
conditional-fit-0046,axis3_code_agentic,1412,0.0047266918503539364
conditional-fit-0046,axis3_code_agentic,1413,7.367445365962576e-05
conditional-fit-0046,axis3_code_agentic,1414,2.5225446402777084e-06
conditional-fit-0046,axis3_code_agentic,1415,0.00010607504801846448
conditional-fit-0046,axis3_code_agentic,1416,2.2773742924649195e-05
conditional-fit-0046,axis3_code_agentic,1417,7.097473238196819e-06
conditional-fit-0046,axis3_code_agentic,1418,0.0006672989187594109
conditional-fit-0046,axis3_code_agentic,1419,0.02079438737493223
conditional-fit-0046,axis3_code_agentic,1420,4.426185101365649e-06
conditional-fit-0046,axis3_code_agentic,1421,0.0007784415397414317
conditional-fit-0046,axis3_code_agentic,1422,0.007399739269317886
conditional-fit-0046,axis3_code_agentic,1423,0.00033501054380028524
conditional-fit-0046,axis3_code_agentic,1424,0.00010250808786873
conditional-fit-0046,axis3_code_agentic,1425,7.886245022605477e-06
conditional-fit-0046,axis3_code_agentic,1426,0.009138152116538316
conditional-fit-0046,axis3_code_agentic,1427,0.001315353623231657
conditional-fit-0046,axis3_code_agentic,1428,0.024779564703494676
conditional-fit-0046,axis3_code_agentic,1429,0.16249023309922947
conditional-fit-0046,axis3_code_agentic,1430,6.627716119318644
conditional-fit-0046,axis3_code_agentic,1431,0.07241321869193769
conditional-fit-0046,axis3_code_agentic,1432,1.0197210008090258
conditional-fit-0046,axis3_code_agentic,1433,2.9240164822132672e-05
conditional-fit-0046,axis3_code_agentic,1434,0.00010842075412053362
conditional-fit-0046,axis3_code_agentic,1435,2.8024715181177404
conditional-fit-0046,axis3_code_agentic,1436,4.951325045027399
conditional-fit-0046,axis3_code_agentic,1437,1.4610234321987134
conditional-fit-0046,axis3_code_agentic,1438,0.23021543700142272
conditional-fit-0046,axis3_code_agentic,1439,3.287037278197875e-05
conditional-fit-0046,axis3_code_agentic,1440,5.362171533256195e-06
conditional-fit-0046,axis3_code_agentic,1441,0.0018866431334029407
conditional-fit-0046,axis3_code_agentic,1442,0.00015850797738331174
conditional-fit-0046,axis3_code_agentic,1443,0.00011689984148541922
conditional-fit-0046,axis3_code_agentic,1444,0.0008444124829224196
conditional-fit-0046,axis3_code_agentic,1445,0.7057601845774848
conditional-fit-0046,axis3_code_agentic,1446,6.267585367784835e-05
conditional-fit-0046,axis3_code_agentic,1447,11.6326777911523
conditional-fit-0046,axis3_code_agentic,1448,4.94645282358245e-05
conditional-fit-0046,axis3_code_agentic,1449,0.0006674313450029412
conditional-fit-0046,axis3_code_agentic,1450,0.0005780646584253011
conditional-fit-0046,axis3_code_agentic,1451,0.0005179669407905622
conditional-fit-0046,axis3_code_agentic,1452,0.06094323796952058
conditional-fit-0046,axis3_code_agentic,1453,0.01349659238984404
conditional-fit-0046,axis3_code_agentic,1454,0.0677200093707963
conditional-fit-0046,axis3_code_agentic,1455,1.543723888058663e-06
conditional-fit-0046,axis3_code_agentic,1456,5.5406470319437466e-05
conditional-fit-0046,axis3_code_agentic,1457,4.012745405616949e-05
conditional-fit-0046,axis3_code_agentic,1458,0.5464677543632875
conditional-fit-0046,axis3_code_agentic,1459,6.986881327693755e-06
conditional-fit-0046,axis3_code_agentic,1460,0.0007381724990593167
conditional-fit-0046,axis3_code_agentic,1461,6.9119449177115695e-06
conditional-fit-0046,axis3_code_agentic,1462,7.107399926338236e-06
conditional-fit-0046,axis3_code_agentic,1463,0.6647008921897589
conditional-fit-0046,axis3_code_agentic,1464,0.0027696175028613843
conditional-fit-0046,axis3_code_agentic,1465,0.7122175151484348
conditional-fit-0046,axis3_code_agentic,1466,0.09160361041597817
conditional-fit-0046,axis3_code_agentic,1467,0.00249683407757756
conditional-fit-0046,axis3_code_agentic,1468,0.005203048723501607
conditional-fit-0046,axis3_code_agentic,1469,0.003883799839546792
conditional-fit-0046,axis3_code_agentic,1470,0.46049006767657485
conditional-fit-0046,axis3_code_agentic,1471,5.397435547212126e-05
conditional-fit-0046,axis3_code_agentic,1472,0.0001577500796576097
conditional-fit-0046,axis3_code_agentic,1473,5.42918124658161e-05
conditional-fit-0046,axis3_code_agentic,1474,1.8041060354200715e-05
conditional-fit-0046,axis3_code_agentic,1475,0.008230839601048357
conditional-fit-0046,axis3_code_agentic,1476,0.03177547201928643
conditional-fit-0046,axis3_code_agentic,1477,1.0023939333313043
conditional-fit-0046,axis3_code_agentic,1478,0.004358656648951704
conditional-fit-0046,axis3_code_agentic,1479,0.001801909341922744
conditional-fit-0046,axis3_code_agentic,1480,0.23048061205860346
conditional-fit-0046,axis3_code_agentic,1481,0.0027205942977881975
conditional-fit-0046,axis3_code_agentic,1482,3.0712580637411324e-06
conditional-fit-0046,axis3_code_agentic,1483,0.0060963669467396404
conditional-fit-0046,axis3_code_agentic,1484,0.00022470528694162347
conditional-fit-0046,axis3_code_agentic,1485,0.21216570106108448
conditional-fit-0046,axis3_code_agentic,1486,0.08417148359157207
conditional-fit-0046,axis3_code_agentic,1487,0.1422980658941279
conditional-fit-0046,axis3_code_agentic,1488,0.36304561127156276
conditional-fit-0046,axis3_code_agentic,1489,0.010352682159684795
conditional-fit-0046,axis3_code_agentic,1490,1.2478563390815303
conditional-fit-0046,axis3_code_agentic,1491,0.09268944933735991
conditional-fit-0046,axis3_code_agentic,1492,0.20539033660215084
conditional-fit-0046,axis3_code_agentic,1493,0.5036624163480257
conditional-fit-0046,axis3_code_agentic,1494,0.06530145051974307
conditional-fit-0046,axis3_code_agentic,1495,0.06724776723244641
conditional-fit-0046,axis3_code_agentic,1496,0.3093978332819648
conditional-fit-0046,axis3_code_agentic,1497,0.045099611080270115
conditional-fit-0046,axis3_code_agentic,1498,0.0060787572784358635
conditional-fit-0046,axis3_code_agentic,1499,0.0008069870073426136
conditional-fit-0046,axis3_code_agentic,1500,0.010710335142939842
conditional-fit-0046,axis3_code_agentic,1501,0.000718905367171305
conditional-fit-0046,axis3_code_agentic,1502,0.1291763168826247
conditional-fit-0046,axis3_code_agentic,1503,0.002381145340225533
conditional-fit-0046,axis3_code_agentic,1504,4.826384595323577e-05
conditional-fit-0046,axis3_code_agentic,1505,0.2478751024639245
conditional-fit-0046,axis3_code_agentic,1506,0.00023362677793000453
conditional-fit-0046,axis3_code_agentic,1507,0.0107343436293191
conditional-fit-0046,axis3_code_agentic,1508,0.14895036572187645
conditional-fit-0046,axis3_code_agentic,1509,0.015517520559440222
conditional-fit-0046,axis3_code_agentic,1510,4.516029643361902e-06
conditional-fit-0046,axis3_code_agentic,1511,0.0001347919201859297
conditional-fit-0046,axis3_code_agentic,1512,0.00024755970738454564
conditional-fit-0046,axis3_code_agentic,1513,0.0006107543372469781
conditional-fit-0046,axis3_code_agentic,1514,0.00011803842783428964
conditional-fit-0046,axis3_code_agentic,1515,0.024547201538990628
conditional-fit-0046,axis3_code_agentic,1516,0.015371047689371916
conditional-fit-0046,axis3_code_agentic,1517,3.98873870584765e-05
conditional-fit-0046,axis3_code_agentic,1518,1.6197293707235054e-05
conditional-fit-0046,axis3_code_agentic,1519,1.383268569607283
conditional-fit-0046,axis3_code_agentic,1520,0.0006559087042372005
conditional-fit-0046,axis3_code_agentic,1521,0.4498573835833889
conditional-fit-0046,axis3_code_agentic,1522,6.275089907304432e-05
conditional-fit-0046,axis3_code_agentic,1523,0.008173801843121312
conditional-fit-0046,axis3_code_agentic,1524,0.00030409263265741306
conditional-fit-0046,axis3_code_agentic,1525,6.198371056084766e-05
conditional-fit-0046,axis3_code_agentic,1526,0.01795986606417315
conditional-fit-0046,axis3_code_agentic,1527,0.00011493972478026508
conditional-fit-0046,axis3_code_agentic,1528,4.2631179275905175e-05
conditional-fit-0046,axis3_code_agentic,1529,0.0005701230724692044
conditional-fit-0046,axis3_code_agentic,1530,0.00014169365672320232
conditional-fit-0046,axis3_code_agentic,1531,0.0006278773755045619
conditional-fit-0046,axis3_code_agentic,1532,3.210357392426146e-05
conditional-fit-0046,axis3_code_agentic,1533,0.00024591582027947844
conditional-fit-0046,axis3_code_agentic,1534,3.050005098588455e-05
conditional-fit-0046,axis3_code_agentic,1535,1.940219602990877e-05
conditional-fit-0046,axis3_code_agentic,1536,0.0010415322303473857
conditional-fit-0046,axis3_code_agentic,1537,0.00011944467495087448
conditional-fit-0046,axis3_code_agentic,1538,0.001057223197406968
conditional-fit-0046,axis3_code_agentic,1539,0.0003005595789219756
conditional-fit-0046,axis3_code_agentic,1540,0.002239832856448881
conditional-fit-0046,axis3_code_agentic,1541,1.7136839357428942e-05
conditional-fit-0046,axis3_code_agentic,1542,0.0003072412279149005
conditional-fit-0046,axis3_code_agentic,1543,0.00010785983311234239
conditional-fit-0046,axis3_code_agentic,1544,0.40217765942916006
conditional-fit-0046,axis3_code_agentic,1545,5.287072070101069e-05
conditional-fit-0046,axis3_code_agentic,1546,0.00020501579144402107
conditional-fit-0046,axis3_code_agentic,1547,0.40227938740988817
conditional-fit-0046,axis3_code_agentic,1548,0.0015546173021718044
conditional-fit-0046,axis3_code_agentic,1549,0.0009569490670578871
conditional-fit-0046,axis3_code_agentic,1550,6.249934359843418e-05
conditional-fit-0046,axis3_code_agentic,1551,7.870320196659393e-05
conditional-fit-0046,axis3_code_agentic,1552,0.0046466188482814485
conditional-fit-0046,axis3_code_agentic,1553,0.0006949477075175763
conditional-fit-0046,axis3_code_agentic,1554,2.044252604792689e-05
conditional-fit-0046,axis3_code_agentic,1555,7.5463202821617e-06
conditional-fit-0046,axis3_code_agentic,1556,8.308958863816515e-05
conditional-fit-0046,axis3_code_agentic,1557,8.884616419340377e-05
conditional-fit-0046,axis3_code_agentic,1558,0.0002015554715388568
conditional-fit-0046,axis3_code_agentic,1559,0.2117785462013649
conditional-fit-0046,axis3_code_agentic,1560,0.003004365252907356
conditional-fit-0046,axis3_code_agentic,1561,0.0002523890025597716
conditional-fit-0046,axis3_code_agentic,1562,9.082646780423018e-07
conditional-fit-0046,axis3_code_agentic,1563,0.00015593935836051003
conditional-fit-0046,axis3_code_agentic,1564,0.00017214268818601555
conditional-fit-0046,axis3_code_agentic,1565,0.005833346391290433
conditional-fit-0046,axis3_code_agentic,1566,0.0006034760129987095
conditional-fit-0046,axis3_code_agentic,1567,0.020364110426467616
conditional-fit-0046,axis3_code_agentic,1568,4.756776599747312e-05
conditional-fit-0046,axis3_code_agentic,1569,0.016501682683541245
conditional-fit-0046,axis3_code_agentic,1570,0.0019467158364412642
conditional-fit-0046,axis3_code_agentic,1571,4.1558655771469696e-05
conditional-fit-0046,axis3_code_agentic,1572,0.0001278076410157354
conditional-fit-0046,axis3_code_agentic,1573,0.023936933910473638
conditional-fit-0046,axis3_code_agentic,1574,0.0002744297357890375
conditional-fit-0046,axis3_code_agentic,1575,0.00016329166911723707
conditional-fit-0046,axis3_code_agentic,1576,0.0009685860373325169
conditional-fit-0046,axis3_code_agentic,1577,6.772842805874846e-06
conditional-fit-0046,axis3_code_agentic,1578,4.7063895129860635e-05
conditional-fit-0046,axis3_code_agentic,1579,7.785572814490688e-05
conditional-fit-0046,axis3_code_agentic,1580,0.006952173679430363
conditional-fit-0046,axis3_code_agentic,1581,0.005069814838918509
conditional-fit-0046,axis3_code_agentic,1582,0.0003085694525503111
conditional-fit-0046,axis3_code_agentic,1583,6.6890046284691945e-06
conditional-fit-0046,axis3_code_agentic,1584,0.00022800608132363516
conditional-fit-0046,axis3_code_agentic,1585,4.504691410321192
conditional-fit-0046,axis3_code_agentic,1586,0.4885688116280168
conditional-fit-0046,axis3_code_agentic,1587,0.1745015809641361
conditional-fit-0046,axis3_code_agentic,1588,1.4322089863530374e-05
conditional-fit-0046,axis3_code_agentic,1589,0.7091890577535613
conditional-fit-0046,axis3_code_agentic,1590,0.4587895937151582
conditional-fit-0046,axis3_code_agentic,1591,6.046890550148405e-06
conditional-fit-0046,axis3_code_agentic,1592,0.0004897545815759793
conditional-fit-0046,axis3_code_agentic,1593,5.464887579797403e-05
conditional-fit-0046,axis3_code_agentic,1594,0.054837362222283505
conditional-fit-0046,axis3_code_agentic,1595,0.00011120735791935267
conditional-fit-0046,axis3_code_agentic,1596,3.817594319534403e-05
conditional-fit-0046,axis3_code_agentic,1597,3.5535571886695285e-08
conditional-fit-0046,axis3_code_agentic,1598,0.4241000471987524
conditional-fit-0046,axis3_code_agentic,1599,6.333987408128472e-06
conditional-fit-0046,axis3_code_agentic,1600,0.0006901019228199129
conditional-fit-0046,axis3_code_agentic,1601,0.014208274690432789
conditional-fit-0046,axis3_code_agentic,1602,0.17580472640299327
conditional-fit-0046,axis3_code_agentic,1603,0.0003275753089331291
conditional-fit-0046,axis3_code_agentic,1604,6.906604803603264e-05
conditional-fit-0046,axis3_code_agentic,1605,5.8838331589321594e-06
conditional-fit-0046,axis3_code_agentic,1606,3.771631614046529e-06
conditional-fit-0046,axis3_code_agentic,1607,0.10333913036973813
conditional-fit-0046,axis3_code_agentic,1608,0.0012492651220100486
conditional-fit-0046,axis3_code_agentic,1609,0.00015597374837004048
conditional-fit-0046,axis3_code_agentic,1610,8.752312775759687e-06
conditional-fit-0046,axis3_code_agentic,1611,0.0016117793445459563
conditional-fit-0046,axis3_code_agentic,1612,6.811506115713606e-05
conditional-fit-0046,axis3_code_agentic,1613,0.009359468715624665
conditional-fit-0046,axis3_code_agentic,1614,4.628066845120396e-05
conditional-fit-0046,axis3_code_agentic,1615,0.000629719071324929
conditional-fit-0046,axis3_code_agentic,1616,2.2232017668193083e-06
conditional-fit-0046,axis3_code_agentic,1617,0.47714673564708066
conditional-fit-0046,axis3_code_agentic,1618,1.6070579122028043e-06
conditional-fit-0046,axis3_code_agentic,1619,0.0007314836368593873
conditional-fit-0046,axis3_code_agentic,1620,0.46630410876945666
conditional-fit-0046,axis3_code_agentic,1621,0.0048136964651388425
conditional-fit-0046,axis3_code_agentic,1622,2.9982896448435617e-05
conditional-fit-0046,axis3_code_agentic,1623,0.001030434205407699
conditional-fit-0046,axis3_code_agentic,1624,4.7231787390745814e-05
conditional-fit-0046,axis3_code_agentic,1625,3.696277488313987e-05
conditional-fit-0046,axis3_code_agentic,1626,0.00011527964725202676
conditional-fit-0046,axis3_code_agentic,1627,0.0005283168289391526
conditional-fit-0046,axis3_code_agentic,1628,0.00018241026163161582
conditional-fit-0046,axis3_code_agentic,1629,2.6325541078630024e-05
conditional-fit-0046,axis3_code_agentic,1630,1.75516411455803e-05
conditional-fit-0046,axis3_code_agentic,1631,0.00023106516969946653
conditional-fit-0046,axis3_code_agentic,1632,0.0018199246610085585
conditional-fit-0046,axis3_code_agentic,1633,0.020550735111210798
conditional-fit-0046,axis3_code_agentic,1634,1.5053354679044272e-05
conditional-fit-0046,axis3_code_agentic,1635,0.03096854274109639
conditional-fit-0046,axis3_code_agentic,1636,0.00010200226597767321
conditional-fit-0046,axis3_code_agentic,1637,3.8141733778633194e-06
conditional-fit-0046,axis3_code_agentic,1638,0.001662398805389331
conditional-fit-0046,axis3_code_agentic,1639,0.00804587329073289
conditional-fit-0046,axis3_code_agentic,1640,0.0006378323237016493
conditional-fit-0046,axis3_code_agentic,1641,0.00036328322371021615
conditional-fit-0046,axis3_code_agentic,1642,0.0016639161574089852
conditional-fit-0046,axis3_code_agentic,1643,0.13103820509599948
conditional-fit-0046,axis3_code_agentic,1644,0.00022411463499616373
conditional-fit-0046,axis3_code_agentic,1645,0.014107491374805655
conditional-fit-0046,axis3_code_agentic,1646,0.0315674692044539
conditional-fit-0046,axis3_code_agentic,1647,9.704512126636987e-06
conditional-fit-0046,axis3_code_agentic,1648,0.007347452569760196
conditional-fit-0046,axis3_code_agentic,1649,7.926299003746706e-06
conditional-fit-0046,axis3_code_agentic,1650,0.0030609340271940846
conditional-fit-0046,axis3_code_agentic,1651,1.5428468161178998e-05
conditional-fit-0046,axis3_code_agentic,1652,0.03584334044610566
conditional-fit-0046,axis3_code_agentic,1653,1.7381087791205215e-07
conditional-fit-0046,axis3_code_agentic,1654,0.000945311710866826
conditional-fit-0046,axis3_code_agentic,1655,0.0129483364614527
conditional-fit-0046,axis3_code_agentic,1656,3.182223402296425e-05
conditional-fit-0046,axis3_code_agentic,1657,5.033098930995435e-05
conditional-fit-0046,axis3_code_agentic,1658,3.362522788590436e-05
conditional-fit-0046,axis3_code_agentic,1659,0.008774368437094875
conditional-fit-0046,axis3_code_agentic,1660,0.0019592657287270184
conditional-fit-0046,axis3_code_agentic,1661,2.239802081956989
conditional-fit-0046,axis3_code_agentic,1662,0.8103244812049787
conditional-fit-0046,axis3_code_agentic,1663,0.002411609575827567
conditional-fit-0046,axis3_code_agentic,1664,2.656475780620813
conditional-fit-0046,axis3_code_agentic,1665,3.978098640072379
conditional-fit-0046,axis3_code_agentic,1666,0.0001818272570034331
conditional-fit-0046,axis3_code_agentic,1667,0.5036481003507786
conditional-fit-0046,axis3_code_agentic,1668,0.6064017222199147
conditional-fit-0046,axis3_code_agentic,1669,2.142024618188985e-05
conditional-fit-0046,axis3_code_agentic,1670,8.815960887189346e-05
conditional-fit-0046,axis3_code_agentic,1671,0.0002446226568311464
conditional-fit-0046,axis3_code_agentic,1672,3.411442041142449e-05
conditional-fit-0046,axis3_code_agentic,1673,0.009075847444997207
conditional-fit-0046,axis3_code_agentic,1674,1.3879064052425525e-07
conditional-fit-0046,axis3_code_agentic,1675,0.009401198727530015
conditional-fit-0046,axis3_code_agentic,1676,0.00010548968664712695
conditional-fit-0046,axis3_code_agentic,1677,0.0040417430833544765
conditional-fit-0046,axis3_code_agentic,1678,0.00043777854379541895
conditional-fit-0046,axis3_code_agentic,1679,0.0035016839724453996
conditional-fit-0046,axis3_code_agentic,1680,2.2617177540973656e-05
conditional-fit-0046,axis3_code_agentic,1681,0.003176230414973844
conditional-fit-0046,axis3_code_agentic,1682,0.00019721201396962187
conditional-fit-0046,axis3_code_agentic,1683,3.022242820280854e-05
conditional-fit-0046,axis3_code_agentic,1684,2.0539777879458456e-05
conditional-fit-0046,axis3_code_agentic,1685,0.0009217657708899981
conditional-fit-0046,axis3_code_agentic,1686,5.398397681279738e-05
conditional-fit-0046,axis3_code_agentic,1687,5.4671440931405985e-06
conditional-fit-0046,axis3_code_agentic,1688,0.19309297433869446
conditional-fit-0046,axis3_code_agentic,1689,6.963142895385627e-07
conditional-fit-0046,axis3_code_agentic,1690,0.0004080803638604461
conditional-fit-0046,axis3_code_agentic,1691,0.0025641262498623625
conditional-fit-0046,axis3_code_agentic,1692,0.002345502424361185
conditional-fit-0046,axis3_code_agentic,1693,9.190325302245008e-05
conditional-fit-0046,axis3_code_agentic,1694,0.000806369606571539
conditional-fit-0046,axis3_code_agentic,1695,6.152158068102136e-05
conditional-fit-0046,axis3_code_agentic,1696,0.004822076622050474
conditional-fit-0046,axis3_code_agentic,1697,0.001964848720657942
conditional-fit-0046,axis3_code_agentic,1698,2.0074607855957095e-05
conditional-fit-0046,axis3_code_agentic,1699,0.00011908690546206252
conditional-fit-0046,axis3_code_agentic,1700,8.779367315911023e-05
conditional-fit-0046,axis3_code_agentic,1701,3.7548702051765643e-07
conditional-fit-0046,axis3_code_agentic,1702,0.0034680868329608865
conditional-fit-0046,axis3_code_agentic,1703,2.5406831496289018e-05
conditional-fit-0046,axis3_code_agentic,1704,0.2609101637103649
conditional-fit-0046,axis3_code_agentic,1705,0.01575042676050454
conditional-fit-0046,axis3_code_agentic,1706,0.2299436379139859
conditional-fit-0046,axis3_code_agentic,1707,1.5425542192886158e-05
conditional-fit-0046,axis3_code_agentic,1708,0.9932198690310854
conditional-fit-0046,axis3_code_agentic,1709,0.011081521398585191
conditional-fit-0046,axis3_code_agentic,1710,7.023296965271058e-05
conditional-fit-0046,axis3_code_agentic,1711,2.2043309982732473
conditional-fit-0046,axis3_code_agentic,1712,3.980921349920513e-05
conditional-fit-0046,axis3_code_agentic,1713,0.0013219771985075479
conditional-fit-0046,axis3_code_agentic,1714,0.3786565758141013
conditional-fit-0046,axis3_code_agentic,1715,0.6336633382547996
conditional-fit-0046,axis3_code_agentic,1716,0.004298168599771489
conditional-fit-0046,axis3_code_agentic,1717,5.288993831257629e-05
conditional-fit-0046,axis3_code_agentic,1718,2.1450223853711817e-06
conditional-fit-0046,axis3_code_agentic,1719,0.0014891780859805708
conditional-fit-0046,axis3_code_agentic,1720,5.853434663781285e-05
conditional-fit-0046,axis3_code_agentic,1721,0.00015547081124289586
conditional-fit-0046,axis3_code_agentic,1722,3.732680544153678e-05
conditional-fit-0046,axis3_code_agentic,1723,4.472748233378872e-05
conditional-fit-0046,axis3_code_agentic,1724,0.01856304764516862
conditional-fit-0046,axis3_code_agentic,1725,0.00047614690260543147
conditional-fit-0046,axis3_code_agentic,1726,0.0037943785910507593
conditional-fit-0046,axis3_code_agentic,1727,7.862467010722314e-07
conditional-fit-0046,axis3_code_agentic,1728,0.016894579788648757
conditional-fit-0046,axis3_code_agentic,1729,0.01436514391135524
conditional-fit-0046,axis3_code_agentic,1730,0.28153302615425785
conditional-fit-0046,axis3_code_agentic,1731,0.015105131191468082
conditional-fit-0046,axis3_code_agentic,1732,0.00010397424789681755
conditional-fit-0046,axis3_code_agentic,1733,1.3157360719279194
conditional-fit-0046,axis3_code_agentic,1734,0.0005311094882697904
conditional-fit-0046,axis3_code_agentic,1735,6.715830092990797e-05
conditional-fit-0046,axis3_code_agentic,1736,0.2909803361501152
conditional-fit-0046,axis3_code_agentic,1737,2.2626030572802526e-05
conditional-fit-0046,axis3_code_agentic,1738,0.0004147825184599868
conditional-fit-0046,axis3_code_agentic,1739,0.12496406378127739
conditional-fit-0046,axis3_code_agentic,1740,6.803882288738438e-06
conditional-fit-0046,axis3_code_agentic,1741,4.1856096923440544e-07
conditional-fit-0046,axis3_code_agentic,1742,0.0005192173311087242
conditional-fit-0046,axis3_code_agentic,1743,0.015308000381302917
conditional-fit-0046,axis3_code_agentic,1744,3.5372841304253687e-06
conditional-fit-0046,axis3_code_agentic,1745,1.1661321157737937e-05
conditional-fit-0046,axis3_code_agentic,1746,0.056842657875807494
conditional-fit-0046,axis3_code_agentic,1747,3.249142395912976e-05
conditional-fit-0046,axis3_code_agentic,1748,0.00027670572898589457
conditional-fit-0046,axis3_code_agentic,1749,7.63298115073997e-06
conditional-fit-0046,axis3_code_agentic,1750,2.427017532797292
conditional-fit-0046,axis3_code_agentic,1751,2.3535626464310254e-05
conditional-fit-0046,axis3_code_agentic,1752,0.016981457337407677
conditional-fit-0046,axis3_code_agentic,1753,0.000939451164699194
conditional-fit-0046,axis3_code_agentic,1754,1.842274177178932e-05
conditional-fit-0046,axis3_code_agentic,1755,5.996805756501866e-05
conditional-fit-0046,axis3_code_agentic,1756,0.035921468577688596
conditional-fit-0046,axis3_code_agentic,1757,0.0018380926208923566
conditional-fit-0046,axis3_code_agentic,1758,3.848526070671539e-05
conditional-fit-0046,axis3_code_agentic,1759,0.00013073993566853006
conditional-fit-0046,axis3_code_agentic,1760,0.004254524430690271
conditional-fit-0046,axis3_code_agentic,1761,0.00010336819937626409
conditional-fit-0046,axis3_code_agentic,1762,0.04632124363046916
conditional-fit-0046,axis3_code_agentic,1763,0.005196804386854647
conditional-fit-0046,axis3_code_agentic,1764,0.009254137932176783
conditional-fit-0046,axis3_code_agentic,1765,1.4981150159582818e-05
conditional-fit-0046,axis3_code_agentic,1766,0.13342417778379864
conditional-fit-0046,axis3_code_agentic,1767,2.6930263527678826e-05
conditional-fit-0046,axis3_code_agentic,1768,2.2072214346971573e-05
conditional-fit-0046,axis3_code_agentic,1769,9.131196936086548e-05
conditional-fit-0046,axis3_code_agentic,1770,2.6424824030650853e-05
conditional-fit-0046,axis3_code_agentic,1771,4.772205329662225e-06
conditional-fit-0046,axis3_code_agentic,1772,0.002313574865278031
conditional-fit-0046,axis3_code_agentic,1773,0.0006749407627112695
conditional-fit-0046,axis3_code_agentic,1774,0.032148834911209984
conditional-fit-0046,axis3_code_agentic,1775,0.006783030957091615
conditional-fit-0046,axis3_code_agentic,1776,1.942501021559379e-05
conditional-fit-0046,axis3_code_agentic,1777,5.902014440097393e-06
conditional-fit-0046,axis3_code_agentic,1778,0.12233379992185385
conditional-fit-0046,axis3_code_agentic,1779,0.18953408221225793
conditional-fit-0046,axis3_code_agentic,1780,0.0008090980533272784
conditional-fit-0046,axis3_code_agentic,1781,9.083306825929733e-07
conditional-fit-0046,axis3_code_agentic,1782,0.14817243120683804
conditional-fit-0046,axis3_code_agentic,1783,7.336035751726629e-07
conditional-fit-0046,axis3_code_agentic,1784,0.005324368280957781
conditional-fit-0046,axis3_code_agentic,1785,0.054464609688200376
conditional-fit-0046,axis3_code_agentic,1786,0.003424099972934529
conditional-fit-0046,axis3_code_agentic,1787,0.12784703331340774
conditional-fit-0046,axis3_code_agentic,1788,6.073289695162961e-05
conditional-fit-0046,axis3_code_agentic,1789,0.0037817356101893674
conditional-fit-0046,axis3_code_agentic,1790,0.0021728934766160873
conditional-fit-0046,axis3_code_agentic,1791,3.5305293053560707
conditional-fit-0046,axis3_code_agentic,1792,0.19270635337938874
conditional-fit-0046,axis3_code_agentic,1793,0.004444893665912789
conditional-fit-0046,axis3_code_agentic,1794,0.1206410955950266
conditional-fit-0046,axis3_code_agentic,1795,0.2489743791248315
conditional-fit-0046,axis3_code_agentic,1796,0.00019554890435874114
conditional-fit-0046,axis3_code_agentic,1797,0.0005293226586219352
conditional-fit-0046,axis3_code_agentic,1798,7.960916637533264e-06
conditional-fit-0046,axis3_code_agentic,1799,1.6644936007352343e-05
conditional-fit-0046,axis3_code_agentic,1800,0.001958854695503256
conditional-fit-0046,axis3_code_agentic,1801,0.0013179089278200704
conditional-fit-0046,axis3_code_agentic,1802,9.82068932110225e-05
conditional-fit-0046,axis3_code_agentic,1803,9.569675122428649e-07
conditional-fit-0046,axis3_code_agentic,1804,0.014436578804924556
conditional-fit-0046,axis3_code_agentic,1805,0.031576703657850896
conditional-fit-0046,axis3_code_agentic,1806,0.003214594063785484
conditional-fit-0046,axis3_code_agentic,1807,0.2970456495094294
conditional-fit-0046,axis3_code_agentic,1808,0.0008562547389485091
conditional-fit-0046,axis3_code_agentic,1809,7.376305643428118e-05
conditional-fit-0046,axis3_code_agentic,1810,3.8609594895601465e-05
conditional-fit-0046,axis3_code_agentic,1811,7.95396650497479e-06
conditional-fit-0046,axis3_code_agentic,1812,0.006159505347875056
conditional-fit-0046,axis3_code_agentic,1813,2.9851571411440736e-06
conditional-fit-0046,axis3_code_agentic,1814,0.13722492198272074
conditional-fit-0046,axis3_code_agentic,1815,0.016162180921570995
conditional-fit-0046,axis3_code_agentic,1816,0.6405316547212598
conditional-fit-0046,axis3_code_agentic,1817,0.000266949919870242
conditional-fit-0046,axis3_code_agentic,1818,0.001125890618505222
conditional-fit-0046,axis3_code_agentic,1819,0.0011451687758082876
conditional-fit-0046,axis3_code_agentic,1820,0.00037300052266318277
conditional-fit-0046,axis3_code_agentic,1821,0.00013814378568840019
conditional-fit-0046,axis3_code_agentic,1822,2.018437441318954e-05
conditional-fit-0046,axis3_code_agentic,1823,7.121252944120263e-05
conditional-fit-0046,axis3_code_agentic,1824,0.00016051866153043792
conditional-fit-0046,axis3_code_agentic,1825,0.004989908534090979
conditional-fit-0046,axis3_code_agentic,1826,0.03480141722239436
conditional-fit-0046,axis3_code_agentic,1827,0.23390923612705083
conditional-fit-0046,axis3_code_agentic,1828,0.5886748748004355
conditional-fit-0046,axis3_code_agentic,1829,0.00019367421590914315
conditional-fit-0046,axis3_code_agentic,1830,0.0016459692517144474
conditional-fit-0046,axis3_code_agentic,1831,1.557323077758555
conditional-fit-0046,axis3_code_agentic,1832,0.00493085779395865
conditional-fit-0046,axis3_code_agentic,1833,0.20812575505739525
conditional-fit-0046,axis3_code_agentic,1834,0.04482269418488553
conditional-fit-0046,axis3_code_agentic,1835,0.0031606990413650623
conditional-fit-0046,axis3_code_agentic,1836,1.4753655749517647e-05
conditional-fit-0046,axis3_code_agentic,1837,0.0019798311629376287
conditional-fit-0046,axis3_code_agentic,1838,0.00013720277207484823
conditional-fit-0046,axis3_code_agentic,1839,0.0029275431289810736
conditional-fit-0046,axis3_code_agentic,1840,1.301912813866493e-06
conditional-fit-0046,axis3_code_agentic,1841,0.04661036041675988
conditional-fit-0046,axis3_code_agentic,1842,0.005478113903894053
conditional-fit-0046,axis3_code_agentic,1843,0.028521426986809886
conditional-fit-0046,axis3_code_agentic,1844,5.8127732400605605e-05
conditional-fit-0046,axis3_code_agentic,1845,0.0014088316537190738
conditional-fit-0046,axis3_code_agentic,1846,1.9288419694297242e-05
conditional-fit-0046,axis3_code_agentic,1847,0.7387467777740612
conditional-fit-0046,axis3_code_agentic,1848,0.01643905804860561
conditional-fit-0046,axis3_code_agentic,1849,1.107232874315688e-05
conditional-fit-0046,axis3_code_agentic,1850,0.2079527871453776
conditional-fit-0046,axis3_code_agentic,1851,0.001496695713572084
conditional-fit-0046,axis3_code_agentic,1852,0.0006608076257419217
conditional-fit-0046,axis3_code_agentic,1853,0.0034991961906136165
conditional-fit-0046,axis3_code_agentic,1854,0.0019497220852943383
conditional-fit-0046,axis3_code_agentic,1855,0.21010312833477998
conditional-fit-0046,axis3_code_agentic,1856,0.0016127514338696728
conditional-fit-0046,axis3_code_agentic,1857,0.7575976954027716
conditional-fit-0046,axis3_code_agentic,1858,0.00015618746846242783
conditional-fit-0046,axis3_code_agentic,1859,3.793051366398624e-06
conditional-fit-0046,axis3_code_agentic,1860,0.004790409636929729
conditional-fit-0046,axis3_code_agentic,1861,1.2650899781941938e-05
conditional-fit-0046,axis3_code_agentic,1862,0.10243728218085213
conditional-fit-0046,axis3_code_agentic,1863,0.23224235916370733
conditional-fit-0046,axis3_code_agentic,1864,8.198427705613322e-05
conditional-fit-0046,axis3_code_agentic,1865,0.003573808556415036
conditional-fit-0046,axis3_code_agentic,1866,4.223998817103277e-06
conditional-fit-0046,axis3_code_agentic,1867,1.3732562569902824e-05
conditional-fit-0046,axis3_code_agentic,1868,0.010598450271267598
conditional-fit-0046,axis3_code_agentic,1869,0.0006303791213126727
conditional-fit-0046,axis3_code_agentic,1870,0.00047595272149684325
conditional-fit-0046,axis3_code_agentic,1871,1.0559872865052437e-06
conditional-fit-0046,axis3_code_agentic,1872,0.014623867794392256
conditional-fit-0046,axis3_code_agentic,1873,0.004825222403114866
conditional-fit-0046,axis3_code_agentic,1874,2.4410620600030606e-06
conditional-fit-0046,axis3_code_agentic,1875,0.8649440927237905
conditional-fit-0046,axis3_code_agentic,1876,0.1741981905298215
conditional-fit-0046,axis3_code_agentic,1877,0.1234503901511553
conditional-fit-0046,axis3_code_agentic,1878,0.0029883388045076247
conditional-fit-0046,axis3_code_agentic,1879,0.00045324331035904883
conditional-fit-0046,axis3_code_agentic,1880,9.847060044633797e-05
conditional-fit-0046,axis3_code_agentic,1881,0.00020181180253220604
conditional-fit-0046,axis3_code_agentic,1882,0.000374164771735749
conditional-fit-0046,axis3_code_agentic,1883,0.000170926782424568
conditional-fit-0046,axis3_code_agentic,1884,0.5068190245828864
conditional-fit-0046,axis3_code_agentic,1885,0.036586864628729523
conditional-fit-0046,axis3_code_agentic,1886,1.4097092285876116e-05
conditional-fit-0046,axis3_code_agentic,1887,0.37916671195106577
conditional-fit-0046,axis3_code_agentic,1888,5.770323513129914e-06
conditional-fit-0046,axis3_code_agentic,1889,0.26791920321076995
conditional-fit-0046,axis3_code_agentic,1890,3.7555134425542556
conditional-fit-0046,axis3_code_agentic,1891,0.0005394075501503294
conditional-fit-0046,axis3_code_agentic,1892,0.3600281965997026
conditional-fit-0046,axis3_code_agentic,1893,0.001085900871361385
conditional-fit-0046,axis3_code_agentic,1894,0.000186313577680062
conditional-fit-0046,axis3_code_agentic,1895,6.541131456159141e-07
conditional-fit-0046,axis3_code_agentic,1896,5.268620181241757e-05
conditional-fit-0046,axis3_code_agentic,1897,0.00012998904971891562
conditional-fit-0046,axis3_code_agentic,1898,0.0004558115980395057
conditional-fit-0046,axis3_code_agentic,1899,6.32288397557423e-05
conditional-fit-0046,axis3_code_agentic,1900,0.0001745535666354379
conditional-fit-0046,axis3_code_agentic,1901,0.07846997129239405
conditional-fit-0046,axis3_code_agentic,1902,0.0005287021218225673
conditional-fit-0046,axis3_code_agentic,1903,0.008041572074589597
conditional-fit-0046,axis3_code_agentic,1904,3.947390541980677e-05
conditional-fit-0046,axis3_code_agentic,1905,0.0001339736128243813
conditional-fit-0046,axis3_code_agentic,1906,0.0002089444133694745
conditional-fit-0046,axis3_code_agentic,1907,0.00028936613256225717
conditional-fit-0046,axis3_code_agentic,1908,0.00013608824717881792
conditional-fit-0046,axis3_code_agentic,1909,3.565364997481401e-05
conditional-fit-0046,axis3_code_agentic,1910,2.9025044714319918e-05
conditional-fit-0046,axis3_code_agentic,1911,0.00011476182246006496
conditional-fit-0046,axis3_code_agentic,1912,7.930979909280038e-06
conditional-fit-0046,axis3_code_agentic,1913,0.051321612506256095
conditional-fit-0046,axis3_code_agentic,1914,0.08294466036722047
conditional-fit-0046,axis3_code_agentic,1915,0.03754986372914201
conditional-fit-0046,axis3_code_agentic,1916,2.9912077242847112e-05
conditional-fit-0046,axis3_code_agentic,1917,3.4312491683983336e-05
conditional-fit-0046,axis3_code_agentic,1918,0.002821715661369753
conditional-fit-0046,axis3_code_agentic,1919,0.00017088030028577708
conditional-fit-0046,axis3_code_agentic,1920,5.771015454252456e-05
conditional-fit-0046,axis3_code_agentic,1921,9.633381801906215e-07
conditional-fit-0046,axis3_code_agentic,1922,0.026917459564273653
conditional-fit-0046,axis3_code_agentic,1923,1.3916642513903739e-05
conditional-fit-0046,axis3_code_agentic,1924,0.00851449656020171
conditional-fit-0046,axis3_code_agentic,1925,0.16763348771038164
conditional-fit-0046,axis3_code_agentic,1926,2.4379834753811763e-05
conditional-fit-0046,axis3_code_agentic,1927,0.0013157276406204489
conditional-fit-0046,axis3_code_agentic,1928,1.0679282590208825
conditional-fit-0046,axis3_code_agentic,1929,0.007733544465371356
conditional-fit-0046,axis3_code_agentic,1930,3.561777363359631e-05
conditional-fit-0046,axis3_code_agentic,1931,3.1078632679470415e-06
conditional-fit-0046,axis3_code_agentic,1932,0.00046284732290366974
conditional-fit-0046,axis3_code_agentic,1933,8.734449243150681e-05
conditional-fit-0046,axis3_code_agentic,1934,2.120586767635484e-06
conditional-fit-0046,axis3_code_agentic,1935,0.06645084567813885
conditional-fit-0046,axis3_code_agentic,1936,2.565231934833398e-05
conditional-fit-0046,axis3_code_agentic,1937,0.0061117901621849675
conditional-fit-0046,axis3_code_agentic,1938,0.35718223836751634
conditional-fit-0046,axis3_code_agentic,1939,0.031198608805260816
conditional-fit-0046,axis3_code_agentic,1940,9.577251751236558e-05
conditional-fit-0046,axis3_code_agentic,1941,0.0006338131927492486
conditional-fit-0046,axis3_code_agentic,1942,0.08316480151539486
conditional-fit-0046,axis3_code_agentic,1943,3.820872846541986e-05
conditional-fit-0046,axis3_code_agentic,1944,0.0006574367979686404
conditional-fit-0046,axis3_code_agentic,1945,0.001338139298091819
conditional-fit-0046,axis3_code_agentic,1946,2.0793207762299437e-06
conditional-fit-0046,axis3_code_agentic,1947,0.015596616455402251
conditional-fit-0046,axis3_code_agentic,1948,2.5952266352155326e-05
conditional-fit-0046,axis3_code_agentic,1949,0.05716635816548085
conditional-fit-0046,axis3_code_agentic,1950,0.08757795603866608
conditional-fit-0046,axis3_code_agentic,1951,1.9319303292869433e-06
conditional-fit-0046,axis3_code_agentic,1952,0.06597395024185136
conditional-fit-0046,axis3_code_agentic,1953,0.0021947992487073107
conditional-fit-0046,axis3_code_agentic,1954,0.016080445128622462
conditional-fit-0046,axis3_code_agentic,1955,0.040982418404254914
conditional-fit-0046,axis3_code_agentic,1956,0.00032730436065912436
conditional-fit-0046,axis3_code_agentic,1957,0.002216594895936978
conditional-fit-0046,axis3_code_agentic,1958,3.3488673376065e-06
conditional-fit-0046,axis3_code_agentic,1959,0.26287271612298635
conditional-fit-0046,axis3_code_agentic,1960,0.0023578445307650864
conditional-fit-0046,axis3_code_agentic,1961,0.10655674759598435
conditional-fit-0046,axis3_code_agentic,1962,0.000994443001872833
conditional-fit-0046,axis3_code_agentic,1963,0.00025568690962267024
conditional-fit-0046,axis3_code_agentic,1964,0.014157575851221897
conditional-fit-0046,axis3_code_agentic,1965,0.0001305164130407885
conditional-fit-0046,axis3_code_agentic,1966,5.258402437781018
conditional-fit-0046,axis3_code_agentic,1967,5.996997621560073e-05
conditional-fit-0046,axis3_code_agentic,1968,0.15371683966555846
conditional-fit-0046,axis3_code_agentic,1969,0.025787564854665504
conditional-fit-0046,axis3_code_agentic,1970,0.040717466359942084
conditional-fit-0046,axis3_code_agentic,1971,2.40705420909536e-06
conditional-fit-0046,axis3_code_agentic,1972,1.2360369109225848
conditional-fit-0046,axis3_code_agentic,1973,3.281915236090793e-06
conditional-fit-0046,axis3_code_agentic,1974,0.006988966687240886
conditional-fit-0046,axis3_code_agentic,1975,0.4527121735441624
conditional-fit-0046,axis3_code_agentic,1976,0.0004874650433520653
conditional-fit-0046,axis3_code_agentic,1977,2.043345803601889
conditional-fit-0046,axis3_code_agentic,1978,0.04900843834130519
conditional-fit-0046,axis3_code_agentic,1979,0.022113397390383305
conditional-fit-0046,axis3_code_agentic,1980,0.0045985635836388195
conditional-fit-0046,axis3_code_agentic,1981,0.33672196769840573
conditional-fit-0046,axis3_code_agentic,1982,0.0469374815564218
conditional-fit-0046,axis3_code_agentic,1983,0.0010486696672233093
conditional-fit-0046,axis3_code_agentic,1984,0.011765526788217915
conditional-fit-0046,axis3_code_agentic,1985,5.7869061266069025e-05
conditional-fit-0046,axis3_code_agentic,1986,0.1466090465777551
conditional-fit-0046,axis3_code_agentic,1987,0.028826018156279214
conditional-fit-0046,axis3_code_agentic,1988,0.0002874271223945402
conditional-fit-0046,axis3_code_agentic,1989,2.1870992848677898e-05
conditional-fit-0046,axis3_code_agentic,1990,1.5162470338644706e-05
conditional-fit-0046,axis3_code_agentic,1991,0.011828970056813722
conditional-fit-0046,axis3_code_agentic,1992,0.00010618876478049762
conditional-fit-0046,axis3_code_agentic,1993,3.292189610279451e-05
conditional-fit-0046,axis3_code_agentic,1994,0.31738670441746675
conditional-fit-0046,axis3_code_agentic,1995,0.2557294427736718
conditional-fit-0046,axis3_code_agentic,1996,0.04838381180166058
conditional-fit-0046,axis3_code_agentic,1997,2.44436171933437e-05
conditional-fit-0046,axis3_code_agentic,1998,0.011879622127130708
conditional-fit-0046,axis3_code_agentic,1999,0.00014038921074094633
conditional-fit-0046,axis3_code_agentic,2000,1.4113896933671929e-05
conditional-fit-0046,axis3_code_agentic,2001,1.7521873602631608e-05
conditional-fit-0046,axis3_code_agentic,2002,0.0002110068964020832
conditional-fit-0046,axis3_code_agentic,2003,0.005760336983262958
conditional-fit-0046,axis3_code_agentic,2004,1.166554603829814e-05
conditional-fit-0046,axis3_code_agentic,2005,5.4527183221509465e-05
conditional-fit-0046,axis3_code_agentic,2006,5.6626450889265035e-05
conditional-fit-0046,axis3_code_agentic,2007,0.39059313525789285
conditional-fit-0046,axis3_code_agentic,2008,0.0020266028922757973
conditional-fit-0046,axis3_code_agentic,2009,0.03175474240139702
conditional-fit-0046,axis3_code_agentic,2010,0.024146681356989
conditional-fit-0046,axis3_code_agentic,2011,0.49370223098231647
conditional-fit-0046,axis3_code_agentic,2012,0.0052307050720161495
conditional-fit-0046,axis3_code_agentic,2013,0.1297899563565826
conditional-fit-0046,axis3_code_agentic,2014,0.01587330652811792
conditional-fit-0046,axis3_code_agentic,2015,1.0393968124868108e-05
conditional-fit-0046,axis3_code_agentic,2016,0.5499022654690856
conditional-fit-0046,axis3_code_agentic,2017,0.008089163512765231
conditional-fit-0046,axis3_code_agentic,2018,0.06101403638339911
conditional-fit-0046,axis3_code_agentic,2019,0.15034167043420749
conditional-fit-0046,axis3_code_agentic,2020,9.923237980496268e-05
conditional-fit-0046,axis3_code_agentic,2021,0.8215463870728263
conditional-fit-0046,axis3_code_agentic,2022,0.25448790600736304
conditional-fit-0046,axis3_code_agentic,2023,0.0013741894088708983
conditional-fit-0046,axis3_code_agentic,2024,0.0001751355496065702
conditional-fit-0046,axis3_code_agentic,2025,0.2116726112094537
conditional-fit-0046,axis3_code_agentic,2026,0.0001260052195873076
conditional-fit-0046,axis3_code_agentic,2027,0.0004194457475028119
conditional-fit-0046,axis3_code_agentic,2028,7.254901869330741e-05
conditional-fit-0046,axis3_code_agentic,2029,0.032126160424040935
conditional-fit-0046,axis3_code_agentic,2030,0.33266020623687753
conditional-fit-0046,axis3_code_agentic,2031,0.003252746816621549
conditional-fit-0046,axis3_code_agentic,2032,2.3453309451708415e-07
conditional-fit-0046,axis3_code_agentic,2033,0.020963561749386277
conditional-fit-0046,axis3_code_agentic,2034,1.5626747709767952
conditional-fit-0046,axis3_code_agentic,2035,0.4743685647319772
conditional-fit-0046,axis3_code_agentic,2036,0.000924044661376983
conditional-fit-0046,axis3_code_agentic,2037,0.000571352388861983
conditional-fit-0046,axis3_code_agentic,2038,0.2668780586944813
conditional-fit-0046,axis3_code_agentic,2039,0.0009664679750374132
conditional-fit-0046,axis3_code_agentic,2040,3.6933949041824125e-05
conditional-fit-0046,axis3_code_agentic,2041,0.09539797444736511
conditional-fit-0046,axis3_code_agentic,2042,0.04615699678555142
conditional-fit-0046,axis3_code_agentic,2043,0.0214829376576041
conditional-fit-0046,axis3_code_agentic,2044,0.13264829958881863
conditional-fit-0046,axis3_code_agentic,2045,0.012207967006651829
conditional-fit-0046,axis3_code_agentic,2046,0.17693612055605612
