window_id,domain,pos,kld
conditional-fit-0008,axis1_general,0,1.1422581799411777
conditional-fit-0008,axis1_general,1,2.113394410673045
conditional-fit-0008,axis1_general,2,1.2775365404028385
conditional-fit-0008,axis1_general,3,3.3686736632486203
conditional-fit-0008,axis1_general,4,3.0200481071909175
conditional-fit-0008,axis1_general,5,0.5525353258831028
conditional-fit-0008,axis1_general,6,0.8565205835647173
conditional-fit-0008,axis1_general,7,0.2254789485424549
conditional-fit-0008,axis1_general,8,1.004566197471581
conditional-fit-0008,axis1_general,9,0.3373184165386399
conditional-fit-0008,axis1_general,10,0.3434881991287544
conditional-fit-0008,axis1_general,11,0.28719406073279197
conditional-fit-0008,axis1_general,12,0.3270614720088605
conditional-fit-0008,axis1_general,13,0.17144206797209174
conditional-fit-0008,axis1_general,14,0.06017148989638623
conditional-fit-0008,axis1_general,15,0.20315517084584941
conditional-fit-0008,axis1_general,16,0.5819927660908487
conditional-fit-0008,axis1_general,17,0.008060162334179615
conditional-fit-0008,axis1_general,18,0.2727553449532779
conditional-fit-0008,axis1_general,19,0.028410343655330877
conditional-fit-0008,axis1_general,20,0.29270034688795205
conditional-fit-0008,axis1_general,21,0.11960184385747226
conditional-fit-0008,axis1_general,22,0.23621898977799377
conditional-fit-0008,axis1_general,23,0.029733106757701598
conditional-fit-0008,axis1_general,24,0.3127809130690861
conditional-fit-0008,axis1_general,25,0.034519570566848304
conditional-fit-0008,axis1_general,26,0.20131377139042939
conditional-fit-0008,axis1_general,27,0.10108998608980335
conditional-fit-0008,axis1_general,28,0.0013603350552495292
conditional-fit-0008,axis1_general,29,0.0052361684252417865
conditional-fit-0008,axis1_general,30,0.19310155839961063
conditional-fit-0008,axis1_general,31,0.09247219716846525
conditional-fit-0008,axis1_general,32,0.15707804078999082
conditional-fit-0008,axis1_general,33,0.40033940401742435
conditional-fit-0008,axis1_general,34,0.09096968894301101
conditional-fit-0008,axis1_general,35,0.09249130087869853
conditional-fit-0008,axis1_general,36,0.0018802294067218437
conditional-fit-0008,axis1_general,37,0.146378160037149
conditional-fit-0008,axis1_general,38,0.08083405597468529
conditional-fit-0008,axis1_general,39,0.002398329118107999
conditional-fit-0008,axis1_general,40,0.10845288407900056
conditional-fit-0008,axis1_general,41,0.06960139496824475
conditional-fit-0008,axis1_general,42,0.12155534532155166
conditional-fit-0008,axis1_general,43,0.08077829231540991
conditional-fit-0008,axis1_general,44,0.0010573889440957302
conditional-fit-0008,axis1_general,45,0.0004982764579920452
conditional-fit-0008,axis1_general,46,0.11030381053204562
conditional-fit-0008,axis1_general,47,0.07650664898084117
conditional-fit-0008,axis1_general,48,0.01829649667914806
conditional-fit-0008,axis1_general,49,0.001555871083037147
conditional-fit-0008,axis1_general,50,0.0711512570743289
conditional-fit-0008,axis1_general,51,0.22768553120056623
conditional-fit-0008,axis1_general,52,0.029723290425756697
conditional-fit-0008,axis1_general,53,0.057281680900311
conditional-fit-0008,axis1_general,54,0.02862650581468984
conditional-fit-0008,axis1_general,55,0.1750189760430916
conditional-fit-0008,axis1_general,56,0.08305478519457761
conditional-fit-0008,axis1_general,57,0.471421034902722
conditional-fit-0008,axis1_general,58,0.11904770332198521
conditional-fit-0008,axis1_general,59,0.02444071664904085
conditional-fit-0008,axis1_general,60,0.08177116833347538
conditional-fit-0008,axis1_general,61,0.08944307979972849
conditional-fit-0008,axis1_general,62,0.0836322324803595
conditional-fit-0008,axis1_general,63,0.06097087334502685
conditional-fit-0008,axis1_general,64,0.14075577442102039
conditional-fit-0008,axis1_general,65,0.020172744038452366
conditional-fit-0008,axis1_general,66,0.10099316613143537
conditional-fit-0008,axis1_general,67,0.005448680014032377
conditional-fit-0008,axis1_general,68,0.13266246717681998
conditional-fit-0008,axis1_general,69,0.07995193409522403
conditional-fit-0008,axis1_general,70,0.11232841901287349
conditional-fit-0008,axis1_general,71,0.06293142165714674
conditional-fit-0008,axis1_general,72,0.3861765099582165
conditional-fit-0008,axis1_general,73,0.025394161785427756
conditional-fit-0008,axis1_general,74,0.22682953450506105
conditional-fit-0008,axis1_general,75,0.12929839209486177
conditional-fit-0008,axis1_general,76,0.11469433152122756
conditional-fit-0008,axis1_general,77,0.11387661470133117
conditional-fit-0008,axis1_general,78,0.07919276568226853
conditional-fit-0008,axis1_general,79,0.07929936583745287
conditional-fit-0008,axis1_general,80,0.04611517015270869
conditional-fit-0008,axis1_general,81,0.01814668570949806
conditional-fit-0008,axis1_general,82,0.0677822829873751
conditional-fit-0008,axis1_general,83,0.0012787225859286228
conditional-fit-0008,axis1_general,84,0.11402108200322306
conditional-fit-0008,axis1_general,85,0.04216434066764504
conditional-fit-0008,axis1_general,86,0.1295685557884006
conditional-fit-0008,axis1_general,87,0.15099544574398152
conditional-fit-0008,axis1_general,88,0.31176973973261013
conditional-fit-0008,axis1_general,89,0.0251692032991116
conditional-fit-0008,axis1_general,90,0.0753472399187971
conditional-fit-0008,axis1_general,91,0.14506076304356597
conditional-fit-0008,axis1_general,92,0.12168734698467865
conditional-fit-0008,axis1_general,93,0.19421380336432736
conditional-fit-0008,axis1_general,94,0.1953038836068967
conditional-fit-0008,axis1_general,95,0.11879845321499678
conditional-fit-0008,axis1_general,96,0.060656230098108964
conditional-fit-0008,axis1_general,97,0.04776980912424624
conditional-fit-0008,axis1_general,98,0.03125181140976037
conditional-fit-0008,axis1_general,99,0.11280522159590996
conditional-fit-0008,axis1_general,100,0.2500045541703465
conditional-fit-0008,axis1_general,101,0.02487638388930232
conditional-fit-0008,axis1_general,102,0.017574343351519715
conditional-fit-0008,axis1_general,103,0.14110174584499677
conditional-fit-0008,axis1_general,104,0.4025790292582832
conditional-fit-0008,axis1_general,105,0.26120401793250253
conditional-fit-0008,axis1_general,106,0.3369075119482568
conditional-fit-0008,axis1_general,107,2.103267799078609
conditional-fit-0008,axis1_general,108,0.2823297000457915
conditional-fit-0008,axis1_general,109,0.02013939791576359
conditional-fit-0008,axis1_general,110,0.02943243054106901
conditional-fit-0008,axis1_general,111,0.25636892401392397
conditional-fit-0008,axis1_general,112,0.855363462644296
conditional-fit-0008,axis1_general,113,0.2920895002722457
conditional-fit-0008,axis1_general,114,0.16344358509912182
conditional-fit-0008,axis1_general,115,0.001184357568150243
conditional-fit-0008,axis1_general,116,0.09906438748207405
conditional-fit-0008,axis1_general,117,0.2941916428142884
conditional-fit-0008,axis1_general,118,0.1680300410211102
conditional-fit-0008,axis1_general,119,0.07245658412758653
conditional-fit-0008,axis1_general,120,0.2660736258681328
conditional-fit-0008,axis1_general,121,0.15365993905319159
conditional-fit-0008,axis1_general,122,0.05742764341082546
conditional-fit-0008,axis1_general,123,0.2831705989319313
conditional-fit-0008,axis1_general,124,0.2894394913579505
conditional-fit-0008,axis1_general,125,0.16347466588979812
conditional-fit-0008,axis1_general,126,0.16624182515618346
conditional-fit-0008,axis1_general,127,0.15244055861721428
conditional-fit-0008,axis1_general,128,0.12256627330375747
conditional-fit-0008,axis1_general,129,0.15326810837180785
conditional-fit-0008,axis1_general,130,0.04821125259826413
conditional-fit-0008,axis1_general,131,0.07028710770941245
conditional-fit-0008,axis1_general,132,0.05583376492877116
conditional-fit-0008,axis1_general,133,0.10582523370647437
conditional-fit-0008,axis1_general,134,0.0015801720887419898
conditional-fit-0008,axis1_general,135,0.00592718914959525
conditional-fit-0008,axis1_general,136,0.13390789199069444
conditional-fit-0008,axis1_general,137,0.03416585016049083
conditional-fit-0008,axis1_general,138,0.04084953621702926
conditional-fit-0008,axis1_general,139,0.02856925192960321
conditional-fit-0008,axis1_general,140,0.02333337756288032
conditional-fit-0008,axis1_general,141,0.13248190138443883
conditional-fit-0008,axis1_general,142,0.011865550347463465
conditional-fit-0008,axis1_general,143,0.1469744685613037
conditional-fit-0008,axis1_general,144,0.00029191730380060993
conditional-fit-0008,axis1_general,145,0.012300757811279293
conditional-fit-0008,axis1_general,146,0.031161388146826195
conditional-fit-0008,axis1_general,147,0.025858149592088958
conditional-fit-0008,axis1_general,148,0.06254171140208824
conditional-fit-0008,axis1_general,149,3.7918299026214e-05
conditional-fit-0008,axis1_general,150,0.0057088107880285885
conditional-fit-0008,axis1_general,151,0.07704392564040144
conditional-fit-0008,axis1_general,152,0.00013039960858789043
conditional-fit-0008,axis1_general,153,0.04173023038985182
conditional-fit-0008,axis1_general,154,0.02873849540639318
conditional-fit-0008,axis1_general,155,0.22007952633311545
conditional-fit-0008,axis1_general,156,0.0674791990595821
conditional-fit-0008,axis1_general,157,0.01049645681694352
conditional-fit-0008,axis1_general,158,0.039800244275427915
conditional-fit-0008,axis1_general,159,0.06465768970711852
conditional-fit-0008,axis1_general,160,0.007230063831403127
conditional-fit-0008,axis1_general,161,0.008463383108480967
conditional-fit-0008,axis1_general,162,0.03718008452826786
conditional-fit-0008,axis1_general,163,0.07737718931903385
conditional-fit-0008,axis1_general,164,0.028250006958118787
conditional-fit-0008,axis1_general,165,0.031770492878740134
conditional-fit-0008,axis1_general,166,0.052135428709349625
conditional-fit-0008,axis1_general,167,0.10797720490304055
conditional-fit-0008,axis1_general,168,0.0218679189541344
conditional-fit-0008,axis1_general,169,0.2832447294954075
conditional-fit-0008,axis1_general,170,0.05992774459762616
conditional-fit-0008,axis1_general,171,0.04052280245085414
conditional-fit-0008,axis1_general,172,0.10485542580782832
conditional-fit-0008,axis1_general,173,0.05472071370017094
conditional-fit-0008,axis1_general,174,0.014328315244457747
conditional-fit-0008,axis1_general,175,0.04171521333074109
conditional-fit-0008,axis1_general,176,0.012229972724220106
conditional-fit-0008,axis1_general,177,0.0379009374178828
conditional-fit-0008,axis1_general,178,0.04531905291811826
conditional-fit-0008,axis1_general,179,0.005167335347080257
conditional-fit-0008,axis1_general,180,0.04000705898079189
conditional-fit-0008,axis1_general,181,0.05057903069302615
conditional-fit-0008,axis1_general,182,0.05041888202677852
conditional-fit-0008,axis1_general,183,0.10846432729611298
conditional-fit-0008,axis1_general,184,0.041021454663453964
conditional-fit-0008,axis1_general,185,0.042971899989431454
conditional-fit-0008,axis1_general,186,0.14380763985988576
conditional-fit-0008,axis1_general,187,0.034328459100289525
conditional-fit-0008,axis1_general,188,0.005726220832465477
conditional-fit-0008,axis1_general,189,3.8692973499665525e-05
conditional-fit-0008,axis1_general,190,0.04871240895791165
conditional-fit-0008,axis1_general,191,0.011514110639562434
conditional-fit-0008,axis1_general,192,0.057976369701445554
conditional-fit-0008,axis1_general,193,0.10339095796013006
conditional-fit-0008,axis1_general,194,0.05512048122405988
conditional-fit-0008,axis1_general,195,0.015377029772210829
conditional-fit-0008,axis1_general,196,0.20778994466357395
conditional-fit-0008,axis1_general,197,0.17671150799511476
conditional-fit-0008,axis1_general,198,0.007995909138760575
conditional-fit-0008,axis1_general,199,0.029482827755585545
conditional-fit-0008,axis1_general,200,0.006415318725622865
conditional-fit-0008,axis1_general,201,0.009079879748216607
conditional-fit-0008,axis1_general,202,0.037316163471494135
conditional-fit-0008,axis1_general,203,0.05926437944711824
conditional-fit-0008,axis1_general,204,0.09015355984919807
conditional-fit-0008,axis1_general,205,0.1120752656928875
conditional-fit-0008,axis1_general,206,0.06356670507222897
conditional-fit-0008,axis1_general,207,0.004566035196648963
conditional-fit-0008,axis1_general,208,0.10081509519892098
conditional-fit-0008,axis1_general,209,0.29320136660639884
conditional-fit-0008,axis1_general,210,0.1220351936543766
conditional-fit-0008,axis1_general,211,0.21039656557207012
conditional-fit-0008,axis1_general,212,0.20863654300447024
conditional-fit-0008,axis1_general,213,0.00722811468116449
conditional-fit-0008,axis1_general,214,0.08521469410425254
conditional-fit-0008,axis1_general,215,0.1311196117875256
conditional-fit-0008,axis1_general,216,0.8014131730337208
conditional-fit-0008,axis1_general,217,0.03256076299530909
conditional-fit-0008,axis1_general,218,0.02478246709060248
conditional-fit-0008,axis1_general,219,0.0015669189433957266
conditional-fit-0008,axis1_general,220,0.14007087888234465
conditional-fit-0008,axis1_general,221,0.4331269197034043
conditional-fit-0008,axis1_general,222,0.09550057025057948
conditional-fit-0008,axis1_general,223,0.23137239936352272
conditional-fit-0008,axis1_general,224,0.0010568564385246212
conditional-fit-0008,axis1_general,225,0.11538443844949611
conditional-fit-0008,axis1_general,226,0.028529761047620825
conditional-fit-0008,axis1_general,227,0.031232335972141895
conditional-fit-0008,axis1_general,228,0.20482778598480358
conditional-fit-0008,axis1_general,229,0.45283775790280323
conditional-fit-0008,axis1_general,230,0.0009447284729528091
conditional-fit-0008,axis1_general,231,0.00010733039149499939
conditional-fit-0008,axis1_general,232,0.2101361690376306
conditional-fit-0008,axis1_general,233,0.40146930341331016
conditional-fit-0008,axis1_general,234,0.6171115360293372
conditional-fit-0008,axis1_general,235,0.0009327467774758242
conditional-fit-0008,axis1_general,236,0.6208031189801098
conditional-fit-0008,axis1_general,237,0.00031897486491481617
conditional-fit-0008,axis1_general,238,4.0390425085845956e-05
conditional-fit-0008,axis1_general,239,1.592625366539591
conditional-fit-0008,axis1_general,240,0.7038351762493488
conditional-fit-0008,axis1_general,241,0.023782744806231295
conditional-fit-0008,axis1_general,242,0.3325045315052438
conditional-fit-0008,axis1_general,243,0.5273460552966919
conditional-fit-0008,axis1_general,244,0.9725674203845048
conditional-fit-0008,axis1_general,245,0.01374518720606879
conditional-fit-0008,axis1_general,246,0.015122904190354766
conditional-fit-0008,axis1_general,247,0.044083684365325726
conditional-fit-0008,axis1_general,248,0.16130926571174936
conditional-fit-0008,axis1_general,249,0.09166604230035183
conditional-fit-0008,axis1_general,250,0.23658175066190076
conditional-fit-0008,axis1_general,251,0.014732670248655648
conditional-fit-0008,axis1_general,252,0.0004682833227913076
conditional-fit-0008,axis1_general,253,0.8284641897796955
conditional-fit-0008,axis1_general,254,0.0525856529878974
conditional-fit-0008,axis1_general,255,0.08790716524175407
conditional-fit-0008,axis1_general,256,0.17685092817531267
conditional-fit-0008,axis1_general,257,0.1893614998580454
conditional-fit-0008,axis1_general,258,0.006814269068615723
conditional-fit-0008,axis1_general,259,0.07753388483717981
conditional-fit-0008,axis1_general,260,6.0484913751491435e-05
conditional-fit-0008,axis1_general,261,8.315633535892456e-05
conditional-fit-0008,axis1_general,262,0.025265279249180674
conditional-fit-0008,axis1_general,263,0.12989735688492532
conditional-fit-0008,axis1_general,264,0.051854715533091636
conditional-fit-0008,axis1_general,265,0.13380360993363324
conditional-fit-0008,axis1_general,266,0.00136703011908601
conditional-fit-0008,axis1_general,267,0.0029163625022979645
conditional-fit-0008,axis1_general,268,0.13640335601321565
conditional-fit-0008,axis1_general,269,0.09111064327165369
conditional-fit-0008,axis1_general,270,0.09671618256299716
conditional-fit-0008,axis1_general,271,0.17174246719741046
conditional-fit-0008,axis1_general,272,0.032095717956416595
conditional-fit-0008,axis1_general,273,0.005791756216221535
conditional-fit-0008,axis1_general,274,0.8229981617913272
conditional-fit-0008,axis1_general,275,0.11274293105594005
conditional-fit-0008,axis1_general,276,0.23409560272461255
conditional-fit-0008,axis1_general,277,0.10040473248818615
conditional-fit-0008,axis1_general,278,0.012761404752585033
conditional-fit-0008,axis1_general,279,0.04283831885352051
conditional-fit-0008,axis1_general,280,0.4163563779468041
conditional-fit-0008,axis1_general,281,0.3405742899889083
conditional-fit-0008,axis1_general,282,0.4093920189343988
conditional-fit-0008,axis1_general,283,2.780081458112479e-05
conditional-fit-0008,axis1_general,284,0.0006897588762843356
conditional-fit-0008,axis1_general,285,0.0005919048245970332
conditional-fit-0008,axis1_general,286,0.017763171576529624
conditional-fit-0008,axis1_general,287,0.0008852041266749586
conditional-fit-0008,axis1_general,288,1.4470263210486276
conditional-fit-0008,axis1_general,289,0.002044543917936365
conditional-fit-0008,axis1_general,290,0.03121172205655862
conditional-fit-0008,axis1_general,291,0.47263682465402224
conditional-fit-0008,axis1_general,292,0.33867489692139563
conditional-fit-0008,axis1_general,293,0.18039138260035095
conditional-fit-0008,axis1_general,294,0.07377308331997504
conditional-fit-0008,axis1_general,295,0.13121205247324697
conditional-fit-0008,axis1_general,296,0.3051061541172588
conditional-fit-0008,axis1_general,297,0.008559611200498812
conditional-fit-0008,axis1_general,298,0.007811279604914079
conditional-fit-0008,axis1_general,299,0.00024107641396552002
conditional-fit-0008,axis1_general,300,0.4046717258397208
conditional-fit-0008,axis1_general,301,0.17349789418415792
conditional-fit-0008,axis1_general,302,0.33806426241288423
conditional-fit-0008,axis1_general,303,1.483884202694333
conditional-fit-0008,axis1_general,304,0.032617651906365785
conditional-fit-0008,axis1_general,305,2.255535932647014e-05
conditional-fit-0008,axis1_general,306,0.4083588019155609
conditional-fit-0008,axis1_general,307,0.9927845675776383
conditional-fit-0008,axis1_general,308,0.1746273610265911
conditional-fit-0008,axis1_general,309,0.09754269622408633
conditional-fit-0008,axis1_general,310,0.015950728422104814
conditional-fit-0008,axis1_general,311,0.007099880504176216
conditional-fit-0008,axis1_general,312,0.000732496479428231
conditional-fit-0008,axis1_general,313,0.002942506027273523
conditional-fit-0008,axis1_general,314,0.021082272772391945
conditional-fit-0008,axis1_general,315,0.27990195814377494
conditional-fit-0008,axis1_general,316,0.10170853874809681
conditional-fit-0008,axis1_general,317,0.0019412471280470587
conditional-fit-0008,axis1_general,318,0.01970480281993925
conditional-fit-0008,axis1_general,319,0.04593817264820864
conditional-fit-0008,axis1_general,320,0.036925606642792944
conditional-fit-0008,axis1_general,321,0.2201427264341581
conditional-fit-0008,axis1_general,322,0.006601074660921386
conditional-fit-0008,axis1_general,323,0.03102396017386208
conditional-fit-0008,axis1_general,324,0.03493551794041655
conditional-fit-0008,axis1_general,325,0.10891754019598468
conditional-fit-0008,axis1_general,326,0.03810318644630828
conditional-fit-0008,axis1_general,327,0.0570710179832491
conditional-fit-0008,axis1_general,328,0.05697002843142493
conditional-fit-0008,axis1_general,329,0.003303595849174701
conditional-fit-0008,axis1_general,330,0.0313931702013479
conditional-fit-0008,axis1_general,331,0.002834303659651764
conditional-fit-0008,axis1_general,332,0.032892385134420235
conditional-fit-0008,axis1_general,333,0.002775944452442388
conditional-fit-0008,axis1_general,334,0.02913418499948625
conditional-fit-0008,axis1_general,335,0.027813873741838975
conditional-fit-0008,axis1_general,336,0.0495073647410062
conditional-fit-0008,axis1_general,337,0.018915843057753033
conditional-fit-0008,axis1_general,338,0.012004659599220827
conditional-fit-0008,axis1_general,339,0.07833426039892788
conditional-fit-0008,axis1_general,340,0.00047926985892213724
conditional-fit-0008,axis1_general,341,0.0001399029593443155
conditional-fit-0008,axis1_general,342,0.07481709120775662
conditional-fit-0008,axis1_general,343,0.13197955416848128
conditional-fit-0008,axis1_general,344,0.004959814904352726
conditional-fit-0008,axis1_general,345,0.0830630655527865
conditional-fit-0008,axis1_general,346,0.0821117767105604
conditional-fit-0008,axis1_general,347,0.00015550171296165928
conditional-fit-0008,axis1_general,348,0.06446494712757186
conditional-fit-0008,axis1_general,349,0.28785744921799783
conditional-fit-0008,axis1_general,350,0.13101496436584853
conditional-fit-0008,axis1_general,351,1.8681793118699208e-05
conditional-fit-0008,axis1_general,352,0.026277761163770334
conditional-fit-0008,axis1_general,353,0.03131151480597167
conditional-fit-0008,axis1_general,354,0.04972055789111982
conditional-fit-0008,axis1_general,355,0.01570556937789342
conditional-fit-0008,axis1_general,356,0.029204269885229447
conditional-fit-0008,axis1_general,357,0.0002671899245197412
conditional-fit-0008,axis1_general,358,0.026415388307073306
conditional-fit-0008,axis1_general,359,0.027167095608629656
conditional-fit-0008,axis1_general,360,0.030418510436873915
conditional-fit-0008,axis1_general,361,0.1430479505731973
conditional-fit-0008,axis1_general,362,0.08652785145916342
conditional-fit-0008,axis1_general,363,0.02556667810094429
conditional-fit-0008,axis1_general,364,0.00047072437738006427
conditional-fit-0008,axis1_general,365,0.30643375853071214
conditional-fit-0008,axis1_general,366,0.22435367906457918
conditional-fit-0008,axis1_general,367,0.21126195021167452
conditional-fit-0008,axis1_general,368,0.32265657823246424
conditional-fit-0008,axis1_general,369,0.005774670293169643
conditional-fit-0008,axis1_general,370,0.11872407833677442
conditional-fit-0008,axis1_general,371,0.38029365491768796
conditional-fit-0008,axis1_general,372,0.11281461597326956
conditional-fit-0008,axis1_general,373,0.051363648915641984
conditional-fit-0008,axis1_general,374,0.03008710840985611
conditional-fit-0008,axis1_general,375,0.2730056858643549
conditional-fit-0008,axis1_general,376,0.0016537775712030332
conditional-fit-0008,axis1_general,377,0.04039611081244081
conditional-fit-0008,axis1_general,378,0.003976379145360541
conditional-fit-0008,axis1_general,379,0.23039900874014613
conditional-fit-0008,axis1_general,380,0.0028659507539205717
conditional-fit-0008,axis1_general,381,0.011344011946806905
conditional-fit-0008,axis1_general,382,0.18598232876951895
conditional-fit-0008,axis1_general,383,0.0515271299832758
conditional-fit-0008,axis1_general,384,0.038324063894288926
conditional-fit-0008,axis1_general,385,9.87632417374855e-06
conditional-fit-0008,axis1_general,386,0.008323051532794716
conditional-fit-0008,axis1_general,387,0.11375304199277753
conditional-fit-0008,axis1_general,388,0.005914574331849971
conditional-fit-0008,axis1_general,389,0.4076244758050157
conditional-fit-0008,axis1_general,390,0.00022455428251609997
conditional-fit-0008,axis1_general,391,0.00454351780939204
conditional-fit-0008,axis1_general,392,0.004551345187876225
conditional-fit-0008,axis1_general,393,0.1759690441487335
conditional-fit-0008,axis1_general,394,0.2306976009564477
conditional-fit-0008,axis1_general,395,0.0011692160682676472
conditional-fit-0008,axis1_general,396,0.015677230245701262
conditional-fit-0008,axis1_general,397,0.1792629494687931
conditional-fit-0008,axis1_general,398,0.0003878895898288434
conditional-fit-0008,axis1_general,399,8.59286731331479e-05
conditional-fit-0008,axis1_general,400,0.059599887660528816
conditional-fit-0008,axis1_general,401,0.06836495022960781
conditional-fit-0008,axis1_general,402,0.11274521850232397
conditional-fit-0008,axis1_general,403,0.09919616007819536
conditional-fit-0008,axis1_general,404,0.09998545279208466
conditional-fit-0008,axis1_general,405,0.029319287342012553
conditional-fit-0008,axis1_general,406,0.051835176095636516
conditional-fit-0008,axis1_general,407,0.04678718891469968
conditional-fit-0008,axis1_general,408,0.7391213619430178
conditional-fit-0008,axis1_general,409,0.008952734407879168
conditional-fit-0008,axis1_general,410,0.3453216236893235
conditional-fit-0008,axis1_general,411,0.04025931344625469
conditional-fit-0008,axis1_general,412,0.003789530946452597
conditional-fit-0008,axis1_general,413,0.3308906575801663
conditional-fit-0008,axis1_general,414,0.03182321165529663
conditional-fit-0008,axis1_general,415,0.27099365355361293
conditional-fit-0008,axis1_general,416,0.08884328546919582
conditional-fit-0008,axis1_general,417,0.23263121143193902
conditional-fit-0008,axis1_general,418,0.07011734432293729
conditional-fit-0008,axis1_general,419,0.13354152969289823
conditional-fit-0008,axis1_general,420,0.31980620099107404
conditional-fit-0008,axis1_general,421,0.011868085483627944
conditional-fit-0008,axis1_general,422,0.10193789072136192
conditional-fit-0008,axis1_general,423,0.13489910927600923
conditional-fit-0008,axis1_general,424,0.011585906943817356
conditional-fit-0008,axis1_general,425,0.00022753469145524944
conditional-fit-0008,axis1_general,426,0.0730409325619497
conditional-fit-0008,axis1_general,427,0.11011048928696907
conditional-fit-0008,axis1_general,428,0.01572909543896354
conditional-fit-0008,axis1_general,429,0.035703861715142865
conditional-fit-0008,axis1_general,430,0.07727383732701734
conditional-fit-0008,axis1_general,431,0.017951716050304205
conditional-fit-0008,axis1_general,432,0.240053124051049
conditional-fit-0008,axis1_general,433,0.1564710368372288
conditional-fit-0008,axis1_general,434,9.661062813001972e-05
conditional-fit-0008,axis1_general,435,0.3078792049022484
conditional-fit-0008,axis1_general,436,0.3447855480840404
conditional-fit-0008,axis1_general,437,0.022170803871568577
conditional-fit-0008,axis1_general,438,0.24766880347118791
conditional-fit-0008,axis1_general,439,0.14581374611938805
conditional-fit-0008,axis1_general,440,3.366853483658485e-05
conditional-fit-0008,axis1_general,441,4.859016031904097e-06
conditional-fit-0008,axis1_general,442,0.13734615021589447
conditional-fit-0008,axis1_general,443,0.27941771289109774
conditional-fit-0008,axis1_general,444,0.053941413603525785
conditional-fit-0008,axis1_general,445,0.00012877583503905534
conditional-fit-0008,axis1_general,446,3.586883723988386e-05
conditional-fit-0008,axis1_general,447,0.0020542469876336754
conditional-fit-0008,axis1_general,448,0.025065993638340466
conditional-fit-0008,axis1_general,449,0.00014532040370046582
conditional-fit-0008,axis1_general,450,0.00015086094796378305
conditional-fit-0008,axis1_general,451,0.035484367690384114
conditional-fit-0008,axis1_general,452,0.06027310014038492
conditional-fit-0008,axis1_general,453,0.5700211182617705
conditional-fit-0008,axis1_general,454,0.030040264135984547
conditional-fit-0008,axis1_general,455,0.03160777715258219
conditional-fit-0008,axis1_general,456,0.09284825715850518
conditional-fit-0008,axis1_general,457,0.09418249788088504
conditional-fit-0008,axis1_general,458,0.24179999179240919
conditional-fit-0008,axis1_general,459,0.21866391264258286
conditional-fit-0008,axis1_general,460,4.536531940926595e-05
conditional-fit-0008,axis1_general,461,1.0759858002629281
conditional-fit-0008,axis1_general,462,0.629762157046342
conditional-fit-0008,axis1_general,463,0.01197613502891692
conditional-fit-0008,axis1_general,464,0.1264303464267874
conditional-fit-0008,axis1_general,465,0.31895016198516285
conditional-fit-0008,axis1_general,466,0.14827850712425358
conditional-fit-0008,axis1_general,467,0.052812436720215065
conditional-fit-0008,axis1_general,468,0.246064370131944
conditional-fit-0008,axis1_general,469,0.05501177322068448
conditional-fit-0008,axis1_general,470,0.13695053482620506
conditional-fit-0008,axis1_general,471,0.5082164719785719
conditional-fit-0008,axis1_general,472,0.21105365497125678
conditional-fit-0008,axis1_general,473,0.17324914367562705
conditional-fit-0008,axis1_general,474,0.023718144556463316
conditional-fit-0008,axis1_general,475,0.007661648461966435
conditional-fit-0008,axis1_general,476,0.2088803816220252
conditional-fit-0008,axis1_general,477,0.0020205482648169484
conditional-fit-0008,axis1_general,478,0.0004738277242677432
conditional-fit-0008,axis1_general,479,0.011092801342047539
conditional-fit-0008,axis1_general,480,1.2975514067039027
conditional-fit-0008,axis1_general,481,0.11459678771746777
conditional-fit-0008,axis1_general,482,0.03182998759684867
conditional-fit-0008,axis1_general,483,0.28856023630382416
conditional-fit-0008,axis1_general,484,0.16907463942539414
conditional-fit-0008,axis1_general,485,0.3625316355889512
conditional-fit-0008,axis1_general,486,0.033913763993962356
conditional-fit-0008,axis1_general,487,0.005803183999681714
conditional-fit-0008,axis1_general,488,0.03129571838323011
conditional-fit-0008,axis1_general,489,0.1616359301505931
conditional-fit-0008,axis1_general,490,0.039092711642683915
conditional-fit-0008,axis1_general,491,0.004919428755627491
conditional-fit-0008,axis1_general,492,0.1183733400758396
conditional-fit-0008,axis1_general,493,0.015254824727222336
conditional-fit-0008,axis1_general,494,0.01105293934027576
conditional-fit-0008,axis1_general,495,0.18816135779957655
conditional-fit-0008,axis1_general,496,0.0747393778311963
conditional-fit-0008,axis1_general,497,0.11703690602968522
conditional-fit-0008,axis1_general,498,0.13332432490428633
conditional-fit-0008,axis1_general,499,0.08804078303324811
conditional-fit-0008,axis1_general,500,0.35473929599641874
conditional-fit-0008,axis1_general,501,0.18902785359891874
conditional-fit-0008,axis1_general,502,0.08727747723724692
conditional-fit-0008,axis1_general,503,0.060508039517838626
conditional-fit-0008,axis1_general,504,0.033724168850661845
conditional-fit-0008,axis1_general,505,0.13521090172245046
conditional-fit-0008,axis1_general,506,0.17488765780001694
conditional-fit-0008,axis1_general,507,0.02607620214298869
conditional-fit-0008,axis1_general,508,0.0316339754768324
conditional-fit-0008,axis1_general,509,0.03910720077832883
conditional-fit-0008,axis1_general,510,0.024483348418224832
conditional-fit-0008,axis1_general,511,0.003360605797136202
conditional-fit-0008,axis1_general,512,0.009511470274152093
conditional-fit-0008,axis1_general,513,0.009036211802790003
conditional-fit-0008,axis1_general,514,0.03026548638065361
conditional-fit-0008,axis1_general,515,0.0892579891196158
conditional-fit-0008,axis1_general,516,0.06042882730670209
conditional-fit-0008,axis1_general,517,0.05250856206776286
conditional-fit-0008,axis1_general,518,0.0047870073244302425
conditional-fit-0008,axis1_general,519,0.11492135550560187
conditional-fit-0008,axis1_general,520,0.21150285447105416
conditional-fit-0008,axis1_general,521,1.6292168639368372e-05
conditional-fit-0008,axis1_general,522,0.18723566957843524
conditional-fit-0008,axis1_general,523,0.03214741162561746
conditional-fit-0008,axis1_general,524,0.06382898511249077
conditional-fit-0008,axis1_general,525,0.03606854299336281
conditional-fit-0008,axis1_general,526,0.1162825320650682
conditional-fit-0008,axis1_general,527,0.025159337246712685
conditional-fit-0008,axis1_general,528,0.13555477701845647
conditional-fit-0008,axis1_general,529,0.0021331779284114454
conditional-fit-0008,axis1_general,530,0.5330316745444884
conditional-fit-0008,axis1_general,531,0.0027548831526174877
conditional-fit-0008,axis1_general,532,0.3089930469159976
conditional-fit-0008,axis1_general,533,0.2437383884819883
conditional-fit-0008,axis1_general,534,0.021921390460713442
conditional-fit-0008,axis1_general,535,0.10451211960578893
conditional-fit-0008,axis1_general,536,0.08167321439393241
conditional-fit-0008,axis1_general,537,0.1981580454945875
conditional-fit-0008,axis1_general,538,0.013650624362855196
conditional-fit-0008,axis1_general,539,0.00013294354400377362
conditional-fit-0008,axis1_general,540,0.01174001594578606
conditional-fit-0008,axis1_general,541,0.021364043114274544
conditional-fit-0008,axis1_general,542,0.061827815750518184
conditional-fit-0008,axis1_general,543,0.22571988107696178
conditional-fit-0008,axis1_general,544,0.028515616368260967
conditional-fit-0008,axis1_general,545,0.03849298896272721
conditional-fit-0008,axis1_general,546,2.4783023675449584e-05
conditional-fit-0008,axis1_general,547,0.20175951135000356
conditional-fit-0008,axis1_general,548,0.046944056323397314
conditional-fit-0008,axis1_general,549,0.040952344718295806
conditional-fit-0008,axis1_general,550,0.09107293335561963
conditional-fit-0008,axis1_general,551,0.042296422513711796
conditional-fit-0008,axis1_general,552,0.0025156708401757075
conditional-fit-0008,axis1_general,553,0.46929310394217394
conditional-fit-0008,axis1_general,554,0.04142784123695707
conditional-fit-0008,axis1_general,555,0.191977812711121
conditional-fit-0008,axis1_general,556,0.0003042736539021182
conditional-fit-0008,axis1_general,557,0.07093349683033724
conditional-fit-0008,axis1_general,558,0.029305609799929005
conditional-fit-0008,axis1_general,559,0.09274872185861156
conditional-fit-0008,axis1_general,560,0.008716329654106975
conditional-fit-0008,axis1_general,561,0.0043822397838222385
conditional-fit-0008,axis1_general,562,5.4433431101846535e-05
conditional-fit-0008,axis1_general,563,0.042016995796368486
conditional-fit-0008,axis1_general,564,0.174199101222452
conditional-fit-0008,axis1_general,565,0.011957760102916618
conditional-fit-0008,axis1_general,566,0.2615506239211638
conditional-fit-0008,axis1_general,567,0.07311681610335652
conditional-fit-0008,axis1_general,568,0.26200200844495863
conditional-fit-0008,axis1_general,569,0.6441064643858694
conditional-fit-0008,axis1_general,570,0.1787150815527589
conditional-fit-0008,axis1_general,571,0.12905326946177448
conditional-fit-0008,axis1_general,572,0.09376168779604535
conditional-fit-0008,axis1_general,573,0.07320378570787532
conditional-fit-0008,axis1_general,574,0.009310319212490923
conditional-fit-0008,axis1_general,575,0.002255187970425409
conditional-fit-0008,axis1_general,576,0.05543973157569417
conditional-fit-0008,axis1_general,577,0.12528129623724218
conditional-fit-0008,axis1_general,578,0.04555344664640067
conditional-fit-0008,axis1_general,579,0.49796598903092726
conditional-fit-0008,axis1_general,580,0.016723796371018722
conditional-fit-0008,axis1_general,581,0.026640232827759874
conditional-fit-0008,axis1_general,582,0.00010370156357026541
conditional-fit-0008,axis1_general,583,0.0017738333772822819
conditional-fit-0008,axis1_general,584,0.1556162342571487
conditional-fit-0008,axis1_general,585,0.002871561815343122
conditional-fit-0008,axis1_general,586,0.000962477943406273
conditional-fit-0008,axis1_general,587,0.16314784252052636
conditional-fit-0008,axis1_general,588,0.10755867016913698
conditional-fit-0008,axis1_general,589,0.08288915165116328
conditional-fit-0008,axis1_general,590,0.029459489939242002
conditional-fit-0008,axis1_general,591,0.22387128034578505
conditional-fit-0008,axis1_general,592,0.01781029664612768
conditional-fit-0008,axis1_general,593,0.026147077405158925
conditional-fit-0008,axis1_general,594,0.07550920038339307
conditional-fit-0008,axis1_general,595,0.022648532661236554
conditional-fit-0008,axis1_general,596,0.06185984286793297
conditional-fit-0008,axis1_general,597,0.031792957865855974
conditional-fit-0008,axis1_general,598,0.9484167896727448
conditional-fit-0008,axis1_general,599,0.8720094395472558
conditional-fit-0008,axis1_general,600,0.009904892738827192
conditional-fit-0008,axis1_general,601,0.12143432791433659
conditional-fit-0008,axis1_general,602,0.10307464415995377
conditional-fit-0008,axis1_general,603,0.1275226396650754
conditional-fit-0008,axis1_general,604,0.07020949066455465
conditional-fit-0008,axis1_general,605,0.0025450451870635475
conditional-fit-0008,axis1_general,606,0.01615245425162769
conditional-fit-0008,axis1_general,607,0.013267242488765527
conditional-fit-0008,axis1_general,608,0.06053819000583307
conditional-fit-0008,axis1_general,609,0.030152471395236316
conditional-fit-0008,axis1_general,610,0.2650562704280262
conditional-fit-0008,axis1_general,611,0.03534410112044154
conditional-fit-0008,axis1_general,612,0.05009947701690263
conditional-fit-0008,axis1_general,613,0.014249926639737197
conditional-fit-0008,axis1_general,614,0.0313222537471006
conditional-fit-0008,axis1_general,615,0.007246716680550304
conditional-fit-0008,axis1_general,616,0.013528821845229739
conditional-fit-0008,axis1_general,617,0.01665901259732941
conditional-fit-0008,axis1_general,618,0.004490941322201791
conditional-fit-0008,axis1_general,619,1.8616980171274253e-05
conditional-fit-0008,axis1_general,620,0.0002160773409394473
conditional-fit-0008,axis1_general,621,0.08434577012840853
conditional-fit-0008,axis1_general,622,0.08977852133662519
conditional-fit-0008,axis1_general,623,0.01999315602526911
conditional-fit-0008,axis1_general,624,0.038916824266630096
conditional-fit-0008,axis1_general,625,0.03359803375813374
conditional-fit-0008,axis1_general,626,0.00451188953517216
conditional-fit-0008,axis1_general,627,0.013679455319564021
conditional-fit-0008,axis1_general,628,0.03494231051636229
conditional-fit-0008,axis1_general,629,0.020851228471954655
conditional-fit-0008,axis1_general,630,0.03301656713806396
conditional-fit-0008,axis1_general,631,0.04915673508011603
conditional-fit-0008,axis1_general,632,0.02924388960677019
conditional-fit-0008,axis1_general,633,0.036632888952993395
conditional-fit-0008,axis1_general,634,0.11131767499340102
conditional-fit-0008,axis1_general,635,0.08483021937256441
conditional-fit-0008,axis1_general,636,0.026276652239983544
conditional-fit-0008,axis1_general,637,0.035640596491941956
conditional-fit-0008,axis1_general,638,0.019623829240359488
conditional-fit-0008,axis1_general,639,0.023324287606959537
conditional-fit-0008,axis1_general,640,0.049198864721029946
conditional-fit-0008,axis1_general,641,0.0011144083428096714
conditional-fit-0008,axis1_general,642,0.0616063820775994
conditional-fit-0008,axis1_general,643,0.053271378033445206
conditional-fit-0008,axis1_general,644,2.0317609748198166e-05
conditional-fit-0008,axis1_general,645,3.23517000152018e-05
conditional-fit-0008,axis1_general,646,0.0003066100832517951
conditional-fit-0008,axis1_general,647,0.07377162246430774
conditional-fit-0008,axis1_general,648,0.016269937752133142
conditional-fit-0008,axis1_general,649,0.04100949520666313
conditional-fit-0008,axis1_general,650,0.045342621293387064
conditional-fit-0008,axis1_general,651,0.04637068488890572
conditional-fit-0008,axis1_general,652,0.05379995943633534
conditional-fit-0008,axis1_general,653,0.032879886970808334
conditional-fit-0008,axis1_general,654,0.012581195230408106
conditional-fit-0008,axis1_general,655,0.02190153018315292
conditional-fit-0008,axis1_general,656,0.013607943853711361
conditional-fit-0008,axis1_general,657,0.042326012344597874
conditional-fit-0008,axis1_general,658,0.010249459251333692
conditional-fit-0008,axis1_general,659,0.12215169640612514
conditional-fit-0008,axis1_general,660,0.16986609556433585
conditional-fit-0008,axis1_general,661,0.030719936102632017
conditional-fit-0008,axis1_general,662,0.019951089035840516
conditional-fit-0008,axis1_general,663,0.015415002874347616
conditional-fit-0008,axis1_general,664,0.006083507276403355
conditional-fit-0008,axis1_general,665,0.17649425806880237
conditional-fit-0008,axis1_general,666,2.196286333385252e-05
conditional-fit-0008,axis1_general,667,1.8711495312351485e-05
conditional-fit-0008,axis1_general,668,0.04479667229337844
conditional-fit-0008,axis1_general,669,0.23189647100745664
conditional-fit-0008,axis1_general,670,0.15184561541043154
conditional-fit-0008,axis1_general,671,0.35542991172105726
conditional-fit-0008,axis1_general,672,0.2653637464785773
conditional-fit-0008,axis1_general,673,0.0895408288850143
conditional-fit-0008,axis1_general,674,0.14600447957284174
conditional-fit-0008,axis1_general,675,0.20483689392286536
conditional-fit-0008,axis1_general,676,0.0013185340799318468
conditional-fit-0008,axis1_general,677,0.008129804508177272
conditional-fit-0008,axis1_general,678,0.030473016725343485
conditional-fit-0008,axis1_general,679,0.1496492387249199
conditional-fit-0008,axis1_general,680,0.22225252717151012
conditional-fit-0008,axis1_general,681,0.061601485197605804
conditional-fit-0008,axis1_general,682,0.40783746129624077
conditional-fit-0008,axis1_general,683,0.0021838984426519738
conditional-fit-0008,axis1_general,684,0.020509839313092068
conditional-fit-0008,axis1_general,685,0.2173898788670906
conditional-fit-0008,axis1_general,686,0.09694747069936635
conditional-fit-0008,axis1_general,687,0.0960952832692038
conditional-fit-0008,axis1_general,688,0.2878407048225705
conditional-fit-0008,axis1_general,689,0.04353874373074278
conditional-fit-0008,axis1_general,690,0.27860249732446724
conditional-fit-0008,axis1_general,691,0.038562603608187807
conditional-fit-0008,axis1_general,692,1.916889099945594e-05
conditional-fit-0008,axis1_general,693,2.7752279382928733e-05
conditional-fit-0008,axis1_general,694,0.007781143671850388
conditional-fit-0008,axis1_general,695,0.09930412304301356
conditional-fit-0008,axis1_general,696,0.15780950559896986
conditional-fit-0008,axis1_general,697,0.15319998130228346
conditional-fit-0008,axis1_general,698,0.10504230804650816
conditional-fit-0008,axis1_general,699,0.0006872252974502134
conditional-fit-0008,axis1_general,700,0.0010325320035002446
conditional-fit-0008,axis1_general,701,0.028881207881965867
conditional-fit-0008,axis1_general,702,0.12741210014271154
conditional-fit-0008,axis1_general,703,0.027585427154573183
conditional-fit-0008,axis1_general,704,0.03796280262965202
conditional-fit-0008,axis1_general,705,0.15516015688494006
conditional-fit-0008,axis1_general,706,0.06680610374088108
conditional-fit-0008,axis1_general,707,0.005074212155598867
conditional-fit-0008,axis1_general,708,0.025043594711630705
conditional-fit-0008,axis1_general,709,0.10720729841205631
conditional-fit-0008,axis1_general,710,0.021026376224437916
conditional-fit-0008,axis1_general,711,0.09613298198543152
conditional-fit-0008,axis1_general,712,0.044521828589669535
conditional-fit-0008,axis1_general,713,0.0486800726502237
conditional-fit-0008,axis1_general,714,0.08159262557531671
conditional-fit-0008,axis1_general,715,0.17069859645419766
conditional-fit-0008,axis1_general,716,0.17391766888325605
conditional-fit-0008,axis1_general,717,0.009933904473549058
conditional-fit-0008,axis1_general,718,0.12955139283350908
conditional-fit-0008,axis1_general,719,0.03938234294827382
conditional-fit-0008,axis1_general,720,0.0012178643425532958
conditional-fit-0008,axis1_general,721,0.024994360552837012
conditional-fit-0008,axis1_general,722,3.028575176298773e-06
conditional-fit-0008,axis1_general,723,0.00035715855475395203
conditional-fit-0008,axis1_general,724,0.011085740520803716
conditional-fit-0008,axis1_general,725,0.09682462291795177
conditional-fit-0008,axis1_general,726,0.15709246312706016
conditional-fit-0008,axis1_general,727,0.2786626552872534
conditional-fit-0008,axis1_general,728,0.006076353304110712
conditional-fit-0008,axis1_general,729,0.007734607353617029
conditional-fit-0008,axis1_general,730,4.3773864559274014e-05
conditional-fit-0008,axis1_general,731,0.0026109139854745894
conditional-fit-0008,axis1_general,732,0.38086330682191305
conditional-fit-0008,axis1_general,733,0.6104319982433042
conditional-fit-0008,axis1_general,734,0.030082652898692608
conditional-fit-0008,axis1_general,735,0.1098059787077698
conditional-fit-0008,axis1_general,736,0.5614050252685091
conditional-fit-0008,axis1_general,737,0.04268054678602908
conditional-fit-0008,axis1_general,738,0.00011789210430275407
conditional-fit-0008,axis1_general,739,8.152727176595035e-05
conditional-fit-0008,axis1_general,740,0.04240467269367089
conditional-fit-0008,axis1_general,741,0.12471478857612373
conditional-fit-0008,axis1_general,742,0.12561574154451272
conditional-fit-0008,axis1_general,743,0.15892268407703533
conditional-fit-0008,axis1_general,744,0.007799283640010833
conditional-fit-0008,axis1_general,745,0.09313830336865664
conditional-fit-0008,axis1_general,746,0.11384994285637029
conditional-fit-0008,axis1_general,747,0.07625530724827402
conditional-fit-0008,axis1_general,748,0.07478299812541293
conditional-fit-0008,axis1_general,749,0.011684909958015102
conditional-fit-0008,axis1_general,750,0.00306084394272159
conditional-fit-0008,axis1_general,751,0.03366222445667731
conditional-fit-0008,axis1_general,752,0.03736934774158605
conditional-fit-0008,axis1_general,753,0.05114769032203286
conditional-fit-0008,axis1_general,754,0.03378461644808007
conditional-fit-0008,axis1_general,755,0.03265937860874064
conditional-fit-0008,axis1_general,756,0.019676671146671557
conditional-fit-0008,axis1_general,757,0.03016093252829151
conditional-fit-0008,axis1_general,758,0.04344541054536956
conditional-fit-0008,axis1_general,759,0.07623766416643787
conditional-fit-0008,axis1_general,760,0.06874410954185356
conditional-fit-0008,axis1_general,761,0.00597065629195853
conditional-fit-0008,axis1_general,762,0.018393936281265365
conditional-fit-0008,axis1_general,763,0.0063405025337492996
conditional-fit-0008,axis1_general,764,0.06158816443079568
conditional-fit-0008,axis1_general,765,0.05053725423372227
conditional-fit-0008,axis1_general,766,0.05912439141122287
conditional-fit-0008,axis1_general,767,0.03224930345919612
conditional-fit-0008,axis1_general,768,0.00041159551480648244
conditional-fit-0008,axis1_general,769,0.013911861851015521
conditional-fit-0008,axis1_general,770,0.021911935091605442
conditional-fit-0008,axis1_general,771,0.0004254585761628056
conditional-fit-0008,axis1_general,772,0.004237380354839164
conditional-fit-0008,axis1_general,773,0.009077269829303559
conditional-fit-0008,axis1_general,774,0.020888222539832753
conditional-fit-0008,axis1_general,775,0.03024459936066632
conditional-fit-0008,axis1_general,776,0.006032288809059708
conditional-fit-0008,axis1_general,777,0.013122005681589551
conditional-fit-0008,axis1_general,778,0.07273827534114945
conditional-fit-0008,axis1_general,779,0.10153831383584638
conditional-fit-0008,axis1_general,780,2.211098094861423e-05
conditional-fit-0008,axis1_general,781,0.0029406883476909996
conditional-fit-0008,axis1_general,782,0.024214717201685273
conditional-fit-0008,axis1_general,783,0.07223042673435898
conditional-fit-0008,axis1_general,784,0.11218590300482517
conditional-fit-0008,axis1_general,785,0.0006169916071219628
conditional-fit-0008,axis1_general,786,0.02721110871397208
conditional-fit-0008,axis1_general,787,0.004187829286451323
conditional-fit-0008,axis1_general,788,0.0026129675724654547
conditional-fit-0008,axis1_general,789,0.007986488818486704
conditional-fit-0008,axis1_general,790,4.313704021978634e-05
conditional-fit-0008,axis1_general,791,0.00023884705193220283
conditional-fit-0008,axis1_general,792,0.023869317351191292
conditional-fit-0008,axis1_general,793,0.056086123097578856
conditional-fit-0008,axis1_general,794,0.00011008425054426858
conditional-fit-0008,axis1_general,795,5.0558492188513496e-05
conditional-fit-0008,axis1_general,796,0.04427779471849518
conditional-fit-0008,axis1_general,797,0.05360750165107046
conditional-fit-0008,axis1_general,798,0.1364918305989048
conditional-fit-0008,axis1_general,799,0.0043294996776197785
conditional-fit-0008,axis1_general,800,0.0775480257618267
conditional-fit-0008,axis1_general,801,0.046971583162671526
conditional-fit-0008,axis1_general,802,0.038679538362469415
conditional-fit-0008,axis1_general,803,0.06336175805907858
conditional-fit-0008,axis1_general,804,0.11589473613210094
conditional-fit-0008,axis1_general,805,0.027835195019632622
conditional-fit-0008,axis1_general,806,0.1647443683925987
conditional-fit-0008,axis1_general,807,0.008158914011222405
conditional-fit-0008,axis1_general,808,0.002537860815803687
conditional-fit-0008,axis1_general,809,1.0178692784158816e-05
conditional-fit-0008,axis1_general,810,4.8455191532516785e-05
conditional-fit-0008,axis1_general,811,0.003891761614992369
conditional-fit-0008,axis1_general,812,0.006608612723598469
conditional-fit-0008,axis1_general,813,0.002684813967558309
conditional-fit-0008,axis1_general,814,0.007627904259232658
conditional-fit-0008,axis1_general,815,0.007870492520806637
conditional-fit-0008,axis1_general,816,0.008258264630152896
conditional-fit-0008,axis1_general,817,0.006959073190289374
conditional-fit-0008,axis1_general,818,0.01510499884334975
conditional-fit-0008,axis1_general,819,0.029312348024164964
conditional-fit-0008,axis1_general,820,0.0022737764972036965
conditional-fit-0008,axis1_general,821,0.00011286872068136629
conditional-fit-0008,axis1_general,822,0.00011197381336700306
conditional-fit-0008,axis1_general,823,0.017127342406958308
conditional-fit-0008,axis1_general,824,0.024781177739918153
conditional-fit-0008,axis1_general,825,0.01264269839009638
conditional-fit-0008,axis1_general,826,0.001297648866905052
conditional-fit-0008,axis1_general,827,0.011546003680317662
conditional-fit-0008,axis1_general,828,0.020025591710792254
conditional-fit-0008,axis1_general,829,0.044924833407137085
conditional-fit-0008,axis1_general,830,0.46050322117341225
conditional-fit-0008,axis1_general,831,0.08564795598432566
conditional-fit-0008,axis1_general,832,0.2081228073845418
conditional-fit-0008,axis1_general,833,0.00038570909525391666
conditional-fit-0008,axis1_general,834,0.009594301044208234
conditional-fit-0008,axis1_general,835,0.02819246946274777
conditional-fit-0008,axis1_general,836,0.036462238519925944
conditional-fit-0008,axis1_general,837,8.246143915592122e-06
conditional-fit-0008,axis1_general,838,7.957626243175491e-06
conditional-fit-0008,axis1_general,839,0.016177717389652634
conditional-fit-0008,axis1_general,840,0.3197321861953775
conditional-fit-0008,axis1_general,841,0.025317716502767585
conditional-fit-0008,axis1_general,842,0.018063441582846836
conditional-fit-0008,axis1_general,843,0.29152032232807307
conditional-fit-0008,axis1_general,844,0.06762958285828567
conditional-fit-0008,axis1_general,845,0.5512793761566614
conditional-fit-0008,axis1_general,846,0.0008601464737868707
conditional-fit-0008,axis1_general,847,0.0003761088087942435
conditional-fit-0008,axis1_general,848,0.0480061197337844
conditional-fit-0008,axis1_general,849,0.04989330624277418
conditional-fit-0008,axis1_general,850,0.11475718305073168
conditional-fit-0008,axis1_general,851,0.2845320016882664
conditional-fit-0008,axis1_general,852,0.13072998246888784
conditional-fit-0008,axis1_general,853,0.018348754376361784
conditional-fit-0008,axis1_general,854,0.1878318113368292
conditional-fit-0008,axis1_general,855,0.012098988723220145
conditional-fit-0008,axis1_general,856,0.0022023586256018943
conditional-fit-0008,axis1_general,857,0.01216435757044417
conditional-fit-0008,axis1_general,858,0.034738583000144686
conditional-fit-0008,axis1_general,859,0.3200917118635148
conditional-fit-0008,axis1_general,860,0.06582006461029433
conditional-fit-0008,axis1_general,861,0.02606912094484664
conditional-fit-0008,axis1_general,862,0.0014055770351316904
conditional-fit-0008,axis1_general,863,0.23032079841087316
conditional-fit-0008,axis1_general,864,1.9173976792855904e-05
conditional-fit-0008,axis1_general,865,1.7263239202225438e-05
conditional-fit-0008,axis1_general,866,0.38611756253513557
conditional-fit-0008,axis1_general,867,0.03528437588701916
conditional-fit-0008,axis1_general,868,0.0021356352966674296
conditional-fit-0008,axis1_general,869,0.020166692594482134
conditional-fit-0008,axis1_general,870,0.04563019824192399
conditional-fit-0008,axis1_general,871,0.022012802044241823
conditional-fit-0008,axis1_general,872,4.2217620641775575e-05
conditional-fit-0008,axis1_general,873,0.016896423615699582
conditional-fit-0008,axis1_general,874,5.805176270986203e-05
conditional-fit-0008,axis1_general,875,0.0652931109408407
conditional-fit-0008,axis1_general,876,0.5224297907784459
conditional-fit-0008,axis1_general,877,0.22742896623978226
conditional-fit-0008,axis1_general,878,0.05143856508190806
conditional-fit-0008,axis1_general,879,2.836207116968548e-05
conditional-fit-0008,axis1_general,880,0.3077284716069596
conditional-fit-0008,axis1_general,881,0.9973221131306986
conditional-fit-0008,axis1_general,882,0.007000878408232605
conditional-fit-0008,axis1_general,883,0.016578827509158147
conditional-fit-0008,axis1_general,884,0.07266960552612202
conditional-fit-0008,axis1_general,885,0.012928274581787434
conditional-fit-0008,axis1_general,886,3.48576470640142e-05
conditional-fit-0008,axis1_general,887,0.023157380827366406
conditional-fit-0008,axis1_general,888,0.020982028102371222
conditional-fit-0008,axis1_general,889,0.5032104651917695
conditional-fit-0008,axis1_general,890,0.0016788740774856313
conditional-fit-0008,axis1_general,891,0.004654485836658274
conditional-fit-0008,axis1_general,892,0.594829102185903
conditional-fit-0008,axis1_general,893,0.019006914681690076
conditional-fit-0008,axis1_general,894,0.013983576231281363
conditional-fit-0008,axis1_general,895,0.004809447120380691
conditional-fit-0008,axis1_general,896,0.2240573463967654
conditional-fit-0008,axis1_general,897,0.08930213642248905
conditional-fit-0008,axis1_general,898,0.13535775338835515
conditional-fit-0008,axis1_general,899,0.015329200642333672
conditional-fit-0008,axis1_general,900,0.09054287395107445
conditional-fit-0008,axis1_general,901,0.025582016600309714
conditional-fit-0008,axis1_general,902,0.00028291165852469636
conditional-fit-0008,axis1_general,903,0.004031289447361788
conditional-fit-0008,axis1_general,904,0.0855642522798082
conditional-fit-0008,axis1_general,905,0.011364302631603436
conditional-fit-0008,axis1_general,906,0.18761501304700187
conditional-fit-0008,axis1_general,907,0.23021310549602736
conditional-fit-0008,axis1_general,908,0.12311810296755386
conditional-fit-0008,axis1_general,909,0.03788223371667968
conditional-fit-0008,axis1_general,910,0.02451541395314267
conditional-fit-0008,axis1_general,911,0.11847619471503018
conditional-fit-0008,axis1_general,912,0.05633038565305988
conditional-fit-0008,axis1_general,913,0.09910495694530856
conditional-fit-0008,axis1_general,914,0.002551988502205459
conditional-fit-0008,axis1_general,915,0.31111371639547714
conditional-fit-0008,axis1_general,916,0.4129423465996206
conditional-fit-0008,axis1_general,917,0.03141982337129898
conditional-fit-0008,axis1_general,918,0.3555609201703255
conditional-fit-0008,axis1_general,919,0.26486990092821083
conditional-fit-0008,axis1_general,920,0.10201831622440444
conditional-fit-0008,axis1_general,921,0.09013436947761322
conditional-fit-0008,axis1_general,922,0.008234403937388696
conditional-fit-0008,axis1_general,923,0.1450216748949399
conditional-fit-0008,axis1_general,924,0.4083499191626392
conditional-fit-0008,axis1_general,925,0.46663794288562477
conditional-fit-0008,axis1_general,926,0.0007748851579974113
conditional-fit-0008,axis1_general,927,0.0863069458392983
conditional-fit-0008,axis1_general,928,0.02499521465526403
conditional-fit-0008,axis1_general,929,0.008768602013053453
conditional-fit-0008,axis1_general,930,0.10919669397578827
conditional-fit-0008,axis1_general,931,0.00046830656214507575
conditional-fit-0008,axis1_general,932,0.10131728780007804
conditional-fit-0008,axis1_general,933,7.778142142100963e-05
conditional-fit-0008,axis1_general,934,0.15695673331640703
conditional-fit-0008,axis1_general,935,0.12508229648093178
conditional-fit-0008,axis1_general,936,0.017839759184167206
conditional-fit-0008,axis1_general,937,0.07028410433185141
conditional-fit-0008,axis1_general,938,0.04370948703060029
conditional-fit-0008,axis1_general,939,0.07557365928373895
conditional-fit-0008,axis1_general,940,0.02832050415604956
conditional-fit-0008,axis1_general,941,0.0073527907686371
conditional-fit-0008,axis1_general,942,0.10558721085061062
conditional-fit-0008,axis1_general,943,0.0932071992979311
conditional-fit-0008,axis1_general,944,0.05105543202177548
conditional-fit-0008,axis1_general,945,0.00019416971042268195
conditional-fit-0008,axis1_general,946,0.06269073368477873
conditional-fit-0008,axis1_general,947,0.2749630716624406
conditional-fit-0008,axis1_general,948,8.227833127786187e-05
conditional-fit-0008,axis1_general,949,0.0005294487305204324
conditional-fit-0008,axis1_general,950,0.0013077224647932205
conditional-fit-0008,axis1_general,951,0.01707067647922466
conditional-fit-0008,axis1_general,952,0.08993503172840195
conditional-fit-0008,axis1_general,953,0.00033362124074061335
conditional-fit-0008,axis1_general,954,0.02246292534255564
conditional-fit-0008,axis1_general,955,0.0005518358424972263
conditional-fit-0008,axis1_general,956,0.00021555691564188728
conditional-fit-0008,axis1_general,957,0.08233176852517324
conditional-fit-0008,axis1_general,958,0.10172690557927219
conditional-fit-0008,axis1_general,959,0.01889387809859263
conditional-fit-0008,axis1_general,960,0.0004213143219780199
conditional-fit-0008,axis1_general,961,0.018139525414118382
conditional-fit-0008,axis1_general,962,0.017373285076021896
conditional-fit-0008,axis1_general,963,0.06463842661956694
conditional-fit-0008,axis1_general,964,0.05953772233470864
conditional-fit-0008,axis1_general,965,0.006535821462923251
conditional-fit-0008,axis1_general,966,0.04763597220035126
conditional-fit-0008,axis1_general,967,0.05529713776520939
conditional-fit-0008,axis1_general,968,2.4917133779994357e-06
conditional-fit-0008,axis1_general,969,1.3963821238485817e-06
conditional-fit-0008,axis1_general,970,0.007908165363496743
conditional-fit-0008,axis1_general,971,0.26892419289880154
conditional-fit-0008,axis1_general,972,0.020481896026739978
conditional-fit-0008,axis1_general,973,0.0954846507197896
conditional-fit-0008,axis1_general,974,0.012092498633510654
conditional-fit-0008,axis1_general,975,0.04176566191164546
conditional-fit-0008,axis1_general,976,0.06292045190309176
conditional-fit-0008,axis1_general,977,0.015183275834144302
conditional-fit-0008,axis1_general,978,0.024633992352648914
conditional-fit-0008,axis1_general,979,0.012321929231465252
conditional-fit-0008,axis1_general,980,0.05222847504757547
conditional-fit-0008,axis1_general,981,4.12748448374315e-05
conditional-fit-0008,axis1_general,982,0.03269451100187843
conditional-fit-0008,axis1_general,983,0.03384213183920654
conditional-fit-0008,axis1_general,984,0.002561818564076155
conditional-fit-0008,axis1_general,985,0.023238607440894177
conditional-fit-0008,axis1_general,986,0.042624746894014486
conditional-fit-0008,axis1_general,987,0.022738989352397855
conditional-fit-0008,axis1_general,988,0.04617978421765413
conditional-fit-0008,axis1_general,989,0.00016650236481754565
conditional-fit-0008,axis1_general,990,0.04489203362856105
conditional-fit-0008,axis1_general,991,0.1212006532815803
conditional-fit-0008,axis1_general,992,0.02578344155170418
conditional-fit-0008,axis1_general,993,0.0027362864928913433
conditional-fit-0008,axis1_general,994,0.007891553037346712
conditional-fit-0008,axis1_general,995,0.022114977608293392
conditional-fit-0008,axis1_general,996,0.11202355667323768
conditional-fit-0008,axis1_general,997,0.11518400144474661
conditional-fit-0008,axis1_general,998,0.0013463827095399155
conditional-fit-0008,axis1_general,999,0.040460522437602224
conditional-fit-0008,axis1_general,1000,0.008539888450406855
conditional-fit-0008,axis1_general,1001,0.06303249073393284
conditional-fit-0008,axis1_general,1002,0.22173312393631422
conditional-fit-0008,axis1_general,1003,0.10321139140813293
conditional-fit-0008,axis1_general,1004,0.02908232563652326
conditional-fit-0008,axis1_general,1005,0.0015376991718460027
conditional-fit-0008,axis1_general,1006,0.012855368575857487
conditional-fit-0008,axis1_general,1007,0.008312573143269046
conditional-fit-0008,axis1_general,1008,0.1389143447536818
conditional-fit-0008,axis1_general,1009,0.0791602695766945
conditional-fit-0008,axis1_general,1010,0.06535599345240323
conditional-fit-0008,axis1_general,1011,0.08108284386250093
conditional-fit-0008,axis1_general,1012,0.0005601216807986018
conditional-fit-0008,axis1_general,1013,0.002075322477484813
conditional-fit-0008,axis1_general,1014,0.007454932946344257
conditional-fit-0008,axis1_general,1015,6.659518814386704e-05
conditional-fit-0008,axis1_general,1016,0.004565331640229424
conditional-fit-0008,axis1_general,1017,0.010727401272012741
conditional-fit-0008,axis1_general,1018,0.0705796374581944
conditional-fit-0008,axis1_general,1019,0.008522922039104265
conditional-fit-0008,axis1_general,1020,0.020278104380960886
conditional-fit-0008,axis1_general,1021,0.04325597353602839
conditional-fit-0008,axis1_general,1022,0.00018995941944789175
conditional-fit-0008,axis1_general,1023,0.031117866668652617
conditional-fit-0008,axis1_general,1024,0.002030889179723478
conditional-fit-0008,axis1_general,1025,0.1222171569129391
conditional-fit-0008,axis1_general,1026,0.020326525431912438
conditional-fit-0008,axis1_general,1027,0.004745785510400925
conditional-fit-0008,axis1_general,1028,0.002181979801748355
conditional-fit-0008,axis1_general,1029,0.007034080147657516
conditional-fit-0008,axis1_general,1030,4.8958171379132085e-05
conditional-fit-0008,axis1_general,1031,0.010066978498566932
conditional-fit-0008,axis1_general,1032,2.341213455311714e-06
conditional-fit-0008,axis1_general,1033,0.03449208292593903
conditional-fit-0008,axis1_general,1034,0.0006733638015020177
conditional-fit-0008,axis1_general,1035,0.008418485993134004
conditional-fit-0008,axis1_general,1036,0.005396758426311274
conditional-fit-0008,axis1_general,1037,1.2664358975675624e-06
conditional-fit-0008,axis1_general,1038,0.023056596929963098
conditional-fit-0008,axis1_general,1039,0.05128380803968288
conditional-fit-0008,axis1_general,1040,0.13525768470257196
conditional-fit-0008,axis1_general,1041,0.0378772295781309
conditional-fit-0008,axis1_general,1042,0.04895732661186783
conditional-fit-0008,axis1_general,1043,0.024606945911451888
conditional-fit-0008,axis1_general,1044,0.008311650045728
conditional-fit-0008,axis1_general,1045,0.0044315282216639135
conditional-fit-0008,axis1_general,1046,0.027675311343487635
conditional-fit-0008,axis1_general,1047,0.008208978643908758
conditional-fit-0008,axis1_general,1048,0.03132584239922274
conditional-fit-0008,axis1_general,1049,0.007993043358814865
conditional-fit-0008,axis1_general,1050,4.3026139322813165e-05
conditional-fit-0008,axis1_general,1051,0.035372468732613384
conditional-fit-0008,axis1_general,1052,0.013176318523643989
conditional-fit-0008,axis1_general,1053,0.03602366688876742
conditional-fit-0008,axis1_general,1054,0.02226815077411692
conditional-fit-0008,axis1_general,1055,0.05771924029677088
conditional-fit-0008,axis1_general,1056,0.09366198718564839
conditional-fit-0008,axis1_general,1057,0.053403282719783604
conditional-fit-0008,axis1_general,1058,0.046714204403645085
conditional-fit-0008,axis1_general,1059,0.13473245640050435
conditional-fit-0008,axis1_general,1060,0.024345407683545144
conditional-fit-0008,axis1_general,1061,0.23834391442353992
conditional-fit-0008,axis1_general,1062,1.612101882592774e-05
conditional-fit-0008,axis1_general,1063,0.09335452675312228
conditional-fit-0008,axis1_general,1064,0.07634904873648457
conditional-fit-0008,axis1_general,1065,0.016422810570163454
conditional-fit-0008,axis1_general,1066,0.021924748519063925
conditional-fit-0008,axis1_general,1067,0.02478505296442072
conditional-fit-0008,axis1_general,1068,0.04386636369246405
conditional-fit-0008,axis1_general,1069,0.3051297272447687
conditional-fit-0008,axis1_general,1070,0.038932889470366355
conditional-fit-0008,axis1_general,1071,0.01859568600124157
conditional-fit-0008,axis1_general,1072,0.034301340040908165
conditional-fit-0008,axis1_general,1073,0.020161085286060802
conditional-fit-0008,axis1_general,1074,0.18075468465312905
conditional-fit-0008,axis1_general,1075,0.0003744549811826533
conditional-fit-0008,axis1_general,1076,0.00029019551771429725
conditional-fit-0008,axis1_general,1077,0.01677498725995252
conditional-fit-0008,axis1_general,1078,0.00447269520755567
conditional-fit-0008,axis1_general,1079,4.065338399191193e-06
conditional-fit-0008,axis1_general,1080,0.00014443031946136117
conditional-fit-0008,axis1_general,1081,0.1711096179020688
conditional-fit-0008,axis1_general,1082,0.2707867610356793
conditional-fit-0008,axis1_general,1083,0.006999366179534654
conditional-fit-0008,axis1_general,1084,0.004365746061058638
conditional-fit-0008,axis1_general,1085,0.020395225732164658
conditional-fit-0008,axis1_general,1086,0.3499195149657955
conditional-fit-0008,axis1_general,1087,0.024811593801390995
conditional-fit-0008,axis1_general,1088,0.0003237552592272036
conditional-fit-0008,axis1_general,1089,0.002137968252238421
conditional-fit-0008,axis1_general,1090,0.02598441041999456
conditional-fit-0008,axis1_general,1091,0.022943957751858812
conditional-fit-0008,axis1_general,1092,0.05364008763482322
conditional-fit-0008,axis1_general,1093,0.10231483636641726
conditional-fit-0008,axis1_general,1094,0.0008456911412028903
conditional-fit-0008,axis1_general,1095,0.0010822075604553466
conditional-fit-0008,axis1_general,1096,0.006575400758742321
conditional-fit-0008,axis1_general,1097,4.6644946260831874e-05
conditional-fit-0008,axis1_general,1098,0.023298566556130808
conditional-fit-0008,axis1_general,1099,0.12028032017785843
conditional-fit-0008,axis1_general,1100,0.0025301697988864046
conditional-fit-0008,axis1_general,1101,0.0006620817373535381
conditional-fit-0008,axis1_general,1102,7.6041121955548956e-06
conditional-fit-0008,axis1_general,1103,0.0023832375485143046
conditional-fit-0008,axis1_general,1104,4.610965933216043e-05
conditional-fit-0008,axis1_general,1105,0.06623987944432444
conditional-fit-0008,axis1_general,1106,0.028585361905375157
conditional-fit-0008,axis1_general,1107,0.08785862535932007
conditional-fit-0008,axis1_general,1108,0.03860157075602124
conditional-fit-0008,axis1_general,1109,3.484142895135893e-05
conditional-fit-0008,axis1_general,1110,0.08822197888478604
conditional-fit-0008,axis1_general,1111,0.15521905103450023
conditional-fit-0008,axis1_general,1112,0.1261819786784821
conditional-fit-0008,axis1_general,1113,0.12989720076282787
conditional-fit-0008,axis1_general,1114,0.2317619340127578
conditional-fit-0008,axis1_general,1115,0.25453975363313486
conditional-fit-0008,axis1_general,1116,2.4538140120773882e-05
conditional-fit-0008,axis1_general,1117,0.012196285900847963
conditional-fit-0008,axis1_general,1118,0.010642831974749722
conditional-fit-0008,axis1_general,1119,0.09860549732549971
conditional-fit-0008,axis1_general,1120,1.7492939666374206e-05
conditional-fit-0008,axis1_general,1121,0.0008032707178115418
conditional-fit-0008,axis1_general,1122,0.009461106239184799
conditional-fit-0008,axis1_general,1123,0.018245743222338302
conditional-fit-0008,axis1_general,1124,0.11156089281240156
conditional-fit-0008,axis1_general,1125,0.05320607954903495
conditional-fit-0008,axis1_general,1126,0.00018755229247666437
conditional-fit-0008,axis1_general,1127,0.08459274628571051
conditional-fit-0008,axis1_general,1128,0.22442177552630865
conditional-fit-0008,axis1_general,1129,0.019018997404101366
conditional-fit-0008,axis1_general,1130,0.049803624480593216
conditional-fit-0008,axis1_general,1131,0.02131666407963971
conditional-fit-0008,axis1_general,1132,0.0146525162405354
conditional-fit-0008,axis1_general,1133,0.2918876557109315
conditional-fit-0008,axis1_general,1134,0.2740338428910531
conditional-fit-0008,axis1_general,1135,0.0030624741511957898
conditional-fit-0008,axis1_general,1136,0.9908947941658869
conditional-fit-0008,axis1_general,1137,0.04999108866377014
conditional-fit-0008,axis1_general,1138,0.0004957891855228555
conditional-fit-0008,axis1_general,1139,0.013804379959072646
conditional-fit-0008,axis1_general,1140,0.007370540761998706
conditional-fit-0008,axis1_general,1141,1.4940921810912142
conditional-fit-0008,axis1_general,1142,0.2148864932276169
conditional-fit-0008,axis1_general,1143,0.08429805631205356
conditional-fit-0008,axis1_general,1144,0.07844162014607926
conditional-fit-0008,axis1_general,1145,0.7534718778993231
conditional-fit-0008,axis1_general,1146,0.013179622514465413
conditional-fit-0008,axis1_general,1147,0.08110537368093695
conditional-fit-0008,axis1_general,1148,0.2861020696011902
conditional-fit-0008,axis1_general,1149,0.39634324231173323
conditional-fit-0008,axis1_general,1150,0.04984859874993662
conditional-fit-0008,axis1_general,1151,0.0002433522422889117
conditional-fit-0008,axis1_general,1152,0.02976088306810776
conditional-fit-0008,axis1_general,1153,0.05300052825515943
conditional-fit-0008,axis1_general,1154,0.05232947912871359
conditional-fit-0008,axis1_general,1155,0.04613861111366431
conditional-fit-0008,axis1_general,1156,0.03796208111649306
conditional-fit-0008,axis1_general,1157,0.04126800291658771
conditional-fit-0008,axis1_general,1158,0.0340486568308169
conditional-fit-0008,axis1_general,1159,0.036496919795988916
conditional-fit-0008,axis1_general,1160,0.17871613865015545
conditional-fit-0008,axis1_general,1161,0.03177643705015909
conditional-fit-0008,axis1_general,1162,0.10512183812242668
conditional-fit-0008,axis1_general,1163,0.010192848648864907
conditional-fit-0008,axis1_general,1164,0.0017061747641993101
conditional-fit-0008,axis1_general,1165,0.0015150763577023605
conditional-fit-0008,axis1_general,1166,0.1563473810351413
conditional-fit-0008,axis1_general,1167,0.5315610076125089
conditional-fit-0008,axis1_general,1168,0.02460035261859992
conditional-fit-0008,axis1_general,1169,0.08877128945672741
conditional-fit-0008,axis1_general,1170,0.05667399563809523
conditional-fit-0008,axis1_general,1171,0.08459747714156754
conditional-fit-0008,axis1_general,1172,0.07194330977955272
conditional-fit-0008,axis1_general,1173,0.059605287974910444
conditional-fit-0008,axis1_general,1174,0.0014843467412563455
conditional-fit-0008,axis1_general,1175,0.0062424559467274
conditional-fit-0008,axis1_general,1176,0.028411824999576934
conditional-fit-0008,axis1_general,1177,0.00045525718650059235
conditional-fit-0008,axis1_general,1178,0.0931857873340575
conditional-fit-0008,axis1_general,1179,0.12868743006429162
conditional-fit-0008,axis1_general,1180,0.019203805442607004
conditional-fit-0008,axis1_general,1181,4.075391527549238e-05
conditional-fit-0008,axis1_general,1182,0.00027165613620376165
conditional-fit-0008,axis1_general,1183,0.00015929157149292383
conditional-fit-0008,axis1_general,1184,0.0010137159290468534
conditional-fit-0008,axis1_general,1185,0.04511804369223129
conditional-fit-0008,axis1_general,1186,6.487913470890035e-05
conditional-fit-0008,axis1_general,1187,5.811608761963568e-05
conditional-fit-0008,axis1_general,1188,0.15315020145282168
conditional-fit-0008,axis1_general,1189,0.18605996050775359
conditional-fit-0008,axis1_general,1190,0.0723016030254511
conditional-fit-0008,axis1_general,1191,0.03566295583338004
conditional-fit-0008,axis1_general,1192,0.00024703838445495386
conditional-fit-0008,axis1_general,1193,0.023411113548754386
conditional-fit-0008,axis1_general,1194,0.00023805987290070646
conditional-fit-0008,axis1_general,1195,1.2555869558214914e-05
conditional-fit-0008,axis1_general,1196,0.11204570815934128
conditional-fit-0008,axis1_general,1197,0.0763940125347134
conditional-fit-0008,axis1_general,1198,0.03297117715630587
conditional-fit-0008,axis1_general,1199,0.04680856434853525
conditional-fit-0008,axis1_general,1200,0.09798609208030981
conditional-fit-0008,axis1_general,1201,0.5279815025459369
conditional-fit-0008,axis1_general,1202,0.4850769227727547
conditional-fit-0008,axis1_general,1203,0.058180138267200684
conditional-fit-0008,axis1_general,1204,0.0010063429010167544
conditional-fit-0008,axis1_general,1205,0.005526651042043728
conditional-fit-0008,axis1_general,1206,0.003431450891560145
conditional-fit-0008,axis1_general,1207,0.001217627061799949
conditional-fit-0008,axis1_general,1208,0.00011364604552586552
conditional-fit-0008,axis1_general,1209,0.0028225423384696862
conditional-fit-0008,axis1_general,1210,0.011827355754970535
conditional-fit-0008,axis1_general,1211,0.12763773540251416
conditional-fit-0008,axis1_general,1212,0.01094177960470045
conditional-fit-0008,axis1_general,1213,0.060476342680590385
conditional-fit-0008,axis1_general,1214,0.11119324628871811
conditional-fit-0008,axis1_general,1215,0.03019939148647457
conditional-fit-0008,axis1_general,1216,0.04165503427924348
conditional-fit-0008,axis1_general,1217,0.02731435163459741
conditional-fit-0008,axis1_general,1218,0.031975601640410356
conditional-fit-0008,axis1_general,1219,0.03496333818740232
conditional-fit-0008,axis1_general,1220,0.00024524221494779254
conditional-fit-0008,axis1_general,1221,0.02676146641184191
conditional-fit-0008,axis1_general,1222,0.00012015398370076848
conditional-fit-0008,axis1_general,1223,0.22626713996970182
conditional-fit-0008,axis1_general,1224,0.0006035751584021428
conditional-fit-0008,axis1_general,1225,0.02587788343347622
conditional-fit-0008,axis1_general,1226,0.04440081902086472
conditional-fit-0008,axis1_general,1227,0.031455046991512886
conditional-fit-0008,axis1_general,1228,0.5830571544420877
conditional-fit-0008,axis1_general,1229,0.005082329031114891
conditional-fit-0008,axis1_general,1230,0.027413385544489983
conditional-fit-0008,axis1_general,1231,0.004274269978636922
conditional-fit-0008,axis1_general,1232,0.015552636257586818
conditional-fit-0008,axis1_general,1233,0.06356328360235562
conditional-fit-0008,axis1_general,1234,0.06827905389800845
conditional-fit-0008,axis1_general,1235,0.03529405104917084
conditional-fit-0008,axis1_general,1236,0.006771028562454188
conditional-fit-0008,axis1_general,1237,0.020272236518923844
conditional-fit-0008,axis1_general,1238,0.10004421901001306
conditional-fit-0008,axis1_general,1239,0.020456572814035165
conditional-fit-0008,axis1_general,1240,0.017847434298675004
conditional-fit-0008,axis1_general,1241,0.02398413199653823
conditional-fit-0008,axis1_general,1242,0.00842401028341354
conditional-fit-0008,axis1_general,1243,0.06302324458217484
conditional-fit-0008,axis1_general,1244,0.13505457069676366
conditional-fit-0008,axis1_general,1245,0.003997940960834341
conditional-fit-0008,axis1_general,1246,0.0033160547144538725
conditional-fit-0008,axis1_general,1247,0.0004693163952722393
conditional-fit-0008,axis1_general,1248,0.010691608493528288
conditional-fit-0008,axis1_general,1249,0.017389915871780834
conditional-fit-0008,axis1_general,1250,0.05065829444650406
conditional-fit-0008,axis1_general,1251,0.0747699485390829
conditional-fit-0008,axis1_general,1252,0.03384416799779971
conditional-fit-0008,axis1_general,1253,0.18090648209038426
conditional-fit-0008,axis1_general,1254,0.032512125906073455
conditional-fit-0008,axis1_general,1255,0.04547141128068634
conditional-fit-0008,axis1_general,1256,0.10961106831833652
conditional-fit-0008,axis1_general,1257,0.004492284609407154
conditional-fit-0008,axis1_general,1258,0.006474169127156908
conditional-fit-0008,axis1_general,1259,0.020312810893434396
conditional-fit-0008,axis1_general,1260,0.00010547301778667122
conditional-fit-0008,axis1_general,1261,0.004550763806058087
conditional-fit-0008,axis1_general,1262,0.003947550026722946
conditional-fit-0008,axis1_general,1263,0.012053851351450776
conditional-fit-0008,axis1_general,1264,0.0006544007827690686
conditional-fit-0008,axis1_general,1265,0.008637298458132922
conditional-fit-0008,axis1_general,1266,4.727745089810251e-06
conditional-fit-0008,axis1_general,1267,2.6094391266510797e-06
conditional-fit-0008,axis1_general,1268,0.04209802233264129
conditional-fit-0008,axis1_general,1269,0.09568751938448439
conditional-fit-0008,axis1_general,1270,0.017986382197575285
conditional-fit-0008,axis1_general,1271,0.025225066117800034
conditional-fit-0008,axis1_general,1272,0.0006759182285929527
conditional-fit-0008,axis1_general,1273,0.032894590252798804
conditional-fit-0008,axis1_general,1274,0.0022449101672446124
conditional-fit-0008,axis1_general,1275,0.033817392375688114
conditional-fit-0008,axis1_general,1276,0.01067125028654109
conditional-fit-0008,axis1_general,1277,0.0076878067636688115
conditional-fit-0008,axis1_general,1278,0.022716839446498625
conditional-fit-0008,axis1_general,1279,0.06358887371489494
conditional-fit-0008,axis1_general,1280,0.02459780363047406
conditional-fit-0008,axis1_general,1281,0.021021490419276923
conditional-fit-0008,axis1_general,1282,0.015810238444629744
conditional-fit-0008,axis1_general,1283,0.017827292137146178
conditional-fit-0008,axis1_general,1284,0.10805593855559728
conditional-fit-0008,axis1_general,1285,0.1261269520385765
conditional-fit-0008,axis1_general,1286,0.024890383403980004
conditional-fit-0008,axis1_general,1287,0.0019240297525087559
conditional-fit-0008,axis1_general,1288,8.235922576252012e-06
conditional-fit-0008,axis1_general,1289,0.008398521475972408
conditional-fit-0008,axis1_general,1290,0.007336087812755658
conditional-fit-0008,axis1_general,1291,0.082325853516958
conditional-fit-0008,axis1_general,1292,0.0034848130950612044
conditional-fit-0008,axis1_general,1293,0.01549631200019818
conditional-fit-0008,axis1_general,1294,0.014187604202322686
conditional-fit-0008,axis1_general,1295,0.06199094910734379
conditional-fit-0008,axis1_general,1296,0.020032443021391223
conditional-fit-0008,axis1_general,1297,0.0001704957726269554
conditional-fit-0008,axis1_general,1298,0.013392799703746495
conditional-fit-0008,axis1_general,1299,0.06858967267395978
conditional-fit-0008,axis1_general,1300,0.05773059154119581
conditional-fit-0008,axis1_general,1301,0.04759965659790131
conditional-fit-0008,axis1_general,1302,0.04127353122698158
conditional-fit-0008,axis1_general,1303,0.665841557457069
conditional-fit-0008,axis1_general,1304,0.00044962009335362043
conditional-fit-0008,axis1_general,1305,4.879033673023972e-05
conditional-fit-0008,axis1_general,1306,0.011923275434177275
conditional-fit-0008,axis1_general,1307,0.07545794224364585
conditional-fit-0008,axis1_general,1308,0.08815418261128127
conditional-fit-0008,axis1_general,1309,0.05272019169141684
conditional-fit-0008,axis1_general,1310,0.03312318630920509
conditional-fit-0008,axis1_general,1311,0.00630009989767602
conditional-fit-0008,axis1_general,1312,0.020949563407966797
conditional-fit-0008,axis1_general,1313,0.07300304469056193
conditional-fit-0008,axis1_general,1314,0.14008024338807804
conditional-fit-0008,axis1_general,1315,0.0005960610299918756
conditional-fit-0008,axis1_general,1316,0.017030218350323582
conditional-fit-0008,axis1_general,1317,0.0794628832233015
conditional-fit-0008,axis1_general,1318,0.020841656810943188
conditional-fit-0008,axis1_general,1319,0.07798445446667006
conditional-fit-0008,axis1_general,1320,0.0023482162709752294
conditional-fit-0008,axis1_general,1321,0.004065164107840023
conditional-fit-0008,axis1_general,1322,0.218087519919478
conditional-fit-0008,axis1_general,1323,0.006436553423521362
conditional-fit-0008,axis1_general,1324,0.06954358202254284
conditional-fit-0008,axis1_general,1325,0.26511990905164173
conditional-fit-0008,axis1_general,1326,0.10439493319666289
conditional-fit-0008,axis1_general,1327,0.016893128404319113
conditional-fit-0008,axis1_general,1328,0.04321572930853197
conditional-fit-0008,axis1_general,1329,0.03977231626433511
conditional-fit-0008,axis1_general,1330,0.0002774489738772176
conditional-fit-0008,axis1_general,1331,0.02107408348708745
conditional-fit-0008,axis1_general,1332,0.05621433471161925
conditional-fit-0008,axis1_general,1333,0.050104802512498846
conditional-fit-0008,axis1_general,1334,0.09255928459582138
conditional-fit-0008,axis1_general,1335,0.04643698988439911
conditional-fit-0008,axis1_general,1336,0.04196383534306934
conditional-fit-0008,axis1_general,1337,0.00467841034932042
conditional-fit-0008,axis1_general,1338,0.04788648074241179
conditional-fit-0008,axis1_general,1339,0.01167203717830918
conditional-fit-0008,axis1_general,1340,0.008574664889691769
conditional-fit-0008,axis1_general,1341,0.02560788753301725
conditional-fit-0008,axis1_general,1342,0.01927175493508465
conditional-fit-0008,axis1_general,1343,0.032248005819463146
conditional-fit-0008,axis1_general,1344,4.800170535888973e-05
conditional-fit-0008,axis1_general,1345,0.004734186157267662
conditional-fit-0008,axis1_general,1346,0.028932074819605136
conditional-fit-0008,axis1_general,1347,0.029569537467865337
conditional-fit-0008,axis1_general,1348,0.010106393473089373
conditional-fit-0008,axis1_general,1349,0.02682103723131349
conditional-fit-0008,axis1_general,1350,0.010742585051883238
conditional-fit-0008,axis1_general,1351,0.008776569108052877
conditional-fit-0008,axis1_general,1352,0.00863055338475115
conditional-fit-0008,axis1_general,1353,0.01910348288277457
conditional-fit-0008,axis1_general,1354,0.001821279407824215
conditional-fit-0008,axis1_general,1355,0.0570282051370127
conditional-fit-0008,axis1_general,1356,0.04792594161656853
conditional-fit-0008,axis1_general,1357,0.09510613960109812
conditional-fit-0008,axis1_general,1358,0.060294904806728375
conditional-fit-0008,axis1_general,1359,0.07769429397875419
conditional-fit-0008,axis1_general,1360,0.0018865004930503984
conditional-fit-0008,axis1_general,1361,0.04219184261851766
conditional-fit-0008,axis1_general,1362,0.14975179186479048
conditional-fit-0008,axis1_general,1363,0.13422492719719678
conditional-fit-0008,axis1_general,1364,4.019321635566742e-05
conditional-fit-0008,axis1_general,1365,0.03823126949627055
conditional-fit-0008,axis1_general,1366,0.10314962435393232
conditional-fit-0008,axis1_general,1367,0.020686174408647465
conditional-fit-0008,axis1_general,1368,0.04004270813383047
conditional-fit-0008,axis1_general,1369,0.04207870687746482
conditional-fit-0008,axis1_general,1370,0.13651363438822595
conditional-fit-0008,axis1_general,1371,0.046710395040592906
conditional-fit-0008,axis1_general,1372,0.08826695965365676
conditional-fit-0008,axis1_general,1373,0.02365033926571003
conditional-fit-0008,axis1_general,1374,0.01717306581953347
conditional-fit-0008,axis1_general,1375,0.01911270852292289
conditional-fit-0008,axis1_general,1376,0.046709987485211636
conditional-fit-0008,axis1_general,1377,0.021896607363308937
conditional-fit-0008,axis1_general,1378,0.042473415438374316
conditional-fit-0008,axis1_general,1379,0.028592916552234095
conditional-fit-0008,axis1_general,1380,0.002408673632776824
conditional-fit-0008,axis1_general,1381,0.003983670613071581
conditional-fit-0008,axis1_general,1382,4.525127333193255e-06
conditional-fit-0008,axis1_general,1383,3.572302390314276e-05
conditional-fit-0008,axis1_general,1384,0.027502448976217737
conditional-fit-0008,axis1_general,1385,0.02358912585113896
conditional-fit-0008,axis1_general,1386,0.00018424682444364326
conditional-fit-0008,axis1_general,1387,0.05070175815348235
conditional-fit-0008,axis1_general,1388,0.08297194081341284
conditional-fit-0008,axis1_general,1389,0.09254729724191561
conditional-fit-0008,axis1_general,1390,0.2674906050946059
conditional-fit-0008,axis1_general,1391,0.0007632831894080162
conditional-fit-0008,axis1_general,1392,0.05265333158717533
conditional-fit-0008,axis1_general,1393,0.0725897624060646
conditional-fit-0008,axis1_general,1394,0.018007645270468983
conditional-fit-0008,axis1_general,1395,0.0035286659650695263
conditional-fit-0008,axis1_general,1396,0.001955075483526308
conditional-fit-0008,axis1_general,1397,0.04290157008455572
conditional-fit-0008,axis1_general,1398,0.032243131292411464
conditional-fit-0008,axis1_general,1399,0.10254276973454157
conditional-fit-0008,axis1_general,1400,0.05471458380682465
conditional-fit-0008,axis1_general,1401,0.03345901372919294
conditional-fit-0008,axis1_general,1402,0.014432133616679842
conditional-fit-0008,axis1_general,1403,0.007155540787910041
conditional-fit-0008,axis1_general,1404,0.01298378222976991
conditional-fit-0008,axis1_general,1405,0.06270814975419046
conditional-fit-0008,axis1_general,1406,0.02114887722704996
conditional-fit-0008,axis1_general,1407,0.06270649853113677
conditional-fit-0008,axis1_general,1408,0.022307479647389505
conditional-fit-0008,axis1_general,1409,0.02460017465519279
conditional-fit-0008,axis1_general,1410,0.0022359900943975334
conditional-fit-0008,axis1_general,1411,0.03932871568403249
conditional-fit-0008,axis1_general,1412,0.0617663239925204
conditional-fit-0008,axis1_general,1413,0.006229587949328524
conditional-fit-0008,axis1_general,1414,0.0005226196624543335
conditional-fit-0008,axis1_general,1415,1.10157557752868e-05
conditional-fit-0008,axis1_general,1416,0.0006566924422172405
conditional-fit-0008,axis1_general,1417,0.0036188324930137945
conditional-fit-0008,axis1_general,1418,2.1953780499232203e-06
conditional-fit-0008,axis1_general,1419,0.0008041661344242992
conditional-fit-0008,axis1_general,1420,0.031383138256227905
conditional-fit-0008,axis1_general,1421,5.7068941569951215e-05
conditional-fit-0008,axis1_general,1422,9.854454035427059e-05
conditional-fit-0008,axis1_general,1423,0.026928714989363993
conditional-fit-0008,axis1_general,1424,0.013638741142649721
conditional-fit-0008,axis1_general,1425,0.008514947796425457
conditional-fit-0008,axis1_general,1426,0.0010229805958896195
conditional-fit-0008,axis1_general,1427,0.06777449718364893
conditional-fit-0008,axis1_general,1428,0.10405655699188257
conditional-fit-0008,axis1_general,1429,0.04836421410155063
conditional-fit-0008,axis1_general,1430,0.03244552982522635
conditional-fit-0008,axis1_general,1431,0.041368914720980636
conditional-fit-0008,axis1_general,1432,0.02502735451767825
conditional-fit-0008,axis1_general,1433,0.0012124067374238443
conditional-fit-0008,axis1_general,1434,0.019211746088448684
conditional-fit-0008,axis1_general,1435,0.07515230791751858
conditional-fit-0008,axis1_general,1436,0.012888778797408837
conditional-fit-0008,axis1_general,1437,0.05150217897918419
conditional-fit-0008,axis1_general,1438,0.003200604214805765
conditional-fit-0008,axis1_general,1439,0.01071133910587522
conditional-fit-0008,axis1_general,1440,0.010234969579597838
conditional-fit-0008,axis1_general,1441,0.00300307294751047
conditional-fit-0008,axis1_general,1442,0.032651980576677286
conditional-fit-0008,axis1_general,1443,0.013760871529546925
conditional-fit-0008,axis1_general,1444,0.10387853750549167
conditional-fit-0008,axis1_general,1445,0.011636406132984443
conditional-fit-0008,axis1_general,1446,0.007578205058837797
conditional-fit-0008,axis1_general,1447,0.013165879451049835
conditional-fit-0008,axis1_general,1448,0.038726864840973964
conditional-fit-0008,axis1_general,1449,0.03330025708078016
conditional-fit-0008,axis1_general,1450,0.040099988761651495
conditional-fit-0008,axis1_general,1451,0.04985147044039025
conditional-fit-0008,axis1_general,1452,0.00015990551391325774
conditional-fit-0008,axis1_general,1453,0.15340790295499046
conditional-fit-0008,axis1_general,1454,0.013300052465453563
conditional-fit-0008,axis1_general,1455,0.050569285428834564
conditional-fit-0008,axis1_general,1456,0.004053580471582292
conditional-fit-0008,axis1_general,1457,0.014551600669145267
conditional-fit-0008,axis1_general,1458,0.015779761892746
conditional-fit-0008,axis1_general,1459,0.03456309626083103
conditional-fit-0008,axis1_general,1460,0.0013657070515704331
conditional-fit-0008,axis1_general,1461,0.00570570523694388
conditional-fit-0008,axis1_general,1462,0.021739240502596915
conditional-fit-0008,axis1_general,1463,0.016299364630210728
conditional-fit-0008,axis1_general,1464,0.0023755325531090443
conditional-fit-0008,axis1_general,1465,5.440509561576033e-06
conditional-fit-0008,axis1_general,1466,0.0003693469975663492
conditional-fit-0008,axis1_general,1467,0.0016006792779378566
conditional-fit-0008,axis1_general,1468,3.309949182172994e-05
conditional-fit-0008,axis1_general,1469,0.007309932596854002
conditional-fit-0008,axis1_general,1470,0.05770654083187303
conditional-fit-0008,axis1_general,1471,0.00011811012923524576
conditional-fit-0008,axis1_general,1472,0.029351755997259723
conditional-fit-0008,axis1_general,1473,0.023111261615926457
conditional-fit-0008,axis1_general,1474,0.030985629968553814
conditional-fit-0008,axis1_general,1475,0.06686961635429649
conditional-fit-0008,axis1_general,1476,0.021020852254338578
conditional-fit-0008,axis1_general,1477,0.0365247164182681
conditional-fit-0008,axis1_general,1478,0.02221021348807023
conditional-fit-0008,axis1_general,1479,0.007418088880352006
conditional-fit-0008,axis1_general,1480,0.042642672154593136
conditional-fit-0008,axis1_general,1481,0.033178149512007704
conditional-fit-0008,axis1_general,1482,0.009254977635576488
conditional-fit-0008,axis1_general,1483,0.0031147665914961135
conditional-fit-0008,axis1_general,1484,0.0021161764074043524
conditional-fit-0008,axis1_general,1485,0.008578498381408485
conditional-fit-0008,axis1_general,1486,0.037167052624144485
conditional-fit-0008,axis1_general,1487,0.055287023423766186
conditional-fit-0008,axis1_general,1488,0.0036243769403001003
conditional-fit-0008,axis1_general,1489,0.009546988320357552
conditional-fit-0008,axis1_general,1490,0.006996732920487028
conditional-fit-0008,axis1_general,1491,0.024858369959959655
conditional-fit-0008,axis1_general,1492,0.003943168064019955
conditional-fit-0008,axis1_general,1493,0.020715663182959164
conditional-fit-0008,axis1_general,1494,0.02784641735309089
conditional-fit-0008,axis1_general,1495,0.007247156423184803
conditional-fit-0008,axis1_general,1496,0.027873367222057244
conditional-fit-0008,axis1_general,1497,0.01991352418177105
conditional-fit-0008,axis1_general,1498,0.010513794910425108
conditional-fit-0008,axis1_general,1499,0.02350134297843028
conditional-fit-0008,axis1_general,1500,0.015004034458800546
conditional-fit-0008,axis1_general,1501,0.050511429915932146
conditional-fit-0008,axis1_general,1502,0.06169558071673767
conditional-fit-0008,axis1_general,1503,0.01760078239762344
conditional-fit-0008,axis1_general,1504,0.09723108697417047
conditional-fit-0008,axis1_general,1505,0.018972071375956776
conditional-fit-0008,axis1_general,1506,0.04799868806279771
conditional-fit-0008,axis1_general,1507,0.031687257976937236
conditional-fit-0008,axis1_general,1508,0.04349247277639561
conditional-fit-0008,axis1_general,1509,0.05154343063165795
conditional-fit-0008,axis1_general,1510,0.04683065736940117
conditional-fit-0008,axis1_general,1511,0.09771800923550795
conditional-fit-0008,axis1_general,1512,0.11559787994721003
conditional-fit-0008,axis1_general,1513,0.0012963677446319226
conditional-fit-0008,axis1_general,1514,0.03779959498489849
conditional-fit-0008,axis1_general,1515,0.0008293425666532172
conditional-fit-0008,axis1_general,1516,0.004504207845453885
conditional-fit-0008,axis1_general,1517,0.007750503618475089
conditional-fit-0008,axis1_general,1518,0.01577318588677263
conditional-fit-0008,axis1_general,1519,0.05573784855294111
conditional-fit-0008,axis1_general,1520,0.006269394967600496
conditional-fit-0008,axis1_general,1521,0.020683443724293208
conditional-fit-0008,axis1_general,1522,0.01038987150745265
conditional-fit-0008,axis1_general,1523,0.009161268059767927
conditional-fit-0008,axis1_general,1524,0.008156277323574664
conditional-fit-0008,axis1_general,1525,0.00011343109232888091
conditional-fit-0008,axis1_general,1526,0.0208080047429152
conditional-fit-0008,axis1_general,1527,0.007827234628915308
conditional-fit-0008,axis1_general,1528,0.012443861491286595
conditional-fit-0008,axis1_general,1529,0.01268925787280087
conditional-fit-0008,axis1_general,1530,0.013622288268655528
conditional-fit-0008,axis1_general,1531,0.01863103418250673
conditional-fit-0008,axis1_general,1532,0.025279519713966705
conditional-fit-0008,axis1_general,1533,0.007616033271262118
conditional-fit-0008,axis1_general,1534,0.03104600054368896
conditional-fit-0008,axis1_general,1535,0.01368414688506539
conditional-fit-0008,axis1_general,1536,0.016801539245210925
conditional-fit-0008,axis1_general,1537,0.009142046746484868
conditional-fit-0008,axis1_general,1538,0.013036966699125267
conditional-fit-0008,axis1_general,1539,0.010342829974723827
conditional-fit-0008,axis1_general,1540,0.038543830927220434
conditional-fit-0008,axis1_general,1541,0.011316472249207597
conditional-fit-0008,axis1_general,1542,0.022621465480986966
conditional-fit-0008,axis1_general,1543,0.006304148004774378
conditional-fit-0008,axis1_general,1544,0.0004322310267179168
conditional-fit-0008,axis1_general,1545,0.02242247550246039
conditional-fit-0008,axis1_general,1546,0.02112567066168796
conditional-fit-0008,axis1_general,1547,0.017717902943170348
conditional-fit-0008,axis1_general,1548,0.01317591574386559
conditional-fit-0008,axis1_general,1549,0.04082800969078733
conditional-fit-0008,axis1_general,1550,0.00876170224362754
conditional-fit-0008,axis1_general,1551,0.01912366754994489
conditional-fit-0008,axis1_general,1552,0.0661252067472563
conditional-fit-0008,axis1_general,1553,0.00919296814063849
conditional-fit-0008,axis1_general,1554,0.016654512716863724
conditional-fit-0008,axis1_general,1555,0.043628429728191635
conditional-fit-0008,axis1_general,1556,0.018087671193233252
conditional-fit-0008,axis1_general,1557,0.0004017150900130779
conditional-fit-0008,axis1_general,1558,0.00029084771618048937
conditional-fit-0008,axis1_general,1559,0.007946001833230604
conditional-fit-0008,axis1_general,1560,0.009594103545346096
conditional-fit-0008,axis1_general,1561,0.01861601336658119
conditional-fit-0008,axis1_general,1562,0.02290082327456049
conditional-fit-0008,axis1_general,1563,0.0263787802472225
conditional-fit-0008,axis1_general,1564,0.011474934028239153
conditional-fit-0008,axis1_general,1565,0.027572769390619978
conditional-fit-0008,axis1_general,1566,0.022834029682188443
conditional-fit-0008,axis1_general,1567,0.03409292783321889
conditional-fit-0008,axis1_general,1568,0.016605749483294192
conditional-fit-0008,axis1_general,1569,0.019022397084693027
conditional-fit-0008,axis1_general,1570,5.137308171360353e-06
conditional-fit-0008,axis1_general,1571,2.1305786421818274e-05
conditional-fit-0008,axis1_general,1572,0.011594243518625503
conditional-fit-0008,axis1_general,1573,0.0342208740737536
conditional-fit-0008,axis1_general,1574,0.00408739879855621
conditional-fit-0008,axis1_general,1575,0.005541285846956089
conditional-fit-0008,axis1_general,1576,0.0017914421966488995
conditional-fit-0008,axis1_general,1577,1.7996649590865116e-05
conditional-fit-0008,axis1_general,1578,0.0061769678689764865
conditional-fit-0008,axis1_general,1579,0.0032098735042836806
conditional-fit-0008,axis1_general,1580,0.023137141895159592
conditional-fit-0008,axis1_general,1581,0.025218250278063563
conditional-fit-0008,axis1_general,1582,0.026235897004945365
conditional-fit-0008,axis1_general,1583,0.000676646720091049
conditional-fit-0008,axis1_general,1584,0.0239013240432367
conditional-fit-0008,axis1_general,1585,0.13313496420177362
conditional-fit-0008,axis1_general,1586,9.70781889501591e-05
conditional-fit-0008,axis1_general,1587,0.005291782483677027
conditional-fit-0008,axis1_general,1588,0.021149918675796166
conditional-fit-0008,axis1_general,1589,0.05838124688639741
conditional-fit-0008,axis1_general,1590,0.0014247380800231435
conditional-fit-0008,axis1_general,1591,0.009173621881353646
conditional-fit-0008,axis1_general,1592,0.01099268438123381
conditional-fit-0008,axis1_general,1593,0.04797136782180941
conditional-fit-0008,axis1_general,1594,0.006818869180642961
conditional-fit-0008,axis1_general,1595,0.00965374495918402
conditional-fit-0008,axis1_general,1596,0.014674037037508978
conditional-fit-0008,axis1_general,1597,0.08360169066711587
conditional-fit-0008,axis1_general,1598,0.18369389533683722
conditional-fit-0008,axis1_general,1599,0.14132422849701595
conditional-fit-0008,axis1_general,1600,0.017214891144321537
conditional-fit-0008,axis1_general,1601,0.060451911166284046
conditional-fit-0008,axis1_general,1602,0.04509808525578607
conditional-fit-0008,axis1_general,1603,0.02929731443553693
conditional-fit-0008,axis1_general,1604,0.016646311959039196
conditional-fit-0008,axis1_general,1605,0.0009480708835629065
conditional-fit-0008,axis1_general,1606,4.824889858850278e-06
conditional-fit-0008,axis1_general,1607,0.04097235613700137
conditional-fit-0008,axis1_general,1608,0.03279233618980909
conditional-fit-0008,axis1_general,1609,0.11853759518279766
conditional-fit-0008,axis1_general,1610,0.02251062441595703
conditional-fit-0008,axis1_general,1611,0.042965116436481
conditional-fit-0008,axis1_general,1612,0.007905878103577239
conditional-fit-0008,axis1_general,1613,0.11082910191574648
conditional-fit-0008,axis1_general,1614,0.013095501978407722
conditional-fit-0008,axis1_general,1615,0.020964162800448244
conditional-fit-0008,axis1_general,1616,0.030632044227270186
conditional-fit-0008,axis1_general,1617,0.011391140138845275
conditional-fit-0008,axis1_general,1618,0.022597693077345368
conditional-fit-0008,axis1_general,1619,0.011801470180089174
conditional-fit-0008,axis1_general,1620,0.02811967042329721
conditional-fit-0008,axis1_general,1621,0.034918837429069725
conditional-fit-0008,axis1_general,1622,0.011901383942506746
conditional-fit-0008,axis1_general,1623,9.568082900169557e-05
conditional-fit-0008,axis1_general,1624,0.028471316802387823
conditional-fit-0008,axis1_general,1625,3.4287230951590655e-05
conditional-fit-0008,axis1_general,1626,0.010058382158518259
conditional-fit-0008,axis1_general,1627,0.0489869833810704
conditional-fit-0008,axis1_general,1628,0.00869876455449615
conditional-fit-0008,axis1_general,1629,0.06911875078018376
conditional-fit-0008,axis1_general,1630,0.0112808700642425
conditional-fit-0008,axis1_general,1631,0.0018384471349585814
conditional-fit-0008,axis1_general,1632,0.002300702638450817
conditional-fit-0008,axis1_general,1633,0.02104279155987086
conditional-fit-0008,axis1_general,1634,0.0015996286772512244
conditional-fit-0008,axis1_general,1635,0.005114617483528366
conditional-fit-0008,axis1_general,1636,0.067182765347728
conditional-fit-0008,axis1_general,1637,0.05516369742960908
conditional-fit-0008,axis1_general,1638,0.02772876737444071
conditional-fit-0008,axis1_general,1639,0.021138113989750764
conditional-fit-0008,axis1_general,1640,0.014294265974369075
conditional-fit-0008,axis1_general,1641,0.3737365907524911
conditional-fit-0008,axis1_general,1642,0.38738845075491335
conditional-fit-0008,axis1_general,1643,0.1332396306628887
conditional-fit-0008,axis1_general,1644,0.007914980793727088
conditional-fit-0008,axis1_general,1645,0.06512199069692479
conditional-fit-0008,axis1_general,1646,1.0014249663510492e-05
conditional-fit-0008,axis1_general,1647,0.00013804697102604775
conditional-fit-0008,axis1_general,1648,0.05242495858875452
conditional-fit-0008,axis1_general,1649,0.01613548325056909
conditional-fit-0008,axis1_general,1650,0.025187755243097916
conditional-fit-0008,axis1_general,1651,0.00516752463942256
conditional-fit-0008,axis1_general,1652,0.08187991352363
conditional-fit-0008,axis1_general,1653,0.006744145219667853
conditional-fit-0008,axis1_general,1654,0.004827672062810632
conditional-fit-0008,axis1_general,1655,1.87169396832676e-07
conditional-fit-0008,axis1_general,1656,2.761930791475923e-05
conditional-fit-0008,axis1_general,1657,0.30371111336392315
conditional-fit-0008,axis1_general,1658,0.04111078645248868
conditional-fit-0008,axis1_general,1659,1.69110221472931e-05
conditional-fit-0008,axis1_general,1660,2.2146673829578345e-05
conditional-fit-0008,axis1_general,1661,6.254565110208169e-05
conditional-fit-0008,axis1_general,1662,0.001961897194800624
conditional-fit-0008,axis1_general,1663,4.781226412493108e-05
conditional-fit-0008,axis1_general,1664,0.006223020992590024
conditional-fit-0008,axis1_general,1665,0.03034834881595535
conditional-fit-0008,axis1_general,1666,0.39573529183408734
conditional-fit-0008,axis1_general,1667,0.00018917714908692372
conditional-fit-0008,axis1_general,1668,0.0024852158792293072
conditional-fit-0008,axis1_general,1669,0.0017697185285811324
conditional-fit-0008,axis1_general,1670,0.003802902979267291
conditional-fit-0008,axis1_general,1671,0.025900479741290616
conditional-fit-0008,axis1_general,1672,0.0298658771823877
conditional-fit-0008,axis1_general,1673,0.04378835523077782
conditional-fit-0008,axis1_general,1674,0.031091755457958784
conditional-fit-0008,axis1_general,1675,0.010717948556941036
conditional-fit-0008,axis1_general,1676,0.005086858063466317
conditional-fit-0008,axis1_general,1677,0.0015688866130393296
conditional-fit-0008,axis1_general,1678,0.053170910277473296
conditional-fit-0008,axis1_general,1679,0.00013648147575193032
conditional-fit-0008,axis1_general,1680,9.655098608601844e-05
conditional-fit-0008,axis1_general,1681,0.008311482121544714
conditional-fit-0008,axis1_general,1682,0.006075988996155667
conditional-fit-0008,axis1_general,1683,0.04006042440951936
conditional-fit-0008,axis1_general,1684,0.006040867924442887
conditional-fit-0008,axis1_general,1685,7.731456853064145e-05
conditional-fit-0008,axis1_general,1686,0.05836805362796492
conditional-fit-0008,axis1_general,1687,0.025640292954749268
conditional-fit-0008,axis1_general,1688,0.031102297522951093
conditional-fit-0008,axis1_general,1689,0.06254329196246229
conditional-fit-0008,axis1_general,1690,0.028682091204567058
conditional-fit-0008,axis1_general,1691,0.014645362347710838
conditional-fit-0008,axis1_general,1692,0.01245642403084371
conditional-fit-0008,axis1_general,1693,0.00509521759356394
conditional-fit-0008,axis1_general,1694,9.752553406818591e-05
conditional-fit-0008,axis1_general,1695,0.00039334783833914946
conditional-fit-0008,axis1_general,1696,0.027121221172889176
conditional-fit-0008,axis1_general,1697,0.07731571640324378
conditional-fit-0008,axis1_general,1698,0.19020472578478156
conditional-fit-0008,axis1_general,1699,0.013151057288750595
conditional-fit-0008,axis1_general,1700,0.0026306738899021125
conditional-fit-0008,axis1_general,1701,0.011110608155204215
conditional-fit-0008,axis1_general,1702,2.5304259755475706e-06
conditional-fit-0008,axis1_general,1703,2.535375810350025e-06
conditional-fit-0008,axis1_general,1704,0.006851023242558249
conditional-fit-0008,axis1_general,1705,0.21977391687520934
conditional-fit-0008,axis1_general,1706,0.47019611223579727
conditional-fit-0008,axis1_general,1707,0.3917415470431809
conditional-fit-0008,axis1_general,1708,1.1399202026404613
conditional-fit-0008,axis1_general,1709,0.2275835907255219
conditional-fit-0008,axis1_general,1710,0.1252597088728815
conditional-fit-0008,axis1_general,1711,0.6027893324474523
conditional-fit-0008,axis1_general,1712,0.07766637705855589
conditional-fit-0008,axis1_general,1713,0.027165141783444417
conditional-fit-0008,axis1_general,1714,0.2549009162488009
conditional-fit-0008,axis1_general,1715,0.09687705083172694
conditional-fit-0008,axis1_general,1716,0.02359076466294295
conditional-fit-0008,axis1_general,1717,0.00018092567921505634
conditional-fit-0008,axis1_general,1718,0.13670203159005864
conditional-fit-0008,axis1_general,1719,0.01826769349794432
conditional-fit-0008,axis1_general,1720,0.03780654849301949
conditional-fit-0008,axis1_general,1721,0.0176393058255696
conditional-fit-0008,axis1_general,1722,0.006652361018816284
conditional-fit-0008,axis1_general,1723,0.0002932050379424072
conditional-fit-0008,axis1_general,1724,0.32276110015129866
conditional-fit-0008,axis1_general,1725,0.21498098462749635
conditional-fit-0008,axis1_general,1726,0.08757483898734437
conditional-fit-0008,axis1_general,1727,0.06748486925108788
conditional-fit-0008,axis1_general,1728,0.04961090716646102
conditional-fit-0008,axis1_general,1729,0.021034711896119957
conditional-fit-0008,axis1_general,1730,0.015493961891766573
conditional-fit-0008,axis1_general,1731,0.05026684044230689
conditional-fit-0008,axis1_general,1732,0.13301609235024126
conditional-fit-0008,axis1_general,1733,0.19895248503261903
conditional-fit-0008,axis1_general,1734,0.04793316207580939
conditional-fit-0008,axis1_general,1735,0.035653452494321364
conditional-fit-0008,axis1_general,1736,0.0005328978107063305
conditional-fit-0008,axis1_general,1737,0.08097988429584249
conditional-fit-0008,axis1_general,1738,0.005628355093217636
conditional-fit-0008,axis1_general,1739,0.026512594565824207
conditional-fit-0008,axis1_general,1740,0.027603027542249005
conditional-fit-0008,axis1_general,1741,0.00015288796633411753
conditional-fit-0008,axis1_general,1742,0.0003038900775717754
conditional-fit-0008,axis1_general,1743,0.020410867364322578
conditional-fit-0008,axis1_general,1744,0.03506599477842441
conditional-fit-0008,axis1_general,1745,0.00021538735897118003
conditional-fit-0008,axis1_general,1746,0.005728604238766368
conditional-fit-0008,axis1_general,1747,0.33996304356396295
conditional-fit-0008,axis1_general,1748,0.12160745916805413
conditional-fit-0008,axis1_general,1749,0.07317687511586843
conditional-fit-0008,axis1_general,1750,0.014380557563377767
conditional-fit-0008,axis1_general,1751,0.04795777018471483
conditional-fit-0008,axis1_general,1752,0.032337143257003584
conditional-fit-0008,axis1_general,1753,0.017589003033975016
conditional-fit-0008,axis1_general,1754,0.033077093823943644
conditional-fit-0008,axis1_general,1755,0.0008420826618568155
conditional-fit-0008,axis1_general,1756,0.09890229819447055
conditional-fit-0008,axis1_general,1757,0.006355176936323807
conditional-fit-0008,axis1_general,1758,0.024018275985520504
conditional-fit-0008,axis1_general,1759,0.02049479208399397
conditional-fit-0008,axis1_general,1760,0.010268896471861376
conditional-fit-0008,axis1_general,1761,0.0016826388219460505
conditional-fit-0008,axis1_general,1762,6.942202152547864e-05
conditional-fit-0008,axis1_general,1763,0.026346617435419627
conditional-fit-0008,axis1_general,1764,0.0055533501829730676
conditional-fit-0008,axis1_general,1765,0.0074461464019940395
conditional-fit-0008,axis1_general,1766,0.006749289769280016
conditional-fit-0008,axis1_general,1767,0.007581485710359333
conditional-fit-0008,axis1_general,1768,0.006574256950559386
conditional-fit-0008,axis1_general,1769,0.015383264772833206
conditional-fit-0008,axis1_general,1770,0.02267379985216712
conditional-fit-0008,axis1_general,1771,0.02534442348696594
conditional-fit-0008,axis1_general,1772,0.003246286751198306
conditional-fit-0008,axis1_general,1773,0.008978662397928772
conditional-fit-0008,axis1_general,1774,0.035439949585534855
conditional-fit-0008,axis1_general,1775,0.0007949106802381448
conditional-fit-0008,axis1_general,1776,0.0029224419305194796
conditional-fit-0008,axis1_general,1777,0.00027060195464225856
conditional-fit-0008,axis1_general,1778,0.0031246837098557975
conditional-fit-0008,axis1_general,1779,0.010236698347789263
conditional-fit-0008,axis1_general,1780,0.05143543315796488
conditional-fit-0008,axis1_general,1781,0.040125515894258904
conditional-fit-0008,axis1_general,1782,0.00024019029015117532
conditional-fit-0008,axis1_general,1783,0.06383481669264592
conditional-fit-0008,axis1_general,1784,0.01899640620474259
conditional-fit-0008,axis1_general,1785,6.43274370176004e-05
conditional-fit-0008,axis1_general,1786,0.04313535245086608
conditional-fit-0008,axis1_general,1787,0.019702939152870864
conditional-fit-0008,axis1_general,1788,0.02531005592429688
conditional-fit-0008,axis1_general,1789,0.13127087216491373
conditional-fit-0008,axis1_general,1790,0.019277781520669543
conditional-fit-0008,axis1_general,1791,0.009119584772198928
conditional-fit-0008,axis1_general,1792,0.013392285038171838
conditional-fit-0008,axis1_general,1793,0.009898838172110758
conditional-fit-0008,axis1_general,1794,0.017808085516337932
conditional-fit-0008,axis1_general,1795,0.019378410108421562
conditional-fit-0008,axis1_general,1796,0.000142455108085613
conditional-fit-0008,axis1_general,1797,0.025255044155186028
conditional-fit-0008,axis1_general,1798,0.07514050505576836
conditional-fit-0008,axis1_general,1799,0.04103399107122482
conditional-fit-0008,axis1_general,1800,0.01445659527462608
conditional-fit-0008,axis1_general,1801,0.005814380324834239
conditional-fit-0008,axis1_general,1802,0.012197029232710863
conditional-fit-0008,axis1_general,1803,0.03255775912634896
conditional-fit-0008,axis1_general,1804,8.45368776305879e-06
conditional-fit-0008,axis1_general,1805,1.1593072804672556e-05
conditional-fit-0008,axis1_general,1806,0.007478338965766503
conditional-fit-0008,axis1_general,1807,0.01821564077502924
conditional-fit-0008,axis1_general,1808,0.018771520240845854
conditional-fit-0008,axis1_general,1809,0.00932255233905701
conditional-fit-0008,axis1_general,1810,0.0009548979277842924
conditional-fit-0008,axis1_general,1811,0.04058420418035595
conditional-fit-0008,axis1_general,1812,0.012978411917466792
conditional-fit-0008,axis1_general,1813,0.004469041612060565
conditional-fit-0008,axis1_general,1814,0.056350825636118936
conditional-fit-0008,axis1_general,1815,0.009495390245289989
conditional-fit-0008,axis1_general,1816,0.008980603084902223
conditional-fit-0008,axis1_general,1817,0.010033729044967445
conditional-fit-0008,axis1_general,1818,0.0829736270212714
conditional-fit-0008,axis1_general,1819,0.005647309946109073
conditional-fit-0008,axis1_general,1820,0.040280590297206015
conditional-fit-0008,axis1_general,1821,0.16792199020084556
conditional-fit-0008,axis1_general,1822,0.001072867880857771
conditional-fit-0008,axis1_general,1823,0.00042815050952195607
conditional-fit-0008,axis1_general,1824,0.00599608204596073
conditional-fit-0008,axis1_general,1825,0.00024809415903113996
conditional-fit-0008,axis1_general,1826,6.7185194266255365e-06
conditional-fit-0008,axis1_general,1827,0.03541773576252788
conditional-fit-0008,axis1_general,1828,0.04008535632169418
conditional-fit-0008,axis1_general,1829,0.7355206656045856
conditional-fit-0008,axis1_general,1830,1.4251758182969706e-05
conditional-fit-0008,axis1_general,1831,0.0030579662157850947
conditional-fit-0008,axis1_general,1832,0.31833922488501154
conditional-fit-0008,axis1_general,1833,1.1811006031641553
conditional-fit-0008,axis1_general,1834,7.027866492498966e-06
conditional-fit-0008,axis1_general,1835,0.7956230801560262
conditional-fit-0008,axis1_general,1836,0.14982071068603392
conditional-fit-0008,axis1_general,1837,0.003428669042430006
conditional-fit-0008,axis1_general,1838,0.05914073519133004
conditional-fit-0008,axis1_general,1839,0.0648991514991576
conditional-fit-0008,axis1_general,1840,0.20425462480819304
conditional-fit-0008,axis1_general,1841,0.22586812769135423
conditional-fit-0008,axis1_general,1842,0.01704077704377598
conditional-fit-0008,axis1_general,1843,6.09582091857299e-07
conditional-fit-0008,axis1_general,1844,7.940757299290746e-05
conditional-fit-0008,axis1_general,1845,0.06785556529657646
conditional-fit-0008,axis1_general,1846,0.14055349146152235
conditional-fit-0008,axis1_general,1847,0.1172622911200517
conditional-fit-0008,axis1_general,1848,0.10513065787522213
conditional-fit-0008,axis1_general,1849,0.03161257711780674
conditional-fit-0008,axis1_general,1850,0.012695033414093124
conditional-fit-0008,axis1_general,1851,0.06804098429390087
conditional-fit-0008,axis1_general,1852,0.051267952571852356
conditional-fit-0008,axis1_general,1853,0.2636154841121488
conditional-fit-0008,axis1_general,1854,8.54227941375966e-05
conditional-fit-0008,axis1_general,1855,0.04067182448465216
conditional-fit-0008,axis1_general,1856,0.02607439944979527
conditional-fit-0008,axis1_general,1857,4.183950326375776e-05
conditional-fit-0008,axis1_general,1858,3.029526215567267e-06
conditional-fit-0008,axis1_general,1859,0.0002510198028168555
conditional-fit-0008,axis1_general,1860,0.014770989056486657
conditional-fit-0008,axis1_general,1861,2.925776166185468e-05
conditional-fit-0008,axis1_general,1862,1.1429055062975146e-06
conditional-fit-0008,axis1_general,1863,0.22702824180442033
conditional-fit-0008,axis1_general,1864,0.024603119575621425
conditional-fit-0008,axis1_general,1865,0.0003083978432901679
conditional-fit-0008,axis1_general,1866,0.0005242724215413277
conditional-fit-0008,axis1_general,1867,0.4135554990440775
conditional-fit-0008,axis1_general,1868,0.001375360294945017
conditional-fit-0008,axis1_general,1869,0.1556797112563945
conditional-fit-0008,axis1_general,1870,0.32134400400326396
conditional-fit-0008,axis1_general,1871,0.24961289812787
conditional-fit-0008,axis1_general,1872,0.0972117756457064
conditional-fit-0008,axis1_general,1873,0.05142613379848308
conditional-fit-0008,axis1_general,1874,6.338455875463229e-05
conditional-fit-0008,axis1_general,1875,0.0006599640820272821
conditional-fit-0008,axis1_general,1876,0.0034591213092231244
conditional-fit-0008,axis1_general,1877,0.3138324643005098
conditional-fit-0008,axis1_general,1878,0.13520501355532208
conditional-fit-0008,axis1_general,1879,0.2355235121033195
conditional-fit-0008,axis1_general,1880,0.51070261961588
conditional-fit-0008,axis1_general,1881,0.22250922413558322
conditional-fit-0008,axis1_general,1882,6.532352546827741e-07
conditional-fit-0008,axis1_general,1883,0.002406182427711428
conditional-fit-0008,axis1_general,1884,0.14800069410878702
conditional-fit-0008,axis1_general,1885,0.01704903215282212
conditional-fit-0008,axis1_general,1886,0.013000980517489368
conditional-fit-0008,axis1_general,1887,0.0352142581342428
conditional-fit-0008,axis1_general,1888,0.006907618908523919
conditional-fit-0008,axis1_general,1889,0.008732017450603358
conditional-fit-0008,axis1_general,1890,0.0006692017872847653
conditional-fit-0008,axis1_general,1891,0.2924766138832548
conditional-fit-0008,axis1_general,1892,0.20412589208665943
conditional-fit-0008,axis1_general,1893,0.06928796942530363
conditional-fit-0008,axis1_general,1894,0.012672368016951423
conditional-fit-0008,axis1_general,1895,0.003380708718378163
conditional-fit-0008,axis1_general,1896,0.03681663422152055
conditional-fit-0008,axis1_general,1897,0.02361938535031762
conditional-fit-0008,axis1_general,1898,0.0016489586367027598
conditional-fit-0008,axis1_general,1899,6.524943459692862e-05
conditional-fit-0008,axis1_general,1900,1.6690251536870137e-06
conditional-fit-0008,axis1_general,1901,5.8688044940986904e-05
conditional-fit-0008,axis1_general,1902,0.00035632253664876076
conditional-fit-0008,axis1_general,1903,2.177609931382019e-05
conditional-fit-0008,axis1_general,1904,0.011231195521732167
conditional-fit-0008,axis1_general,1905,0.08284235523806532
conditional-fit-0008,axis1_general,1906,0.11591556066825481
conditional-fit-0008,axis1_general,1907,0.054481095253508055
conditional-fit-0008,axis1_general,1908,0.03937841260763246
conditional-fit-0008,axis1_general,1909,0.040044847888819485
conditional-fit-0008,axis1_general,1910,0.0225824745162205
conditional-fit-0008,axis1_general,1911,0.0870601704427634
conditional-fit-0008,axis1_general,1912,0.02505275974801039
conditional-fit-0008,axis1_general,1913,0.0078231046625887
conditional-fit-0008,axis1_general,1914,0.0239838166197987
conditional-fit-0008,axis1_general,1915,0.012530576728109631
conditional-fit-0008,axis1_general,1916,0.016280999838268376
conditional-fit-0008,axis1_general,1917,0.004962233771910475
conditional-fit-0008,axis1_general,1918,0.004484790096240509
conditional-fit-0008,axis1_general,1919,0.007119434790699815
conditional-fit-0008,axis1_general,1920,0.001163075282002375
conditional-fit-0008,axis1_general,1921,0.0052713324881861305
conditional-fit-0008,axis1_general,1922,0.008553685737999077
conditional-fit-0008,axis1_general,1923,0.013714067486660389
conditional-fit-0008,axis1_general,1924,0.0019084445302515564
conditional-fit-0008,axis1_general,1925,0.010287170862382658
conditional-fit-0008,axis1_general,1926,0.05344243501481348
conditional-fit-0008,axis1_general,1927,0.4063873183543216
conditional-fit-0008,axis1_general,1928,0.00011057949757647362
conditional-fit-0008,axis1_general,1929,0.002121166097868714
conditional-fit-0008,axis1_general,1930,0.0008948792048625547
conditional-fit-0008,axis1_general,1931,0.0010158115587190707
conditional-fit-0008,axis1_general,1932,0.002440784528434388
conditional-fit-0008,axis1_general,1933,1.4218105711999086e-05
conditional-fit-0008,axis1_general,1934,1.6537868007267006e-06
conditional-fit-0008,axis1_general,1935,0.06200553706412525
conditional-fit-0008,axis1_general,1936,0.03486148581546629
conditional-fit-0008,axis1_general,1937,1.0875093482876375
conditional-fit-0008,axis1_general,1938,0.004262566041320307
conditional-fit-0008,axis1_general,1939,0.022838089198414156
conditional-fit-0008,axis1_general,1940,0.015186544392261473
conditional-fit-0008,axis1_general,1941,0.12075612229872022
conditional-fit-0008,axis1_general,1942,0.3624679671482062
conditional-fit-0008,axis1_general,1943,0.01319763633796463
conditional-fit-0008,axis1_general,1944,0.4128210300783791
conditional-fit-0008,axis1_general,1945,0.02365673790507577
conditional-fit-0008,axis1_general,1946,0.13617627049872155
conditional-fit-0008,axis1_general,1947,0.016272610804188598
conditional-fit-0008,axis1_general,1948,0.00034590617619703205
conditional-fit-0008,axis1_general,1949,0.006356050508322029
conditional-fit-0008,axis1_general,1950,0.08247963281029388
conditional-fit-0008,axis1_general,1951,0.02872099244758749
conditional-fit-0008,axis1_general,1952,0.03622521276786896
conditional-fit-0008,axis1_general,1953,8.759671310483124e-05
conditional-fit-0008,axis1_general,1954,0.14146904980081138
conditional-fit-0008,axis1_general,1955,0.05691910760777234
conditional-fit-0008,axis1_general,1956,0.08410657521706988
conditional-fit-0008,axis1_general,1957,0.025461869514211526
conditional-fit-0008,axis1_general,1958,0.0957894050489443
conditional-fit-0008,axis1_general,1959,0.09880551065242991
conditional-fit-0008,axis1_general,1960,0.00019551471343133434
conditional-fit-0008,axis1_general,1961,0.0481524111530595
conditional-fit-0008,axis1_general,1962,0.05584315033716245
conditional-fit-0008,axis1_general,1963,0.05752187243613043
conditional-fit-0008,axis1_general,1964,0.015561701897311903
conditional-fit-0008,axis1_general,1965,0.010275857942633368
conditional-fit-0008,axis1_general,1966,0.00714286383152391
conditional-fit-0008,axis1_general,1967,0.013987826908893703
conditional-fit-0008,axis1_general,1968,0.022296099848834017
conditional-fit-0008,axis1_general,1969,0.06570568927349463
conditional-fit-0008,axis1_general,1970,0.007227369169767288
conditional-fit-0008,axis1_general,1971,0.011342082859061648
conditional-fit-0008,axis1_general,1972,0.014498100808821541
conditional-fit-0008,axis1_general,1973,0.020026787744545256
conditional-fit-0008,axis1_general,1974,0.004562404548108701
conditional-fit-0008,axis1_general,1975,0.05252013631929484
conditional-fit-0008,axis1_general,1976,0.0007444076921972543
conditional-fit-0008,axis1_general,1977,0.0205687505610535
conditional-fit-0008,axis1_general,1978,0.0018003425154092647
conditional-fit-0008,axis1_general,1979,0.0012552315280897162
conditional-fit-0008,axis1_general,1980,0.005981138803523538
conditional-fit-0008,axis1_general,1981,0.0005794219620621695
conditional-fit-0008,axis1_general,1982,0.0002786277228892914
conditional-fit-0008,axis1_general,1983,0.0007752148831742178
conditional-fit-0008,axis1_general,1984,2.1637292014911365e-06
conditional-fit-0008,axis1_general,1985,0.00027126501390131817
conditional-fit-0008,axis1_general,1986,0.004495920527913262
conditional-fit-0008,axis1_general,1987,0.0106743091910385
conditional-fit-0008,axis1_general,1988,7.136174720258809e-05
conditional-fit-0008,axis1_general,1989,0.022601161844475984
conditional-fit-0008,axis1_general,1990,0.009017444582153068
conditional-fit-0008,axis1_general,1991,0.028405809199544427
conditional-fit-0008,axis1_general,1992,0.03556383878180516
conditional-fit-0008,axis1_general,1993,0.013517687980119354
conditional-fit-0008,axis1_general,1994,0.02328764865709943
conditional-fit-0008,axis1_general,1995,0.043568197872484365
conditional-fit-0008,axis1_general,1996,0.004121002543284547
conditional-fit-0008,axis1_general,1997,0.002335677496806022
conditional-fit-0008,axis1_general,1998,0.0030939959039288645
conditional-fit-0008,axis1_general,1999,0.0069383598415180305
conditional-fit-0008,axis1_general,2000,0.00037109828956813395
conditional-fit-0008,axis1_general,2001,0.00012640265355619236
conditional-fit-0008,axis1_general,2002,0.0001625523053264582
conditional-fit-0008,axis1_general,2003,0.00010724824833097777
conditional-fit-0008,axis1_general,2004,0.00041345656265315495
conditional-fit-0008,axis1_general,2005,0.04104928979112542
conditional-fit-0008,axis1_general,2006,0.010812755093109173
conditional-fit-0008,axis1_general,2007,0.000530624563321043
conditional-fit-0008,axis1_general,2008,0.13826440043149596
conditional-fit-0008,axis1_general,2009,0.02391207318347288
conditional-fit-0008,axis1_general,2010,0.06253655599621924
conditional-fit-0008,axis1_general,2011,0.11203538288963964
conditional-fit-0008,axis1_general,2012,0.018913053728995155
conditional-fit-0008,axis1_general,2013,0.032708915346951015
conditional-fit-0008,axis1_general,2014,0.04041229697716487
conditional-fit-0008,axis1_general,2015,0.018723572082980786
conditional-fit-0008,axis1_general,2016,0.017761856523145752
conditional-fit-0008,axis1_general,2017,0.047098635105887354
conditional-fit-0008,axis1_general,2018,0.01749278805056959
conditional-fit-0008,axis1_general,2019,0.017565096764301638
conditional-fit-0008,axis1_general,2020,0.0032939304203096972
conditional-fit-0008,axis1_general,2021,0.052667449641256844
conditional-fit-0008,axis1_general,2022,0.019370135992429427
conditional-fit-0008,axis1_general,2023,0.012447408407858941
conditional-fit-0008,axis1_general,2024,0.06830413399288043
conditional-fit-0008,axis1_general,2025,0.011272091783810147
conditional-fit-0008,axis1_general,2026,0.02991297582103658
conditional-fit-0008,axis1_general,2027,0.0022785393668441306
conditional-fit-0008,axis1_general,2028,0.07559000695575956
conditional-fit-0008,axis1_general,2029,0.006435079209212672
conditional-fit-0008,axis1_general,2030,0.0036767523185085235
conditional-fit-0008,axis1_general,2031,0.009971816289634599
conditional-fit-0008,axis1_general,2032,0.016972540468052872
conditional-fit-0008,axis1_general,2033,0.0037168332055332568
conditional-fit-0008,axis1_general,2034,0.010666138842394925
conditional-fit-0008,axis1_general,2035,0.022025216516307927
conditional-fit-0008,axis1_general,2036,0.008898585683644548
conditional-fit-0008,axis1_general,2037,8.53426814045678e-05
conditional-fit-0008,axis1_general,2038,0.020080148574417766
conditional-fit-0008,axis1_general,2039,0.05536352699817687
conditional-fit-0008,axis1_general,2040,0.0029254869977745246
conditional-fit-0008,axis1_general,2041,0.20065042469942457
conditional-fit-0008,axis1_general,2042,0.004140157894294472
conditional-fit-0008,axis1_general,2043,0.0183190316859028
conditional-fit-0008,axis1_general,2044,0.06608543880692418
conditional-fit-0008,axis1_general,2045,0.016639048051253408
conditional-fit-0008,axis1_general,2046,0.016414863587327425
