window_id,domain,pos,kld
conditional-fit-0113,axis2_legal,0,1.26847853514964
conditional-fit-0113,axis2_legal,1,0.6173304949316714
conditional-fit-0113,axis2_legal,2,0.5167419092777945
conditional-fit-0113,axis2_legal,3,0.4294797542140454
conditional-fit-0113,axis2_legal,4,0.41387111720433245
conditional-fit-0113,axis2_legal,5,0.6885767240952718
conditional-fit-0113,axis2_legal,6,0.1745572237232778
conditional-fit-0113,axis2_legal,7,0.22184066308695521
conditional-fit-0113,axis2_legal,8,0.2780583172442131
conditional-fit-0113,axis2_legal,9,0.4348621118431707
conditional-fit-0113,axis2_legal,10,0.24164568298525263
conditional-fit-0113,axis2_legal,11,0.14969086272800453
conditional-fit-0113,axis2_legal,12,0.25254972833882255
conditional-fit-0113,axis2_legal,13,0.24510284352003114
conditional-fit-0113,axis2_legal,14,0.23157545351520886
conditional-fit-0113,axis2_legal,15,0.10336294494488066
conditional-fit-0113,axis2_legal,16,0.18785429290185734
conditional-fit-0113,axis2_legal,17,0.09043039063770064
conditional-fit-0113,axis2_legal,18,0.49950413208709704
conditional-fit-0113,axis2_legal,19,0.09775415302226916
conditional-fit-0113,axis2_legal,20,0.6594987201586986
conditional-fit-0113,axis2_legal,21,0.34309887011914286
conditional-fit-0113,axis2_legal,22,0.06939023271640049
conditional-fit-0113,axis2_legal,23,0.8604289813760961
conditional-fit-0113,axis2_legal,24,0.12702689941674639
conditional-fit-0113,axis2_legal,25,0.38247495163291534
conditional-fit-0113,axis2_legal,26,0.2965051349957595
conditional-fit-0113,axis2_legal,27,0.014218168615924927
conditional-fit-0113,axis2_legal,28,0.06110725283830462
conditional-fit-0113,axis2_legal,29,0.03890388981525126
conditional-fit-0113,axis2_legal,30,0.03691578256437911
conditional-fit-0113,axis2_legal,31,0.09926595352703915
conditional-fit-0113,axis2_legal,32,0.10295344697489628
conditional-fit-0113,axis2_legal,33,0.188044620120476
conditional-fit-0113,axis2_legal,34,0.2784329371935229
conditional-fit-0113,axis2_legal,35,0.11853863659500097
conditional-fit-0113,axis2_legal,36,0.26140782693820097
conditional-fit-0113,axis2_legal,37,0.26562503538616034
conditional-fit-0113,axis2_legal,38,0.06649996588164102
conditional-fit-0113,axis2_legal,39,0.14574686610323792
conditional-fit-0113,axis2_legal,40,0.091705482423005
conditional-fit-0113,axis2_legal,41,0.10377512959040927
conditional-fit-0113,axis2_legal,42,0.13687022119030104
conditional-fit-0113,axis2_legal,43,0.24682555095863493
conditional-fit-0113,axis2_legal,44,0.04382212541018496
conditional-fit-0113,axis2_legal,45,0.06359987275834049
conditional-fit-0113,axis2_legal,46,0.027556448453936237
conditional-fit-0113,axis2_legal,47,0.36159442127579
conditional-fit-0113,axis2_legal,48,0.11865708915506129
conditional-fit-0113,axis2_legal,49,0.12006231609392803
conditional-fit-0113,axis2_legal,50,0.08071028262632322
conditional-fit-0113,axis2_legal,51,0.0034340442990574557
conditional-fit-0113,axis2_legal,52,0.09388842841617093
conditional-fit-0113,axis2_legal,53,0.12829660871109402
conditional-fit-0113,axis2_legal,54,0.10035193764022682
conditional-fit-0113,axis2_legal,55,0.020137544494409663
conditional-fit-0113,axis2_legal,56,0.0751031584175617
conditional-fit-0113,axis2_legal,57,0.3839630897846446
conditional-fit-0113,axis2_legal,58,0.06048054524585027
conditional-fit-0113,axis2_legal,59,0.42232590796282166
conditional-fit-0113,axis2_legal,60,0.11275707934464207
conditional-fit-0113,axis2_legal,61,0.09826899640594218
conditional-fit-0113,axis2_legal,62,0.2900186408447105
conditional-fit-0113,axis2_legal,63,0.04974287661187857
conditional-fit-0113,axis2_legal,64,0.195026152417377
conditional-fit-0113,axis2_legal,65,0.0029792412507797707
conditional-fit-0113,axis2_legal,66,0.041850701007394034
conditional-fit-0113,axis2_legal,67,0.04663053291573647
conditional-fit-0113,axis2_legal,68,0.04839284555656399
conditional-fit-0113,axis2_legal,69,0.2696681557611701
conditional-fit-0113,axis2_legal,70,0.12408595446047878
conditional-fit-0113,axis2_legal,71,0.0514303265489726
conditional-fit-0113,axis2_legal,72,0.0208592754603666
conditional-fit-0113,axis2_legal,73,0.01249856782488943
conditional-fit-0113,axis2_legal,74,0.006546531122330484
conditional-fit-0113,axis2_legal,75,0.15034884677820268
conditional-fit-0113,axis2_legal,76,0.17188356544302433
conditional-fit-0113,axis2_legal,77,0.2942089025469195
conditional-fit-0113,axis2_legal,78,0.05982282896916032
conditional-fit-0113,axis2_legal,79,0.0008681572691818333
conditional-fit-0113,axis2_legal,80,0.09338509465250631
conditional-fit-0113,axis2_legal,81,0.08293922350613415
conditional-fit-0113,axis2_legal,82,0.03303782562073245
conditional-fit-0113,axis2_legal,83,0.015613302195525924
conditional-fit-0113,axis2_legal,84,0.010066500346906298
conditional-fit-0113,axis2_legal,85,0.03420222952305181
conditional-fit-0113,axis2_legal,86,0.12547204351515276
conditional-fit-0113,axis2_legal,87,0.06171403276736465
conditional-fit-0113,axis2_legal,88,0.08748329163421607
conditional-fit-0113,axis2_legal,89,0.05228130767778353
conditional-fit-0113,axis2_legal,90,0.13960791203833117
conditional-fit-0113,axis2_legal,91,0.181436060367012
conditional-fit-0113,axis2_legal,92,0.14698227416225013
conditional-fit-0113,axis2_legal,93,0.033534054581490114
conditional-fit-0113,axis2_legal,94,0.005137933016433393
conditional-fit-0113,axis2_legal,95,0.002310871908100552
conditional-fit-0113,axis2_legal,96,0.021155811755192568
conditional-fit-0113,axis2_legal,97,0.0052153016061378555
conditional-fit-0113,axis2_legal,98,0.016006828188403543
conditional-fit-0113,axis2_legal,99,0.0027736095769205823
conditional-fit-0113,axis2_legal,100,0.022116675491049866
conditional-fit-0113,axis2_legal,101,0.021646250852123662
conditional-fit-0113,axis2_legal,102,0.15777688648224997
conditional-fit-0113,axis2_legal,103,0.46787134339541403
conditional-fit-0113,axis2_legal,104,0.20554691224177202
conditional-fit-0113,axis2_legal,105,0.2932435995979652
conditional-fit-0113,axis2_legal,106,0.013412104886146076
conditional-fit-0113,axis2_legal,107,0.09883855962023538
conditional-fit-0113,axis2_legal,108,0.01268757115388166
conditional-fit-0113,axis2_legal,109,0.007821692572192151
conditional-fit-0113,axis2_legal,110,0.04903015486165094
conditional-fit-0113,axis2_legal,111,0.040807317065467925
conditional-fit-0113,axis2_legal,112,0.06403889203376428
conditional-fit-0113,axis2_legal,113,0.14390595049133767
conditional-fit-0113,axis2_legal,114,0.01945953972936623
conditional-fit-0113,axis2_legal,115,0.0024040413074387845
conditional-fit-0113,axis2_legal,116,0.2683444026563898
conditional-fit-0113,axis2_legal,117,0.09588161895967647
conditional-fit-0113,axis2_legal,118,0.013445931007765692
conditional-fit-0113,axis2_legal,119,0.006278719348150873
conditional-fit-0113,axis2_legal,120,0.008131201748180265
conditional-fit-0113,axis2_legal,121,0.01833421875897758
conditional-fit-0113,axis2_legal,122,0.008391056904262416
conditional-fit-0113,axis2_legal,123,0.014967435151020857
conditional-fit-0113,axis2_legal,124,0.02888871487811573
conditional-fit-0113,axis2_legal,125,0.01102335299814916
conditional-fit-0113,axis2_legal,126,0.05172684167454117
conditional-fit-0113,axis2_legal,127,0.055804580882307844
conditional-fit-0113,axis2_legal,128,0.0376623775777656
conditional-fit-0113,axis2_legal,129,0.06443498950078481
conditional-fit-0113,axis2_legal,130,0.0056616090264925
conditional-fit-0113,axis2_legal,131,0.019364339144438626
conditional-fit-0113,axis2_legal,132,0.011035368627749467
conditional-fit-0113,axis2_legal,133,0.0008654016222442598
conditional-fit-0113,axis2_legal,134,0.030484216248309264
conditional-fit-0113,axis2_legal,135,0.049496779852001585
conditional-fit-0113,axis2_legal,136,0.0035798183877048463
conditional-fit-0113,axis2_legal,137,0.00057679134005957
conditional-fit-0113,axis2_legal,138,0.0034248209015904692
conditional-fit-0113,axis2_legal,139,0.039071620699658346
conditional-fit-0113,axis2_legal,140,0.040155552496773786
conditional-fit-0113,axis2_legal,141,0.10589325947235709
conditional-fit-0113,axis2_legal,142,0.00168810284848625
conditional-fit-0113,axis2_legal,143,0.043710710359639846
conditional-fit-0113,axis2_legal,144,0.021385724900376636
conditional-fit-0113,axis2_legal,145,0.017734594768331488
conditional-fit-0113,axis2_legal,146,0.010461369804757155
conditional-fit-0113,axis2_legal,147,0.015845630217828584
conditional-fit-0113,axis2_legal,148,0.0019521868371919285
conditional-fit-0113,axis2_legal,149,0.021522790721395256
conditional-fit-0113,axis2_legal,150,0.008296362793673072
conditional-fit-0113,axis2_legal,151,9.328650294813601e-05
conditional-fit-0113,axis2_legal,152,0.017403216223464378
conditional-fit-0113,axis2_legal,153,0.001797515867721533
conditional-fit-0113,axis2_legal,154,0.002752074468575759
conditional-fit-0113,axis2_legal,155,0.00032685507613159113
conditional-fit-0113,axis2_legal,156,0.003860774575284342
conditional-fit-0113,axis2_legal,157,0.008860715980850635
conditional-fit-0113,axis2_legal,158,0.03568579581703546
conditional-fit-0113,axis2_legal,159,0.09686570395266947
conditional-fit-0113,axis2_legal,160,0.06068512131615363
conditional-fit-0113,axis2_legal,161,0.27546576500646514
conditional-fit-0113,axis2_legal,162,0.0021015187929163503
conditional-fit-0113,axis2_legal,163,0.03823997413378637
conditional-fit-0113,axis2_legal,164,0.005190984913425231
conditional-fit-0113,axis2_legal,165,0.0689599555320376
conditional-fit-0113,axis2_legal,166,0.21818170430878733
conditional-fit-0113,axis2_legal,167,0.008928692011544451
conditional-fit-0113,axis2_legal,168,0.018493475293022345
conditional-fit-0113,axis2_legal,169,0.0004188985457159827
conditional-fit-0113,axis2_legal,170,0.014136271730793331
conditional-fit-0113,axis2_legal,171,0.00871344348015359
conditional-fit-0113,axis2_legal,172,0.0009209304726678021
conditional-fit-0113,axis2_legal,173,0.0020942814200162543
conditional-fit-0113,axis2_legal,174,0.06085460783354703
conditional-fit-0113,axis2_legal,175,0.0023763090577260263
conditional-fit-0113,axis2_legal,176,0.024765016774612035
conditional-fit-0113,axis2_legal,177,0.008736157822415117
conditional-fit-0113,axis2_legal,178,0.005239795780595066
conditional-fit-0113,axis2_legal,179,0.0004240027301202591
conditional-fit-0113,axis2_legal,180,0.015040319122309496
conditional-fit-0113,axis2_legal,181,0.050298267759256374
conditional-fit-0113,axis2_legal,182,0.0006676747171749644
conditional-fit-0113,axis2_legal,183,0.05887879310509635
conditional-fit-0113,axis2_legal,184,0.028727825668487302
conditional-fit-0113,axis2_legal,185,0.15356345635016877
conditional-fit-0113,axis2_legal,186,0.012835307720134921
conditional-fit-0113,axis2_legal,187,0.011367501026749362
conditional-fit-0113,axis2_legal,188,0.01572389020634705
conditional-fit-0113,axis2_legal,189,8.233590066754235e-05
conditional-fit-0113,axis2_legal,190,0.01093858058842231
conditional-fit-0113,axis2_legal,191,0.00040495708812282637
conditional-fit-0113,axis2_legal,192,0.0003653507880060035
conditional-fit-0113,axis2_legal,193,0.0002139926709849271
conditional-fit-0113,axis2_legal,194,0.0005466466927873075
conditional-fit-0113,axis2_legal,195,0.0031319045703107964
conditional-fit-0113,axis2_legal,196,0.012329173100571267
conditional-fit-0113,axis2_legal,197,0.015431162087975132
conditional-fit-0113,axis2_legal,198,0.008338581968169688
conditional-fit-0113,axis2_legal,199,0.0005571721053342993
conditional-fit-0113,axis2_legal,200,0.0006658389399526652
conditional-fit-0113,axis2_legal,201,0.00413029835857181
conditional-fit-0113,axis2_legal,202,0.16196189413902093
conditional-fit-0113,axis2_legal,203,0.0178211084298972
conditional-fit-0113,axis2_legal,204,0.028068057762866205
conditional-fit-0113,axis2_legal,205,0.041496316383019094
conditional-fit-0113,axis2_legal,206,0.01978644954079433
conditional-fit-0113,axis2_legal,207,0.09688526514343283
conditional-fit-0113,axis2_legal,208,0.0013317206327328503
conditional-fit-0113,axis2_legal,209,0.056494053114826956
conditional-fit-0113,axis2_legal,210,0.014863823349928543
conditional-fit-0113,axis2_legal,211,0.0386695894538251
conditional-fit-0113,axis2_legal,212,0.005770693454072818
conditional-fit-0113,axis2_legal,213,0.014448224982442668
conditional-fit-0113,axis2_legal,214,0.01344136962845694
conditional-fit-0113,axis2_legal,215,0.00029182448754848275
conditional-fit-0113,axis2_legal,216,0.010711777298180129
conditional-fit-0113,axis2_legal,217,0.02147345374311206
conditional-fit-0113,axis2_legal,218,0.04358007932779992
conditional-fit-0113,axis2_legal,219,0.02424427962735652
conditional-fit-0113,axis2_legal,220,0.057063694998700044
conditional-fit-0113,axis2_legal,221,0.009573860472085395
conditional-fit-0113,axis2_legal,222,0.00016929550251283383
conditional-fit-0113,axis2_legal,223,0.026213752301093816
conditional-fit-0113,axis2_legal,224,0.04958248003318719
conditional-fit-0113,axis2_legal,225,0.0468602245173328
conditional-fit-0113,axis2_legal,226,0.03190201596978337
conditional-fit-0113,axis2_legal,227,0.020324049971003632
conditional-fit-0113,axis2_legal,228,0.11737457832178719
conditional-fit-0113,axis2_legal,229,0.025528605578164873
conditional-fit-0113,axis2_legal,230,0.028461270724972246
conditional-fit-0113,axis2_legal,231,5.833619033480844e-05
conditional-fit-0113,axis2_legal,232,0.01936980634582093
conditional-fit-0113,axis2_legal,233,0.0038251301052815174
conditional-fit-0113,axis2_legal,234,0.014548900077417933
conditional-fit-0113,axis2_legal,235,0.01922187811414578
conditional-fit-0113,axis2_legal,236,0.006419946220932093
conditional-fit-0113,axis2_legal,237,0.027670869395329464
conditional-fit-0113,axis2_legal,238,0.008303725693565451
conditional-fit-0113,axis2_legal,239,0.0030186033222165294
conditional-fit-0113,axis2_legal,240,0.0020681932174362733
conditional-fit-0113,axis2_legal,241,0.0023938226003642426
conditional-fit-0113,axis2_legal,242,0.017980638823156155
conditional-fit-0113,axis2_legal,243,0.10063561968404303
conditional-fit-0113,axis2_legal,244,0.06342811301891287
conditional-fit-0113,axis2_legal,245,0.029972502619475754
conditional-fit-0113,axis2_legal,246,0.08877921231769516
conditional-fit-0113,axis2_legal,247,0.08891367579505946
conditional-fit-0113,axis2_legal,248,0.07463391663899908
conditional-fit-0113,axis2_legal,249,0.0015581083744893227
conditional-fit-0113,axis2_legal,250,0.15342412820397
conditional-fit-0113,axis2_legal,251,0.09677846439294716
conditional-fit-0113,axis2_legal,252,0.01534761205182969
conditional-fit-0113,axis2_legal,253,0.08269410363345435
conditional-fit-0113,axis2_legal,254,0.031125964014594047
conditional-fit-0113,axis2_legal,255,0.02186638815610107
conditional-fit-0113,axis2_legal,256,0.03226459412625816
conditional-fit-0113,axis2_legal,257,0.06038895284726986
conditional-fit-0113,axis2_legal,258,0.03349964314622015
conditional-fit-0113,axis2_legal,259,0.035903330837470576
conditional-fit-0113,axis2_legal,260,0.0508966903960382
conditional-fit-0113,axis2_legal,261,0.027590725213730797
conditional-fit-0113,axis2_legal,262,0.018558717887578454
conditional-fit-0113,axis2_legal,263,0.009064760280077723
conditional-fit-0113,axis2_legal,264,0.00681324120733496
conditional-fit-0113,axis2_legal,265,0.004422092586102797
conditional-fit-0113,axis2_legal,266,0.022278653246750657
conditional-fit-0113,axis2_legal,267,0.008601069386831483
conditional-fit-0113,axis2_legal,268,0.02340226065998161
conditional-fit-0113,axis2_legal,269,0.027502950616491183
conditional-fit-0113,axis2_legal,270,0.00021795108706563896
conditional-fit-0113,axis2_legal,271,0.00540042994930022
conditional-fit-0113,axis2_legal,272,0.020605543867488516
conditional-fit-0113,axis2_legal,273,0.01779453560248305
conditional-fit-0113,axis2_legal,274,0.004411171302728423
conditional-fit-0113,axis2_legal,275,0.012837941794382276
conditional-fit-0113,axis2_legal,276,0.012321397052585704
conditional-fit-0113,axis2_legal,277,0.026908588632452053
conditional-fit-0113,axis2_legal,278,0.04230064960111331
conditional-fit-0113,axis2_legal,279,0.0025824835739077807
conditional-fit-0113,axis2_legal,280,0.012122000463087782
conditional-fit-0113,axis2_legal,281,0.02665054387373421
conditional-fit-0113,axis2_legal,282,0.06490463855478222
conditional-fit-0113,axis2_legal,283,0.030188235126326506
conditional-fit-0113,axis2_legal,284,0.029810899995552555
conditional-fit-0113,axis2_legal,285,0.02461166249064238
conditional-fit-0113,axis2_legal,286,0.011222167927231578
conditional-fit-0113,axis2_legal,287,0.0067373398991656935
conditional-fit-0113,axis2_legal,288,0.03707779672511955
conditional-fit-0113,axis2_legal,289,0.006434022921052892
conditional-fit-0113,axis2_legal,290,0.0006500685508421247
conditional-fit-0113,axis2_legal,291,0.033076108286593145
conditional-fit-0113,axis2_legal,292,0.017527730290029696
conditional-fit-0113,axis2_legal,293,0.0037715129870357373
conditional-fit-0113,axis2_legal,294,0.0015933566389379802
conditional-fit-0113,axis2_legal,295,0.006219975112393433
conditional-fit-0113,axis2_legal,296,0.008258308387578146
conditional-fit-0113,axis2_legal,297,0.011203709757911275
conditional-fit-0113,axis2_legal,298,0.14937602712228135
conditional-fit-0113,axis2_legal,299,0.20614416916737366
conditional-fit-0113,axis2_legal,300,0.09985244204880647
conditional-fit-0113,axis2_legal,301,0.0010211097212710052
conditional-fit-0113,axis2_legal,302,0.035050331088588335
conditional-fit-0113,axis2_legal,303,0.03522198870893884
conditional-fit-0113,axis2_legal,304,0.013251426516148846
conditional-fit-0113,axis2_legal,305,0.008246951192014934
conditional-fit-0113,axis2_legal,306,0.012892419013890452
conditional-fit-0113,axis2_legal,307,0.026592461766780963
conditional-fit-0113,axis2_legal,308,0.012929935198893915
conditional-fit-0113,axis2_legal,309,0.010681617486250503
conditional-fit-0113,axis2_legal,310,0.007952765346019323
conditional-fit-0113,axis2_legal,311,0.027099416159322237
conditional-fit-0113,axis2_legal,312,0.006091779638641762
conditional-fit-0113,axis2_legal,313,0.06598185974636572
conditional-fit-0113,axis2_legal,314,0.2410824930890214
conditional-fit-0113,axis2_legal,315,0.12254168009096483
conditional-fit-0113,axis2_legal,316,0.00714146448379161
conditional-fit-0113,axis2_legal,317,0.06239787385754314
conditional-fit-0113,axis2_legal,318,0.07106216364124343
conditional-fit-0113,axis2_legal,319,0.09617899636671895
conditional-fit-0113,axis2_legal,320,0.055895206437982625
conditional-fit-0113,axis2_legal,321,0.05486946210934579
conditional-fit-0113,axis2_legal,322,0.004526661165836495
conditional-fit-0113,axis2_legal,323,0.08069718971040604
conditional-fit-0113,axis2_legal,324,0.02249303849254406
conditional-fit-0113,axis2_legal,325,0.0004880429057847144
conditional-fit-0113,axis2_legal,326,1.0564729199717057e-05
conditional-fit-0113,axis2_legal,327,0.05582169129192303
conditional-fit-0113,axis2_legal,328,0.15055716952731535
conditional-fit-0113,axis2_legal,329,0.005196993928463841
conditional-fit-0113,axis2_legal,330,0.3822292185320457
conditional-fit-0113,axis2_legal,331,0.002392145393595226
conditional-fit-0113,axis2_legal,332,0.0005973077290005815
conditional-fit-0113,axis2_legal,333,0.4235116740279255
conditional-fit-0113,axis2_legal,334,0.08195476029203852
conditional-fit-0113,axis2_legal,335,0.03236940136090949
conditional-fit-0113,axis2_legal,336,0.05850981245761673
conditional-fit-0113,axis2_legal,337,0.09363092238072755
conditional-fit-0113,axis2_legal,338,0.006850061639889511
conditional-fit-0113,axis2_legal,339,0.022003510935827444
conditional-fit-0113,axis2_legal,340,0.10294826809571979
conditional-fit-0113,axis2_legal,341,0.19474698048581685
conditional-fit-0113,axis2_legal,342,0.18879440262946934
conditional-fit-0113,axis2_legal,343,0.21872480209341844
conditional-fit-0113,axis2_legal,344,0.0002939067865503368
conditional-fit-0113,axis2_legal,345,0.09150081309048566
conditional-fit-0113,axis2_legal,346,0.015632075946830113
conditional-fit-0113,axis2_legal,347,0.04429613131406245
conditional-fit-0113,axis2_legal,348,0.08323746808463986
conditional-fit-0113,axis2_legal,349,0.21365989888293807
conditional-fit-0113,axis2_legal,350,0.015995433102544386
conditional-fit-0113,axis2_legal,351,0.10338927832374088
conditional-fit-0113,axis2_legal,352,0.04142835263017046
conditional-fit-0113,axis2_legal,353,0.13199225290190403
conditional-fit-0113,axis2_legal,354,0.034141075637868036
conditional-fit-0113,axis2_legal,355,0.24005258107303043
conditional-fit-0113,axis2_legal,356,0.06477099081114829
conditional-fit-0113,axis2_legal,357,0.03791969430530599
conditional-fit-0113,axis2_legal,358,0.029589885077712284
conditional-fit-0113,axis2_legal,359,0.022883494086772302
conditional-fit-0113,axis2_legal,360,0.03677373316344691
conditional-fit-0113,axis2_legal,361,0.013743121901507687
conditional-fit-0113,axis2_legal,362,0.24715190743784202
conditional-fit-0113,axis2_legal,363,0.0003620243563871531
conditional-fit-0113,axis2_legal,364,0.0060111882270897565
conditional-fit-0113,axis2_legal,365,0.021695769630974984
conditional-fit-0113,axis2_legal,366,0.00965523067189799
conditional-fit-0113,axis2_legal,367,0.032765848907778755
conditional-fit-0113,axis2_legal,368,0.03536260051249984
conditional-fit-0113,axis2_legal,369,0.0014348169332168267
conditional-fit-0113,axis2_legal,370,0.04175727469069165
conditional-fit-0113,axis2_legal,371,0.0003758429960214472
conditional-fit-0113,axis2_legal,372,0.002293721240197553
conditional-fit-0113,axis2_legal,373,0.09516222642276453
conditional-fit-0113,axis2_legal,374,0.05314755431870291
conditional-fit-0113,axis2_legal,375,0.1268971045974468
conditional-fit-0113,axis2_legal,376,0.0007143198631713318
conditional-fit-0113,axis2_legal,377,0.07530296738730897
conditional-fit-0113,axis2_legal,378,0.0076733030513974195
conditional-fit-0113,axis2_legal,379,0.04616717629200984
conditional-fit-0113,axis2_legal,380,0.11711688262077369
conditional-fit-0113,axis2_legal,381,0.15754426086497236
conditional-fit-0113,axis2_legal,382,0.0008306993894126916
conditional-fit-0113,axis2_legal,383,0.0355445543315499
conditional-fit-0113,axis2_legal,384,0.006880578953911382
conditional-fit-0113,axis2_legal,385,0.0530002924714465
conditional-fit-0113,axis2_legal,386,0.07353826412776798
conditional-fit-0113,axis2_legal,387,0.022253184519996683
conditional-fit-0113,axis2_legal,388,0.1699467455701281
conditional-fit-0113,axis2_legal,389,0.03777584263501696
conditional-fit-0113,axis2_legal,390,0.0808735943416016
conditional-fit-0113,axis2_legal,391,0.030825141671064038
conditional-fit-0113,axis2_legal,392,0.00314456932239181
conditional-fit-0113,axis2_legal,393,7.426246443474967e-05
conditional-fit-0113,axis2_legal,394,1.4454163001983766e-05
conditional-fit-0113,axis2_legal,395,0.0353290729268953
conditional-fit-0113,axis2_legal,396,0.1753497220080398
conditional-fit-0113,axis2_legal,397,0.18903633712874135
conditional-fit-0113,axis2_legal,398,0.03963209621038177
conditional-fit-0113,axis2_legal,399,0.00320888902289116
conditional-fit-0113,axis2_legal,400,0.019738831855392575
conditional-fit-0113,axis2_legal,401,0.05500101953591121
conditional-fit-0113,axis2_legal,402,0.22323703680879134
conditional-fit-0113,axis2_legal,403,0.007082412041121602
conditional-fit-0113,axis2_legal,404,0.022918163889702463
conditional-fit-0113,axis2_legal,405,0.07386397931285059
conditional-fit-0113,axis2_legal,406,0.004091112856804744
conditional-fit-0113,axis2_legal,407,0.0015928968425158298
conditional-fit-0113,axis2_legal,408,0.0003456497903223813
conditional-fit-0113,axis2_legal,409,0.10407197648237378
conditional-fit-0113,axis2_legal,410,0.0038496597177483513
conditional-fit-0113,axis2_legal,411,0.004543122984242922
conditional-fit-0113,axis2_legal,412,0.01448981810796093
conditional-fit-0113,axis2_legal,413,0.06045518942443103
conditional-fit-0113,axis2_legal,414,0.010390105599837782
conditional-fit-0113,axis2_legal,415,0.047383214856203004
conditional-fit-0113,axis2_legal,416,0.1688760418268535
conditional-fit-0113,axis2_legal,417,0.032634677098571756
conditional-fit-0113,axis2_legal,418,0.005326388688944191
conditional-fit-0113,axis2_legal,419,0.05681824202202434
conditional-fit-0113,axis2_legal,420,0.31049628114810035
conditional-fit-0113,axis2_legal,421,0.09338606116489827
conditional-fit-0113,axis2_legal,422,0.2081911285099804
conditional-fit-0113,axis2_legal,423,0.3704252130131786
conditional-fit-0113,axis2_legal,424,0.07277566945598314
conditional-fit-0113,axis2_legal,425,0.010138929119404902
conditional-fit-0113,axis2_legal,426,0.22693223382448094
conditional-fit-0113,axis2_legal,427,0.17738083776180175
conditional-fit-0113,axis2_legal,428,0.10617201963425071
conditional-fit-0113,axis2_legal,429,0.039755865744293434
conditional-fit-0113,axis2_legal,430,0.1415646806853169
conditional-fit-0113,axis2_legal,431,0.0685058859934088
conditional-fit-0113,axis2_legal,432,0.8708359586212068
conditional-fit-0113,axis2_legal,433,0.09805744591220585
conditional-fit-0113,axis2_legal,434,0.1302618615692071
conditional-fit-0113,axis2_legal,435,0.026029099122114062
conditional-fit-0113,axis2_legal,436,0.20394776447756047
conditional-fit-0113,axis2_legal,437,0.014208884327668656
conditional-fit-0113,axis2_legal,438,0.05526926638887036
conditional-fit-0113,axis2_legal,439,0.15361110505090875
conditional-fit-0113,axis2_legal,440,0.27342218177620004
conditional-fit-0113,axis2_legal,441,0.05166599982685423
conditional-fit-0113,axis2_legal,442,0.12130841170032876
conditional-fit-0113,axis2_legal,443,0.11803412372022619
conditional-fit-0113,axis2_legal,444,0.07442184935848152
conditional-fit-0113,axis2_legal,445,0.027785282039607326
conditional-fit-0113,axis2_legal,446,0.07405532191829207
conditional-fit-0113,axis2_legal,447,0.26124320794411704
conditional-fit-0113,axis2_legal,448,0.2714501117920321
conditional-fit-0113,axis2_legal,449,0.1108139843616415
conditional-fit-0113,axis2_legal,450,0.06259247496259311
conditional-fit-0113,axis2_legal,451,0.1261728349579775
conditional-fit-0113,axis2_legal,452,0.00020032335971694538
conditional-fit-0113,axis2_legal,453,0.0010707192816048943
conditional-fit-0113,axis2_legal,454,0.05727586226239162
conditional-fit-0113,axis2_legal,455,0.02510906299493021
conditional-fit-0113,axis2_legal,456,0.0026150450851370245
conditional-fit-0113,axis2_legal,457,0.736175295441811
conditional-fit-0113,axis2_legal,458,0.0473387345600423
conditional-fit-0113,axis2_legal,459,0.06893479577744496
conditional-fit-0113,axis2_legal,460,0.002302369629921778
conditional-fit-0113,axis2_legal,461,0.0019829690980067236
conditional-fit-0113,axis2_legal,462,0.0012367479580976518
conditional-fit-0113,axis2_legal,463,0.01724522458352562
conditional-fit-0113,axis2_legal,464,0.02588493117500895
conditional-fit-0113,axis2_legal,465,0.00020748391402600729
conditional-fit-0113,axis2_legal,466,0.001451989359510461
conditional-fit-0113,axis2_legal,467,0.005066652941551544
conditional-fit-0113,axis2_legal,468,0.9124946735386569
conditional-fit-0113,axis2_legal,469,0.14451775753870225
conditional-fit-0113,axis2_legal,470,0.04669289066556954
conditional-fit-0113,axis2_legal,471,0.015329412165978515
conditional-fit-0113,axis2_legal,472,0.04746564134937752
conditional-fit-0113,axis2_legal,473,0.0021318142489393063
conditional-fit-0113,axis2_legal,474,0.009388121670500052
conditional-fit-0113,axis2_legal,475,0.005559400094955841
conditional-fit-0113,axis2_legal,476,0.0008047762995349166
conditional-fit-0113,axis2_legal,477,0.00043983870407027833
conditional-fit-0113,axis2_legal,478,0.0010909516930313206
conditional-fit-0113,axis2_legal,479,0.02594188016260727
conditional-fit-0113,axis2_legal,480,0.1001217425892763
conditional-fit-0113,axis2_legal,481,0.03367008175619847
conditional-fit-0113,axis2_legal,482,0.0005890791728939424
conditional-fit-0113,axis2_legal,483,0.00046511205292666766
conditional-fit-0113,axis2_legal,484,0.024490562655457578
conditional-fit-0113,axis2_legal,485,0.0356466193234803
conditional-fit-0113,axis2_legal,486,0.000201845500811603
conditional-fit-0113,axis2_legal,487,0.0010096223728782152
conditional-fit-0113,axis2_legal,488,0.0005732288724934111
conditional-fit-0113,axis2_legal,489,0.0013484749355726791
conditional-fit-0113,axis2_legal,490,0.00034066795423322207
conditional-fit-0113,axis2_legal,491,0.00023183514561187448
conditional-fit-0113,axis2_legal,492,0.07859367292636354
conditional-fit-0113,axis2_legal,493,0.09021511715492406
conditional-fit-0113,axis2_legal,494,0.0007832446094107894
conditional-fit-0113,axis2_legal,495,0.0004894520407385322
conditional-fit-0113,axis2_legal,496,0.00011799832277245673
conditional-fit-0113,axis2_legal,497,4.852140365826825e-05
conditional-fit-0113,axis2_legal,498,0.023219097266110364
conditional-fit-0113,axis2_legal,499,0.007479950431356578
conditional-fit-0113,axis2_legal,500,0.0004414707569137086
conditional-fit-0113,axis2_legal,501,0.0013666596714819344
conditional-fit-0113,axis2_legal,502,0.0001682349355581665
conditional-fit-0113,axis2_legal,503,1.425181844172391
conditional-fit-0113,axis2_legal,504,0.0006826838578496395
conditional-fit-0113,axis2_legal,505,0.00011221989262163884
conditional-fit-0113,axis2_legal,506,0.00033083905479552227
conditional-fit-0113,axis2_legal,507,0.0002201085086537117
conditional-fit-0113,axis2_legal,508,0.0033922648103769213
conditional-fit-0113,axis2_legal,509,0.07138307490464665
conditional-fit-0113,axis2_legal,510,0.6692224361457151
conditional-fit-0113,axis2_legal,511,0.00020441004230599427
conditional-fit-0113,axis2_legal,512,0.00012119509072893277
conditional-fit-0113,axis2_legal,513,0.05649388627834667
conditional-fit-0113,axis2_legal,514,0.011926941825858222
conditional-fit-0113,axis2_legal,515,0.003211790566667954
conditional-fit-0113,axis2_legal,516,0.0013992516749406184
conditional-fit-0113,axis2_legal,517,0.0002287254314041869
conditional-fit-0113,axis2_legal,518,0.0001451654937571741
conditional-fit-0113,axis2_legal,519,0.052186808865293706
conditional-fit-0113,axis2_legal,520,0.09933654185231375
conditional-fit-0113,axis2_legal,521,0.004344182545312441
conditional-fit-0113,axis2_legal,522,0.001914077864120696
conditional-fit-0113,axis2_legal,523,0.00021148374133756132
conditional-fit-0113,axis2_legal,524,0.003862847876686266
conditional-fit-0113,axis2_legal,525,0.0012497700727905168
conditional-fit-0113,axis2_legal,526,0.00036857000224158856
conditional-fit-0113,axis2_legal,527,0.00011022223125919231
conditional-fit-0113,axis2_legal,528,0.0008097356425065104
conditional-fit-0113,axis2_legal,529,0.039325792007986866
conditional-fit-0113,axis2_legal,530,0.009375870296675876
conditional-fit-0113,axis2_legal,531,0.014273355217431213
conditional-fit-0113,axis2_legal,532,0.0013907345145162953
conditional-fit-0113,axis2_legal,533,0.006892123841903376
conditional-fit-0113,axis2_legal,534,1.7116507321166335e-05
conditional-fit-0113,axis2_legal,535,0.0326180339759643
conditional-fit-0113,axis2_legal,536,0.0008824623180962444
conditional-fit-0113,axis2_legal,537,0.0005253805974550325
conditional-fit-0113,axis2_legal,538,0.0001253276984435586
conditional-fit-0113,axis2_legal,539,0.0009114365989420308
conditional-fit-0113,axis2_legal,540,0.0006540747216783819
conditional-fit-0113,axis2_legal,541,0.00014349783421872348
conditional-fit-0113,axis2_legal,542,0.009598312953202705
conditional-fit-0113,axis2_legal,543,0.0006544405866138998
conditional-fit-0113,axis2_legal,544,0.0037168573415070835
conditional-fit-0113,axis2_legal,545,0.0002789812037677739
conditional-fit-0113,axis2_legal,546,0.1674108094375819
conditional-fit-0113,axis2_legal,547,0.016735712526219203
conditional-fit-0113,axis2_legal,548,0.01099588037252728
conditional-fit-0113,axis2_legal,549,0.0006428448069569022
conditional-fit-0113,axis2_legal,550,0.0006471075924195217
conditional-fit-0113,axis2_legal,551,0.13478930718340096
conditional-fit-0113,axis2_legal,552,0.13294256756895056
conditional-fit-0113,axis2_legal,553,0.055612157088726216
conditional-fit-0113,axis2_legal,554,0.15326942425930823
conditional-fit-0113,axis2_legal,555,0.007488261316799024
conditional-fit-0113,axis2_legal,556,0.0075771352988320845
conditional-fit-0113,axis2_legal,557,0.06013390013526008
conditional-fit-0113,axis2_legal,558,0.06267985379846878
conditional-fit-0113,axis2_legal,559,0.00260903390146203
conditional-fit-0113,axis2_legal,560,0.07417593166020071
conditional-fit-0113,axis2_legal,561,0.05355136842149155
conditional-fit-0113,axis2_legal,562,0.050537133229815706
conditional-fit-0113,axis2_legal,563,0.0017751458009413058
conditional-fit-0113,axis2_legal,564,0.0022981134332028205
conditional-fit-0113,axis2_legal,565,0.008658634953766661
conditional-fit-0113,axis2_legal,566,0.009776753164236051
conditional-fit-0113,axis2_legal,567,0.003918758368359221
conditional-fit-0113,axis2_legal,568,0.001065653730449412
conditional-fit-0113,axis2_legal,569,0.1251992163210448
conditional-fit-0113,axis2_legal,570,0.3300650456364222
conditional-fit-0113,axis2_legal,571,0.0006551999419151611
conditional-fit-0113,axis2_legal,572,0.009679488349564698
conditional-fit-0113,axis2_legal,573,0.0022994403700839056
conditional-fit-0113,axis2_legal,574,0.0015692521098537027
conditional-fit-0113,axis2_legal,575,0.013411017377147783
conditional-fit-0113,axis2_legal,576,0.002237171841421192
conditional-fit-0113,axis2_legal,577,0.0019828003689474887
conditional-fit-0113,axis2_legal,578,0.002649603315053654
conditional-fit-0113,axis2_legal,579,0.0006920107398674926
conditional-fit-0113,axis2_legal,580,0.001152459304486238
conditional-fit-0113,axis2_legal,581,0.0011509391461981867
conditional-fit-0113,axis2_legal,582,0.0026296707227148426
conditional-fit-0113,axis2_legal,583,0.001302424346634939
conditional-fit-0113,axis2_legal,584,0.00120916989559953
conditional-fit-0113,axis2_legal,585,0.0010315306795830625
conditional-fit-0113,axis2_legal,586,0.001121214853100723
conditional-fit-0113,axis2_legal,587,0.15086912216588141
conditional-fit-0113,axis2_legal,588,0.404124899072852
conditional-fit-0113,axis2_legal,589,0.004254787427419886
conditional-fit-0113,axis2_legal,590,0.05409484626890472
conditional-fit-0113,axis2_legal,591,0.005445674240499739
conditional-fit-0113,axis2_legal,592,0.00018977954709075215
conditional-fit-0113,axis2_legal,593,0.002857215421008898
conditional-fit-0113,axis2_legal,594,0.0005268588630323239
conditional-fit-0113,axis2_legal,595,0.0002278743773191094
conditional-fit-0113,axis2_legal,596,0.0012751372568217284
conditional-fit-0113,axis2_legal,597,0.0035880685271478022
conditional-fit-0113,axis2_legal,598,0.0002750090453507594
conditional-fit-0113,axis2_legal,599,0.00029813075427820323
conditional-fit-0113,axis2_legal,600,0.0005283848708868839
conditional-fit-0113,axis2_legal,601,0.0005931723734087245
conditional-fit-0113,axis2_legal,602,0.00010944354203188303
conditional-fit-0113,axis2_legal,603,0.00471292256016965
conditional-fit-0113,axis2_legal,604,0.0011355093473302195
conditional-fit-0113,axis2_legal,605,0.0002470503183452944
conditional-fit-0113,axis2_legal,606,7.787448085125452e-05
conditional-fit-0113,axis2_legal,607,8.62767765388474e-05
conditional-fit-0113,axis2_legal,608,2.440057595480894e-05
conditional-fit-0113,axis2_legal,609,0.0048812965921085655
conditional-fit-0113,axis2_legal,610,0.0029441676520942086
conditional-fit-0113,axis2_legal,611,0.0015295504075470518
conditional-fit-0113,axis2_legal,612,0.0001238079938878174
conditional-fit-0113,axis2_legal,613,1.8938582023283373e-05
conditional-fit-0113,axis2_legal,614,0.00030428444533446276
conditional-fit-0113,axis2_legal,615,4.7154458462342284e-05
conditional-fit-0113,axis2_legal,616,0.0003962439430315292
conditional-fit-0113,axis2_legal,617,0.0010415764077099051
conditional-fit-0113,axis2_legal,618,0.004073467464582893
conditional-fit-0113,axis2_legal,619,0.012868881533829325
conditional-fit-0113,axis2_legal,620,0.006925655755289115
conditional-fit-0113,axis2_legal,621,5.8623648668289e-05
conditional-fit-0113,axis2_legal,622,0.0021677797762833604
conditional-fit-0113,axis2_legal,623,0.000300221786259108
conditional-fit-0113,axis2_legal,624,0.00027157907820872084
conditional-fit-0113,axis2_legal,625,0.00021309612954644754
conditional-fit-0113,axis2_legal,626,0.0010526481470024076
conditional-fit-0113,axis2_legal,627,0.00023883448612745892
conditional-fit-0113,axis2_legal,628,0.00043817602677320765
conditional-fit-0113,axis2_legal,629,0.00017557057845149103
conditional-fit-0113,axis2_legal,630,0.00011046102868581526
conditional-fit-0113,axis2_legal,631,4.475275279151606e-05
conditional-fit-0113,axis2_legal,632,7.363705172522958e-05
conditional-fit-0113,axis2_legal,633,0.0005776662378791112
conditional-fit-0113,axis2_legal,634,0.0007807386311274766
conditional-fit-0113,axis2_legal,635,0.00016546354239119334
conditional-fit-0113,axis2_legal,636,0.000105970806826931
conditional-fit-0113,axis2_legal,637,0.00018979802627360192
conditional-fit-0113,axis2_legal,638,0.18420019823268247
conditional-fit-0113,axis2_legal,639,0.0020364713421533944
conditional-fit-0113,axis2_legal,640,0.00013587463331906204
conditional-fit-0113,axis2_legal,641,2.9987992502202348e-05
conditional-fit-0113,axis2_legal,642,0.00040974367022793214
conditional-fit-0113,axis2_legal,643,0.00015903132952714105
conditional-fit-0113,axis2_legal,644,0.0012270470963266751
conditional-fit-0113,axis2_legal,645,0.0672319604915753
conditional-fit-0113,axis2_legal,646,7.248443351405144e-05
conditional-fit-0113,axis2_legal,647,0.0005707672394271496
conditional-fit-0113,axis2_legal,648,0.008161688372332077
conditional-fit-0113,axis2_legal,649,0.0012863094683713025
conditional-fit-0113,axis2_legal,650,2.5601937971327735e-05
conditional-fit-0113,axis2_legal,651,9.350889082483844e-05
conditional-fit-0113,axis2_legal,652,8.2842581783298e-05
conditional-fit-0113,axis2_legal,653,1.9089081855950108e-05
conditional-fit-0113,axis2_legal,654,4.865163635223942e-05
conditional-fit-0113,axis2_legal,655,7.294075801800689e-05
conditional-fit-0113,axis2_legal,656,1.7696552143503988e-05
conditional-fit-0113,axis2_legal,657,0.00027672413608730473
conditional-fit-0113,axis2_legal,658,3.480106453201715e-05
conditional-fit-0113,axis2_legal,659,0.0001963790860852226
conditional-fit-0113,axis2_legal,660,0.00014310787773119126
conditional-fit-0113,axis2_legal,661,8.508842746424836e-05
conditional-fit-0113,axis2_legal,662,3.3848570147519215e-05
conditional-fit-0113,axis2_legal,663,0.0007776191315615854
conditional-fit-0113,axis2_legal,664,2.1797084593028635e-05
conditional-fit-0113,axis2_legal,665,0.0002998924753668734
conditional-fit-0113,axis2_legal,666,2.9845839827077012e-05
conditional-fit-0113,axis2_legal,667,8.280535346679817e-06
conditional-fit-0113,axis2_legal,668,0.0026589759921228934
conditional-fit-0113,axis2_legal,669,0.0003523122118458484
conditional-fit-0113,axis2_legal,670,0.00012767783491519783
conditional-fit-0113,axis2_legal,671,6.862878847920052e-05
conditional-fit-0113,axis2_legal,672,8.606886463410881e-05
conditional-fit-0113,axis2_legal,673,0.00013050547522855263
conditional-fit-0113,axis2_legal,674,7.620192627913564e-05
conditional-fit-0113,axis2_legal,675,0.00010599183976687356
conditional-fit-0113,axis2_legal,676,0.00035559080918095404
conditional-fit-0113,axis2_legal,677,0.0008535202972977285
conditional-fit-0113,axis2_legal,678,0.0005615812000954007
conditional-fit-0113,axis2_legal,679,5.1384716319822165e-05
conditional-fit-0113,axis2_legal,680,0.00011030007957727481
conditional-fit-0113,axis2_legal,681,3.5215278575138984e-05
conditional-fit-0113,axis2_legal,682,9.633016431521941e-05
conditional-fit-0113,axis2_legal,683,4.4566299840682475e-05
conditional-fit-0113,axis2_legal,684,8.040944970971555e-05
conditional-fit-0113,axis2_legal,685,6.792606240651444e-05
conditional-fit-0113,axis2_legal,686,0.00044261468393239675
conditional-fit-0113,axis2_legal,687,0.000239684353168509
conditional-fit-0113,axis2_legal,688,0.001410636414442268
conditional-fit-0113,axis2_legal,689,0.00016902737724604168
conditional-fit-0113,axis2_legal,690,0.00012013277784587572
conditional-fit-0113,axis2_legal,691,0.08012592771125576
conditional-fit-0113,axis2_legal,692,0.10117603677767154
conditional-fit-0113,axis2_legal,693,0.008254052448160267
conditional-fit-0113,axis2_legal,694,0.049890329656922805
conditional-fit-0113,axis2_legal,695,0.11354868316368921
conditional-fit-0113,axis2_legal,696,0.11865992841793921
conditional-fit-0113,axis2_legal,697,0.16285226622178228
conditional-fit-0113,axis2_legal,698,0.03269823908093801
conditional-fit-0113,axis2_legal,699,0.0202031064139155
conditional-fit-0113,axis2_legal,700,0.11554997970644672
conditional-fit-0113,axis2_legal,701,0.11955743654781649
conditional-fit-0113,axis2_legal,702,0.08159418339957014
conditional-fit-0113,axis2_legal,703,0.04649397971325479
conditional-fit-0113,axis2_legal,704,0.03128695449826669
conditional-fit-0113,axis2_legal,705,0.04206945350317212
conditional-fit-0113,axis2_legal,706,0.02222958963511094
conditional-fit-0113,axis2_legal,707,0.01704102408213593
conditional-fit-0113,axis2_legal,708,0.05568378115668885
conditional-fit-0113,axis2_legal,709,0.09607308242376772
conditional-fit-0113,axis2_legal,710,0.09323493591670615
conditional-fit-0113,axis2_legal,711,0.0926811527442567
conditional-fit-0113,axis2_legal,712,0.0033849347265907884
conditional-fit-0113,axis2_legal,713,0.12245208717543556
conditional-fit-0113,axis2_legal,714,0.0006989517539320181
conditional-fit-0113,axis2_legal,715,0.00020387989879905175
conditional-fit-0113,axis2_legal,716,0.11305686265209068
conditional-fit-0113,axis2_legal,717,0.24339856862921147
conditional-fit-0113,axis2_legal,718,0.028365023365984215
conditional-fit-0113,axis2_legal,719,0.06494480367442405
conditional-fit-0113,axis2_legal,720,0.08312943131700141
conditional-fit-0113,axis2_legal,721,0.0531152088937688
conditional-fit-0113,axis2_legal,722,0.16532182343979074
conditional-fit-0113,axis2_legal,723,0.3482620881882661
conditional-fit-0113,axis2_legal,724,0.013038749008078065
conditional-fit-0113,axis2_legal,725,0.051379219811026444
conditional-fit-0113,axis2_legal,726,0.07432296178329414
conditional-fit-0113,axis2_legal,727,0.016258170568055164
conditional-fit-0113,axis2_legal,728,0.07068544646632235
conditional-fit-0113,axis2_legal,729,0.14935086152552451
conditional-fit-0113,axis2_legal,730,0.07710169803910374
conditional-fit-0113,axis2_legal,731,0.08190037689448908
conditional-fit-0113,axis2_legal,732,0.0468490261016261
conditional-fit-0113,axis2_legal,733,0.04412614203855454
conditional-fit-0113,axis2_legal,734,0.04971523891283821
conditional-fit-0113,axis2_legal,735,0.13789225582247072
conditional-fit-0113,axis2_legal,736,0.05448973292764689
conditional-fit-0113,axis2_legal,737,0.03904626714854857
conditional-fit-0113,axis2_legal,738,0.043664302198687936
conditional-fit-0113,axis2_legal,739,0.06125860251543044
conditional-fit-0113,axis2_legal,740,0.019176745490690494
conditional-fit-0113,axis2_legal,741,0.043147134420472834
conditional-fit-0113,axis2_legal,742,0.021575068871155432
conditional-fit-0113,axis2_legal,743,0.028175014753340846
conditional-fit-0113,axis2_legal,744,0.01937590314432508
conditional-fit-0113,axis2_legal,745,0.04095676956885467
conditional-fit-0113,axis2_legal,746,0.13989985107621794
conditional-fit-0113,axis2_legal,747,0.0034953849041456757
conditional-fit-0113,axis2_legal,748,0.03972755442602391
conditional-fit-0113,axis2_legal,749,0.05114692072516937
conditional-fit-0113,axis2_legal,750,0.08600919648809154
conditional-fit-0113,axis2_legal,751,0.10940616962112426
conditional-fit-0113,axis2_legal,752,0.00030291163122450756
conditional-fit-0113,axis2_legal,753,0.02414540582965559
conditional-fit-0113,axis2_legal,754,0.06645471137361997
conditional-fit-0113,axis2_legal,755,0.111783434029154
conditional-fit-0113,axis2_legal,756,0.11259440620870656
conditional-fit-0113,axis2_legal,757,0.17224419343499578
conditional-fit-0113,axis2_legal,758,0.000672354467251247
conditional-fit-0113,axis2_legal,759,0.10110904884147964
conditional-fit-0113,axis2_legal,760,0.003534601445608561
conditional-fit-0113,axis2_legal,761,0.4131376205136108
conditional-fit-0113,axis2_legal,762,0.0009023728978752364
conditional-fit-0113,axis2_legal,763,0.040843267839274895
conditional-fit-0113,axis2_legal,764,0.027519692071745858
conditional-fit-0113,axis2_legal,765,0.006118488032898065
conditional-fit-0113,axis2_legal,766,0.013917371657868632
conditional-fit-0113,axis2_legal,767,0.015471095118773044
conditional-fit-0113,axis2_legal,768,0.0008279172441659363
conditional-fit-0113,axis2_legal,769,0.0011205881578179838
conditional-fit-0113,axis2_legal,770,0.0001922625461266406
conditional-fit-0113,axis2_legal,771,7.44188189087905e-05
conditional-fit-0113,axis2_legal,772,0.03188237524132444
conditional-fit-0113,axis2_legal,773,0.009724397011089722
conditional-fit-0113,axis2_legal,774,0.04949688083496304
conditional-fit-0113,axis2_legal,775,0.014642579948693599
conditional-fit-0113,axis2_legal,776,0.0004465927137026326
conditional-fit-0113,axis2_legal,777,0.10611728551498807
conditional-fit-0113,axis2_legal,778,0.003478552783785599
conditional-fit-0113,axis2_legal,779,0.023916967115271838
conditional-fit-0113,axis2_legal,780,0.0006410073639105354
conditional-fit-0113,axis2_legal,781,0.0005380298766482725
conditional-fit-0113,axis2_legal,782,0.04257965039837562
conditional-fit-0113,axis2_legal,783,0.0455407082219459
conditional-fit-0113,axis2_legal,784,0.0023788256567504142
conditional-fit-0113,axis2_legal,785,0.02159416697263296
conditional-fit-0113,axis2_legal,786,0.03370238352693118
conditional-fit-0113,axis2_legal,787,0.004074846701994228
conditional-fit-0113,axis2_legal,788,0.043961008538177485
conditional-fit-0113,axis2_legal,789,0.027939509422499422
conditional-fit-0113,axis2_legal,790,0.03885955298937112
conditional-fit-0113,axis2_legal,791,0.052032422462878494
conditional-fit-0113,axis2_legal,792,0.121850431317228
conditional-fit-0113,axis2_legal,793,0.003882862798210444
conditional-fit-0113,axis2_legal,794,0.069280533600621
conditional-fit-0113,axis2_legal,795,0.005646897268805003
conditional-fit-0113,axis2_legal,796,0.0030573007540387813
conditional-fit-0113,axis2_legal,797,0.005242144412035098
conditional-fit-0113,axis2_legal,798,0.00014016098408522893
conditional-fit-0113,axis2_legal,799,0.004137059036562967
conditional-fit-0113,axis2_legal,800,0.055325646958958065
conditional-fit-0113,axis2_legal,801,0.020648396673843793
conditional-fit-0113,axis2_legal,802,0.04917231031342084
conditional-fit-0113,axis2_legal,803,0.0031480303519707386
conditional-fit-0113,axis2_legal,804,0.0013254125716187196
conditional-fit-0113,axis2_legal,805,0.035091386273631946
conditional-fit-0113,axis2_legal,806,0.0969244318056401
conditional-fit-0113,axis2_legal,807,0.0519548805585058
conditional-fit-0113,axis2_legal,808,0.01034140110687039
conditional-fit-0113,axis2_legal,809,0.004395935145829879
conditional-fit-0113,axis2_legal,810,0.03199895723551161
conditional-fit-0113,axis2_legal,811,0.04030833294483767
conditional-fit-0113,axis2_legal,812,0.10852384494034223
conditional-fit-0113,axis2_legal,813,0.015417444230463418
conditional-fit-0113,axis2_legal,814,0.007491800942244149
conditional-fit-0113,axis2_legal,815,0.04640541524009646
conditional-fit-0113,axis2_legal,816,0.0340521433020186
conditional-fit-0113,axis2_legal,817,0.03559594749319479
conditional-fit-0113,axis2_legal,818,0.032687804429038535
conditional-fit-0113,axis2_legal,819,0.04558339408725693
conditional-fit-0113,axis2_legal,820,0.004139680829689062
conditional-fit-0113,axis2_legal,821,0.1195192828127232
conditional-fit-0113,axis2_legal,822,0.0010823926160946327
conditional-fit-0113,axis2_legal,823,9.517103007590379e-05
conditional-fit-0113,axis2_legal,824,0.025000654144748266
conditional-fit-0113,axis2_legal,825,0.013198092573142362
conditional-fit-0113,axis2_legal,826,0.017591392229825118
conditional-fit-0113,axis2_legal,827,0.07952308901605101
conditional-fit-0113,axis2_legal,828,0.07117620465471225
conditional-fit-0113,axis2_legal,829,0.028013914753356052
conditional-fit-0113,axis2_legal,830,0.024378217705947548
conditional-fit-0113,axis2_legal,831,0.013453802143455346
conditional-fit-0113,axis2_legal,832,0.031827372018724064
conditional-fit-0113,axis2_legal,833,0.011589453456303099
conditional-fit-0113,axis2_legal,834,0.009848930773764338
conditional-fit-0113,axis2_legal,835,0.02847045452835754
conditional-fit-0113,axis2_legal,836,0.03918449647387831
conditional-fit-0113,axis2_legal,837,0.0632544758975963
conditional-fit-0113,axis2_legal,838,0.03721767417338129
conditional-fit-0113,axis2_legal,839,0.025854714644435853
conditional-fit-0113,axis2_legal,840,0.027995153734789245
conditional-fit-0113,axis2_legal,841,0.011278975448269448
conditional-fit-0113,axis2_legal,842,0.018648823952273137
conditional-fit-0113,axis2_legal,843,0.01521663909803506
conditional-fit-0113,axis2_legal,844,0.04587563466881365
conditional-fit-0113,axis2_legal,845,0.05804742090618553
conditional-fit-0113,axis2_legal,846,0.02973353551988353
conditional-fit-0113,axis2_legal,847,0.016469792940413733
conditional-fit-0113,axis2_legal,848,0.018586948875728912
conditional-fit-0113,axis2_legal,849,0.02888426325991244
conditional-fit-0113,axis2_legal,850,0.0402278297300553
conditional-fit-0113,axis2_legal,851,0.020347498720628708
conditional-fit-0113,axis2_legal,852,0.017378083678575733
conditional-fit-0113,axis2_legal,853,0.012942572158002957
conditional-fit-0113,axis2_legal,854,0.005970360895704782
conditional-fit-0113,axis2_legal,855,0.02684191402222895
conditional-fit-0113,axis2_legal,856,0.002089891246413924
conditional-fit-0113,axis2_legal,857,0.008781773628607228
conditional-fit-0113,axis2_legal,858,0.026218680353100956
conditional-fit-0113,axis2_legal,859,0.0004015108392640133
conditional-fit-0113,axis2_legal,860,0.04545665225874526
conditional-fit-0113,axis2_legal,861,0.018503224408674007
conditional-fit-0113,axis2_legal,862,0.0052311221628122415
conditional-fit-0113,axis2_legal,863,0.018413578663751925
conditional-fit-0113,axis2_legal,864,0.03702438999651026
conditional-fit-0113,axis2_legal,865,0.011796682399629473
conditional-fit-0113,axis2_legal,866,0.03384226522206163
conditional-fit-0113,axis2_legal,867,0.04107991564137999
conditional-fit-0113,axis2_legal,868,0.016264137683604796
conditional-fit-0113,axis2_legal,869,0.041771526111758515
conditional-fit-0113,axis2_legal,870,0.007696361367661452
conditional-fit-0113,axis2_legal,871,0.028744503516006086
conditional-fit-0113,axis2_legal,872,0.02009842731810455
conditional-fit-0113,axis2_legal,873,0.00031352422265657056
conditional-fit-0113,axis2_legal,874,0.011336157828315464
conditional-fit-0113,axis2_legal,875,0.01612845378956318
conditional-fit-0113,axis2_legal,876,0.008033824048193281
conditional-fit-0113,axis2_legal,877,0.03283207647805403
conditional-fit-0113,axis2_legal,878,0.009495279216360383
conditional-fit-0113,axis2_legal,879,0.013510020331152381
conditional-fit-0113,axis2_legal,880,0.02066082406243664
conditional-fit-0113,axis2_legal,881,0.013913483634746131
conditional-fit-0113,axis2_legal,882,0.005049052181841507
conditional-fit-0113,axis2_legal,883,0.004129235240263104
conditional-fit-0113,axis2_legal,884,0.003948973691189343
conditional-fit-0113,axis2_legal,885,0.02050910888347306
conditional-fit-0113,axis2_legal,886,0.006622205183080618
conditional-fit-0113,axis2_legal,887,0.00839365105324226
conditional-fit-0113,axis2_legal,888,0.03091385638504305
conditional-fit-0113,axis2_legal,889,0.017695727272340915
conditional-fit-0113,axis2_legal,890,0.01099094578723031
conditional-fit-0113,axis2_legal,891,0.007943304486863326
conditional-fit-0113,axis2_legal,892,0.001550528388681651
conditional-fit-0113,axis2_legal,893,0.001115810834023
conditional-fit-0113,axis2_legal,894,0.0072715622591962015
conditional-fit-0113,axis2_legal,895,0.035225778679381606
conditional-fit-0113,axis2_legal,896,0.015546508878037758
conditional-fit-0113,axis2_legal,897,0.0497368262129242
conditional-fit-0113,axis2_legal,898,0.03846493390942117
conditional-fit-0113,axis2_legal,899,0.06663857697101222
conditional-fit-0113,axis2_legal,900,0.09546804149745573
conditional-fit-0113,axis2_legal,901,0.013640156024263522
conditional-fit-0113,axis2_legal,902,0.009600071105932965
conditional-fit-0113,axis2_legal,903,0.010988034160885396
conditional-fit-0113,axis2_legal,904,0.019812841580494824
conditional-fit-0113,axis2_legal,905,0.0033074386104902927
conditional-fit-0113,axis2_legal,906,0.027983753032301315
conditional-fit-0113,axis2_legal,907,0.047427458875586664
conditional-fit-0113,axis2_legal,908,0.00998605863272355
conditional-fit-0113,axis2_legal,909,0.005712511111168444
conditional-fit-0113,axis2_legal,910,0.02071223030510204
conditional-fit-0113,axis2_legal,911,0.0016010068902008456
conditional-fit-0113,axis2_legal,912,0.010674422436384827
conditional-fit-0113,axis2_legal,913,0.03383297176528473
conditional-fit-0113,axis2_legal,914,0.02228902856400527
conditional-fit-0113,axis2_legal,915,0.007976129070830902
conditional-fit-0113,axis2_legal,916,0.020491263253397146
conditional-fit-0113,axis2_legal,917,0.01268970036883936
conditional-fit-0113,axis2_legal,918,0.015151303407570064
conditional-fit-0113,axis2_legal,919,0.0006907192600706113
conditional-fit-0113,axis2_legal,920,0.0161698037714498
conditional-fit-0113,axis2_legal,921,0.017906219346804083
conditional-fit-0113,axis2_legal,922,0.0441069010231387
conditional-fit-0113,axis2_legal,923,0.030623835719937143
conditional-fit-0113,axis2_legal,924,0.00021381663970922922
conditional-fit-0113,axis2_legal,925,0.002368090982569267
conditional-fit-0113,axis2_legal,926,0.0244333415189095
conditional-fit-0113,axis2_legal,927,0.0005317085380229676
conditional-fit-0113,axis2_legal,928,0.009623276674903931
conditional-fit-0113,axis2_legal,929,0.01217988107810355
conditional-fit-0113,axis2_legal,930,0.015977094315321495
conditional-fit-0113,axis2_legal,931,0.0051107519460992686
conditional-fit-0113,axis2_legal,932,0.02384114863978178
conditional-fit-0113,axis2_legal,933,0.025247468936486498
conditional-fit-0113,axis2_legal,934,0.027745910531604696
conditional-fit-0113,axis2_legal,935,0.006771691953972191
conditional-fit-0113,axis2_legal,936,0.007490079504338167
conditional-fit-0113,axis2_legal,937,0.03442681605194711
conditional-fit-0113,axis2_legal,938,0.01846082616097036
conditional-fit-0113,axis2_legal,939,0.015178887005072087
conditional-fit-0113,axis2_legal,940,0.0027282189175380812
conditional-fit-0113,axis2_legal,941,0.00600470454886258
conditional-fit-0113,axis2_legal,942,0.015858126694267456
conditional-fit-0113,axis2_legal,943,0.004465100428410204
conditional-fit-0113,axis2_legal,944,0.0010311126466184361
conditional-fit-0113,axis2_legal,945,0.022319332808929487
conditional-fit-0113,axis2_legal,946,0.00961308387303196
conditional-fit-0113,axis2_legal,947,0.013968645050619264
conditional-fit-0113,axis2_legal,948,0.01877718617891866
conditional-fit-0113,axis2_legal,949,0.05984162254363555
conditional-fit-0113,axis2_legal,950,0.007501400792936371
conditional-fit-0113,axis2_legal,951,0.00011144113134900935
conditional-fit-0113,axis2_legal,952,0.043462721652616276
conditional-fit-0113,axis2_legal,953,0.01294636272135584
conditional-fit-0113,axis2_legal,954,0.00533442655475691
conditional-fit-0113,axis2_legal,955,0.007901905568524895
conditional-fit-0113,axis2_legal,956,0.011608860263488067
conditional-fit-0113,axis2_legal,957,0.0762392681304728
conditional-fit-0113,axis2_legal,958,0.009319229870364973
conditional-fit-0113,axis2_legal,959,0.017980292969540696
conditional-fit-0113,axis2_legal,960,0.028739289814056553
conditional-fit-0113,axis2_legal,961,0.02229722428487433
conditional-fit-0113,axis2_legal,962,0.018604340644816107
conditional-fit-0113,axis2_legal,963,0.010518149410289543
conditional-fit-0113,axis2_legal,964,0.005181014860839371
conditional-fit-0113,axis2_legal,965,0.00017031513844834443
conditional-fit-0113,axis2_legal,966,0.01950980181763782
conditional-fit-0113,axis2_legal,967,0.00032703201989876243
conditional-fit-0113,axis2_legal,968,0.017158601916635804
conditional-fit-0113,axis2_legal,969,0.04272120973869471
conditional-fit-0113,axis2_legal,970,0.03429103995850842
conditional-fit-0113,axis2_legal,971,0.016479438968269325
conditional-fit-0113,axis2_legal,972,0.0009913119685859523
conditional-fit-0113,axis2_legal,973,0.024932224761787983
conditional-fit-0113,axis2_legal,974,0.0033197548460084138
conditional-fit-0113,axis2_legal,975,0.007477987959074639
conditional-fit-0113,axis2_legal,976,0.02500422586693321
conditional-fit-0113,axis2_legal,977,0.02636935589953187
conditional-fit-0113,axis2_legal,978,0.04344643532374898
conditional-fit-0113,axis2_legal,979,0.0007136324192112189
conditional-fit-0113,axis2_legal,980,0.02054940520307731
conditional-fit-0113,axis2_legal,981,0.023910563621153465
conditional-fit-0113,axis2_legal,982,0.021563916236293446
conditional-fit-0113,axis2_legal,983,0.008137767127050523
conditional-fit-0113,axis2_legal,984,0.03285113427581246
conditional-fit-0113,axis2_legal,985,0.00037418992057206544
conditional-fit-0113,axis2_legal,986,0.013329913012771484
conditional-fit-0113,axis2_legal,987,0.009155559328984824
conditional-fit-0113,axis2_legal,988,0.013143207877881891
conditional-fit-0113,axis2_legal,989,0.026558841295948935
conditional-fit-0113,axis2_legal,990,0.06582400962386395
conditional-fit-0113,axis2_legal,991,0.0065359443889364795
conditional-fit-0113,axis2_legal,992,0.01859481206139047
conditional-fit-0113,axis2_legal,993,0.01731772172832886
conditional-fit-0113,axis2_legal,994,0.040459717261554284
conditional-fit-0113,axis2_legal,995,0.006054669122699207
conditional-fit-0113,axis2_legal,996,0.022412920431204623
conditional-fit-0113,axis2_legal,997,0.01756766028401801
conditional-fit-0113,axis2_legal,998,0.007084132165670859
conditional-fit-0113,axis2_legal,999,0.0511109001819966
conditional-fit-0113,axis2_legal,1000,0.0069903919412127825
conditional-fit-0113,axis2_legal,1001,0.009779745775366925
conditional-fit-0113,axis2_legal,1002,0.11858075051566941
conditional-fit-0113,axis2_legal,1003,0.018948455586583004
conditional-fit-0113,axis2_legal,1004,0.013576744825435662
conditional-fit-0113,axis2_legal,1005,0.015438617666091567
conditional-fit-0113,axis2_legal,1006,0.007086507306415173
conditional-fit-0113,axis2_legal,1007,0.012477478376962033
conditional-fit-0113,axis2_legal,1008,0.003382465659556008
conditional-fit-0113,axis2_legal,1009,0.009398878947404633
conditional-fit-0113,axis2_legal,1010,0.024595130523717236
conditional-fit-0113,axis2_legal,1011,0.0021336898735123903
conditional-fit-0113,axis2_legal,1012,0.0008865171881336986
conditional-fit-0113,axis2_legal,1013,0.018163642609325716
conditional-fit-0113,axis2_legal,1014,0.02737216556447602
conditional-fit-0113,axis2_legal,1015,0.03570391425030776
conditional-fit-0113,axis2_legal,1016,0.05428167276221263
conditional-fit-0113,axis2_legal,1017,0.000498357101920077
conditional-fit-0113,axis2_legal,1018,0.005523460163110221
conditional-fit-0113,axis2_legal,1019,0.011286735078993146
conditional-fit-0113,axis2_legal,1020,0.006672005414156526
conditional-fit-0113,axis2_legal,1021,0.0133891693011092
conditional-fit-0113,axis2_legal,1022,0.02229230324162544
conditional-fit-0113,axis2_legal,1023,0.007264964408900527
conditional-fit-0113,axis2_legal,1024,0.019287986635806595
conditional-fit-0113,axis2_legal,1025,0.15123080798070504
conditional-fit-0113,axis2_legal,1026,0.03367345934564266
conditional-fit-0113,axis2_legal,1027,0.025836456625641817
conditional-fit-0113,axis2_legal,1028,0.02046517183506777
conditional-fit-0113,axis2_legal,1029,0.007518681949159933
conditional-fit-0113,axis2_legal,1030,0.006172643653262918
conditional-fit-0113,axis2_legal,1031,0.0003366674118962048
conditional-fit-0113,axis2_legal,1032,0.00037095429610907156
conditional-fit-0113,axis2_legal,1033,0.0007706513545574006
conditional-fit-0113,axis2_legal,1034,0.004954573307524988
conditional-fit-0113,axis2_legal,1035,0.006899003282226458
conditional-fit-0113,axis2_legal,1036,0.020079990275140246
conditional-fit-0113,axis2_legal,1037,0.11257547838899218
conditional-fit-0113,axis2_legal,1038,0.00960607604773265
conditional-fit-0113,axis2_legal,1039,0.08694285430745095
conditional-fit-0113,axis2_legal,1040,0.07655201777005269
conditional-fit-0113,axis2_legal,1041,0.029587266412789887
conditional-fit-0113,axis2_legal,1042,0.025727347977278422
conditional-fit-0113,axis2_legal,1043,0.03320039644941836
conditional-fit-0113,axis2_legal,1044,0.02074930351027139
conditional-fit-0113,axis2_legal,1045,0.005776177796004391
conditional-fit-0113,axis2_legal,1046,0.024653341545779965
conditional-fit-0113,axis2_legal,1047,0.015011426611349271
conditional-fit-0113,axis2_legal,1048,0.010542127041481907
conditional-fit-0113,axis2_legal,1049,0.002489247618019049
conditional-fit-0113,axis2_legal,1050,0.001612183502204715
conditional-fit-0113,axis2_legal,1051,0.011529738232603566
conditional-fit-0113,axis2_legal,1052,0.008258514090656156
conditional-fit-0113,axis2_legal,1053,0.03598811956242142
conditional-fit-0113,axis2_legal,1054,0.02795214431316151
conditional-fit-0113,axis2_legal,1055,0.011790287094793489
conditional-fit-0113,axis2_legal,1056,0.00934124358337978
conditional-fit-0113,axis2_legal,1057,0.01769892555734949
conditional-fit-0113,axis2_legal,1058,0.07608394515059269
conditional-fit-0113,axis2_legal,1059,0.006572350658905589
conditional-fit-0113,axis2_legal,1060,0.017920373421852036
conditional-fit-0113,axis2_legal,1061,0.020074579274215007
conditional-fit-0113,axis2_legal,1062,0.0036579989830619244
conditional-fit-0113,axis2_legal,1063,0.0002592544703527112
conditional-fit-0113,axis2_legal,1064,0.013319160943276568
conditional-fit-0113,axis2_legal,1065,0.0030913950840518196
conditional-fit-0113,axis2_legal,1066,0.06871245892172317
conditional-fit-0113,axis2_legal,1067,0.009741102011614641
conditional-fit-0113,axis2_legal,1068,0.0023530673523490964
conditional-fit-0113,axis2_legal,1069,0.01263970401199693
conditional-fit-0113,axis2_legal,1070,0.04571956545362102
conditional-fit-0113,axis2_legal,1071,0.007450780472613515
conditional-fit-0113,axis2_legal,1072,0.0061257044151332984
conditional-fit-0113,axis2_legal,1073,0.012938960551713646
conditional-fit-0113,axis2_legal,1074,0.00028414384415977446
conditional-fit-0113,axis2_legal,1075,0.019720541257531702
conditional-fit-0113,axis2_legal,1076,0.007555582350467402
conditional-fit-0113,axis2_legal,1077,0.03819496081668107
conditional-fit-0113,axis2_legal,1078,0.043615078225781964
conditional-fit-0113,axis2_legal,1079,0.0114469215582985
conditional-fit-0113,axis2_legal,1080,0.013980343366879387
conditional-fit-0113,axis2_legal,1081,0.008739941343611182
conditional-fit-0113,axis2_legal,1082,0.07847910524208529
conditional-fit-0113,axis2_legal,1083,0.002407157907663807
conditional-fit-0113,axis2_legal,1084,0.00806796110037963
conditional-fit-0113,axis2_legal,1085,0.024266687313569225
conditional-fit-0113,axis2_legal,1086,0.007081328059033899
conditional-fit-0113,axis2_legal,1087,0.009830727463825772
conditional-fit-0113,axis2_legal,1088,0.008347361302490138
conditional-fit-0113,axis2_legal,1089,0.003462953147165259
conditional-fit-0113,axis2_legal,1090,0.00623736583092111
conditional-fit-0113,axis2_legal,1091,0.029792353429100457
conditional-fit-0113,axis2_legal,1092,0.0058320739257722385
conditional-fit-0113,axis2_legal,1093,0.002146359832228847
conditional-fit-0113,axis2_legal,1094,0.021396761263242553
conditional-fit-0113,axis2_legal,1095,0.00046271652322793456
conditional-fit-0113,axis2_legal,1096,0.002904829161580183
conditional-fit-0113,axis2_legal,1097,0.0013844128899486345
conditional-fit-0113,axis2_legal,1098,0.046549902174334856
conditional-fit-0113,axis2_legal,1099,0.009939230205911722
conditional-fit-0113,axis2_legal,1100,0.027877276990114275
conditional-fit-0113,axis2_legal,1101,0.01732769519894649
conditional-fit-0113,axis2_legal,1102,0.1507676493551642
conditional-fit-0113,axis2_legal,1103,0.0067802321404722855
conditional-fit-0113,axis2_legal,1104,0.04053184207530905
conditional-fit-0113,axis2_legal,1105,0.009658423412485812
conditional-fit-0113,axis2_legal,1106,0.00648885612405032
conditional-fit-0113,axis2_legal,1107,0.014342147715925308
conditional-fit-0113,axis2_legal,1108,0.014963270776571013
conditional-fit-0113,axis2_legal,1109,0.0002978428130650203
conditional-fit-0113,axis2_legal,1110,0.016686297586999525
conditional-fit-0113,axis2_legal,1111,0.04838379245560767
conditional-fit-0113,axis2_legal,1112,0.008094187065648828
conditional-fit-0113,axis2_legal,1113,0.004845189407234276
conditional-fit-0113,axis2_legal,1114,0.0052860454572281465
conditional-fit-0113,axis2_legal,1115,0.0014653506333130984
conditional-fit-0113,axis2_legal,1116,0.012269832948415261
conditional-fit-0113,axis2_legal,1117,0.01523015528862355
conditional-fit-0113,axis2_legal,1118,0.15930028592844608
conditional-fit-0113,axis2_legal,1119,0.05062578992675271
conditional-fit-0113,axis2_legal,1120,0.10374751929056902
conditional-fit-0113,axis2_legal,1121,0.0005050731074062098
conditional-fit-0113,axis2_legal,1122,0.0012853530557963397
conditional-fit-0113,axis2_legal,1123,0.0014339904953875665
conditional-fit-0113,axis2_legal,1124,0.018880652467970497
conditional-fit-0113,axis2_legal,1125,0.008177345799143794
conditional-fit-0113,axis2_legal,1126,0.019177839604924453
conditional-fit-0113,axis2_legal,1127,0.010753261400591123
conditional-fit-0113,axis2_legal,1128,0.007432452638588931
conditional-fit-0113,axis2_legal,1129,0.019939999978706525
conditional-fit-0113,axis2_legal,1130,0.06255985549199473
conditional-fit-0113,axis2_legal,1131,0.05326598379619034
conditional-fit-0113,axis2_legal,1132,0.023832557659028218
conditional-fit-0113,axis2_legal,1133,0.002256453707292541
conditional-fit-0113,axis2_legal,1134,0.001655667678462133
conditional-fit-0113,axis2_legal,1135,0.014407434707819704
conditional-fit-0113,axis2_legal,1136,0.0017714010727959417
conditional-fit-0113,axis2_legal,1137,0.0012418938675184217
conditional-fit-0113,axis2_legal,1138,0.004917887270463921
conditional-fit-0113,axis2_legal,1139,0.003432809381085677
conditional-fit-0113,axis2_legal,1140,0.0036714002793340815
conditional-fit-0113,axis2_legal,1141,0.0009547160611131217
conditional-fit-0113,axis2_legal,1142,0.0291729667705639
conditional-fit-0113,axis2_legal,1143,0.03230486321483745
conditional-fit-0113,axis2_legal,1144,0.08455342932074895
conditional-fit-0113,axis2_legal,1145,0.026160596068743183
conditional-fit-0113,axis2_legal,1146,0.004131785045955875
conditional-fit-0113,axis2_legal,1147,0.03024145538523347
conditional-fit-0113,axis2_legal,1148,0.005097882099581666
conditional-fit-0113,axis2_legal,1149,0.013708375571271109
conditional-fit-0113,axis2_legal,1150,0.005792781708580333
conditional-fit-0113,axis2_legal,1151,0.012403703238787187
conditional-fit-0113,axis2_legal,1152,0.054071485294782534
conditional-fit-0113,axis2_legal,1153,0.00042958975103020284
conditional-fit-0113,axis2_legal,1154,0.001513522953384523
conditional-fit-0113,axis2_legal,1155,0.00311304588568599
conditional-fit-0113,axis2_legal,1156,0.026004163603339937
conditional-fit-0113,axis2_legal,1157,0.0001786220818807541
conditional-fit-0113,axis2_legal,1158,0.052640809288709636
conditional-fit-0113,axis2_legal,1159,0.06988512954330413
conditional-fit-0113,axis2_legal,1160,0.03791474144807289
conditional-fit-0113,axis2_legal,1161,0.0004884211651297207
conditional-fit-0113,axis2_legal,1162,0.016187077426392003
conditional-fit-0113,axis2_legal,1163,0.001193525503553679
conditional-fit-0113,axis2_legal,1164,0.0006357345686583233
conditional-fit-0113,axis2_legal,1165,0.0010731026760252699
conditional-fit-0113,axis2_legal,1166,0.023257574697465023
conditional-fit-0113,axis2_legal,1167,0.007085204160850435
conditional-fit-0113,axis2_legal,1168,5.885834694215953e-05
conditional-fit-0113,axis2_legal,1169,0.0018544074127646159
conditional-fit-0113,axis2_legal,1170,0.0008582099602997024
conditional-fit-0113,axis2_legal,1171,0.0008211088983208006
conditional-fit-0113,axis2_legal,1172,0.0011732353492592005
conditional-fit-0113,axis2_legal,1173,0.030712100106764964
conditional-fit-0113,axis2_legal,1174,0.0029351993242425173
conditional-fit-0113,axis2_legal,1175,0.09054730664295729
conditional-fit-0113,axis2_legal,1176,0.013575674772321869
conditional-fit-0113,axis2_legal,1177,0.031773187516523436
conditional-fit-0113,axis2_legal,1178,0.07838248579882
conditional-fit-0113,axis2_legal,1179,0.015413516078779959
conditional-fit-0113,axis2_legal,1180,0.12891156906329557
conditional-fit-0113,axis2_legal,1181,0.004396200162769627
conditional-fit-0113,axis2_legal,1182,0.016597035513365742
conditional-fit-0113,axis2_legal,1183,0.003973474698590787
conditional-fit-0113,axis2_legal,1184,0.00010000132081066416
conditional-fit-0113,axis2_legal,1185,0.008171136844103841
conditional-fit-0113,axis2_legal,1186,0.009323333958608404
conditional-fit-0113,axis2_legal,1187,0.0058971502793399655
conditional-fit-0113,axis2_legal,1188,0.0325599680419988
conditional-fit-0113,axis2_legal,1189,0.022720893109863777
conditional-fit-0113,axis2_legal,1190,0.014991381257206199
conditional-fit-0113,axis2_legal,1191,0.0015988866658975531
conditional-fit-0113,axis2_legal,1192,0.02700629497054206
conditional-fit-0113,axis2_legal,1193,0.04914776662903954
conditional-fit-0113,axis2_legal,1194,0.02684472694463809
conditional-fit-0113,axis2_legal,1195,0.022914956420631433
conditional-fit-0113,axis2_legal,1196,0.030720229259237668
conditional-fit-0113,axis2_legal,1197,0.005795916650426015
conditional-fit-0113,axis2_legal,1198,0.017702722735663534
conditional-fit-0113,axis2_legal,1199,0.0008772097358759194
conditional-fit-0113,axis2_legal,1200,0.00014008035211992187
conditional-fit-0113,axis2_legal,1201,0.0007676381707453148
conditional-fit-0113,axis2_legal,1202,0.0015243873538807377
conditional-fit-0113,axis2_legal,1203,0.001130959848508349
conditional-fit-0113,axis2_legal,1204,0.003236855437666164
conditional-fit-0113,axis2_legal,1205,0.002487744847865648
conditional-fit-0113,axis2_legal,1206,0.015613996814206811
conditional-fit-0113,axis2_legal,1207,0.00948329826629703
conditional-fit-0113,axis2_legal,1208,0.02431707217530199
conditional-fit-0113,axis2_legal,1209,0.08218550619239558
conditional-fit-0113,axis2_legal,1210,0.17467648976004344
conditional-fit-0113,axis2_legal,1211,0.06967611382989634
conditional-fit-0113,axis2_legal,1212,0.05854366108257236
conditional-fit-0113,axis2_legal,1213,0.018298602535344474
conditional-fit-0113,axis2_legal,1214,0.03471752253515067
conditional-fit-0113,axis2_legal,1215,0.005234323357405963
conditional-fit-0113,axis2_legal,1216,0.00382373361770077
conditional-fit-0113,axis2_legal,1217,0.014528445259826332
conditional-fit-0113,axis2_legal,1218,0.04692487860950359
conditional-fit-0113,axis2_legal,1219,0.045447140463208614
conditional-fit-0113,axis2_legal,1220,0.006256404848829101
conditional-fit-0113,axis2_legal,1221,0.03892493513135588
conditional-fit-0113,axis2_legal,1222,0.15536880380069337
conditional-fit-0113,axis2_legal,1223,0.017337615998063882
conditional-fit-0113,axis2_legal,1224,0.0016828669616338323
conditional-fit-0113,axis2_legal,1225,0.4039513336473925
conditional-fit-0113,axis2_legal,1226,0.0019060382775087914
conditional-fit-0113,axis2_legal,1227,0.01234175238259528
conditional-fit-0113,axis2_legal,1228,0.060661552902882734
conditional-fit-0113,axis2_legal,1229,0.04266851610342768
conditional-fit-0113,axis2_legal,1230,0.036736883890957826
conditional-fit-0113,axis2_legal,1231,0.02705556539220207
conditional-fit-0113,axis2_legal,1232,0.054938169547346635
conditional-fit-0113,axis2_legal,1233,0.11718030204044391
conditional-fit-0113,axis2_legal,1234,0.0019764055264122025
conditional-fit-0113,axis2_legal,1235,0.014278549248140381
conditional-fit-0113,axis2_legal,1236,0.003530031354705713
conditional-fit-0113,axis2_legal,1237,0.03589035049571354
conditional-fit-0113,axis2_legal,1238,0.004100345539739902
conditional-fit-0113,axis2_legal,1239,0.009667651538839014
conditional-fit-0113,axis2_legal,1240,0.01794802783645205
conditional-fit-0113,axis2_legal,1241,0.00020143611916030276
conditional-fit-0113,axis2_legal,1242,0.01701683233637727
conditional-fit-0113,axis2_legal,1243,0.0014250395976411832
conditional-fit-0113,axis2_legal,1244,0.004482462451045217
conditional-fit-0113,axis2_legal,1245,0.01919259495096578
conditional-fit-0113,axis2_legal,1246,0.008839029868910036
conditional-fit-0113,axis2_legal,1247,9.632404752646373e-05
conditional-fit-0113,axis2_legal,1248,0.0035387848958396313
conditional-fit-0113,axis2_legal,1249,0.0002610362749098272
conditional-fit-0113,axis2_legal,1250,0.017467761226189753
conditional-fit-0113,axis2_legal,1251,0.03457700035039185
conditional-fit-0113,axis2_legal,1252,0.05026431163395549
conditional-fit-0113,axis2_legal,1253,0.051993889963389696
conditional-fit-0113,axis2_legal,1254,0.0211485989806441
conditional-fit-0113,axis2_legal,1255,0.011648087417982414
conditional-fit-0113,axis2_legal,1256,0.007798366248048344
conditional-fit-0113,axis2_legal,1257,0.04717837294231857
conditional-fit-0113,axis2_legal,1258,0.012892637614855679
conditional-fit-0113,axis2_legal,1259,0.016576506828632764
conditional-fit-0113,axis2_legal,1260,0.03854288232833489
conditional-fit-0113,axis2_legal,1261,0.027747621604738176
conditional-fit-0113,axis2_legal,1262,0.00011019488293941945
conditional-fit-0113,axis2_legal,1263,0.021622552237884726
conditional-fit-0113,axis2_legal,1264,0.03443580548181511
conditional-fit-0113,axis2_legal,1265,0.0025815955229220007
conditional-fit-0113,axis2_legal,1266,0.015326031850817441
conditional-fit-0113,axis2_legal,1267,0.014267041824574604
conditional-fit-0113,axis2_legal,1268,0.00022400006043543608
conditional-fit-0113,axis2_legal,1269,0.008509627299736207
conditional-fit-0113,axis2_legal,1270,0.0004297845290104176
conditional-fit-0113,axis2_legal,1271,0.004504559143029012
conditional-fit-0113,axis2_legal,1272,0.0013935936211538777
conditional-fit-0113,axis2_legal,1273,0.017387908034379253
conditional-fit-0113,axis2_legal,1274,0.021170694894102428
conditional-fit-0113,axis2_legal,1275,0.008752740552501304
conditional-fit-0113,axis2_legal,1276,0.023396314821530435
conditional-fit-0113,axis2_legal,1277,0.014154357904019494
conditional-fit-0113,axis2_legal,1278,0.01518062250372238
conditional-fit-0113,axis2_legal,1279,0.00036875543660615646
conditional-fit-0113,axis2_legal,1280,0.11917937029150988
conditional-fit-0113,axis2_legal,1281,0.0189628029731849
conditional-fit-0113,axis2_legal,1282,0.006616039973805145
conditional-fit-0113,axis2_legal,1283,0.006575978432562887
conditional-fit-0113,axis2_legal,1284,0.0682913367941052
conditional-fit-0113,axis2_legal,1285,0.0034968438542302468
conditional-fit-0113,axis2_legal,1286,0.003988553979746481
conditional-fit-0113,axis2_legal,1287,0.001172989917982811
conditional-fit-0113,axis2_legal,1288,0.005729490985227753
conditional-fit-0113,axis2_legal,1289,0.00019430253302595945
conditional-fit-0113,axis2_legal,1290,0.03207588032250301
conditional-fit-0113,axis2_legal,1291,0.018324672083691637
conditional-fit-0113,axis2_legal,1292,0.019442794384519447
conditional-fit-0113,axis2_legal,1293,0.030750744912864003
conditional-fit-0113,axis2_legal,1294,0.05097154873913202
conditional-fit-0113,axis2_legal,1295,0.12471834125472178
conditional-fit-0113,axis2_legal,1296,0.00018688353329857738
conditional-fit-0113,axis2_legal,1297,0.015712501209449198
conditional-fit-0113,axis2_legal,1298,0.008934058446103187
conditional-fit-0113,axis2_legal,1299,0.0011736905690771238
conditional-fit-0113,axis2_legal,1300,0.008876171833485156
conditional-fit-0113,axis2_legal,1301,0.02093425481817126
conditional-fit-0113,axis2_legal,1302,0.0006150068642475768
conditional-fit-0113,axis2_legal,1303,0.010222106366968242
conditional-fit-0113,axis2_legal,1304,0.007493302847028963
conditional-fit-0113,axis2_legal,1305,0.0002163719745439393
conditional-fit-0113,axis2_legal,1306,0.04292247516911393
conditional-fit-0113,axis2_legal,1307,0.026131512492022876
conditional-fit-0113,axis2_legal,1308,0.0378677336284573
conditional-fit-0113,axis2_legal,1309,0.614460559385258
conditional-fit-0113,axis2_legal,1310,0.006174280508259401
conditional-fit-0113,axis2_legal,1311,0.048949115922912324
conditional-fit-0113,axis2_legal,1312,0.012145974405056745
conditional-fit-0113,axis2_legal,1313,0.007352958434007836
conditional-fit-0113,axis2_legal,1314,0.02150690107374966
conditional-fit-0113,axis2_legal,1315,0.0007504112809366053
conditional-fit-0113,axis2_legal,1316,0.007641500442326114
conditional-fit-0113,axis2_legal,1317,0.04221256593744201
conditional-fit-0113,axis2_legal,1318,0.015379202979785574
conditional-fit-0113,axis2_legal,1319,0.02334879342379388
conditional-fit-0113,axis2_legal,1320,0.11495402074737827
conditional-fit-0113,axis2_legal,1321,0.012567590895447421
conditional-fit-0113,axis2_legal,1322,0.0008977174021960906
conditional-fit-0113,axis2_legal,1323,0.0023421880922663615
conditional-fit-0113,axis2_legal,1324,0.002517656787381174
conditional-fit-0113,axis2_legal,1325,0.010230854749092619
conditional-fit-0113,axis2_legal,1326,0.018859945502589032
conditional-fit-0113,axis2_legal,1327,0.06695148580802499
conditional-fit-0113,axis2_legal,1328,0.012022546950812917
conditional-fit-0113,axis2_legal,1329,0.001381176706223803
conditional-fit-0113,axis2_legal,1330,0.0077093985611231125
conditional-fit-0113,axis2_legal,1331,0.014983887864459866
conditional-fit-0113,axis2_legal,1332,0.00011252914486852927
conditional-fit-0113,axis2_legal,1333,0.00017814805794222853
conditional-fit-0113,axis2_legal,1334,0.0018716512456426653
conditional-fit-0113,axis2_legal,1335,0.07408662542269552
conditional-fit-0113,axis2_legal,1336,0.02364153721965058
conditional-fit-0113,axis2_legal,1337,0.01133510329323234
conditional-fit-0113,axis2_legal,1338,0.0021323325661003895
conditional-fit-0113,axis2_legal,1339,0.0008083513716454569
conditional-fit-0113,axis2_legal,1340,0.0316823983821305
conditional-fit-0113,axis2_legal,1341,0.0031462725985410144
conditional-fit-0113,axis2_legal,1342,0.01856703539184674
conditional-fit-0113,axis2_legal,1343,0.021948641465447526
conditional-fit-0113,axis2_legal,1344,0.003853417156096724
conditional-fit-0113,axis2_legal,1345,0.01384258881285294
conditional-fit-0113,axis2_legal,1346,0.017190952874800575
conditional-fit-0113,axis2_legal,1347,0.05459740322214123
conditional-fit-0113,axis2_legal,1348,0.046280269471583105
conditional-fit-0113,axis2_legal,1349,0.004031806221963324
conditional-fit-0113,axis2_legal,1350,0.015647976547691317
conditional-fit-0113,axis2_legal,1351,7.80583375834196e-05
conditional-fit-0113,axis2_legal,1352,0.001152366165293422
conditional-fit-0113,axis2_legal,1353,0.008366499685074556
conditional-fit-0113,axis2_legal,1354,0.0006946731358742422
conditional-fit-0113,axis2_legal,1355,0.01304085614288164
conditional-fit-0113,axis2_legal,1356,0.017188432236190005
conditional-fit-0113,axis2_legal,1357,0.0008660141882638258
conditional-fit-0113,axis2_legal,1358,0.0047687062891712826
conditional-fit-0113,axis2_legal,1359,0.016053023157409103
conditional-fit-0113,axis2_legal,1360,0.010019275400206043
conditional-fit-0113,axis2_legal,1361,0.036253813765942576
conditional-fit-0113,axis2_legal,1362,0.021316360766394274
conditional-fit-0113,axis2_legal,1363,0.00013312158128361634
conditional-fit-0113,axis2_legal,1364,0.00419424060383064
conditional-fit-0113,axis2_legal,1365,0.004683705852109813
conditional-fit-0113,axis2_legal,1366,0.02589718659204945
conditional-fit-0113,axis2_legal,1367,0.00743555190841898
conditional-fit-0113,axis2_legal,1368,0.01208428407322203
conditional-fit-0113,axis2_legal,1369,0.04517363785711153
conditional-fit-0113,axis2_legal,1370,0.03073236717963428
conditional-fit-0113,axis2_legal,1371,0.011749325856225838
conditional-fit-0113,axis2_legal,1372,0.017826228620925737
conditional-fit-0113,axis2_legal,1373,0.0006501408204356975
conditional-fit-0113,axis2_legal,1374,0.002908759082773865
conditional-fit-0113,axis2_legal,1375,0.06075794410209863
conditional-fit-0113,axis2_legal,1376,0.011997911675529958
conditional-fit-0113,axis2_legal,1377,0.012427862668086771
conditional-fit-0113,axis2_legal,1378,0.03324982177702109
conditional-fit-0113,axis2_legal,1379,0.005458843146035061
conditional-fit-0113,axis2_legal,1380,0.008982595710466135
conditional-fit-0113,axis2_legal,1381,0.0045461014006474895
conditional-fit-0113,axis2_legal,1382,0.015143498368013986
conditional-fit-0113,axis2_legal,1383,0.006370984062456645
conditional-fit-0113,axis2_legal,1384,0.011247181397549176
conditional-fit-0113,axis2_legal,1385,0.003416466873525547
conditional-fit-0113,axis2_legal,1386,0.0012314395818280315
conditional-fit-0113,axis2_legal,1387,0.004564850034795951
conditional-fit-0113,axis2_legal,1388,0.021313732701745622
conditional-fit-0113,axis2_legal,1389,0.0052708147250677085
conditional-fit-0113,axis2_legal,1390,0.00351631097983011
conditional-fit-0113,axis2_legal,1391,0.027287743675021868
conditional-fit-0113,axis2_legal,1392,0.0319449500330227
conditional-fit-0113,axis2_legal,1393,0.009246346899668124
conditional-fit-0113,axis2_legal,1394,0.0062136319158488836
conditional-fit-0113,axis2_legal,1395,0.029506417493879115
conditional-fit-0113,axis2_legal,1396,0.02160416476072423
conditional-fit-0113,axis2_legal,1397,0.006409788120792647
conditional-fit-0113,axis2_legal,1398,0.019070270345344077
conditional-fit-0113,axis2_legal,1399,0.008913102114810053
conditional-fit-0113,axis2_legal,1400,0.008792937307209783
conditional-fit-0113,axis2_legal,1401,0.023856957019276148
conditional-fit-0113,axis2_legal,1402,0.04132249350541685
conditional-fit-0113,axis2_legal,1403,0.03350126209499817
conditional-fit-0113,axis2_legal,1404,0.007450200817795182
conditional-fit-0113,axis2_legal,1405,0.0457124101914348
conditional-fit-0113,axis2_legal,1406,0.01802745962131786
conditional-fit-0113,axis2_legal,1407,0.002977538307092485
conditional-fit-0113,axis2_legal,1408,8.04899926261068e-05
conditional-fit-0113,axis2_legal,1409,0.0024680064135661865
conditional-fit-0113,axis2_legal,1410,0.00019625593849141248
conditional-fit-0113,axis2_legal,1411,0.045293991506972345
conditional-fit-0113,axis2_legal,1412,0.002909140583630865
conditional-fit-0113,axis2_legal,1413,0.009459664008219123
conditional-fit-0113,axis2_legal,1414,0.034561990835094376
conditional-fit-0113,axis2_legal,1415,0.06479303188075197
conditional-fit-0113,axis2_legal,1416,0.013109448566758247
conditional-fit-0113,axis2_legal,1417,0.00817098244511107
conditional-fit-0113,axis2_legal,1418,0.030382348190508064
conditional-fit-0113,axis2_legal,1419,0.0167585199515775
conditional-fit-0113,axis2_legal,1420,0.005679154400698349
conditional-fit-0113,axis2_legal,1421,0.017128693663778966
conditional-fit-0113,axis2_legal,1422,0.005956799776128955
conditional-fit-0113,axis2_legal,1423,0.006223485117120745
conditional-fit-0113,axis2_legal,1424,0.017642033405807188
conditional-fit-0113,axis2_legal,1425,0.017836359718155583
conditional-fit-0113,axis2_legal,1426,0.007049531260202179
conditional-fit-0113,axis2_legal,1427,0.0006072764394235745
conditional-fit-0113,axis2_legal,1428,0.03304799461551004
conditional-fit-0113,axis2_legal,1429,0.008454913656729266
conditional-fit-0113,axis2_legal,1430,0.03035298688575219
conditional-fit-0113,axis2_legal,1431,0.016282955927231557
conditional-fit-0113,axis2_legal,1432,0.013797508641173111
conditional-fit-0113,axis2_legal,1433,0.007286808409258781
conditional-fit-0113,axis2_legal,1434,0.023029800890556555
conditional-fit-0113,axis2_legal,1435,0.008692119543211188
conditional-fit-0113,axis2_legal,1436,0.016328461937937425
conditional-fit-0113,axis2_legal,1437,0.014424717263996337
conditional-fit-0113,axis2_legal,1438,0.009216056527379337
conditional-fit-0113,axis2_legal,1439,0.012849430681802158
conditional-fit-0113,axis2_legal,1440,0.013539420881801979
conditional-fit-0113,axis2_legal,1441,0.011503654564963772
conditional-fit-0113,axis2_legal,1442,0.00042472357309379763
conditional-fit-0113,axis2_legal,1443,0.0013801717280963635
conditional-fit-0113,axis2_legal,1444,0.003164962407329123
conditional-fit-0113,axis2_legal,1445,0.02235176701658237
conditional-fit-0113,axis2_legal,1446,0.039512685815648
conditional-fit-0113,axis2_legal,1447,0.002444302157914491
conditional-fit-0113,axis2_legal,1448,0.019769256927988185
conditional-fit-0113,axis2_legal,1449,0.01398636375069394
conditional-fit-0113,axis2_legal,1450,0.03869768102953892
conditional-fit-0113,axis2_legal,1451,0.05683221694561284
conditional-fit-0113,axis2_legal,1452,0.016439758862620762
conditional-fit-0113,axis2_legal,1453,0.05809503982863391
conditional-fit-0113,axis2_legal,1454,0.01945722080191156
conditional-fit-0113,axis2_legal,1455,0.0567070455127129
conditional-fit-0113,axis2_legal,1456,0.023064569436418218
conditional-fit-0113,axis2_legal,1457,0.06377635886540688
conditional-fit-0113,axis2_legal,1458,0.08182129665492162
conditional-fit-0113,axis2_legal,1459,0.034355678018842095
conditional-fit-0113,axis2_legal,1460,0.03256987218436483
conditional-fit-0113,axis2_legal,1461,0.0590031722410234
conditional-fit-0113,axis2_legal,1462,0.056707932730624945
conditional-fit-0113,axis2_legal,1463,0.7800963965806746
conditional-fit-0113,axis2_legal,1464,0.15265141813862193
conditional-fit-0113,axis2_legal,1465,0.0385565550738208
conditional-fit-0113,axis2_legal,1466,0.030686999552953016
conditional-fit-0113,axis2_legal,1467,0.07080952378352724
conditional-fit-0113,axis2_legal,1468,0.012617934076832975
conditional-fit-0113,axis2_legal,1469,0.021967054889079032
conditional-fit-0113,axis2_legal,1470,0.05633227525247521
conditional-fit-0113,axis2_legal,1471,0.019742341178487607
conditional-fit-0113,axis2_legal,1472,0.04020004193631437
conditional-fit-0113,axis2_legal,1473,0.04473796558653978
conditional-fit-0113,axis2_legal,1474,0.07767512183523662
conditional-fit-0113,axis2_legal,1475,0.02796976530070193
conditional-fit-0113,axis2_legal,1476,0.0027045478990323467
conditional-fit-0113,axis2_legal,1477,0.015811743340588255
conditional-fit-0113,axis2_legal,1478,0.12210935957838892
conditional-fit-0113,axis2_legal,1479,0.07705932393482001
conditional-fit-0113,axis2_legal,1480,0.04957281448245124
conditional-fit-0113,axis2_legal,1481,0.1597355010687459
conditional-fit-0113,axis2_legal,1482,0.15945522233375642
conditional-fit-0113,axis2_legal,1483,0.08679884689490652
conditional-fit-0113,axis2_legal,1484,0.0896039455716446
conditional-fit-0113,axis2_legal,1485,0.6203711602640811
conditional-fit-0113,axis2_legal,1486,0.2356237441060311
conditional-fit-0113,axis2_legal,1487,0.011777660192492793
conditional-fit-0113,axis2_legal,1488,0.03253568058924519
conditional-fit-0113,axis2_legal,1489,0.01947958567962379
conditional-fit-0113,axis2_legal,1490,0.011728183408393308
conditional-fit-0113,axis2_legal,1491,0.0014666608961971183
conditional-fit-0113,axis2_legal,1492,0.11542461924044994
conditional-fit-0113,axis2_legal,1493,0.4563439196145531
conditional-fit-0113,axis2_legal,1494,0.10383005510436477
conditional-fit-0113,axis2_legal,1495,0.07752831482048053
conditional-fit-0113,axis2_legal,1496,0.04892438762126346
conditional-fit-0113,axis2_legal,1497,0.006759233385590192
conditional-fit-0113,axis2_legal,1498,0.04519177740124337
conditional-fit-0113,axis2_legal,1499,0.01812094723249711
conditional-fit-0113,axis2_legal,1500,0.16987101706565047
conditional-fit-0113,axis2_legal,1501,0.20853760255872522
conditional-fit-0113,axis2_legal,1502,0.19300945999754185
conditional-fit-0113,axis2_legal,1503,0.04592709791553923
conditional-fit-0113,axis2_legal,1504,0.1627374223568903
conditional-fit-0113,axis2_legal,1505,0.6007477119545818
conditional-fit-0113,axis2_legal,1506,0.008072264443634526
conditional-fit-0113,axis2_legal,1507,0.0010089076350538588
conditional-fit-0113,axis2_legal,1508,0.28012270346230456
conditional-fit-0113,axis2_legal,1509,0.043610211346515326
conditional-fit-0113,axis2_legal,1510,0.2653928102204309
conditional-fit-0113,axis2_legal,1511,0.042951440574802206
conditional-fit-0113,axis2_legal,1512,0.8604781273950629
conditional-fit-0113,axis2_legal,1513,0.015684945865081717
conditional-fit-0113,axis2_legal,1514,0.0073696613276414275
conditional-fit-0113,axis2_legal,1515,0.061518910482294555
conditional-fit-0113,axis2_legal,1516,0.012494705660217972
conditional-fit-0113,axis2_legal,1517,0.0027825467972313928
conditional-fit-0113,axis2_legal,1518,0.005219222133037462
conditional-fit-0113,axis2_legal,1519,0.09673746468435881
conditional-fit-0113,axis2_legal,1520,0.030086605603691127
conditional-fit-0113,axis2_legal,1521,0.012235715202621249
conditional-fit-0113,axis2_legal,1522,1.0354242469129298
conditional-fit-0113,axis2_legal,1523,0.000728588219164875
conditional-fit-0113,axis2_legal,1524,0.08345663622196778
conditional-fit-0113,axis2_legal,1525,0.00511683957562738
conditional-fit-0113,axis2_legal,1526,2.1882679391993296
conditional-fit-0113,axis2_legal,1527,3.216099554168379e-05
conditional-fit-0113,axis2_legal,1528,0.004511425903209288
conditional-fit-0113,axis2_legal,1529,5.916810722691158e-06
conditional-fit-0113,axis2_legal,1530,0.0001449931122331437
conditional-fit-0113,axis2_legal,1531,0.008031334348448625
conditional-fit-0113,axis2_legal,1532,0.0002472210235443704
conditional-fit-0113,axis2_legal,1533,0.0002485208193008879
conditional-fit-0113,axis2_legal,1534,0.045543057368621846
conditional-fit-0113,axis2_legal,1535,0.012801266745553652
conditional-fit-0113,axis2_legal,1536,2.0486447022692652e-05
conditional-fit-0113,axis2_legal,1537,0.00011169178745568768
conditional-fit-0113,axis2_legal,1538,0.2182059298391426
conditional-fit-0113,axis2_legal,1539,0.001658861752382312
conditional-fit-0113,axis2_legal,1540,0.00047807638950065885
conditional-fit-0113,axis2_legal,1541,0.0007495904497253602
conditional-fit-0113,axis2_legal,1542,0.001765706089426253
conditional-fit-0113,axis2_legal,1543,0.0001322913532898272
conditional-fit-0113,axis2_legal,1544,0.0002503609648235151
conditional-fit-0113,axis2_legal,1545,0.0035881672441342256
conditional-fit-0113,axis2_legal,1546,0.0011829390493940217
conditional-fit-0113,axis2_legal,1547,0.007180557159297185
conditional-fit-0113,axis2_legal,1548,0.0014833024341709526
conditional-fit-0113,axis2_legal,1549,0.07356118315285416
conditional-fit-0113,axis2_legal,1550,0.32239307495792335
conditional-fit-0113,axis2_legal,1551,0.09894930781030398
conditional-fit-0113,axis2_legal,1552,0.060020627762559314
conditional-fit-0113,axis2_legal,1553,0.006444223341076151
conditional-fit-0113,axis2_legal,1554,0.011316676018339408
conditional-fit-0113,axis2_legal,1555,0.09918749220037347
conditional-fit-0113,axis2_legal,1556,0.11078308871417925
conditional-fit-0113,axis2_legal,1557,0.20740309334260748
conditional-fit-0113,axis2_legal,1558,0.004986863279977593
conditional-fit-0113,axis2_legal,1559,0.06481406395383332
conditional-fit-0113,axis2_legal,1560,0.001768656568194572
conditional-fit-0113,axis2_legal,1561,0.007652227858793612
conditional-fit-0113,axis2_legal,1562,0.003545398758943893
conditional-fit-0113,axis2_legal,1563,0.00861844953214994
conditional-fit-0113,axis2_legal,1564,0.0052436898761711375
conditional-fit-0113,axis2_legal,1565,0.014396640695115873
conditional-fit-0113,axis2_legal,1566,0.00042768225198287584
conditional-fit-0113,axis2_legal,1567,0.0428510321168723
conditional-fit-0113,axis2_legal,1568,0.001750232074017814
conditional-fit-0113,axis2_legal,1569,0.0075125385928736
conditional-fit-0113,axis2_legal,1570,0.0851697550045921
conditional-fit-0113,axis2_legal,1571,0.004978286418530729
conditional-fit-0113,axis2_legal,1572,0.027987687488696268
conditional-fit-0113,axis2_legal,1573,0.04020843188501141
conditional-fit-0113,axis2_legal,1574,0.00017749790696129213
conditional-fit-0113,axis2_legal,1575,0.02801113765411884
conditional-fit-0113,axis2_legal,1576,0.008568947797050244
conditional-fit-0113,axis2_legal,1577,0.05620424463711255
conditional-fit-0113,axis2_legal,1578,0.2691790546364205
conditional-fit-0113,axis2_legal,1579,0.01663719745486503
conditional-fit-0113,axis2_legal,1580,0.02159523641512484
conditional-fit-0113,axis2_legal,1581,0.1842003501542265
conditional-fit-0113,axis2_legal,1582,0.02334518928270983
conditional-fit-0113,axis2_legal,1583,0.012335639520728128
conditional-fit-0113,axis2_legal,1584,0.0267158462003969
conditional-fit-0113,axis2_legal,1585,0.019514566506307916
conditional-fit-0113,axis2_legal,1586,0.07736398221080375
conditional-fit-0113,axis2_legal,1587,0.09082933072349239
conditional-fit-0113,axis2_legal,1588,0.05925356141372354
conditional-fit-0113,axis2_legal,1589,0.014321742080433308
conditional-fit-0113,axis2_legal,1590,0.017949296914552115
conditional-fit-0113,axis2_legal,1591,0.03366198164648855
conditional-fit-0113,axis2_legal,1592,0.05452175713512661
conditional-fit-0113,axis2_legal,1593,0.008079545845905128
conditional-fit-0113,axis2_legal,1594,0.009391960956144592
conditional-fit-0113,axis2_legal,1595,0.022532609098289712
conditional-fit-0113,axis2_legal,1596,0.01841442879734699
conditional-fit-0113,axis2_legal,1597,0.027594787450187508
conditional-fit-0113,axis2_legal,1598,0.008963691575152113
conditional-fit-0113,axis2_legal,1599,0.06760425403386149
conditional-fit-0113,axis2_legal,1600,0.07669752716268441
conditional-fit-0113,axis2_legal,1601,0.24732325101682126
conditional-fit-0113,axis2_legal,1602,0.003780357939576147
conditional-fit-0113,axis2_legal,1603,0.030112352478312756
conditional-fit-0113,axis2_legal,1604,0.03189279764325455
conditional-fit-0113,axis2_legal,1605,0.0020014774295274056
conditional-fit-0113,axis2_legal,1606,0.003370221482424829
conditional-fit-0113,axis2_legal,1607,0.015019932438557933
conditional-fit-0113,axis2_legal,1608,0.0364025164630244
conditional-fit-0113,axis2_legal,1609,0.03116147595669541
conditional-fit-0113,axis2_legal,1610,0.002146905835632273
conditional-fit-0113,axis2_legal,1611,0.025744026216805972
conditional-fit-0113,axis2_legal,1612,0.0072883511893429825
conditional-fit-0113,axis2_legal,1613,0.017407341769571875
conditional-fit-0113,axis2_legal,1614,0.015959903238827948
conditional-fit-0113,axis2_legal,1615,0.04884567310655567
conditional-fit-0113,axis2_legal,1616,0.035003292087246646
conditional-fit-0113,axis2_legal,1617,0.00014217705735827246
conditional-fit-0113,axis2_legal,1618,0.016575483043514985
conditional-fit-0113,axis2_legal,1619,0.04045660009937718
conditional-fit-0113,axis2_legal,1620,0.02140792656213878
conditional-fit-0113,axis2_legal,1621,0.013727223530834685
conditional-fit-0113,axis2_legal,1622,0.016909821318285213
conditional-fit-0113,axis2_legal,1623,0.016870869224863527
conditional-fit-0113,axis2_legal,1624,0.008194547148085554
conditional-fit-0113,axis2_legal,1625,0.01485497955666295
conditional-fit-0113,axis2_legal,1626,0.029739545342640852
conditional-fit-0113,axis2_legal,1627,0.024464363702019272
conditional-fit-0113,axis2_legal,1628,0.05363382083358624
conditional-fit-0113,axis2_legal,1629,0.004059192636622255
conditional-fit-0113,axis2_legal,1630,0.000511075962830513
conditional-fit-0113,axis2_legal,1631,0.007376957034184179
conditional-fit-0113,axis2_legal,1632,0.060045620899573146
conditional-fit-0113,axis2_legal,1633,0.017942825354762763
conditional-fit-0113,axis2_legal,1634,0.04570212111357596
conditional-fit-0113,axis2_legal,1635,0.013661461822786908
conditional-fit-0113,axis2_legal,1636,5.7326209951248186e-05
conditional-fit-0113,axis2_legal,1637,0.07284164320187084
conditional-fit-0113,axis2_legal,1638,0.030319631754676418
conditional-fit-0113,axis2_legal,1639,0.019595185454256203
conditional-fit-0113,axis2_legal,1640,0.00808077121118512
conditional-fit-0113,axis2_legal,1641,0.05613934167907637
conditional-fit-0113,axis2_legal,1642,0.19909947732692224
conditional-fit-0113,axis2_legal,1643,0.11391130092531954
conditional-fit-0113,axis2_legal,1644,0.09630654707746153
conditional-fit-0113,axis2_legal,1645,0.009315605634846852
conditional-fit-0113,axis2_legal,1646,0.24549906101745061
conditional-fit-0113,axis2_legal,1647,0.0006730261514161764
conditional-fit-0113,axis2_legal,1648,0.0039685937594533625
conditional-fit-0113,axis2_legal,1649,0.0017166225784991033
conditional-fit-0113,axis2_legal,1650,0.060817248184100454
conditional-fit-0113,axis2_legal,1651,0.00335376442998174
conditional-fit-0113,axis2_legal,1652,0.0008837561464617642
conditional-fit-0113,axis2_legal,1653,0.00041785358135010893
conditional-fit-0113,axis2_legal,1654,9.093970424590173e-05
conditional-fit-0113,axis2_legal,1655,0.00026302960551907576
conditional-fit-0113,axis2_legal,1656,0.0002060837769255137
conditional-fit-0113,axis2_legal,1657,0.008671253109431207
conditional-fit-0113,axis2_legal,1658,0.007028699293316464
conditional-fit-0113,axis2_legal,1659,0.05762727865365546
conditional-fit-0113,axis2_legal,1660,0.0012137338634799642
conditional-fit-0113,axis2_legal,1661,0.008782092029134823
conditional-fit-0113,axis2_legal,1662,0.00036143772906731215
conditional-fit-0113,axis2_legal,1663,0.030291871612698997
conditional-fit-0113,axis2_legal,1664,0.009830991761124872
conditional-fit-0113,axis2_legal,1665,0.008577180993709509
conditional-fit-0113,axis2_legal,1666,0.01150594790814872
conditional-fit-0113,axis2_legal,1667,0.03023185361060415
conditional-fit-0113,axis2_legal,1668,0.05300612053746921
conditional-fit-0113,axis2_legal,1669,0.004556365714424414
conditional-fit-0113,axis2_legal,1670,0.00021045008680236526
conditional-fit-0113,axis2_legal,1671,0.4838249256095803
conditional-fit-0113,axis2_legal,1672,0.014416819481782254
conditional-fit-0113,axis2_legal,1673,0.011391081620084764
conditional-fit-0113,axis2_legal,1674,0.0004890620350177909
conditional-fit-0113,axis2_legal,1675,0.0330587302815981
conditional-fit-0113,axis2_legal,1676,0.0016758285690063395
conditional-fit-0113,axis2_legal,1677,0.007491042015257685
conditional-fit-0113,axis2_legal,1678,0.0029096351067478383
conditional-fit-0113,axis2_legal,1679,0.12356875387280566
conditional-fit-0113,axis2_legal,1680,0.015551444181414367
conditional-fit-0113,axis2_legal,1681,0.004135903842339247
conditional-fit-0113,axis2_legal,1682,0.0007598617398072798
conditional-fit-0113,axis2_legal,1683,0.15260896912180028
conditional-fit-0113,axis2_legal,1684,0.000407705435538861
conditional-fit-0113,axis2_legal,1685,0.00017759423245389163
conditional-fit-0113,axis2_legal,1686,0.001272201954685144
conditional-fit-0113,axis2_legal,1687,0.0003465519005839206
conditional-fit-0113,axis2_legal,1688,0.028190966304542223
conditional-fit-0113,axis2_legal,1689,0.05974840072407982
conditional-fit-0113,axis2_legal,1690,0.007154035872947096
conditional-fit-0113,axis2_legal,1691,0.0002506715609734182
conditional-fit-0113,axis2_legal,1692,0.0059630040060849755
conditional-fit-0113,axis2_legal,1693,0.0044616854013294575
conditional-fit-0113,axis2_legal,1694,0.001747607855375748
conditional-fit-0113,axis2_legal,1695,0.04848308482843706
conditional-fit-0113,axis2_legal,1696,0.0007991087072205189
conditional-fit-0113,axis2_legal,1697,0.016843372868863782
conditional-fit-0113,axis2_legal,1698,0.009627215468638326
conditional-fit-0113,axis2_legal,1699,0.1069808435171694
conditional-fit-0113,axis2_legal,1700,0.24197514082042906
conditional-fit-0113,axis2_legal,1701,0.044384816274179374
conditional-fit-0113,axis2_legal,1702,0.004595439658600378
conditional-fit-0113,axis2_legal,1703,0.043685678212635054
conditional-fit-0113,axis2_legal,1704,0.21670487129202068
conditional-fit-0113,axis2_legal,1705,0.07828325294461433
conditional-fit-0113,axis2_legal,1706,0.014128856927504636
conditional-fit-0113,axis2_legal,1707,0.0022549901288653864
conditional-fit-0113,axis2_legal,1708,0.03189717836904295
conditional-fit-0113,axis2_legal,1709,0.01976949023279078
conditional-fit-0113,axis2_legal,1710,0.031759009992950615
conditional-fit-0113,axis2_legal,1711,0.021799721049284345
conditional-fit-0113,axis2_legal,1712,0.012383342119382213
conditional-fit-0113,axis2_legal,1713,0.01439684467505259
conditional-fit-0113,axis2_legal,1714,0.03186061820692997
conditional-fit-0113,axis2_legal,1715,0.059798092264738686
conditional-fit-0113,axis2_legal,1716,0.028035679305948684
conditional-fit-0113,axis2_legal,1717,0.00497723540558765
conditional-fit-0113,axis2_legal,1718,0.0002447664288868157
conditional-fit-0113,axis2_legal,1719,0.08576060877965516
conditional-fit-0113,axis2_legal,1720,0.0394095660214328
conditional-fit-0113,axis2_legal,1721,0.052243710706883884
conditional-fit-0113,axis2_legal,1722,0.015169330044588838
conditional-fit-0113,axis2_legal,1723,0.004098179263312973
conditional-fit-0113,axis2_legal,1724,0.030363300990154954
conditional-fit-0113,axis2_legal,1725,0.0375924813133321
conditional-fit-0113,axis2_legal,1726,0.005268249734879065
conditional-fit-0113,axis2_legal,1727,0.030510298157099082
conditional-fit-0113,axis2_legal,1728,0.0011351655236813453
conditional-fit-0113,axis2_legal,1729,0.00035901881456664115
conditional-fit-0113,axis2_legal,1730,0.009904228154917575
conditional-fit-0113,axis2_legal,1731,0.004475438146827427
conditional-fit-0113,axis2_legal,1732,0.01681911346980451
conditional-fit-0113,axis2_legal,1733,0.028997318712349198
conditional-fit-0113,axis2_legal,1734,0.018827809382693156
conditional-fit-0113,axis2_legal,1735,0.06556735974738921
conditional-fit-0113,axis2_legal,1736,0.06272187333466228
conditional-fit-0113,axis2_legal,1737,0.11863584907744246
conditional-fit-0113,axis2_legal,1738,0.027143460902719782
conditional-fit-0113,axis2_legal,1739,0.043858242172518505
conditional-fit-0113,axis2_legal,1740,0.1469798483993014
conditional-fit-0113,axis2_legal,1741,0.09353629962852832
conditional-fit-0113,axis2_legal,1742,0.040215090568421846
conditional-fit-0113,axis2_legal,1743,0.009661301245080179
conditional-fit-0113,axis2_legal,1744,0.05575784479378333
conditional-fit-0113,axis2_legal,1745,0.04437883966821778
conditional-fit-0113,axis2_legal,1746,0.0007291734392271933
conditional-fit-0113,axis2_legal,1747,0.02368045149648704
conditional-fit-0113,axis2_legal,1748,0.03388319602671608
conditional-fit-0113,axis2_legal,1749,0.00031548679119715767
conditional-fit-0113,axis2_legal,1750,0.04936042890108501
conditional-fit-0113,axis2_legal,1751,0.026306470116801754
conditional-fit-0113,axis2_legal,1752,0.06119847881575813
conditional-fit-0113,axis2_legal,1753,0.005047835414614239
conditional-fit-0113,axis2_legal,1754,0.1181544000794644
conditional-fit-0113,axis2_legal,1755,0.08860461064256091
conditional-fit-0113,axis2_legal,1756,0.05544333610149028
conditional-fit-0113,axis2_legal,1757,0.3857138760172139
conditional-fit-0113,axis2_legal,1758,0.10439366268631682
conditional-fit-0113,axis2_legal,1759,0.03213156015059441
conditional-fit-0113,axis2_legal,1760,0.008830129754187479
conditional-fit-0113,axis2_legal,1761,0.038700616058507255
conditional-fit-0113,axis2_legal,1762,0.06933328383116646
conditional-fit-0113,axis2_legal,1763,0.00014164839483990198
conditional-fit-0113,axis2_legal,1764,0.0019812081925238796
conditional-fit-0113,axis2_legal,1765,0.02999929234513314
conditional-fit-0113,axis2_legal,1766,0.027222658059677093
conditional-fit-0113,axis2_legal,1767,0.03893360176018392
conditional-fit-0113,axis2_legal,1768,0.04579521175700087
conditional-fit-0113,axis2_legal,1769,0.04135066390163623
conditional-fit-0113,axis2_legal,1770,0.06776792566327372
conditional-fit-0113,axis2_legal,1771,0.003132758257924445
conditional-fit-0113,axis2_legal,1772,0.016308464628349742
conditional-fit-0113,axis2_legal,1773,0.01642278410263326
conditional-fit-0113,axis2_legal,1774,0.003057406505170599
conditional-fit-0113,axis2_legal,1775,0.02659231147653074
conditional-fit-0113,axis2_legal,1776,0.049166411097888954
conditional-fit-0113,axis2_legal,1777,0.028604233115121863
conditional-fit-0113,axis2_legal,1778,0.0905523518620946
conditional-fit-0113,axis2_legal,1779,0.17410278942858112
conditional-fit-0113,axis2_legal,1780,0.02436923043860838
conditional-fit-0113,axis2_legal,1781,0.019631244145899923
conditional-fit-0113,axis2_legal,1782,0.004299877730222534
conditional-fit-0113,axis2_legal,1783,0.0023595230977926426
conditional-fit-0113,axis2_legal,1784,0.014163288348293621
conditional-fit-0113,axis2_legal,1785,0.009354364032296439
conditional-fit-0113,axis2_legal,1786,0.050739640142174955
conditional-fit-0113,axis2_legal,1787,0.01127597734607514
conditional-fit-0113,axis2_legal,1788,0.018046813532451893
conditional-fit-0113,axis2_legal,1789,0.014088447607390414
conditional-fit-0113,axis2_legal,1790,0.03731247910026839
conditional-fit-0113,axis2_legal,1791,0.013974081169463196
conditional-fit-0113,axis2_legal,1792,0.05285679451578885
conditional-fit-0113,axis2_legal,1793,0.042921332135378076
conditional-fit-0113,axis2_legal,1794,0.014551545208829618
conditional-fit-0113,axis2_legal,1795,0.023774987309591038
conditional-fit-0113,axis2_legal,1796,0.011990459664270033
conditional-fit-0113,axis2_legal,1797,0.020946036548332075
conditional-fit-0113,axis2_legal,1798,0.0307855625362107
conditional-fit-0113,axis2_legal,1799,0.04409745412265399
conditional-fit-0113,axis2_legal,1800,0.004477998590481436
conditional-fit-0113,axis2_legal,1801,0.02043498424220903
conditional-fit-0113,axis2_legal,1802,0.0033041616524210555
conditional-fit-0113,axis2_legal,1803,0.027084140862887577
conditional-fit-0113,axis2_legal,1804,0.0818179199496114
conditional-fit-0113,axis2_legal,1805,0.0991810185248014
conditional-fit-0113,axis2_legal,1806,0.05843116344620697
conditional-fit-0113,axis2_legal,1807,0.014265125961774828
conditional-fit-0113,axis2_legal,1808,0.11962792708086083
conditional-fit-0113,axis2_legal,1809,0.006998667122304663
conditional-fit-0113,axis2_legal,1810,0.030662115034337162
conditional-fit-0113,axis2_legal,1811,0.020469144195491056
conditional-fit-0113,axis2_legal,1812,0.013642370941328238
conditional-fit-0113,axis2_legal,1813,0.018322177994562452
conditional-fit-0113,axis2_legal,1814,0.03523190133070686
conditional-fit-0113,axis2_legal,1815,0.04197995399540877
conditional-fit-0113,axis2_legal,1816,0.014948000356139291
conditional-fit-0113,axis2_legal,1817,0.01413607758632832
conditional-fit-0113,axis2_legal,1818,0.027085126733134048
conditional-fit-0113,axis2_legal,1819,0.0007662919423813484
conditional-fit-0113,axis2_legal,1820,0.005541200534753904
conditional-fit-0113,axis2_legal,1821,0.008601684910919876
conditional-fit-0113,axis2_legal,1822,0.009730220192560226
conditional-fit-0113,axis2_legal,1823,0.033433715569760054
conditional-fit-0113,axis2_legal,1824,0.08285288048801857
conditional-fit-0113,axis2_legal,1825,0.0651978140650039
conditional-fit-0113,axis2_legal,1826,0.0662230882219459
conditional-fit-0113,axis2_legal,1827,0.05749474182515752
conditional-fit-0113,axis2_legal,1828,0.018288465442607985
conditional-fit-0113,axis2_legal,1829,0.15806953931160733
conditional-fit-0113,axis2_legal,1830,0.012539305475416537
conditional-fit-0113,axis2_legal,1831,0.00013734887876947082
conditional-fit-0113,axis2_legal,1832,0.00035409311049558505
conditional-fit-0113,axis2_legal,1833,0.0016812945091699092
conditional-fit-0113,axis2_legal,1834,0.00590585677418604
conditional-fit-0113,axis2_legal,1835,0.03212968801517929
conditional-fit-0113,axis2_legal,1836,0.004923984141795981
conditional-fit-0113,axis2_legal,1837,0.14733227972697294
conditional-fit-0113,axis2_legal,1838,0.0011115426658034689
conditional-fit-0113,axis2_legal,1839,0.0005176496939186312
conditional-fit-0113,axis2_legal,1840,0.024152351957686533
conditional-fit-0113,axis2_legal,1841,0.020058745600051907
conditional-fit-0113,axis2_legal,1842,0.01641760437103281
conditional-fit-0113,axis2_legal,1843,0.0002742170362535789
conditional-fit-0113,axis2_legal,1844,0.005679822261974978
conditional-fit-0113,axis2_legal,1845,0.000876788695458993
conditional-fit-0113,axis2_legal,1846,0.03246379826934024
conditional-fit-0113,axis2_legal,1847,0.0016962987258050725
conditional-fit-0113,axis2_legal,1848,0.026035632304428548
conditional-fit-0113,axis2_legal,1849,0.015286933795022092
conditional-fit-0113,axis2_legal,1850,0.007231721095952195
conditional-fit-0113,axis2_legal,1851,0.012005430785097467
conditional-fit-0113,axis2_legal,1852,0.0738052009633177
conditional-fit-0113,axis2_legal,1853,2.8429439520725596e-05
conditional-fit-0113,axis2_legal,1854,0.012635132813101406
conditional-fit-0113,axis2_legal,1855,0.015783969263647002
conditional-fit-0113,axis2_legal,1856,0.008595675846749624
conditional-fit-0113,axis2_legal,1857,0.019909216141786243
conditional-fit-0113,axis2_legal,1858,0.05681295044450672
conditional-fit-0113,axis2_legal,1859,0.0009372975028640303
conditional-fit-0113,axis2_legal,1860,0.04726005134648902
conditional-fit-0113,axis2_legal,1861,0.25794364489327803
conditional-fit-0113,axis2_legal,1862,0.008924779222253307
conditional-fit-0113,axis2_legal,1863,0.030251380192790656
conditional-fit-0113,axis2_legal,1864,0.011265536989354084
conditional-fit-0113,axis2_legal,1865,0.018928445430615847
conditional-fit-0113,axis2_legal,1866,0.0931991636874902
conditional-fit-0113,axis2_legal,1867,0.07435023663409746
conditional-fit-0113,axis2_legal,1868,0.06595352305626051
conditional-fit-0113,axis2_legal,1869,0.07101251965198027
conditional-fit-0113,axis2_legal,1870,0.02475417171248974
conditional-fit-0113,axis2_legal,1871,0.025093484562383736
conditional-fit-0113,axis2_legal,1872,0.08882013087138112
conditional-fit-0113,axis2_legal,1873,0.0014298069018525846
conditional-fit-0113,axis2_legal,1874,0.00040156068210858264
conditional-fit-0113,axis2_legal,1875,0.011780371847587909
conditional-fit-0113,axis2_legal,1876,0.04876661645875298
conditional-fit-0113,axis2_legal,1877,0.02562578772113051
conditional-fit-0113,axis2_legal,1878,0.05686068318592449
conditional-fit-0113,axis2_legal,1879,0.0664301755908043
conditional-fit-0113,axis2_legal,1880,0.048453069598353826
conditional-fit-0113,axis2_legal,1881,0.02927562905792072
conditional-fit-0113,axis2_legal,1882,0.04640185195828638
conditional-fit-0113,axis2_legal,1883,0.01531800001387355
conditional-fit-0113,axis2_legal,1884,0.044162600643925506
conditional-fit-0113,axis2_legal,1885,0.05453482811261468
conditional-fit-0113,axis2_legal,1886,0.09812401038782423
conditional-fit-0113,axis2_legal,1887,0.04930579066848298
conditional-fit-0113,axis2_legal,1888,0.018171374881912866
conditional-fit-0113,axis2_legal,1889,0.02800534922703143
conditional-fit-0113,axis2_legal,1890,0.023811218648768753
conditional-fit-0113,axis2_legal,1891,0.2433749026486589
conditional-fit-0113,axis2_legal,1892,0.3404571297875429
conditional-fit-0113,axis2_legal,1893,4.8279743599260186e-05
conditional-fit-0113,axis2_legal,1894,0.1312022650366295
conditional-fit-0113,axis2_legal,1895,0.0003372921626323505
conditional-fit-0113,axis2_legal,1896,0.010097789568534138
conditional-fit-0113,axis2_legal,1897,0.03442351911489832
conditional-fit-0113,axis2_legal,1898,0.00012305792066484494
conditional-fit-0113,axis2_legal,1899,0.04604811545689015
conditional-fit-0113,axis2_legal,1900,0.016290461915849503
conditional-fit-0113,axis2_legal,1901,0.033706025610126145
conditional-fit-0113,axis2_legal,1902,0.01902876930031279
conditional-fit-0113,axis2_legal,1903,0.07920240658930801
conditional-fit-0113,axis2_legal,1904,0.0454105292171665
conditional-fit-0113,axis2_legal,1905,0.010780672800923999
conditional-fit-0113,axis2_legal,1906,0.004703587645589169
conditional-fit-0113,axis2_legal,1907,0.055277505341784335
conditional-fit-0113,axis2_legal,1908,0.0241560772390179
conditional-fit-0113,axis2_legal,1909,9.966206416767712e-05
conditional-fit-0113,axis2_legal,1910,0.014462930092785577
conditional-fit-0113,axis2_legal,1911,0.02725178375887538
conditional-fit-0113,axis2_legal,1912,0.018131654612878564
conditional-fit-0113,axis2_legal,1913,0.06987350542618968
conditional-fit-0113,axis2_legal,1914,0.09017719152794644
conditional-fit-0113,axis2_legal,1915,0.1823795262205249
conditional-fit-0113,axis2_legal,1916,0.032368030498579475
conditional-fit-0113,axis2_legal,1917,0.056390648573286024
conditional-fit-0113,axis2_legal,1918,0.02035713352137611
conditional-fit-0113,axis2_legal,1919,0.009835744293879668
conditional-fit-0113,axis2_legal,1920,0.07295129867783846
conditional-fit-0113,axis2_legal,1921,0.0004891906954772156
conditional-fit-0113,axis2_legal,1922,0.04584371357784582
conditional-fit-0113,axis2_legal,1923,0.09442648899421535
conditional-fit-0113,axis2_legal,1924,0.01936911309479092
conditional-fit-0113,axis2_legal,1925,0.08270426718459599
conditional-fit-0113,axis2_legal,1926,0.04950791023247295
conditional-fit-0113,axis2_legal,1927,0.03324156252472985
conditional-fit-0113,axis2_legal,1928,0.00014045291457098275
conditional-fit-0113,axis2_legal,1929,0.03187068179158614
conditional-fit-0113,axis2_legal,1930,0.018430676895455737
conditional-fit-0113,axis2_legal,1931,0.062208449542987446
conditional-fit-0113,axis2_legal,1932,0.016336601655741707
conditional-fit-0113,axis2_legal,1933,0.025528241598785945
conditional-fit-0113,axis2_legal,1934,0.00014786721937045492
conditional-fit-0113,axis2_legal,1935,0.0038591012521670804
conditional-fit-0113,axis2_legal,1936,0.0007278366825693914
conditional-fit-0113,axis2_legal,1937,0.3360569007773002
conditional-fit-0113,axis2_legal,1938,0.02896670777425231
conditional-fit-0113,axis2_legal,1939,0.08668073058304548
conditional-fit-0113,axis2_legal,1940,0.07299714902914575
conditional-fit-0113,axis2_legal,1941,0.07014226746813552
conditional-fit-0113,axis2_legal,1942,0.054880101677859984
conditional-fit-0113,axis2_legal,1943,0.012318245145403061
conditional-fit-0113,axis2_legal,1944,0.015798356567816103
conditional-fit-0113,axis2_legal,1945,0.03992912986023266
conditional-fit-0113,axis2_legal,1946,0.017301375570442548
conditional-fit-0113,axis2_legal,1947,0.01793218226560179
conditional-fit-0113,axis2_legal,1948,0.023949931075646577
conditional-fit-0113,axis2_legal,1949,0.0050825361617144295
conditional-fit-0113,axis2_legal,1950,0.0009844535315059468
conditional-fit-0113,axis2_legal,1951,0.028989883935960546
conditional-fit-0113,axis2_legal,1952,0.044542881467308025
conditional-fit-0113,axis2_legal,1953,0.032873627974433925
conditional-fit-0113,axis2_legal,1954,0.014645707318360124
conditional-fit-0113,axis2_legal,1955,0.061136850836934487
conditional-fit-0113,axis2_legal,1956,0.06369080985112836
conditional-fit-0113,axis2_legal,1957,0.00014336542148151932
conditional-fit-0113,axis2_legal,1958,0.031122068116049437
conditional-fit-0113,axis2_legal,1959,0.05945240546648922
conditional-fit-0113,axis2_legal,1960,0.06769854703704363
conditional-fit-0113,axis2_legal,1961,0.028598065495433526
conditional-fit-0113,axis2_legal,1962,0.0011806189926378144
conditional-fit-0113,axis2_legal,1963,0.0021312609147676013
conditional-fit-0113,axis2_legal,1964,0.011138417727368524
conditional-fit-0113,axis2_legal,1965,0.061467720275901874
conditional-fit-0113,axis2_legal,1966,0.02436869884992684
conditional-fit-0113,axis2_legal,1967,0.059198836515048744
conditional-fit-0113,axis2_legal,1968,0.04874648033406248
conditional-fit-0113,axis2_legal,1969,0.009502768289127841
conditional-fit-0113,axis2_legal,1970,0.015587119238726917
conditional-fit-0113,axis2_legal,1971,0.03599234684128768
conditional-fit-0113,axis2_legal,1972,0.039092786601526215
conditional-fit-0113,axis2_legal,1973,0.018440477935015628
conditional-fit-0113,axis2_legal,1974,0.0048106896548232745
conditional-fit-0113,axis2_legal,1975,0.0004319326563132908
conditional-fit-0113,axis2_legal,1976,0.004915442898991715
conditional-fit-0113,axis2_legal,1977,0.05549886904964142
conditional-fit-0113,axis2_legal,1978,0.05207457919374697
conditional-fit-0113,axis2_legal,1979,0.026589437333627182
conditional-fit-0113,axis2_legal,1980,0.022147511349745075
conditional-fit-0113,axis2_legal,1981,0.041083870191227195
conditional-fit-0113,axis2_legal,1982,0.008457318111064486
conditional-fit-0113,axis2_legal,1983,0.030289292000793833
conditional-fit-0113,axis2_legal,1984,0.020899840028010735
conditional-fit-0113,axis2_legal,1985,0.04008192529002865
conditional-fit-0113,axis2_legal,1986,0.04852518572542368
conditional-fit-0113,axis2_legal,1987,0.010716429468464832
conditional-fit-0113,axis2_legal,1988,0.005501164680212679
conditional-fit-0113,axis2_legal,1989,0.009413597328569931
conditional-fit-0113,axis2_legal,1990,0.045094007669866876
conditional-fit-0113,axis2_legal,1991,0.023561022845606332
conditional-fit-0113,axis2_legal,1992,0.047052157449100775
conditional-fit-0113,axis2_legal,1993,0.005651357269565763
conditional-fit-0113,axis2_legal,1994,0.012893446899015547
conditional-fit-0113,axis2_legal,1995,0.0009995574214307105
conditional-fit-0113,axis2_legal,1996,0.01059518245132992
conditional-fit-0113,axis2_legal,1997,0.01907542848352416
conditional-fit-0113,axis2_legal,1998,0.029948418803612514
conditional-fit-0113,axis2_legal,1999,0.001650370379859073
conditional-fit-0113,axis2_legal,2000,0.0035849183720620768
conditional-fit-0113,axis2_legal,2001,0.026002975194966034
conditional-fit-0113,axis2_legal,2002,0.026173647964795856
conditional-fit-0113,axis2_legal,2003,0.017757382823956926
conditional-fit-0113,axis2_legal,2004,0.008139222857918339
conditional-fit-0113,axis2_legal,2005,0.04179359990514775
conditional-fit-0113,axis2_legal,2006,0.017986064509153146
conditional-fit-0113,axis2_legal,2007,0.0005884353099696537
conditional-fit-0113,axis2_legal,2008,0.05064158912188237
conditional-fit-0113,axis2_legal,2009,0.04200737563367566
conditional-fit-0113,axis2_legal,2010,0.03723452720622841
conditional-fit-0113,axis2_legal,2011,0.08868782580112879
conditional-fit-0113,axis2_legal,2012,0.019513636953376764
conditional-fit-0113,axis2_legal,2013,0.020811422073853163
conditional-fit-0113,axis2_legal,2014,0.0003081006204976226
conditional-fit-0113,axis2_legal,2015,0.02705757635644554
conditional-fit-0113,axis2_legal,2016,0.024198752278764352
conditional-fit-0113,axis2_legal,2017,0.03903206894793182
conditional-fit-0113,axis2_legal,2018,0.02270696808065368
conditional-fit-0113,axis2_legal,2019,0.014688612407961474
conditional-fit-0113,axis2_legal,2020,0.03124531730889889
conditional-fit-0113,axis2_legal,2021,0.005011554894276024
conditional-fit-0113,axis2_legal,2022,0.027874896983057743
conditional-fit-0113,axis2_legal,2023,0.021052831480720166
conditional-fit-0113,axis2_legal,2024,0.013068978133527365
conditional-fit-0113,axis2_legal,2025,0.02162989674154768
conditional-fit-0113,axis2_legal,2026,0.022684156552476784
conditional-fit-0113,axis2_legal,2027,0.05623505652434946
conditional-fit-0113,axis2_legal,2028,0.0282529657818709
conditional-fit-0113,axis2_legal,2029,0.01429648273707004
conditional-fit-0113,axis2_legal,2030,0.002236292895833377
conditional-fit-0113,axis2_legal,2031,0.0008426994673185601
conditional-fit-0113,axis2_legal,2032,0.00882826628356914
conditional-fit-0113,axis2_legal,2033,0.010823631320652331
conditional-fit-0113,axis2_legal,2034,0.0009948719263497881
conditional-fit-0113,axis2_legal,2035,0.014643051243675227
conditional-fit-0113,axis2_legal,2036,0.01752474757015945
conditional-fit-0113,axis2_legal,2037,0.019698346329635186
conditional-fit-0113,axis2_legal,2038,0.010450514207993797
conditional-fit-0113,axis2_legal,2039,0.0002605747029595634
conditional-fit-0113,axis2_legal,2040,0.030616565650398636
conditional-fit-0113,axis2_legal,2041,0.011382987161280856
conditional-fit-0113,axis2_legal,2042,0.011339862097461439
conditional-fit-0113,axis2_legal,2043,0.018089225825329347
conditional-fit-0113,axis2_legal,2044,0.04903466403117599
conditional-fit-0113,axis2_legal,2045,0.031275036330872974
conditional-fit-0113,axis2_legal,2046,0.0011609377305451015
