window_id,domain,pos,kld
conditional-fit-0074,axis2_legal,0,2.7722121773422157
conditional-fit-0074,axis2_legal,1,1.3745578212601406
conditional-fit-0074,axis2_legal,2,2.850904832523634
conditional-fit-0074,axis2_legal,3,0.8635658282087681
conditional-fit-0074,axis2_legal,4,0.23675709247052756
conditional-fit-0074,axis2_legal,5,0.6753799346040393
conditional-fit-0074,axis2_legal,6,0.6255627321300454
conditional-fit-0074,axis2_legal,7,1.4550065438422348
conditional-fit-0074,axis2_legal,8,2.1263858144716363
conditional-fit-0074,axis2_legal,9,1.044054877474776
conditional-fit-0074,axis2_legal,10,0.9746641651130958
conditional-fit-0074,axis2_legal,11,0.23501149893618511
conditional-fit-0074,axis2_legal,12,0.2208785860194365
conditional-fit-0074,axis2_legal,13,0.5614468803399463
conditional-fit-0074,axis2_legal,14,1.0640882274755659
conditional-fit-0074,axis2_legal,15,0.09049422473741818
conditional-fit-0074,axis2_legal,16,0.13928191820930697
conditional-fit-0074,axis2_legal,17,0.025361951764087308
conditional-fit-0074,axis2_legal,18,0.8018486640073998
conditional-fit-0074,axis2_legal,19,0.6158819508242961
conditional-fit-0074,axis2_legal,20,0.08488632476465052
conditional-fit-0074,axis2_legal,21,0.5707283471845045
conditional-fit-0074,axis2_legal,22,0.07862508219988859
conditional-fit-0074,axis2_legal,23,0.49241386079766014
conditional-fit-0074,axis2_legal,24,0.28274858562312105
conditional-fit-0074,axis2_legal,25,0.15721817736476948
conditional-fit-0074,axis2_legal,26,0.15164784376589
conditional-fit-0074,axis2_legal,27,0.5151766622745941
conditional-fit-0074,axis2_legal,28,0.20191451842613659
conditional-fit-0074,axis2_legal,29,0.07018155129701625
conditional-fit-0074,axis2_legal,30,0.24848763420882464
conditional-fit-0074,axis2_legal,31,0.2609345149386677
conditional-fit-0074,axis2_legal,32,0.04547378560186038
conditional-fit-0074,axis2_legal,33,0.5555336426053312
conditional-fit-0074,axis2_legal,34,0.5895589018193474
conditional-fit-0074,axis2_legal,35,0.15389846554339892
conditional-fit-0074,axis2_legal,36,0.10285951324214715
conditional-fit-0074,axis2_legal,37,0.10031962619451928
conditional-fit-0074,axis2_legal,38,0.21965485362932433
conditional-fit-0074,axis2_legal,39,0.09630691254581397
conditional-fit-0074,axis2_legal,40,0.013742480536365804
conditional-fit-0074,axis2_legal,41,0.041944901112469936
conditional-fit-0074,axis2_legal,42,0.39180330918005435
conditional-fit-0074,axis2_legal,43,0.08117459101240493
conditional-fit-0074,axis2_legal,44,0.027436230254535704
conditional-fit-0074,axis2_legal,45,0.010137204550673521
conditional-fit-0074,axis2_legal,46,0.028791600491815977
conditional-fit-0074,axis2_legal,47,0.043021537926540364
conditional-fit-0074,axis2_legal,48,0.20322608591771618
conditional-fit-0074,axis2_legal,49,0.07170603363565768
conditional-fit-0074,axis2_legal,50,0.05816005899463103
conditional-fit-0074,axis2_legal,51,0.08314931579549664
conditional-fit-0074,axis2_legal,52,0.01525431976559511
conditional-fit-0074,axis2_legal,53,0.4051477637610509
conditional-fit-0074,axis2_legal,54,0.11645029502052082
conditional-fit-0074,axis2_legal,55,0.19655561851378917
conditional-fit-0074,axis2_legal,56,0.12163371110315319
conditional-fit-0074,axis2_legal,57,0.000679317881764086
conditional-fit-0074,axis2_legal,58,0.055567753389810126
conditional-fit-0074,axis2_legal,59,0.03597487538466962
conditional-fit-0074,axis2_legal,60,0.041159538001242835
conditional-fit-0074,axis2_legal,61,0.08112730483410233
conditional-fit-0074,axis2_legal,62,0.3115822674856271
conditional-fit-0074,axis2_legal,63,0.0609890056197173
conditional-fit-0074,axis2_legal,64,0.20835197018161153
conditional-fit-0074,axis2_legal,65,0.3670413926754356
conditional-fit-0074,axis2_legal,66,0.4589085446560178
conditional-fit-0074,axis2_legal,67,0.10271302981859111
conditional-fit-0074,axis2_legal,68,0.0015197298181954238
conditional-fit-0074,axis2_legal,69,0.0019442021975370279
conditional-fit-0074,axis2_legal,70,0.13680017838378505
conditional-fit-0074,axis2_legal,71,0.1557019193880301
conditional-fit-0074,axis2_legal,72,0.22199195661469873
conditional-fit-0074,axis2_legal,73,0.4534508420781652
conditional-fit-0074,axis2_legal,74,0.8765721035514327
conditional-fit-0074,axis2_legal,75,0.42660400214308225
conditional-fit-0074,axis2_legal,76,0.34569601724079646
conditional-fit-0074,axis2_legal,77,0.0018738256756428095
conditional-fit-0074,axis2_legal,78,0.051069129159629564
conditional-fit-0074,axis2_legal,79,0.08178043216628478
conditional-fit-0074,axis2_legal,80,0.10649000411860313
conditional-fit-0074,axis2_legal,81,0.09917241215337579
conditional-fit-0074,axis2_legal,82,0.03831460968388263
conditional-fit-0074,axis2_legal,83,0.018439920025956628
conditional-fit-0074,axis2_legal,84,0.018435845126259724
conditional-fit-0074,axis2_legal,85,0.017895530845664497
conditional-fit-0074,axis2_legal,86,0.05127680100491022
conditional-fit-0074,axis2_legal,87,0.09262820487317255
conditional-fit-0074,axis2_legal,88,0.03983101588143911
conditional-fit-0074,axis2_legal,89,0.013438451905366595
conditional-fit-0074,axis2_legal,90,0.002089487376077417
conditional-fit-0074,axis2_legal,91,0.07249150134723567
conditional-fit-0074,axis2_legal,92,0.23672598396222894
conditional-fit-0074,axis2_legal,93,0.2810641145147828
conditional-fit-0074,axis2_legal,94,0.03689599344183789
conditional-fit-0074,axis2_legal,95,0.012797726693090327
conditional-fit-0074,axis2_legal,96,0.003746194956320433
conditional-fit-0074,axis2_legal,97,0.017117046883415015
conditional-fit-0074,axis2_legal,98,0.022864753976675863
conditional-fit-0074,axis2_legal,99,0.014196215086283671
conditional-fit-0074,axis2_legal,100,0.0416456911727099
conditional-fit-0074,axis2_legal,101,0.08765412769725259
conditional-fit-0074,axis2_legal,102,0.012865129972019227
conditional-fit-0074,axis2_legal,103,0.004255954661887409
conditional-fit-0074,axis2_legal,104,0.03462277407870129
conditional-fit-0074,axis2_legal,105,0.0010804581593895635
conditional-fit-0074,axis2_legal,106,0.003528724676242286
conditional-fit-0074,axis2_legal,107,0.5867787915335002
conditional-fit-0074,axis2_legal,108,0.04725305986037462
conditional-fit-0074,axis2_legal,109,0.08938117085311707
conditional-fit-0074,axis2_legal,110,0.8326007651956081
conditional-fit-0074,axis2_legal,111,0.18422229032034165
conditional-fit-0074,axis2_legal,112,0.22823295161080553
conditional-fit-0074,axis2_legal,113,0.7408617519337078
conditional-fit-0074,axis2_legal,114,1.2959468306977588
conditional-fit-0074,axis2_legal,115,0.007030362651006369
conditional-fit-0074,axis2_legal,116,0.33959776183975293
conditional-fit-0074,axis2_legal,117,0.6944047109356783
conditional-fit-0074,axis2_legal,118,0.13341129982393243
conditional-fit-0074,axis2_legal,119,0.45083876239033144
conditional-fit-0074,axis2_legal,120,0.1652377625788495
conditional-fit-0074,axis2_legal,121,0.16390937093582997
conditional-fit-0074,axis2_legal,122,0.3890241330465473
conditional-fit-0074,axis2_legal,123,0.12640498130733768
conditional-fit-0074,axis2_legal,124,0.5904797002873499
conditional-fit-0074,axis2_legal,125,0.14972539722870648
conditional-fit-0074,axis2_legal,126,0.2536784590125743
conditional-fit-0074,axis2_legal,127,0.13194709000828675
conditional-fit-0074,axis2_legal,128,0.10772148621549836
conditional-fit-0074,axis2_legal,129,0.03095498201641001
conditional-fit-0074,axis2_legal,130,0.37443317583616087
conditional-fit-0074,axis2_legal,131,0.0704616804053829
conditional-fit-0074,axis2_legal,132,0.030653385739988444
conditional-fit-0074,axis2_legal,133,0.22995127015539082
conditional-fit-0074,axis2_legal,134,0.09424803464161367
conditional-fit-0074,axis2_legal,135,0.33774710145813686
conditional-fit-0074,axis2_legal,136,0.15728822352948735
conditional-fit-0074,axis2_legal,137,0.18384152829121309
conditional-fit-0074,axis2_legal,138,0.2173262866905254
conditional-fit-0074,axis2_legal,139,0.006730621735296575
conditional-fit-0074,axis2_legal,140,0.0473915296684373
conditional-fit-0074,axis2_legal,141,0.2766517226379423
conditional-fit-0074,axis2_legal,142,0.16385292463386403
conditional-fit-0074,axis2_legal,143,0.34851614137806886
conditional-fit-0074,axis2_legal,144,0.0635350046947867
conditional-fit-0074,axis2_legal,145,0.17979431934326642
conditional-fit-0074,axis2_legal,146,0.20578443319724637
conditional-fit-0074,axis2_legal,147,0.02826822416192598
conditional-fit-0074,axis2_legal,148,0.043301449507641206
conditional-fit-0074,axis2_legal,149,0.026098341607512662
conditional-fit-0074,axis2_legal,150,0.09792374496417446
conditional-fit-0074,axis2_legal,151,0.014486732963572833
conditional-fit-0074,axis2_legal,152,0.06034479963987335
conditional-fit-0074,axis2_legal,153,0.07259666668560141
conditional-fit-0074,axis2_legal,154,0.06372767709619791
conditional-fit-0074,axis2_legal,155,0.1143331903941573
conditional-fit-0074,axis2_legal,156,0.09183594263939901
conditional-fit-0074,axis2_legal,157,0.12087518654182844
conditional-fit-0074,axis2_legal,158,0.0860161398868577
conditional-fit-0074,axis2_legal,159,0.01782323314145709
conditional-fit-0074,axis2_legal,160,0.10015972786789348
conditional-fit-0074,axis2_legal,161,0.14537699466406503
conditional-fit-0074,axis2_legal,162,0.10484669640761012
conditional-fit-0074,axis2_legal,163,0.2079001161106966
conditional-fit-0074,axis2_legal,164,0.07283320762676881
conditional-fit-0074,axis2_legal,165,0.3464173170010419
conditional-fit-0074,axis2_legal,166,0.11191210093080037
conditional-fit-0074,axis2_legal,167,0.0262079135389938
conditional-fit-0074,axis2_legal,168,0.015204059375262178
conditional-fit-0074,axis2_legal,169,0.0019110901496949624
conditional-fit-0074,axis2_legal,170,0.5291371341708135
conditional-fit-0074,axis2_legal,171,0.02509428163090948
conditional-fit-0074,axis2_legal,172,0.24687147960722167
conditional-fit-0074,axis2_legal,173,0.10459111896732118
conditional-fit-0074,axis2_legal,174,0.07122130833698087
conditional-fit-0074,axis2_legal,175,0.016879274003451246
conditional-fit-0074,axis2_legal,176,0.0027905979346600565
conditional-fit-0074,axis2_legal,177,0.10306125843920949
conditional-fit-0074,axis2_legal,178,0.07718159833598023
conditional-fit-0074,axis2_legal,179,0.2041166922532004
conditional-fit-0074,axis2_legal,180,0.0177591509496103
conditional-fit-0074,axis2_legal,181,0.2154546885512469
conditional-fit-0074,axis2_legal,182,0.10790064660762783
conditional-fit-0074,axis2_legal,183,0.10143545692450293
conditional-fit-0074,axis2_legal,184,0.011024468937779303
conditional-fit-0074,axis2_legal,185,0.02780076704098379
conditional-fit-0074,axis2_legal,186,0.0250493488036615
conditional-fit-0074,axis2_legal,187,0.12236765678425039
conditional-fit-0074,axis2_legal,188,0.23878167021785768
conditional-fit-0074,axis2_legal,189,0.04669785525316289
conditional-fit-0074,axis2_legal,190,0.09051883221345422
conditional-fit-0074,axis2_legal,191,0.07071682205716381
conditional-fit-0074,axis2_legal,192,0.028964241041948224
conditional-fit-0074,axis2_legal,193,0.007167213577856948
conditional-fit-0074,axis2_legal,194,0.061430598083337784
conditional-fit-0074,axis2_legal,195,0.048220975654036456
conditional-fit-0074,axis2_legal,196,0.02079638556880439
conditional-fit-0074,axis2_legal,197,0.08721200741939591
conditional-fit-0074,axis2_legal,198,0.06538350007586331
conditional-fit-0074,axis2_legal,199,0.06323223953709795
conditional-fit-0074,axis2_legal,200,0.02589225635495848
conditional-fit-0074,axis2_legal,201,0.10371158372258346
conditional-fit-0074,axis2_legal,202,0.05126290368673548
conditional-fit-0074,axis2_legal,203,0.07442098354506561
conditional-fit-0074,axis2_legal,204,0.19832644194650895
conditional-fit-0074,axis2_legal,205,0.00521753018709019
conditional-fit-0074,axis2_legal,206,0.04659189523940055
conditional-fit-0074,axis2_legal,207,0.5089790222037344
conditional-fit-0074,axis2_legal,208,0.018248631437499017
conditional-fit-0074,axis2_legal,209,0.0009677899341191145
conditional-fit-0074,axis2_legal,210,0.23987754892048516
conditional-fit-0074,axis2_legal,211,0.03308537090324472
conditional-fit-0074,axis2_legal,212,0.07593534102518487
conditional-fit-0074,axis2_legal,213,0.18038589373238711
conditional-fit-0074,axis2_legal,214,0.3732014984047305
conditional-fit-0074,axis2_legal,215,0.41529510443884976
conditional-fit-0074,axis2_legal,216,0.0007796475979758936
conditional-fit-0074,axis2_legal,217,0.0014005040188493744
conditional-fit-0074,axis2_legal,218,0.006080341187799977
conditional-fit-0074,axis2_legal,219,0.003257698769182666
conditional-fit-0074,axis2_legal,220,0.054224936683033534
conditional-fit-0074,axis2_legal,221,0.17432302169193847
conditional-fit-0074,axis2_legal,222,0.1592929163409487
conditional-fit-0074,axis2_legal,223,0.14689958889257498
conditional-fit-0074,axis2_legal,224,0.051815739595265704
conditional-fit-0074,axis2_legal,225,0.007742255690883274
conditional-fit-0074,axis2_legal,226,0.00929363189824274
conditional-fit-0074,axis2_legal,227,0.009084357319460602
conditional-fit-0074,axis2_legal,228,0.009827250637504673
conditional-fit-0074,axis2_legal,229,0.004868086844440903
conditional-fit-0074,axis2_legal,230,0.08766391693768896
conditional-fit-0074,axis2_legal,231,0.03606665090577251
conditional-fit-0074,axis2_legal,232,0.18185611530766305
conditional-fit-0074,axis2_legal,233,0.15191228089949174
conditional-fit-0074,axis2_legal,234,0.14042570189880757
conditional-fit-0074,axis2_legal,235,0.1408717093819543
conditional-fit-0074,axis2_legal,236,0.000917704903610139
conditional-fit-0074,axis2_legal,237,0.05862777477062318
conditional-fit-0074,axis2_legal,238,0.06753234312053161
conditional-fit-0074,axis2_legal,239,0.07973757033475855
conditional-fit-0074,axis2_legal,240,0.10869347590109933
conditional-fit-0074,axis2_legal,241,0.060151135788959254
conditional-fit-0074,axis2_legal,242,0.041690358653677206
conditional-fit-0074,axis2_legal,243,0.16622617641060433
conditional-fit-0074,axis2_legal,244,0.004652298780449164
conditional-fit-0074,axis2_legal,245,0.0447604322770706
conditional-fit-0074,axis2_legal,246,0.08194322759622318
conditional-fit-0074,axis2_legal,247,0.03751532347423084
conditional-fit-0074,axis2_legal,248,0.167094173090943
conditional-fit-0074,axis2_legal,249,0.15328975744084636
conditional-fit-0074,axis2_legal,250,0.07437021199100269
conditional-fit-0074,axis2_legal,251,0.0015776892890479064
conditional-fit-0074,axis2_legal,252,0.07014071899465422
conditional-fit-0074,axis2_legal,253,0.1140689897907536
conditional-fit-0074,axis2_legal,254,0.052527413126904836
conditional-fit-0074,axis2_legal,255,0.006485946161195353
conditional-fit-0074,axis2_legal,256,0.06498373798269938
conditional-fit-0074,axis2_legal,257,0.030000219636076207
conditional-fit-0074,axis2_legal,258,0.1811075440277547
conditional-fit-0074,axis2_legal,259,0.027140225730851678
conditional-fit-0074,axis2_legal,260,0.10202262337407154
conditional-fit-0074,axis2_legal,261,0.1972299220212747
conditional-fit-0074,axis2_legal,262,0.35966985618810166
conditional-fit-0074,axis2_legal,263,0.04017611974119006
conditional-fit-0074,axis2_legal,264,1.017556694978148
conditional-fit-0074,axis2_legal,265,0.10806875189755495
conditional-fit-0074,axis2_legal,266,0.18104386703476255
conditional-fit-0074,axis2_legal,267,0.08960758422283308
conditional-fit-0074,axis2_legal,268,0.01038119413844028
conditional-fit-0074,axis2_legal,269,0.033468693141474784
conditional-fit-0074,axis2_legal,270,0.10273496400460805
conditional-fit-0074,axis2_legal,271,0.022995361618276526
conditional-fit-0074,axis2_legal,272,0.006884994987336173
conditional-fit-0074,axis2_legal,273,0.04687750004191722
conditional-fit-0074,axis2_legal,274,0.08097115286728856
conditional-fit-0074,axis2_legal,275,0.07717353456816245
conditional-fit-0074,axis2_legal,276,0.0649422779154164
conditional-fit-0074,axis2_legal,277,0.12868357097495417
conditional-fit-0074,axis2_legal,278,0.007231116528013805
conditional-fit-0074,axis2_legal,279,0.17283913738892606
conditional-fit-0074,axis2_legal,280,0.018780156329216282
conditional-fit-0074,axis2_legal,281,0.09414246017725926
conditional-fit-0074,axis2_legal,282,0.19467537832943568
conditional-fit-0074,axis2_legal,283,0.003668304680204933
conditional-fit-0074,axis2_legal,284,0.08926888548881166
conditional-fit-0074,axis2_legal,285,0.07298016082696225
conditional-fit-0074,axis2_legal,286,0.10161292252842533
conditional-fit-0074,axis2_legal,287,0.0007963981303461281
conditional-fit-0074,axis2_legal,288,0.06208215876284389
conditional-fit-0074,axis2_legal,289,0.042445282899591236
conditional-fit-0074,axis2_legal,290,0.19308689061121406
conditional-fit-0074,axis2_legal,291,0.05890963266956336
conditional-fit-0074,axis2_legal,292,0.017194054603538247
conditional-fit-0074,axis2_legal,293,0.008997993990338527
conditional-fit-0074,axis2_legal,294,0.02147132097219992
conditional-fit-0074,axis2_legal,295,0.003224756038102275
conditional-fit-0074,axis2_legal,296,0.05352715165308848
conditional-fit-0074,axis2_legal,297,0.004165338659245543
conditional-fit-0074,axis2_legal,298,0.10615352546653414
conditional-fit-0074,axis2_legal,299,0.08435870751425056
conditional-fit-0074,axis2_legal,300,0.004396828372156038
conditional-fit-0074,axis2_legal,301,0.08299906933584693
conditional-fit-0074,axis2_legal,302,0.07161385704397753
conditional-fit-0074,axis2_legal,303,0.10933371430465899
conditional-fit-0074,axis2_legal,304,0.04164689553149009
conditional-fit-0074,axis2_legal,305,0.034707241235015625
conditional-fit-0074,axis2_legal,306,0.051375482509311975
conditional-fit-0074,axis2_legal,307,0.020330410976853768
conditional-fit-0074,axis2_legal,308,0.22548728012227542
conditional-fit-0074,axis2_legal,309,0.007752199760739567
conditional-fit-0074,axis2_legal,310,0.04992114608731883
conditional-fit-0074,axis2_legal,311,0.13517067544818182
conditional-fit-0074,axis2_legal,312,0.1683226347374028
conditional-fit-0074,axis2_legal,313,0.22569373650891528
conditional-fit-0074,axis2_legal,314,0.021024436805933838
conditional-fit-0074,axis2_legal,315,0.07209477294093568
conditional-fit-0074,axis2_legal,316,0.07301611424658098
conditional-fit-0074,axis2_legal,317,0.01368538070693584
conditional-fit-0074,axis2_legal,318,0.08602622911297603
conditional-fit-0074,axis2_legal,319,0.0011138299712390826
conditional-fit-0074,axis2_legal,320,0.0013465641185707612
conditional-fit-0074,axis2_legal,321,0.0020825445404834392
conditional-fit-0074,axis2_legal,322,0.049063672050736896
conditional-fit-0074,axis2_legal,323,0.019240888757885682
conditional-fit-0074,axis2_legal,324,0.04566460558317707
conditional-fit-0074,axis2_legal,325,0.005269832097989523
conditional-fit-0074,axis2_legal,326,0.00046559583210812987
conditional-fit-0074,axis2_legal,327,0.07292023300405032
conditional-fit-0074,axis2_legal,328,0.2051067974823935
conditional-fit-0074,axis2_legal,329,0.014646606067615475
conditional-fit-0074,axis2_legal,330,0.025626758446687332
conditional-fit-0074,axis2_legal,331,0.029184145226445756
conditional-fit-0074,axis2_legal,332,0.0016360661691446512
conditional-fit-0074,axis2_legal,333,0.053215986693177675
conditional-fit-0074,axis2_legal,334,0.01856817108557474
conditional-fit-0074,axis2_legal,335,0.024158602603169262
conditional-fit-0074,axis2_legal,336,0.003730923283485626
conditional-fit-0074,axis2_legal,337,0.008971623058696199
conditional-fit-0074,axis2_legal,338,0.028217059523899003
conditional-fit-0074,axis2_legal,339,0.6026164605239972
conditional-fit-0074,axis2_legal,340,0.23832766951382978
conditional-fit-0074,axis2_legal,341,0.1843430886092951
conditional-fit-0074,axis2_legal,342,0.21966290232285032
conditional-fit-0074,axis2_legal,343,0.03498237089242474
conditional-fit-0074,axis2_legal,344,0.054164611975178134
conditional-fit-0074,axis2_legal,345,0.036727250094278574
conditional-fit-0074,axis2_legal,346,0.032351093135265
conditional-fit-0074,axis2_legal,347,0.008514146505276099
conditional-fit-0074,axis2_legal,348,0.0005048798825229345
conditional-fit-0074,axis2_legal,349,0.06878930143689307
conditional-fit-0074,axis2_legal,350,0.004801066450932243
conditional-fit-0074,axis2_legal,351,0.034490898943649456
conditional-fit-0074,axis2_legal,352,0.003552669230943644
conditional-fit-0074,axis2_legal,353,0.007747955091990335
conditional-fit-0074,axis2_legal,354,0.11571218617197393
conditional-fit-0074,axis2_legal,355,0.00298621429533977
conditional-fit-0074,axis2_legal,356,0.014022488498451753
conditional-fit-0074,axis2_legal,357,0.004436999646045331
conditional-fit-0074,axis2_legal,358,0.012252136359271231
conditional-fit-0074,axis2_legal,359,0.007579988103622958
conditional-fit-0074,axis2_legal,360,0.07505686571976562
conditional-fit-0074,axis2_legal,361,0.014564628223330975
conditional-fit-0074,axis2_legal,362,0.08460505276349614
conditional-fit-0074,axis2_legal,363,0.020552529268154998
conditional-fit-0074,axis2_legal,364,0.22588792162440474
conditional-fit-0074,axis2_legal,365,0.005487165493509208
conditional-fit-0074,axis2_legal,366,0.002314638504720735
conditional-fit-0074,axis2_legal,367,0.03962699330565366
conditional-fit-0074,axis2_legal,368,0.015253745127355172
conditional-fit-0074,axis2_legal,369,0.00753010654736514
conditional-fit-0074,axis2_legal,370,0.12006508223895085
conditional-fit-0074,axis2_legal,371,0.0034170230294625877
conditional-fit-0074,axis2_legal,372,0.003306795270779814
conditional-fit-0074,axis2_legal,373,0.004866574676245665
conditional-fit-0074,axis2_legal,374,0.0004399347662495559
conditional-fit-0074,axis2_legal,375,0.004775547451287973
conditional-fit-0074,axis2_legal,376,0.0007580021061637074
conditional-fit-0074,axis2_legal,377,0.00505497340754537
conditional-fit-0074,axis2_legal,378,0.0008484245329359897
conditional-fit-0074,axis2_legal,379,0.003128750957900151
conditional-fit-0074,axis2_legal,380,0.0020298261363678825
conditional-fit-0074,axis2_legal,381,0.0023101234954035796
conditional-fit-0074,axis2_legal,382,0.0008365632306930083
conditional-fit-0074,axis2_legal,383,0.031710198945517534
conditional-fit-0074,axis2_legal,384,0.004583142970187687
conditional-fit-0074,axis2_legal,385,0.015001330380219821
conditional-fit-0074,axis2_legal,386,0.001788541589800411
conditional-fit-0074,axis2_legal,387,0.0032860362064632354
conditional-fit-0074,axis2_legal,388,0.020734870006178373
conditional-fit-0074,axis2_legal,389,0.0007315743525054537
conditional-fit-0074,axis2_legal,390,0.0038418090804438775
conditional-fit-0074,axis2_legal,391,0.005104062197406114
conditional-fit-0074,axis2_legal,392,0.008993665051476946
conditional-fit-0074,axis2_legal,393,0.0032335238248552044
conditional-fit-0074,axis2_legal,394,0.160072927300968
conditional-fit-0074,axis2_legal,395,0.05330925766231074
conditional-fit-0074,axis2_legal,396,0.01657820764948412
conditional-fit-0074,axis2_legal,397,0.0031792901752112847
conditional-fit-0074,axis2_legal,398,0.001554261967000827
conditional-fit-0074,axis2_legal,399,0.006011310571588399
conditional-fit-0074,axis2_legal,400,0.03221485832073143
conditional-fit-0074,axis2_legal,401,0.0024835319221761672
conditional-fit-0074,axis2_legal,402,0.010125677222480737
conditional-fit-0074,axis2_legal,403,0.010768433198450621
conditional-fit-0074,axis2_legal,404,0.04062649183916904
conditional-fit-0074,axis2_legal,405,0.04024155091619915
conditional-fit-0074,axis2_legal,406,0.026026093492024886
conditional-fit-0074,axis2_legal,407,0.08097331066120972
conditional-fit-0074,axis2_legal,408,0.0549475380942248
conditional-fit-0074,axis2_legal,409,0.06450335685398045
conditional-fit-0074,axis2_legal,410,0.010697993680044711
conditional-fit-0074,axis2_legal,411,0.023767301795800888
conditional-fit-0074,axis2_legal,412,0.0415785706860365
conditional-fit-0074,axis2_legal,413,0.024800343792179755
conditional-fit-0074,axis2_legal,414,0.029618785546817683
conditional-fit-0074,axis2_legal,415,0.08135819803121407
conditional-fit-0074,axis2_legal,416,0.006577096131886179
conditional-fit-0074,axis2_legal,417,0.003705350380794019
conditional-fit-0074,axis2_legal,418,0.00048589349589124033
conditional-fit-0074,axis2_legal,419,0.0323221732162843
conditional-fit-0074,axis2_legal,420,0.052772587883724555
conditional-fit-0074,axis2_legal,421,0.03211356328674406
conditional-fit-0074,axis2_legal,422,0.013031665535640191
conditional-fit-0074,axis2_legal,423,0.017132152492038685
conditional-fit-0074,axis2_legal,424,0.06700313358298599
conditional-fit-0074,axis2_legal,425,0.013885896975885423
conditional-fit-0074,axis2_legal,426,0.008386592490070462
conditional-fit-0074,axis2_legal,427,0.04474049818713145
conditional-fit-0074,axis2_legal,428,0.21908553673672881
conditional-fit-0074,axis2_legal,429,0.09394680367576039
conditional-fit-0074,axis2_legal,430,0.08542176380332121
conditional-fit-0074,axis2_legal,431,0.02396643347522983
conditional-fit-0074,axis2_legal,432,0.08746443342937596
conditional-fit-0074,axis2_legal,433,0.0012351581021656087
conditional-fit-0074,axis2_legal,434,0.05452412511554064
conditional-fit-0074,axis2_legal,435,0.004005001858296605
conditional-fit-0074,axis2_legal,436,0.05831963780636401
conditional-fit-0074,axis2_legal,437,0.05331846087172566
conditional-fit-0074,axis2_legal,438,0.06912156187530485
conditional-fit-0074,axis2_legal,439,0.03432678677201585
conditional-fit-0074,axis2_legal,440,0.18326887300802525
conditional-fit-0074,axis2_legal,441,0.03880496873492312
conditional-fit-0074,axis2_legal,442,0.039093172499904544
conditional-fit-0074,axis2_legal,443,0.11282405901099568
conditional-fit-0074,axis2_legal,444,0.006559169865454738
conditional-fit-0074,axis2_legal,445,0.15671080199009776
conditional-fit-0074,axis2_legal,446,0.12852447081281515
conditional-fit-0074,axis2_legal,447,0.018349964337009438
conditional-fit-0074,axis2_legal,448,0.01992563070738504
conditional-fit-0074,axis2_legal,449,0.03415236333393663
conditional-fit-0074,axis2_legal,450,0.0009157051172021418
conditional-fit-0074,axis2_legal,451,0.039637179460553645
conditional-fit-0074,axis2_legal,452,0.0869540722566517
conditional-fit-0074,axis2_legal,453,0.07195916338781182
conditional-fit-0074,axis2_legal,454,0.0490881018946926
conditional-fit-0074,axis2_legal,455,0.11593566034547054
conditional-fit-0074,axis2_legal,456,0.12355108956233025
conditional-fit-0074,axis2_legal,457,0.032550641227837414
conditional-fit-0074,axis2_legal,458,0.04051046507864266
conditional-fit-0074,axis2_legal,459,0.05192515279465308
conditional-fit-0074,axis2_legal,460,0.262422682961484
conditional-fit-0074,axis2_legal,461,0.000718153897737219
conditional-fit-0074,axis2_legal,462,0.0046637142277879545
conditional-fit-0074,axis2_legal,463,0.07472988372662676
conditional-fit-0074,axis2_legal,464,0.003932677650702571
conditional-fit-0074,axis2_legal,465,0.08340009655484289
conditional-fit-0074,axis2_legal,466,0.14145443193715015
conditional-fit-0074,axis2_legal,467,0.0019578527921781897
conditional-fit-0074,axis2_legal,468,9.952379842381086e-05
conditional-fit-0074,axis2_legal,469,0.0048420422895774085
conditional-fit-0074,axis2_legal,470,0.14154008025300913
conditional-fit-0074,axis2_legal,471,0.0737741541964369
conditional-fit-0074,axis2_legal,472,0.1299887254125342
conditional-fit-0074,axis2_legal,473,0.03287206252161422
conditional-fit-0074,axis2_legal,474,0.07840791244049009
conditional-fit-0074,axis2_legal,475,0.1430048138694619
conditional-fit-0074,axis2_legal,476,0.14618396832397462
conditional-fit-0074,axis2_legal,477,0.13974625025921705
conditional-fit-0074,axis2_legal,478,0.20364923152354217
conditional-fit-0074,axis2_legal,479,0.10298622745207693
conditional-fit-0074,axis2_legal,480,0.11864942509719541
conditional-fit-0074,axis2_legal,481,0.04727045574450256
conditional-fit-0074,axis2_legal,482,0.0016267713238516581
conditional-fit-0074,axis2_legal,483,0.15392976758671895
conditional-fit-0074,axis2_legal,484,0.275490108595155
conditional-fit-0074,axis2_legal,485,0.14316904020131793
conditional-fit-0074,axis2_legal,486,0.13190198833433053
conditional-fit-0074,axis2_legal,487,0.21163557401645156
conditional-fit-0074,axis2_legal,488,0.09382299779128049
conditional-fit-0074,axis2_legal,489,0.018493252582436785
conditional-fit-0074,axis2_legal,490,0.01754942867334206
conditional-fit-0074,axis2_legal,491,0.009464816572170116
conditional-fit-0074,axis2_legal,492,0.13141746433156956
conditional-fit-0074,axis2_legal,493,0.005625553253375196
conditional-fit-0074,axis2_legal,494,0.11380285646541556
conditional-fit-0074,axis2_legal,495,0.08430652995936756
conditional-fit-0074,axis2_legal,496,0.4661848851399114
conditional-fit-0074,axis2_legal,497,0.005527999308754411
conditional-fit-0074,axis2_legal,498,0.001428576154656362
conditional-fit-0074,axis2_legal,499,0.1605620451682383
conditional-fit-0074,axis2_legal,500,0.11521054764650297
conditional-fit-0074,axis2_legal,501,0.0007618028972518542
conditional-fit-0074,axis2_legal,502,0.05547969816371502
conditional-fit-0074,axis2_legal,503,0.0025688494175052303
conditional-fit-0074,axis2_legal,504,0.0005842484446541075
conditional-fit-0074,axis2_legal,505,0.5028397544158092
conditional-fit-0074,axis2_legal,506,0.10517732031945459
conditional-fit-0074,axis2_legal,507,0.001783887035355374
conditional-fit-0074,axis2_legal,508,0.7388914963672963
conditional-fit-0074,axis2_legal,509,0.21843588257375557
conditional-fit-0074,axis2_legal,510,0.43281351605397156
conditional-fit-0074,axis2_legal,511,0.1879128700795995
conditional-fit-0074,axis2_legal,512,0.13550611842183685
conditional-fit-0074,axis2_legal,513,0.5618290989597458
conditional-fit-0074,axis2_legal,514,0.13339535643541697
conditional-fit-0074,axis2_legal,515,0.1637005365589967
conditional-fit-0074,axis2_legal,516,0.11423889271117207
conditional-fit-0074,axis2_legal,517,0.00046069475854015906
conditional-fit-0074,axis2_legal,518,0.43222124987573307
conditional-fit-0074,axis2_legal,519,0.1265836247169631
conditional-fit-0074,axis2_legal,520,0.049959108196735325
conditional-fit-0074,axis2_legal,521,0.12615444748329538
conditional-fit-0074,axis2_legal,522,0.00540881123293417
conditional-fit-0074,axis2_legal,523,0.04301453061986245
conditional-fit-0074,axis2_legal,524,0.05698512156176663
conditional-fit-0074,axis2_legal,525,0.000488298694630928
conditional-fit-0074,axis2_legal,526,0.0037353714180184293
conditional-fit-0074,axis2_legal,527,0.004824540240577782
conditional-fit-0074,axis2_legal,528,0.08397089063042243
conditional-fit-0074,axis2_legal,529,0.15379588225090723
conditional-fit-0074,axis2_legal,530,0.04905871127931781
conditional-fit-0074,axis2_legal,531,0.05577570017042255
conditional-fit-0074,axis2_legal,532,0.06979824207700176
conditional-fit-0074,axis2_legal,533,0.025831138516698438
conditional-fit-0074,axis2_legal,534,0.03731584555563794
conditional-fit-0074,axis2_legal,535,0.629776654742978
conditional-fit-0074,axis2_legal,536,0.0279366539786556
conditional-fit-0074,axis2_legal,537,0.1322726583917056
conditional-fit-0074,axis2_legal,538,0.0664481824128054
conditional-fit-0074,axis2_legal,539,0.1632073792959766
conditional-fit-0074,axis2_legal,540,0.00027817432797732397
conditional-fit-0074,axis2_legal,541,0.0609119803621023
conditional-fit-0074,axis2_legal,542,0.055591300720978204
conditional-fit-0074,axis2_legal,543,0.10089516143039877
conditional-fit-0074,axis2_legal,544,0.02356145032196509
conditional-fit-0074,axis2_legal,545,0.020352959058462725
conditional-fit-0074,axis2_legal,546,0.1382015019273326
conditional-fit-0074,axis2_legal,547,0.13986677708389372
conditional-fit-0074,axis2_legal,548,0.30413009311904254
conditional-fit-0074,axis2_legal,549,0.09699739252177014
conditional-fit-0074,axis2_legal,550,0.16556634012713384
conditional-fit-0074,axis2_legal,551,0.0003060090804925712
conditional-fit-0074,axis2_legal,552,0.023578300641104964
conditional-fit-0074,axis2_legal,553,0.02766695604357973
conditional-fit-0074,axis2_legal,554,0.048268113273321395
conditional-fit-0074,axis2_legal,555,0.0061014061387500065
conditional-fit-0074,axis2_legal,556,0.0681094052950828
conditional-fit-0074,axis2_legal,557,0.04394290875812483
conditional-fit-0074,axis2_legal,558,0.003306855551257726
conditional-fit-0074,axis2_legal,559,0.001591921259957415
conditional-fit-0074,axis2_legal,560,4.348627226706093e-05
conditional-fit-0074,axis2_legal,561,0.11135544617441519
conditional-fit-0074,axis2_legal,562,0.05376800694533776
conditional-fit-0074,axis2_legal,563,0.1037134540182909
conditional-fit-0074,axis2_legal,564,0.011674013388654769
conditional-fit-0074,axis2_legal,565,0.015618849056115713
conditional-fit-0074,axis2_legal,566,0.024320430966411684
conditional-fit-0074,axis2_legal,567,0.02927322015447235
conditional-fit-0074,axis2_legal,568,0.09836558246532127
conditional-fit-0074,axis2_legal,569,0.03162085337966839
conditional-fit-0074,axis2_legal,570,0.0008579043084609016
conditional-fit-0074,axis2_legal,571,0.10866168036579689
conditional-fit-0074,axis2_legal,572,0.0303392794025655
conditional-fit-0074,axis2_legal,573,0.26447404801380914
conditional-fit-0074,axis2_legal,574,0.012024988894528655
conditional-fit-0074,axis2_legal,575,0.004499878080963656
conditional-fit-0074,axis2_legal,576,0.004530223220895108
conditional-fit-0074,axis2_legal,577,0.0020473383351016974
conditional-fit-0074,axis2_legal,578,0.013563782925947872
conditional-fit-0074,axis2_legal,579,0.21092915415934743
conditional-fit-0074,axis2_legal,580,0.18848675919108998
conditional-fit-0074,axis2_legal,581,0.10370478025151064
conditional-fit-0074,axis2_legal,582,0.020968070035213608
conditional-fit-0074,axis2_legal,583,0.002813607642479077
conditional-fit-0074,axis2_legal,584,0.18401909650184992
conditional-fit-0074,axis2_legal,585,0.062144210732005586
conditional-fit-0074,axis2_legal,586,0.009051948444879263
conditional-fit-0074,axis2_legal,587,0.0010603752832093775
conditional-fit-0074,axis2_legal,588,0.0001047793290179661
conditional-fit-0074,axis2_legal,589,4.6123076828871876e-05
conditional-fit-0074,axis2_legal,590,0.02946235426152731
conditional-fit-0074,axis2_legal,591,0.08870981664325732
conditional-fit-0074,axis2_legal,592,0.17685809680436804
conditional-fit-0074,axis2_legal,593,0.05097601006603328
conditional-fit-0074,axis2_legal,594,0.03359231233742618
conditional-fit-0074,axis2_legal,595,0.11029180172438144
conditional-fit-0074,axis2_legal,596,0.1930909067757369
conditional-fit-0074,axis2_legal,597,0.0028957417114636843
conditional-fit-0074,axis2_legal,598,0.21011653506348332
conditional-fit-0074,axis2_legal,599,0.15742535142743747
conditional-fit-0074,axis2_legal,600,0.033909559420458237
conditional-fit-0074,axis2_legal,601,0.024395680109140692
conditional-fit-0074,axis2_legal,602,0.018594119213344286
conditional-fit-0074,axis2_legal,603,0.0641689250055889
conditional-fit-0074,axis2_legal,604,0.006996468384223541
conditional-fit-0074,axis2_legal,605,0.08233620552605121
conditional-fit-0074,axis2_legal,606,0.017164149617791058
conditional-fit-0074,axis2_legal,607,0.04165318159292847
conditional-fit-0074,axis2_legal,608,0.037973195212437444
conditional-fit-0074,axis2_legal,609,0.4005268540503179
conditional-fit-0074,axis2_legal,610,0.039579372002130186
conditional-fit-0074,axis2_legal,611,0.01595850504591628
conditional-fit-0074,axis2_legal,612,0.001077412998720917
conditional-fit-0074,axis2_legal,613,0.2186500734821276
conditional-fit-0074,axis2_legal,614,0.056952893802904296
conditional-fit-0074,axis2_legal,615,0.03171015668346625
conditional-fit-0074,axis2_legal,616,0.05442348976234433
conditional-fit-0074,axis2_legal,617,0.05724595905796201
conditional-fit-0074,axis2_legal,618,0.006585452590476292
conditional-fit-0074,axis2_legal,619,0.0043520737160874625
conditional-fit-0074,axis2_legal,620,0.0012184953843475226
conditional-fit-0074,axis2_legal,621,0.018755074942615454
conditional-fit-0074,axis2_legal,622,0.00023134548833532898
conditional-fit-0074,axis2_legal,623,0.022367649483619526
conditional-fit-0074,axis2_legal,624,0.008637087514150654
conditional-fit-0074,axis2_legal,625,0.0059369408277219465
conditional-fit-0074,axis2_legal,626,0.008846707114099416
conditional-fit-0074,axis2_legal,627,0.026374095803525288
conditional-fit-0074,axis2_legal,628,0.09797948556257316
conditional-fit-0074,axis2_legal,629,0.0005561313503594991
conditional-fit-0074,axis2_legal,630,0.07810343674105549
conditional-fit-0074,axis2_legal,631,0.004533179975992557
conditional-fit-0074,axis2_legal,632,0.009287449668826641
conditional-fit-0074,axis2_legal,633,0.012019149775064738
conditional-fit-0074,axis2_legal,634,0.09249745526954761
conditional-fit-0074,axis2_legal,635,0.1321844652983601
conditional-fit-0074,axis2_legal,636,0.002826424128440572
conditional-fit-0074,axis2_legal,637,0.00047557457964568907
conditional-fit-0074,axis2_legal,638,0.04874486503772917
conditional-fit-0074,axis2_legal,639,0.04223714017032386
conditional-fit-0074,axis2_legal,640,0.19520496823333253
conditional-fit-0074,axis2_legal,641,0.34159234744307765
conditional-fit-0074,axis2_legal,642,0.11110390032145888
conditional-fit-0074,axis2_legal,643,0.3866610946534956
conditional-fit-0074,axis2_legal,644,0.03234910836664773
conditional-fit-0074,axis2_legal,645,0.03004101252210039
conditional-fit-0074,axis2_legal,646,0.03943585475606055
conditional-fit-0074,axis2_legal,647,0.21731096570321934
conditional-fit-0074,axis2_legal,648,0.05594062799203398
conditional-fit-0074,axis2_legal,649,0.0018052759758406622
conditional-fit-0074,axis2_legal,650,0.003589890919800051
conditional-fit-0074,axis2_legal,651,0.06968000749190441
conditional-fit-0074,axis2_legal,652,0.10001126739214578
conditional-fit-0074,axis2_legal,653,0.000738388734752773
conditional-fit-0074,axis2_legal,654,0.06142952652883436
conditional-fit-0074,axis2_legal,655,0.009555920419985918
conditional-fit-0074,axis2_legal,656,0.00031131285367849834
conditional-fit-0074,axis2_legal,657,0.07745059514959618
conditional-fit-0074,axis2_legal,658,0.08120538401720392
conditional-fit-0074,axis2_legal,659,0.07028966458200986
conditional-fit-0074,axis2_legal,660,0.21786024047451186
conditional-fit-0074,axis2_legal,661,0.23940511341219237
conditional-fit-0074,axis2_legal,662,0.2919325151939818
conditional-fit-0074,axis2_legal,663,0.08609577007493464
conditional-fit-0074,axis2_legal,664,0.10056591427472034
conditional-fit-0074,axis2_legal,665,0.05887957302708329
conditional-fit-0074,axis2_legal,666,0.06911196036909692
conditional-fit-0074,axis2_legal,667,0.11411483322148992
conditional-fit-0074,axis2_legal,668,0.008304180676413035
conditional-fit-0074,axis2_legal,669,0.050275430434997645
conditional-fit-0074,axis2_legal,670,0.01034728337742882
conditional-fit-0074,axis2_legal,671,0.0018766578175204592
conditional-fit-0074,axis2_legal,672,0.0351984890960616
conditional-fit-0074,axis2_legal,673,0.21733648737442593
conditional-fit-0074,axis2_legal,674,0.0003624216431626407
conditional-fit-0074,axis2_legal,675,0.04468714712935875
conditional-fit-0074,axis2_legal,676,0.023253810276653453
conditional-fit-0074,axis2_legal,677,0.1021467738614439
conditional-fit-0074,axis2_legal,678,0.00010471993443910785
conditional-fit-0074,axis2_legal,679,0.04380322226907847
conditional-fit-0074,axis2_legal,680,0.28059800994231016
conditional-fit-0074,axis2_legal,681,0.018528677275097882
conditional-fit-0074,axis2_legal,682,3.536342753180334e-05
conditional-fit-0074,axis2_legal,683,0.09697871673847663
conditional-fit-0074,axis2_legal,684,0.057443726658669814
conditional-fit-0074,axis2_legal,685,0.06789864380814889
conditional-fit-0074,axis2_legal,686,0.00010447723431318116
conditional-fit-0074,axis2_legal,687,0.012958184896518283
conditional-fit-0074,axis2_legal,688,0.0014150219483738923
conditional-fit-0074,axis2_legal,689,0.12796855479501035
conditional-fit-0074,axis2_legal,690,0.0002840273802599515
conditional-fit-0074,axis2_legal,691,0.04349257097358429
conditional-fit-0074,axis2_legal,692,0.12279257266792953
conditional-fit-0074,axis2_legal,693,0.0801530062560144
conditional-fit-0074,axis2_legal,694,0.0012902153416159577
conditional-fit-0074,axis2_legal,695,0.03379717424939609
conditional-fit-0074,axis2_legal,696,0.06091477557605797
conditional-fit-0074,axis2_legal,697,0.048146228821496516
conditional-fit-0074,axis2_legal,698,0.012644097278688397
conditional-fit-0074,axis2_legal,699,0.1844467151035005
conditional-fit-0074,axis2_legal,700,0.0055192277669879365
conditional-fit-0074,axis2_legal,701,0.009538832019203145
conditional-fit-0074,axis2_legal,702,0.08046743257173389
conditional-fit-0074,axis2_legal,703,0.011746379512874881
conditional-fit-0074,axis2_legal,704,0.007434580467566405
conditional-fit-0074,axis2_legal,705,0.004485769559077627
conditional-fit-0074,axis2_legal,706,0.10792050887475539
conditional-fit-0074,axis2_legal,707,0.022013471803847644
conditional-fit-0074,axis2_legal,708,0.02968499636835332
conditional-fit-0074,axis2_legal,709,0.18220698055947337
conditional-fit-0074,axis2_legal,710,0.029433831486175045
conditional-fit-0074,axis2_legal,711,0.11793033217978698
conditional-fit-0074,axis2_legal,712,0.10224623531635452
conditional-fit-0074,axis2_legal,713,0.06506932034929869
conditional-fit-0074,axis2_legal,714,0.14512804446555508
conditional-fit-0074,axis2_legal,715,0.053653994592948805
conditional-fit-0074,axis2_legal,716,0.0010500397383782375
conditional-fit-0074,axis2_legal,717,0.12578866841775763
conditional-fit-0074,axis2_legal,718,0.11419471694087577
conditional-fit-0074,axis2_legal,719,0.12252227596259496
conditional-fit-0074,axis2_legal,720,0.3381590195571868
conditional-fit-0074,axis2_legal,721,0.21432538789876632
conditional-fit-0074,axis2_legal,722,0.18532902201325727
conditional-fit-0074,axis2_legal,723,0.12726644774955967
conditional-fit-0074,axis2_legal,724,0.01414647014427082
conditional-fit-0074,axis2_legal,725,0.0012189694880570313
conditional-fit-0074,axis2_legal,726,0.031299192895899476
conditional-fit-0074,axis2_legal,727,0.09821745169929083
conditional-fit-0074,axis2_legal,728,0.09389825154359514
conditional-fit-0074,axis2_legal,729,6.825492291110783e-05
conditional-fit-0074,axis2_legal,730,0.1514557192168854
conditional-fit-0074,axis2_legal,731,0.00028729193510819667
conditional-fit-0074,axis2_legal,732,0.021227465855537996
conditional-fit-0074,axis2_legal,733,0.06621008610665699
conditional-fit-0074,axis2_legal,734,0.015473847004186286
conditional-fit-0074,axis2_legal,735,0.0001259032448121483
conditional-fit-0074,axis2_legal,736,0.0004356306863164352
conditional-fit-0074,axis2_legal,737,0.0016180713017879692
conditional-fit-0074,axis2_legal,738,0.10349358468569855
conditional-fit-0074,axis2_legal,739,0.07717912052168742
conditional-fit-0074,axis2_legal,740,0.07187366177196798
conditional-fit-0074,axis2_legal,741,8.393546199803061e-05
conditional-fit-0074,axis2_legal,742,0.4853015693259077
conditional-fit-0074,axis2_legal,743,0.18698185842662285
conditional-fit-0074,axis2_legal,744,0.11353214955653078
conditional-fit-0074,axis2_legal,745,0.1105605819240919
conditional-fit-0074,axis2_legal,746,0.12244769516708165
conditional-fit-0074,axis2_legal,747,0.07780086314490886
conditional-fit-0074,axis2_legal,748,0.0034600132914039358
conditional-fit-0074,axis2_legal,749,0.03500797538643589
conditional-fit-0074,axis2_legal,750,0.015007608284014361
conditional-fit-0074,axis2_legal,751,0.18775987534247707
conditional-fit-0074,axis2_legal,752,0.4452303562450476
conditional-fit-0074,axis2_legal,753,0.009381569874002803
conditional-fit-0074,axis2_legal,754,0.0010236360266871066
conditional-fit-0074,axis2_legal,755,0.2442683388943808
conditional-fit-0074,axis2_legal,756,0.04952084773525837
conditional-fit-0074,axis2_legal,757,0.05209956932106373
conditional-fit-0074,axis2_legal,758,0.010687132307298558
conditional-fit-0074,axis2_legal,759,0.09855511206464504
conditional-fit-0074,axis2_legal,760,0.013677389948891087
conditional-fit-0074,axis2_legal,761,0.20002765003226058
conditional-fit-0074,axis2_legal,762,0.4056648401630244
conditional-fit-0074,axis2_legal,763,0.06568777611002588
conditional-fit-0074,axis2_legal,764,0.488321237326939
conditional-fit-0074,axis2_legal,765,0.1368845033874658
conditional-fit-0074,axis2_legal,766,0.0681967669075714
conditional-fit-0074,axis2_legal,767,0.22676528557383624
conditional-fit-0074,axis2_legal,768,0.20808100270984203
conditional-fit-0074,axis2_legal,769,0.026676538915137295
conditional-fit-0074,axis2_legal,770,0.219808600934082
conditional-fit-0074,axis2_legal,771,0.01856859216831846
conditional-fit-0074,axis2_legal,772,0.0655997626240784
conditional-fit-0074,axis2_legal,773,0.0014586955790381493
conditional-fit-0074,axis2_legal,774,0.03892584213833471
conditional-fit-0074,axis2_legal,775,0.055828209004790505
conditional-fit-0074,axis2_legal,776,0.3284865225585792
conditional-fit-0074,axis2_legal,777,0.8160764514663387
conditional-fit-0074,axis2_legal,778,1.4065776013263966
conditional-fit-0074,axis2_legal,779,0.2502550563069532
conditional-fit-0074,axis2_legal,780,0.006109760940489634
conditional-fit-0074,axis2_legal,781,0.2757398646792908
conditional-fit-0074,axis2_legal,782,0.095824599542223
conditional-fit-0074,axis2_legal,783,0.2524477503542182
conditional-fit-0074,axis2_legal,784,0.1656317946631505
conditional-fit-0074,axis2_legal,785,0.01816853099961937
conditional-fit-0074,axis2_legal,786,0.120027162106787
conditional-fit-0074,axis2_legal,787,0.06668114091212463
conditional-fit-0074,axis2_legal,788,0.06664599904936802
conditional-fit-0074,axis2_legal,789,0.12197899267687534
conditional-fit-0074,axis2_legal,790,0.01949250241239242
conditional-fit-0074,axis2_legal,791,0.026452827419638766
conditional-fit-0074,axis2_legal,792,0.1858626269424328
conditional-fit-0074,axis2_legal,793,0.08604593897168215
conditional-fit-0074,axis2_legal,794,0.10200787984410775
conditional-fit-0074,axis2_legal,795,0.1125435758102189
conditional-fit-0074,axis2_legal,796,0.5875319322650444
conditional-fit-0074,axis2_legal,797,0.579006603735167
conditional-fit-0074,axis2_legal,798,0.37864470022856933
conditional-fit-0074,axis2_legal,799,0.3024472633383084
conditional-fit-0074,axis2_legal,800,0.3424010793617351
conditional-fit-0074,axis2_legal,801,0.004169694039952086
conditional-fit-0074,axis2_legal,802,0.011578525376473065
conditional-fit-0074,axis2_legal,803,0.1122179975123179
conditional-fit-0074,axis2_legal,804,0.007731439418685389
conditional-fit-0074,axis2_legal,805,0.0008276398118428907
conditional-fit-0074,axis2_legal,806,0.008685361309811353
conditional-fit-0074,axis2_legal,807,0.18909324767449606
conditional-fit-0074,axis2_legal,808,0.0033188190064302615
conditional-fit-0074,axis2_legal,809,0.010394400609375477
conditional-fit-0074,axis2_legal,810,0.0026806728300197754
conditional-fit-0074,axis2_legal,811,0.0037659190002888223
conditional-fit-0074,axis2_legal,812,0.004754209658892883
conditional-fit-0074,axis2_legal,813,0.5677015474767402
conditional-fit-0074,axis2_legal,814,0.008752910223209493
conditional-fit-0074,axis2_legal,815,0.03429064877570616
conditional-fit-0074,axis2_legal,816,0.0015988912770644372
conditional-fit-0074,axis2_legal,817,0.002630323965206581
conditional-fit-0074,axis2_legal,818,0.08118887876487953
conditional-fit-0074,axis2_legal,819,0.29673016957603515
conditional-fit-0074,axis2_legal,820,0.27390982580979856
conditional-fit-0074,axis2_legal,821,0.3052535569264979
conditional-fit-0074,axis2_legal,822,0.03322072496473889
conditional-fit-0074,axis2_legal,823,0.002106144333173251
conditional-fit-0074,axis2_legal,824,0.013256144929407347
conditional-fit-0074,axis2_legal,825,0.00039283763407894776
conditional-fit-0074,axis2_legal,826,0.04056882716472027
conditional-fit-0074,axis2_legal,827,0.0007570304826886342
conditional-fit-0074,axis2_legal,828,0.0022310006660261946
conditional-fit-0074,axis2_legal,829,0.0032570105006539526
conditional-fit-0074,axis2_legal,830,0.0007462520388428022
conditional-fit-0074,axis2_legal,831,0.000948252310262543
conditional-fit-0074,axis2_legal,832,0.0014763461477117685
conditional-fit-0074,axis2_legal,833,0.0057978231946483405
conditional-fit-0074,axis2_legal,834,0.0001963146316238039
conditional-fit-0074,axis2_legal,835,0.0031413684266707225
conditional-fit-0074,axis2_legal,836,0.01758167757629044
conditional-fit-0074,axis2_legal,837,0.0013853904245881977
conditional-fit-0074,axis2_legal,838,0.0009943871664898527
conditional-fit-0074,axis2_legal,839,0.0014042514024822546
conditional-fit-0074,axis2_legal,840,0.027454454215064233
conditional-fit-0074,axis2_legal,841,0.02519923704438377
conditional-fit-0074,axis2_legal,842,0.026495321652304223
conditional-fit-0074,axis2_legal,843,0.001193693936604739
conditional-fit-0074,axis2_legal,844,0.0002904024978856706
conditional-fit-0074,axis2_legal,845,0.0010479960171625685
conditional-fit-0074,axis2_legal,846,0.0008857155601233799
conditional-fit-0074,axis2_legal,847,0.0007882731931473963
conditional-fit-0074,axis2_legal,848,0.0007307127692078286
conditional-fit-0074,axis2_legal,849,1.503930878659415
conditional-fit-0074,axis2_legal,850,0.005658186491941162
conditional-fit-0074,axis2_legal,851,0.0010682418054380116
conditional-fit-0074,axis2_legal,852,0.005755288326197224
conditional-fit-0074,axis2_legal,853,0.0033840084527269098
conditional-fit-0074,axis2_legal,854,0.04270479456811466
conditional-fit-0074,axis2_legal,855,0.029535880060794308
conditional-fit-0074,axis2_legal,856,0.06576732154939284
conditional-fit-0074,axis2_legal,857,0.002074156636958535
conditional-fit-0074,axis2_legal,858,0.0014041494078228258
conditional-fit-0074,axis2_legal,859,0.4376127390270307
conditional-fit-0074,axis2_legal,860,0.17375015992056822
conditional-fit-0074,axis2_legal,861,1.04220842081623
conditional-fit-0074,axis2_legal,862,0.25297480093844116
conditional-fit-0074,axis2_legal,863,0.11787504132790456
conditional-fit-0074,axis2_legal,864,0.02762771854323029
conditional-fit-0074,axis2_legal,865,0.01591110052309282
conditional-fit-0074,axis2_legal,866,0.4092503611277038
conditional-fit-0074,axis2_legal,867,0.3847351429330878
conditional-fit-0074,axis2_legal,868,0.009399702799451896
conditional-fit-0074,axis2_legal,869,0.04427840727129339
conditional-fit-0074,axis2_legal,870,0.18942711852690816
conditional-fit-0074,axis2_legal,871,0.003915190802272527
conditional-fit-0074,axis2_legal,872,0.005842299332496505
conditional-fit-0074,axis2_legal,873,0.015693408796671027
conditional-fit-0074,axis2_legal,874,0.0004914888703174855
conditional-fit-0074,axis2_legal,875,0.001048096784350338
conditional-fit-0074,axis2_legal,876,0.0006082002890094088
conditional-fit-0074,axis2_legal,877,0.00040746764149259
conditional-fit-0074,axis2_legal,878,0.11659349671382853
conditional-fit-0074,axis2_legal,879,0.21363563216313805
conditional-fit-0074,axis2_legal,880,0.00021753093499675294
conditional-fit-0074,axis2_legal,881,0.00046120954374917955
conditional-fit-0074,axis2_legal,882,0.0008604720954890639
conditional-fit-0074,axis2_legal,883,0.0009573908423128754
conditional-fit-0074,axis2_legal,884,0.004339551595659228
conditional-fit-0074,axis2_legal,885,0.0003490637265339346
conditional-fit-0074,axis2_legal,886,0.0007929631028668143
conditional-fit-0074,axis2_legal,887,0.0010504129045192964
conditional-fit-0074,axis2_legal,888,0.0009868770152647469
conditional-fit-0074,axis2_legal,889,0.006780859276201686
conditional-fit-0074,axis2_legal,890,0.0016570738720988886
conditional-fit-0074,axis2_legal,891,0.00674045115133218
conditional-fit-0074,axis2_legal,892,0.005156286107716849
conditional-fit-0074,axis2_legal,893,0.0010674872521580644
conditional-fit-0074,axis2_legal,894,0.0005493894240343848
conditional-fit-0074,axis2_legal,895,0.003308987667465421
conditional-fit-0074,axis2_legal,896,0.0012097786927271672
conditional-fit-0074,axis2_legal,897,0.0028569477341673583
conditional-fit-0074,axis2_legal,898,0.0007729013325424142
conditional-fit-0074,axis2_legal,899,0.0028345018763815087
conditional-fit-0074,axis2_legal,900,0.02359246455092169
conditional-fit-0074,axis2_legal,901,0.022396302029697696
conditional-fit-0074,axis2_legal,902,0.0016122428131506508
conditional-fit-0074,axis2_legal,903,0.0061483768258344
conditional-fit-0074,axis2_legal,904,0.019384841372649408
conditional-fit-0074,axis2_legal,905,0.0016393730563831796
conditional-fit-0074,axis2_legal,906,0.004535712572555301
conditional-fit-0074,axis2_legal,907,0.00018387922938175162
conditional-fit-0074,axis2_legal,908,5.171341367245687e-05
conditional-fit-0074,axis2_legal,909,0.0013955791734836017
conditional-fit-0074,axis2_legal,910,0.0013938231933093407
conditional-fit-0074,axis2_legal,911,0.0015974668945749515
conditional-fit-0074,axis2_legal,912,0.0004922489472227352
conditional-fit-0074,axis2_legal,913,0.0005043332641895889
conditional-fit-0074,axis2_legal,914,0.0014081210209999394
conditional-fit-0074,axis2_legal,915,0.0017525010935710449
conditional-fit-0074,axis2_legal,916,0.0008360236136392802
conditional-fit-0074,axis2_legal,917,0.0009223210728585855
conditional-fit-0074,axis2_legal,918,0.0015412543326194484
conditional-fit-0074,axis2_legal,919,0.000803272824736649
conditional-fit-0074,axis2_legal,920,0.00010926512983557082
conditional-fit-0074,axis2_legal,921,6.017062599720073e-05
conditional-fit-0074,axis2_legal,922,0.0062393686854645015
conditional-fit-0074,axis2_legal,923,0.009035459454568288
conditional-fit-0074,axis2_legal,924,0.0049701026835867815
conditional-fit-0074,axis2_legal,925,0.0008244371523995172
conditional-fit-0074,axis2_legal,926,0.0006498080494649812
conditional-fit-0074,axis2_legal,927,0.00032699234806644504
conditional-fit-0074,axis2_legal,928,1.6877813353403208e-05
conditional-fit-0074,axis2_legal,929,7.068933503486293e-05
conditional-fit-0074,axis2_legal,930,0.0021018120777139514
conditional-fit-0074,axis2_legal,931,0.0003599699399092263
conditional-fit-0074,axis2_legal,932,0.0016344355609911108
conditional-fit-0074,axis2_legal,933,0.00042976683058015505
conditional-fit-0074,axis2_legal,934,0.00032382267357897735
conditional-fit-0074,axis2_legal,935,0.0005508131852952486
conditional-fit-0074,axis2_legal,936,0.00014100490651540096
conditional-fit-0074,axis2_legal,937,7.325725433002531e-05
conditional-fit-0074,axis2_legal,938,0.00022972932414831712
conditional-fit-0074,axis2_legal,939,0.00021229115875867597
conditional-fit-0074,axis2_legal,940,0.0015374934282247705
conditional-fit-0074,axis2_legal,941,0.0006920486091939464
conditional-fit-0074,axis2_legal,942,6.772685085846804e-05
conditional-fit-0074,axis2_legal,943,0.001144114215581306
conditional-fit-0074,axis2_legal,944,0.0009034598178791176
conditional-fit-0074,axis2_legal,945,0.0031453315901311457
conditional-fit-0074,axis2_legal,946,0.0012342938156742153
conditional-fit-0074,axis2_legal,947,7.27638512016343e-05
conditional-fit-0074,axis2_legal,948,0.0013311917346445529
conditional-fit-0074,axis2_legal,949,5.0501987225201866e-05
conditional-fit-0074,axis2_legal,950,7.758089164708197e-05
conditional-fit-0074,axis2_legal,951,5.757406174358054e-05
conditional-fit-0074,axis2_legal,952,0.0008071571262116562
conditional-fit-0074,axis2_legal,953,0.0009183437924673234
conditional-fit-0074,axis2_legal,954,0.002578414011311736
conditional-fit-0074,axis2_legal,955,0.00019985331277762194
conditional-fit-0074,axis2_legal,956,0.0003200129473581988
conditional-fit-0074,axis2_legal,957,0.00030493888417641897
conditional-fit-0074,axis2_legal,958,0.0012654749732829828
conditional-fit-0074,axis2_legal,959,9.281134122785725e-05
conditional-fit-0074,axis2_legal,960,0.0012472846519106344
conditional-fit-0074,axis2_legal,961,0.00070390776834663
conditional-fit-0074,axis2_legal,962,0.00046954105650279346
conditional-fit-0074,axis2_legal,963,8.636592441617604e-05
conditional-fit-0074,axis2_legal,964,0.1600035580885779
conditional-fit-0074,axis2_legal,965,0.11223344930712871
conditional-fit-0074,axis2_legal,966,0.02704126896495046
conditional-fit-0074,axis2_legal,967,0.09999451338958001
conditional-fit-0074,axis2_legal,968,0.11511188856230689
conditional-fit-0074,axis2_legal,969,0.5184546282201393
conditional-fit-0074,axis2_legal,970,0.04629948604637042
conditional-fit-0074,axis2_legal,971,0.025314166291320342
conditional-fit-0074,axis2_legal,972,0.2522681606039622
conditional-fit-0074,axis2_legal,973,0.3264182518434428
conditional-fit-0074,axis2_legal,974,0.007316334039703042
conditional-fit-0074,axis2_legal,975,0.4401295701298542
conditional-fit-0074,axis2_legal,976,0.3314984352554944
conditional-fit-0074,axis2_legal,977,0.0773721928333006
conditional-fit-0074,axis2_legal,978,0.11490742809469588
conditional-fit-0074,axis2_legal,979,0.031321025882918255
conditional-fit-0074,axis2_legal,980,0.12862775784964195
conditional-fit-0074,axis2_legal,981,0.007363351888768711
conditional-fit-0074,axis2_legal,982,0.005276023223856582
conditional-fit-0074,axis2_legal,983,0.17769111818941546
conditional-fit-0074,axis2_legal,984,0.22105717673648412
conditional-fit-0074,axis2_legal,985,0.5670862057298393
conditional-fit-0074,axis2_legal,986,0.0009063374831210045
conditional-fit-0074,axis2_legal,987,0.0010968018803016928
conditional-fit-0074,axis2_legal,988,0.15524023487714764
conditional-fit-0074,axis2_legal,989,0.5427701352691531
conditional-fit-0074,axis2_legal,990,1.1470887048567662
conditional-fit-0074,axis2_legal,991,0.02745811767603081
conditional-fit-0074,axis2_legal,992,0.007348861077275786
conditional-fit-0074,axis2_legal,993,0.0211937612978001
conditional-fit-0074,axis2_legal,994,0.03896208881789147
conditional-fit-0074,axis2_legal,995,0.035762793361721126
conditional-fit-0074,axis2_legal,996,0.004468225098156857
conditional-fit-0074,axis2_legal,997,0.007744039713782412
conditional-fit-0074,axis2_legal,998,0.016050191641741738
conditional-fit-0074,axis2_legal,999,0.15370426342439722
conditional-fit-0074,axis2_legal,1000,0.01573032097321533
conditional-fit-0074,axis2_legal,1001,0.07645971202753081
conditional-fit-0074,axis2_legal,1002,0.06732842005055209
conditional-fit-0074,axis2_legal,1003,0.15613048094609433
conditional-fit-0074,axis2_legal,1004,0.06510648267546187
conditional-fit-0074,axis2_legal,1005,0.1103732188993636
conditional-fit-0074,axis2_legal,1006,0.14115373211979124
conditional-fit-0074,axis2_legal,1007,0.026840626755426637
conditional-fit-0074,axis2_legal,1008,0.08072613641550971
conditional-fit-0074,axis2_legal,1009,0.16787138291162002
conditional-fit-0074,axis2_legal,1010,0.12528946114785963
conditional-fit-0074,axis2_legal,1011,0.025456344142666704
conditional-fit-0074,axis2_legal,1012,0.12207473941848679
conditional-fit-0074,axis2_legal,1013,0.10681266984684629
conditional-fit-0074,axis2_legal,1014,0.059713976431330855
conditional-fit-0074,axis2_legal,1015,0.09018915653401974
conditional-fit-0074,axis2_legal,1016,0.034623303030527075
conditional-fit-0074,axis2_legal,1017,0.0046496391261308815
conditional-fit-0074,axis2_legal,1018,0.0499553669291057
conditional-fit-0074,axis2_legal,1019,0.16159306005791355
conditional-fit-0074,axis2_legal,1020,0.34037721571638097
conditional-fit-0074,axis2_legal,1021,0.18690817374964142
conditional-fit-0074,axis2_legal,1022,8.15141170349859e-05
conditional-fit-0074,axis2_legal,1023,5.756693987363955e-05
conditional-fit-0074,axis2_legal,1024,0.00031722701950966624
conditional-fit-0074,axis2_legal,1025,0.019253200562069493
conditional-fit-0074,axis2_legal,1026,0.05321566084550478
conditional-fit-0074,axis2_legal,1027,0.07652688557661043
conditional-fit-0074,axis2_legal,1028,0.0460464867975061
conditional-fit-0074,axis2_legal,1029,0.16271547449461998
conditional-fit-0074,axis2_legal,1030,0.03792240184397215
conditional-fit-0074,axis2_legal,1031,0.0567454187779919
conditional-fit-0074,axis2_legal,1032,0.05745013310166008
conditional-fit-0074,axis2_legal,1033,0.025300548558629097
conditional-fit-0074,axis2_legal,1034,0.14371593541042585
conditional-fit-0074,axis2_legal,1035,0.024864915371457096
conditional-fit-0074,axis2_legal,1036,0.0483554869566387
conditional-fit-0074,axis2_legal,1037,0.10969170539982531
conditional-fit-0074,axis2_legal,1038,0.07228805591263772
conditional-fit-0074,axis2_legal,1039,0.10927520589101294
conditional-fit-0074,axis2_legal,1040,0.20309047431334998
conditional-fit-0074,axis2_legal,1041,0.0002726659871451777
conditional-fit-0074,axis2_legal,1042,0.03385380066882649
conditional-fit-0074,axis2_legal,1043,0.05544016073668556
conditional-fit-0074,axis2_legal,1044,0.09667598878994499
conditional-fit-0074,axis2_legal,1045,0.08569735607656107
conditional-fit-0074,axis2_legal,1046,0.1531891896338033
conditional-fit-0074,axis2_legal,1047,0.08599544679030965
conditional-fit-0074,axis2_legal,1048,0.1158057248340646
conditional-fit-0074,axis2_legal,1049,0.04083396150133237
conditional-fit-0074,axis2_legal,1050,0.008933609049888644
conditional-fit-0074,axis2_legal,1051,0.010090304890789412
conditional-fit-0074,axis2_legal,1052,0.014181197765066733
conditional-fit-0074,axis2_legal,1053,0.10171326160332858
conditional-fit-0074,axis2_legal,1054,0.07319325651614847
conditional-fit-0074,axis2_legal,1055,0.013882328888729426
conditional-fit-0074,axis2_legal,1056,0.048767234977042384
conditional-fit-0074,axis2_legal,1057,0.09323808398480068
conditional-fit-0074,axis2_legal,1058,0.09712656174940715
conditional-fit-0074,axis2_legal,1059,0.03033825787337034
conditional-fit-0074,axis2_legal,1060,0.0030937907153463875
conditional-fit-0074,axis2_legal,1061,0.11940406629309763
conditional-fit-0074,axis2_legal,1062,0.1303125483156476
conditional-fit-0074,axis2_legal,1063,0.06047928981598039
conditional-fit-0074,axis2_legal,1064,0.060622134654246235
conditional-fit-0074,axis2_legal,1065,0.1934612029473356
conditional-fit-0074,axis2_legal,1066,0.07031037180083992
conditional-fit-0074,axis2_legal,1067,0.2730401597079841
conditional-fit-0074,axis2_legal,1068,0.11303178004368995
conditional-fit-0074,axis2_legal,1069,0.049309927469627195
conditional-fit-0074,axis2_legal,1070,0.043304321019395145
conditional-fit-0074,axis2_legal,1071,0.008567874406593928
conditional-fit-0074,axis2_legal,1072,0.1597481930586461
conditional-fit-0074,axis2_legal,1073,0.12578654221210125
conditional-fit-0074,axis2_legal,1074,0.26664290446104777
conditional-fit-0074,axis2_legal,1075,0.07438560455203862
conditional-fit-0074,axis2_legal,1076,0.7806944152167142
conditional-fit-0074,axis2_legal,1077,0.45337430655790606
conditional-fit-0074,axis2_legal,1078,0.011462676087162258
conditional-fit-0074,axis2_legal,1079,0.15251477245930425
conditional-fit-0074,axis2_legal,1080,0.006713936708309885
conditional-fit-0074,axis2_legal,1081,0.10656267262346422
conditional-fit-0074,axis2_legal,1082,0.012232532951722922
conditional-fit-0074,axis2_legal,1083,0.014431041927618939
conditional-fit-0074,axis2_legal,1084,0.001061217137232261
conditional-fit-0074,axis2_legal,1085,0.19982065168658186
conditional-fit-0074,axis2_legal,1086,0.09597876256826775
conditional-fit-0074,axis2_legal,1087,0.2679410767041802
conditional-fit-0074,axis2_legal,1088,0.32834449836193225
conditional-fit-0074,axis2_legal,1089,0.002349896744038946
conditional-fit-0074,axis2_legal,1090,1.2622832227655156
conditional-fit-0074,axis2_legal,1091,0.12058150734563443
conditional-fit-0074,axis2_legal,1092,0.1078497075639857
conditional-fit-0074,axis2_legal,1093,0.024073590592964617
conditional-fit-0074,axis2_legal,1094,0.018845922947828705
conditional-fit-0074,axis2_legal,1095,0.4657502025592516
conditional-fit-0074,axis2_legal,1096,1.490106849100773
conditional-fit-0074,axis2_legal,1097,0.33610049301091993
conditional-fit-0074,axis2_legal,1098,0.2883735639034529
conditional-fit-0074,axis2_legal,1099,0.85250725565275
conditional-fit-0074,axis2_legal,1100,0.020884020676359846
conditional-fit-0074,axis2_legal,1101,0.009368041372724371
conditional-fit-0074,axis2_legal,1102,0.11615791981177495
conditional-fit-0074,axis2_legal,1103,0.0020401641435465355
conditional-fit-0074,axis2_legal,1104,0.12775732404792012
conditional-fit-0074,axis2_legal,1105,0.009278479236055417
conditional-fit-0074,axis2_legal,1106,0.0005216063815092804
conditional-fit-0074,axis2_legal,1107,0.008862560896845544
conditional-fit-0074,axis2_legal,1108,0.09980070778188743
conditional-fit-0074,axis2_legal,1109,0.09688134896390786
conditional-fit-0074,axis2_legal,1110,0.06195359855856535
conditional-fit-0074,axis2_legal,1111,0.013916716032490905
conditional-fit-0074,axis2_legal,1112,0.07169349426023415
conditional-fit-0074,axis2_legal,1113,0.002999466106836087
conditional-fit-0074,axis2_legal,1114,0.03812800887883106
conditional-fit-0074,axis2_legal,1115,0.04798393965154034
conditional-fit-0074,axis2_legal,1116,0.011653539585725303
conditional-fit-0074,axis2_legal,1117,0.04811078393615786
conditional-fit-0074,axis2_legal,1118,0.004214682597552994
conditional-fit-0074,axis2_legal,1119,0.03476901213161655
conditional-fit-0074,axis2_legal,1120,0.08622163390005044
conditional-fit-0074,axis2_legal,1121,0.04972435545586204
conditional-fit-0074,axis2_legal,1122,0.07192421897577492
conditional-fit-0074,axis2_legal,1123,0.06560421196470526
conditional-fit-0074,axis2_legal,1124,0.006707467255134578
conditional-fit-0074,axis2_legal,1125,0.08448954632196543
conditional-fit-0074,axis2_legal,1126,0.04515354530272028
conditional-fit-0074,axis2_legal,1127,0.12106704772795554
conditional-fit-0074,axis2_legal,1128,0.013752942298091304
conditional-fit-0074,axis2_legal,1129,0.15470666877385825
conditional-fit-0074,axis2_legal,1130,0.06830411992012969
conditional-fit-0074,axis2_legal,1131,0.01170321470035573
conditional-fit-0074,axis2_legal,1132,0.024729101559139172
conditional-fit-0074,axis2_legal,1133,0.13641101208202913
conditional-fit-0074,axis2_legal,1134,0.060912075378899644
conditional-fit-0074,axis2_legal,1135,0.005937690100538989
conditional-fit-0074,axis2_legal,1136,0.13349903334323848
conditional-fit-0074,axis2_legal,1137,0.07735786779621545
conditional-fit-0074,axis2_legal,1138,0.22089169307550913
conditional-fit-0074,axis2_legal,1139,0.05953526147435415
conditional-fit-0074,axis2_legal,1140,0.044178293521167665
conditional-fit-0074,axis2_legal,1141,0.036404849598233736
conditional-fit-0074,axis2_legal,1142,0.03602846368997982
conditional-fit-0074,axis2_legal,1143,0.044334992822627164
conditional-fit-0074,axis2_legal,1144,0.07712454651631262
conditional-fit-0074,axis2_legal,1145,0.11574190523897826
conditional-fit-0074,axis2_legal,1146,0.013371340140718163
conditional-fit-0074,axis2_legal,1147,0.00564819043543001
conditional-fit-0074,axis2_legal,1148,0.056442252430307996
conditional-fit-0074,axis2_legal,1149,0.06414905892092433
conditional-fit-0074,axis2_legal,1150,0.11994498195494657
conditional-fit-0074,axis2_legal,1151,0.002293953051977226
conditional-fit-0074,axis2_legal,1152,0.0010725904050873734
conditional-fit-0074,axis2_legal,1153,0.021262452180551623
conditional-fit-0074,axis2_legal,1154,0.005482211170494828
conditional-fit-0074,axis2_legal,1155,0.06891070746639498
conditional-fit-0074,axis2_legal,1156,0.1571208139619227
conditional-fit-0074,axis2_legal,1157,0.1030292125761482
conditional-fit-0074,axis2_legal,1158,0.010183216941051525
conditional-fit-0074,axis2_legal,1159,0.03253715452981629
conditional-fit-0074,axis2_legal,1160,0.006568819702729704
conditional-fit-0074,axis2_legal,1161,0.009815490901100479
conditional-fit-0074,axis2_legal,1162,0.011828957584607301
conditional-fit-0074,axis2_legal,1163,0.07591250970824072
conditional-fit-0074,axis2_legal,1164,0.03468914427551101
conditional-fit-0074,axis2_legal,1165,0.06612852581070633
conditional-fit-0074,axis2_legal,1166,0.06173611767606928
conditional-fit-0074,axis2_legal,1167,0.040960955908829075
conditional-fit-0074,axis2_legal,1168,0.03448778004699969
conditional-fit-0074,axis2_legal,1169,0.08038742482741681
conditional-fit-0074,axis2_legal,1170,0.04238014203976012
conditional-fit-0074,axis2_legal,1171,0.1372552925064638
conditional-fit-0074,axis2_legal,1172,0.02403251975326129
conditional-fit-0074,axis2_legal,1173,0.05179617813032411
conditional-fit-0074,axis2_legal,1174,0.003936209594112325
conditional-fit-0074,axis2_legal,1175,0.10055463809598783
conditional-fit-0074,axis2_legal,1176,0.002683812001875373
conditional-fit-0074,axis2_legal,1177,7.090688467463566e-05
conditional-fit-0074,axis2_legal,1178,0.011127498262507415
conditional-fit-0074,axis2_legal,1179,0.08710617419622932
conditional-fit-0074,axis2_legal,1180,0.07909631256704211
conditional-fit-0074,axis2_legal,1181,0.0021409108272293772
conditional-fit-0074,axis2_legal,1182,0.19671565632145924
conditional-fit-0074,axis2_legal,1183,0.0007446072250296407
conditional-fit-0074,axis2_legal,1184,0.05804658220321986
conditional-fit-0074,axis2_legal,1185,0.06495785171385478
conditional-fit-0074,axis2_legal,1186,0.0010486305422011248
conditional-fit-0074,axis2_legal,1187,0.09414366410397518
conditional-fit-0074,axis2_legal,1188,0.05738406882762319
conditional-fit-0074,axis2_legal,1189,0.02323297854879568
conditional-fit-0074,axis2_legal,1190,0.06659520733007064
conditional-fit-0074,axis2_legal,1191,0.1357981381998897
conditional-fit-0074,axis2_legal,1192,0.12279376004007556
conditional-fit-0074,axis2_legal,1193,0.007725922173551068
conditional-fit-0074,axis2_legal,1194,0.09002317518346079
conditional-fit-0074,axis2_legal,1195,0.09637517257387627
conditional-fit-0074,axis2_legal,1196,0.12101513318417623
conditional-fit-0074,axis2_legal,1197,0.019013028719119314
conditional-fit-0074,axis2_legal,1198,0.0021689442760077352
conditional-fit-0074,axis2_legal,1199,0.07890262890301537
conditional-fit-0074,axis2_legal,1200,0.030811769374898646
conditional-fit-0074,axis2_legal,1201,0.11434692635270663
conditional-fit-0074,axis2_legal,1202,0.6578320516053512
conditional-fit-0074,axis2_legal,1203,0.013893914077141058
conditional-fit-0074,axis2_legal,1204,0.0637817441839316
conditional-fit-0074,axis2_legal,1205,0.06845481019283997
conditional-fit-0074,axis2_legal,1206,0.002022188866447736
conditional-fit-0074,axis2_legal,1207,0.026448929013342844
conditional-fit-0074,axis2_legal,1208,0.06142704549965965
conditional-fit-0074,axis2_legal,1209,0.08213238548749044
conditional-fit-0074,axis2_legal,1210,0.04326406014519491
conditional-fit-0074,axis2_legal,1211,0.05249877892566472
conditional-fit-0074,axis2_legal,1212,0.0022545232282085823
conditional-fit-0074,axis2_legal,1213,0.08280721129462393
conditional-fit-0074,axis2_legal,1214,0.09556792633314305
conditional-fit-0074,axis2_legal,1215,0.03130469893070327
conditional-fit-0074,axis2_legal,1216,0.20319872137331518
conditional-fit-0074,axis2_legal,1217,0.04791393078933016
conditional-fit-0074,axis2_legal,1218,0.07088143975149126
conditional-fit-0074,axis2_legal,1219,0.20901542002486884
conditional-fit-0074,axis2_legal,1220,0.008636275658795383
conditional-fit-0074,axis2_legal,1221,0.20000099287742545
conditional-fit-0074,axis2_legal,1222,0.005865834550610783
conditional-fit-0074,axis2_legal,1223,0.03520816227371101
conditional-fit-0074,axis2_legal,1224,0.03528907530554476
conditional-fit-0074,axis2_legal,1225,0.000999961181778958
conditional-fit-0074,axis2_legal,1226,0.2554849937307515
conditional-fit-0074,axis2_legal,1227,0.016811759441597997
conditional-fit-0074,axis2_legal,1228,0.05472832846462522
conditional-fit-0074,axis2_legal,1229,0.044053442856927236
conditional-fit-0074,axis2_legal,1230,0.13684073926095905
conditional-fit-0074,axis2_legal,1231,0.05922535783232487
conditional-fit-0074,axis2_legal,1232,0.0520699337509882
conditional-fit-0074,axis2_legal,1233,0.16781290705082108
conditional-fit-0074,axis2_legal,1234,0.12111335516006755
conditional-fit-0074,axis2_legal,1235,0.08200636913689988
conditional-fit-0074,axis2_legal,1236,0.05519131606327962
conditional-fit-0074,axis2_legal,1237,0.01587287363601153
conditional-fit-0074,axis2_legal,1238,0.04845219454720585
conditional-fit-0074,axis2_legal,1239,0.007540550024861793
conditional-fit-0074,axis2_legal,1240,0.007598187057894969
conditional-fit-0074,axis2_legal,1241,0.07951377436533653
conditional-fit-0074,axis2_legal,1242,0.2429427260717466
conditional-fit-0074,axis2_legal,1243,0.028266564684365912
conditional-fit-0074,axis2_legal,1244,0.030866834259388562
conditional-fit-0074,axis2_legal,1245,0.06664647554931297
conditional-fit-0074,axis2_legal,1246,0.09162378796552882
conditional-fit-0074,axis2_legal,1247,0.13255434110827585
conditional-fit-0074,axis2_legal,1248,0.0030532076943768256
conditional-fit-0074,axis2_legal,1249,0.13124577910092639
conditional-fit-0074,axis2_legal,1250,0.10841289421390421
conditional-fit-0074,axis2_legal,1251,0.21058319907873185
conditional-fit-0074,axis2_legal,1252,0.1100988265593322
conditional-fit-0074,axis2_legal,1253,0.06743279613907138
conditional-fit-0074,axis2_legal,1254,0.23082671049932607
conditional-fit-0074,axis2_legal,1255,0.0020588626615836176
conditional-fit-0074,axis2_legal,1256,0.08743449519614141
conditional-fit-0074,axis2_legal,1257,0.030347543339837395
conditional-fit-0074,axis2_legal,1258,0.0002998874083442229
conditional-fit-0074,axis2_legal,1259,0.00042414454046034184
conditional-fit-0074,axis2_legal,1260,0.04349352571508213
conditional-fit-0074,axis2_legal,1261,0.025192306303938455
conditional-fit-0074,axis2_legal,1262,0.27745636005322916
conditional-fit-0074,axis2_legal,1263,0.007378183131775379
conditional-fit-0074,axis2_legal,1264,0.09335538003312811
conditional-fit-0074,axis2_legal,1265,0.03413409101876408
conditional-fit-0074,axis2_legal,1266,0.04257052269402795
conditional-fit-0074,axis2_legal,1267,0.007440667365735721
conditional-fit-0074,axis2_legal,1268,0.007319982677172151
conditional-fit-0074,axis2_legal,1269,0.04727487438773334
conditional-fit-0074,axis2_legal,1270,0.06383325023682232
conditional-fit-0074,axis2_legal,1271,0.08251362624818245
conditional-fit-0074,axis2_legal,1272,0.001512659385460773
conditional-fit-0074,axis2_legal,1273,0.03638160326460215
conditional-fit-0074,axis2_legal,1274,0.0004518411206725645
conditional-fit-0074,axis2_legal,1275,0.01062672061520874
conditional-fit-0074,axis2_legal,1276,0.10357779516572202
conditional-fit-0074,axis2_legal,1277,0.0009116746651638913
conditional-fit-0074,axis2_legal,1278,0.028507709889363204
conditional-fit-0074,axis2_legal,1279,0.04318320864501475
conditional-fit-0074,axis2_legal,1280,0.18137313448463757
conditional-fit-0074,axis2_legal,1281,0.00721488722304138
conditional-fit-0074,axis2_legal,1282,0.08228830871642458
conditional-fit-0074,axis2_legal,1283,0.08946821854216598
conditional-fit-0074,axis2_legal,1284,0.0004544718158759357
conditional-fit-0074,axis2_legal,1285,0.12140547433848303
conditional-fit-0074,axis2_legal,1286,0.024198305425211782
conditional-fit-0074,axis2_legal,1287,0.027350290334001166
conditional-fit-0074,axis2_legal,1288,0.052576352824730305
conditional-fit-0074,axis2_legal,1289,0.09727573381629469
conditional-fit-0074,axis2_legal,1290,0.019985825375279813
conditional-fit-0074,axis2_legal,1291,0.05798999845262548
conditional-fit-0074,axis2_legal,1292,0.08542901438263133
conditional-fit-0074,axis2_legal,1293,0.036843375506008164
conditional-fit-0074,axis2_legal,1294,0.020617428337946227
conditional-fit-0074,axis2_legal,1295,0.030939178889448114
conditional-fit-0074,axis2_legal,1296,0.0026374224069541413
conditional-fit-0074,axis2_legal,1297,0.03431993804901323
conditional-fit-0074,axis2_legal,1298,0.002098829272249966
conditional-fit-0074,axis2_legal,1299,0.04104152246909828
conditional-fit-0074,axis2_legal,1300,0.09684707031243268
conditional-fit-0074,axis2_legal,1301,0.027855376782003817
conditional-fit-0074,axis2_legal,1302,0.0909521520950437
conditional-fit-0074,axis2_legal,1303,0.03454012902642033
conditional-fit-0074,axis2_legal,1304,0.005987514096760491
conditional-fit-0074,axis2_legal,1305,0.013216727736314757
conditional-fit-0074,axis2_legal,1306,0.004200568035509283
conditional-fit-0074,axis2_legal,1307,0.0005383733420383336
conditional-fit-0074,axis2_legal,1308,0.02761559877599959
conditional-fit-0074,axis2_legal,1309,0.00970558971147348
conditional-fit-0074,axis2_legal,1310,0.030733070773418338
conditional-fit-0074,axis2_legal,1311,0.0015460103480364872
conditional-fit-0074,axis2_legal,1312,0.013091467584818555
conditional-fit-0074,axis2_legal,1313,0.008440064718792724
conditional-fit-0074,axis2_legal,1314,0.01733626716442563
conditional-fit-0074,axis2_legal,1315,0.06077576558021587
conditional-fit-0074,axis2_legal,1316,0.002997965883800026
conditional-fit-0074,axis2_legal,1317,0.015949130057875318
conditional-fit-0074,axis2_legal,1318,0.05724136491011742
conditional-fit-0074,axis2_legal,1319,0.028551602646880333
conditional-fit-0074,axis2_legal,1320,0.0005611546277346196
conditional-fit-0074,axis2_legal,1321,0.058072616060142815
conditional-fit-0074,axis2_legal,1322,0.10197805132085536
conditional-fit-0074,axis2_legal,1323,0.027108468671898322
conditional-fit-0074,axis2_legal,1324,0.1705880625277791
conditional-fit-0074,axis2_legal,1325,0.18501920698837618
conditional-fit-0074,axis2_legal,1326,0.32404560811245814
conditional-fit-0074,axis2_legal,1327,0.14969456444234924
conditional-fit-0074,axis2_legal,1328,0.0006215898666974045
conditional-fit-0074,axis2_legal,1329,0.03440218708008527
conditional-fit-0074,axis2_legal,1330,0.16273368093883075
conditional-fit-0074,axis2_legal,1331,0.1979753513072689
conditional-fit-0074,axis2_legal,1332,0.1404599440154737
conditional-fit-0074,axis2_legal,1333,0.21159628336963804
conditional-fit-0074,axis2_legal,1334,0.005303301284413422
conditional-fit-0074,axis2_legal,1335,0.38274051543535165
conditional-fit-0074,axis2_legal,1336,0.005046467037206011
conditional-fit-0074,axis2_legal,1337,0.0022523953819478643
conditional-fit-0074,axis2_legal,1338,0.0006788712022396849
conditional-fit-0074,axis2_legal,1339,0.06709635264096815
conditional-fit-0074,axis2_legal,1340,0.3766339355903322
conditional-fit-0074,axis2_legal,1341,0.08318475667882634
conditional-fit-0074,axis2_legal,1342,0.5760604713956988
conditional-fit-0074,axis2_legal,1343,0.0009540252557567
conditional-fit-0074,axis2_legal,1344,0.00018794033547176565
conditional-fit-0074,axis2_legal,1345,0.4439544354724514
conditional-fit-0074,axis2_legal,1346,0.007439404200971945
conditional-fit-0074,axis2_legal,1347,0.0030816312671098863
conditional-fit-0074,axis2_legal,1348,0.3005599736420427
conditional-fit-0074,axis2_legal,1349,0.0007057664646515627
conditional-fit-0074,axis2_legal,1350,0.00021269522792584725
conditional-fit-0074,axis2_legal,1351,0.0014210809193763371
conditional-fit-0074,axis2_legal,1352,0.0023932041473241896
conditional-fit-0074,axis2_legal,1353,0.004211974363136283
conditional-fit-0074,axis2_legal,1354,0.00027082159038341466
conditional-fit-0074,axis2_legal,1355,0.0014954677344281196
conditional-fit-0074,axis2_legal,1356,0.005996368037202907
conditional-fit-0074,axis2_legal,1357,0.20880121171784524
conditional-fit-0074,axis2_legal,1358,0.08517775691743079
conditional-fit-0074,axis2_legal,1359,0.00013792785756019805
conditional-fit-0074,axis2_legal,1360,0.479185955210335
conditional-fit-0074,axis2_legal,1361,0.5328643497013175
conditional-fit-0074,axis2_legal,1362,0.01082294023673741
conditional-fit-0074,axis2_legal,1363,0.0019217957572146606
conditional-fit-0074,axis2_legal,1364,0.0023444844672547765
conditional-fit-0074,axis2_legal,1365,0.0018648160857383626
conditional-fit-0074,axis2_legal,1366,0.19881643149570677
conditional-fit-0074,axis2_legal,1367,0.12318348714551212
conditional-fit-0074,axis2_legal,1368,0.3723070314482084
conditional-fit-0074,axis2_legal,1369,3.7538375415085503
conditional-fit-0074,axis2_legal,1370,0.011165535928770537
conditional-fit-0074,axis2_legal,1371,0.0003785969191200355
conditional-fit-0074,axis2_legal,1372,0.44901389242037504
conditional-fit-0074,axis2_legal,1373,0.07314995055885079
conditional-fit-0074,axis2_legal,1374,0.01535045960541454
conditional-fit-0074,axis2_legal,1375,0.3010021625445634
conditional-fit-0074,axis2_legal,1376,0.0710346675300492
conditional-fit-0074,axis2_legal,1377,0.12868541278024448
conditional-fit-0074,axis2_legal,1378,0.48473794173981405
conditional-fit-0074,axis2_legal,1379,0.881537544903521
conditional-fit-0074,axis2_legal,1380,0.1649028018279673
conditional-fit-0074,axis2_legal,1381,0.024310267666995976
conditional-fit-0074,axis2_legal,1382,0.11259970147101328
conditional-fit-0074,axis2_legal,1383,0.006268085347609546
conditional-fit-0074,axis2_legal,1384,0.026667940452115686
conditional-fit-0074,axis2_legal,1385,0.0979299071930653
conditional-fit-0074,axis2_legal,1386,0.016092764866307473
conditional-fit-0074,axis2_legal,1387,0.038093531708030245
conditional-fit-0074,axis2_legal,1388,0.0067571376978155994
conditional-fit-0074,axis2_legal,1389,0.05453059653353756
conditional-fit-0074,axis2_legal,1390,0.010434801272380168
conditional-fit-0074,axis2_legal,1391,0.47572162786810995
conditional-fit-0074,axis2_legal,1392,0.05541295848537589
conditional-fit-0074,axis2_legal,1393,0.04674464299655525
conditional-fit-0074,axis2_legal,1394,0.08567201751193276
conditional-fit-0074,axis2_legal,1395,0.003098484045200159
conditional-fit-0074,axis2_legal,1396,0.012222467635830828
conditional-fit-0074,axis2_legal,1397,0.06196136310400105
conditional-fit-0074,axis2_legal,1398,0.016231655122712064
conditional-fit-0074,axis2_legal,1399,0.043553763696018974
conditional-fit-0074,axis2_legal,1400,0.026500697022531376
conditional-fit-0074,axis2_legal,1401,0.0022701004120518993
conditional-fit-0074,axis2_legal,1402,0.06701235639426871
conditional-fit-0074,axis2_legal,1403,0.015403267827337884
conditional-fit-0074,axis2_legal,1404,0.0001395307100817014
conditional-fit-0074,axis2_legal,1405,0.025168347275836195
conditional-fit-0074,axis2_legal,1406,0.07062237688642672
conditional-fit-0074,axis2_legal,1407,0.1352056588287709
conditional-fit-0074,axis2_legal,1408,0.10999734065627924
conditional-fit-0074,axis2_legal,1409,0.03952093246775787
conditional-fit-0074,axis2_legal,1410,0.32072520563787627
conditional-fit-0074,axis2_legal,1411,0.1368483664995297
conditional-fit-0074,axis2_legal,1412,0.09321244067834422
conditional-fit-0074,axis2_legal,1413,0.0668329604878452
conditional-fit-0074,axis2_legal,1414,0.0118453730302144
conditional-fit-0074,axis2_legal,1415,0.1427558217265037
conditional-fit-0074,axis2_legal,1416,0.01238994836944958
conditional-fit-0074,axis2_legal,1417,0.03494816313327093
conditional-fit-0074,axis2_legal,1418,0.0424900815764899
conditional-fit-0074,axis2_legal,1419,0.19370250188245222
conditional-fit-0074,axis2_legal,1420,0.07359425276092127
conditional-fit-0074,axis2_legal,1421,0.0663020335280979
conditional-fit-0074,axis2_legal,1422,0.04237212812506699
conditional-fit-0074,axis2_legal,1423,0.04632695194044473
conditional-fit-0074,axis2_legal,1424,0.053332000781776766
conditional-fit-0074,axis2_legal,1425,0.0047829177302687745
conditional-fit-0074,axis2_legal,1426,0.21573769257922232
conditional-fit-0074,axis2_legal,1427,0.26478306863475526
conditional-fit-0074,axis2_legal,1428,0.06959576408833476
conditional-fit-0074,axis2_legal,1429,0.016196613345813182
conditional-fit-0074,axis2_legal,1430,0.31442807607133133
conditional-fit-0074,axis2_legal,1431,0.02634088640204298
conditional-fit-0074,axis2_legal,1432,0.015920238874539142
conditional-fit-0074,axis2_legal,1433,0.0021730910488160964
conditional-fit-0074,axis2_legal,1434,0.04821931583349648
conditional-fit-0074,axis2_legal,1435,0.07988157607679382
conditional-fit-0074,axis2_legal,1436,0.030448174831778224
conditional-fit-0074,axis2_legal,1437,0.008586187428471722
conditional-fit-0074,axis2_legal,1438,0.000573800840816931
conditional-fit-0074,axis2_legal,1439,0.08544800843868997
conditional-fit-0074,axis2_legal,1440,0.00022821079579362087
conditional-fit-0074,axis2_legal,1441,0.05952672756444656
conditional-fit-0074,axis2_legal,1442,0.196556341734657
conditional-fit-0074,axis2_legal,1443,0.05581830506265008
conditional-fit-0074,axis2_legal,1444,0.03197309533991835
conditional-fit-0074,axis2_legal,1445,0.0013613536136362556
conditional-fit-0074,axis2_legal,1446,0.13692076265402436
conditional-fit-0074,axis2_legal,1447,0.18172059541869784
conditional-fit-0074,axis2_legal,1448,0.03291807923235288
conditional-fit-0074,axis2_legal,1449,0.08092656637402215
conditional-fit-0074,axis2_legal,1450,0.04266610388482914
conditional-fit-0074,axis2_legal,1451,0.15815842246881015
conditional-fit-0074,axis2_legal,1452,0.0005403238203157294
conditional-fit-0074,axis2_legal,1453,0.0022295835362492514
conditional-fit-0074,axis2_legal,1454,0.10743860654194871
conditional-fit-0074,axis2_legal,1455,0.028785902176556705
conditional-fit-0074,axis2_legal,1456,0.0033257239684586215
conditional-fit-0074,axis2_legal,1457,0.13892613855870814
conditional-fit-0074,axis2_legal,1458,0.11649455600283885
conditional-fit-0074,axis2_legal,1459,0.07611986536878387
conditional-fit-0074,axis2_legal,1460,0.2638175719672153
conditional-fit-0074,axis2_legal,1461,0.02249572335881562
conditional-fit-0074,axis2_legal,1462,0.1816771036563381
conditional-fit-0074,axis2_legal,1463,0.271117616122276
conditional-fit-0074,axis2_legal,1464,0.049085946471372134
conditional-fit-0074,axis2_legal,1465,0.15804470830219824
conditional-fit-0074,axis2_legal,1466,0.05782040932963038
conditional-fit-0074,axis2_legal,1467,0.0010716965139551593
conditional-fit-0074,axis2_legal,1468,0.04647257767838545
conditional-fit-0074,axis2_legal,1469,0.053873112436996086
conditional-fit-0074,axis2_legal,1470,0.044688040446738984
conditional-fit-0074,axis2_legal,1471,0.08163348610592519
conditional-fit-0074,axis2_legal,1472,0.06410954788727871
conditional-fit-0074,axis2_legal,1473,0.0964056127789688
conditional-fit-0074,axis2_legal,1474,0.10511011697934192
conditional-fit-0074,axis2_legal,1475,0.02136439725853685
conditional-fit-0074,axis2_legal,1476,0.022380727848404974
conditional-fit-0074,axis2_legal,1477,0.0008616953946597127
conditional-fit-0074,axis2_legal,1478,0.10493666400314508
conditional-fit-0074,axis2_legal,1479,0.07909572871855196
conditional-fit-0074,axis2_legal,1480,0.0005602776572643307
conditional-fit-0074,axis2_legal,1481,0.023941382748221128
conditional-fit-0074,axis2_legal,1482,0.0014996623802761156
conditional-fit-0074,axis2_legal,1483,0.005005199671478212
conditional-fit-0074,axis2_legal,1484,0.006310235113209957
conditional-fit-0074,axis2_legal,1485,0.0013841079303219923
conditional-fit-0074,axis2_legal,1486,0.022578649152473117
conditional-fit-0074,axis2_legal,1487,0.021394872486956745
conditional-fit-0074,axis2_legal,1488,0.00024290687680595364
conditional-fit-0074,axis2_legal,1489,0.012312446653028268
conditional-fit-0074,axis2_legal,1490,0.038355397793216305
conditional-fit-0074,axis2_legal,1491,0.06195742957991702
conditional-fit-0074,axis2_legal,1492,0.0006143461070247057
conditional-fit-0074,axis2_legal,1493,0.05306656738496487
conditional-fit-0074,axis2_legal,1494,0.1225877660704919
conditional-fit-0074,axis2_legal,1495,0.4271846019156994
conditional-fit-0074,axis2_legal,1496,0.08825641687716505
conditional-fit-0074,axis2_legal,1497,0.0923881579878564
conditional-fit-0074,axis2_legal,1498,0.04118944473795093
conditional-fit-0074,axis2_legal,1499,0.00383165314504407
conditional-fit-0074,axis2_legal,1500,0.005897267375240916
conditional-fit-0074,axis2_legal,1501,0.047993813205993975
conditional-fit-0074,axis2_legal,1502,0.0359126027179823
conditional-fit-0074,axis2_legal,1503,0.09500473461875635
conditional-fit-0074,axis2_legal,1504,0.30293110568367665
conditional-fit-0074,axis2_legal,1505,0.03199800031064477
conditional-fit-0074,axis2_legal,1506,0.03540837525753056
conditional-fit-0074,axis2_legal,1507,0.049056842788434335
conditional-fit-0074,axis2_legal,1508,0.018641055001009862
conditional-fit-0074,axis2_legal,1509,0.03377548938417011
conditional-fit-0074,axis2_legal,1510,0.005045975222408412
conditional-fit-0074,axis2_legal,1511,0.0034503008211499674
conditional-fit-0074,axis2_legal,1512,0.017364413526973405
conditional-fit-0074,axis2_legal,1513,0.025519538276858798
conditional-fit-0074,axis2_legal,1514,0.034112245861252874
conditional-fit-0074,axis2_legal,1515,0.012031059758448218
conditional-fit-0074,axis2_legal,1516,0.05892887466297632
conditional-fit-0074,axis2_legal,1517,0.007347179145905061
conditional-fit-0074,axis2_legal,1518,0.018713096785743347
conditional-fit-0074,axis2_legal,1519,3.499282674144073e-06
conditional-fit-0074,axis2_legal,1520,0.0008155967978932974
conditional-fit-0074,axis2_legal,1521,0.009505503933576664
conditional-fit-0074,axis2_legal,1522,0.05817110067384818
conditional-fit-0074,axis2_legal,1523,0.0016162502675850566
conditional-fit-0074,axis2_legal,1524,0.04965900249691152
conditional-fit-0074,axis2_legal,1525,0.016110924546212737
conditional-fit-0074,axis2_legal,1526,0.021800584049597595
conditional-fit-0074,axis2_legal,1527,0.02441134233135696
conditional-fit-0074,axis2_legal,1528,0.017480177814986647
conditional-fit-0074,axis2_legal,1529,0.07796656781075341
conditional-fit-0074,axis2_legal,1530,0.034804089978455625
conditional-fit-0074,axis2_legal,1531,0.02107051562844932
conditional-fit-0074,axis2_legal,1532,0.21402039773593434
conditional-fit-0074,axis2_legal,1533,0.0034347719070428858
conditional-fit-0074,axis2_legal,1534,0.020502141734281297
conditional-fit-0074,axis2_legal,1535,0.05898622206001805
conditional-fit-0074,axis2_legal,1536,0.11916101919641095
conditional-fit-0074,axis2_legal,1537,0.011895215965685619
conditional-fit-0074,axis2_legal,1538,0.025804380183991685
conditional-fit-0074,axis2_legal,1539,0.04486323536402566
conditional-fit-0074,axis2_legal,1540,0.007707620003354408
conditional-fit-0074,axis2_legal,1541,0.008691826318293842
conditional-fit-0074,axis2_legal,1542,0.009627591737313326
conditional-fit-0074,axis2_legal,1543,0.04925895585466562
conditional-fit-0074,axis2_legal,1544,0.000551359749076728
conditional-fit-0074,axis2_legal,1545,0.02746892019036988
conditional-fit-0074,axis2_legal,1546,0.055306701494679186
conditional-fit-0074,axis2_legal,1547,0.007003680867533613
conditional-fit-0074,axis2_legal,1548,4.933279725300269e-05
conditional-fit-0074,axis2_legal,1549,0.02113244251567235
conditional-fit-0074,axis2_legal,1550,0.01485740557864729
conditional-fit-0074,axis2_legal,1551,0.0215441793042347
conditional-fit-0074,axis2_legal,1552,0.013776855735701341
conditional-fit-0074,axis2_legal,1553,0.016853842643313573
conditional-fit-0074,axis2_legal,1554,0.026570257057987184
conditional-fit-0074,axis2_legal,1555,0.06088071752048184
conditional-fit-0074,axis2_legal,1556,4.354016158414467e-05
conditional-fit-0074,axis2_legal,1557,0.0005715975798111733
conditional-fit-0074,axis2_legal,1558,0.007096262185738526
conditional-fit-0074,axis2_legal,1559,0.15096123727665153
conditional-fit-0074,axis2_legal,1560,0.3214444992939659
conditional-fit-0074,axis2_legal,1561,0.05296351179809504
conditional-fit-0074,axis2_legal,1562,0.08493473665854735
conditional-fit-0074,axis2_legal,1563,5.0357217758516154e-05
conditional-fit-0074,axis2_legal,1564,0.14077739805632086
conditional-fit-0074,axis2_legal,1565,0.02670870481359327
conditional-fit-0074,axis2_legal,1566,0.052725239954611536
conditional-fit-0074,axis2_legal,1567,0.027676364128162982
conditional-fit-0074,axis2_legal,1568,0.013613145426530637
conditional-fit-0074,axis2_legal,1569,0.17953885272268333
conditional-fit-0074,axis2_legal,1570,0.0008612796863758877
conditional-fit-0074,axis2_legal,1571,0.07296397367278908
conditional-fit-0074,axis2_legal,1572,0.08153977692841081
conditional-fit-0074,axis2_legal,1573,0.12530103852500546
conditional-fit-0074,axis2_legal,1574,0.06798377217673447
conditional-fit-0074,axis2_legal,1575,0.08192964866009166
conditional-fit-0074,axis2_legal,1576,0.006143315853992324
conditional-fit-0074,axis2_legal,1577,0.02614756121354983
conditional-fit-0074,axis2_legal,1578,0.005364284990020047
conditional-fit-0074,axis2_legal,1579,0.02332409146748798
conditional-fit-0074,axis2_legal,1580,0.006371316785974852
conditional-fit-0074,axis2_legal,1581,0.06333568999904284
conditional-fit-0074,axis2_legal,1582,0.08328648322371782
conditional-fit-0074,axis2_legal,1583,0.0004223816467634115
conditional-fit-0074,axis2_legal,1584,0.008055789884208148
conditional-fit-0074,axis2_legal,1585,0.08799594059872325
conditional-fit-0074,axis2_legal,1586,0.006957916531110875
conditional-fit-0074,axis2_legal,1587,0.02751538113401026
conditional-fit-0074,axis2_legal,1588,0.024263411206943853
conditional-fit-0074,axis2_legal,1589,0.002262270497107159
conditional-fit-0074,axis2_legal,1590,0.00017574741446760108
conditional-fit-0074,axis2_legal,1591,0.043150305462367713
conditional-fit-0074,axis2_legal,1592,0.09906633751458588
conditional-fit-0074,axis2_legal,1593,0.001603270997507606
conditional-fit-0074,axis2_legal,1594,0.013550276396054294
conditional-fit-0074,axis2_legal,1595,0.08242394246204549
conditional-fit-0074,axis2_legal,1596,0.006302588293860031
conditional-fit-0074,axis2_legal,1597,0.018852297751557792
conditional-fit-0074,axis2_legal,1598,0.033482167522341455
conditional-fit-0074,axis2_legal,1599,0.2053463122672647
conditional-fit-0074,axis2_legal,1600,0.0489163054908366
conditional-fit-0074,axis2_legal,1601,0.0003695375296005208
conditional-fit-0074,axis2_legal,1602,0.03505533883200408
conditional-fit-0074,axis2_legal,1603,0.048343587926467105
conditional-fit-0074,axis2_legal,1604,0.09364553052570904
conditional-fit-0074,axis2_legal,1605,0.11346108398089273
conditional-fit-0074,axis2_legal,1606,0.14326392888825662
conditional-fit-0074,axis2_legal,1607,0.09807508062832795
conditional-fit-0074,axis2_legal,1608,0.16895409981433257
conditional-fit-0074,axis2_legal,1609,0.044465848732193884
conditional-fit-0074,axis2_legal,1610,0.050107091860558194
conditional-fit-0074,axis2_legal,1611,0.10719373855330588
conditional-fit-0074,axis2_legal,1612,0.0036224099094484953
conditional-fit-0074,axis2_legal,1613,0.006792810346667582
conditional-fit-0074,axis2_legal,1614,0.04076929535106377
conditional-fit-0074,axis2_legal,1615,0.005011630429338627
conditional-fit-0074,axis2_legal,1616,0.48598470454370374
conditional-fit-0074,axis2_legal,1617,0.004838310680779
conditional-fit-0074,axis2_legal,1618,0.20252041925465697
conditional-fit-0074,axis2_legal,1619,0.43393613790740365
conditional-fit-0074,axis2_legal,1620,0.004693579587288858
conditional-fit-0074,axis2_legal,1621,0.0226467851063695
conditional-fit-0074,axis2_legal,1622,0.0035417611571928404
conditional-fit-0074,axis2_legal,1623,5.5522166356836795e-05
conditional-fit-0074,axis2_legal,1624,0.00017251908889612052
conditional-fit-0074,axis2_legal,1625,0.016315128398068316
conditional-fit-0074,axis2_legal,1626,0.020037442555262016
conditional-fit-0074,axis2_legal,1627,0.0036295358495226863
conditional-fit-0074,axis2_legal,1628,0.004499207810267171
conditional-fit-0074,axis2_legal,1629,0.00036204589848860954
conditional-fit-0074,axis2_legal,1630,0.015495928363012473
conditional-fit-0074,axis2_legal,1631,0.018279086955091547
conditional-fit-0074,axis2_legal,1632,0.07594705652269695
conditional-fit-0074,axis2_legal,1633,0.03121755391774971
conditional-fit-0074,axis2_legal,1634,0.1211215122025638
conditional-fit-0074,axis2_legal,1635,0.12782449058126322
conditional-fit-0074,axis2_legal,1636,0.05383750358031415
conditional-fit-0074,axis2_legal,1637,0.06041405163496001
conditional-fit-0074,axis2_legal,1638,0.030141633676144815
conditional-fit-0074,axis2_legal,1639,0.016157554752089347
conditional-fit-0074,axis2_legal,1640,0.024012551613835822
conditional-fit-0074,axis2_legal,1641,0.17239112318869793
conditional-fit-0074,axis2_legal,1642,0.19090610103874697
conditional-fit-0074,axis2_legal,1643,0.01948466083607575
conditional-fit-0074,axis2_legal,1644,0.015667889764999395
conditional-fit-0074,axis2_legal,1645,0.03611028658139589
conditional-fit-0074,axis2_legal,1646,0.08738132629151829
conditional-fit-0074,axis2_legal,1647,0.009877361800817117
conditional-fit-0074,axis2_legal,1648,0.00012702503573215555
conditional-fit-0074,axis2_legal,1649,0.030101396570690664
conditional-fit-0074,axis2_legal,1650,0.03576688983553547
conditional-fit-0074,axis2_legal,1651,0.17946680896134726
conditional-fit-0074,axis2_legal,1652,0.2893032880426405
conditional-fit-0074,axis2_legal,1653,0.003857394424878231
conditional-fit-0074,axis2_legal,1654,0.18634290876730294
conditional-fit-0074,axis2_legal,1655,0.026306719046201844
conditional-fit-0074,axis2_legal,1656,0.3590061816812343
conditional-fit-0074,axis2_legal,1657,0.6251278286828208
conditional-fit-0074,axis2_legal,1658,0.35906979365196645
conditional-fit-0074,axis2_legal,1659,0.08809789882091357
conditional-fit-0074,axis2_legal,1660,0.029383397218926563
conditional-fit-0074,axis2_legal,1661,0.04866328873560837
conditional-fit-0074,axis2_legal,1662,0.01155363990145703
conditional-fit-0074,axis2_legal,1663,0.0814538311332966
conditional-fit-0074,axis2_legal,1664,0.15361899894219516
conditional-fit-0074,axis2_legal,1665,0.039020270582397695
conditional-fit-0074,axis2_legal,1666,0.008577341008108601
conditional-fit-0074,axis2_legal,1667,0.15777406841064506
conditional-fit-0074,axis2_legal,1668,0.031344273017942736
conditional-fit-0074,axis2_legal,1669,0.009612818302406652
conditional-fit-0074,axis2_legal,1670,0.003912140064474503
conditional-fit-0074,axis2_legal,1671,0.0002888801241022561
conditional-fit-0074,axis2_legal,1672,0.018224340732108706
conditional-fit-0074,axis2_legal,1673,0.13911320964739549
conditional-fit-0074,axis2_legal,1674,0.1711095108419472
conditional-fit-0074,axis2_legal,1675,0.0015853202219152122
conditional-fit-0074,axis2_legal,1676,0.014338259483732551
conditional-fit-0074,axis2_legal,1677,0.041781011942630446
conditional-fit-0074,axis2_legal,1678,0.08852955668519807
conditional-fit-0074,axis2_legal,1679,0.0004069913926965646
conditional-fit-0074,axis2_legal,1680,0.0975445491744496
conditional-fit-0074,axis2_legal,1681,0.0001420622266957133
conditional-fit-0074,axis2_legal,1682,0.0332560786213921
conditional-fit-0074,axis2_legal,1683,0.10904655593726517
conditional-fit-0074,axis2_legal,1684,0.00792903609399853
conditional-fit-0074,axis2_legal,1685,0.00018245003034211493
conditional-fit-0074,axis2_legal,1686,0.054395087546493914
conditional-fit-0074,axis2_legal,1687,3.6494610068738426e-05
conditional-fit-0074,axis2_legal,1688,0.00292548035785115
conditional-fit-0074,axis2_legal,1689,0.12967874400519053
conditional-fit-0074,axis2_legal,1690,0.008315073742686658
conditional-fit-0074,axis2_legal,1691,0.13049043834581145
conditional-fit-0074,axis2_legal,1692,0.0007553981378582747
conditional-fit-0074,axis2_legal,1693,0.10823347688403587
conditional-fit-0074,axis2_legal,1694,0.004896353355588226
conditional-fit-0074,axis2_legal,1695,6.494093941308439e-05
conditional-fit-0074,axis2_legal,1696,7.002707890988732e-05
conditional-fit-0074,axis2_legal,1697,0.005681015280320971
conditional-fit-0074,axis2_legal,1698,0.06406762731648769
conditional-fit-0074,axis2_legal,1699,0.0037804914103361895
conditional-fit-0074,axis2_legal,1700,0.12918378176996004
conditional-fit-0074,axis2_legal,1701,0.00021442527884889723
conditional-fit-0074,axis2_legal,1702,0.0010724879487896235
conditional-fit-0074,axis2_legal,1703,0.0019833950118507315
conditional-fit-0074,axis2_legal,1704,0.0006453376592082228
conditional-fit-0074,axis2_legal,1705,0.001255126796712132
conditional-fit-0074,axis2_legal,1706,0.04947703804602839
conditional-fit-0074,axis2_legal,1707,0.0156664723210823
conditional-fit-0074,axis2_legal,1708,0.06783259218198354
conditional-fit-0074,axis2_legal,1709,0.001928433841585947
conditional-fit-0074,axis2_legal,1710,0.05060106681953158
conditional-fit-0074,axis2_legal,1711,0.12477362521227575
conditional-fit-0074,axis2_legal,1712,0.0024259682012533184
conditional-fit-0074,axis2_legal,1713,0.009967364932110988
conditional-fit-0074,axis2_legal,1714,0.1382735792800266
conditional-fit-0074,axis2_legal,1715,0.05790033018048654
conditional-fit-0074,axis2_legal,1716,0.00013269702034905115
conditional-fit-0074,axis2_legal,1717,0.04816473659995951
conditional-fit-0074,axis2_legal,1718,0.22926111137268024
conditional-fit-0074,axis2_legal,1719,0.008154502504878605
conditional-fit-0074,axis2_legal,1720,0.06861327666792776
conditional-fit-0074,axis2_legal,1721,0.01437015826808613
conditional-fit-0074,axis2_legal,1722,0.04079550032435643
conditional-fit-0074,axis2_legal,1723,0.003948106778654475
conditional-fit-0074,axis2_legal,1724,0.0007179870898501316
conditional-fit-0074,axis2_legal,1725,0.09807527618612608
conditional-fit-0074,axis2_legal,1726,0.2674433290318376
conditional-fit-0074,axis2_legal,1727,0.0030087620513952395
conditional-fit-0074,axis2_legal,1728,0.001199819810842192
conditional-fit-0074,axis2_legal,1729,0.03646013500024372
conditional-fit-0074,axis2_legal,1730,0.09711262604296376
conditional-fit-0074,axis2_legal,1731,0.06379646647658634
conditional-fit-0074,axis2_legal,1732,0.02655042385124193
conditional-fit-0074,axis2_legal,1733,0.019165200863945266
conditional-fit-0074,axis2_legal,1734,1.0140772763742298
conditional-fit-0074,axis2_legal,1735,0.009272576461860823
conditional-fit-0074,axis2_legal,1736,0.09402954079070239
conditional-fit-0074,axis2_legal,1737,0.00016242387644877212
conditional-fit-0074,axis2_legal,1738,0.0009002950448759788
conditional-fit-0074,axis2_legal,1739,0.00016389260201298453
conditional-fit-0074,axis2_legal,1740,0.06068237078843294
conditional-fit-0074,axis2_legal,1741,0.003923431445632122
conditional-fit-0074,axis2_legal,1742,0.1101492909026822
conditional-fit-0074,axis2_legal,1743,0.010738087060413432
conditional-fit-0074,axis2_legal,1744,0.0005267128959091379
conditional-fit-0074,axis2_legal,1745,0.0015992037394097507
conditional-fit-0074,axis2_legal,1746,0.001549547723372353
conditional-fit-0074,axis2_legal,1747,0.02441482872076256
conditional-fit-0074,axis2_legal,1748,0.034408083163386186
conditional-fit-0074,axis2_legal,1749,0.01670921244884644
conditional-fit-0074,axis2_legal,1750,0.0005645203274831112
conditional-fit-0074,axis2_legal,1751,0.0008010813609722875
conditional-fit-0074,axis2_legal,1752,0.02995788393087817
conditional-fit-0074,axis2_legal,1753,0.00039263931874680355
conditional-fit-0074,axis2_legal,1754,0.026708238387235284
conditional-fit-0074,axis2_legal,1755,0.021303205598732333
conditional-fit-0074,axis2_legal,1756,0.0004526861823203828
conditional-fit-0074,axis2_legal,1757,0.00024124292728998313
conditional-fit-0074,axis2_legal,1758,0.0011081792769870211
conditional-fit-0074,axis2_legal,1759,0.0004164763083364454
conditional-fit-0074,axis2_legal,1760,0.00015640188865554593
conditional-fit-0074,axis2_legal,1761,0.5537248925241058
conditional-fit-0074,axis2_legal,1762,0.007938660253297453
conditional-fit-0074,axis2_legal,1763,0.0021188327741288237
conditional-fit-0074,axis2_legal,1764,0.006926264107061551
conditional-fit-0074,axis2_legal,1765,0.0005732457741520825
conditional-fit-0074,axis2_legal,1766,0.0007757740650639379
conditional-fit-0074,axis2_legal,1767,0.01567926088049276
conditional-fit-0074,axis2_legal,1768,0.0019168291764877234
conditional-fit-0074,axis2_legal,1769,0.00017734940296677338
conditional-fit-0074,axis2_legal,1770,0.0002352263168337686
conditional-fit-0074,axis2_legal,1771,0.0012748826278165606
conditional-fit-0074,axis2_legal,1772,0.005261956376612769
conditional-fit-0074,axis2_legal,1773,0.00044881405179584085
conditional-fit-0074,axis2_legal,1774,0.0005014270859295076
conditional-fit-0074,axis2_legal,1775,0.0015650342716104731
conditional-fit-0074,axis2_legal,1776,0.002603133602317585
conditional-fit-0074,axis2_legal,1777,0.003934741919257633
conditional-fit-0074,axis2_legal,1778,0.001422538897298525
conditional-fit-0074,axis2_legal,1779,0.17703660837481902
conditional-fit-0074,axis2_legal,1780,0.04402575772744875
conditional-fit-0074,axis2_legal,1781,0.01690466287898891
conditional-fit-0074,axis2_legal,1782,0.313225302567185
conditional-fit-0074,axis2_legal,1783,0.22556330985116652
conditional-fit-0074,axis2_legal,1784,0.05746564142491895
conditional-fit-0074,axis2_legal,1785,0.2597336747338545
conditional-fit-0074,axis2_legal,1786,0.004502475537342569
conditional-fit-0074,axis2_legal,1787,0.0001747783956501276
conditional-fit-0074,axis2_legal,1788,0.4713843083773943
conditional-fit-0074,axis2_legal,1789,0.00012064922481258924
conditional-fit-0074,axis2_legal,1790,0.001176802223707793
conditional-fit-0074,axis2_legal,1791,0.003342377782639179
conditional-fit-0074,axis2_legal,1792,0.22870015194749238
conditional-fit-0074,axis2_legal,1793,0.029740240804669187
conditional-fit-0074,axis2_legal,1794,0.00011721356383542413
conditional-fit-0074,axis2_legal,1795,9.912072972466962e-05
conditional-fit-0074,axis2_legal,1796,0.00032823811557587755
conditional-fit-0074,axis2_legal,1797,0.0008866616116638646
conditional-fit-0074,axis2_legal,1798,0.0067452886199698085
conditional-fit-0074,axis2_legal,1799,0.00017104779799975112
conditional-fit-0074,axis2_legal,1800,0.004072301453836399
conditional-fit-0074,axis2_legal,1801,0.13880208708464598
conditional-fit-0074,axis2_legal,1802,0.0011728966008910905
conditional-fit-0074,axis2_legal,1803,0.0001012428579091259
conditional-fit-0074,axis2_legal,1804,0.00047989290111528297
conditional-fit-0074,axis2_legal,1805,3.97975421629129e-05
conditional-fit-0074,axis2_legal,1806,0.13206364301672024
conditional-fit-0074,axis2_legal,1807,0.012882762999084408
conditional-fit-0074,axis2_legal,1808,0.3415882025229258
conditional-fit-0074,axis2_legal,1809,0.1317610698699392
conditional-fit-0074,axis2_legal,1810,1.3001684220098457
conditional-fit-0074,axis2_legal,1811,0.007085040963320606
conditional-fit-0074,axis2_legal,1812,0.01126902258998445
conditional-fit-0074,axis2_legal,1813,0.004585182396430472
conditional-fit-0074,axis2_legal,1814,0.010078658319446045
conditional-fit-0074,axis2_legal,1815,0.00016087573254488404
conditional-fit-0074,axis2_legal,1816,0.8231896247168031
conditional-fit-0074,axis2_legal,1817,0.047933793275974156
conditional-fit-0074,axis2_legal,1818,0.009323639526732716
conditional-fit-0074,axis2_legal,1819,0.006107307819902706
conditional-fit-0074,axis2_legal,1820,0.1702591397080967
conditional-fit-0074,axis2_legal,1821,0.060316657062220044
conditional-fit-0074,axis2_legal,1822,0.004072196082450451
conditional-fit-0074,axis2_legal,1823,0.0033542473377698194
conditional-fit-0074,axis2_legal,1824,0.022049029475778414
conditional-fit-0074,axis2_legal,1825,0.008023272867979794
conditional-fit-0074,axis2_legal,1826,0.22377869911234355
conditional-fit-0074,axis2_legal,1827,0.0006289926868857806
conditional-fit-0074,axis2_legal,1828,0.0008394632162364744
conditional-fit-0074,axis2_legal,1829,0.0018329960678058342
conditional-fit-0074,axis2_legal,1830,0.00036769165901539235
conditional-fit-0074,axis2_legal,1831,0.00032897238865333225
conditional-fit-0074,axis2_legal,1832,0.0003139390304778233
conditional-fit-0074,axis2_legal,1833,0.0008790390212314389
conditional-fit-0074,axis2_legal,1834,0.02614103536224079
conditional-fit-0074,axis2_legal,1835,5.1139513495521616e-05
conditional-fit-0074,axis2_legal,1836,0.0002695593606747692
conditional-fit-0074,axis2_legal,1837,7.318640552268253e-05
conditional-fit-0074,axis2_legal,1838,0.022542915703635983
conditional-fit-0074,axis2_legal,1839,0.0001973683324260542
conditional-fit-0074,axis2_legal,1840,2.46714826554642e-05
conditional-fit-0074,axis2_legal,1841,0.0034226794938334304
conditional-fit-0074,axis2_legal,1842,1.5443168022756767e-05
conditional-fit-0074,axis2_legal,1843,0.00027265876736568944
conditional-fit-0074,axis2_legal,1844,0.001026378455623179
conditional-fit-0074,axis2_legal,1845,0.021211411688694656
conditional-fit-0074,axis2_legal,1846,0.07121170176513011
conditional-fit-0074,axis2_legal,1847,0.06907286090767797
conditional-fit-0074,axis2_legal,1848,0.01898445883492049
conditional-fit-0074,axis2_legal,1849,2.5509758324492866
conditional-fit-0074,axis2_legal,1850,0.21429348629642725
conditional-fit-0074,axis2_legal,1851,0.062934680294066
conditional-fit-0074,axis2_legal,1852,0.09336539470524809
conditional-fit-0074,axis2_legal,1853,0.004248347577869346
conditional-fit-0074,axis2_legal,1854,0.00026074454447390323
conditional-fit-0074,axis2_legal,1855,0.1358495460366423
conditional-fit-0074,axis2_legal,1856,0.33073870183465603
conditional-fit-0074,axis2_legal,1857,0.006126044501568325
conditional-fit-0074,axis2_legal,1858,0.0020730474443612064
conditional-fit-0074,axis2_legal,1859,0.05022973787008743
conditional-fit-0074,axis2_legal,1860,0.1971983033171157
conditional-fit-0074,axis2_legal,1861,0.1322249097612072
conditional-fit-0074,axis2_legal,1862,1.3277869912060065
conditional-fit-0074,axis2_legal,1863,0.7759754164903317
conditional-fit-0074,axis2_legal,1864,0.054884671766394416
conditional-fit-0074,axis2_legal,1865,0.0016849452347639294
conditional-fit-0074,axis2_legal,1866,0.0051267429625452485
conditional-fit-0074,axis2_legal,1867,0.00011500749367424106
conditional-fit-0074,axis2_legal,1868,0.009057727870978784
conditional-fit-0074,axis2_legal,1869,0.0001934148620750489
conditional-fit-0074,axis2_legal,1870,0.009136152947544506
conditional-fit-0074,axis2_legal,1871,0.1465816047391501
conditional-fit-0074,axis2_legal,1872,0.0010568017392837232
conditional-fit-0074,axis2_legal,1873,0.0018907231052716815
conditional-fit-0074,axis2_legal,1874,0.0012458331590201968
conditional-fit-0074,axis2_legal,1875,0.00019936878583638946
conditional-fit-0074,axis2_legal,1876,0.0021197473749499504
conditional-fit-0074,axis2_legal,1877,0.05613634426970242
conditional-fit-0074,axis2_legal,1878,0.02845239782646216
conditional-fit-0074,axis2_legal,1879,0.04365307732919218
conditional-fit-0074,axis2_legal,1880,0.0009357174939783044
conditional-fit-0074,axis2_legal,1881,0.00019949431337143737
conditional-fit-0074,axis2_legal,1882,0.07313367883421773
conditional-fit-0074,axis2_legal,1883,0.08952235053218818
conditional-fit-0074,axis2_legal,1884,0.00034558839141397987
conditional-fit-0074,axis2_legal,1885,0.012351394890543328
conditional-fit-0074,axis2_legal,1886,0.020308432364557212
conditional-fit-0074,axis2_legal,1887,0.11572180860771361
conditional-fit-0074,axis2_legal,1888,0.00015258302198548854
conditional-fit-0074,axis2_legal,1889,3.69565706845297e-05
conditional-fit-0074,axis2_legal,1890,0.002480806560189531
conditional-fit-0074,axis2_legal,1891,0.0006053254014891811
conditional-fit-0074,axis2_legal,1892,0.020958556216845052
conditional-fit-0074,axis2_legal,1893,0.03931413183330568
conditional-fit-0074,axis2_legal,1894,0.08111590809172517
conditional-fit-0074,axis2_legal,1895,0.09466764565802328
conditional-fit-0074,axis2_legal,1896,0.026191853622589783
conditional-fit-0074,axis2_legal,1897,0.02379958418619137
conditional-fit-0074,axis2_legal,1898,0.0018752455744662942
conditional-fit-0074,axis2_legal,1899,0.023305516612159252
conditional-fit-0074,axis2_legal,1900,0.06205859628103562
conditional-fit-0074,axis2_legal,1901,0.14366587044211995
conditional-fit-0074,axis2_legal,1902,0.039007077405850264
conditional-fit-0074,axis2_legal,1903,0.362793563982183
conditional-fit-0074,axis2_legal,1904,0.21054802476697637
conditional-fit-0074,axis2_legal,1905,0.4128012672207588
conditional-fit-0074,axis2_legal,1906,0.046954253481797055
conditional-fit-0074,axis2_legal,1907,0.0014931601087429431
conditional-fit-0074,axis2_legal,1908,0.006853691582350965
conditional-fit-0074,axis2_legal,1909,0.007117345590774492
conditional-fit-0074,axis2_legal,1910,0.003993178408532982
conditional-fit-0074,axis2_legal,1911,0.07516597814803297
conditional-fit-0074,axis2_legal,1912,0.08254972826827789
conditional-fit-0074,axis2_legal,1913,0.004163950388974212
conditional-fit-0074,axis2_legal,1914,0.00037947785758051975
conditional-fit-0074,axis2_legal,1915,0.03902276635397761
conditional-fit-0074,axis2_legal,1916,0.041868359624957226
conditional-fit-0074,axis2_legal,1917,0.11925542652246976
conditional-fit-0074,axis2_legal,1918,0.01737470238540805
conditional-fit-0074,axis2_legal,1919,0.18406051204632348
conditional-fit-0074,axis2_legal,1920,0.028258651565042564
conditional-fit-0074,axis2_legal,1921,0.012612573229427389
conditional-fit-0074,axis2_legal,1922,0.011255967312173026
conditional-fit-0074,axis2_legal,1923,0.02285985895505595
conditional-fit-0074,axis2_legal,1924,0.014739433078884739
conditional-fit-0074,axis2_legal,1925,0.04669561008715273
conditional-fit-0074,axis2_legal,1926,0.02411827158157865
conditional-fit-0074,axis2_legal,1927,0.004597198709980005
conditional-fit-0074,axis2_legal,1928,0.011244315288900667
conditional-fit-0074,axis2_legal,1929,0.012666505270911423
conditional-fit-0074,axis2_legal,1930,0.06848750686440393
conditional-fit-0074,axis2_legal,1931,0.016209291409328638
conditional-fit-0074,axis2_legal,1932,0.00028251164725020487
conditional-fit-0074,axis2_legal,1933,0.004720847044745218
conditional-fit-0074,axis2_legal,1934,0.007484371184408249
conditional-fit-0074,axis2_legal,1935,0.00020896139440577184
conditional-fit-0074,axis2_legal,1936,0.012086205693057971
conditional-fit-0074,axis2_legal,1937,0.016697804307604654
conditional-fit-0074,axis2_legal,1938,0.005021631870236156
conditional-fit-0074,axis2_legal,1939,0.11571321715586153
conditional-fit-0074,axis2_legal,1940,0.005416662710963753
conditional-fit-0074,axis2_legal,1941,0.001721117012133815
conditional-fit-0074,axis2_legal,1942,0.20921752981211889
conditional-fit-0074,axis2_legal,1943,0.021673521549496685
conditional-fit-0074,axis2_legal,1944,0.0011593664623105106
conditional-fit-0074,axis2_legal,1945,0.019883331813896787
conditional-fit-0074,axis2_legal,1946,0.0002659146428586462
conditional-fit-0074,axis2_legal,1947,0.022223575570376203
conditional-fit-0074,axis2_legal,1948,0.011202126787681257
conditional-fit-0074,axis2_legal,1949,0.013120427440894374
conditional-fit-0074,axis2_legal,1950,0.007113526526258433
conditional-fit-0074,axis2_legal,1951,0.0662087307526143
conditional-fit-0074,axis2_legal,1952,0.009260135093707161
conditional-fit-0074,axis2_legal,1953,0.03731645447095439
conditional-fit-0074,axis2_legal,1954,0.0350823839697534
conditional-fit-0074,axis2_legal,1955,0.20754050262152232
conditional-fit-0074,axis2_legal,1956,0.01711694631883405
conditional-fit-0074,axis2_legal,1957,0.0005161076301831907
conditional-fit-0074,axis2_legal,1958,0.013441336901307452
conditional-fit-0074,axis2_legal,1959,0.027076134467325458
conditional-fit-0074,axis2_legal,1960,0.0017595179642793278
conditional-fit-0074,axis2_legal,1961,0.00016347966392087486
conditional-fit-0074,axis2_legal,1962,0.01682548483694204
conditional-fit-0074,axis2_legal,1963,0.03246479238426321
conditional-fit-0074,axis2_legal,1964,0.03169853677355874
conditional-fit-0074,axis2_legal,1965,0.026094941691584495
conditional-fit-0074,axis2_legal,1966,0.03368325453618455
conditional-fit-0074,axis2_legal,1967,0.0007953780069674058
conditional-fit-0074,axis2_legal,1968,0.06296300614306298
conditional-fit-0074,axis2_legal,1969,0.013184754043981112
conditional-fit-0074,axis2_legal,1970,0.018474123800165252
conditional-fit-0074,axis2_legal,1971,0.0012586239740093154
conditional-fit-0074,axis2_legal,1972,0.00027636694891928213
conditional-fit-0074,axis2_legal,1973,0.026445416950341107
conditional-fit-0074,axis2_legal,1974,0.018704417289041875
conditional-fit-0074,axis2_legal,1975,0.0804997058335143
conditional-fit-0074,axis2_legal,1976,0.026706764558087702
conditional-fit-0074,axis2_legal,1977,0.09439049481413077
conditional-fit-0074,axis2_legal,1978,0.026649024354796755
conditional-fit-0074,axis2_legal,1979,0.019795600442685125
conditional-fit-0074,axis2_legal,1980,0.00586703146883439
conditional-fit-0074,axis2_legal,1981,0.07320735061585747
conditional-fit-0074,axis2_legal,1982,0.018527788850728928
conditional-fit-0074,axis2_legal,1983,0.052266001415277916
conditional-fit-0074,axis2_legal,1984,0.005139944280143259
conditional-fit-0074,axis2_legal,1985,0.0034041412934425787
conditional-fit-0074,axis2_legal,1986,0.003995436004137169
conditional-fit-0074,axis2_legal,1987,0.014382633878374641
conditional-fit-0074,axis2_legal,1988,0.027348057521658566
conditional-fit-0074,axis2_legal,1989,0.018789966012384668
conditional-fit-0074,axis2_legal,1990,5.527928689756677e-05
conditional-fit-0074,axis2_legal,1991,0.015711048701661203
conditional-fit-0074,axis2_legal,1992,0.0005836372450571295
conditional-fit-0074,axis2_legal,1993,0.006410756192935492
conditional-fit-0074,axis2_legal,1994,0.0008079310614218625
conditional-fit-0074,axis2_legal,1995,0.010821617453069905
conditional-fit-0074,axis2_legal,1996,0.004043095929254758
conditional-fit-0074,axis2_legal,1997,0.006839440989227765
conditional-fit-0074,axis2_legal,1998,0.0009752650544339808
conditional-fit-0074,axis2_legal,1999,0.0005086277894572446
conditional-fit-0074,axis2_legal,2000,0.08688724435744173
conditional-fit-0074,axis2_legal,2001,0.05892604406814105
conditional-fit-0074,axis2_legal,2002,0.039485532023279805
conditional-fit-0074,axis2_legal,2003,0.023166218655355814
conditional-fit-0074,axis2_legal,2004,0.0011212505186340455
conditional-fit-0074,axis2_legal,2005,0.008797318170359121
conditional-fit-0074,axis2_legal,2006,0.024672179762900835
conditional-fit-0074,axis2_legal,2007,0.04135100555734755
conditional-fit-0074,axis2_legal,2008,0.029793493036744778
conditional-fit-0074,axis2_legal,2009,0.00927612844264174
conditional-fit-0074,axis2_legal,2010,9.24246522575481e-05
conditional-fit-0074,axis2_legal,2011,0.034854394566852624
conditional-fit-0074,axis2_legal,2012,0.011221301325470449
conditional-fit-0074,axis2_legal,2013,9.33587192862703e-05
conditional-fit-0074,axis2_legal,2014,0.007179081312178234
conditional-fit-0074,axis2_legal,2015,0.012695187696452163
conditional-fit-0074,axis2_legal,2016,0.001977373598982116
conditional-fit-0074,axis2_legal,2017,0.028260994424914667
conditional-fit-0074,axis2_legal,2018,0.04464816125913283
conditional-fit-0074,axis2_legal,2019,0.00475621588312986
conditional-fit-0074,axis2_legal,2020,0.1509114419812903
conditional-fit-0074,axis2_legal,2021,0.004141229226532405
conditional-fit-0074,axis2_legal,2022,0.04240191730871475
conditional-fit-0074,axis2_legal,2023,0.08938223756955437
conditional-fit-0074,axis2_legal,2024,0.021968801014483702
conditional-fit-0074,axis2_legal,2025,0.012302970391089577
conditional-fit-0074,axis2_legal,2026,0.02806528129656994
conditional-fit-0074,axis2_legal,2027,0.015717421233407795
conditional-fit-0074,axis2_legal,2028,0.040426223383391996
conditional-fit-0074,axis2_legal,2029,0.018541987120055347
conditional-fit-0074,axis2_legal,2030,0.0062209680862667675
conditional-fit-0074,axis2_legal,2031,0.0009761525920785199
conditional-fit-0074,axis2_legal,2032,0.004795891857547571
conditional-fit-0074,axis2_legal,2033,0.11228630882980496
conditional-fit-0074,axis2_legal,2034,0.012049501901556979
conditional-fit-0074,axis2_legal,2035,0.0008882869849635585
conditional-fit-0074,axis2_legal,2036,0.0025155974617982104
conditional-fit-0074,axis2_legal,2037,0.07539388609284407
conditional-fit-0074,axis2_legal,2038,0.02665044548026145
conditional-fit-0074,axis2_legal,2039,0.04382048258123451
conditional-fit-0074,axis2_legal,2040,0.02270739738964417
conditional-fit-0074,axis2_legal,2041,0.0026662180379250526
conditional-fit-0074,axis2_legal,2042,0.09620938904443234
conditional-fit-0074,axis2_legal,2043,0.037877590171395234
conditional-fit-0074,axis2_legal,2044,0.03107815253531196
conditional-fit-0074,axis2_legal,2045,0.0327225536586826
conditional-fit-0074,axis2_legal,2046,0.009907531601271256
