window_id,domain,pos,kld
conditional-fit-0099,axis3_code_agentic,0,0.3013457637034253
conditional-fit-0099,axis3_code_agentic,1,0.14422483420491117
conditional-fit-0099,axis3_code_agentic,2,0.11692616779472162
conditional-fit-0099,axis3_code_agentic,3,0.14481442377415013
conditional-fit-0099,axis3_code_agentic,4,0.2801518827023846
conditional-fit-0099,axis3_code_agentic,5,0.3838826153425879
conditional-fit-0099,axis3_code_agentic,6,0.010840983542724572
conditional-fit-0099,axis3_code_agentic,7,0.16345966311605567
conditional-fit-0099,axis3_code_agentic,8,0.53166262837269
conditional-fit-0099,axis3_code_agentic,9,0.053246122419442835
conditional-fit-0099,axis3_code_agentic,10,0.30699506031154544
conditional-fit-0099,axis3_code_agentic,11,0.0005859111463563307
conditional-fit-0099,axis3_code_agentic,12,1.80523658138302
conditional-fit-0099,axis3_code_agentic,13,0.4035057649508271
conditional-fit-0099,axis3_code_agentic,14,0.0017251677920479354
conditional-fit-0099,axis3_code_agentic,15,3.0362363623513033e-05
conditional-fit-0099,axis3_code_agentic,16,0.00974465457496863
conditional-fit-0099,axis3_code_agentic,17,0.00033692462490217834
conditional-fit-0099,axis3_code_agentic,18,0.6191044566290225
conditional-fit-0099,axis3_code_agentic,19,0.02905404279536096
conditional-fit-0099,axis3_code_agentic,20,3.749443942579373e-05
conditional-fit-0099,axis3_code_agentic,21,0.11853867718143232
conditional-fit-0099,axis3_code_agentic,22,0.2664811160350118
conditional-fit-0099,axis3_code_agentic,23,0.0550522476888815
conditional-fit-0099,axis3_code_agentic,24,0.07800868420991616
conditional-fit-0099,axis3_code_agentic,25,0.21336409900597547
conditional-fit-0099,axis3_code_agentic,26,0.10964763893386975
conditional-fit-0099,axis3_code_agentic,27,0.3803007313975827
conditional-fit-0099,axis3_code_agentic,28,0.12344007779258998
conditional-fit-0099,axis3_code_agentic,29,0.322082356692025
conditional-fit-0099,axis3_code_agentic,30,0.04170745539826667
conditional-fit-0099,axis3_code_agentic,31,0.10520827936288937
conditional-fit-0099,axis3_code_agentic,32,0.11218294388513499
conditional-fit-0099,axis3_code_agentic,33,0.1636924809703983
conditional-fit-0099,axis3_code_agentic,34,0.10308594886554194
conditional-fit-0099,axis3_code_agentic,35,8.431779947512861e-05
conditional-fit-0099,axis3_code_agentic,36,0.00612175511759239
conditional-fit-0099,axis3_code_agentic,37,1.793459715189893e-05
conditional-fit-0099,axis3_code_agentic,38,0.0017539342847673327
conditional-fit-0099,axis3_code_agentic,39,0.387432750726493
conditional-fit-0099,axis3_code_agentic,40,0.21139279635178726
conditional-fit-0099,axis3_code_agentic,41,0.16931308419124347
conditional-fit-0099,axis3_code_agentic,42,0.018237017310576472
conditional-fit-0099,axis3_code_agentic,43,0.13846293479719973
conditional-fit-0099,axis3_code_agentic,44,0.18861104716717625
conditional-fit-0099,axis3_code_agentic,45,0.3617798298241164
conditional-fit-0099,axis3_code_agentic,46,0.05149907273784954
conditional-fit-0099,axis3_code_agentic,47,0.007163859615685059
conditional-fit-0099,axis3_code_agentic,48,5.1402859870610174e-05
conditional-fit-0099,axis3_code_agentic,49,0.00403370889875116
conditional-fit-0099,axis3_code_agentic,50,0.027558465198737312
conditional-fit-0099,axis3_code_agentic,51,0.0020454016485864845
conditional-fit-0099,axis3_code_agentic,52,0.007842343574848447
conditional-fit-0099,axis3_code_agentic,53,0.0006422615788691815
conditional-fit-0099,axis3_code_agentic,54,0.00017561384210493884
conditional-fit-0099,axis3_code_agentic,55,0.04633519963765406
conditional-fit-0099,axis3_code_agentic,56,0.00017000251571125863
conditional-fit-0099,axis3_code_agentic,57,0.0005610334279841282
conditional-fit-0099,axis3_code_agentic,58,6.1453422146854964e-06
conditional-fit-0099,axis3_code_agentic,59,9.739818874121385e-05
conditional-fit-0099,axis3_code_agentic,60,0.09464907213902415
conditional-fit-0099,axis3_code_agentic,61,0.24517990808511256
conditional-fit-0099,axis3_code_agentic,62,0.033148145236227625
conditional-fit-0099,axis3_code_agentic,63,0.11280131058546664
conditional-fit-0099,axis3_code_agentic,64,0.16011275827783616
conditional-fit-0099,axis3_code_agentic,65,0.004099632604487832
conditional-fit-0099,axis3_code_agentic,66,0.030376531436394186
conditional-fit-0099,axis3_code_agentic,67,0.09855512128314009
conditional-fit-0099,axis3_code_agentic,68,0.04044924918315614
conditional-fit-0099,axis3_code_agentic,69,0.14099073247444216
conditional-fit-0099,axis3_code_agentic,70,0.05457150895671716
conditional-fit-0099,axis3_code_agentic,71,0.03496520593333356
conditional-fit-0099,axis3_code_agentic,72,0.0938479185097163
conditional-fit-0099,axis3_code_agentic,73,0.07187733226317114
conditional-fit-0099,axis3_code_agentic,74,0.07206843599103999
conditional-fit-0099,axis3_code_agentic,75,0.0339508597851927
conditional-fit-0099,axis3_code_agentic,76,0.07551650971408684
conditional-fit-0099,axis3_code_agentic,77,0.06231815290704153
conditional-fit-0099,axis3_code_agentic,78,0.01657793040540798
conditional-fit-0099,axis3_code_agentic,79,0.00011152300234042925
conditional-fit-0099,axis3_code_agentic,80,0.0009624452770735152
conditional-fit-0099,axis3_code_agentic,81,3.121261886853629e-05
conditional-fit-0099,axis3_code_agentic,82,6.795179023012424e-05
conditional-fit-0099,axis3_code_agentic,83,0.06367027379626669
conditional-fit-0099,axis3_code_agentic,84,0.001390989321958583
conditional-fit-0099,axis3_code_agentic,85,1.9550143765739992e-05
conditional-fit-0099,axis3_code_agentic,86,0.00016930623581975696
conditional-fit-0099,axis3_code_agentic,87,0.00012110946581576339
conditional-fit-0099,axis3_code_agentic,88,0.45233009852758854
conditional-fit-0099,axis3_code_agentic,89,0.1761688979969787
conditional-fit-0099,axis3_code_agentic,90,0.13844146857974685
conditional-fit-0099,axis3_code_agentic,91,0.0025808642936959118
conditional-fit-0099,axis3_code_agentic,92,0.0024443010780903834
conditional-fit-0099,axis3_code_agentic,93,0.045338848653133736
conditional-fit-0099,axis3_code_agentic,94,0.0037066366936844286
conditional-fit-0099,axis3_code_agentic,95,0.009583473525140624
conditional-fit-0099,axis3_code_agentic,96,0.0003916201920873861
conditional-fit-0099,axis3_code_agentic,97,0.00041762303239109604
conditional-fit-0099,axis3_code_agentic,98,0.07414067669389822
conditional-fit-0099,axis3_code_agentic,99,0.0010990174219895961
conditional-fit-0099,axis3_code_agentic,100,0.004225828465897929
conditional-fit-0099,axis3_code_agentic,101,0.0718598688171711
conditional-fit-0099,axis3_code_agentic,102,0.021998884578445496
conditional-fit-0099,axis3_code_agentic,103,0.07167246400891224
conditional-fit-0099,axis3_code_agentic,104,0.012242415975541224
conditional-fit-0099,axis3_code_agentic,105,0.009013048134070908
conditional-fit-0099,axis3_code_agentic,106,0.00962367747754261
conditional-fit-0099,axis3_code_agentic,107,0.00011441403987504082
conditional-fit-0099,axis3_code_agentic,108,0.03342978835602968
conditional-fit-0099,axis3_code_agentic,109,0.005962998193838741
conditional-fit-0099,axis3_code_agentic,110,0.0022586021128136
conditional-fit-0099,axis3_code_agentic,111,0.07087199543768008
conditional-fit-0099,axis3_code_agentic,112,0.08573413588894693
conditional-fit-0099,axis3_code_agentic,113,3.9415984869332716e-05
conditional-fit-0099,axis3_code_agentic,114,0.022800585613062252
conditional-fit-0099,axis3_code_agentic,115,0.02740015750204606
conditional-fit-0099,axis3_code_agentic,116,0.022888292466155945
conditional-fit-0099,axis3_code_agentic,117,0.008673591911418524
conditional-fit-0099,axis3_code_agentic,118,0.01678451277901153
conditional-fit-0099,axis3_code_agentic,119,0.022256363444165254
conditional-fit-0099,axis3_code_agentic,120,0.0010040670226613702
conditional-fit-0099,axis3_code_agentic,121,0.003106202861896977
conditional-fit-0099,axis3_code_agentic,122,0.005003266363898411
conditional-fit-0099,axis3_code_agentic,123,0.0393583306032632
conditional-fit-0099,axis3_code_agentic,124,0.024178064971054746
conditional-fit-0099,axis3_code_agentic,125,0.0007805441651713847
conditional-fit-0099,axis3_code_agentic,126,0.021303917680770116
conditional-fit-0099,axis3_code_agentic,127,0.002633119054085961
conditional-fit-0099,axis3_code_agentic,128,0.0029641204443938427
conditional-fit-0099,axis3_code_agentic,129,2.987073285831513e-05
conditional-fit-0099,axis3_code_agentic,130,0.00038826367432748764
conditional-fit-0099,axis3_code_agentic,131,0.009573180425662282
conditional-fit-0099,axis3_code_agentic,132,0.0003133710128240398
conditional-fit-0099,axis3_code_agentic,133,0.035516158453613875
conditional-fit-0099,axis3_code_agentic,134,0.013972581966457807
conditional-fit-0099,axis3_code_agentic,135,5.525387484173298e-06
conditional-fit-0099,axis3_code_agentic,136,0.05718584771395857
conditional-fit-0099,axis3_code_agentic,137,0.00023220938699138475
conditional-fit-0099,axis3_code_agentic,138,3.666123721256167e-06
conditional-fit-0099,axis3_code_agentic,139,2.1787033737489568e-05
conditional-fit-0099,axis3_code_agentic,140,0.031462199189047926
conditional-fit-0099,axis3_code_agentic,141,1.1536661773068018e-06
conditional-fit-0099,axis3_code_agentic,142,0.005442320222373507
conditional-fit-0099,axis3_code_agentic,143,0.011038193370603789
conditional-fit-0099,axis3_code_agentic,144,1.722380563861323e-05
conditional-fit-0099,axis3_code_agentic,145,0.03330164462829714
conditional-fit-0099,axis3_code_agentic,146,0.019468306621382214
conditional-fit-0099,axis3_code_agentic,147,0.0167405796038149
conditional-fit-0099,axis3_code_agentic,148,0.002274836148608369
conditional-fit-0099,axis3_code_agentic,149,0.006893455791139395
conditional-fit-0099,axis3_code_agentic,150,0.0016902468099748722
conditional-fit-0099,axis3_code_agentic,151,0.014569117644491668
conditional-fit-0099,axis3_code_agentic,152,0.0007736968611531154
conditional-fit-0099,axis3_code_agentic,153,0.007391299910587044
conditional-fit-0099,axis3_code_agentic,154,0.00031767537897539014
conditional-fit-0099,axis3_code_agentic,155,2.132700638685698e-05
conditional-fit-0099,axis3_code_agentic,156,0.02840780885617066
conditional-fit-0099,axis3_code_agentic,157,0.0009709480943168487
conditional-fit-0099,axis3_code_agentic,158,0.037565290383282476
conditional-fit-0099,axis3_code_agentic,159,0.0001605171851352358
conditional-fit-0099,axis3_code_agentic,160,0.024252273256913544
conditional-fit-0099,axis3_code_agentic,161,0.0008479227012505899
conditional-fit-0099,axis3_code_agentic,162,0.010473256668002286
conditional-fit-0099,axis3_code_agentic,163,0.002390722956018845
conditional-fit-0099,axis3_code_agentic,164,0.02105206981998059
conditional-fit-0099,axis3_code_agentic,165,0.028792069154736314
conditional-fit-0099,axis3_code_agentic,166,0.013107555554384785
conditional-fit-0099,axis3_code_agentic,167,1.9066678386151568e-05
conditional-fit-0099,axis3_code_agentic,168,0.007122551910487233
conditional-fit-0099,axis3_code_agentic,169,1.0387319251072485e-06
conditional-fit-0099,axis3_code_agentic,170,0.00010091298220065567
conditional-fit-0099,axis3_code_agentic,171,0.00023072637155393492
conditional-fit-0099,axis3_code_agentic,172,1.8877691557794136e-05
conditional-fit-0099,axis3_code_agentic,173,0.0001574453506120239
conditional-fit-0099,axis3_code_agentic,174,0.011416211623843972
conditional-fit-0099,axis3_code_agentic,175,9.600211871360398e-05
conditional-fit-0099,axis3_code_agentic,176,0.013119508971116179
conditional-fit-0099,axis3_code_agentic,177,0.001168039196026259
conditional-fit-0099,axis3_code_agentic,178,0.01039942414075553
conditional-fit-0099,axis3_code_agentic,179,0.007794189430440723
conditional-fit-0099,axis3_code_agentic,180,0.003525477335965383
conditional-fit-0099,axis3_code_agentic,181,0.006347150793185974
conditional-fit-0099,axis3_code_agentic,182,0.032332249306983085
conditional-fit-0099,axis3_code_agentic,183,0.0035219701591285707
conditional-fit-0099,axis3_code_agentic,184,0.001716070755920902
conditional-fit-0099,axis3_code_agentic,185,3.170433710844039e-06
conditional-fit-0099,axis3_code_agentic,186,0.015481562630794067
conditional-fit-0099,axis3_code_agentic,187,0.006184595921580209
conditional-fit-0099,axis3_code_agentic,188,0.00025677004319606036
conditional-fit-0099,axis3_code_agentic,189,9.983726259458431e-06
conditional-fit-0099,axis3_code_agentic,190,0.010410662947942293
conditional-fit-0099,axis3_code_agentic,191,0.00024209647184700382
conditional-fit-0099,axis3_code_agentic,192,0.0018879042971443397
conditional-fit-0099,axis3_code_agentic,193,4.067339794363515e-05
conditional-fit-0099,axis3_code_agentic,194,0.0009503897038237229
conditional-fit-0099,axis3_code_agentic,195,2.9027401047938545e-06
conditional-fit-0099,axis3_code_agentic,196,5.850773512005394e-05
conditional-fit-0099,axis3_code_agentic,197,0.0005317757177175846
conditional-fit-0099,axis3_code_agentic,198,2.4967188100495927e-05
conditional-fit-0099,axis3_code_agentic,199,2.9398830342880735e-05
conditional-fit-0099,axis3_code_agentic,200,0.034449594273458686
conditional-fit-0099,axis3_code_agentic,201,4.0885807338309575e-06
conditional-fit-0099,axis3_code_agentic,202,0.04653774469502663
conditional-fit-0099,axis3_code_agentic,203,1.0441200498597709e-05
conditional-fit-0099,axis3_code_agentic,204,0.023868022058254
conditional-fit-0099,axis3_code_agentic,205,0.002268677134106749
conditional-fit-0099,axis3_code_agentic,206,0.046039269870713884
conditional-fit-0099,axis3_code_agentic,207,0.021136760396577706
conditional-fit-0099,axis3_code_agentic,208,0.004860084072882309
conditional-fit-0099,axis3_code_agentic,209,0.020631524127190784
conditional-fit-0099,axis3_code_agentic,210,0.021048900640148704
conditional-fit-0099,axis3_code_agentic,211,0.013508522493784026
conditional-fit-0099,axis3_code_agentic,212,0.013549350751551052
conditional-fit-0099,axis3_code_agentic,213,0.019252067708571456
conditional-fit-0099,axis3_code_agentic,214,0.004427963839754873
conditional-fit-0099,axis3_code_agentic,215,0.003988301770639555
conditional-fit-0099,axis3_code_agentic,216,0.01752056088167387
conditional-fit-0099,axis3_code_agentic,217,0.00358400743730029
conditional-fit-0099,axis3_code_agentic,218,0.09639369650963567
conditional-fit-0099,axis3_code_agentic,219,0.006994140975245151
conditional-fit-0099,axis3_code_agentic,220,0.020860302926986336
conditional-fit-0099,axis3_code_agentic,221,0.0015756218001812348
conditional-fit-0099,axis3_code_agentic,222,7.830494481790413e-06
conditional-fit-0099,axis3_code_agentic,223,0.00012929081318319746
conditional-fit-0099,axis3_code_agentic,224,0.0003570960187496199
conditional-fit-0099,axis3_code_agentic,225,1.2374800557129328e-05
conditional-fit-0099,axis3_code_agentic,226,8.492496492111298e-05
conditional-fit-0099,axis3_code_agentic,227,0.03974907739300312
conditional-fit-0099,axis3_code_agentic,228,0.001005990673170243
conditional-fit-0099,axis3_code_agentic,229,0.0005072476475909403
conditional-fit-0099,axis3_code_agentic,230,0.024352432320817907
conditional-fit-0099,axis3_code_agentic,231,3.855525235209252e-06
conditional-fit-0099,axis3_code_agentic,232,0.028838195625855184
conditional-fit-0099,axis3_code_agentic,233,0.003456327116923341
conditional-fit-0099,axis3_code_agentic,234,0.02848743481608222
conditional-fit-0099,axis3_code_agentic,235,0.0037908255653423834
conditional-fit-0099,axis3_code_agentic,236,0.011009830518570605
conditional-fit-0099,axis3_code_agentic,237,0.035067160341930186
conditional-fit-0099,axis3_code_agentic,238,0.08542128265339742
conditional-fit-0099,axis3_code_agentic,239,0.06053488482819918
conditional-fit-0099,axis3_code_agentic,240,0.009451518009979579
conditional-fit-0099,axis3_code_agentic,241,0.07787775122895674
conditional-fit-0099,axis3_code_agentic,242,0.04807430319585737
conditional-fit-0099,axis3_code_agentic,243,0.01723613974735301
conditional-fit-0099,axis3_code_agentic,244,0.0004286994098255284
conditional-fit-0099,axis3_code_agentic,245,0.018239833660548627
conditional-fit-0099,axis3_code_agentic,246,0.009231500566274413
conditional-fit-0099,axis3_code_agentic,247,0.004590048511190998
conditional-fit-0099,axis3_code_agentic,248,5.186163419032806e-07
conditional-fit-0099,axis3_code_agentic,249,0.00022100060312641855
conditional-fit-0099,axis3_code_agentic,250,0.00019250738544966052
conditional-fit-0099,axis3_code_agentic,251,7.697401249005414e-06
conditional-fit-0099,axis3_code_agentic,252,2.324073203161576e-05
conditional-fit-0099,axis3_code_agentic,253,0.04515726279627279
conditional-fit-0099,axis3_code_agentic,254,0.0015812339500999384
conditional-fit-0099,axis3_code_agentic,255,0.05844205190247362
conditional-fit-0099,axis3_code_agentic,256,0.0027264268255142916
conditional-fit-0099,axis3_code_agentic,257,1.8497341269991473e-05
conditional-fit-0099,axis3_code_agentic,258,3.0184961165918328e-05
conditional-fit-0099,axis3_code_agentic,259,0.014231641863675926
conditional-fit-0099,axis3_code_agentic,260,0.04727285927433376
conditional-fit-0099,axis3_code_agentic,261,0.0009728313426649914
conditional-fit-0099,axis3_code_agentic,262,0.007261496306035736
conditional-fit-0099,axis3_code_agentic,263,1.2249664426156205e-05
conditional-fit-0099,axis3_code_agentic,264,0.0012914265477480505
conditional-fit-0099,axis3_code_agentic,265,0.0017764428848268793
conditional-fit-0099,axis3_code_agentic,266,0.00010874386315249502
conditional-fit-0099,axis3_code_agentic,267,6.880982930564004e-05
conditional-fit-0099,axis3_code_agentic,268,0.024294741144753985
conditional-fit-0099,axis3_code_agentic,269,0.05021669844687093
conditional-fit-0099,axis3_code_agentic,270,0.014740807549231648
conditional-fit-0099,axis3_code_agentic,271,0.03441152773334233
conditional-fit-0099,axis3_code_agentic,272,0.013020143328489185
conditional-fit-0099,axis3_code_agentic,273,0.005186074102349792
conditional-fit-0099,axis3_code_agentic,274,1.8884323286665198e-06
conditional-fit-0099,axis3_code_agentic,275,2.2311110369565972e-05
conditional-fit-0099,axis3_code_agentic,276,5.073151396606608e-05
conditional-fit-0099,axis3_code_agentic,277,5.233975015333056e-06
conditional-fit-0099,axis3_code_agentic,278,3.753356372324003e-06
conditional-fit-0099,axis3_code_agentic,279,0.02088282886309204
conditional-fit-0099,axis3_code_agentic,280,0.01363500554529172
conditional-fit-0099,axis3_code_agentic,281,0.0017551247231008163
conditional-fit-0099,axis3_code_agentic,282,7.651024613749825e-06
conditional-fit-0099,axis3_code_agentic,283,1.3988213185894126e-05
conditional-fit-0099,axis3_code_agentic,284,1.925558323082167e-05
conditional-fit-0099,axis3_code_agentic,285,0.01629219492257783
conditional-fit-0099,axis3_code_agentic,286,0.00012573445394025617
conditional-fit-0099,axis3_code_agentic,287,0.0002880695985773402
conditional-fit-0099,axis3_code_agentic,288,4.9522576688854674e-05
conditional-fit-0099,axis3_code_agentic,289,0.0003087910035411242
conditional-fit-0099,axis3_code_agentic,290,2.6148831070894958e-05
conditional-fit-0099,axis3_code_agentic,291,0.007614652352736336
conditional-fit-0099,axis3_code_agentic,292,0.0017170573216413357
conditional-fit-0099,axis3_code_agentic,293,0.0008459004893364165
conditional-fit-0099,axis3_code_agentic,294,0.000250211998270857
conditional-fit-0099,axis3_code_agentic,295,0.002888972047470455
conditional-fit-0099,axis3_code_agentic,296,0.011039351537568486
conditional-fit-0099,axis3_code_agentic,297,0.006908633807003097
conditional-fit-0099,axis3_code_agentic,298,0.0015993663623005278
conditional-fit-0099,axis3_code_agentic,299,0.01612415869500592
conditional-fit-0099,axis3_code_agentic,300,0.0035852421539284696
conditional-fit-0099,axis3_code_agentic,301,6.407676033779869e-07
conditional-fit-0099,axis3_code_agentic,302,0.00019794155599190267
conditional-fit-0099,axis3_code_agentic,303,0.0003432054593271943
conditional-fit-0099,axis3_code_agentic,304,2.8067417307211737e-06
conditional-fit-0099,axis3_code_agentic,305,7.176703572847444e-06
conditional-fit-0099,axis3_code_agentic,306,0.010726627174709187
conditional-fit-0099,axis3_code_agentic,307,0.0001625628689144045
conditional-fit-0099,axis3_code_agentic,308,0.006969072918748549
conditional-fit-0099,axis3_code_agentic,309,2.23080112093587e-05
conditional-fit-0099,axis3_code_agentic,310,0.003652124330845243
conditional-fit-0099,axis3_code_agentic,311,3.180599965297474e-05
conditional-fit-0099,axis3_code_agentic,312,0.015733106592330223
conditional-fit-0099,axis3_code_agentic,313,0.03429682785057628
conditional-fit-0099,axis3_code_agentic,314,0.0011315108179065095
conditional-fit-0099,axis3_code_agentic,315,0.000500899942090861
conditional-fit-0099,axis3_code_agentic,316,0.0025366935650732066
conditional-fit-0099,axis3_code_agentic,317,0.036385199258030035
conditional-fit-0099,axis3_code_agentic,318,0.0037554848483000725
conditional-fit-0099,axis3_code_agentic,319,6.220825077282983e-06
conditional-fit-0099,axis3_code_agentic,320,0.002893703756168497
conditional-fit-0099,axis3_code_agentic,321,0.0013839881665637975
conditional-fit-0099,axis3_code_agentic,322,0.008863515030309075
conditional-fit-0099,axis3_code_agentic,323,0.021973095886257274
conditional-fit-0099,axis3_code_agentic,324,1.1494912919147242e-05
conditional-fit-0099,axis3_code_agentic,325,0.00010088569379227043
conditional-fit-0099,axis3_code_agentic,326,0.022297036917708478
conditional-fit-0099,axis3_code_agentic,327,1.1066492165634407e-05
conditional-fit-0099,axis3_code_agentic,328,2.0364350031137935e-05
conditional-fit-0099,axis3_code_agentic,329,0.017669403028827805
conditional-fit-0099,axis3_code_agentic,330,0.012947426341225234
conditional-fit-0099,axis3_code_agentic,331,0.0001509901755932031
conditional-fit-0099,axis3_code_agentic,332,0.011981278918658253
conditional-fit-0099,axis3_code_agentic,333,0.018207077621402508
conditional-fit-0099,axis3_code_agentic,334,0.011214119361427789
conditional-fit-0099,axis3_code_agentic,335,0.007964507860351877
conditional-fit-0099,axis3_code_agentic,336,4.012580485785373e-05
conditional-fit-0099,axis3_code_agentic,337,0.003917475295561277
conditional-fit-0099,axis3_code_agentic,338,0.0012116600095287413
conditional-fit-0099,axis3_code_agentic,339,0.0012222042348354798
conditional-fit-0099,axis3_code_agentic,340,0.007698903358193829
conditional-fit-0099,axis3_code_agentic,341,0.0009262240746106317
conditional-fit-0099,axis3_code_agentic,342,0.01793332854998437
conditional-fit-0099,axis3_code_agentic,343,0.0001589016956032788
conditional-fit-0099,axis3_code_agentic,344,0.0011319310003787449
conditional-fit-0099,axis3_code_agentic,345,0.002205719899914869
conditional-fit-0099,axis3_code_agentic,346,5.979335176116116e-06
conditional-fit-0099,axis3_code_agentic,347,0.00010105904857624515
conditional-fit-0099,axis3_code_agentic,348,0.012436190276943348
conditional-fit-0099,axis3_code_agentic,349,1.592920900609153e-05
conditional-fit-0099,axis3_code_agentic,350,2.3752891274324105e-05
conditional-fit-0099,axis3_code_agentic,351,0.002751408634669105
conditional-fit-0099,axis3_code_agentic,352,0.013554344397133784
conditional-fit-0099,axis3_code_agentic,353,0.00019301971255080406
conditional-fit-0099,axis3_code_agentic,354,0.03828714022794806
conditional-fit-0099,axis3_code_agentic,355,0.020585220855394687
conditional-fit-0099,axis3_code_agentic,356,0.006528758279584344
conditional-fit-0099,axis3_code_agentic,357,0.008868968201510816
conditional-fit-0099,axis3_code_agentic,358,1.5458218330252725e-05
conditional-fit-0099,axis3_code_agentic,359,2.9099565546288142e-06
conditional-fit-0099,axis3_code_agentic,360,0.005448677205673868
conditional-fit-0099,axis3_code_agentic,361,0.0064717315937163795
conditional-fit-0099,axis3_code_agentic,362,0.007648918463107619
conditional-fit-0099,axis3_code_agentic,363,0.0006960827734518922
conditional-fit-0099,axis3_code_agentic,364,0.0018874019425191555
conditional-fit-0099,axis3_code_agentic,365,0.0022489583778063102
conditional-fit-0099,axis3_code_agentic,366,0.0074499280136278625
conditional-fit-0099,axis3_code_agentic,367,0.005717410081481956
conditional-fit-0099,axis3_code_agentic,368,0.006202590812171048
conditional-fit-0099,axis3_code_agentic,369,0.015961225365910908
conditional-fit-0099,axis3_code_agentic,370,0.005873552451403601
conditional-fit-0099,axis3_code_agentic,371,0.014437708192437764
conditional-fit-0099,axis3_code_agentic,372,0.001607685839369103
conditional-fit-0099,axis3_code_agentic,373,7.434420554480734e-05
conditional-fit-0099,axis3_code_agentic,374,0.0019055311856785502
conditional-fit-0099,axis3_code_agentic,375,0.018514816901373105
conditional-fit-0099,axis3_code_agentic,376,0.00010278958029951164
conditional-fit-0099,axis3_code_agentic,377,0.00031065880629110816
conditional-fit-0099,axis3_code_agentic,378,0.029148840805503194
conditional-fit-0099,axis3_code_agentic,379,4.754668723738376e-05
conditional-fit-0099,axis3_code_agentic,380,1.5114113101989618e-05
conditional-fit-0099,axis3_code_agentic,381,0.030704835330065836
conditional-fit-0099,axis3_code_agentic,382,0.0012611483590324664
conditional-fit-0099,axis3_code_agentic,383,3.404798846035674e-05
conditional-fit-0099,axis3_code_agentic,384,0.021774227192067216
conditional-fit-0099,axis3_code_agentic,385,0.01309953491238193
conditional-fit-0099,axis3_code_agentic,386,0.014678504188729558
conditional-fit-0099,axis3_code_agentic,387,0.07780903084926011
conditional-fit-0099,axis3_code_agentic,388,0.006564424332269097
conditional-fit-0099,axis3_code_agentic,389,0.005356055419286961
conditional-fit-0099,axis3_code_agentic,390,0.009279463294592113
conditional-fit-0099,axis3_code_agentic,391,0.005061524711812801
conditional-fit-0099,axis3_code_agentic,392,0.0005047248505686977
conditional-fit-0099,axis3_code_agentic,393,0.002390895540746823
conditional-fit-0099,axis3_code_agentic,394,0.0028361004707138406
conditional-fit-0099,axis3_code_agentic,395,0.0007846080874335092
conditional-fit-0099,axis3_code_agentic,396,0.0032963723284254887
conditional-fit-0099,axis3_code_agentic,397,0.005770756129733615
conditional-fit-0099,axis3_code_agentic,398,9.637348711172514e-05
conditional-fit-0099,axis3_code_agentic,399,0.0026842827157608816
conditional-fit-0099,axis3_code_agentic,400,2.1493390883124024e-05
conditional-fit-0099,axis3_code_agentic,401,0.01217486947955793
conditional-fit-0099,axis3_code_agentic,402,0.0006449747113006385
conditional-fit-0099,axis3_code_agentic,403,0.0004048663218904952
conditional-fit-0099,axis3_code_agentic,404,0.02797399915077224
conditional-fit-0099,axis3_code_agentic,405,0.004119036369776497
conditional-fit-0099,axis3_code_agentic,406,0.006820156953488357
conditional-fit-0099,axis3_code_agentic,407,0.009996465571562002
conditional-fit-0099,axis3_code_agentic,408,0.011275914840180486
conditional-fit-0099,axis3_code_agentic,409,0.00010931614580815595
conditional-fit-0099,axis3_code_agentic,410,0.001479690680829439
conditional-fit-0099,axis3_code_agentic,411,0.005390639921836637
conditional-fit-0099,axis3_code_agentic,412,0.0076344528931496574
conditional-fit-0099,axis3_code_agentic,413,0.01733286781613439
conditional-fit-0099,axis3_code_agentic,414,0.006715541269001173
conditional-fit-0099,axis3_code_agentic,415,4.424681048230974e-06
conditional-fit-0099,axis3_code_agentic,416,0.01132069008100952
conditional-fit-0099,axis3_code_agentic,417,0.00019597432575368327
conditional-fit-0099,axis3_code_agentic,418,1.6769580272975075e-05
conditional-fit-0099,axis3_code_agentic,419,0.0012863467317445036
conditional-fit-0099,axis3_code_agentic,420,0.015984314000277975
conditional-fit-0099,axis3_code_agentic,421,0.007714652463573304
conditional-fit-0099,axis3_code_agentic,422,2.4613783133126642e-05
conditional-fit-0099,axis3_code_agentic,423,0.0027381351192127716
conditional-fit-0099,axis3_code_agentic,424,0.015854706212372092
conditional-fit-0099,axis3_code_agentic,425,0.0002809748416271007
conditional-fit-0099,axis3_code_agentic,426,0.010048577803608964
conditional-fit-0099,axis3_code_agentic,427,0.03316420314350864
conditional-fit-0099,axis3_code_agentic,428,0.038933607574714424
conditional-fit-0099,axis3_code_agentic,429,0.00035541406465360866
conditional-fit-0099,axis3_code_agentic,430,0.0020294116695933665
conditional-fit-0099,axis3_code_agentic,431,1.0972174189254478e-05
conditional-fit-0099,axis3_code_agentic,432,7.797529892105292e-05
conditional-fit-0099,axis3_code_agentic,433,0.0015529216748169019
conditional-fit-0099,axis3_code_agentic,434,0.00023651418892097834
conditional-fit-0099,axis3_code_agentic,435,3.1950291903255454e-06
conditional-fit-0099,axis3_code_agentic,436,8.097213461237932e-06
conditional-fit-0099,axis3_code_agentic,437,7.494781684476766e-05
conditional-fit-0099,axis3_code_agentic,438,0.01689964292685985
conditional-fit-0099,axis3_code_agentic,439,0.14681292374533098
conditional-fit-0099,axis3_code_agentic,440,0.005963641108198367
conditional-fit-0099,axis3_code_agentic,441,0.03306963111379993
conditional-fit-0099,axis3_code_agentic,442,0.0010064013752911095
conditional-fit-0099,axis3_code_agentic,443,0.015459060133060629
conditional-fit-0099,axis3_code_agentic,444,0.015808132026929253
conditional-fit-0099,axis3_code_agentic,445,0.028906624659725058
conditional-fit-0099,axis3_code_agentic,446,0.035724274940956854
conditional-fit-0099,axis3_code_agentic,447,0.022994919300523144
conditional-fit-0099,axis3_code_agentic,448,0.01738881908668917
conditional-fit-0099,axis3_code_agentic,449,0.00037175470834448
conditional-fit-0099,axis3_code_agentic,450,0.004556212649907415
conditional-fit-0099,axis3_code_agentic,451,2.626412888726968e-05
conditional-fit-0099,axis3_code_agentic,452,0.019444753331463664
conditional-fit-0099,axis3_code_agentic,453,0.04944132227338884
conditional-fit-0099,axis3_code_agentic,454,0.012825852008310643
conditional-fit-0099,axis3_code_agentic,455,0.0057101897455622795
conditional-fit-0099,axis3_code_agentic,456,0.0025338507575348385
conditional-fit-0099,axis3_code_agentic,457,0.0014092321070538353
conditional-fit-0099,axis3_code_agentic,458,0.008295506732315529
conditional-fit-0099,axis3_code_agentic,459,0.000967949519285786
conditional-fit-0099,axis3_code_agentic,460,0.0032358056207589282
conditional-fit-0099,axis3_code_agentic,461,0.0021282318375388104
conditional-fit-0099,axis3_code_agentic,462,0.003602608217711489
conditional-fit-0099,axis3_code_agentic,463,0.014867874801878067
conditional-fit-0099,axis3_code_agentic,464,0.0005972723036729725
conditional-fit-0099,axis3_code_agentic,465,0.00018425492580887755
conditional-fit-0099,axis3_code_agentic,466,1.2463217699095168e-05
conditional-fit-0099,axis3_code_agentic,467,3.713978913792012e-05
conditional-fit-0099,axis3_code_agentic,468,0.0004608115098162875
conditional-fit-0099,axis3_code_agentic,469,0.00035011256536090856
conditional-fit-0099,axis3_code_agentic,470,7.31584731553873e-05
conditional-fit-0099,axis3_code_agentic,471,3.894233415022185e-06
conditional-fit-0099,axis3_code_agentic,472,3.888043250967052e-06
conditional-fit-0099,axis3_code_agentic,473,0.0054353934973887606
conditional-fit-0099,axis3_code_agentic,474,0.026124830664683754
conditional-fit-0099,axis3_code_agentic,475,0.00010788827500955183
conditional-fit-0099,axis3_code_agentic,476,0.0006267056566556366
conditional-fit-0099,axis3_code_agentic,477,0.00164181868957178
conditional-fit-0099,axis3_code_agentic,478,0.0005465936142449713
conditional-fit-0099,axis3_code_agentic,479,5.067112747338417e-05
conditional-fit-0099,axis3_code_agentic,480,0.007636890694303004
conditional-fit-0099,axis3_code_agentic,481,0.003283469317415688
conditional-fit-0099,axis3_code_agentic,482,0.0019236351744293416
conditional-fit-0099,axis3_code_agentic,483,0.00369554537574749
conditional-fit-0099,axis3_code_agentic,484,0.003911306670184059
conditional-fit-0099,axis3_code_agentic,485,0.005602608253877782
conditional-fit-0099,axis3_code_agentic,486,0.01967118254794566
conditional-fit-0099,axis3_code_agentic,487,0.034445536472994524
conditional-fit-0099,axis3_code_agentic,488,0.000376539175111164
conditional-fit-0099,axis3_code_agentic,489,0.00459233425351765
conditional-fit-0099,axis3_code_agentic,490,0.00896833355823784
conditional-fit-0099,axis3_code_agentic,491,0.03123280714265313
conditional-fit-0099,axis3_code_agentic,492,0.013958618215049998
conditional-fit-0099,axis3_code_agentic,493,0.008266841374792252
conditional-fit-0099,axis3_code_agentic,494,0.0022629703753459032
conditional-fit-0099,axis3_code_agentic,495,0.00451492950907206
conditional-fit-0099,axis3_code_agentic,496,0.0003066263810865635
conditional-fit-0099,axis3_code_agentic,497,0.007722585342135758
conditional-fit-0099,axis3_code_agentic,498,0.026669512696746375
conditional-fit-0099,axis3_code_agentic,499,0.00013657891494121903
conditional-fit-0099,axis3_code_agentic,500,5.3375532519747275e-05
conditional-fit-0099,axis3_code_agentic,501,0.016394020498041104
conditional-fit-0099,axis3_code_agentic,502,0.022371866236116898
conditional-fit-0099,axis3_code_agentic,503,0.004424427869953658
conditional-fit-0099,axis3_code_agentic,504,0.005699954506690086
conditional-fit-0099,axis3_code_agentic,505,0.011207710146367095
conditional-fit-0099,axis3_code_agentic,506,0.0035232037807524912
conditional-fit-0099,axis3_code_agentic,507,0.0002089346531855326
conditional-fit-0099,axis3_code_agentic,508,0.0142467112357203
conditional-fit-0099,axis3_code_agentic,509,0.00198850677719882
conditional-fit-0099,axis3_code_agentic,510,0.0007263700067350029
conditional-fit-0099,axis3_code_agentic,511,2.1268226682086737e-05
conditional-fit-0099,axis3_code_agentic,512,9.457599754332677e-05
conditional-fit-0099,axis3_code_agentic,513,0.036835237153911106
conditional-fit-0099,axis3_code_agentic,514,0.02858465498248644
conditional-fit-0099,axis3_code_agentic,515,0.003816163945479286
conditional-fit-0099,axis3_code_agentic,516,0.00011145630713730316
conditional-fit-0099,axis3_code_agentic,517,3.102696212645794e-06
conditional-fit-0099,axis3_code_agentic,518,0.0002688717365201456
conditional-fit-0099,axis3_code_agentic,519,0.0019480340203457472
conditional-fit-0099,axis3_code_agentic,520,8.47434319530768e-07
conditional-fit-0099,axis3_code_agentic,521,0.005249228214102309
conditional-fit-0099,axis3_code_agentic,522,0.001823338092748701
conditional-fit-0099,axis3_code_agentic,523,6.041826918969297e-06
conditional-fit-0099,axis3_code_agentic,524,4.4812592345932847e-05
conditional-fit-0099,axis3_code_agentic,525,0.0007429267684775133
conditional-fit-0099,axis3_code_agentic,526,3.907129244119162e-06
conditional-fit-0099,axis3_code_agentic,527,0.009907871263013554
conditional-fit-0099,axis3_code_agentic,528,2.5217848063502655e-05
conditional-fit-0099,axis3_code_agentic,529,1.4437123405695463e-05
conditional-fit-0099,axis3_code_agentic,530,0.0033526065665062717
conditional-fit-0099,axis3_code_agentic,531,0.025667864442490435
conditional-fit-0099,axis3_code_agentic,532,0.01811784300227203
conditional-fit-0099,axis3_code_agentic,533,0.007341388544318223
conditional-fit-0099,axis3_code_agentic,534,0.0003513425698864134
conditional-fit-0099,axis3_code_agentic,535,0.029567502380666126
conditional-fit-0099,axis3_code_agentic,536,0.0038404164765232537
conditional-fit-0099,axis3_code_agentic,537,0.0003724701046841654
conditional-fit-0099,axis3_code_agentic,538,0.0010284169291240007
conditional-fit-0099,axis3_code_agentic,539,0.0019231348944348447
conditional-fit-0099,axis3_code_agentic,540,7.060540730718034e-05
conditional-fit-0099,axis3_code_agentic,541,1.2429452485018359e-05
conditional-fit-0099,axis3_code_agentic,542,5.238800010890956e-05
conditional-fit-0099,axis3_code_agentic,543,0.001018004228169266
conditional-fit-0099,axis3_code_agentic,544,8.673109349770463e-05
conditional-fit-0099,axis3_code_agentic,545,5.6277631230306825e-05
conditional-fit-0099,axis3_code_agentic,546,0.0004003584086801192
conditional-fit-0099,axis3_code_agentic,547,0.01844320775978884
conditional-fit-0099,axis3_code_agentic,548,0.013700389790724856
conditional-fit-0099,axis3_code_agentic,549,0.0007924293264904101
conditional-fit-0099,axis3_code_agentic,550,0.01880024031474893
conditional-fit-0099,axis3_code_agentic,551,1.3810424818603958e-05
conditional-fit-0099,axis3_code_agentic,552,0.005353277781103759
conditional-fit-0099,axis3_code_agentic,553,0.006217482922080528
conditional-fit-0099,axis3_code_agentic,554,0.009877616529314886
conditional-fit-0099,axis3_code_agentic,555,0.0001464816008239902
conditional-fit-0099,axis3_code_agentic,556,4.668322211695059e-05
conditional-fit-0099,axis3_code_agentic,557,0.002490430871646857
conditional-fit-0099,axis3_code_agentic,558,0.027191542146237528
conditional-fit-0099,axis3_code_agentic,559,0.023433279167557552
conditional-fit-0099,axis3_code_agentic,560,2.5566071469404355e-07
conditional-fit-0099,axis3_code_agentic,561,0.0014985533996077953
conditional-fit-0099,axis3_code_agentic,562,0.0002629486951142284
conditional-fit-0099,axis3_code_agentic,563,1.5745299731123256e-06
conditional-fit-0099,axis3_code_agentic,564,2.4442241241598047e-06
conditional-fit-0099,axis3_code_agentic,565,0.015383411670491023
conditional-fit-0099,axis3_code_agentic,566,5.61792773831002e-06
conditional-fit-0099,axis3_code_agentic,567,0.019645424896817684
conditional-fit-0099,axis3_code_agentic,568,3.164320042884126e-05
conditional-fit-0099,axis3_code_agentic,569,0.0020157535875049435
conditional-fit-0099,axis3_code_agentic,570,8.442492484805957e-06
conditional-fit-0099,axis3_code_agentic,571,5.226286919753895e-06
conditional-fit-0099,axis3_code_agentic,572,0.007821190637842314
conditional-fit-0099,axis3_code_agentic,573,0.011041888391902316
conditional-fit-0099,axis3_code_agentic,574,0.005490712635558184
conditional-fit-0099,axis3_code_agentic,575,0.0003260719337223484
conditional-fit-0099,axis3_code_agentic,576,0.0017566789611932442
conditional-fit-0099,axis3_code_agentic,577,0.013138195219015476
conditional-fit-0099,axis3_code_agentic,578,5.9411628294639335e-05
conditional-fit-0099,axis3_code_agentic,579,0.0024304983379746566
conditional-fit-0099,axis3_code_agentic,580,0.006859817484565035
conditional-fit-0099,axis3_code_agentic,581,0.008979197151857386
conditional-fit-0099,axis3_code_agentic,582,0.0013923108240351634
conditional-fit-0099,axis3_code_agentic,583,0.0032880001097082903
conditional-fit-0099,axis3_code_agentic,584,0.0034795433472086554
conditional-fit-0099,axis3_code_agentic,585,0.0004936420719353065
conditional-fit-0099,axis3_code_agentic,586,2.0904336988426728e-05
conditional-fit-0099,axis3_code_agentic,587,0.008251381243741605
conditional-fit-0099,axis3_code_agentic,588,0.006169962543495222
conditional-fit-0099,axis3_code_agentic,589,0.00032180561844217625
conditional-fit-0099,axis3_code_agentic,590,6.863712872247573e-06
conditional-fit-0099,axis3_code_agentic,591,4.331544028837729e-06
conditional-fit-0099,axis3_code_agentic,592,7.614603500804853e-07
conditional-fit-0099,axis3_code_agentic,593,9.0144419725292e-05
conditional-fit-0099,axis3_code_agentic,594,5.416712279702127e-05
conditional-fit-0099,axis3_code_agentic,595,0.0010543929135680577
conditional-fit-0099,axis3_code_agentic,596,2.0739263971660504e-07
conditional-fit-0099,axis3_code_agentic,597,0.01109079602073236
conditional-fit-0099,axis3_code_agentic,598,0.0008818469871662866
conditional-fit-0099,axis3_code_agentic,599,1.7338112984249946e-05
conditional-fit-0099,axis3_code_agentic,600,0.0014843551627363432
conditional-fit-0099,axis3_code_agentic,601,0.05767089127112878
conditional-fit-0099,axis3_code_agentic,602,4.512304834711566e-05
conditional-fit-0099,axis3_code_agentic,603,7.480504656497138e-07
conditional-fit-0099,axis3_code_agentic,604,2.1568061904318573e-05
conditional-fit-0099,axis3_code_agentic,605,9.93297831557137e-05
conditional-fit-0099,axis3_code_agentic,606,3.018468586565233e-05
conditional-fit-0099,axis3_code_agentic,607,1.618574524759381e-05
conditional-fit-0099,axis3_code_agentic,608,8.494943702047603e-05
conditional-fit-0099,axis3_code_agentic,609,3.946002329480481e-05
conditional-fit-0099,axis3_code_agentic,610,2.2681433574328047e-05
conditional-fit-0099,axis3_code_agentic,611,0.005426093598083828
conditional-fit-0099,axis3_code_agentic,612,4.099805994018696e-06
conditional-fit-0099,axis3_code_agentic,613,0.010460035768793074
conditional-fit-0099,axis3_code_agentic,614,0.0019336173892787224
conditional-fit-0099,axis3_code_agentic,615,0.013008948559504697
conditional-fit-0099,axis3_code_agentic,616,0.0024980107745398404
conditional-fit-0099,axis3_code_agentic,617,0.005729468702416905
conditional-fit-0099,axis3_code_agentic,618,0.00955567810281429
conditional-fit-0099,axis3_code_agentic,619,0.0011936311751917159
conditional-fit-0099,axis3_code_agentic,620,3.118326722982961e-06
conditional-fit-0099,axis3_code_agentic,621,5.224170442306745e-05
conditional-fit-0099,axis3_code_agentic,622,0.0004679479091217933
conditional-fit-0099,axis3_code_agentic,623,0.017192550096206197
conditional-fit-0099,axis3_code_agentic,624,0.0006192697194626337
conditional-fit-0099,axis3_code_agentic,625,0.005296599009514492
conditional-fit-0099,axis3_code_agentic,626,0.0014771074037230915
conditional-fit-0099,axis3_code_agentic,627,0.008229443215612416
conditional-fit-0099,axis3_code_agentic,628,0.011834325321496114
conditional-fit-0099,axis3_code_agentic,629,0.000606079024283637
conditional-fit-0099,axis3_code_agentic,630,7.951181312738173e-05
conditional-fit-0099,axis3_code_agentic,631,2.567747987972944e-07
conditional-fit-0099,axis3_code_agentic,632,5.0117199576266674e-05
conditional-fit-0099,axis3_code_agentic,633,9.654562747667976e-05
conditional-fit-0099,axis3_code_agentic,634,8.551577063624304e-06
conditional-fit-0099,axis3_code_agentic,635,2.950877584699067e-06
conditional-fit-0099,axis3_code_agentic,636,0.015581325880724535
conditional-fit-0099,axis3_code_agentic,637,0.024531637563780587
conditional-fit-0099,axis3_code_agentic,638,0.0006173989142300427
conditional-fit-0099,axis3_code_agentic,639,0.003704148504382069
conditional-fit-0099,axis3_code_agentic,640,4.545648065880217e-06
conditional-fit-0099,axis3_code_agentic,641,0.0004422875866548573
conditional-fit-0099,axis3_code_agentic,642,0.007694018526830855
conditional-fit-0099,axis3_code_agentic,643,9.281513435918894e-06
conditional-fit-0099,axis3_code_agentic,644,0.006390533282984478
conditional-fit-0099,axis3_code_agentic,645,2.0470733582346887e-06
conditional-fit-0099,axis3_code_agentic,646,0.00015715009123958468
conditional-fit-0099,axis3_code_agentic,647,0.006220544595519819
conditional-fit-0099,axis3_code_agentic,648,0.0031261878278125224
conditional-fit-0099,axis3_code_agentic,649,0.005484354207511782
conditional-fit-0099,axis3_code_agentic,650,0.008104486816187265
conditional-fit-0099,axis3_code_agentic,651,0.000923457101936693
conditional-fit-0099,axis3_code_agentic,652,0.018127380428193056
conditional-fit-0099,axis3_code_agentic,653,0.017697790308406236
conditional-fit-0099,axis3_code_agentic,654,3.977369600331361e-06
conditional-fit-0099,axis3_code_agentic,655,1.9339151944138904e-05
conditional-fit-0099,axis3_code_agentic,656,0.00041275983618740616
conditional-fit-0099,axis3_code_agentic,657,0.048291665098851064
conditional-fit-0099,axis3_code_agentic,658,2.88515653015375e-05
conditional-fit-0099,axis3_code_agentic,659,1.0523427832438075e-07
conditional-fit-0099,axis3_code_agentic,660,1.7557710092694295e-05
conditional-fit-0099,axis3_code_agentic,661,4.278412255806323e-05
conditional-fit-0099,axis3_code_agentic,662,7.092769118571808e-06
conditional-fit-0099,axis3_code_agentic,663,6.426438037900929e-06
conditional-fit-0099,axis3_code_agentic,664,0.04524687772349116
conditional-fit-0099,axis3_code_agentic,665,0.004607714210749366
conditional-fit-0099,axis3_code_agentic,666,0.002923096117126022
conditional-fit-0099,axis3_code_agentic,667,0.024239522777262632
conditional-fit-0099,axis3_code_agentic,668,0.03217333090378294
conditional-fit-0099,axis3_code_agentic,669,6.00405685143401e-05
conditional-fit-0099,axis3_code_agentic,670,0.029009450767970246
conditional-fit-0099,axis3_code_agentic,671,0.005489923275379995
conditional-fit-0099,axis3_code_agentic,672,0.01062409914037301
conditional-fit-0099,axis3_code_agentic,673,0.020249700973128275
conditional-fit-0099,axis3_code_agentic,674,0.003991429227758908
conditional-fit-0099,axis3_code_agentic,675,4.5367490425824396e-05
conditional-fit-0099,axis3_code_agentic,676,5.10248261917443e-06
conditional-fit-0099,axis3_code_agentic,677,0.021522669680975378
conditional-fit-0099,axis3_code_agentic,678,0.006275842379122841
conditional-fit-0099,axis3_code_agentic,679,0.0023175888299156308
conditional-fit-0099,axis3_code_agentic,680,0.002707194175771073
conditional-fit-0099,axis3_code_agentic,681,0.00413548485038541
conditional-fit-0099,axis3_code_agentic,682,0.00028380403151015285
conditional-fit-0099,axis3_code_agentic,683,0.03940321693446083
conditional-fit-0099,axis3_code_agentic,684,0.0061826183143273376
conditional-fit-0099,axis3_code_agentic,685,3.50206109310225e-05
conditional-fit-0099,axis3_code_agentic,686,7.359273151356848e-05
conditional-fit-0099,axis3_code_agentic,687,3.146531254389094e-05
conditional-fit-0099,axis3_code_agentic,688,9.326455813826734e-08
conditional-fit-0099,axis3_code_agentic,689,9.51887806380079e-06
conditional-fit-0099,axis3_code_agentic,690,2.3325116419754707e-05
conditional-fit-0099,axis3_code_agentic,691,7.769924292392188e-06
conditional-fit-0099,axis3_code_agentic,692,1.0814288236834017e-05
conditional-fit-0099,axis3_code_agentic,693,0.011982899706298258
conditional-fit-0099,axis3_code_agentic,694,7.26084191070643e-05
conditional-fit-0099,axis3_code_agentic,695,0.00041230618249388196
conditional-fit-0099,axis3_code_agentic,696,3.1838817513438864e-05
conditional-fit-0099,axis3_code_agentic,697,0.015338832057618256
conditional-fit-0099,axis3_code_agentic,698,0.0002668492939881204
conditional-fit-0099,axis3_code_agentic,699,0.0014128023852899188
conditional-fit-0099,axis3_code_agentic,700,0.00025689147989886975
conditional-fit-0099,axis3_code_agentic,701,0.00019048195539263972
conditional-fit-0099,axis3_code_agentic,702,0.00013202256228743819
conditional-fit-0099,axis3_code_agentic,703,0.010418369516276768
conditional-fit-0099,axis3_code_agentic,704,0.0016324479244469974
conditional-fit-0099,axis3_code_agentic,705,0.0019311384795813672
conditional-fit-0099,axis3_code_agentic,706,0.006023279536331959
conditional-fit-0099,axis3_code_agentic,707,0.027804911181440763
conditional-fit-0099,axis3_code_agentic,708,0.0015458773742316953
conditional-fit-0099,axis3_code_agentic,709,0.0017032924996387214
conditional-fit-0099,axis3_code_agentic,710,0.020464534294941553
conditional-fit-0099,axis3_code_agentic,711,0.014399170648906761
conditional-fit-0099,axis3_code_agentic,712,0.017772496330347498
conditional-fit-0099,axis3_code_agentic,713,0.004528844941336442
conditional-fit-0099,axis3_code_agentic,714,0.004913998671214097
conditional-fit-0099,axis3_code_agentic,715,0.013899170759852742
conditional-fit-0099,axis3_code_agentic,716,5.243776063842032e-05
conditional-fit-0099,axis3_code_agentic,717,1.1962721190285447e-05
conditional-fit-0099,axis3_code_agentic,718,7.921579195938307e-07
conditional-fit-0099,axis3_code_agentic,719,7.815123100467039e-06
conditional-fit-0099,axis3_code_agentic,720,1.6135089805277764e-05
conditional-fit-0099,axis3_code_agentic,721,0.0007436890583305041
conditional-fit-0099,axis3_code_agentic,722,0.00020585879377412147
conditional-fit-0099,axis3_code_agentic,723,0.01022511027384343
conditional-fit-0099,axis3_code_agentic,724,3.526023127457444e-05
conditional-fit-0099,axis3_code_agentic,725,5.010770216257541e-06
conditional-fit-0099,axis3_code_agentic,726,1.2904454583762831e-05
conditional-fit-0099,axis3_code_agentic,727,1.2266214970686506e-07
conditional-fit-0099,axis3_code_agentic,728,2.862358581451649e-05
conditional-fit-0099,axis3_code_agentic,729,0.0005290058679761837
conditional-fit-0099,axis3_code_agentic,730,1.9449330894285575e-06
conditional-fit-0099,axis3_code_agentic,731,1.1701637056647919e-06
conditional-fit-0099,axis3_code_agentic,732,0.016789665039694226
conditional-fit-0099,axis3_code_agentic,733,0.0013810996150817982
conditional-fit-0099,axis3_code_agentic,734,0.005308622154865685
conditional-fit-0099,axis3_code_agentic,735,5.337289003740296e-05
conditional-fit-0099,axis3_code_agentic,736,0.02282752294539988
conditional-fit-0099,axis3_code_agentic,737,0.00797742399669914
conditional-fit-0099,axis3_code_agentic,738,0.00010886486459858743
conditional-fit-0099,axis3_code_agentic,739,0.00469104380237511
conditional-fit-0099,axis3_code_agentic,740,1.2289695861623796e-05
conditional-fit-0099,axis3_code_agentic,741,0.0034565447121425834
conditional-fit-0099,axis3_code_agentic,742,4.9035384873149613e-05
conditional-fit-0099,axis3_code_agentic,743,0.001754761549340107
conditional-fit-0099,axis3_code_agentic,744,0.003432266914502216
conditional-fit-0099,axis3_code_agentic,745,0.00046422603258169573
conditional-fit-0099,axis3_code_agentic,746,0.0012867641241670644
conditional-fit-0099,axis3_code_agentic,747,0.00011980048350061584
conditional-fit-0099,axis3_code_agentic,748,0.0014019938853944043
conditional-fit-0099,axis3_code_agentic,749,0.02762750532847077
conditional-fit-0099,axis3_code_agentic,750,0.029797555915604068
conditional-fit-0099,axis3_code_agentic,751,0.0007942264275961695
conditional-fit-0099,axis3_code_agentic,752,0.0034331391509626703
conditional-fit-0099,axis3_code_agentic,753,0.004456242862462008
conditional-fit-0099,axis3_code_agentic,754,1.742841713388703e-05
conditional-fit-0099,axis3_code_agentic,755,0.00039422850530348216
conditional-fit-0099,axis3_code_agentic,756,0.013029509055891786
conditional-fit-0099,axis3_code_agentic,757,0.00854906740789723
conditional-fit-0099,axis3_code_agentic,758,0.0022284843445575723
conditional-fit-0099,axis3_code_agentic,759,2.76894421466353e-05
conditional-fit-0099,axis3_code_agentic,760,0.00915501261065714
conditional-fit-0099,axis3_code_agentic,761,0.000706297124820067
conditional-fit-0099,axis3_code_agentic,762,0.0025252252669057985
conditional-fit-0099,axis3_code_agentic,763,0.0031175031116106536
conditional-fit-0099,axis3_code_agentic,764,7.563308589988954e-07
conditional-fit-0099,axis3_code_agentic,765,7.579466973747163e-06
conditional-fit-0099,axis3_code_agentic,766,5.066232594787827e-05
conditional-fit-0099,axis3_code_agentic,767,5.9922351501048125e-06
conditional-fit-0099,axis3_code_agentic,768,9.683358613880043e-07
conditional-fit-0099,axis3_code_agentic,769,0.0019848488118975934
conditional-fit-0099,axis3_code_agentic,770,1.2514460076071728e-05
conditional-fit-0099,axis3_code_agentic,771,0.0013325860612484128
conditional-fit-0099,axis3_code_agentic,772,0.001164547373734749
conditional-fit-0099,axis3_code_agentic,773,0.00013544180926055232
conditional-fit-0099,axis3_code_agentic,774,0.0025818750784361924
conditional-fit-0099,axis3_code_agentic,775,1.2697641517244495e-05
conditional-fit-0099,axis3_code_agentic,776,0.0027066613565257056
conditional-fit-0099,axis3_code_agentic,777,0.0006943284981280246
conditional-fit-0099,axis3_code_agentic,778,9.624449440087505e-05
conditional-fit-0099,axis3_code_agentic,779,3.999216596620773e-06
conditional-fit-0099,axis3_code_agentic,780,0.0055524468836263274
conditional-fit-0099,axis3_code_agentic,781,6.0052459942490886e-05
conditional-fit-0099,axis3_code_agentic,782,4.515735578524207e-05
conditional-fit-0099,axis3_code_agentic,783,1.7354106405649442e-05
conditional-fit-0099,axis3_code_agentic,784,0.0020502810264768955
conditional-fit-0099,axis3_code_agentic,785,3.9836698443348014e-05
conditional-fit-0099,axis3_code_agentic,786,0.0033734032329021876
conditional-fit-0099,axis3_code_agentic,787,0.0001921924014821804
conditional-fit-0099,axis3_code_agentic,788,0.00032763425171219345
conditional-fit-0099,axis3_code_agentic,789,0.0008112809602314468
conditional-fit-0099,axis3_code_agentic,790,0.003599887470441678
conditional-fit-0099,axis3_code_agentic,791,0.013120301431691298
conditional-fit-0099,axis3_code_agentic,792,0.0013392132043516182
conditional-fit-0099,axis3_code_agentic,793,9.721279264174347e-06
conditional-fit-0099,axis3_code_agentic,794,0.008684322973727182
conditional-fit-0099,axis3_code_agentic,795,4.028160565805116e-06
conditional-fit-0099,axis3_code_agentic,796,0.0015866760607330492
conditional-fit-0099,axis3_code_agentic,797,4.510757092587476e-05
conditional-fit-0099,axis3_code_agentic,798,9.690418749618703e-05
conditional-fit-0099,axis3_code_agentic,799,7.693143206394716e-07
conditional-fit-0099,axis3_code_agentic,800,3.4925575519960715e-06
conditional-fit-0099,axis3_code_agentic,801,4.712774737032174e-05
conditional-fit-0099,axis3_code_agentic,802,3.6555719264531938e-06
conditional-fit-0099,axis3_code_agentic,803,1.2079144592414712e-06
conditional-fit-0099,axis3_code_agentic,804,0.01925428986178372
conditional-fit-0099,axis3_code_agentic,805,0.0020148729808241723
conditional-fit-0099,axis3_code_agentic,806,0.0001607841249259218
conditional-fit-0099,axis3_code_agentic,807,8.234334803043593e-05
conditional-fit-0099,axis3_code_agentic,808,0.0026658328646260825
conditional-fit-0099,axis3_code_agentic,809,0.019211423254038365
conditional-fit-0099,axis3_code_agentic,810,2.539649081250724e-05
conditional-fit-0099,axis3_code_agentic,811,1.8261950774868822e-05
conditional-fit-0099,axis3_code_agentic,812,4.5368891749933556e-05
conditional-fit-0099,axis3_code_agentic,813,5.844275442655289e-05
conditional-fit-0099,axis3_code_agentic,814,9.091073176269992e-06
conditional-fit-0099,axis3_code_agentic,815,0.0073952729176601645
conditional-fit-0099,axis3_code_agentic,816,0.004606627570038269
conditional-fit-0099,axis3_code_agentic,817,0.00013069802365038861
conditional-fit-0099,axis3_code_agentic,818,5.666997265592245e-05
conditional-fit-0099,axis3_code_agentic,819,8.317574372700293e-06
conditional-fit-0099,axis3_code_agentic,820,0.018127138835896645
conditional-fit-0099,axis3_code_agentic,821,0.003654351076734969
conditional-fit-0099,axis3_code_agentic,822,8.107173481731368e-05
conditional-fit-0099,axis3_code_agentic,823,0.00034434193061271944
conditional-fit-0099,axis3_code_agentic,824,0.0001417408434545944
conditional-fit-0099,axis3_code_agentic,825,0.025356391905815824
conditional-fit-0099,axis3_code_agentic,826,0.005207615273495992
conditional-fit-0099,axis3_code_agentic,827,0.00562791363149
conditional-fit-0099,axis3_code_agentic,828,0.0037191804728098875
conditional-fit-0099,axis3_code_agentic,829,0.0013313960711148335
conditional-fit-0099,axis3_code_agentic,830,0.00021179062144724772
conditional-fit-0099,axis3_code_agentic,831,2.0584458112991137e-05
conditional-fit-0099,axis3_code_agentic,832,5.66621634218489e-05
conditional-fit-0099,axis3_code_agentic,833,0.0011994766321734064
conditional-fit-0099,axis3_code_agentic,834,2.3654097918329227e-07
conditional-fit-0099,axis3_code_agentic,835,1.4955371573180524e-05
conditional-fit-0099,axis3_code_agentic,836,0.00012412673788667842
conditional-fit-0099,axis3_code_agentic,837,1.6704701081775562e-06
conditional-fit-0099,axis3_code_agentic,838,1.2440899669983415e-06
conditional-fit-0099,axis3_code_agentic,839,0.01154934563934365
conditional-fit-0099,axis3_code_agentic,840,0.008942663187928232
conditional-fit-0099,axis3_code_agentic,841,0.0001856822838918767
conditional-fit-0099,axis3_code_agentic,842,0.016700346953511316
conditional-fit-0099,axis3_code_agentic,843,5.93004462768039e-05
conditional-fit-0099,axis3_code_agentic,844,0.005395136233863881
conditional-fit-0099,axis3_code_agentic,845,0.000109204772189036
conditional-fit-0099,axis3_code_agentic,846,0.0044813541462736944
conditional-fit-0099,axis3_code_agentic,847,0.003731338561047718
conditional-fit-0099,axis3_code_agentic,848,0.00028958647329677383
conditional-fit-0099,axis3_code_agentic,849,0.004375234908471529
conditional-fit-0099,axis3_code_agentic,850,0.009860022853729729
conditional-fit-0099,axis3_code_agentic,851,0.019424333222498785
conditional-fit-0099,axis3_code_agentic,852,0.02843972481634318
conditional-fit-0099,axis3_code_agentic,853,9.862093834472476e-06
conditional-fit-0099,axis3_code_agentic,854,0.00017000930307129835
conditional-fit-0099,axis3_code_agentic,855,6.41136811755015e-05
conditional-fit-0099,axis3_code_agentic,856,0.0006497101299636932
conditional-fit-0099,axis3_code_agentic,857,2.4349264732018534e-06
conditional-fit-0099,axis3_code_agentic,858,0.005261402310759451
conditional-fit-0099,axis3_code_agentic,859,0.00015589498130529327
conditional-fit-0099,axis3_code_agentic,860,0.000964436312249272
conditional-fit-0099,axis3_code_agentic,861,0.007805778028984543
conditional-fit-0099,axis3_code_agentic,862,0.0019895066502290844
conditional-fit-0099,axis3_code_agentic,863,0.0029324938376531343
conditional-fit-0099,axis3_code_agentic,864,0.00012242486488840988
conditional-fit-0099,axis3_code_agentic,865,0.0003074997276514763
conditional-fit-0099,axis3_code_agentic,866,7.252392052166186e-07
conditional-fit-0099,axis3_code_agentic,867,2.3965387047055754e-05
conditional-fit-0099,axis3_code_agentic,868,0.006921318102140628
conditional-fit-0099,axis3_code_agentic,869,3.823316257468674e-06
conditional-fit-0099,axis3_code_agentic,870,2.0195447523049433e-06
conditional-fit-0099,axis3_code_agentic,871,0.017940751113890076
conditional-fit-0099,axis3_code_agentic,872,3.5422986426590957e-06
conditional-fit-0099,axis3_code_agentic,873,1.657053332301654e-05
conditional-fit-0099,axis3_code_agentic,874,0.0005425773585078612
conditional-fit-0099,axis3_code_agentic,875,2.4050678459211753e-05
conditional-fit-0099,axis3_code_agentic,876,0.007146217660551943
conditional-fit-0099,axis3_code_agentic,877,7.496467646931115e-05
conditional-fit-0099,axis3_code_agentic,878,4.017771291826716e-06
conditional-fit-0099,axis3_code_agentic,879,0.002174877552367106
conditional-fit-0099,axis3_code_agentic,880,0.005588726029769864
conditional-fit-0099,axis3_code_agentic,881,0.005684681787315229
conditional-fit-0099,axis3_code_agentic,882,0.0010898878131827257
conditional-fit-0099,axis3_code_agentic,883,0.021944575234715415
conditional-fit-0099,axis3_code_agentic,884,0.002900465632385713
conditional-fit-0099,axis3_code_agentic,885,0.00037832496572500407
conditional-fit-0099,axis3_code_agentic,886,0.01186226906616085
conditional-fit-0099,axis3_code_agentic,887,0.00013957200453889793
conditional-fit-0099,axis3_code_agentic,888,0.0038710055241051957
conditional-fit-0099,axis3_code_agentic,889,0.0033849911613714127
conditional-fit-0099,axis3_code_agentic,890,0.00013330754130685295
conditional-fit-0099,axis3_code_agentic,891,0.002845381166765689
conditional-fit-0099,axis3_code_agentic,892,0.0013743971978425321
conditional-fit-0099,axis3_code_agentic,893,0.00017417555800341097
conditional-fit-0099,axis3_code_agentic,894,0.0006119615462966913
conditional-fit-0099,axis3_code_agentic,895,0.022427520833659773
conditional-fit-0099,axis3_code_agentic,896,0.0012780555932392296
conditional-fit-0099,axis3_code_agentic,897,0.005286723931888875
conditional-fit-0099,axis3_code_agentic,898,1.1232719210936685e-06
conditional-fit-0099,axis3_code_agentic,899,3.48151129517918e-05
conditional-fit-0099,axis3_code_agentic,900,0.0006447713744560845
conditional-fit-0099,axis3_code_agentic,901,0.023186668014516333
conditional-fit-0099,axis3_code_agentic,902,6.281899962777554e-06
conditional-fit-0099,axis3_code_agentic,903,0.07247847068563504
conditional-fit-0099,axis3_code_agentic,904,0.009168510374164187
conditional-fit-0099,axis3_code_agentic,905,3.6606788452911306e-05
conditional-fit-0099,axis3_code_agentic,906,8.508681107679671e-05
conditional-fit-0099,axis3_code_agentic,907,2.543668381005317e-07
conditional-fit-0099,axis3_code_agentic,908,5.031544889477668e-05
conditional-fit-0099,axis3_code_agentic,909,0.00024991883718327194
conditional-fit-0099,axis3_code_agentic,910,4.426540045646981e-06
conditional-fit-0099,axis3_code_agentic,911,7.89035363798262e-06
conditional-fit-0099,axis3_code_agentic,912,0.015883976228738002
conditional-fit-0099,axis3_code_agentic,913,0.0011797705624606919
conditional-fit-0099,axis3_code_agentic,914,4.397472530880302e-06
conditional-fit-0099,axis3_code_agentic,915,1.1498975066757758e-05
conditional-fit-0099,axis3_code_agentic,916,0.0005161866828440908
conditional-fit-0099,axis3_code_agentic,917,0.00043126248455248144
conditional-fit-0099,axis3_code_agentic,918,1.685027284916438e-05
conditional-fit-0099,axis3_code_agentic,919,1.8824145394237212e-05
conditional-fit-0099,axis3_code_agentic,920,0.00022084757805486811
conditional-fit-0099,axis3_code_agentic,921,3.997492913062337e-06
conditional-fit-0099,axis3_code_agentic,922,0.003211496058883418
conditional-fit-0099,axis3_code_agentic,923,1.370637871482435e-05
conditional-fit-0099,axis3_code_agentic,924,1.3840097046895344e-05
conditional-fit-0099,axis3_code_agentic,925,3.4154190968495857e-06
conditional-fit-0099,axis3_code_agentic,926,0.010696800363621972
conditional-fit-0099,axis3_code_agentic,927,0.02573796085440951
conditional-fit-0099,axis3_code_agentic,928,0.0001386812171231671
conditional-fit-0099,axis3_code_agentic,929,0.016798651619950738
conditional-fit-0099,axis3_code_agentic,930,0.0006849430832698502
conditional-fit-0099,axis3_code_agentic,931,1.125476706562075e-05
conditional-fit-0099,axis3_code_agentic,932,0.0005365469706515714
conditional-fit-0099,axis3_code_agentic,933,0.00013094210914209157
conditional-fit-0099,axis3_code_agentic,934,0.004248373475614919
conditional-fit-0099,axis3_code_agentic,935,0.0025918242642265898
conditional-fit-0099,axis3_code_agentic,936,1.2405409041724788e-05
conditional-fit-0099,axis3_code_agentic,937,1.9116383178855166e-05
conditional-fit-0099,axis3_code_agentic,938,3.0812972766989285e-07
conditional-fit-0099,axis3_code_agentic,939,2.5265711147599314e-05
conditional-fit-0099,axis3_code_agentic,940,5.3485469307341693e-05
conditional-fit-0099,axis3_code_agentic,941,1.7760920071852507e-05
conditional-fit-0099,axis3_code_agentic,942,2.0984469197797915e-05
conditional-fit-0099,axis3_code_agentic,943,0.0205630195520789
conditional-fit-0099,axis3_code_agentic,944,1.221763905549005e-05
conditional-fit-0099,axis3_code_agentic,945,3.844441527770548e-06
conditional-fit-0099,axis3_code_agentic,946,0.006595907043641549
conditional-fit-0099,axis3_code_agentic,947,1.755924731658477e-05
conditional-fit-0099,axis3_code_agentic,948,0.020539307391519913
conditional-fit-0099,axis3_code_agentic,949,1.1207154177912495e-05
conditional-fit-0099,axis3_code_agentic,950,0.0019557125307491444
conditional-fit-0099,axis3_code_agentic,951,1.051394577428721e-05
conditional-fit-0099,axis3_code_agentic,952,1.3928251192229553e-05
conditional-fit-0099,axis3_code_agentic,953,0.0010180579326413619
conditional-fit-0099,axis3_code_agentic,954,0.05310344716491952
conditional-fit-0099,axis3_code_agentic,955,8.720314153956461e-06
conditional-fit-0099,axis3_code_agentic,956,0.02551293260510605
conditional-fit-0099,axis3_code_agentic,957,0.0007387746458702398
conditional-fit-0099,axis3_code_agentic,958,7.809440483879384e-05
conditional-fit-0099,axis3_code_agentic,959,0.0003969608918488716
conditional-fit-0099,axis3_code_agentic,960,0.013412015245061762
conditional-fit-0099,axis3_code_agentic,961,0.001212419062565545
conditional-fit-0099,axis3_code_agentic,962,4.781495342780198e-07
conditional-fit-0099,axis3_code_agentic,963,1.735347597315213e-06
conditional-fit-0099,axis3_code_agentic,964,1.1730156906508746e-05
conditional-fit-0099,axis3_code_agentic,965,2.650308866398682e-06
conditional-fit-0099,axis3_code_agentic,966,2.3676947017591142e-05
conditional-fit-0099,axis3_code_agentic,967,0.00818212717939391
conditional-fit-0099,axis3_code_agentic,968,0.0013408228957095918
conditional-fit-0099,axis3_code_agentic,969,0.03143069265024798
conditional-fit-0099,axis3_code_agentic,970,2.6897134165225862e-05
conditional-fit-0099,axis3_code_agentic,971,0.01700995823815593
conditional-fit-0099,axis3_code_agentic,972,0.0023585347564967444
conditional-fit-0099,axis3_code_agentic,973,0.003234294216837971
conditional-fit-0099,axis3_code_agentic,974,9.987739755426577e-06
conditional-fit-0099,axis3_code_agentic,975,0.003909828655365144
conditional-fit-0099,axis3_code_agentic,976,0.014422758902825444
conditional-fit-0099,axis3_code_agentic,977,0.002166262665756323
conditional-fit-0099,axis3_code_agentic,978,0.012675892509059337
conditional-fit-0099,axis3_code_agentic,979,6.007695332005147e-06
conditional-fit-0099,axis3_code_agentic,980,0.011331078198133407
conditional-fit-0099,axis3_code_agentic,981,0.00478142265784919
conditional-fit-0099,axis3_code_agentic,982,0.012463322294871584
conditional-fit-0099,axis3_code_agentic,983,0.00012571310511242731
conditional-fit-0099,axis3_code_agentic,984,0.012198296798183433
conditional-fit-0099,axis3_code_agentic,985,0.012299197183970816
conditional-fit-0099,axis3_code_agentic,986,0.008397086624088562
conditional-fit-0099,axis3_code_agentic,987,0.008743340632037432
conditional-fit-0099,axis3_code_agentic,988,0.0004718247050129353
conditional-fit-0099,axis3_code_agentic,989,0.0024062076703397564
conditional-fit-0099,axis3_code_agentic,990,0.03268645597456642
conditional-fit-0099,axis3_code_agentic,991,0.00048023001724333827
conditional-fit-0099,axis3_code_agentic,992,1.4341857272287608e-07
conditional-fit-0099,axis3_code_agentic,993,1.9800442151229658e-05
conditional-fit-0099,axis3_code_agentic,994,3.5994538894663913e-05
conditional-fit-0099,axis3_code_agentic,995,5.294231953468108e-06
conditional-fit-0099,axis3_code_agentic,996,1.0207284309063717e-05
conditional-fit-0099,axis3_code_agentic,997,0.01143019066287947
conditional-fit-0099,axis3_code_agentic,998,0.0004026981106338514
conditional-fit-0099,axis3_code_agentic,999,0.010230098803189919
conditional-fit-0099,axis3_code_agentic,1000,1.8991498418259225e-05
conditional-fit-0099,axis3_code_agentic,1001,0.0040082010907089745
conditional-fit-0099,axis3_code_agentic,1002,0.00030400154721862234
conditional-fit-0099,axis3_code_agentic,1003,0.0020555709768269054
conditional-fit-0099,axis3_code_agentic,1004,2.5363328514301433e-06
conditional-fit-0099,axis3_code_agentic,1005,0.029592975909872938
conditional-fit-0099,axis3_code_agentic,1006,0.026736403354101324
conditional-fit-0099,axis3_code_agentic,1007,6.396302077367049e-05
conditional-fit-0099,axis3_code_agentic,1008,6.973306065608106e-05
conditional-fit-0099,axis3_code_agentic,1009,0.0036307877343610836
conditional-fit-0099,axis3_code_agentic,1010,0.014878583589832059
conditional-fit-0099,axis3_code_agentic,1011,0.004004184847569055
conditional-fit-0099,axis3_code_agentic,1012,0.0038287736459230908
conditional-fit-0099,axis3_code_agentic,1013,0.02163675729709006
conditional-fit-0099,axis3_code_agentic,1014,0.00014283321729710843
conditional-fit-0099,axis3_code_agentic,1015,0.005188532671547293
conditional-fit-0099,axis3_code_agentic,1016,0.015229241528887235
conditional-fit-0099,axis3_code_agentic,1017,0.0016101888863202587
conditional-fit-0099,axis3_code_agentic,1018,4.4672369757524245e-07
conditional-fit-0099,axis3_code_agentic,1019,3.249441994701056e-06
conditional-fit-0099,axis3_code_agentic,1020,7.581025874437027e-06
conditional-fit-0099,axis3_code_agentic,1021,1.6739177338023776e-06
conditional-fit-0099,axis3_code_agentic,1022,4.331548574846321e-05
conditional-fit-0099,axis3_code_agentic,1023,0.016403700758640314
conditional-fit-0099,axis3_code_agentic,1024,4.8359294154851995e-05
conditional-fit-0099,axis3_code_agentic,1025,0.0017079270595200063
conditional-fit-0099,axis3_code_agentic,1026,0.001276042380567169
conditional-fit-0099,axis3_code_agentic,1027,1.4605639762507934e-05
conditional-fit-0099,axis3_code_agentic,1028,0.013305517739838558
conditional-fit-0099,axis3_code_agentic,1029,0.06600860447335549
conditional-fit-0099,axis3_code_agentic,1030,4.798564568061565e-06
conditional-fit-0099,axis3_code_agentic,1031,0.016615099495574756
conditional-fit-0099,axis3_code_agentic,1032,1.4816613671666087e-06
conditional-fit-0099,axis3_code_agentic,1033,0.021894455716614802
conditional-fit-0099,axis3_code_agentic,1034,0.013711919983457548
conditional-fit-0099,axis3_code_agentic,1035,0.00029380455546653154
conditional-fit-0099,axis3_code_agentic,1036,0.00011194368003328813
conditional-fit-0099,axis3_code_agentic,1037,0.0025257038078579067
conditional-fit-0099,axis3_code_agentic,1038,7.405156774008629e-06
conditional-fit-0099,axis3_code_agentic,1039,0.0077607500798927
conditional-fit-0099,axis3_code_agentic,1040,0.0001358607033162767
conditional-fit-0099,axis3_code_agentic,1041,5.600690360046904e-06
conditional-fit-0099,axis3_code_agentic,1042,0.0018348585686587568
conditional-fit-0099,axis3_code_agentic,1043,0.00015477434408292772
conditional-fit-0099,axis3_code_agentic,1044,0.010880005127921904
conditional-fit-0099,axis3_code_agentic,1045,9.931306094014107e-06
conditional-fit-0099,axis3_code_agentic,1046,2.2535266977732442e-07
conditional-fit-0099,axis3_code_agentic,1047,2.2056467099496726e-06
conditional-fit-0099,axis3_code_agentic,1048,8.855177626841871e-07
conditional-fit-0099,axis3_code_agentic,1049,2.417471503615711e-06
conditional-fit-0099,axis3_code_agentic,1050,2.613641206170169e-05
conditional-fit-0099,axis3_code_agentic,1051,0.012153590206236001
conditional-fit-0099,axis3_code_agentic,1052,0.0013470642486744181
conditional-fit-0099,axis3_code_agentic,1053,9.477065410043334e-05
conditional-fit-0099,axis3_code_agentic,1054,1.837271318367859e-05
conditional-fit-0099,axis3_code_agentic,1055,0.020530580181161672
conditional-fit-0099,axis3_code_agentic,1056,0.0008633122782591646
conditional-fit-0099,axis3_code_agentic,1057,0.021067608200698487
conditional-fit-0099,axis3_code_agentic,1058,0.0009780342166965908
conditional-fit-0099,axis3_code_agentic,1059,0.0007104504779962761
conditional-fit-0099,axis3_code_agentic,1060,5.0963735870872504e-05
conditional-fit-0099,axis3_code_agentic,1061,0.031162334478503202
conditional-fit-0099,axis3_code_agentic,1062,0.003240019037686429
conditional-fit-0099,axis3_code_agentic,1063,0.024202189551992943
conditional-fit-0099,axis3_code_agentic,1064,0.01722942046610111
conditional-fit-0099,axis3_code_agentic,1065,0.001883853993222432
conditional-fit-0099,axis3_code_agentic,1066,0.0005761952552862347
conditional-fit-0099,axis3_code_agentic,1067,0.016243164883060962
conditional-fit-0099,axis3_code_agentic,1068,0.0016050222382692275
conditional-fit-0099,axis3_code_agentic,1069,6.319845988086967e-08
conditional-fit-0099,axis3_code_agentic,1070,1.0811434350775218e-05
conditional-fit-0099,axis3_code_agentic,1071,0.0017821034630811387
conditional-fit-0099,axis3_code_agentic,1072,3.223166595032524e-06
conditional-fit-0099,axis3_code_agentic,1073,1.410828414281854e-06
conditional-fit-0099,axis3_code_agentic,1074,0.010966954900823108
conditional-fit-0099,axis3_code_agentic,1075,0.0004483496392176413
conditional-fit-0099,axis3_code_agentic,1076,7.639039934396428e-06
conditional-fit-0099,axis3_code_agentic,1077,3.401767264496594e-05
conditional-fit-0099,axis3_code_agentic,1078,0.010523592109684926
conditional-fit-0099,axis3_code_agentic,1079,0.0003755259246613502
conditional-fit-0099,axis3_code_agentic,1080,0.0002962518952412188
conditional-fit-0099,axis3_code_agentic,1081,0.005158283523722973
conditional-fit-0099,axis3_code_agentic,1082,4.848430640653139e-05
conditional-fit-0099,axis3_code_agentic,1083,5.0456759748329725e-05
conditional-fit-0099,axis3_code_agentic,1084,0.028084883039637326
conditional-fit-0099,axis3_code_agentic,1085,0.0013194783468445173
conditional-fit-0099,axis3_code_agentic,1086,0.016270836319680293
conditional-fit-0099,axis3_code_agentic,1087,0.007741936415079649
conditional-fit-0099,axis3_code_agentic,1088,2.1326168322559482e-05
conditional-fit-0099,axis3_code_agentic,1089,0.00998338793229962
conditional-fit-0099,axis3_code_agentic,1090,0.016986003481305703
conditional-fit-0099,axis3_code_agentic,1091,0.006382427354167712
conditional-fit-0099,axis3_code_agentic,1092,0.002014465856556325
conditional-fit-0099,axis3_code_agentic,1093,2.5219049907543966e-05
conditional-fit-0099,axis3_code_agentic,1094,0.010718913020785176
conditional-fit-0099,axis3_code_agentic,1095,0.013463858005687696
conditional-fit-0099,axis3_code_agentic,1096,0.00013874903701889722
conditional-fit-0099,axis3_code_agentic,1097,0.004614150076457196
conditional-fit-0099,axis3_code_agentic,1098,0.007865149575038767
conditional-fit-0099,axis3_code_agentic,1099,0.0024975966908148636
conditional-fit-0099,axis3_code_agentic,1100,0.012345857184016103
conditional-fit-0099,axis3_code_agentic,1101,0.0046662352269674625
conditional-fit-0099,axis3_code_agentic,1102,2.0746248166504676e-07
conditional-fit-0099,axis3_code_agentic,1103,3.1626378843587115e-05
conditional-fit-0099,axis3_code_agentic,1104,0.006142980540085843
conditional-fit-0099,axis3_code_agentic,1105,0.0019542556731358927
conditional-fit-0099,axis3_code_agentic,1106,0.0011691230135652169
conditional-fit-0099,axis3_code_agentic,1107,0.0007130037469076211
conditional-fit-0099,axis3_code_agentic,1108,5.499292400488309e-06
conditional-fit-0099,axis3_code_agentic,1109,0.0002833943943453637
conditional-fit-0099,axis3_code_agentic,1110,2.032070504340765e-05
conditional-fit-0099,axis3_code_agentic,1111,6.621410859899872e-05
conditional-fit-0099,axis3_code_agentic,1112,7.009362579187342e-06
conditional-fit-0099,axis3_code_agentic,1113,8.44911304992943e-05
conditional-fit-0099,axis3_code_agentic,1114,0.0014910339753143936
conditional-fit-0099,axis3_code_agentic,1115,5.837559942018517e-05
conditional-fit-0099,axis3_code_agentic,1116,0.012361484876716443
conditional-fit-0099,axis3_code_agentic,1117,1.628135296276662e-05
conditional-fit-0099,axis3_code_agentic,1118,0.0016136519539417067
conditional-fit-0099,axis3_code_agentic,1119,1.5996954438110882e-05
conditional-fit-0099,axis3_code_agentic,1120,0.0008365519521369601
conditional-fit-0099,axis3_code_agentic,1121,7.586093839080967e-06
conditional-fit-0099,axis3_code_agentic,1122,0.0016241862945239828
conditional-fit-0099,axis3_code_agentic,1123,0.006501350417296398
conditional-fit-0099,axis3_code_agentic,1124,0.01756196234811795
conditional-fit-0099,axis3_code_agentic,1125,0.04681521109305334
conditional-fit-0099,axis3_code_agentic,1126,0.00467129322301049
conditional-fit-0099,axis3_code_agentic,1127,0.031681380911545556
conditional-fit-0099,axis3_code_agentic,1128,0.01698258335494161
conditional-fit-0099,axis3_code_agentic,1129,0.00013561985266813913
conditional-fit-0099,axis3_code_agentic,1130,0.0009594851656672829
conditional-fit-0099,axis3_code_agentic,1131,0.007189006496698769
conditional-fit-0099,axis3_code_agentic,1132,2.7897928321952466e-05
conditional-fit-0099,axis3_code_agentic,1133,5.682129706352929e-05
conditional-fit-0099,axis3_code_agentic,1134,7.888459300694719e-05
conditional-fit-0099,axis3_code_agentic,1135,2.9893335418027896e-05
conditional-fit-0099,axis3_code_agentic,1136,0.003066511759137178
conditional-fit-0099,axis3_code_agentic,1137,0.001139132383618882
conditional-fit-0099,axis3_code_agentic,1138,0.000436163566182028
conditional-fit-0099,axis3_code_agentic,1139,2.4899877098403665e-06
conditional-fit-0099,axis3_code_agentic,1140,1.729789953829399e-05
conditional-fit-0099,axis3_code_agentic,1141,0.01854915465860325
conditional-fit-0099,axis3_code_agentic,1142,0.05198420931640101
conditional-fit-0099,axis3_code_agentic,1143,0.04179859059281661
conditional-fit-0099,axis3_code_agentic,1144,0.005393643676465283
conditional-fit-0099,axis3_code_agentic,1145,0.00034824025659170945
conditional-fit-0099,axis3_code_agentic,1146,0.0009788296163157472
conditional-fit-0099,axis3_code_agentic,1147,0.013030229537426486
conditional-fit-0099,axis3_code_agentic,1148,0.007281263624304171
conditional-fit-0099,axis3_code_agentic,1149,0.014597206681937296
conditional-fit-0099,axis3_code_agentic,1150,0.0006416035126669568
conditional-fit-0099,axis3_code_agentic,1151,0.014473839542767479
conditional-fit-0099,axis3_code_agentic,1152,0.003671444402789617
conditional-fit-0099,axis3_code_agentic,1153,0.010457522189289178
conditional-fit-0099,axis3_code_agentic,1154,0.0004272363213162749
conditional-fit-0099,axis3_code_agentic,1155,0.0030239841900501774
conditional-fit-0099,axis3_code_agentic,1156,0.0009626407471528295
conditional-fit-0099,axis3_code_agentic,1157,0.002577029333473338
conditional-fit-0099,axis3_code_agentic,1158,0.00040833965741477444
conditional-fit-0099,axis3_code_agentic,1159,0.007916943065670392
conditional-fit-0099,axis3_code_agentic,1160,0.012047842171026911
conditional-fit-0099,axis3_code_agentic,1161,0.005156916326335123
conditional-fit-0099,axis3_code_agentic,1162,7.319733935509689e-05
conditional-fit-0099,axis3_code_agentic,1163,3.426760204782333e-05
conditional-fit-0099,axis3_code_agentic,1164,3.2521367073640556e-05
conditional-fit-0099,axis3_code_agentic,1165,0.00011587399200922706
conditional-fit-0099,axis3_code_agentic,1166,0.0007842373282978849
conditional-fit-0099,axis3_code_agentic,1167,0.0012125787446557958
conditional-fit-0099,axis3_code_agentic,1168,7.65577306375826e-05
conditional-fit-0099,axis3_code_agentic,1169,5.817605059410859e-06
conditional-fit-0099,axis3_code_agentic,1170,5.7885372176304055e-06
conditional-fit-0099,axis3_code_agentic,1171,0.0019452712629051357
conditional-fit-0099,axis3_code_agentic,1172,0.029981177855549525
conditional-fit-0099,axis3_code_agentic,1173,0.0001261590479025014
conditional-fit-0099,axis3_code_agentic,1174,3.677850412129939e-05
conditional-fit-0099,axis3_code_agentic,1175,0.00028279482991765245
conditional-fit-0099,axis3_code_agentic,1176,0.0008682373370199328
conditional-fit-0099,axis3_code_agentic,1177,0.01721917326201962
conditional-fit-0099,axis3_code_agentic,1178,5.665797052682431e-05
conditional-fit-0099,axis3_code_agentic,1179,0.018219068361900126
conditional-fit-0099,axis3_code_agentic,1180,0.0020070993204798888
conditional-fit-0099,axis3_code_agentic,1181,0.0014556039628909135
conditional-fit-0099,axis3_code_agentic,1182,0.008407111481505051
conditional-fit-0099,axis3_code_agentic,1183,0.01874719381984669
conditional-fit-0099,axis3_code_agentic,1184,0.0038173866678235073
conditional-fit-0099,axis3_code_agentic,1185,0.0021237452491643517
conditional-fit-0099,axis3_code_agentic,1186,0.0015141079008876717
conditional-fit-0099,axis3_code_agentic,1187,0.033079700056558387
conditional-fit-0099,axis3_code_agentic,1188,0.0038608300939111115
conditional-fit-0099,axis3_code_agentic,1189,0.005794047094361653
conditional-fit-0099,axis3_code_agentic,1190,0.010300189591476385
conditional-fit-0099,axis3_code_agentic,1191,0.016013032366102846
conditional-fit-0099,axis3_code_agentic,1192,3.2346210937914506e-05
conditional-fit-0099,axis3_code_agentic,1193,0.0031103975340742076
conditional-fit-0099,axis3_code_agentic,1194,5.31521500356137e-06
conditional-fit-0099,axis3_code_agentic,1195,0.0007159102634166437
conditional-fit-0099,axis3_code_agentic,1196,0.005064389414931831
conditional-fit-0099,axis3_code_agentic,1197,0.004556409224793744
conditional-fit-0099,axis3_code_agentic,1198,0.05205689714255882
conditional-fit-0099,axis3_code_agentic,1199,4.356932379984631e-05
conditional-fit-0099,axis3_code_agentic,1200,0.01599225836340097
conditional-fit-0099,axis3_code_agentic,1201,7.2472803437237875e-06
conditional-fit-0099,axis3_code_agentic,1202,0.0045525615274050815
conditional-fit-0099,axis3_code_agentic,1203,1.574699142672921e-05
conditional-fit-0099,axis3_code_agentic,1204,0.00021241012476508195
conditional-fit-0099,axis3_code_agentic,1205,0.0019109161217988368
conditional-fit-0099,axis3_code_agentic,1206,0.031137154316565722
conditional-fit-0099,axis3_code_agentic,1207,0.01126804125064998
conditional-fit-0099,axis3_code_agentic,1208,0.0010162419027047991
conditional-fit-0099,axis3_code_agentic,1209,3.0352119062627983e-06
conditional-fit-0099,axis3_code_agentic,1210,3.6013760010165935e-05
conditional-fit-0099,axis3_code_agentic,1211,0.0019638339551874807
conditional-fit-0099,axis3_code_agentic,1212,1.0604473445573314e-05
conditional-fit-0099,axis3_code_agentic,1213,8.416661772371905e-05
conditional-fit-0099,axis3_code_agentic,1214,0.009085247640366275
conditional-fit-0099,axis3_code_agentic,1215,0.04475073458833525
conditional-fit-0099,axis3_code_agentic,1216,0.0007400685724079509
conditional-fit-0099,axis3_code_agentic,1217,0.0009245042626459001
conditional-fit-0099,axis3_code_agentic,1218,0.024747676987166033
conditional-fit-0099,axis3_code_agentic,1219,3.1040754657534205e-05
conditional-fit-0099,axis3_code_agentic,1220,0.00024458446347936855
conditional-fit-0099,axis3_code_agentic,1221,0.0017622316974054814
conditional-fit-0099,axis3_code_agentic,1222,0.039558540872159875
conditional-fit-0099,axis3_code_agentic,1223,0.0002059938877128709
conditional-fit-0099,axis3_code_agentic,1224,0.008635329812857234
conditional-fit-0099,axis3_code_agentic,1225,0.004092798510306171
conditional-fit-0099,axis3_code_agentic,1226,0.0034133024261945254
conditional-fit-0099,axis3_code_agentic,1227,1.1452237285318386e-06
conditional-fit-0099,axis3_code_agentic,1228,0.0025414281706919
conditional-fit-0099,axis3_code_agentic,1229,0.0016130908718798012
conditional-fit-0099,axis3_code_agentic,1230,0.00012557451036951657
conditional-fit-0099,axis3_code_agentic,1231,0.003450744297774491
conditional-fit-0099,axis3_code_agentic,1232,0.0017641678588204424
conditional-fit-0099,axis3_code_agentic,1233,0.00013595395565185937
conditional-fit-0099,axis3_code_agentic,1234,0.000979646812752717
conditional-fit-0099,axis3_code_agentic,1235,0.001570114072218349
conditional-fit-0099,axis3_code_agentic,1236,0.06311510444217408
conditional-fit-0099,axis3_code_agentic,1237,0.014294947967044183
conditional-fit-0099,axis3_code_agentic,1238,0.0028724233326815987
conditional-fit-0099,axis3_code_agentic,1239,0.021990198515180942
conditional-fit-0099,axis3_code_agentic,1240,0.04784784570489775
conditional-fit-0099,axis3_code_agentic,1241,0.0290027059329519
conditional-fit-0099,axis3_code_agentic,1242,1.9429977815469734e-06
conditional-fit-0099,axis3_code_agentic,1243,0.015612075401642472
conditional-fit-0099,axis3_code_agentic,1244,4.212919032316055e-06
conditional-fit-0099,axis3_code_agentic,1245,0.004929171242107663
conditional-fit-0099,axis3_code_agentic,1246,0.01146682219363341
conditional-fit-0099,axis3_code_agentic,1247,0.000887701575721991
conditional-fit-0099,axis3_code_agentic,1248,6.040664242355091e-05
conditional-fit-0099,axis3_code_agentic,1249,0.006540121960421662
conditional-fit-0099,axis3_code_agentic,1250,0.001618276702668903
conditional-fit-0099,axis3_code_agentic,1251,1.6321559235689446e-05
conditional-fit-0099,axis3_code_agentic,1252,1.0509780191201628e-06
conditional-fit-0099,axis3_code_agentic,1253,1.780642299298598e-05
conditional-fit-0099,axis3_code_agentic,1254,0.0001324563444825549
conditional-fit-0099,axis3_code_agentic,1255,7.691655973653336e-06
conditional-fit-0099,axis3_code_agentic,1256,1.817042040282419e-05
conditional-fit-0099,axis3_code_agentic,1257,0.0016820778262916355
conditional-fit-0099,axis3_code_agentic,1258,2.1275774791179974e-05
conditional-fit-0099,axis3_code_agentic,1259,0.022931757734390476
conditional-fit-0099,axis3_code_agentic,1260,0.039977796147088476
conditional-fit-0099,axis3_code_agentic,1261,0.03650596735145605
conditional-fit-0099,axis3_code_agentic,1262,0.006027570858159737
conditional-fit-0099,axis3_code_agentic,1263,0.012822839164920649
conditional-fit-0099,axis3_code_agentic,1264,0.0005561522939175442
conditional-fit-0099,axis3_code_agentic,1265,1.7677745085180308e-05
conditional-fit-0099,axis3_code_agentic,1266,0.00011062391614846132
conditional-fit-0099,axis3_code_agentic,1267,0.00635005270691044
conditional-fit-0099,axis3_code_agentic,1268,0.0033531071249823796
conditional-fit-0099,axis3_code_agentic,1269,0.001068784066634286
conditional-fit-0099,axis3_code_agentic,1270,0.0022450224530360585
conditional-fit-0099,axis3_code_agentic,1271,0.0008111473784737332
conditional-fit-0099,axis3_code_agentic,1272,0.008593844554562654
conditional-fit-0099,axis3_code_agentic,1273,0.0007690771878733522
conditional-fit-0099,axis3_code_agentic,1274,0.0031140483375155462
conditional-fit-0099,axis3_code_agentic,1275,0.005989858592361566
conditional-fit-0099,axis3_code_agentic,1276,0.002842554200251646
conditional-fit-0099,axis3_code_agentic,1277,0.019928426184439366
conditional-fit-0099,axis3_code_agentic,1278,0.014865550952075757
conditional-fit-0099,axis3_code_agentic,1279,0.02645448199586862
conditional-fit-0099,axis3_code_agentic,1280,0.01843737598343001
conditional-fit-0099,axis3_code_agentic,1281,0.003686330649371329
conditional-fit-0099,axis3_code_agentic,1282,0.0015815303316719935
conditional-fit-0099,axis3_code_agentic,1283,0.0011106142198805827
conditional-fit-0099,axis3_code_agentic,1284,0.005224184714863501
conditional-fit-0099,axis3_code_agentic,1285,5.204023579301941e-06
conditional-fit-0099,axis3_code_agentic,1286,0.007518830183043454
conditional-fit-0099,axis3_code_agentic,1287,4.223937802713204e-07
conditional-fit-0099,axis3_code_agentic,1288,6.939545502310938e-06
conditional-fit-0099,axis3_code_agentic,1289,1.627455347728084e-05
conditional-fit-0099,axis3_code_agentic,1290,2.465817352494235e-05
conditional-fit-0099,axis3_code_agentic,1291,6.671035165919604e-06
conditional-fit-0099,axis3_code_agentic,1292,0.020670391778885258
conditional-fit-0099,axis3_code_agentic,1293,2.2282984632911325e-05
conditional-fit-0099,axis3_code_agentic,1294,0.05769986856467145
conditional-fit-0099,axis3_code_agentic,1295,1.3772172482258737e-05
conditional-fit-0099,axis3_code_agentic,1296,0.009910366074447188
conditional-fit-0099,axis3_code_agentic,1297,0.006600552996580668
conditional-fit-0099,axis3_code_agentic,1298,6.78949926113818e-05
conditional-fit-0099,axis3_code_agentic,1299,6.602024996499461e-06
conditional-fit-0099,axis3_code_agentic,1300,0.0020762277172254144
conditional-fit-0099,axis3_code_agentic,1301,0.009837187332395952
conditional-fit-0099,axis3_code_agentic,1302,0.010870338909255248
conditional-fit-0099,axis3_code_agentic,1303,7.122554579960867e-05
conditional-fit-0099,axis3_code_agentic,1304,0.025156737578323103
conditional-fit-0099,axis3_code_agentic,1305,0.015938832489256222
conditional-fit-0099,axis3_code_agentic,1306,7.352958205495073e-06
conditional-fit-0099,axis3_code_agentic,1307,0.0004911643037658264
conditional-fit-0099,axis3_code_agentic,1308,0.010472144524251766
conditional-fit-0099,axis3_code_agentic,1309,1.9843230348702335e-05
conditional-fit-0099,axis3_code_agentic,1310,0.010321708662751908
conditional-fit-0099,axis3_code_agentic,1311,0.0062517065830535075
conditional-fit-0099,axis3_code_agentic,1312,3.1109907445736766e-06
conditional-fit-0099,axis3_code_agentic,1313,0.0022053784851257634
conditional-fit-0099,axis3_code_agentic,1314,0.0005696164400522314
conditional-fit-0099,axis3_code_agentic,1315,7.64017440590562e-06
conditional-fit-0099,axis3_code_agentic,1316,0.041391618808486144
conditional-fit-0099,axis3_code_agentic,1317,0.00020214724630839215
conditional-fit-0099,axis3_code_agentic,1318,0.01326355913796647
conditional-fit-0099,axis3_code_agentic,1319,0.006189088309087733
conditional-fit-0099,axis3_code_agentic,1320,0.002498978881761538
conditional-fit-0099,axis3_code_agentic,1321,0.02300429878959996
conditional-fit-0099,axis3_code_agentic,1322,1.0325013658720031e-05
conditional-fit-0099,axis3_code_agentic,1323,0.011282631665012956
conditional-fit-0099,axis3_code_agentic,1324,0.0017504574638999325
conditional-fit-0099,axis3_code_agentic,1325,0.0255719577463109
conditional-fit-0099,axis3_code_agentic,1326,0.009002711028691521
conditional-fit-0099,axis3_code_agentic,1327,0.021675772884788384
conditional-fit-0099,axis3_code_agentic,1328,0.006525941261655646
conditional-fit-0099,axis3_code_agentic,1329,0.004219373286046293
conditional-fit-0099,axis3_code_agentic,1330,2.0618194337745598e-05
conditional-fit-0099,axis3_code_agentic,1331,0.0002726388318949241
conditional-fit-0099,axis3_code_agentic,1332,1.3997454050299072e-07
conditional-fit-0099,axis3_code_agentic,1333,1.7494364615625756e-05
conditional-fit-0099,axis3_code_agentic,1334,3.387101009422239e-05
conditional-fit-0099,axis3_code_agentic,1335,1.3693638173707167e-05
conditional-fit-0099,axis3_code_agentic,1336,8.304281519203115e-06
conditional-fit-0099,axis3_code_agentic,1337,0.03240570841405607
conditional-fit-0099,axis3_code_agentic,1338,1.1470056795750544e-05
conditional-fit-0099,axis3_code_agentic,1339,2.1087193330286374e-05
conditional-fit-0099,axis3_code_agentic,1340,0.02958416832980444
conditional-fit-0099,axis3_code_agentic,1341,0.001053677194542815
conditional-fit-0099,axis3_code_agentic,1342,1.3387232043357066e-05
conditional-fit-0099,axis3_code_agentic,1343,0.0031613336139099924
conditional-fit-0099,axis3_code_agentic,1344,0.015338858007554232
conditional-fit-0099,axis3_code_agentic,1345,0.006329727774660763
conditional-fit-0099,axis3_code_agentic,1346,0.017884728022906343
conditional-fit-0099,axis3_code_agentic,1347,0.0011428517265964794
conditional-fit-0099,axis3_code_agentic,1348,0.0049437658831095665
conditional-fit-0099,axis3_code_agentic,1349,0.04790518904144611
conditional-fit-0099,axis3_code_agentic,1350,1.147902653977561e-06
conditional-fit-0099,axis3_code_agentic,1351,0.0015691984888559947
conditional-fit-0099,axis3_code_agentic,1352,0.0225893384595153
conditional-fit-0099,axis3_code_agentic,1353,0.00022853958322780504
conditional-fit-0099,axis3_code_agentic,1354,5.552189834379664e-05
conditional-fit-0099,axis3_code_agentic,1355,0.007069068722209991
conditional-fit-0099,axis3_code_agentic,1356,0.004910291117637387
conditional-fit-0099,axis3_code_agentic,1357,0.004549486997294916
conditional-fit-0099,axis3_code_agentic,1358,0.032381073802365275
conditional-fit-0099,axis3_code_agentic,1359,0.0017212069726180962
conditional-fit-0099,axis3_code_agentic,1360,0.017695334967586976
conditional-fit-0099,axis3_code_agentic,1361,0.03895998351550266
conditional-fit-0099,axis3_code_agentic,1362,0.019867501954312104
conditional-fit-0099,axis3_code_agentic,1363,0.0020805015768736567
conditional-fit-0099,axis3_code_agentic,1364,0.018793275714237116
conditional-fit-0099,axis3_code_agentic,1365,2.509163555536486e-05
conditional-fit-0099,axis3_code_agentic,1366,0.018862810490873645
conditional-fit-0099,axis3_code_agentic,1367,0.005868165316219187
conditional-fit-0099,axis3_code_agentic,1368,0.0008976987448439376
conditional-fit-0099,axis3_code_agentic,1369,0.0025132745922842904
conditional-fit-0099,axis3_code_agentic,1370,0.004073888469171956
conditional-fit-0099,axis3_code_agentic,1371,0.003676569811479598
conditional-fit-0099,axis3_code_agentic,1372,0.0020467334760618503
conditional-fit-0099,axis3_code_agentic,1373,0.0007418921486075278
conditional-fit-0099,axis3_code_agentic,1374,0.000812190968299769
conditional-fit-0099,axis3_code_agentic,1375,0.029516942871456564
conditional-fit-0099,axis3_code_agentic,1376,0.0009254906623926076
conditional-fit-0099,axis3_code_agentic,1377,0.05066567210485447
conditional-fit-0099,axis3_code_agentic,1378,0.025708969833260126
conditional-fit-0099,axis3_code_agentic,1379,0.0043637782324430704
conditional-fit-0099,axis3_code_agentic,1380,0.00011611348900806103
conditional-fit-0099,axis3_code_agentic,1381,0.0016094913569461966
conditional-fit-0099,axis3_code_agentic,1382,0.0021035822208181976
conditional-fit-0099,axis3_code_agentic,1383,0.0008635308225376972
conditional-fit-0099,axis3_code_agentic,1384,0.001968883475998021
conditional-fit-0099,axis3_code_agentic,1385,2.4388783779583156e-06
conditional-fit-0099,axis3_code_agentic,1386,1.0959835974642911e-05
conditional-fit-0099,axis3_code_agentic,1387,2.4704964305003482e-05
conditional-fit-0099,axis3_code_agentic,1388,4.362558839124991e-06
conditional-fit-0099,axis3_code_agentic,1389,3.830890448492874e-06
conditional-fit-0099,axis3_code_agentic,1390,0.006933286539166659
conditional-fit-0099,axis3_code_agentic,1391,2.3372792664063997e-05
conditional-fit-0099,axis3_code_agentic,1392,0.03486955579189384
conditional-fit-0099,axis3_code_agentic,1393,0.0017907695213978348
conditional-fit-0099,axis3_code_agentic,1394,5.1006686432149626e-06
conditional-fit-0099,axis3_code_agentic,1395,0.0016278321005862503
conditional-fit-0099,axis3_code_agentic,1396,0.00020759706517526786
conditional-fit-0099,axis3_code_agentic,1397,0.0029898913121928824
conditional-fit-0099,axis3_code_agentic,1398,0.006475142341462572
conditional-fit-0099,axis3_code_agentic,1399,6.3517739761956514e-06
conditional-fit-0099,axis3_code_agentic,1400,0.00010967092680627013
conditional-fit-0099,axis3_code_agentic,1401,0.01588789931252007
conditional-fit-0099,axis3_code_agentic,1402,1.9404143139100215e-05
conditional-fit-0099,axis3_code_agentic,1403,0.0005914933815171261
conditional-fit-0099,axis3_code_agentic,1404,0.0014120373471920855
conditional-fit-0099,axis3_code_agentic,1405,8.246607753618307e-06
conditional-fit-0099,axis3_code_agentic,1406,0.007763873034927164
conditional-fit-0099,axis3_code_agentic,1407,2.193251632796907e-05
conditional-fit-0099,axis3_code_agentic,1408,0.019168515094047996
conditional-fit-0099,axis3_code_agentic,1409,9.66644428016208e-06
conditional-fit-0099,axis3_code_agentic,1410,0.022694635300231882
conditional-fit-0099,axis3_code_agentic,1411,0.0022777168522406786
conditional-fit-0099,axis3_code_agentic,1412,0.00039302612627852473
conditional-fit-0099,axis3_code_agentic,1413,0.0047458920507031516
conditional-fit-0099,axis3_code_agentic,1414,0.029450551695530854
conditional-fit-0099,axis3_code_agentic,1415,0.0065694660245260396
conditional-fit-0099,axis3_code_agentic,1416,0.013971414356268478
conditional-fit-0099,axis3_code_agentic,1417,3.497277949884991e-06
conditional-fit-0099,axis3_code_agentic,1418,0.00010220376576145512
conditional-fit-0099,axis3_code_agentic,1419,7.524428629134656e-07
conditional-fit-0099,axis3_code_agentic,1420,6.567690752336781e-06
conditional-fit-0099,axis3_code_agentic,1421,8.499158446607715e-06
conditional-fit-0099,axis3_code_agentic,1422,4.4999781225225585e-06
conditional-fit-0099,axis3_code_agentic,1423,4.568414702689887e-06
conditional-fit-0099,axis3_code_agentic,1424,0.012213715823804983
conditional-fit-0099,axis3_code_agentic,1425,0.028459507224601867
conditional-fit-0099,axis3_code_agentic,1426,0.002218813237865369
conditional-fit-0099,axis3_code_agentic,1427,7.824525152761871e-06
conditional-fit-0099,axis3_code_agentic,1428,0.0010349131109221653
conditional-fit-0099,axis3_code_agentic,1429,0.04535986081915372
conditional-fit-0099,axis3_code_agentic,1430,0.011511011273675797
conditional-fit-0099,axis3_code_agentic,1431,0.0004565140258258201
conditional-fit-0099,axis3_code_agentic,1432,1.2753992675503646e-05
conditional-fit-0099,axis3_code_agentic,1433,0.00804325734410059
conditional-fit-0099,axis3_code_agentic,1434,0.0018948374700160572
conditional-fit-0099,axis3_code_agentic,1435,0.007644402162770153
conditional-fit-0099,axis3_code_agentic,1436,0.027427076500824134
conditional-fit-0099,axis3_code_agentic,1437,0.016737888859074283
conditional-fit-0099,axis3_code_agentic,1438,0.010019942124207587
conditional-fit-0099,axis3_code_agentic,1439,9.236956220402999e-07
conditional-fit-0099,axis3_code_agentic,1440,0.011123707630211008
conditional-fit-0099,axis3_code_agentic,1441,0.01985894693634356
conditional-fit-0099,axis3_code_agentic,1442,6.324242532859952e-05
conditional-fit-0099,axis3_code_agentic,1443,0.0037792538565720904
conditional-fit-0099,axis3_code_agentic,1444,0.0012919856943905197
conditional-fit-0099,axis3_code_agentic,1445,0.021875705900009423
conditional-fit-0099,axis3_code_agentic,1446,3.106612349430188e-05
conditional-fit-0099,axis3_code_agentic,1447,0.001501969117652244
conditional-fit-0099,axis3_code_agentic,1448,0.00014957987278175328
conditional-fit-0099,axis3_code_agentic,1449,0.0021022260128798842
conditional-fit-0099,axis3_code_agentic,1450,0.002253561854027311
conditional-fit-0099,axis3_code_agentic,1451,0.007950989777168327
conditional-fit-0099,axis3_code_agentic,1452,0.011348647750593147
conditional-fit-0099,axis3_code_agentic,1453,0.001784382958191411
conditional-fit-0099,axis3_code_agentic,1454,0.0021582610545688254
conditional-fit-0099,axis3_code_agentic,1455,0.00018837108687571512
conditional-fit-0099,axis3_code_agentic,1456,0.004362259347696307
conditional-fit-0099,axis3_code_agentic,1457,8.301943681394167e-07
conditional-fit-0099,axis3_code_agentic,1458,4.264399995124472e-05
conditional-fit-0099,axis3_code_agentic,1459,0.00010787560908786858
conditional-fit-0099,axis3_code_agentic,1460,3.318136378159515e-06
conditional-fit-0099,axis3_code_agentic,1461,2.6381252583930963e-06
conditional-fit-0099,axis3_code_agentic,1462,0.011342516002672295
conditional-fit-0099,axis3_code_agentic,1463,0.0915736471332124
conditional-fit-0099,axis3_code_agentic,1464,1.4353511045944206e-05
conditional-fit-0099,axis3_code_agentic,1465,0.004228619110858407
conditional-fit-0099,axis3_code_agentic,1466,6.875778713866384e-05
conditional-fit-0099,axis3_code_agentic,1467,0.002308571785501306
conditional-fit-0099,axis3_code_agentic,1468,0.0003752457066389387
conditional-fit-0099,axis3_code_agentic,1469,1.0142652154874936e-06
conditional-fit-0099,axis3_code_agentic,1470,0.005862684418701573
conditional-fit-0099,axis3_code_agentic,1471,0.016549552655339014
conditional-fit-0099,axis3_code_agentic,1472,1.6908350804510517e-05
conditional-fit-0099,axis3_code_agentic,1473,0.003732402285238778
conditional-fit-0099,axis3_code_agentic,1474,0.03630129170770639
conditional-fit-0099,axis3_code_agentic,1475,0.0006892859606068274
conditional-fit-0099,axis3_code_agentic,1476,0.001671915507880936
conditional-fit-0099,axis3_code_agentic,1477,2.328782357038872e-06
conditional-fit-0099,axis3_code_agentic,1478,0.007511935765787188
conditional-fit-0099,axis3_code_agentic,1479,0.003686094315339222
conditional-fit-0099,axis3_code_agentic,1480,0.006631805832640423
conditional-fit-0099,axis3_code_agentic,1481,0.003509344112789761
conditional-fit-0099,axis3_code_agentic,1482,0.004988418661616828
conditional-fit-0099,axis3_code_agentic,1483,0.037805866504931576
conditional-fit-0099,axis3_code_agentic,1484,1.3041804166144985e-06
conditional-fit-0099,axis3_code_agentic,1485,0.015957928378644973
conditional-fit-0099,axis3_code_agentic,1486,0.012457809375325458
conditional-fit-0099,axis3_code_agentic,1487,0.045631252102542895
conditional-fit-0099,axis3_code_agentic,1488,1.8541509675065624e-07
conditional-fit-0099,axis3_code_agentic,1489,2.978981613821095e-05
conditional-fit-0099,axis3_code_agentic,1490,5.075476194754227e-05
conditional-fit-0099,axis3_code_agentic,1491,3.448383627982763e-06
conditional-fit-0099,axis3_code_agentic,1492,3.3278538713842527e-06
conditional-fit-0099,axis3_code_agentic,1493,0.015957006405218077
conditional-fit-0099,axis3_code_agentic,1494,0.0032861491467345537
conditional-fit-0099,axis3_code_agentic,1495,9.080749942144742e-06
conditional-fit-0099,axis3_code_agentic,1496,3.97891991581883e-06
conditional-fit-0099,axis3_code_agentic,1497,5.938855789738468e-06
conditional-fit-0099,axis3_code_agentic,1498,0.008901561997402043
conditional-fit-0099,axis3_code_agentic,1499,2.129164502809872e-06
conditional-fit-0099,axis3_code_agentic,1500,0.00027187292509843616
conditional-fit-0099,axis3_code_agentic,1501,2.2554600978457724e-06
conditional-fit-0099,axis3_code_agentic,1502,2.1447101603951262e-05
conditional-fit-0099,axis3_code_agentic,1503,8.161563494070548e-06
conditional-fit-0099,axis3_code_agentic,1504,0.008632709685715216
conditional-fit-0099,axis3_code_agentic,1505,0.005828267527066715
conditional-fit-0099,axis3_code_agentic,1506,0.00034964547754188005
conditional-fit-0099,axis3_code_agentic,1507,7.421694251037671e-06
conditional-fit-0099,axis3_code_agentic,1508,0.06059015898866016
conditional-fit-0099,axis3_code_agentic,1509,0.003063233556574215
conditional-fit-0099,axis3_code_agentic,1510,9.116649592834864e-06
conditional-fit-0099,axis3_code_agentic,1511,0.006766619200674529
conditional-fit-0099,axis3_code_agentic,1512,0.01826667302894345
conditional-fit-0099,axis3_code_agentic,1513,0.0020641849583322375
conditional-fit-0099,axis3_code_agentic,1514,1.2790112524947275e-06
conditional-fit-0099,axis3_code_agentic,1515,0.06712140706059753
conditional-fit-0099,axis3_code_agentic,1516,0.000651325756052026
conditional-fit-0099,axis3_code_agentic,1517,0.04041908673441601
conditional-fit-0099,axis3_code_agentic,1518,0.0001222395035970348
conditional-fit-0099,axis3_code_agentic,1519,1.7391628617334052e-06
conditional-fit-0099,axis3_code_agentic,1520,0.0018601368156580152
conditional-fit-0099,axis3_code_agentic,1521,0.001784398042417796
conditional-fit-0099,axis3_code_agentic,1522,0.024311884074507642
conditional-fit-0099,axis3_code_agentic,1523,2.4760957244829173e-06
conditional-fit-0099,axis3_code_agentic,1524,9.763448838373946e-05
conditional-fit-0099,axis3_code_agentic,1525,0.0005692629735061529
conditional-fit-0099,axis3_code_agentic,1526,0.0001760829620445782
conditional-fit-0099,axis3_code_agentic,1527,2.9558521765815823e-07
conditional-fit-0099,axis3_code_agentic,1528,1.8906588924406744e-05
conditional-fit-0099,axis3_code_agentic,1529,0.00010686073423971469
conditional-fit-0099,axis3_code_agentic,1530,5.0378513078928635e-06
conditional-fit-0099,axis3_code_agentic,1531,6.285093936907901e-06
conditional-fit-0099,axis3_code_agentic,1532,0.07710411294148133
conditional-fit-0099,axis3_code_agentic,1533,4.380596686174487e-05
conditional-fit-0099,axis3_code_agentic,1534,0.05121600893511348
conditional-fit-0099,axis3_code_agentic,1535,1.507838152614838e-06
conditional-fit-0099,axis3_code_agentic,1536,0.0005859970407007696
conditional-fit-0099,axis3_code_agentic,1537,1.8608406282000822e-05
conditional-fit-0099,axis3_code_agentic,1538,3.4518016414378006e-05
conditional-fit-0099,axis3_code_agentic,1539,0.013956633877498365
conditional-fit-0099,axis3_code_agentic,1540,0.0005980640509567302
conditional-fit-0099,axis3_code_agentic,1541,0.030265144223104206
conditional-fit-0099,axis3_code_agentic,1542,0.0011887662213914242
conditional-fit-0099,axis3_code_agentic,1543,0.005668010346778123
conditional-fit-0099,axis3_code_agentic,1544,4.408757738015748e-05
conditional-fit-0099,axis3_code_agentic,1545,0.0002515089875805979
conditional-fit-0099,axis3_code_agentic,1546,7.672755281171966e-06
conditional-fit-0099,axis3_code_agentic,1547,3.6230008117833686e-05
conditional-fit-0099,axis3_code_agentic,1548,0.03203060967849677
conditional-fit-0099,axis3_code_agentic,1549,0.0009964564549902926
conditional-fit-0099,axis3_code_agentic,1550,0.010944180524966101
conditional-fit-0099,axis3_code_agentic,1551,1.9085874638460485e-06
conditional-fit-0099,axis3_code_agentic,1552,0.025222057120954856
conditional-fit-0099,axis3_code_agentic,1553,0.025471443326958512
conditional-fit-0099,axis3_code_agentic,1554,8.1571194595392e-05
conditional-fit-0099,axis3_code_agentic,1555,0.013385282059086352
conditional-fit-0099,axis3_code_agentic,1556,0.007157731992948509
conditional-fit-0099,axis3_code_agentic,1557,9.036337551403617e-06
conditional-fit-0099,axis3_code_agentic,1558,0.011182260380960936
conditional-fit-0099,axis3_code_agentic,1559,0.00012641930760427832
conditional-fit-0099,axis3_code_agentic,1560,0.00010220129826671694
conditional-fit-0099,axis3_code_agentic,1561,1.0167912495799183e-05
conditional-fit-0099,axis3_code_agentic,1562,7.558820261306882e-07
conditional-fit-0099,axis3_code_agentic,1563,3.1103031724673104e-06
conditional-fit-0099,axis3_code_agentic,1564,0.00026731322774243166
conditional-fit-0099,axis3_code_agentic,1565,1.08740525271105e-05
conditional-fit-0099,axis3_code_agentic,1566,8.409116694350635e-06
conditional-fit-0099,axis3_code_agentic,1567,0.05207126556332499
conditional-fit-0099,axis3_code_agentic,1568,0.00432534093463827
conditional-fit-0099,axis3_code_agentic,1569,1.1233872527487252e-05
conditional-fit-0099,axis3_code_agentic,1570,0.012692590881966094
conditional-fit-0099,axis3_code_agentic,1571,0.0009931210907709533
conditional-fit-0099,axis3_code_agentic,1572,1.8361151458539465e-05
conditional-fit-0099,axis3_code_agentic,1573,0.0008225502533508646
conditional-fit-0099,axis3_code_agentic,1574,0.0016915094926058154
conditional-fit-0099,axis3_code_agentic,1575,0.0006650113584198346
conditional-fit-0099,axis3_code_agentic,1576,0.0006318808763345604
conditional-fit-0099,axis3_code_agentic,1577,0.009791212816631015
conditional-fit-0099,axis3_code_agentic,1578,6.809335088515848e-07
conditional-fit-0099,axis3_code_agentic,1579,0.0011915683249788802
conditional-fit-0099,axis3_code_agentic,1580,0.02547914458298341
conditional-fit-0099,axis3_code_agentic,1581,6.371785929550587e-06
conditional-fit-0099,axis3_code_agentic,1582,0.009402444739427869
conditional-fit-0099,axis3_code_agentic,1583,0.009171472078187519
conditional-fit-0099,axis3_code_agentic,1584,2.9172884392276865e-05
conditional-fit-0099,axis3_code_agentic,1585,0.011580796443037826
conditional-fit-0099,axis3_code_agentic,1586,0.0036556526867825376
conditional-fit-0099,axis3_code_agentic,1587,5.287923793109216e-06
conditional-fit-0099,axis3_code_agentic,1588,0.00010356105754715032
conditional-fit-0099,axis3_code_agentic,1589,0.02737533550477768
conditional-fit-0099,axis3_code_agentic,1590,0.012889302883893436
conditional-fit-0099,axis3_code_agentic,1591,0.004837432186994686
conditional-fit-0099,axis3_code_agentic,1592,3.056347226462976e-07
conditional-fit-0099,axis3_code_agentic,1593,6.517076781329047e-05
conditional-fit-0099,axis3_code_agentic,1594,0.004377438448246437
conditional-fit-0099,axis3_code_agentic,1595,6.585434247098507e-06
conditional-fit-0099,axis3_code_agentic,1596,3.0026529577583223e-06
conditional-fit-0099,axis3_code_agentic,1597,0.032805772752349895
conditional-fit-0099,axis3_code_agentic,1598,2.926444930816109e-05
conditional-fit-0099,axis3_code_agentic,1599,0.06046536293876152
conditional-fit-0099,axis3_code_agentic,1600,0.0026225981829831567
conditional-fit-0099,axis3_code_agentic,1601,0.02699493169858624
conditional-fit-0099,axis3_code_agentic,1602,0.00013053540191481342
conditional-fit-0099,axis3_code_agentic,1603,0.01226243703990099
conditional-fit-0099,axis3_code_agentic,1604,0.003784184556120044
conditional-fit-0099,axis3_code_agentic,1605,0.0016516720250945131
conditional-fit-0099,axis3_code_agentic,1606,0.02520035267515376
conditional-fit-0099,axis3_code_agentic,1607,0.0005950302733481439
conditional-fit-0099,axis3_code_agentic,1608,0.0056394628907281774
conditional-fit-0099,axis3_code_agentic,1609,0.00020063894832709713
conditional-fit-0099,axis3_code_agentic,1610,0.0031650487592615115
conditional-fit-0099,axis3_code_agentic,1611,4.763132262649685e-06
conditional-fit-0099,axis3_code_agentic,1612,0.0036348368632321583
conditional-fit-0099,axis3_code_agentic,1613,0.002154180977304701
conditional-fit-0099,axis3_code_agentic,1614,0.0038168656096737273
conditional-fit-0099,axis3_code_agentic,1615,0.034410721956648425
conditional-fit-0099,axis3_code_agentic,1616,9.382724901366862e-05
conditional-fit-0099,axis3_code_agentic,1617,0.00039939911116694017
conditional-fit-0099,axis3_code_agentic,1618,0.00984273851819063
conditional-fit-0099,axis3_code_agentic,1619,0.015390800361942234
conditional-fit-0099,axis3_code_agentic,1620,0.011387323794722261
conditional-fit-0099,axis3_code_agentic,1621,0.0036089460621823027
conditional-fit-0099,axis3_code_agentic,1622,0.02148753700711783
conditional-fit-0099,axis3_code_agentic,1623,0.004614022936503282
conditional-fit-0099,axis3_code_agentic,1624,0.0108271320786248
conditional-fit-0099,axis3_code_agentic,1625,0.013382840281139766
conditional-fit-0099,axis3_code_agentic,1626,2.6814648349021167e-07
conditional-fit-0099,axis3_code_agentic,1627,4.4152589718493513e-05
conditional-fit-0099,axis3_code_agentic,1628,0.006711580137642292
conditional-fit-0099,axis3_code_agentic,1629,5.060515328683225e-06
conditional-fit-0099,axis3_code_agentic,1630,3.272349783692347e-06
conditional-fit-0099,axis3_code_agentic,1631,0.0225835604586219
conditional-fit-0099,axis3_code_agentic,1632,0.0003305842984203016
conditional-fit-0099,axis3_code_agentic,1633,0.005145610806726257
conditional-fit-0099,axis3_code_agentic,1634,0.00012213710630235844
conditional-fit-0099,axis3_code_agentic,1635,7.826748278346875e-05
conditional-fit-0099,axis3_code_agentic,1636,0.004531595495245906
conditional-fit-0099,axis3_code_agentic,1637,2.7670151558916378e-05
conditional-fit-0099,axis3_code_agentic,1638,0.01752913930304837
conditional-fit-0099,axis3_code_agentic,1639,0.002888599401973402
conditional-fit-0099,axis3_code_agentic,1640,0.002952528341444881
conditional-fit-0099,axis3_code_agentic,1641,0.008183603290030875
conditional-fit-0099,axis3_code_agentic,1642,0.005106404075340172
conditional-fit-0099,axis3_code_agentic,1643,0.0008741612370748225
conditional-fit-0099,axis3_code_agentic,1644,0.00040232037649988017
conditional-fit-0099,axis3_code_agentic,1645,0.0196448192506861
conditional-fit-0099,axis3_code_agentic,1646,0.0049041818986849
conditional-fit-0099,axis3_code_agentic,1647,0.000714274336030499
conditional-fit-0099,axis3_code_agentic,1648,0.008093558611521497
conditional-fit-0099,axis3_code_agentic,1649,0.015031854287262754
conditional-fit-0099,axis3_code_agentic,1650,0.002481555479751405
conditional-fit-0099,axis3_code_agentic,1651,0.00010270224526325435
conditional-fit-0099,axis3_code_agentic,1652,8.684755427497106e-07
conditional-fit-0099,axis3_code_agentic,1653,2.2193174023760096e-05
conditional-fit-0099,axis3_code_agentic,1654,0.00981407639037335
conditional-fit-0099,axis3_code_agentic,1655,0.0035111803305467072
conditional-fit-0099,axis3_code_agentic,1656,0.0124451588714408
conditional-fit-0099,axis3_code_agentic,1657,0.024308389767175413
conditional-fit-0099,axis3_code_agentic,1658,0.0025793629511668614
conditional-fit-0099,axis3_code_agentic,1659,0.021875303296535586
conditional-fit-0099,axis3_code_agentic,1660,0.00010096997768616484
conditional-fit-0099,axis3_code_agentic,1661,0.0023630945476572317
conditional-fit-0099,axis3_code_agentic,1662,1.629279024854549e-05
conditional-fit-0099,axis3_code_agentic,1663,7.16882179432163e-06
conditional-fit-0099,axis3_code_agentic,1664,1.1293359163903886e-05
conditional-fit-0099,axis3_code_agentic,1665,0.012734062351915959
conditional-fit-0099,axis3_code_agentic,1666,2.9309538612700186e-05
conditional-fit-0099,axis3_code_agentic,1667,0.0028900775357920162
conditional-fit-0099,axis3_code_agentic,1668,0.00041821598245085113
conditional-fit-0099,axis3_code_agentic,1669,0.0027405234274356927
conditional-fit-0099,axis3_code_agentic,1670,7.713671027686977e-06
conditional-fit-0099,axis3_code_agentic,1671,7.711539475119592e-05
conditional-fit-0099,axis3_code_agentic,1672,0.009204130186944853
conditional-fit-0099,axis3_code_agentic,1673,0.010768610129263242
conditional-fit-0099,axis3_code_agentic,1674,0.026716431081638972
conditional-fit-0099,axis3_code_agentic,1675,0.000295229074133113
conditional-fit-0099,axis3_code_agentic,1676,0.03733300819555491
conditional-fit-0099,axis3_code_agentic,1677,0.0004885491445450634
conditional-fit-0099,axis3_code_agentic,1678,0.0019513542300964558
conditional-fit-0099,axis3_code_agentic,1679,0.004893619603410778
conditional-fit-0099,axis3_code_agentic,1680,0.001787169367301459
conditional-fit-0099,axis3_code_agentic,1681,0.003054815455790962
conditional-fit-0099,axis3_code_agentic,1682,0.0003622201840974759
conditional-fit-0099,axis3_code_agentic,1683,0.008273729350851192
conditional-fit-0099,axis3_code_agentic,1684,0.05933821278801774
conditional-fit-0099,axis3_code_agentic,1685,0.009399124828645515
conditional-fit-0099,axis3_code_agentic,1686,0.014425438421355099
conditional-fit-0099,axis3_code_agentic,1687,0.00507821441992827
conditional-fit-0099,axis3_code_agentic,1688,0.0025519287759656283
conditional-fit-0099,axis3_code_agentic,1689,0.03372886466482803
conditional-fit-0099,axis3_code_agentic,1690,0.002408163095589364
conditional-fit-0099,axis3_code_agentic,1691,0.0035878010380143814
conditional-fit-0099,axis3_code_agentic,1692,0.00027646985596140364
conditional-fit-0099,axis3_code_agentic,1693,0.01301074762375195
conditional-fit-0099,axis3_code_agentic,1694,0.0011984245732171328
conditional-fit-0099,axis3_code_agentic,1695,8.652076510164587e-06
conditional-fit-0099,axis3_code_agentic,1696,0.00012475447980986917
conditional-fit-0099,axis3_code_agentic,1697,0.015031240760153792
conditional-fit-0099,axis3_code_agentic,1698,0.052861412921455464
conditional-fit-0099,axis3_code_agentic,1699,0.003162030781399351
conditional-fit-0099,axis3_code_agentic,1700,0.005620931710552168
conditional-fit-0099,axis3_code_agentic,1701,0.005597906780138917
conditional-fit-0099,axis3_code_agentic,1702,0.2869726038512394
conditional-fit-0099,axis3_code_agentic,1703,0.7480518430499475
conditional-fit-0099,axis3_code_agentic,1704,0.18121741298456143
conditional-fit-0099,axis3_code_agentic,1705,0.06479788498382506
conditional-fit-0099,axis3_code_agentic,1706,0.00010998236616263615
conditional-fit-0099,axis3_code_agentic,1707,0.0023212936085568866
conditional-fit-0099,axis3_code_agentic,1708,1.3454687072073526e-06
conditional-fit-0099,axis3_code_agentic,1709,1.1797032185526606e-05
conditional-fit-0099,axis3_code_agentic,1710,0.02654613821539639
conditional-fit-0099,axis3_code_agentic,1711,0.0002655240564284055
conditional-fit-0099,axis3_code_agentic,1712,1.115866500406481e-05
conditional-fit-0099,axis3_code_agentic,1713,7.10668035128763e-05
conditional-fit-0099,axis3_code_agentic,1714,0.00012952604541968497
conditional-fit-0099,axis3_code_agentic,1715,0.006513954228901843
conditional-fit-0099,axis3_code_agentic,1716,0.12067338179106787
conditional-fit-0099,axis3_code_agentic,1717,0.30230760372856796
conditional-fit-0099,axis3_code_agentic,1718,0.02279253375232125
conditional-fit-0099,axis3_code_agentic,1719,0.11116542807894364
conditional-fit-0099,axis3_code_agentic,1720,0.07783157291614258
conditional-fit-0099,axis3_code_agentic,1721,0.008568215766868321
conditional-fit-0099,axis3_code_agentic,1722,0.05972468303481076
conditional-fit-0099,axis3_code_agentic,1723,0.013091672613428838
conditional-fit-0099,axis3_code_agentic,1724,0.012735149270157616
conditional-fit-0099,axis3_code_agentic,1725,0.020149537077245636
conditional-fit-0099,axis3_code_agentic,1726,0.05426732787235582
conditional-fit-0099,axis3_code_agentic,1727,0.025226059791771227
conditional-fit-0099,axis3_code_agentic,1728,0.0035651316072340634
conditional-fit-0099,axis3_code_agentic,1729,0.028526009401458947
conditional-fit-0099,axis3_code_agentic,1730,0.006166758946058146
conditional-fit-0099,axis3_code_agentic,1731,0.020969795296359815
conditional-fit-0099,axis3_code_agentic,1732,0.0006227623608996828
conditional-fit-0099,axis3_code_agentic,1733,0.006815782220084627
conditional-fit-0099,axis3_code_agentic,1734,0.011002981964085447
conditional-fit-0099,axis3_code_agentic,1735,0.007861197702203504
conditional-fit-0099,axis3_code_agentic,1736,4.35204643694323e-05
conditional-fit-0099,axis3_code_agentic,1737,0.04642590377515901
conditional-fit-0099,axis3_code_agentic,1738,0.021090685920848545
conditional-fit-0099,axis3_code_agentic,1739,0.016747025471917334
conditional-fit-0099,axis3_code_agentic,1740,0.01624600405496389
conditional-fit-0099,axis3_code_agentic,1741,0.012976887750731476
conditional-fit-0099,axis3_code_agentic,1742,0.03546863651625517
conditional-fit-0099,axis3_code_agentic,1743,0.021429618925772463
conditional-fit-0099,axis3_code_agentic,1744,0.02524360969933086
conditional-fit-0099,axis3_code_agentic,1745,0.02602819618891214
conditional-fit-0099,axis3_code_agentic,1746,0.004638486889705615
conditional-fit-0099,axis3_code_agentic,1747,0.0031418471662802983
conditional-fit-0099,axis3_code_agentic,1748,0.016366235346537528
conditional-fit-0099,axis3_code_agentic,1749,0.015507816326489003
conditional-fit-0099,axis3_code_agentic,1750,0.010306804208651486
conditional-fit-0099,axis3_code_agentic,1751,0.018368591002175607
conditional-fit-0099,axis3_code_agentic,1752,0.02385168569124465
conditional-fit-0099,axis3_code_agentic,1753,0.032916902030409555
conditional-fit-0099,axis3_code_agentic,1754,0.0027700343446603395
conditional-fit-0099,axis3_code_agentic,1755,0.01136231661470657
conditional-fit-0099,axis3_code_agentic,1756,0.01078533902179785
conditional-fit-0099,axis3_code_agentic,1757,0.001247013775421188
conditional-fit-0099,axis3_code_agentic,1758,0.001625006924589843
conditional-fit-0099,axis3_code_agentic,1759,0.0487941443838182
conditional-fit-0099,axis3_code_agentic,1760,0.0009616765516864548
conditional-fit-0099,axis3_code_agentic,1761,0.006138253172479374
conditional-fit-0099,axis3_code_agentic,1762,0.004616760699176157
conditional-fit-0099,axis3_code_agentic,1763,0.039192779616367066
conditional-fit-0099,axis3_code_agentic,1764,0.0027601987373174486
conditional-fit-0099,axis3_code_agentic,1765,0.007448271123243488
conditional-fit-0099,axis3_code_agentic,1766,0.004385845357069824
conditional-fit-0099,axis3_code_agentic,1767,0.010481137715980143
conditional-fit-0099,axis3_code_agentic,1768,3.092140114817194e-05
conditional-fit-0099,axis3_code_agentic,1769,0.012310298349644205
conditional-fit-0099,axis3_code_agentic,1770,0.035969134696884834
conditional-fit-0099,axis3_code_agentic,1771,0.037439337563710706
conditional-fit-0099,axis3_code_agentic,1772,0.013379343775832504
conditional-fit-0099,axis3_code_agentic,1773,6.063065743962514e-05
conditional-fit-0099,axis3_code_agentic,1774,0.04164399494506503
conditional-fit-0099,axis3_code_agentic,1775,0.021038876540087587
conditional-fit-0099,axis3_code_agentic,1776,0.11132959289225218
conditional-fit-0099,axis3_code_agentic,1777,0.14284583896354394
conditional-fit-0099,axis3_code_agentic,1778,0.00012291385444155908
conditional-fit-0099,axis3_code_agentic,1779,0.05279509671031344
conditional-fit-0099,axis3_code_agentic,1780,0.043905642807413346
conditional-fit-0099,axis3_code_agentic,1781,0.007507551605989503
conditional-fit-0099,axis3_code_agentic,1782,0.002154313801090978
conditional-fit-0099,axis3_code_agentic,1783,0.04353159126823504
conditional-fit-0099,axis3_code_agentic,1784,0.03301559691046915
conditional-fit-0099,axis3_code_agentic,1785,0.05664546142891936
conditional-fit-0099,axis3_code_agentic,1786,0.015677828035756156
conditional-fit-0099,axis3_code_agentic,1787,1.5498221663338597e-05
conditional-fit-0099,axis3_code_agentic,1788,0.0022342852641635356
conditional-fit-0099,axis3_code_agentic,1789,0.010143124692923128
conditional-fit-0099,axis3_code_agentic,1790,0.001705774048656053
conditional-fit-0099,axis3_code_agentic,1791,0.01983838859701315
conditional-fit-0099,axis3_code_agentic,1792,0.0021050295603812583
conditional-fit-0099,axis3_code_agentic,1793,0.00019149321097956492
conditional-fit-0099,axis3_code_agentic,1794,0.002781226736503033
conditional-fit-0099,axis3_code_agentic,1795,8.251510675113063e-06
conditional-fit-0099,axis3_code_agentic,1796,0.0003265346257555439
conditional-fit-0099,axis3_code_agentic,1797,0.02193491057752648
conditional-fit-0099,axis3_code_agentic,1798,0.02637790466653496
conditional-fit-0099,axis3_code_agentic,1799,0.010715470006356486
conditional-fit-0099,axis3_code_agentic,1800,0.0002146034259421002
conditional-fit-0099,axis3_code_agentic,1801,0.011897067394041706
conditional-fit-0099,axis3_code_agentic,1802,0.006616656468056047
conditional-fit-0099,axis3_code_agentic,1803,0.004210744955162345
conditional-fit-0099,axis3_code_agentic,1804,1.608639878103325e-05
conditional-fit-0099,axis3_code_agentic,1805,0.011101102748463418
conditional-fit-0099,axis3_code_agentic,1806,0.0027341280430422145
conditional-fit-0099,axis3_code_agentic,1807,0.0017606219725961776
conditional-fit-0099,axis3_code_agentic,1808,0.0381424148402089
conditional-fit-0099,axis3_code_agentic,1809,0.0640426922340153
conditional-fit-0099,axis3_code_agentic,1810,0.0006733384629340237
conditional-fit-0099,axis3_code_agentic,1811,0.032210730160676423
conditional-fit-0099,axis3_code_agentic,1812,0.0016579363657550418
conditional-fit-0099,axis3_code_agentic,1813,0.003828140692808884
conditional-fit-0099,axis3_code_agentic,1814,8.97176918419864e-05
conditional-fit-0099,axis3_code_agentic,1815,0.024432415378434505
conditional-fit-0099,axis3_code_agentic,1816,0.00015800997950299897
conditional-fit-0099,axis3_code_agentic,1817,0.012068969488678433
conditional-fit-0099,axis3_code_agentic,1818,0.027213904362131586
conditional-fit-0099,axis3_code_agentic,1819,0.015490932984537992
conditional-fit-0099,axis3_code_agentic,1820,0.002099817833655051
conditional-fit-0099,axis3_code_agentic,1821,0.028085358152373282
conditional-fit-0099,axis3_code_agentic,1822,0.012146657273156877
conditional-fit-0099,axis3_code_agentic,1823,0.02258798230454212
conditional-fit-0099,axis3_code_agentic,1824,0.0002982440419801462
conditional-fit-0099,axis3_code_agentic,1825,0.000473432826675234
conditional-fit-0099,axis3_code_agentic,1826,0.00020843957273796875
conditional-fit-0099,axis3_code_agentic,1827,0.009529644945839272
conditional-fit-0099,axis3_code_agentic,1828,0.011528291170487
conditional-fit-0099,axis3_code_agentic,1829,1.6567440601437024e-06
conditional-fit-0099,axis3_code_agentic,1830,0.0008612125627119509
conditional-fit-0099,axis3_code_agentic,1831,1.2885411549869629e-05
conditional-fit-0099,axis3_code_agentic,1832,0.008835911298226602
conditional-fit-0099,axis3_code_agentic,1833,0.0004214203402336614
conditional-fit-0099,axis3_code_agentic,1834,0.00034885467848069394
conditional-fit-0099,axis3_code_agentic,1835,0.003313200939408632
conditional-fit-0099,axis3_code_agentic,1836,0.00012401449142905607
conditional-fit-0099,axis3_code_agentic,1837,0.02558866925552729
conditional-fit-0099,axis3_code_agentic,1838,0.00019888019950358706
conditional-fit-0099,axis3_code_agentic,1839,0.00010106515471983202
conditional-fit-0099,axis3_code_agentic,1840,0.014630847085344942
conditional-fit-0099,axis3_code_agentic,1841,0.0003328083343722431
conditional-fit-0099,axis3_code_agentic,1842,0.0020171681675251706
conditional-fit-0099,axis3_code_agentic,1843,0.0006623085265314348
conditional-fit-0099,axis3_code_agentic,1844,0.01122485936702692
conditional-fit-0099,axis3_code_agentic,1845,0.00011661404600495853
conditional-fit-0099,axis3_code_agentic,1846,0.008799068749895687
conditional-fit-0099,axis3_code_agentic,1847,0.022543515015630997
conditional-fit-0099,axis3_code_agentic,1848,9.155812313501303e-05
conditional-fit-0099,axis3_code_agentic,1849,0.03919268197205851
conditional-fit-0099,axis3_code_agentic,1850,0.002212499363932365
conditional-fit-0099,axis3_code_agentic,1851,0.0003398125123806109
conditional-fit-0099,axis3_code_agentic,1852,0.008812793083504425
conditional-fit-0099,axis3_code_agentic,1853,0.026570609669556502
conditional-fit-0099,axis3_code_agentic,1854,0.001675582670704263
conditional-fit-0099,axis3_code_agentic,1855,1.421448932609998e-06
conditional-fit-0099,axis3_code_agentic,1856,0.00036331529608057923
conditional-fit-0099,axis3_code_agentic,1857,0.008902152999081096
conditional-fit-0099,axis3_code_agentic,1858,0.012831583331528406
conditional-fit-0099,axis3_code_agentic,1859,0.0004237436874460666
conditional-fit-0099,axis3_code_agentic,1860,0.029521890984178213
conditional-fit-0099,axis3_code_agentic,1861,0.0011029138894323226
conditional-fit-0099,axis3_code_agentic,1862,4.9370467427986925e-05
conditional-fit-0099,axis3_code_agentic,1863,0.00306614738982922
conditional-fit-0099,axis3_code_agentic,1864,0.010498443586572514
conditional-fit-0099,axis3_code_agentic,1865,1.8344866772049246e-06
conditional-fit-0099,axis3_code_agentic,1866,0.03341392096981507
conditional-fit-0099,axis3_code_agentic,1867,0.012403317744640718
conditional-fit-0099,axis3_code_agentic,1868,0.004185213615205282
conditional-fit-0099,axis3_code_agentic,1869,0.0033208713966697383
conditional-fit-0099,axis3_code_agentic,1870,3.7977003719649487e-06
conditional-fit-0099,axis3_code_agentic,1871,1.410330568892648e-05
conditional-fit-0099,axis3_code_agentic,1872,1.5831464819865854e-05
conditional-fit-0099,axis3_code_agentic,1873,0.0005557258833713522
conditional-fit-0099,axis3_code_agentic,1874,0.042515175488463564
conditional-fit-0099,axis3_code_agentic,1875,5.370749923147719e-07
conditional-fit-0099,axis3_code_agentic,1876,0.0012188063149046132
conditional-fit-0099,axis3_code_agentic,1877,0.00025500720415497593
conditional-fit-0099,axis3_code_agentic,1878,0.015882796921511726
conditional-fit-0099,axis3_code_agentic,1879,0.0052222838427016935
conditional-fit-0099,axis3_code_agentic,1880,0.027073357125642447
conditional-fit-0099,axis3_code_agentic,1881,0.010640088702106615
conditional-fit-0099,axis3_code_agentic,1882,0.015607652867821726
conditional-fit-0099,axis3_code_agentic,1883,8.570972885790837e-06
conditional-fit-0099,axis3_code_agentic,1884,0.0008906262186647207
conditional-fit-0099,axis3_code_agentic,1885,0.0251359358345061
conditional-fit-0099,axis3_code_agentic,1886,0.004440799024010976
conditional-fit-0099,axis3_code_agentic,1887,0.006473098175659296
conditional-fit-0099,axis3_code_agentic,1888,0.00018546283428531814
conditional-fit-0099,axis3_code_agentic,1889,1.4464677295282616e-06
conditional-fit-0099,axis3_code_agentic,1890,0.000175119045555653
conditional-fit-0099,axis3_code_agentic,1891,9.650746426270549e-06
conditional-fit-0099,axis3_code_agentic,1892,0.04721269487566593
conditional-fit-0099,axis3_code_agentic,1893,0.0003810425460682113
conditional-fit-0099,axis3_code_agentic,1894,1.111886780472632e-06
conditional-fit-0099,axis3_code_agentic,1895,0.00013622302312224597
conditional-fit-0099,axis3_code_agentic,1896,2.185009348115223e-05
conditional-fit-0099,axis3_code_agentic,1897,0.004531832418660002
conditional-fit-0099,axis3_code_agentic,1898,0.0007330661854912453
conditional-fit-0099,axis3_code_agentic,1899,3.786842132655066e-05
conditional-fit-0099,axis3_code_agentic,1900,0.0005415437689942277
conditional-fit-0099,axis3_code_agentic,1901,0.008945507440136514
conditional-fit-0099,axis3_code_agentic,1902,0.005023023221943819
conditional-fit-0099,axis3_code_agentic,1903,0.00020957525683271768
conditional-fit-0099,axis3_code_agentic,1904,0.0003341225618119103
conditional-fit-0099,axis3_code_agentic,1905,0.0006142010522377957
conditional-fit-0099,axis3_code_agentic,1906,9.362910676423856e-05
conditional-fit-0099,axis3_code_agentic,1907,0.0001304045543891984
conditional-fit-0099,axis3_code_agentic,1908,1.7908729339539298e-06
conditional-fit-0099,axis3_code_agentic,1909,0.0030227194674849016
conditional-fit-0099,axis3_code_agentic,1910,1.4725754034694852e-05
conditional-fit-0099,axis3_code_agentic,1911,0.007852412948428958
conditional-fit-0099,axis3_code_agentic,1912,0.00023789266523938828
conditional-fit-0099,axis3_code_agentic,1913,1.3553828236916995e-05
conditional-fit-0099,axis3_code_agentic,1914,1.730423884954566e-05
conditional-fit-0099,axis3_code_agentic,1915,8.095262912852831e-06
conditional-fit-0099,axis3_code_agentic,1916,0.001166256055957542
conditional-fit-0099,axis3_code_agentic,1917,9.520974419399697e-05
conditional-fit-0099,axis3_code_agentic,1918,2.0011319390757825e-06
conditional-fit-0099,axis3_code_agentic,1919,3.1200548114744875e-05
conditional-fit-0099,axis3_code_agentic,1920,0.00012821463855219807
conditional-fit-0099,axis3_code_agentic,1921,5.330258017933423e-06
conditional-fit-0099,axis3_code_agentic,1922,0.02220126117056813
conditional-fit-0099,axis3_code_agentic,1923,0.0007001133887525933
conditional-fit-0099,axis3_code_agentic,1924,3.163967415532659e-05
conditional-fit-0099,axis3_code_agentic,1925,0.017517001130682636
conditional-fit-0099,axis3_code_agentic,1926,6.810490018823794e-05
conditional-fit-0099,axis3_code_agentic,1927,0.0024096995995944327
conditional-fit-0099,axis3_code_agentic,1928,0.01657368122720583
conditional-fit-0099,axis3_code_agentic,1929,0.015778861600987657
conditional-fit-0099,axis3_code_agentic,1930,0.00017579924790646123
conditional-fit-0099,axis3_code_agentic,1931,0.00037780304155416973
conditional-fit-0099,axis3_code_agentic,1932,0.0006853827171436126
conditional-fit-0099,axis3_code_agentic,1933,0.002371695004702861
conditional-fit-0099,axis3_code_agentic,1934,0.021769581144435612
conditional-fit-0099,axis3_code_agentic,1935,0.0013721564128416337
conditional-fit-0099,axis3_code_agentic,1936,1.6282636795613234e-05
conditional-fit-0099,axis3_code_agentic,1937,0.007753440678338507
conditional-fit-0099,axis3_code_agentic,1938,1.675243792620576e-06
conditional-fit-0099,axis3_code_agentic,1939,0.0006789837204722386
conditional-fit-0099,axis3_code_agentic,1940,0.012314057841550752
conditional-fit-0099,axis3_code_agentic,1941,0.06549732519285144
conditional-fit-0099,axis3_code_agentic,1942,0.000565738646368298
conditional-fit-0099,axis3_code_agentic,1943,0.01679528304663208
conditional-fit-0099,axis3_code_agentic,1944,0.04209282090053051
conditional-fit-0099,axis3_code_agentic,1945,0.04308451329643486
conditional-fit-0099,axis3_code_agentic,1946,0.016030716197912073
conditional-fit-0099,axis3_code_agentic,1947,0.007041890116410578
conditional-fit-0099,axis3_code_agentic,1948,0.006281756684855494
conditional-fit-0099,axis3_code_agentic,1949,0.010001873168359925
conditional-fit-0099,axis3_code_agentic,1950,0.011001602529188399
conditional-fit-0099,axis3_code_agentic,1951,0.00014807932555353754
conditional-fit-0099,axis3_code_agentic,1952,0.0009240863900462524
conditional-fit-0099,axis3_code_agentic,1953,2.7426551043469394e-06
conditional-fit-0099,axis3_code_agentic,1954,0.0008511774177028517
conditional-fit-0099,axis3_code_agentic,1955,0.01582755483042156
conditional-fit-0099,axis3_code_agentic,1956,0.03318871511982635
conditional-fit-0099,axis3_code_agentic,1957,0.07095165467174717
conditional-fit-0099,axis3_code_agentic,1958,0.00031129923976404587
conditional-fit-0099,axis3_code_agentic,1959,0.01287356462302578
conditional-fit-0099,axis3_code_agentic,1960,0.004163837284796961
conditional-fit-0099,axis3_code_agentic,1961,0.08830924670874593
conditional-fit-0099,axis3_code_agentic,1962,0.03356885649480869
conditional-fit-0099,axis3_code_agentic,1963,0.004682726015196672
conditional-fit-0099,axis3_code_agentic,1964,0.0030780350884135623
conditional-fit-0099,axis3_code_agentic,1965,0.0006627595965666137
conditional-fit-0099,axis3_code_agentic,1966,3.703412949412104e-06
conditional-fit-0099,axis3_code_agentic,1967,0.014480969564565474
conditional-fit-0099,axis3_code_agentic,1968,0.01915899416124474
conditional-fit-0099,axis3_code_agentic,1969,0.021533332581729337
conditional-fit-0099,axis3_code_agentic,1970,0.0329033788738424
conditional-fit-0099,axis3_code_agentic,1971,0.010361942984818677
conditional-fit-0099,axis3_code_agentic,1972,0.03210503085662987
conditional-fit-0099,axis3_code_agentic,1973,0.004436212965269477
conditional-fit-0099,axis3_code_agentic,1974,0.003043196076806138
conditional-fit-0099,axis3_code_agentic,1975,4.320302980032398e-05
conditional-fit-0099,axis3_code_agentic,1976,0.007668016446350749
conditional-fit-0099,axis3_code_agentic,1977,0.024763847727161975
conditional-fit-0099,axis3_code_agentic,1978,0.003708709010833742
conditional-fit-0099,axis3_code_agentic,1979,0.0002896526211960802
conditional-fit-0099,axis3_code_agentic,1980,1.3470587583657841e-05
conditional-fit-0099,axis3_code_agentic,1981,0.0009671749789596623
conditional-fit-0099,axis3_code_agentic,1982,0.005343160141807484
conditional-fit-0099,axis3_code_agentic,1983,0.00837359363256724
conditional-fit-0099,axis3_code_agentic,1984,0.0065091336715803715
conditional-fit-0099,axis3_code_agentic,1985,0.003207391683110226
conditional-fit-0099,axis3_code_agentic,1986,2.2879909185018378e-05
conditional-fit-0099,axis3_code_agentic,1987,0.006589210364100755
conditional-fit-0099,axis3_code_agentic,1988,0.012201220745084587
conditional-fit-0099,axis3_code_agentic,1989,0.0025497275730651647
conditional-fit-0099,axis3_code_agentic,1990,0.002898345180925261
conditional-fit-0099,axis3_code_agentic,1991,0.016166146359161207
conditional-fit-0099,axis3_code_agentic,1992,0.0016936611433194164
conditional-fit-0099,axis3_code_agentic,1993,0.02669687346238422
conditional-fit-0099,axis3_code_agentic,1994,0.0023468637014317376
conditional-fit-0099,axis3_code_agentic,1995,0.01751198301804977
conditional-fit-0099,axis3_code_agentic,1996,0.0003369889229766197
conditional-fit-0099,axis3_code_agentic,1997,0.0033515260407172794
conditional-fit-0099,axis3_code_agentic,1998,0.003440997060409073
conditional-fit-0099,axis3_code_agentic,1999,0.006958233092172987
conditional-fit-0099,axis3_code_agentic,2000,1.804617514826917e-06
conditional-fit-0099,axis3_code_agentic,2001,0.00038943659920044133
conditional-fit-0099,axis3_code_agentic,2002,0.029148613002722715
conditional-fit-0099,axis3_code_agentic,2003,0.002807775060221134
conditional-fit-0099,axis3_code_agentic,2004,0.001650748411221769
conditional-fit-0099,axis3_code_agentic,2005,0.0002970958407903365
conditional-fit-0099,axis3_code_agentic,2006,0.024972780581526223
conditional-fit-0099,axis3_code_agentic,2007,0.012265751048898675
conditional-fit-0099,axis3_code_agentic,2008,0.006515183281155683
conditional-fit-0099,axis3_code_agentic,2009,0.0025757133144639027
conditional-fit-0099,axis3_code_agentic,2010,0.014885586046535594
conditional-fit-0099,axis3_code_agentic,2011,0.024095286980875517
conditional-fit-0099,axis3_code_agentic,2012,0.006962837014542957
conditional-fit-0099,axis3_code_agentic,2013,0.005184701361866231
conditional-fit-0099,axis3_code_agentic,2014,0.0015412515965563495
conditional-fit-0099,axis3_code_agentic,2015,0.002414062043395519
conditional-fit-0099,axis3_code_agentic,2016,5.617879119050255e-06
conditional-fit-0099,axis3_code_agentic,2017,0.003786417935081294
conditional-fit-0099,axis3_code_agentic,2018,0.0024413662369139767
conditional-fit-0099,axis3_code_agentic,2019,0.024809211599629892
conditional-fit-0099,axis3_code_agentic,2020,0.04628088686156938
conditional-fit-0099,axis3_code_agentic,2021,0.0015679548749619444
conditional-fit-0099,axis3_code_agentic,2022,0.00024145865221126325
conditional-fit-0099,axis3_code_agentic,2023,0.04310890452232743
conditional-fit-0099,axis3_code_agentic,2024,0.009478025545707612
conditional-fit-0099,axis3_code_agentic,2025,0.002339235962089653
conditional-fit-0099,axis3_code_agentic,2026,0.010769029458726397
conditional-fit-0099,axis3_code_agentic,2027,0.004959458164420109
conditional-fit-0099,axis3_code_agentic,2028,0.026918142929834066
conditional-fit-0099,axis3_code_agentic,2029,0.00571789905886539
conditional-fit-0099,axis3_code_agentic,2030,0.0031594839824780883
conditional-fit-0099,axis3_code_agentic,2031,0.0003200218332801807
conditional-fit-0099,axis3_code_agentic,2032,0.00012075125342205276
conditional-fit-0099,axis3_code_agentic,2033,0.025147072443919175
conditional-fit-0099,axis3_code_agentic,2034,0.0022600852021287506
conditional-fit-0099,axis3_code_agentic,2035,0.033059819483042346
conditional-fit-0099,axis3_code_agentic,2036,0.005708711025482232
conditional-fit-0099,axis3_code_agentic,2037,0.015653080395965482
conditional-fit-0099,axis3_code_agentic,2038,0.0021101461031731864
conditional-fit-0099,axis3_code_agentic,2039,0.005018261858045492
conditional-fit-0099,axis3_code_agentic,2040,1.764390934145524e-06
conditional-fit-0099,axis3_code_agentic,2041,0.011006973926359315
conditional-fit-0099,axis3_code_agentic,2042,0.02270016113475526
conditional-fit-0099,axis3_code_agentic,2043,0.0031911806027456156
conditional-fit-0099,axis3_code_agentic,2044,0.00010887942579483549
conditional-fit-0099,axis3_code_agentic,2045,1.637436649146075e-05
conditional-fit-0099,axis3_code_agentic,2046,3.276850194221255e-05
